<?xml version="1.0" encoding="UTF-8"?>
<PeakList>
  <PeakList1D>
    <PeakList1DHeader creator="nmr" date="2021-08-11T15:30:19.292+03:00" expNo="10" name="ID-427-C-11.8.21" owner="" procNo="1" source="//132.72.8.180/400b/Milo/Milo">
      <PeakPickDetails>F1=16.136700ppm, F2=-3.892346ppm, MI=0.00cm, MAXI=10000.00cm, PC=1.000
      </PeakPickDetails>
    </PeakList1DHeader>
    <Peak1D F1="13.374447" intensity="1.741732e-003" type="0"/>
    <Peak1D F1="13.292197" intensity="1.676301e-003" type="0"/>
    <Peak1D F1="11.403727" intensity="1.688627e-003" type="0"/>
    <Peak1D F1="10.336187" intensity="1.725996e-003" type="0"/>
    <Peak1D F1="10.311256" intensity="7.808613e-003" type="0"/>
    <Peak1D F1="10.305348" intensity="6.029596e-003" type="0"/>
    <Peak1D F1="10.244788" intensity="1.774802e-003" type="0"/>
    <Peak1D F1="10.191511" intensity="4.805227e-003" type="0"/>
    <Peak1D F1="10.145816" intensity="2.520891e-002" type="0"/>
    <Peak1D F1="10.140721" intensity="2.044767e-002" type="0"/>
    <Peak1D F1="10.134236" intensity="2.248973e-002" type="0"/>
    <Peak1D F1="10.121225" intensity="2.132012e-002" type="0"/>
    <Peak1D F1="10.095824" intensity="8.834074e-001" type="0"/>
    <Peak1D F1="10.090618" intensity="1.214677e+000" type="0"/>
    <Peak1D F1="10.084424" intensity="8.800035e-001" type="0"/>
    <Peak1D F1="10.063759" intensity="7.933610e-003" type="0"/>
    <Peak1D F1="10.058628" intensity="9.607280e-003" type="0"/>
    <Peak1D F1="10.053050" intensity="8.289046e-003" type="0"/>
    <Peak1D F1="10.046192" intensity="2.020404e-002" type="0"/>
    <Peak1D F1="10.040565" intensity="1.499516e-002" type="0"/>
    <Peak1D F1="10.034213" intensity="1.594055e-002" type="0"/>
    <Peak1D F1="9.863886" intensity="5.969486e-003" type="0"/>
    <Peak1D F1="9.039396" intensity="1.743438e-003" type="0"/>
    <Peak1D F1="8.574555" intensity="2.045935e-003" type="0"/>
    <Peak1D F1="8.547650" intensity="6.445986e-003" type="0"/>
    <Peak1D F1="8.525688" intensity="5.963866e-003" type="0"/>
    <Peak1D F1="8.454043" intensity="3.943633e-003" type="0"/>
    <Peak1D F1="8.389248" intensity="2.445786e-002" type="0"/>
    <Peak1D F1="8.384304" intensity="2.358292e-002" type="0"/>
    <Peak1D F1="8.375974" intensity="2.624272e-002" type="0"/>
    <Peak1D F1="8.367113" intensity="3.655929e-002" type="0"/>
    <Peak1D F1="8.353959" intensity="5.028955e-002" type="0"/>
    <Peak1D F1="8.339147" intensity="6.768531e-001" type="0"/>
    <Peak1D F1="8.333499" intensity="9.453360e-001" type="0"/>
    <Peak1D F1="8.326932" intensity="7.542055e-001" type="0"/>
    <Peak1D F1="8.321939" intensity="4.926224e-001" type="0"/>
    <Peak1D F1="8.317265" intensity="9.072578e-001" type="0"/>
    <Peak1D F1="8.311870" intensity="1.040748e+000" type="0"/>
    <Peak1D F1="8.304959" intensity="7.049196e-001" type="0"/>
    <Peak1D F1="8.289789" intensity="2.661578e-002" type="0"/>
    <Peak1D F1="8.284158" intensity="2.130932e-002" type="0"/>
    <Peak1D F1="8.276318" intensity="1.944311e-002" type="0"/>
    <Peak1D F1="8.267529" intensity="2.238529e-002" type="0"/>
    <Peak1D F1="8.261839" intensity="1.800502e-002" type="0"/>
    <Peak1D F1="8.254706" intensity="1.836069e-002" type="0"/>
    <Peak1D F1="8.223148" intensity="2.008687e-002" type="0"/>
    <Peak1D F1="8.210420" intensity="2.286584e-002" type="0"/>
    <Peak1D F1="8.205584" intensity="2.199756e-002" type="0"/>
    <Peak1D F1="8.198979" intensity="2.463694e-002" type="0"/>
    <Peak1D F1="8.192482" intensity="2.307536e-002" type="0"/>
    <Peak1D F1="8.177020" intensity="2.936047e-002" type="0"/>
    <Peak1D F1="8.148692" intensity="3.657138e-001" type="0"/>
    <Peak1D F1="8.142173" intensity="4.986145e-001" type="0"/>
    <Peak1D F1="8.137046" intensity="3.612920e-001" type="0"/>
    <Peak1D F1="8.133645" intensity="4.629965e-001" type="0"/>
    <Peak1D F1="8.126861" intensity="4.887506e-001" type="0"/>
    <Peak1D F1="8.120153" intensity="5.459937e-001" type="0"/>
    <Peak1D F1="8.111838" intensity="3.788060e-001" type="0"/>
    <Peak1D F1="8.078388" intensity="3.709026e-002" type="0"/>
    <Peak1D F1="8.075368" intensity="3.930163e-002" type="0"/>
    <Peak1D F1="8.070292" intensity="3.824786e-002" type="0"/>
    <Peak1D F1="8.057940" intensity="3.834800e-002" type="0"/>
    <Peak1D F1="8.053201" intensity="4.014673e-002" type="0"/>
    <Peak1D F1="8.048129" intensity="4.237220e-002" type="0"/>
    <Peak1D F1="8.030004" intensity="8.785435e-001" type="0"/>
    <Peak1D F1="8.025435" intensity="1.448082e+000" type="0"/>
    <Peak1D F1="8.020512" intensity="1.197859e+000" type="0"/>
    <Peak1D F1="8.015409" intensity="3.806008e-001" type="0"/>
    <Peak1D F1="8.013136" intensity="3.484463e-001" type="0"/>
    <Peak1D F1="8.008079" intensity="9.840437e-001" type="0"/>
    <Peak1D F1="8.003366" intensity="1.266034e+000" type="0"/>
    <Peak1D F1="7.998437" intensity="8.084843e-001" type="0"/>
    <Peak1D F1="7.993396" intensity="1.227697e-001" type="0"/>
    <Peak1D F1="7.980106" intensity="2.546163e-002" type="0"/>
    <Peak1D F1="7.975248" intensity="2.341315e-002" type="0"/>
    <Peak1D F1="7.970324" intensity="2.165329e-002" type="0"/>
    <Peak1D F1="7.964401" intensity="1.062203e-002" type="0"/>
    <Peak1D F1="7.958123" intensity="2.023172e-002" type="0"/>
    <Peak1D F1="7.953169" intensity="1.773527e-002" type="0"/>
    <Peak1D F1="7.948319" intensity="1.501957e-002" type="0"/>
    <Peak1D F1="7.927472" intensity="3.568845e-003" type="0"/>
    <Peak1D F1="7.911291" intensity="4.191484e-003" type="0"/>
    <Peak1D F1="7.865570" intensity="1.779160e-003" type="0"/>
    <Peak1D F1="7.813932" intensity="6.057101e-003" type="0"/>
    <Peak1D F1="7.795910" intensity="5.352686e-003" type="0"/>
    <Peak1D F1="7.686723" intensity="4.325501e-003" type="0"/>
    <Peak1D F1="7.659363" intensity="4.820963e-003" type="0"/>
    <Peak1D F1="7.614527" intensity="9.182440e-003" type="0"/>
    <Peak1D F1="7.588917" intensity="1.190072e-002" type="0"/>
    <Peak1D F1="7.566924" intensity="1.060944e-002" type="0"/>
    <Peak1D F1="7.559653" intensity="9.941595e-003" type="0"/>
    <Peak1D F1="7.531933" intensity="2.282340e-002" type="0"/>
    <Peak1D F1="7.526816" intensity="2.285685e-002" type="0"/>
    <Peak1D F1="7.508262" intensity="4.520475e-002" type="0"/>
    <Peak1D F1="7.504031" intensity="4.645594e-002" type="0"/>
    <Peak1D F1="7.486876" intensity="4.405541e-001" type="0"/>
    <Peak1D F1="7.482153" intensity="6.529796e-001" type="0"/>
    <Peak1D F1="7.477520" intensity="5.531746e-001" type="0"/>
    <Peak1D F1="7.471543" intensity="2.438505e-001" type="0"/>
    <Peak1D F1="7.464927" intensity="4.808744e-001" type="0"/>
    <Peak1D F1="7.460729" intensity="5.908108e-001" type="0"/>
    <Peak1D F1="7.455629" intensity="4.281288e-001" type="0"/>
    <Peak1D F1="7.415325" intensity="1.661127e-002" type="0"/>
    <Peak1D F1="7.404532" intensity="1.504146e-002" type="0"/>
    <Peak1D F1="7.370648" intensity="1.480039e-002" type="0"/>
    <Peak1D F1="7.331141" intensity="2.709879e-002" type="0"/>
    <Peak1D F1="7.310452" intensity="2.467545e-002" type="0"/>
    <Peak1D F1="7.280881" intensity="2.450283e-001" type="0"/>
    <Peak1D F1="7.260821" intensity="2.223504e-001" type="0"/>
    <Peak1D F1="7.255659" intensity="2.127075e-001" type="0"/>
    <Peak1D F1="7.231637" intensity="1.144347e+001" type="0"/>
    <Peak1D F1="7.212049" intensity="4.073166e-002" type="0"/>
    <Peak1D F1="7.204282" intensity="2.198633e-002" type="0"/>
    <Peak1D F1="7.181046" intensity="1.846348e-001" type="0"/>
    <Peak1D F1="7.156501" intensity="4.401667e-003" type="0"/>
    <Peak1D F1="7.148549" intensity="2.924491e-003" type="0"/>
    <Peak1D F1="7.133648" intensity="4.290370e-003" type="0"/>
    <Peak1D F1="7.131709" intensity="4.032949e-003" type="0"/>
    <Peak1D F1="6.966994" intensity="6.106217e-002" type="0"/>
    <Peak1D F1="6.886075" intensity="3.376914e-003" type="0"/>
    <Peak1D F1="6.871594" intensity="3.929557e-003" type="0"/>
    <Peak1D F1="6.851723" intensity="4.992988e-003" type="0"/>
    <Peak1D F1="6.805849" intensity="3.659801e-002" type="0"/>
    <Peak1D F1="6.799301" intensity="4.357805e-002" type="0"/>
    <Peak1D F1="6.789841" intensity="5.222683e-002" type="0"/>
    <Peak1D F1="6.783696" intensity="6.748068e-002" type="0"/>
    <Peak1D F1="6.776767" intensity="7.174641e-002" type="0"/>
    <Peak1D F1="6.767238" intensity="5.732050e-002" type="0"/>
    <Peak1D F1="6.761186" intensity="4.529569e-002" type="0"/>
    <Peak1D F1="6.754047" intensity="3.451790e-002" type="0"/>
    <Peak1D F1="6.744620" intensity="2.287821e-002" type="0"/>
    <Peak1D F1="6.728143" intensity="1.889641e-003" type="0"/>
    <Peak1D F1="6.325306" intensity="2.091349e-003" type="0"/>
    <Peak1D F1="6.237599" intensity="2.304449e-003" type="0"/>
    <Peak1D F1="6.222254" intensity="1.907275e-003" type="0"/>
    <Peak1D F1="6.207667" intensity="5.874534e-003" type="0"/>
    <Peak1D F1="6.201899" intensity="6.210393e-003" type="0"/>
    <Peak1D F1="6.106055" intensity="2.589473e-002" type="0"/>
    <Peak1D F1="6.059859" intensity="6.379948e-002" type="0"/>
    <Peak1D F1="6.052996" intensity="5.807218e-002" type="0"/>
    <Peak1D F1="6.044902" intensity="6.426377e-002" type="0"/>
    <Peak1D F1="6.009720" intensity="1.146556e+000" type="0"/>
    <Peak1D F1="6.003113" intensity="1.492298e+000" type="0"/>
    <Peak1D F1="5.994848" intensity="1.122069e+000" type="0"/>
    <Peak1D F1="5.959896" intensity="3.667155e-002" type="0"/>
    <Peak1D F1="5.953226" intensity="2.719215e-002" type="0"/>
    <Peak1D F1="5.944823" intensity="2.812562e-002" type="0"/>
    <Peak1D F1="5.933222" intensity="1.946225e-002" type="0"/>
    <Peak1D F1="5.920720" intensity="1.745250e-002" type="0"/>
    <Peak1D F1="5.884192" intensity="1.946442e-003" type="0"/>
    <Peak1D F1="5.801215" intensity="5.151917e-003" type="0"/>
    <Peak1D F1="5.774219" intensity="2.560020e-003" type="0"/>
    <Peak1D F1="5.419755" intensity="5.905903e-003" type="0"/>
    <Peak1D F1="5.377307" intensity="2.533210e-003" type="0"/>
    <Peak1D F1="5.343991" intensity="2.425719e-002" type="0"/>
    <Peak1D F1="5.262090" intensity="3.539185e-003" type="0"/>
    <Peak1D F1="5.000251" intensity="2.137096e-003" type="0"/>
    <Peak1D F1="4.979940" intensity="2.080708e-003" type="0"/>
    <Peak1D F1="4.889616" intensity="5.435670e-003" type="0"/>
    <Peak1D F1="4.871029" intensity="1.028405e-002" type="0"/>
    <Peak1D F1="4.849480" intensity="1.255571e-002" type="0"/>
    <Peak1D F1="4.821270" intensity="4.535871e-001" type="0"/>
    <Peak1D F1="4.799242" intensity="4.645509e-001" type="0"/>
    <Peak1D F1="4.770739" intensity="1.175094e-002" type="0"/>
    <Peak1D F1="4.749424" intensity="2.125150e-002" type="0"/>
    <Peak1D F1="4.700634" intensity="4.688692e-001" type="0"/>
    <Peak1D F1="4.652061" intensity="1.138205e-002" type="0"/>
    <Peak1D F1="4.616175" intensity="4.246977e-003" type="0"/>
    <Peak1D F1="4.051288" intensity="2.372645e-003" type="0"/>
    <Peak1D F1="4.033191" intensity="2.968082e-003" type="0"/>
    <Peak1D F1="3.873778" intensity="1.796502e-002" type="0"/>
    <Peak1D F1="3.867530" intensity="2.460834e-002" type="0"/>
    <Peak1D F1="3.859977" intensity="1.833987e-002" type="0"/>
    <Peak1D F1="3.807041" intensity="1.957761e-002" type="0"/>
    <Peak1D F1="3.800919" intensity="2.418309e-002" type="0"/>
    <Peak1D F1="3.797351" intensity="1.958259e-002" type="0"/>
    <Peak1D F1="3.793491" intensity="2.312036e-002" type="0"/>
    <Peak1D F1="3.790089" intensity="1.517804e-002" type="0"/>
    <Peak1D F1="3.782666" intensity="1.407584e-002" type="0"/>
    <Peak1D F1="3.774748" intensity="1.207932e-002" type="0"/>
    <Peak1D F1="3.746303" intensity="9.938686e-002" type="0"/>
    <Peak1D F1="3.740034" intensity="7.722232e-002" type="0"/>
    <Peak1D F1="3.732430" intensity="8.991413e-002" type="0"/>
    <Peak1D F1="3.696260" intensity="3.433369e+000" type="0"/>
    <Peak1D F1="3.690080" intensity="4.676936e+000" type="0"/>
    <Peak1D F1="3.682509" intensity="3.453423e+000" type="0"/>
    <Peak1D F1="3.646496" intensity="8.183023e-002" type="0"/>
    <Peak1D F1="3.640013" intensity="6.198146e-002" type="0"/>
    <Peak1D F1="3.632445" intensity="6.916764e-002" type="0"/>
    <Peak1D F1="3.614543" intensity="5.609088e-003" type="0"/>
    <Peak1D F1="3.600982" intensity="3.388837e-003" type="0"/>
    <Peak1D F1="3.591758" intensity="2.811311e-003" type="0"/>
    <Peak1D F1="3.548874" intensity="1.937293e-003" type="0"/>
    <Peak1D F1="3.514003" intensity="1.906400e-002" type="0"/>
    <Peak1D F1="3.507766" intensity="2.486733e-002" type="0"/>
    <Peak1D F1="3.500243" intensity="1.790791e-002" type="0"/>
    <Peak1D F1="3.311055" intensity="4.003623e-003" type="0"/>
    <Peak1D F1="3.303793" intensity="3.321510e-003" type="0"/>
    <Peak1D F1="3.286631" intensity="4.138370e-003" type="0"/>
    <Peak1D F1="3.243304" intensity="3.973189e-003" type="0"/>
    <Peak1D F1="3.222993" intensity="4.451974e-003" type="0"/>
    <Peak1D F1="3.208773" intensity="3.744551e-003" type="0"/>
    <Peak1D F1="2.881750" intensity="1.934505e-003" type="0"/>
    <Peak1D F1="2.753754" intensity="5.734353e-003" type="0"/>
    <Peak1D F1="2.738246" intensity="5.426854e-003" type="0"/>
    <Peak1D F1="2.647396" intensity="1.795237e-003" type="0"/>
    <Peak1D F1="2.637067" intensity="2.209434e-003" type="0"/>
    <Peak1D F1="2.552668" intensity="3.063743e-003" type="0"/>
    <Peak1D F1="2.492234" intensity="6.153094e-003" type="0"/>
    <Peak1D F1="2.409185" intensity="8.207043e-002" type="0"/>
    <Peak1D F1="2.399604" intensity="9.655669e-002" type="0"/>
    <Peak1D F1="2.392742" intensity="1.012029e-001" type="0"/>
    <Peak1D F1="2.376918" intensity="1.558614e-001" type="0"/>
    <Peak1D F1="2.356274" intensity="3.047887e-001" type="0"/>
    <Peak1D F1="2.347405" intensity="2.669795e-001" type="0"/>
    <Peak1D F1="2.335218" intensity="2.346555e-001" type="0"/>
    <Peak1D F1="2.326088" intensity="2.351823e-001" type="0"/>
    <Peak1D F1="2.305194" intensity="1.214725e-001" type="0"/>
    <Peak1D F1="2.248911" intensity="1.161805e-001" type="0"/>
    <Peak1D F1="2.241935" intensity="1.131936e-001" type="0"/>
    <Peak1D F1="2.232491" intensity="1.246789e-001" type="0"/>
    <Peak1D F1="2.224566" intensity="1.249091e-001" type="0"/>
    <Peak1D F1="2.213995" intensity="1.241942e-001" type="0"/>
    <Peak1D F1="2.209769" intensity="1.468311e-001" type="0"/>
    <Peak1D F1="2.205200" intensity="1.695884e-001" type="0"/>
    <Peak1D F1="2.201977" intensity="1.802763e-001" type="0"/>
    <Peak1D F1="2.197218" intensity="1.841900e-001" type="0"/>
    <Peak1D F1="2.191711" intensity="1.908274e-001" type="0"/>
    <Peak1D F1="2.183609" intensity="2.159680e-001" type="0"/>
    <Peak1D F1="2.175673" intensity="2.403969e-001" type="0"/>
    <Peak1D F1="2.164829" intensity="2.796782e-001" type="0"/>
    <Peak1D F1="2.143380" intensity="5.521364e-001" type="0"/>
    <Peak1D F1="2.106877" intensity="5.740009e+000" type="0"/>
    <Peak1D F1="2.099564" intensity="7.821847e+000" type="0"/>
    <Peak1D F1="2.093640" intensity="1.229891e+001" type="0"/>
    <Peak1D F1="2.087685" intensity="1.455907e+001" type="0"/>
    <Peak1D F1="2.080898" intensity="1.241120e+001" type="0"/>
    <Peak1D F1="2.076145" intensity="9.369656e+000" type="0"/>
    <Peak1D F1="2.071291" intensity="7.297977e+000" type="0"/>
    <Peak1D F1="2.069189" intensity="7.602492e+000" type="0"/>
    <Peak1D F1="2.063553" intensity="4.811221e+000" type="0"/>
    <Peak1D F1="2.061984" intensity="4.794507e+000" type="0"/>
    <Peak1D F1="2.048338" intensity="7.288185e-001" type="0"/>
    <Peak1D F1="2.044835" intensity="7.321395e-001" type="0"/>
    <Peak1D F1="2.030986" intensity="4.485889e-001" type="0"/>
    <Peak1D F1="2.011635" intensity="2.051949e-001" type="0"/>
    <Peak1D F1="2.002820" intensity="1.485061e-001" type="0"/>
    <Peak1D F1="1.987473" intensity="1.798261e-001" type="0"/>
    <Peak1D F1="1.950295" intensity="5.990525e-001" type="0"/>
    <Peak1D F1="1.942543" intensity="8.129187e-001" type="0"/>
    <Peak1D F1="1.927684" intensity="1.434234e+000" type="0"/>
    <Peak1D F1="1.922459" intensity="1.873871e+000" type="0"/>
    <Peak1D F1="1.911795" intensity="5.347646e+000" type="0"/>
    <Peak1D F1="1.906503" intensity="7.783985e+000" type="0"/>
    <Peak1D F1="1.900745" intensity="1.029834e+001" type="0"/>
    <Peak1D F1="1.892954" intensity="1.393832e+001" type="0"/>
    <Peak1D F1="1.887680" intensity="1.500000e+001" type="0"/>
    <Peak1D F1="1.881338" intensity="1.335393e+001" type="0"/>
    <Peak1D F1="1.876292" intensity="7.543684e+000" type="0"/>
    <Peak1D F1="1.874355" intensity="7.108931e+000" type="0"/>
    <Peak1D F1="1.870279" intensity="6.221596e+000" type="0"/>
    <Peak1D F1="1.863807" intensity="3.323086e+000" type="0"/>
    <Peak1D F1="1.862692" intensity="3.297480e+000" type="0"/>
    <Peak1D F1="1.851106" intensity="8.278522e-001" type="0"/>
    <Peak1D F1="1.844163" intensity="6.234548e-001" type="0"/>
    <Peak1D F1="1.831496" intensity="3.926661e-001" type="0"/>
    <Peak1D F1="1.812093" intensity="1.424276e-001" type="0"/>
    <Peak1D F1="1.756936" intensity="5.654295e-002" type="0"/>
    <Peak1D F1="1.736480" intensity="9.665531e-002" type="0"/>
    <Peak1D F1="1.732479" intensity="9.642284e-002" type="0"/>
    <Peak1D F1="1.720692" intensity="1.592688e-001" type="0"/>
    <Peak1D F1="1.715272" intensity="1.564803e-001" type="0"/>
    <Peak1D F1="1.700380" intensity="2.657962e-001" type="0"/>
    <Peak1D F1="1.678900" intensity="3.701365e-001" type="0"/>
    <Peak1D F1="1.661909" intensity="2.453824e-001" type="0"/>
    <Peak1D F1="1.657717" intensity="2.463309e-001" type="0"/>
    <Peak1D F1="1.652026" intensity="1.851480e-001" type="0"/>
    <Peak1D F1="1.646908" intensity="1.433515e-001" type="0"/>
    <Peak1D F1="1.642352" intensity="1.277924e-001" type="0"/>
    <Peak1D F1="1.636312" intensity="9.864068e-002" type="0"/>
    <Peak1D F1="1.630404" intensity="7.123720e-002" type="0"/>
    <Peak1D F1="1.624361" intensity="5.198589e-002" type="0"/>
    <Peak1D F1="1.620711" intensity="4.636423e-002" type="0"/>
    <Peak1D F1="1.615101" intensity="4.647960e-002" type="0"/>
    <Peak1D F1="1.609408" intensity="3.630939e-002" type="0"/>
    <Peak1D F1="1.590233" intensity="2.269531e-002" type="0"/>
    <Peak1D F1="1.531923" intensity="7.444034e-002" type="0"/>
    <Peak1D F1="1.512584" intensity="1.315780e-001" type="0"/>
    <Peak1D F1="1.494088" intensity="1.365972e-001" type="0"/>
    <Peak1D F1="1.483023" intensity="1.183922e-001" type="0"/>
    <Peak1D F1="1.463710" intensity="1.025594e-001" type="0"/>
    <Peak1D F1="1.445609" intensity="3.589233e-002" type="0"/>
    <Peak1D F1="1.435128" intensity="2.669417e-002" type="0"/>
    <Peak1D F1="1.399512" intensity="7.947001e-003" type="0"/>
    <Peak1D F1="1.354099" intensity="6.849603e-003" type="0"/>
    <Peak1D F1="1.300532" intensity="7.051963e-003" type="0"/>
    <Peak1D F1="1.227610" intensity="2.547790e-002" type="0"/>
    <Peak1D F1="1.181463" intensity="5.225439e-002" type="0"/>
    <Peak1D F1="1.131558" intensity="5.462699e-003" type="0"/>
    <Peak1D F1="1.094518" intensity="3.178278e-003" type="0"/>
    <Peak1D F1="1.059753" intensity="2.863837e-003" type="0"/>
    <Peak1D F1="1.039627" intensity="2.770756e-003" type="0"/>
    <Peak1D F1="1.033073" intensity="2.546445e-003" type="0"/>
    <Peak1D F1="1.020079" intensity="3.170099e-003" type="0"/>
    <Peak1D F1="0.987820" intensity="3.362362e-003" type="0"/>
    <Peak1D F1="0.934542" intensity="2.664541e-003" type="0"/>
    <Peak1D F1="0.854159" intensity="2.785389e-003" type="0"/>
    <Peak1D F1="0.803652" intensity="2.171335e-002" type="0"/>
    <Peak1D F1="0.796774" intensity="1.933196e-002" type="0"/>
    <Peak1D F1="0.178464" intensity="3.865226e-003" type="0"/>
    <Peak1D F1="0.076775" intensity="3.985189e-003" type="0"/>
    <Peak1D F1="0.069732" intensity="3.396287e-003" type="0"/>
    <Peak1D F1="0.004678" intensity="7.161930e-002" type="0"/>
    <Peak1D F1="-0.000151" intensity="9.466262e-002" type="0"/>
    <Peak1D F1="-0.005522" intensity="6.861693e-002" type="0"/>
    <Peak1D F1="-0.027260" intensity="2.597461e-003" type="0"/>
    <Peak1D F1="-0.052011" intensity="2.610753e-003" type="0"/>
    <Peak1D F1="-3.335605" intensity="1.688624e-003" type="0"/>
  </PeakList1D>
</PeakList>
