<?xml version="1.0" encoding="UTF-8"?>
<PeakList>
  <PeakList1D>
    <PeakList1DHeader creator="nmr" date="2021-04-13T18:30:20.890+03:00" expNo="10" name="ID-341-Crude-13.4.21" owner="" procNo="1" source="//132.72.8.180/400b/Milo/Milo">
      <PeakPickDetails>F1=16.101210ppm, F2=-3.927835ppm, MI=0.00cm, MAXI=10000.00cm, PC=1.000
      </PeakPickDetails>
    </PeakList1DHeader>
    <Peak1D F1="13.005826" intensity="2.903257e-003" type="0"/>
    <Peak1D F1="10.094602" intensity="4.393863e-003" type="0"/>
    <Peak1D F1="8.417130" intensity="4.377875e-003" type="0"/>
    <Peak1D F1="8.396359" intensity="4.597080e-003" type="0"/>
    <Peak1D F1="8.370356" intensity="9.659617e-003" type="0"/>
    <Peak1D F1="8.364173" intensity="1.168238e-002" type="0"/>
    <Peak1D F1="8.347325" intensity="1.170526e-002" type="0"/>
    <Peak1D F1="8.341448" intensity="1.296851e-002" type="0"/>
    <Peak1D F1="8.319738" intensity="8.622624e-003" type="0"/>
    <Peak1D F1="8.269179" intensity="1.981242e-002" type="0"/>
    <Peak1D F1="8.247043" intensity="3.189366e-002" type="0"/>
    <Peak1D F1="8.229155" intensity="1.726567e-001" type="0"/>
    <Peak1D F1="8.224502" intensity="8.372445e-002" type="0"/>
    <Peak1D F1="8.207734" intensity="2.807345e-001" type="0"/>
    <Peak1D F1="8.187921" intensity="2.407506e-001" type="0"/>
    <Peak1D F1="8.180622" intensity="1.023826e-001" type="0"/>
    <Peak1D F1="8.173874" intensity="1.398715e-001" type="0"/>
    <Peak1D F1="8.163992" intensity="4.534021e-001" type="0"/>
    <Peak1D F1="8.158133" intensity="2.162954e+000" type="0"/>
    <Peak1D F1="8.152601" intensity="1.244002e+000" type="0"/>
    <Peak1D F1="8.147101" intensity="4.782830e-001" type="0"/>
    <Peak1D F1="8.141081" intensity="8.259907e-001" type="0"/>
    <Peak1D F1="8.136090" intensity="2.294285e+000" type="0"/>
    <Peak1D F1="8.130087" intensity="9.837169e-001" type="0"/>
    <Peak1D F1="8.112370" intensity="1.350342e-001" type="0"/>
    <Peak1D F1="8.108097" intensity="8.530761e-002" type="0"/>
    <Peak1D F1="8.101068" intensity="5.110149e-002" type="0"/>
    <Peak1D F1="8.090778" intensity="1.339927e-001" type="0"/>
    <Peak1D F1="8.086198" intensity="5.075878e-002" type="0"/>
    <Peak1D F1="8.080482" intensity="2.133463e-002" type="0"/>
    <Peak1D F1="8.069080" intensity="7.208098e-003" type="0"/>
    <Peak1D F1="8.061654" intensity="7.136610e-003" type="0"/>
    <Peak1D F1="8.045912" intensity="7.600549e-003" type="0"/>
    <Peak1D F1="8.029115" intensity="5.500745e-003" type="0"/>
    <Peak1D F1="8.021321" intensity="8.253357e-003" type="0"/>
    <Peak1D F1="7.999624" intensity="3.240932e-003" type="0"/>
    <Peak1D F1="7.983807" intensity="3.760541e-003" type="0"/>
    <Peak1D F1="7.962627" intensity="3.632933e-003" type="0"/>
    <Peak1D F1="7.943155" intensity="1.026243e-002" type="0"/>
    <Peak1D F1="7.927240" intensity="1.206719e-002" type="0"/>
    <Peak1D F1="7.920543" intensity="1.309641e-002" type="0"/>
    <Peak1D F1="7.884163" intensity="1.675801e-001" type="0"/>
    <Peak1D F1="7.876650" intensity="1.688047e-001" type="0"/>
    <Peak1D F1="7.871978" intensity="6.759884e-002" type="0"/>
    <Peak1D F1="7.862520" intensity="1.783257e-001" type="0"/>
    <Peak1D F1="7.854947" intensity="1.678316e-001" type="0"/>
    <Peak1D F1="7.832875" intensity="1.268149e-002" type="0"/>
    <Peak1D F1="7.810838" intensity="1.243126e-002" type="0"/>
    <Peak1D F1="7.803604" intensity="1.113357e-002" type="0"/>
    <Peak1D F1="7.782380" intensity="5.112324e-003" type="0"/>
    <Peak1D F1="7.760412" intensity="4.391510e-003" type="0"/>
    <Peak1D F1="7.739867" intensity="5.224141e-003" type="0"/>
    <Peak1D F1="7.728103" intensity="4.088133e-003" type="0"/>
    <Peak1D F1="7.680453" intensity="1.716031e-002" type="0"/>
    <Peak1D F1="7.667766" intensity="3.445444e-002" type="0"/>
    <Peak1D F1="7.662206" intensity="2.933615e-002" type="0"/>
    <Peak1D F1="7.644503" intensity="8.845809e-002" type="0"/>
    <Peak1D F1="7.639195" intensity="5.781423e-002" type="0"/>
    <Peak1D F1="7.631984" intensity="1.501135e-001" type="0"/>
    <Peak1D F1="7.627146" intensity="1.123998e-001" type="0"/>
    <Peak1D F1="7.622685" intensity="8.202468e-002" type="0"/>
    <Peak1D F1="7.610545" intensity="1.394513e-001" type="0"/>
    <Peak1D F1="7.595079" intensity="2.453000e-002" type="0"/>
    <Peak1D F1="7.587142" intensity="3.226668e-002" type="0"/>
    <Peak1D F1="7.575269" intensity="2.231385e-002" type="0"/>
    <Peak1D F1="7.561718" intensity="3.052669e-002" type="0"/>
    <Peak1D F1="7.543474" intensity="1.612219e-001" type="0"/>
    <Peak1D F1="7.521704" intensity="1.657560e-001" type="0"/>
    <Peak1D F1="7.509465" intensity="1.145272e-001" type="0"/>
    <Peak1D F1="7.502610" intensity="1.256358e-001" type="0"/>
    <Peak1D F1="7.492474" intensity="2.016507e-001" type="0"/>
    <Peak1D F1="7.485928" intensity="3.701121e-001" type="0"/>
    <Peak1D F1="7.480081" intensity="1.967484e+000" type="0"/>
    <Peak1D F1="7.475348" intensity="6.928751e-001" type="0"/>
    <Peak1D F1="7.470044" intensity="2.954113e-001" type="0"/>
    <Peak1D F1="7.462277" intensity="1.180349e+000" type="0"/>
    <Peak1D F1="7.458312" intensity="1.964771e+000" type="0"/>
    <Peak1D F1="7.452616" intensity="3.280921e-001" type="0"/>
    <Peak1D F1="7.440721" intensity="5.482371e-001" type="0"/>
    <Peak1D F1="7.434130" intensity="1.175705e-001" type="0"/>
    <Peak1D F1="7.412654" intensity="2.366057e-002" type="0"/>
    <Peak1D F1="7.408381" intensity="3.632785e-002" type="0"/>
    <Peak1D F1="7.391150" intensity="1.081114e-002" type="0"/>
    <Peak1D F1="7.322844" intensity="1.441548e-002" type="0"/>
    <Peak1D F1="7.293516" intensity="5.858057e-003" type="0"/>
    <Peak1D F1="7.272334" intensity="1.219194e-002" type="0"/>
    <Peak1D F1="7.254325" intensity="1.481551e-002" type="0"/>
    <Peak1D F1="7.246223" intensity="6.644842e-002" type="0"/>
    <Peak1D F1="7.225241" intensity="2.243755e-002" type="0"/>
    <Peak1D F1="7.219223" intensity="2.523580e-002" type="0"/>
    <Peak1D F1="7.196181" intensity="3.933855e+000" type="0"/>
    <Peak1D F1="7.187321" intensity="8.694718e-002" type="0"/>
    <Peak1D F1="7.146326" intensity="5.741447e-002" type="0"/>
    <Peak1D F1="6.958909" intensity="1.256770e-001" type="0"/>
    <Peak1D F1="6.954181" intensity="4.581790e-002" type="0"/>
    <Peak1D F1="6.937232" intensity="1.237359e-001" type="0"/>
    <Peak1D F1="6.932071" intensity="4.888026e-002" type="0"/>
    <Peak1D F1="6.917146" intensity="4.406445e-002" type="0"/>
    <Peak1D F1="6.911781" intensity="1.722114e-001" type="0"/>
    <Peak1D F1="6.897640" intensity="1.908008e-001" type="0"/>
    <Peak1D F1="6.890146" intensity="1.746956e-001" type="0"/>
    <Peak1D F1="6.881182" intensity="8.209107e-002" type="0"/>
    <Peak1D F1="6.875980" intensity="1.683574e-001" type="0"/>
    <Peak1D F1="6.868029" intensity="1.198830e-001" type="0"/>
    <Peak1D F1="6.862837" intensity="5.548781e-002" type="0"/>
    <Peak1D F1="6.846492" intensity="9.748779e-002" type="0"/>
    <Peak1D F1="6.830113" intensity="6.701364e-003" type="0"/>
    <Peak1D F1="6.706189" intensity="5.108123e-002" type="0"/>
    <Peak1D F1="6.692596" intensity="7.500947e-003" type="0"/>
    <Peak1D F1="6.670770" intensity="4.614994e-003" type="0"/>
    <Peak1D F1="6.221124" intensity="7.817392e-003" type="0"/>
    <Peak1D F1="6.215295" intensity="1.359977e-002" type="0"/>
    <Peak1D F1="6.210176" intensity="1.047356e-002" type="0"/>
    <Peak1D F1="6.166384" intensity="3.785752e-003" type="0"/>
    <Peak1D F1="6.116654" intensity="6.357171e-002" type="0"/>
    <Peak1D F1="6.066928" intensity="8.450119e-002" type="0"/>
    <Peak1D F1="6.016869" intensity="5.001172e+000" type="0"/>
    <Peak1D F1="6.008049" intensity="1.539942e-001" type="0"/>
    <Peak1D F1="5.990854" intensity="5.311486e-003" type="0"/>
    <Peak1D F1="5.967012" intensity="7.449747e-002" type="0"/>
    <Peak1D F1="5.932097" intensity="1.005249e-002" type="0"/>
    <Peak1D F1="5.920024" intensity="1.037134e-002" type="0"/>
    <Peak1D F1="5.820303" intensity="6.332857e-003" type="0"/>
    <Peak1D F1="5.815234" intensity="1.073166e-002" type="0"/>
    <Peak1D F1="5.809618" intensity="7.812087e-003" type="0"/>
    <Peak1D F1="5.785673" intensity="6.338396e-002" type="0"/>
    <Peak1D F1="5.778374" intensity="6.297677e-002" type="0"/>
    <Peak1D F1="5.631088" intensity="6.682226e-002" type="0"/>
    <Peak1D F1="5.604269" intensity="6.748502e-002" type="0"/>
    <Peak1D F1="5.568566" intensity="4.170387e-003" type="0"/>
    <Peak1D F1="5.541577" intensity="4.988490e-003" type="0"/>
    <Peak1D F1="5.531111" intensity="5.267090e-003" type="0"/>
    <Peak1D F1="5.507232" intensity="4.700522e-003" type="0"/>
    <Peak1D F1="5.492064" intensity="3.022555e-002" type="0"/>
    <Peak1D F1="5.486474" intensity="3.171172e-002" type="0"/>
    <Peak1D F1="5.469490" intensity="2.041134e-002" type="0"/>
    <Peak1D F1="5.463608" intensity="2.049311e-002" type="0"/>
    <Peak1D F1="5.439061" intensity="3.905779e-003" type="0"/>
    <Peak1D F1="5.415339" intensity="1.234556e-002" type="0"/>
    <Peak1D F1="5.398610" intensity="8.966007e-003" type="0"/>
    <Peak1D F1="5.356446" intensity="2.583880e-001" type="0"/>
    <Peak1D F1="5.349116" intensity="2.557846e-001" type="0"/>
    <Peak1D F1="5.313392" intensity="7.204608e-003" type="0"/>
    <Peak1D F1="5.298603" intensity="8.002416e-003" type="0"/>
    <Peak1D F1="5.286561" intensity="6.326130e-003" type="0"/>
    <Peak1D F1="5.258536" intensity="5.000990e-003" type="0"/>
    <Peak1D F1="5.231011" intensity="8.608707e-002" type="0"/>
    <Peak1D F1="5.185961" intensity="3.033744e-003" type="0"/>
    <Peak1D F1="5.163288" intensity="3.366982e-003" type="0"/>
    <Peak1D F1="4.969293" intensity="7.531059e-003" type="0"/>
    <Peak1D F1="4.947319" intensity="9.123587e-003" type="0"/>
    <Peak1D F1="4.890311" intensity="1.163083e-002" type="0"/>
    <Peak1D F1="4.872851" intensity="2.069800e-002" type="0"/>
    <Peak1D F1="4.856867" intensity="4.969880e-002" type="0"/>
    <Peak1D F1="4.835794" intensity="5.421589e-002" type="0"/>
    <Peak1D F1="4.817533" intensity="3.845493e-002" type="0"/>
    <Peak1D F1="4.790708" intensity="9.964331e-001" type="0"/>
    <Peak1D F1="4.767872" intensity="1.015262e+000" type="0"/>
    <Peak1D F1="4.740560" intensity="5.483003e-002" type="0"/>
    <Peak1D F1="4.717897" intensity="7.692908e-002" type="0"/>
    <Peak1D F1="4.685139" intensity="9.868721e-002" type="0"/>
    <Peak1D F1="4.607643" intensity="2.849070e-002" type="0"/>
    <Peak1D F1="4.584931" intensity="1.948849e-002" type="0"/>
    <Peak1D F1="4.513270" intensity="7.178113e-003" type="0"/>
    <Peak1D F1="4.402479" intensity="4.072830e-003" type="0"/>
    <Peak1D F1="4.394269" intensity="3.272743e-003" type="0"/>
    <Peak1D F1="4.383392" intensity="3.863448e-003" type="0"/>
    <Peak1D F1="4.374035" intensity="3.538713e-003" type="0"/>
    <Peak1D F1="4.328493" intensity="2.813639e-003" type="0"/>
    <Peak1D F1="4.004866" intensity="5.380084e-003" type="0"/>
    <Peak1D F1="3.970180" intensity="1.008568e-002" type="0"/>
    <Peak1D F1="3.947196" intensity="7.925788e-003" type="0"/>
    <Peak1D F1="3.922994" intensity="6.199812e-003" type="0"/>
    <Peak1D F1="3.877814" intensity="9.219234e-002" type="0"/>
    <Peak1D F1="3.844334" intensity="3.352027e-002" type="0"/>
    <Peak1D F1="3.827530" intensity="5.488411e-001" type="0"/>
    <Peak1D F1="3.811234" intensity="2.463930e-001" type="0"/>
    <Peak1D F1="3.805541" intensity="8.320978e-002" type="0"/>
    <Peak1D F1="3.796576" intensity="7.594587e-001" type="0"/>
    <Peak1D F1="3.792333" intensity="7.477098e-001" type="0"/>
    <Peak1D F1="3.778741" intensity="1.768288e-001" type="0"/>
    <Peak1D F1="3.773055" intensity="2.874120e-001" type="0"/>
    <Peak1D F1="3.769624" intensity="3.580096e-001" type="0"/>
    <Peak1D F1="3.750457" intensity="2.686300e-001" type="0"/>
    <Peak1D F1="3.745625" intensity="1.736428e-001" type="0"/>
    <Peak1D F1="3.723100" intensity="1.286338e-001" type="0"/>
    <Peak1D F1="3.700397" intensity="1.500000e+001" type="0"/>
    <Peak1D F1="3.691428" intensity="4.337068e-001" type="0"/>
    <Peak1D F1="3.673739" intensity="2.941966e-002" type="0"/>
    <Peak1D F1="3.650558" intensity="2.347759e-001" type="0"/>
    <Peak1D F1="3.614288" intensity="4.849789e-003" type="0"/>
    <Peak1D F1="3.603546" intensity="3.726234e-003" type="0"/>
    <Peak1D F1="3.568549" intensity="2.756266e-003" type="0"/>
    <Peak1D F1="3.518142" intensity="7.702397e-002" type="0"/>
    <Peak1D F1="3.169626" intensity="3.346761e-003" type="0"/>
    <Peak1D F1="3.152239" intensity="3.486443e-003" type="0"/>
    <Peak1D F1="2.983967" intensity="3.016250e-003" type="0"/>
    <Peak1D F1="2.977561" intensity="2.766500e-003" type="0"/>
    <Peak1D F1="2.961668" intensity="7.344313e-003" type="0"/>
    <Peak1D F1="2.954531" intensity="7.317815e-003" type="0"/>
    <Peak1D F1="2.942921" intensity="1.294165e-002" type="0"/>
    <Peak1D F1="2.936447" intensity="1.181721e-002" type="0"/>
    <Peak1D F1="2.924641" intensity="8.542622e-003" type="0"/>
    <Peak1D F1="2.918537" intensity="8.612032e-003" type="0"/>
    <Peak1D F1="2.780789" intensity="7.176814e-003" type="0"/>
    <Peak1D F1="2.759074" intensity="1.097766e-002" type="0"/>
    <Peak1D F1="2.732915" intensity="2.430134e-002" type="0"/>
    <Peak1D F1="2.712220" intensity="3.268014e-002" type="0"/>
    <Peak1D F1="2.692816" intensity="2.298080e-002" type="0"/>
    <Peak1D F1="2.639097" intensity="1.953291e-002" type="0"/>
    <Peak1D F1="2.619819" intensity="2.568961e-002" type="0"/>
    <Peak1D F1="2.599689" intensity="2.584144e-002" type="0"/>
    <Peak1D F1="2.582914" intensity="2.485971e-002" type="0"/>
    <Peak1D F1="2.577255" intensity="2.582380e-002" type="0"/>
    <Peak1D F1="2.560897" intensity="2.819391e-002" type="0"/>
    <Peak1D F1="2.540686" intensity="2.734932e-002" type="0"/>
    <Peak1D F1="2.515154" intensity="2.817159e-002" type="0"/>
    <Peak1D F1="2.504774" intensity="2.674646e-002" type="0"/>
    <Peak1D F1="2.496127" intensity="3.045426e-002" type="0"/>
    <Peak1D F1="2.485413" intensity="2.859469e-002" type="0"/>
    <Peak1D F1="2.474908" intensity="3.031581e-002" type="0"/>
    <Peak1D F1="2.437767" intensity="2.247592e-001" type="0"/>
    <Peak1D F1="2.433215" intensity="2.442007e-001" type="0"/>
    <Peak1D F1="2.416781" intensity="2.415738e-001" type="0"/>
    <Peak1D F1="2.412010" intensity="2.904914e-001" type="0"/>
    <Peak1D F1="2.388416" intensity="3.248643e-001" type="0"/>
    <Peak1D F1="2.384502" intensity="3.112878e-001" type="0"/>
    <Peak1D F1="2.380306" intensity="2.444587e-001" type="0"/>
    <Peak1D F1="2.375175" intensity="1.578111e-001" type="0"/>
    <Peak1D F1="2.367936" intensity="2.758818e-001" type="0"/>
    <Peak1D F1="2.363674" intensity="3.522615e-001" type="0"/>
    <Peak1D F1="2.359222" intensity="2.227359e-001" type="0"/>
    <Peak1D F1="2.350569" intensity="2.455002e-001" type="0"/>
    <Peak1D F1="2.343465" intensity="1.165023e-001" type="0"/>
    <Peak1D F1="2.327710" intensity="3.554547e-001" type="0"/>
    <Peak1D F1="2.320323" intensity="2.338952e-001" type="0"/>
    <Peak1D F1="2.316773" intensity="2.383953e-001" type="0"/>
    <Peak1D F1="2.307817" intensity="3.457002e-001" type="0"/>
    <Peak1D F1="2.304067" intensity="2.903440e-001" type="0"/>
    <Peak1D F1="2.297315" intensity="3.627358e-001" type="0"/>
    <Peak1D F1="2.294022" intensity="2.791705e-001" type="0"/>
    <Peak1D F1="2.287120" intensity="1.620101e-001" type="0"/>
    <Peak1D F1="2.277501" intensity="2.118025e-001" type="0"/>
    <Peak1D F1="2.252801" intensity="3.571555e-001" type="0"/>
    <Peak1D F1="2.237073" intensity="1.045811e-001" type="0"/>
    <Peak1D F1="2.230728" intensity="3.975797e-001" type="0"/>
    <Peak1D F1="2.226374" intensity="3.905125e-001" type="0"/>
    <Peak1D F1="2.203852" intensity="5.214825e-001" type="0"/>
    <Peak1D F1="2.196864" intensity="1.078194e-001" type="0"/>
    <Peak1D F1="2.182523" intensity="2.936369e-001" type="0"/>
    <Peak1D F1="2.177650" intensity="3.031600e-001" type="0"/>
    <Peak1D F1="2.171584" intensity="1.049114e-001" type="0"/>
    <Peak1D F1="2.166093" intensity="1.229653e-001" type="0"/>
    <Peak1D F1="2.155307" intensity="3.715025e-001" type="0"/>
    <Peak1D F1="2.146697" intensity="2.980304e-001" type="0"/>
    <Peak1D F1="2.133980" intensity="3.078510e-001" type="0"/>
    <Peak1D F1="2.116280" intensity="2.978292e+000" type="0"/>
    <Peak1D F1="2.108193" intensity="2.359359e+000" type="0"/>
    <Peak1D F1="2.106070" intensity="2.445612e+000" type="0"/>
    <Peak1D F1="2.096675" intensity="9.330979e+000" type="0"/>
    <Peak1D F1="2.085160" intensity="2.653562e+000" type="0"/>
    <Peak1D F1="2.077915" intensity="4.610496e+000" type="0"/>
    <Peak1D F1="2.070182" intensity="8.202223e-001" type="0"/>
    <Peak1D F1="2.061976" intensity="3.581936e-001" type="0"/>
    <Peak1D F1="2.057004" intensity="2.816557e-001" type="0"/>
    <Peak1D F1="2.053119" intensity="2.622443e-001" type="0"/>
    <Peak1D F1="2.050887" intensity="2.557395e-001" type="0"/>
    <Peak1D F1="2.047067" intensity="2.818587e-001" type="0"/>
    <Peak1D F1="2.040420" intensity="2.457333e-001" type="0"/>
    <Peak1D F1="2.028337" intensity="1.475306e-001" type="0"/>
    <Peak1D F1="2.020871" intensity="8.921862e-002" type="0"/>
    <Peak1D F1="1.990841" intensity="1.692216e-001" type="0"/>
    <Peak1D F1="1.986831" intensity="2.053731e-001" type="0"/>
    <Peak1D F1="1.982110" intensity="1.863891e-001" type="0"/>
    <Peak1D F1="1.978718" intensity="1.813386e-001" type="0"/>
    <Peak1D F1="1.973080" intensity="2.518535e-001" type="0"/>
    <Peak1D F1="1.969903" intensity="2.617068e-001" type="0"/>
    <Peak1D F1="1.965032" intensity="3.212432e-001" type="0"/>
    <Peak1D F1="1.959382" intensity="4.140145e-001" type="0"/>
    <Peak1D F1="1.954726" intensity="4.141822e-001" type="0"/>
    <Peak1D F1="1.948083" intensity="4.474948e-001" type="0"/>
    <Peak1D F1="1.941595" intensity="5.730752e-001" type="0"/>
    <Peak1D F1="1.937235" intensity="4.990610e-001" type="0"/>
    <Peak1D F1="1.932301" intensity="6.798595e-001" type="0"/>
    <Peak1D F1="1.925676" intensity="7.333851e-001" type="0"/>
    <Peak1D F1="1.920547" intensity="7.896850e-001" type="0"/>
    <Peak1D F1="1.910681" intensity="4.666655e+000" type="0"/>
    <Peak1D F1="1.899252" intensity="3.840636e+000" type="0"/>
    <Peak1D F1="1.891085" intensity="9.916452e+000" type="0"/>
    <Peak1D F1="1.882416" intensity="3.456510e+000" type="0"/>
    <Peak1D F1="1.880044" intensity="3.617271e+000" type="0"/>
    <Peak1D F1="1.871556" intensity="3.045705e+000" type="0"/>
    <Peak1D F1="1.860349" intensity="4.207944e-001" type="0"/>
    <Peak1D F1="1.854144" intensity="2.267901e-001" type="0"/>
    <Peak1D F1="1.849589" intensity="2.387563e-001" type="0"/>
    <Peak1D F1="1.841331" intensity="2.321289e-001" type="0"/>
    <Peak1D F1="1.830310" intensity="1.077822e-001" type="0"/>
    <Peak1D F1="1.821569" intensity="9.123719e-002" type="0"/>
    <Peak1D F1="1.793366" intensity="4.061518e-002" type="0"/>
    <Peak1D F1="1.787833" intensity="4.014142e-002" type="0"/>
    <Peak1D F1="1.759957" intensity="5.157847e-002" type="0"/>
    <Peak1D F1="1.744653" intensity="1.239180e-001" type="0"/>
    <Peak1D F1="1.728997" intensity="1.664841e-001" type="0"/>
    <Peak1D F1="1.723694" intensity="1.674551e-001" type="0"/>
    <Peak1D F1="1.716324" intensity="1.898020e-001" type="0"/>
    <Peak1D F1="1.712899" intensity="1.407200e-001" type="0"/>
    <Peak1D F1="1.707695" intensity="2.314402e-001" type="0"/>
    <Peak1D F1="1.700658" intensity="3.096431e-001" type="0"/>
    <Peak1D F1="1.696645" intensity="2.861834e-001" type="0"/>
    <Peak1D F1="1.686303" intensity="2.763466e-001" type="0"/>
    <Peak1D F1="1.679672" intensity="7.701700e-001" type="0"/>
    <Peak1D F1="1.673415" intensity="4.489052e-001" type="0"/>
    <Peak1D F1="1.670267" intensity="4.840978e-001" type="0"/>
    <Peak1D F1="1.666094" intensity="3.689713e-001" type="0"/>
    <Peak1D F1="1.662464" intensity="4.225969e-001" type="0"/>
    <Peak1D F1="1.658333" intensity="6.020998e-001" type="0"/>
    <Peak1D F1="1.655691" intensity="6.415562e-001" type="0"/>
    <Peak1D F1="1.650751" intensity="5.621558e-001" type="0"/>
    <Peak1D F1="1.639111" intensity="4.359018e-001" type="0"/>
    <Peak1D F1="1.634710" intensity="4.210683e-001" type="0"/>
    <Peak1D F1="1.624064" intensity="2.258088e-001" type="0"/>
    <Peak1D F1="1.618964" intensity="2.401520e-001" type="0"/>
    <Peak1D F1="1.599460" intensity="8.093764e-002" type="0"/>
    <Peak1D F1="1.589462" intensity="6.587667e-002" type="0"/>
    <Peak1D F1="1.584967" intensity="6.438147e-002" type="0"/>
    <Peak1D F1="1.564003" intensity="5.902558e-002" type="0"/>
    <Peak1D F1="1.534688" intensity="2.150578e-001" type="0"/>
    <Peak1D F1="1.518988" intensity="1.596668e-001" type="0"/>
    <Peak1D F1="1.512312" intensity="1.833854e-001" type="0"/>
    <Peak1D F1="1.504983" intensity="2.458803e-001" type="0"/>
    <Peak1D F1="1.500456" intensity="3.282717e-001" type="0"/>
    <Peak1D F1="1.492918" intensity="1.488016e-001" type="0"/>
    <Peak1D F1="1.482821" intensity="3.979141e-001" type="0"/>
    <Peak1D F1="1.470155" intensity="2.684862e-001" type="0"/>
    <Peak1D F1="1.453446" intensity="2.608894e-001" type="0"/>
    <Peak1D F1="1.440819" intensity="6.293485e-002" type="0"/>
    <Peak1D F1="1.435487" intensity="8.095609e-002" type="0"/>
    <Peak1D F1="1.423196" intensity="9.058401e-002" type="0"/>
    <Peak1D F1="1.402650" intensity="2.330056e-002" type="0"/>
    <Peak1D F1="1.385577" intensity="1.833089e-002" type="0"/>
    <Peak1D F1="1.362959" intensity="2.230427e-002" type="0"/>
    <Peak1D F1="1.339587" intensity="3.127256e-002" type="0"/>
    <Peak1D F1="1.323572" intensity="2.667862e-002" type="0"/>
    <Peak1D F1="1.316019" intensity="2.630302e-002" type="0"/>
    <Peak1D F1="1.308839" intensity="2.464652e-002" type="0"/>
    <Peak1D F1="1.291673" intensity="2.064188e-002" type="0"/>
    <Peak1D F1="1.268417" intensity="2.298578e-002" type="0"/>
    <Peak1D F1="1.233029" intensity="3.359987e-002" type="0"/>
    <Peak1D F1="1.183358" intensity="9.355768e-002" type="0"/>
    <Peak1D F1="1.120586" intensity="5.752541e-003" type="0"/>
    <Peak1D F1="1.106725" intensity="5.431217e-003" type="0"/>
    <Peak1D F1="1.043470" intensity="3.343982e-003" type="0"/>
    <Peak1D F1="0.890288" intensity="3.104750e-003" type="0"/>
    <Peak1D F1="0.865041" intensity="3.798484e-003" type="0"/>
    <Peak1D F1="0.826411" intensity="1.383812e-002" type="0"/>
    <Peak1D F1="0.812791" intensity="2.276552e-002" type="0"/>
    <Peak1D F1="0.809509" intensity="2.258826e-002" type="0"/>
    <Peak1D F1="0.791750" intensity="1.146389e-002" type="0"/>
    <Peak1D F1="0.494341" intensity="2.832751e-003" type="0"/>
    <Peak1D F1="0.470567" intensity="2.730924e-003" type="0"/>
    <Peak1D F1="0.426976" intensity="2.890362e-003" type="0"/>
    <Peak1D F1="0.372260" intensity="2.876803e-003" type="0"/>
    <Peak1D F1="0.321663" intensity="2.814897e-003" type="0"/>
    <Peak1D F1="0.049619" intensity="5.020996e-003" type="0"/>
    <Peak1D F1="0.024425" intensity="3.630307e-003" type="0"/>
    <Peak1D F1="-0.000149" intensity="2.409170e-001" type="0"/>
    <Peak1D F1="-0.009356" intensity="1.377292e-002" type="0"/>
    <Peak1D F1="-0.049727" intensity="3.839861e-003" type="0"/>
    <Peak1D F1="-3.137032" intensity="2.675703e-003" type="0"/>
    <Peak1D F1="-3.380694" intensity="2.942440e-003" type="0"/>
  </PeakList1D>
</PeakList>
