<?xml version="1.0" encoding="UTF-8"?>
<PeakList>
  <PeakList1D>
    <PeakList1DHeader creator="nmr" date="2021-10-26T23:55:39.003+03:00" expNo="20" name="ID-450-B-26.10.21" owner="" procNo="1" source="//132.72.8.180/400b/Milo/Milo">
      <PeakPickDetails>F1=16.100719ppm, F2=-3.928326ppm, MI=0.00cm, MAXI=10000.00cm, PC=1.000
      </PeakPickDetails>
    </PeakList1DHeader>
    <Peak1D F1="12.391822" intensity="2.788394e-003" type="0"/>
    <Peak1D F1="10.141994" intensity="3.009171e-003" type="0"/>
    <Peak1D F1="10.092579" intensity="1.770318e-001" type="0"/>
    <Peak1D F1="10.043483" intensity="3.515520e-003" type="0"/>
    <Peak1D F1="9.521568" intensity="2.733830e-003" type="0"/>
    <Peak1D F1="8.571503" intensity="2.648263e-003" type="0"/>
    <Peak1D F1="8.493996" intensity="2.847207e-003" type="0"/>
    <Peak1D F1="8.470357" intensity="2.817133e-003" type="0"/>
    <Peak1D F1="8.415958" intensity="3.792892e-003" type="0"/>
    <Peak1D F1="8.389377" intensity="6.189598e-003" type="0"/>
    <Peak1D F1="8.369512" intensity="1.696885e-002" type="0"/>
    <Peak1D F1="8.362771" intensity="1.543420e-002" type="0"/>
    <Peak1D F1="8.340748" intensity="1.303473e-001" type="0"/>
    <Peak1D F1="8.319127" intensity="1.379649e-001" type="0"/>
    <Peak1D F1="8.291305" intensity="9.153455e-003" type="0"/>
    <Peak1D F1="8.269547" intensity="1.260279e-002" type="0"/>
    <Peak1D F1="8.249043" intensity="2.372001e-002" type="0"/>
    <Peak1D F1="8.244204" intensity="2.198324e-002" type="0"/>
    <Peak1D F1="8.227150" intensity="3.978344e-002" type="0"/>
    <Peak1D F1="8.212582" intensity="1.486952e-001" type="0"/>
    <Peak1D F1="8.207127" intensity="1.452788e-001" type="0"/>
    <Peak1D F1="8.190634" intensity="1.777185e-001" type="0"/>
    <Peak1D F1="8.185015" intensity="1.531206e-001" type="0"/>
    <Peak1D F1="8.175540" intensity="1.021078e-001" type="0"/>
    <Peak1D F1="8.162432" intensity="5.526592e-001" type="0"/>
    <Peak1D F1="8.156779" intensity="3.753143e+000" type="0"/>
    <Peak1D F1="8.152040" intensity="1.402752e+000" type="0"/>
    <Peak1D F1="8.139534" intensity="1.306991e+000" type="0"/>
    <Peak1D F1="8.134918" intensity="3.977844e+000" type="0"/>
    <Peak1D F1="8.128987" intensity="7.688152e-001" type="0"/>
    <Peak1D F1="8.106862" intensity="7.013280e-002" type="0"/>
    <Peak1D F1="8.084971" intensity="6.773487e-002" type="0"/>
    <Peak1D F1="8.049523" intensity="7.060254e-003" type="0"/>
    <Peak1D F1="8.025318" intensity="2.314804e-002" type="0"/>
    <Peak1D F1="8.020087" intensity="1.492933e-001" type="0"/>
    <Peak1D F1="8.015453" intensity="4.987469e-002" type="0"/>
    <Peak1D F1="8.002930" intensity="4.300258e-002" type="0"/>
    <Peak1D F1="7.998382" intensity="1.278357e-001" type="0"/>
    <Peak1D F1="7.947321" intensity="1.309064e-002" type="0"/>
    <Peak1D F1="7.942684" intensity="1.076610e-002" type="0"/>
    <Peak1D F1="7.926129" intensity="1.428974e-002" type="0"/>
    <Peak1D F1="7.919540" intensity="1.528377e-002" type="0"/>
    <Peak1D F1="7.899261" intensity="3.447584e-003" type="0"/>
    <Peak1D F1="7.881215" intensity="3.461830e-003" type="0"/>
    <Peak1D F1="7.858724" intensity="4.786791e-003" type="0"/>
    <Peak1D F1="7.680133" intensity="1.470152e-002" type="0"/>
    <Peak1D F1="7.660824" intensity="1.729744e-002" type="0"/>
    <Peak1D F1="7.640959" intensity="1.081053e-002" type="0"/>
    <Peak1D F1="7.608468" intensity="2.777972e-002" type="0"/>
    <Peak1D F1="7.594442" intensity="2.096575e-002" type="0"/>
    <Peak1D F1="7.586541" intensity="2.855627e-002" type="0"/>
    <Peak1D F1="7.570854" intensity="2.090479e-002" type="0"/>
    <Peak1D F1="7.547765" intensity="3.080883e-002" type="0"/>
    <Peak1D F1="7.527967" intensity="1.806677e-001" type="0"/>
    <Peak1D F1="7.505351" intensity="2.679606e-001" type="0"/>
    <Peak1D F1="7.479494" intensity="3.716131e+000" type="0"/>
    <Peak1D F1="7.475111" intensity="1.268987e+000" type="0"/>
    <Peak1D F1="7.457642" intensity="3.590078e+000" type="0"/>
    <Peak1D F1="7.444557" intensity="1.514935e-001" type="0"/>
    <Peak1D F1="7.438716" intensity="2.395396e-001" type="0"/>
    <Peak1D F1="7.429922" intensity="9.882151e-002" type="0"/>
    <Peak1D F1="7.407639" intensity="7.166275e-002" type="0"/>
    <Peak1D F1="7.388003" intensity="1.228969e-002" type="0"/>
    <Peak1D F1="7.381007" intensity="1.237366e-002" type="0"/>
    <Peak1D F1="7.347468" intensity="1.331120e-002" type="0"/>
    <Peak1D F1="7.330329" intensity="2.763015e-002" type="0"/>
    <Peak1D F1="7.322865" intensity="2.631700e-002" type="0"/>
    <Peak1D F1="7.315909" intensity="3.624133e-002" type="0"/>
    <Peak1D F1="7.310578" intensity="4.191772e-002" type="0"/>
    <Peak1D F1="7.300835" intensity="3.082393e-002" type="0"/>
    <Peak1D F1="7.295935" intensity="4.596723e-002" type="0"/>
    <Peak1D F1="7.290860" intensity="3.912557e-002" type="0"/>
    <Peak1D F1="7.272537" intensity="3.458459e-002" type="0"/>
    <Peak1D F1="7.262163" intensity="2.287730e-002" type="0"/>
    <Peak1D F1="7.253218" intensity="2.980851e-002" type="0"/>
    <Peak1D F1="7.245842" intensity="1.176840e-001" type="0"/>
    <Peak1D F1="7.195825" intensity="6.057288e+000" type="0"/>
    <Peak1D F1="7.145739" intensity="9.690607e-002" type="0"/>
    <Peak1D F1="7.125128" intensity="4.853358e-003" type="0"/>
    <Peak1D F1="7.120306" intensity="4.263359e-003" type="0"/>
    <Peak1D F1="7.104103" intensity="4.955839e-003" type="0"/>
    <Peak1D F1="7.042065" intensity="2.713017e-003" type="0"/>
    <Peak1D F1="7.016004" intensity="3.968670e-003" type="0"/>
    <Peak1D F1="6.999198" intensity="4.936839e-003" type="0"/>
    <Peak1D F1="6.977897" intensity="2.780783e-003" type="0"/>
    <Peak1D F1="6.931754" intensity="3.244934e-002" type="0"/>
    <Peak1D F1="6.886231" intensity="1.655845e-002" type="0"/>
    <Peak1D F1="6.880090" intensity="1.378440e-002" type="0"/>
    <Peak1D F1="6.869574" intensity="2.545143e-002" type="0"/>
    <Peak1D F1="6.863581" intensity="4.111587e-002" type="0"/>
    <Peak1D F1="6.857879" intensity="4.227578e-002" type="0"/>
    <Peak1D F1="6.851902" intensity="4.324843e-002" type="0"/>
    <Peak1D F1="6.837492" intensity="7.915384e-002" type="0"/>
    <Peak1D F1="6.829886" intensity="7.525558e-002" type="0"/>
    <Peak1D F1="6.821656" intensity="7.631937e-002" type="0"/>
    <Peak1D F1="6.815400" intensity="9.631396e-002" type="0"/>
    <Peak1D F1="6.809571" intensity="6.264959e-002" type="0"/>
    <Peak1D F1="6.799100" intensity="3.554928e-002" type="0"/>
    <Peak1D F1="6.793285" intensity="4.117363e-002" type="0"/>
    <Peak1D F1="6.787140" intensity="2.271237e-002" type="0"/>
    <Peak1D F1="6.752488" intensity="3.420192e-003" type="0"/>
    <Peak1D F1="6.748032" intensity="2.648447e-003" type="0"/>
    <Peak1D F1="6.308918" intensity="4.885437e-003" type="0"/>
    <Peak1D F1="6.289860" intensity="5.162968e-003" type="0"/>
    <Peak1D F1="6.220448" intensity="6.410165e-003" type="0"/>
    <Peak1D F1="6.215359" intensity="1.275663e-002" type="0"/>
    <Peak1D F1="6.210244" intensity="7.099238e-003" type="0"/>
    <Peak1D F1="6.117029" intensity="1.001179e-002" type="0"/>
    <Peak1D F1="6.066791" intensity="9.241086e-002" type="0"/>
    <Peak1D F1="6.054495" intensity="1.374942e-002" type="0"/>
    <Peak1D F1="6.016822" intensity="5.035319e+000" type="0"/>
    <Peak1D F1="5.966761" intensity="8.329059e-002" type="0"/>
    <Peak1D F1="5.857891" intensity="4.978470e-002" type="0"/>
    <Peak1D F1="5.844991" intensity="4.964607e-002" type="0"/>
    <Peak1D F1="5.815174" intensity="1.676250e-002" type="0"/>
    <Peak1D F1="5.810076" intensity="1.221655e-002" type="0"/>
    <Peak1D F1="5.617420" intensity="4.715958e-003" type="0"/>
    <Peak1D F1="5.527305" intensity="4.694162e-003" type="0"/>
    <Peak1D F1="5.514319" intensity="3.973425e-003" type="0"/>
    <Peak1D F1="5.436677" intensity="5.677475e-003" type="0"/>
    <Peak1D F1="5.416063" intensity="4.167479e-003" type="0"/>
    <Peak1D F1="5.387305" intensity="1.104084e-001" type="0"/>
    <Peak1D F1="5.350174" intensity="7.634592e-002" type="0"/>
    <Peak1D F1="5.270341" intensity="8.915113e-003" type="0"/>
    <Peak1D F1="5.228444" intensity="5.939081e-003" type="0"/>
    <Peak1D F1="5.217482" intensity="7.393246e-003" type="0"/>
    <Peak1D F1="5.148773" intensity="1.839227e-002" type="0"/>
    <Peak1D F1="5.118119" intensity="2.327005e-002" type="0"/>
    <Peak1D F1="5.039339" intensity="7.409274e-003" type="0"/>
    <Peak1D F1="4.995794" intensity="6.610460e-003" type="0"/>
    <Peak1D F1="4.977926" intensity="7.396000e-003" type="0"/>
    <Peak1D F1="4.970208" intensity="1.093355e-002" type="0"/>
    <Peak1D F1="4.947004" intensity="1.139199e-002" type="0"/>
    <Peak1D F1="4.906919" intensity="6.822954e-003" type="0"/>
    <Peak1D F1="4.885877" intensity="8.810850e-003" type="0"/>
    <Peak1D F1="4.866266" intensity="1.056848e-002" type="0"/>
    <Peak1D F1="4.840672" intensity="3.993184e-002" type="0"/>
    <Peak1D F1="4.817531" intensity="4.856511e-002" type="0"/>
    <Peak1D F1="4.790627" intensity="1.729539e+000" type="0"/>
    <Peak1D F1="4.767817" intensity="1.756053e+000" type="0"/>
    <Peak1D F1="4.740481" intensity="4.981206e-002" type="0"/>
    <Peak1D F1="4.730258" intensity="5.539239e-002" type="0"/>
    <Peak1D F1="4.717566" intensity="5.598263e-002" type="0"/>
    <Peak1D F1="4.680328" intensity="2.049997e+000" type="0"/>
    <Peak1D F1="4.631607" intensity="4.569885e-002" type="0"/>
    <Peak1D F1="4.607932" intensity="1.333474e-002" type="0"/>
    <Peak1D F1="4.584566" intensity="1.473607e-002" type="0"/>
    <Peak1D F1="4.475228" intensity="4.363667e-003" type="0"/>
    <Peak1D F1="3.976903" intensity="2.885542e-003" type="0"/>
    <Peak1D F1="3.951364" intensity="2.890370e-003" type="0"/>
    <Peak1D F1="3.925977" intensity="2.711037e-003" type="0"/>
    <Peak1D F1="3.901808" intensity="3.811382e-003" type="0"/>
    <Peak1D F1="3.877241" intensity="8.037375e-002" type="0"/>
    <Peak1D F1="3.843069" intensity="9.010926e-003" type="0"/>
    <Peak1D F1="3.821326" intensity="9.343787e-003" type="0"/>
    <Peak1D F1="3.810171" intensity="2.469935e-002" type="0"/>
    <Peak1D F1="3.801165" intensity="1.196197e-002" type="0"/>
    <Peak1D F1="3.749803" intensity="2.741237e-001" type="0"/>
    <Peak1D F1="3.699841" intensity="1.500000e+001" type="0"/>
    <Peak1D F1="3.649794" intensity="2.510728e-001" type="0"/>
    <Peak1D F1="3.623717" intensity="5.770646e-003" type="0"/>
    <Peak1D F1="3.600831" intensity="7.943096e-003" type="0"/>
    <Peak1D F1="3.591353" intensity="2.984687e-003" type="0"/>
    <Peak1D F1="3.559583" intensity="2.862943e-003" type="0"/>
    <Peak1D F1="3.525513" intensity="4.314414e-003" type="0"/>
    <Peak1D F1="3.517546" intensity="7.961492e-002" type="0"/>
    <Peak1D F1="3.489897" intensity="2.736182e-003" type="0"/>
    <Peak1D F1="2.961042" intensity="5.312475e-003" type="0"/>
    <Peak1D F1="2.953981" intensity="5.411134e-003" type="0"/>
    <Peak1D F1="2.941920" intensity="1.158080e-002" type="0"/>
    <Peak1D F1="2.935189" intensity="1.121287e-002" type="0"/>
    <Peak1D F1="2.923785" intensity="7.814790e-003" type="0"/>
    <Peak1D F1="2.916981" intensity="6.447195e-003" type="0"/>
    <Peak1D F1="2.846223" intensity="2.865029e-003" type="0"/>
    <Peak1D F1="2.808099" intensity="6.284057e-003" type="0"/>
    <Peak1D F1="2.793311" intensity="5.649270e-003" type="0"/>
    <Peak1D F1="2.767119" intensity="1.267474e-002" type="0"/>
    <Peak1D F1="2.751737" intensity="1.200533e-002" type="0"/>
    <Peak1D F1="2.735917" intensity="1.582811e-002" type="0"/>
    <Peak1D F1="2.716717" intensity="1.611945e-002" type="0"/>
    <Peak1D F1="2.705784" intensity="1.252738e-002" type="0"/>
    <Peak1D F1="2.670436" intensity="4.861630e-003" type="0"/>
    <Peak1D F1="2.616332" intensity="8.048896e-003" type="0"/>
    <Peak1D F1="2.554525" intensity="4.098807e-002" type="0"/>
    <Peak1D F1="2.505054" intensity="7.610445e-003" type="0"/>
    <Peak1D F1="2.487214" intensity="1.496802e-002" type="0"/>
    <Peak1D F1="2.436938" intensity="3.092187e-001" type="0"/>
    <Peak1D F1="2.432280" intensity="3.538872e-001" type="0"/>
    <Peak1D F1="2.424009" intensity="1.727939e-001" type="0"/>
    <Peak1D F1="2.415816" intensity="3.526956e-001" type="0"/>
    <Peak1D F1="2.411117" intensity="3.680207e-001" type="0"/>
    <Peak1D F1="2.387564" intensity="5.284013e-001" type="0"/>
    <Peak1D F1="2.383595" intensity="4.940695e-001" type="0"/>
    <Peak1D F1="2.379369" intensity="3.876225e-001" type="0"/>
    <Peak1D F1="2.366946" intensity="4.939168e-001" type="0"/>
    <Peak1D F1="2.362928" intensity="6.241947e-001" type="0"/>
    <Peak1D F1="2.351341" intensity="3.826284e-001" type="0"/>
    <Peak1D F1="2.328588" intensity="6.639360e-001" type="0"/>
    <Peak1D F1="2.321219" intensity="3.874127e-001" type="0"/>
    <Peak1D F1="2.317803" intensity="3.509489e-001" type="0"/>
    <Peak1D F1="2.308579" intensity="5.018315e-001" type="0"/>
    <Peak1D F1="2.305352" intensity="4.449051e-001" type="0"/>
    <Peak1D F1="2.298464" intensity="6.070389e-001" type="0"/>
    <Peak1D F1="2.278207" intensity="3.674695e-001" type="0"/>
    <Peak1D F1="2.266415" intensity="8.481823e-002" type="0"/>
    <Peak1D F1="2.251815" intensity="6.369947e-001" type="0"/>
    <Peak1D F1="2.229673" intensity="7.380020e-001" type="0"/>
    <Peak1D F1="2.225640" intensity="7.476595e-001" type="0"/>
    <Peak1D F1="2.202947" intensity="9.530469e-001" type="0"/>
    <Peak1D F1="2.195430" intensity="1.542898e-001" type="0"/>
    <Peak1D F1="2.181544" intensity="4.915904e-001" type="0"/>
    <Peak1D F1="2.176773" intensity="4.945571e-001" type="0"/>
    <Peak1D F1="2.154356" intensity="5.662910e-001" type="0"/>
    <Peak1D F1="2.146706" intensity="2.506655e-001" type="0"/>
    <Peak1D F1="2.116607" intensity="2.364547e+000" type="0"/>
    <Peak1D F1="2.096967" intensity="7.511732e+000" type="0"/>
    <Peak1D F1="2.085487" intensity="2.007195e+000" type="0"/>
    <Peak1D F1="2.078221" intensity="3.795211e+000" type="0"/>
    <Peak1D F1="2.062389" intensity="2.458415e-001" type="0"/>
    <Peak1D F1="2.056969" intensity="2.082354e-001" type="0"/>
    <Peak1D F1="2.053273" intensity="2.078945e-001" type="0"/>
    <Peak1D F1="2.047299" intensity="2.304329e-001" type="0"/>
    <Peak1D F1="2.028311" intensity="1.189182e-001" type="0"/>
    <Peak1D F1="2.020656" intensity="8.155739e-002" type="0"/>
    <Peak1D F1="1.998431" intensity="9.977061e-002" type="0"/>
    <Peak1D F1="1.990045" intensity="2.339610e-001" type="0"/>
    <Peak1D F1="1.985964" intensity="3.283543e-001" type="0"/>
    <Peak1D F1="1.981477" intensity="2.946028e-001" type="0"/>
    <Peak1D F1="1.969410" intensity="3.498223e-001" type="0"/>
    <Peak1D F1="1.964261" intensity="4.703424e-001" type="0"/>
    <Peak1D F1="1.958580" intensity="5.780321e-001" type="0"/>
    <Peak1D F1="1.954216" intensity="5.470015e-001" type="0"/>
    <Peak1D F1="1.949038" intensity="5.454420e-001" type="0"/>
    <Peak1D F1="1.941667" intensity="7.602055e-001" type="0"/>
    <Peak1D F1="1.932657" intensity="7.549839e-001" type="0"/>
    <Peak1D F1="1.926051" intensity="6.099768e-001" type="0"/>
    <Peak1D F1="1.920091" intensity="6.706795e-001" type="0"/>
    <Peak1D F1="1.910730" intensity="3.883616e+000" type="0"/>
    <Peak1D F1="1.899634" intensity="3.177509e+000" type="0"/>
    <Peak1D F1="1.891094" intensity="7.890409e+000" type="0"/>
    <Peak1D F1="1.880468" intensity="2.895946e+000" type="0"/>
    <Peak1D F1="1.871703" intensity="2.496235e+000" type="0"/>
    <Peak1D F1="1.859748" intensity="3.274552e-001" type="0"/>
    <Peak1D F1="1.849575" intensity="2.052442e-001" type="0"/>
    <Peak1D F1="1.841288" intensity="1.995592e-001" type="0"/>
    <Peak1D F1="1.834144" intensity="1.054677e-001" type="0"/>
    <Peak1D F1="1.821864" intensity="9.067564e-002" type="0"/>
    <Peak1D F1="1.814373" intensity="5.395348e-002" type="0"/>
    <Peak1D F1="1.806818" intensity="4.995904e-002" type="0"/>
    <Peak1D F1="1.795777" intensity="5.012404e-002" type="0"/>
    <Peak1D F1="1.781780" intensity="4.021103e-002" type="0"/>
    <Peak1D F1="1.775510" intensity="4.022174e-002" type="0"/>
    <Peak1D F1="1.767939" intensity="3.973297e-002" type="0"/>
    <Peak1D F1="1.759772" intensity="4.269318e-002" type="0"/>
    <Peak1D F1="1.744754" intensity="1.833808e-001" type="0"/>
    <Peak1D F1="1.729044" intensity="2.588090e-001" type="0"/>
    <Peak1D F1="1.723796" intensity="2.266029e-001" type="0"/>
    <Peak1D F1="1.716561" intensity="3.015915e-001" type="0"/>
    <Peak1D F1="1.707835" intensity="3.101061e-001" type="0"/>
    <Peak1D F1="1.700794" intensity="5.227142e-001" type="0"/>
    <Peak1D F1="1.696701" intensity="4.674545e-001" type="0"/>
    <Peak1D F1="1.687036" intensity="3.592006e-001" type="0"/>
    <Peak1D F1="1.680286" intensity="1.287389e+000" type="0"/>
    <Peak1D F1="1.674379" intensity="6.417809e-001" type="0"/>
    <Peak1D F1="1.670497" intensity="7.347610e-001" type="0"/>
    <Peak1D F1="1.656557" intensity="1.069406e+000" type="0"/>
    <Peak1D F1="1.652309" intensity="9.168501e-001" type="0"/>
    <Peak1D F1="1.640081" intensity="5.968941e-001" type="0"/>
    <Peak1D F1="1.635902" intensity="7.148942e-001" type="0"/>
    <Peak1D F1="1.632004" intensity="5.800323e-001" type="0"/>
    <Peak1D F1="1.624393" intensity="2.779574e-001" type="0"/>
    <Peak1D F1="1.619668" intensity="3.521737e-001" type="0"/>
    <Peak1D F1="1.616407" intensity="3.500110e-001" type="0"/>
    <Peak1D F1="1.601250" intensity="1.071500e-001" type="0"/>
    <Peak1D F1="1.562223" intensity="3.016752e-001" type="0"/>
    <Peak1D F1="1.534511" intensity="3.991303e-001" type="0"/>
    <Peak1D F1="1.519053" intensity="2.744392e-001" type="0"/>
    <Peak1D F1="1.512024" intensity="2.932578e-001" type="0"/>
    <Peak1D F1="1.500069" intensity="5.858012e-001" type="0"/>
    <Peak1D F1="1.492368" intensity="2.083049e-001" type="0"/>
    <Peak1D F1="1.482683" intensity="7.350872e-001" type="0"/>
    <Peak1D F1="1.469913" intensity="5.082777e-001" type="0"/>
    <Peak1D F1="1.452757" intensity="5.244650e-001" type="0"/>
    <Peak1D F1="1.440877" intensity="9.780627e-002" type="0"/>
    <Peak1D F1="1.435152" intensity="1.454377e-001" type="0"/>
    <Peak1D F1="1.423059" intensity="1.661678e-001" type="0"/>
    <Peak1D F1="1.402475" intensity="3.058021e-002" type="0"/>
    <Peak1D F1="1.373660" intensity="1.920407e-002" type="0"/>
    <Peak1D F1="1.352578" intensity="2.018154e-002" type="0"/>
    <Peak1D F1="1.340064" intensity="1.931033e-002" type="0"/>
    <Peak1D F1="1.322991" intensity="1.920577e-002" type="0"/>
    <Peak1D F1="1.261255" intensity="3.373849e-002" type="0"/>
    <Peak1D F1="1.234632" intensity="5.064408e-002" type="0"/>
    <Peak1D F1="1.212527" intensity="5.915393e-002" type="0"/>
    <Peak1D F1="1.184972" intensity="2.774076e-001" type="0"/>
    <Peak1D F1="1.072163" intensity="1.375853e-002" type="0"/>
    <Peak1D F1="1.039775" intensity="1.615712e-002" type="0"/>
    <Peak1D F1="1.012522" intensity="1.343224e-002" type="0"/>
    <Peak1D F1="0.999939" intensity="1.396367e-002" type="0"/>
    <Peak1D F1="0.985148" intensity="1.262768e-002" type="0"/>
    <Peak1D F1="0.964727" intensity="1.182333e-002" type="0"/>
    <Peak1D F1="0.918428" intensity="8.499352e-003" type="0"/>
    <Peak1D F1="0.904352" intensity="7.949095e-003" type="0"/>
    <Peak1D F1="0.862240" intensity="1.007197e-002" type="0"/>
    <Peak1D F1="0.824397" intensity="3.274458e-002" type="0"/>
    <Peak1D F1="0.809185" intensity="6.641633e-002" type="0"/>
    <Peak1D F1="0.791025" intensity="4.915039e-002" type="0"/>
    <Peak1D F1="0.782017" intensity="5.158854e-002" type="0"/>
    <Peak1D F1="0.772660" intensity="6.689419e-002" type="0"/>
    <Peak1D F1="0.755076" intensity="6.299721e-002" type="0"/>
    <Peak1D F1="0.735462" intensity="3.785914e-002" type="0"/>
    <Peak1D F1="0.716506" intensity="1.479728e-002" type="0"/>
    <Peak1D F1="0.687853" intensity="6.734060e-003" type="0"/>
    <Peak1D F1="0.637592" intensity="6.319410e-003" type="0"/>
    <Peak1D F1="0.617636" intensity="5.379486e-003" type="0"/>
    <Peak1D F1="0.608915" intensity="5.126014e-003" type="0"/>
    <Peak1D F1="0.571083" intensity="4.816604e-003" type="0"/>
    <Peak1D F1="0.561119" intensity="4.889657e-003" type="0"/>
    <Peak1D F1="0.549969" intensity="4.461154e-003" type="0"/>
    <Peak1D F1="0.515442" intensity="3.911151e-003" type="0"/>
    <Peak1D F1="0.493739" intensity="3.810770e-003" type="0"/>
    <Peak1D F1="0.462613" intensity="3.786862e-003" type="0"/>
    <Peak1D F1="0.452333" intensity="3.859002e-003" type="0"/>
    <Peak1D F1="0.420272" intensity="3.841233e-003" type="0"/>
    <Peak1D F1="0.409796" intensity="3.733146e-003" type="0"/>
    <Peak1D F1="0.395184" intensity="3.621927e-003" type="0"/>
    <Peak1D F1="0.356119" intensity="3.190475e-003" type="0"/>
    <Peak1D F1="0.345694" intensity="3.214713e-003" type="0"/>
    <Peak1D F1="0.312077" intensity="3.226859e-003" type="0"/>
    <Peak1D F1="0.282926" intensity="3.588741e-003" type="0"/>
    <Peak1D F1="0.236219" intensity="3.146572e-003" type="0"/>
    <Peak1D F1="0.189907" intensity="3.475441e-003" type="0"/>
    <Peak1D F1="0.165797" intensity="2.844765e-003" type="0"/>
    <Peak1D F1="0.126654" intensity="2.734824e-003" type="0"/>
    <Peak1D F1="0.113362" intensity="3.048516e-003" type="0"/>
    <Peak1D F1="0.051053" intensity="3.722085e-003" type="0"/>
    <Peak1D F1="0.029659" intensity="3.305181e-003" type="0"/>
    <Peak1D F1="0.015155" intensity="3.089397e-003" type="0"/>
    <Peak1D F1="-0.000152" intensity="6.240636e-002" type="0"/>
    <Peak1D F1="-0.020992" intensity="3.710147e-003" type="0"/>
    <Peak1D F1="-0.324948" intensity="2.595552e-003" type="0"/>
    <Peak1D F1="-0.506138" intensity="2.807220e-003" type="0"/>
    <Peak1D F1="-3.727026" intensity="2.834208e-003" type="0"/>
  </PeakList1D>
</PeakList>
