<?xml version="1.0" encoding="UTF-8"?>
<PeakList>
  <PeakList1D>
    <PeakList1DHeader creator="nmr" date="2021-08-11T23:03:26.878+03:00" expNo="20" name="ID-427-M-11.8.21" owner="" procNo="1" source="//132.72.8.180/400b/Milo/Milo">
      <PeakPickDetails>F1=16.100571ppm, F2=-3.928474ppm, MI=0.00cm, MAXI=10000.00cm, PC=1.000
      </PeakPickDetails>
    </PeakList1DHeader>
    <Peak1D F1="13.695842" intensity="3.479958e-003" type="0"/>
    <Peak1D F1="12.423772" intensity="3.664739e-003" type="0"/>
    <Peak1D F1="10.091959" intensity="3.908743e-003" type="0"/>
    <Peak1D F1="8.995774" intensity="4.058962e-003" type="0"/>
    <Peak1D F1="8.621956" intensity="4.424612e-003" type="0"/>
    <Peak1D F1="8.601467" intensity="3.539107e-003" type="0"/>
    <Peak1D F1="8.476464" intensity="4.051637e-003" type="0"/>
    <Peak1D F1="8.448009" intensity="4.394670e-003" type="0"/>
    <Peak1D F1="8.422815" intensity="5.999984e-003" type="0"/>
    <Peak1D F1="8.362529" intensity="1.642795e-002" type="0"/>
    <Peak1D F1="8.341546" intensity="2.055975e-002" type="0"/>
    <Peak1D F1="8.317232" intensity="1.065372e-002" type="0"/>
    <Peak1D F1="8.309323" intensity="1.106810e-002" type="0"/>
    <Peak1D F1="8.236854" intensity="1.697680e-001" type="0"/>
    <Peak1D F1="8.220493" intensity="1.694549e-001" type="0"/>
    <Peak1D F1="8.215409" intensity="2.539622e-001" type="0"/>
    <Peak1D F1="8.207229" intensity="1.771007e-001" type="0"/>
    <Peak1D F1="8.199288" intensity="1.997959e-001" type="0"/>
    <Peak1D F1="8.184589" intensity="1.929433e-001" type="0"/>
    <Peak1D F1="8.162210" intensity="5.578577e-001" type="0"/>
    <Peak1D F1="8.156656" intensity="2.703820e+000" type="0"/>
    <Peak1D F1="8.151316" intensity="2.170559e+000" type="0"/>
    <Peak1D F1="8.139330" intensity="1.197898e+000" type="0"/>
    <Peak1D F1="8.134618" intensity="3.022206e+000" type="0"/>
    <Peak1D F1="8.129006" intensity="1.836272e+000" type="0"/>
    <Peak1D F1="8.106990" intensity="7.529805e-002" type="0"/>
    <Peak1D F1="8.084461" intensity="4.868068e-002" type="0"/>
    <Peak1D F1="8.079108" intensity="3.029627e-002" type="0"/>
    <Peak1D F1="7.973600" intensity="9.407350e-003" type="0"/>
    <Peak1D F1="7.937712" intensity="5.571011e-002" type="0"/>
    <Peak1D F1="7.933463" intensity="5.805118e-002" type="0"/>
    <Peak1D F1="7.917739" intensity="1.017754e-001" type="0"/>
    <Peak1D F1="7.896335" intensity="7.540946e-002" type="0"/>
    <Peak1D F1="7.876849" intensity="3.658370e-002" type="0"/>
    <Peak1D F1="7.863696" intensity="2.800213e-002" type="0"/>
    <Peak1D F1="7.848130" intensity="3.498170e-002" type="0"/>
    <Peak1D F1="7.842294" intensity="3.990693e-002" type="0"/>
    <Peak1D F1="7.826567" intensity="2.885333e-002" type="0"/>
    <Peak1D F1="7.791681" intensity="7.536914e-003" type="0"/>
    <Peak1D F1="7.775998" intensity="5.933468e-003" type="0"/>
    <Peak1D F1="7.712078" intensity="1.196264e-001" type="0"/>
    <Peak1D F1="7.695378" intensity="1.645471e-001" type="0"/>
    <Peak1D F1="7.678021" intensity="1.089656e-001" type="0"/>
    <Peak1D F1="7.662091" intensity="2.502727e-002" type="0"/>
    <Peak1D F1="7.623622" intensity="8.691934e-002" type="0"/>
    <Peak1D F1="7.605588" intensity="1.345307e-001" type="0"/>
    <Peak1D F1="7.584470" intensity="1.049420e-001" type="0"/>
    <Peak1D F1="7.575247" intensity="1.000947e-001" type="0"/>
    <Peak1D F1="7.553654" intensity="1.192911e-001" type="0"/>
    <Peak1D F1="7.540694" intensity="1.421591e-001" type="0"/>
    <Peak1D F1="7.518781" intensity="1.461377e-001" type="0"/>
    <Peak1D F1="7.509087" intensity="1.720072e-001" type="0"/>
    <Peak1D F1="7.500639" intensity="1.824689e-001" type="0"/>
    <Peak1D F1="7.478790" intensity="2.758611e+000" type="0"/>
    <Peak1D F1="7.457513" intensity="3.105242e+000" type="0"/>
    <Peak1D F1="7.439224" intensity="7.025426e-001" type="0"/>
    <Peak1D F1="7.407665" intensity="5.048920e-002" type="0"/>
    <Peak1D F1="7.390151" intensity="1.127294e-002" type="0"/>
    <Peak1D F1="7.323123" intensity="1.971981e-002" type="0"/>
    <Peak1D F1="7.271752" intensity="1.581895e-002" type="0"/>
    <Peak1D F1="7.245286" intensity="8.272035e-002" type="0"/>
    <Peak1D F1="7.196030" intensity="4.208163e+000" type="0"/>
    <Peak1D F1="7.144935" intensity="1.069057e-001" type="0"/>
    <Peak1D F1="7.122185" intensity="9.734356e-002" type="0"/>
    <Peak1D F1="7.100061" intensity="5.678594e-002" type="0"/>
    <Peak1D F1="7.084201" intensity="4.235718e-002" type="0"/>
    <Peak1D F1="7.066314" intensity="7.768809e-002" type="0"/>
    <Peak1D F1="7.061717" intensity="1.153986e-001" type="0"/>
    <Peak1D F1="7.044089" intensity="1.218910e-001" type="0"/>
    <Peak1D F1="7.039342" intensity="1.380828e-001" type="0"/>
    <Peak1D F1="7.030364" intensity="1.372827e-001" type="0"/>
    <Peak1D F1="7.022537" intensity="1.378612e-001" type="0"/>
    <Peak1D F1="7.016599" intensity="1.215044e-001" type="0"/>
    <Peak1D F1="7.008428" intensity="2.104721e-001" type="0"/>
    <Peak1D F1="7.002499" intensity="1.563664e-001" type="0"/>
    <Peak1D F1="6.987076" intensity="1.063019e-001" type="0"/>
    <Peak1D F1="6.980382" intensity="6.813937e-002" type="0"/>
    <Peak1D F1="6.944342" intensity="7.620265e-003" type="0"/>
    <Peak1D F1="6.932083" intensity="2.338173e-002" type="0"/>
    <Peak1D F1="6.922352" intensity="1.338084e-002" type="0"/>
    <Peak1D F1="6.900666" intensity="4.232642e-003" type="0"/>
    <Peak1D F1="6.843620" intensity="9.387720e-003" type="0"/>
    <Peak1D F1="6.821468" intensity="6.465638e-003" type="0"/>
    <Peak1D F1="6.751416" intensity="5.564914e-003" type="0"/>
    <Peak1D F1="6.715662" intensity="4.383401e-003" type="0"/>
    <Peak1D F1="6.704555" intensity="4.760354e-003" type="0"/>
    <Peak1D F1="6.692791" intensity="4.421634e-003" type="0"/>
    <Peak1D F1="6.215552" intensity="1.358396e-002" type="0"/>
    <Peak1D F1="6.210330" intensity="1.111757e-002" type="0"/>
    <Peak1D F1="6.116787" intensity="5.260840e-002" type="0"/>
    <Peak1D F1="6.066857" intensity="8.601192e-002" type="0"/>
    <Peak1D F1="6.062578" intensity="5.408357e-002" type="0"/>
    <Peak1D F1="6.016794" intensity="4.981133e+000" type="0"/>
    <Peak1D F1="6.012542" intensity="2.166968e+000" type="0"/>
    <Peak1D F1="5.966846" intensity="7.216003e-002" type="0"/>
    <Peak1D F1="5.962706" intensity="4.251383e-002" type="0"/>
    <Peak1D F1="5.902031" intensity="1.949845e-002" type="0"/>
    <Peak1D F1="5.889373" intensity="1.754143e-002" type="0"/>
    <Peak1D F1="5.815093" intensity="1.377512e-002" type="0"/>
    <Peak1D F1="5.810475" intensity="1.053418e-002" type="0"/>
    <Peak1D F1="5.797318" intensity="3.664986e-002" type="0"/>
    <Peak1D F1="5.789898" intensity="3.660829e-002" type="0"/>
    <Peak1D F1="5.753512" intensity="2.925509e-002" type="0"/>
    <Peak1D F1="5.746132" intensity="2.862544e-002" type="0"/>
    <Peak1D F1="5.698194" intensity="6.667688e-003" type="0"/>
    <Peak1D F1="5.685041" intensity="5.255368e-003" type="0"/>
    <Peak1D F1="5.676359" intensity="6.807388e-003" type="0"/>
    <Peak1D F1="5.665642" intensity="1.094976e-002" type="0"/>
    <Peak1D F1="5.628884" intensity="4.132351e-002" type="0"/>
    <Peak1D F1="5.602208" intensity="4.162449e-002" type="0"/>
    <Peak1D F1="5.567138" intensity="5.908084e-003" type="0"/>
    <Peak1D F1="5.538046" intensity="8.292987e-003" type="0"/>
    <Peak1D F1="5.524101" intensity="1.176862e-002" type="0"/>
    <Peak1D F1="5.484713" intensity="4.002686e-002" type="0"/>
    <Peak1D F1="5.438975" intensity="1.199730e-002" type="0"/>
    <Peak1D F1="5.406333" intensity="1.958970e-002" type="0"/>
    <Peak1D F1="5.373899" intensity="1.697441e-002" type="0"/>
    <Peak1D F1="5.354332" intensity="2.769749e-001" type="0"/>
    <Peak1D F1="5.347625" intensity="3.516769e-001" type="0"/>
    <Peak1D F1="5.296219" intensity="7.375709e-003" type="0"/>
    <Peak1D F1="5.233849" intensity="4.067602e-003" type="0"/>
    <Peak1D F1="5.214814" intensity="3.759288e-003" type="0"/>
    <Peak1D F1="5.167417" intensity="4.217175e-003" type="0"/>
    <Peak1D F1="5.125490" intensity="1.374330e-002" type="0"/>
    <Peak1D F1="5.109439" intensity="1.422036e-002" type="0"/>
    <Peak1D F1="5.092185" intensity="5.083490e-003" type="0"/>
    <Peak1D F1="5.067874" intensity="4.660254e-003" type="0"/>
    <Peak1D F1="5.058332" intensity="5.606157e-003" type="0"/>
    <Peak1D F1="5.041561" intensity="5.082552e-003" type="0"/>
    <Peak1D F1="5.030128" intensity="5.920543e-003" type="0"/>
    <Peak1D F1="5.001927" intensity="6.185356e-003" type="0"/>
    <Peak1D F1="4.969052" intensity="1.800568e-002" type="0"/>
    <Peak1D F1="4.946778" intensity="1.999410e-002" type="0"/>
    <Peak1D F1="4.890606" intensity="3.008634e-002" type="0"/>
    <Peak1D F1="4.868583" intensity="3.781289e-002" type="0"/>
    <Peak1D F1="4.851805" intensity="3.775533e-002" type="0"/>
    <Peak1D F1="4.840285" intensity="6.239394e-002" type="0"/>
    <Peak1D F1="4.827432" intensity="5.540588e-002" type="0"/>
    <Peak1D F1="4.817066" intensity="7.148460e-002" type="0"/>
    <Peak1D F1="4.790381" intensity="2.016908e+000" type="0"/>
    <Peak1D F1="4.767615" intensity="2.058892e+000" type="0"/>
    <Peak1D F1="4.739739" intensity="9.537878e-002" type="0"/>
    <Peak1D F1="4.717146" intensity="1.326015e-001" type="0"/>
    <Peak1D F1="4.676833" intensity="2.086550e-001" type="0"/>
    <Peak1D F1="4.606942" intensity="5.703490e-002" type="0"/>
    <Peak1D F1="4.584045" intensity="4.012991e-002" type="0"/>
    <Peak1D F1="4.455049" intensity="6.590783e-003" type="0"/>
    <Peak1D F1="4.441980" intensity="5.715947e-003" type="0"/>
    <Peak1D F1="4.416327" intensity="5.863668e-003" type="0"/>
    <Peak1D F1="4.377206" intensity="4.146814e-003" type="0"/>
    <Peak1D F1="3.894830" intensity="4.127380e-003" type="0"/>
    <Peak1D F1="3.877000" intensity="7.938909e-002" type="0"/>
    <Peak1D F1="3.872754" intensity="3.872468e-002" type="0"/>
    <Peak1D F1="3.854958" intensity="5.202817e-003" type="0"/>
    <Peak1D F1="3.843207" intensity="2.143145e-002" type="0"/>
    <Peak1D F1="3.821189" intensity="1.932576e-002" type="0"/>
    <Peak1D F1="3.810043" intensity="1.536022e-001" type="0"/>
    <Peak1D F1="3.798075" intensity="2.108939e-002" type="0"/>
    <Peak1D F1="3.749593" intensity="2.603792e-001" type="0"/>
    <Peak1D F1="3.745127" intensity="2.279210e-001" type="0"/>
    <Peak1D F1="3.699561" intensity="1.500000e+001" type="0"/>
    <Peak1D F1="3.695389" intensity="6.580747e+000" type="0"/>
    <Peak1D F1="3.649581" intensity="2.339499e-001" type="0"/>
    <Peak1D F1="3.645540" intensity="1.423128e-001" type="0"/>
    <Peak1D F1="3.593814" intensity="5.379659e-003" type="0"/>
    <Peak1D F1="3.563387" intensity="4.815539e-003" type="0"/>
    <Peak1D F1="3.556129" intensity="5.690821e-003" type="0"/>
    <Peak1D F1="3.517325" intensity="8.070895e-002" type="0"/>
    <Peak1D F1="3.489947" intensity="6.903449e-003" type="0"/>
    <Peak1D F1="3.465390" intensity="6.935521e-003" type="0"/>
    <Peak1D F1="3.420717" intensity="7.494376e-003" type="0"/>
    <Peak1D F1="3.351787" intensity="4.826242e-003" type="0"/>
    <Peak1D F1="3.344875" intensity="3.652929e-003" type="0"/>
    <Peak1D F1="3.130259" intensity="5.995792e-003" type="0"/>
    <Peak1D F1="2.952931" intensity="1.459759e-002" type="0"/>
    <Peak1D F1="2.940662" intensity="2.560326e-002" type="0"/>
    <Peak1D F1="2.934726" intensity="2.476069e-002" type="0"/>
    <Peak1D F1="2.922309" intensity="1.684249e-002" type="0"/>
    <Peak1D F1="2.873266" intensity="3.498860e-003" type="0"/>
    <Peak1D F1="2.864012" intensity="3.588799e-003" type="0"/>
    <Peak1D F1="2.795872" intensity="1.515201e-002" type="0"/>
    <Peak1D F1="2.773233" intensity="3.064825e-002" type="0"/>
    <Peak1D F1="2.745327" intensity="3.693901e-002" type="0"/>
    <Peak1D F1="2.736058" intensity="2.846081e-002" type="0"/>
    <Peak1D F1="2.723750" intensity="2.998074e-002" type="0"/>
    <Peak1D F1="2.682624" intensity="1.456323e-002" type="0"/>
    <Peak1D F1="2.649353" intensity="2.077094e-002" type="0"/>
    <Peak1D F1="2.642373" intensity="1.965286e-002" type="0"/>
    <Peak1D F1="2.617880" intensity="2.749953e-002" type="0"/>
    <Peak1D F1="2.597221" intensity="2.737553e-002" type="0"/>
    <Peak1D F1="2.542816" intensity="3.488433e-002" type="0"/>
    <Peak1D F1="2.506722" intensity="3.317925e-002" type="0"/>
    <Peak1D F1="2.484553" intensity="4.571186e-002" type="0"/>
    <Peak1D F1="2.436217" intensity="2.962662e-001" type="0"/>
    <Peak1D F1="2.431448" intensity="3.733553e-001" type="0"/>
    <Peak1D F1="2.423151" intensity="2.585697e-001" type="0"/>
    <Peak1D F1="2.410543" intensity="4.563615e-001" type="0"/>
    <Peak1D F1="2.386364" intensity="5.070996e-001" type="0"/>
    <Peak1D F1="2.383157" intensity="5.313858e-001" type="0"/>
    <Peak1D F1="2.372966" intensity="3.339153e-001" type="0"/>
    <Peak1D F1="2.362240" intensity="5.642144e-001" type="0"/>
    <Peak1D F1="2.351475" intensity="5.166062e-001" type="0"/>
    <Peak1D F1="2.328550" intensity="7.180773e-001" type="0"/>
    <Peak1D F1="2.321233" intensity="4.152927e-001" type="0"/>
    <Peak1D F1="2.317702" intensity="3.710932e-001" type="0"/>
    <Peak1D F1="2.308631" intensity="5.769229e-001" type="0"/>
    <Peak1D F1="2.298439" intensity="6.585529e-001" type="0"/>
    <Peak1D F1="2.286870" intensity="2.241891e-001" type="0"/>
    <Peak1D F1="2.278421" intensity="3.995548e-001" type="0"/>
    <Peak1D F1="2.251052" intensity="4.314772e-001" type="0"/>
    <Peak1D F1="2.228798" intensity="5.090044e-001" type="0"/>
    <Peak1D F1="2.224709" intensity="5.925839e-001" type="0"/>
    <Peak1D F1="2.202190" intensity="6.441293e-001" type="0"/>
    <Peak1D F1="2.195928" intensity="3.230585e-001" type="0"/>
    <Peak1D F1="2.180735" intensity="3.495609e-001" type="0"/>
    <Peak1D F1="2.175917" intensity="4.172121e-001" type="0"/>
    <Peak1D F1="2.170043" intensity="2.137336e-001" type="0"/>
    <Peak1D F1="2.153614" intensity="4.269241e-001" type="0"/>
    <Peak1D F1="2.146525" intensity="3.564810e-001" type="0"/>
    <Peak1D F1="2.133183" intensity="3.001719e-001" type="0"/>
    <Peak1D F1="2.115186" intensity="2.798273e+000" type="0"/>
    <Peak1D F1="2.113109" intensity="2.813154e+000" type="0"/>
    <Peak1D F1="2.107613" intensity="2.638208e+000" type="0"/>
    <Peak1D F1="2.105188" intensity="2.691064e+000" type="0"/>
    <Peak1D F1="2.095863" intensity="8.556747e+000" type="0"/>
    <Peak1D F1="2.084863" intensity="3.194692e+000" type="0"/>
    <Peak1D F1="2.077305" intensity="4.456905e+000" type="0"/>
    <Peak1D F1="2.052445" intensity="3.197173e-001" type="0"/>
    <Peak1D F1="2.046496" intensity="3.214077e-001" type="0"/>
    <Peak1D F1="2.040059" intensity="3.299183e-001" type="0"/>
    <Peak1D F1="2.027529" intensity="1.536980e-001" type="0"/>
    <Peak1D F1="1.985352" intensity="3.014989e-001" type="0"/>
    <Peak1D F1="1.980556" intensity="2.966015e-001" type="0"/>
    <Peak1D F1="1.968608" intensity="3.806340e-001" type="0"/>
    <Peak1D F1="1.963593" intensity="4.632582e-001" type="0"/>
    <Peak1D F1="1.957993" intensity="5.979979e-001" type="0"/>
    <Peak1D F1="1.953324" intensity="6.380674e-001" type="0"/>
    <Peak1D F1="1.948697" intensity="6.704358e-001" type="0"/>
    <Peak1D F1="1.941149" intensity="7.492899e-001" type="0"/>
    <Peak1D F1="1.936105" intensity="7.358056e-001" type="0"/>
    <Peak1D F1="1.930330" intensity="8.730068e-001" type="0"/>
    <Peak1D F1="1.925292" intensity="8.761202e-001" type="0"/>
    <Peak1D F1="1.919961" intensity="8.754014e-001" type="0"/>
    <Peak1D F1="1.909746" intensity="4.228202e+000" type="0"/>
    <Peak1D F1="1.898290" intensity="4.271959e+000" type="0"/>
    <Peak1D F1="1.890428" intensity="8.987905e+000" type="0"/>
    <Peak1D F1="1.879499" intensity="4.049440e+000" type="0"/>
    <Peak1D F1="1.870708" intensity="3.001981e+000" type="0"/>
    <Peak1D F1="1.858965" intensity="4.777348e-001" type="0"/>
    <Peak1D F1="1.849287" intensity="2.970248e-001" type="0"/>
    <Peak1D F1="1.840508" intensity="2.567346e-001" type="0"/>
    <Peak1D F1="1.820386" intensity="1.165623e-001" type="0"/>
    <Peak1D F1="1.803131" intensity="7.829026e-002" type="0"/>
    <Peak1D F1="1.793211" intensity="7.538464e-002" type="0"/>
    <Peak1D F1="1.777027" intensity="7.838488e-002" type="0"/>
    <Peak1D F1="1.756849" intensity="8.395528e-002" type="0"/>
    <Peak1D F1="1.744525" intensity="1.783335e-001" type="0"/>
    <Peak1D F1="1.728805" intensity="2.441428e-001" type="0"/>
    <Peak1D F1="1.723843" intensity="2.574176e-001" type="0"/>
    <Peak1D F1="1.716272" intensity="2.900253e-001" type="0"/>
    <Peak1D F1="1.712949" intensity="2.725701e-001" type="0"/>
    <Peak1D F1="1.707585" intensity="3.351322e-001" type="0"/>
    <Peak1D F1="1.700450" intensity="4.885991e-001" type="0"/>
    <Peak1D F1="1.696828" intensity="5.583603e-001" type="0"/>
    <Peak1D F1="1.686908" intensity="4.693085e-001" type="0"/>
    <Peak1D F1="1.679925" intensity="1.240049e+000" type="0"/>
    <Peak1D F1="1.675500" intensity="8.586693e-001" type="0"/>
    <Peak1D F1="1.670343" intensity="8.789028e-001" type="0"/>
    <Peak1D F1="1.656018" intensity="1.246465e+000" type="0"/>
    <Peak1D F1="1.652223" intensity="1.088756e+000" type="0"/>
    <Peak1D F1="1.640189" intensity="8.295995e-001" type="0"/>
    <Peak1D F1="1.635787" intensity="8.778284e-001" type="0"/>
    <Peak1D F1="1.624541" intensity="4.634213e-001" type="0"/>
    <Peak1D F1="1.619941" intensity="5.025597e-001" type="0"/>
    <Peak1D F1="1.616267" intensity="4.555374e-001" type="0"/>
    <Peak1D F1="1.600082" intensity="2.195920e-001" type="0"/>
    <Peak1D F1="1.584854" intensity="2.178698e-001" type="0"/>
    <Peak1D F1="1.569195" intensity="2.048522e-001" type="0"/>
    <Peak1D F1="1.552710" intensity="1.962450e-001" type="0"/>
    <Peak1D F1="1.533825" intensity="3.921444e-001" type="0"/>
    <Peak1D F1="1.518567" intensity="3.072409e-001" type="0"/>
    <Peak1D F1="1.511351" intensity="3.236761e-001" type="0"/>
    <Peak1D F1="1.498911" intensity="6.035464e-001" type="0"/>
    <Peak1D F1="1.481821" intensity="7.003828e-001" type="0"/>
    <Peak1D F1="1.468685" intensity="4.829242e-001" type="0"/>
    <Peak1D F1="1.451961" intensity="4.812521e-001" type="0"/>
    <Peak1D F1="1.440359" intensity="1.154189e-001" type="0"/>
    <Peak1D F1="1.434307" intensity="1.473745e-001" type="0"/>
    <Peak1D F1="1.427695" intensity="9.704264e-002" type="0"/>
    <Peak1D F1="1.422207" intensity="1.634140e-001" type="0"/>
    <Peak1D F1="1.401185" intensity="5.520758e-002" type="0"/>
    <Peak1D F1="1.372939" intensity="4.527241e-002" type="0"/>
    <Peak1D F1="1.365068" intensity="4.052025e-002" type="0"/>
    <Peak1D F1="1.342064" intensity="4.524379e-002" type="0"/>
    <Peak1D F1="1.327635" intensity="3.406240e-002" type="0"/>
    <Peak1D F1="1.297720" intensity="2.308868e-002" type="0"/>
    <Peak1D F1="1.290711" intensity="2.456978e-002" type="0"/>
    <Peak1D F1="1.267289" intensity="2.280529e-002" type="0"/>
    <Peak1D F1="1.236478" intensity="3.269968e-002" type="0"/>
    <Peak1D F1="1.195885" intensity="3.573534e-002" type="0"/>
    <Peak1D F1="1.183748" intensity="4.253888e-002" type="0"/>
    <Peak1D F1="1.148657" intensity="1.189075e-002" type="0"/>
    <Peak1D F1="1.085569" intensity="8.590913e-003" type="0"/>
    <Peak1D F1="1.029327" intensity="6.006673e-003" type="0"/>
    <Peak1D F1="1.001869" intensity="6.229948e-003" type="0"/>
    <Peak1D F1="0.986763" intensity="6.110552e-003" type="0"/>
    <Peak1D F1="0.934198" intensity="4.849631e-003" type="0"/>
    <Peak1D F1="0.908050" intensity="4.664273e-003" type="0"/>
    <Peak1D F1="0.878828" intensity="4.907465e-003" type="0"/>
    <Peak1D F1="0.821717" intensity="1.027570e-002" type="0"/>
    <Peak1D F1="0.809143" intensity="1.644956e-002" type="0"/>
    <Peak1D F1="0.791912" intensity="1.090357e-002" type="0"/>
    <Peak1D F1="0.680502" intensity="5.033140e-003" type="0"/>
    <Peak1D F1="0.630848" intensity="3.660263e-003" type="0"/>
    <Peak1D F1="0.614442" intensity="3.775085e-003" type="0"/>
    <Peak1D F1="0.574138" intensity="4.282437e-003" type="0"/>
    <Peak1D F1="0.546074" intensity="3.733175e-003" type="0"/>
    <Peak1D F1="0.404470" intensity="3.700457e-003" type="0"/>
    <Peak1D F1="0.236697" intensity="3.748053e-003" type="0"/>
    <Peak1D F1="-0.000157" intensity="1.043299e-001" type="0"/>
    <Peak1D F1="-0.206965" intensity="3.560492e-003" type="0"/>
    <Peak1D F1="-3.201514" intensity="4.397866e-003" type="0"/>
  </PeakList1D>
</PeakList>
