<?xml version="1.0" encoding="UTF-8"?>
<PeakList>
  <PeakList1D>
    <PeakList1DHeader creator="nmr" date="2021-08-02T22:09:33.102+03:00" expNo="10" name="ID-421-N" owner="" procNo="1" source="//132.72.8.180/400b/Milo/Milo">
      <PeakPickDetails>F1=16.101570ppm, F2=-3.927475ppm, MI=0.00cm, MAXI=10000.00cm, PC=1.000
      </PeakPickDetails>
    </PeakList1DHeader>
    <Peak1D F1="12.770882" intensity="3.623768e-003" type="0"/>
    <Peak1D F1="10.314084" intensity="6.851413e-003" type="0"/>
    <Peak1D F1="10.143566" intensity="1.620479e-002" type="0"/>
    <Peak1D F1="10.123766" intensity="8.064373e-003" type="0"/>
    <Peak1D F1="10.093233" intensity="9.168414e-001" type="0"/>
    <Peak1D F1="10.061162" intensity="7.430297e-003" type="0"/>
    <Peak1D F1="10.042899" intensity="1.359066e-002" type="0"/>
    <Peak1D F1="9.867307" intensity="5.820956e-003" type="0"/>
    <Peak1D F1="9.238820" intensity="3.415929e-003" type="0"/>
    <Peak1D F1="8.774877" intensity="3.363687e-003" type="0"/>
    <Peak1D F1="8.390504" intensity="1.414758e-002" type="0"/>
    <Peak1D F1="8.368977" intensity="2.489622e-002" type="0"/>
    <Peak1D F1="8.340364" intensity="6.301703e-001" type="0"/>
    <Peak1D F1="8.318556" intensity="7.115070e-001" type="0"/>
    <Peak1D F1="8.288652" intensity="1.216317e-001" type="0"/>
    <Peak1D F1="8.268788" intensity="1.425690e-001" type="0"/>
    <Peak1D F1="8.252193" intensity="2.584396e-002" type="0"/>
    <Peak1D F1="8.229371" intensity="2.881883e-002" type="0"/>
    <Peak1D F1="8.212408" intensity="6.352349e-002" type="0"/>
    <Peak1D F1="8.207186" intensity="8.309504e-002" type="0"/>
    <Peak1D F1="8.190424" intensity="7.594565e-002" type="0"/>
    <Peak1D F1="8.185219" intensity="9.159701e-002" type="0"/>
    <Peak1D F1="8.162181" intensity="3.242829e-001" type="0"/>
    <Peak1D F1="8.156607" intensity="2.100834e+000" type="0"/>
    <Peak1D F1="8.151829" intensity="8.090023e-001" type="0"/>
    <Peak1D F1="8.139220" intensity="7.784470e-001" type="0"/>
    <Peak1D F1="8.134841" intensity="2.198953e+000" type="0"/>
    <Peak1D F1="8.129099" intensity="4.389431e-001" type="0"/>
    <Peak1D F1="8.123263" intensity="1.155606e-001" type="0"/>
    <Peak1D F1="8.106443" intensity="4.411915e-002" type="0"/>
    <Peak1D F1="8.084805" intensity="3.751789e-002" type="0"/>
    <Peak1D F1="8.069449" intensity="1.940933e-002" type="0"/>
    <Peak1D F1="8.057414" intensity="2.166658e-002" type="0"/>
    <Peak1D F1="8.035566" intensity="2.957741e-002" type="0"/>
    <Peak1D F1="8.024424" intensity="1.418717e-001" type="0"/>
    <Peak1D F1="8.019442" intensity="8.214227e-001" type="0"/>
    <Peak1D F1="8.014874" intensity="2.466916e-001" type="0"/>
    <Peak1D F1="8.002209" intensity="2.558840e-001" type="0"/>
    <Peak1D F1="7.998106" intensity="6.640168e-001" type="0"/>
    <Peak1D F1="7.993003" intensity="9.377476e-002" type="0"/>
    <Peak1D F1="7.969288" intensity="1.611067e-002" type="0"/>
    <Peak1D F1="7.947206" intensity="2.367078e-002" type="0"/>
    <Peak1D F1="7.942291" intensity="1.588935e-002" type="0"/>
    <Peak1D F1="7.935054" intensity="1.627918e-002" type="0"/>
    <Peak1D F1="7.926076" intensity="1.280507e-002" type="0"/>
    <Peak1D F1="7.902752" intensity="7.810260e-003" type="0"/>
    <Peak1D F1="7.841767" intensity="1.540620e-001" type="0"/>
    <Peak1D F1="7.822021" intensity="1.682903e-001" type="0"/>
    <Peak1D F1="7.792472" intensity="8.508121e-003" type="0"/>
    <Peak1D F1="7.786325" intensity="8.803706e-003" type="0"/>
    <Peak1D F1="7.773678" intensity="9.316592e-003" type="0"/>
    <Peak1D F1="7.752950" intensity="6.783708e-003" type="0"/>
    <Peak1D F1="7.724705" intensity="1.310228e-001" type="0"/>
    <Peak1D F1="7.704358" intensity="1.201567e-001" type="0"/>
    <Peak1D F1="7.680851" intensity="1.122301e-002" type="0"/>
    <Peak1D F1="7.662359" intensity="1.471357e-002" type="0"/>
    <Peak1D F1="7.608338" intensity="4.096627e-002" type="0"/>
    <Peak1D F1="7.591302" intensity="8.089918e-002" type="0"/>
    <Peak1D F1="7.579740" intensity="2.329024e-001" type="0"/>
    <Peak1D F1="7.559960" intensity="1.890447e-001" type="0"/>
    <Peak1D F1="7.544984" intensity="6.404596e-002" type="0"/>
    <Peak1D F1="7.529171" intensity="6.861121e-002" type="0"/>
    <Peak1D F1="7.522265" intensity="1.217540e-001" type="0"/>
    <Peak1D F1="7.507750" intensity="6.768163e-002" type="0"/>
    <Peak1D F1="7.499892" intensity="9.997637e-002" type="0"/>
    <Peak1D F1="7.485715" intensity="3.306222e-001" type="0"/>
    <Peak1D F1="7.480086" intensity="2.125581e+000" type="0"/>
    <Peak1D F1="7.475281" intensity="6.956509e-001" type="0"/>
    <Peak1D F1="7.462738" intensity="8.051965e-001" type="0"/>
    <Peak1D F1="7.458043" intensity="2.013445e+000" type="0"/>
    <Peak1D F1="7.446298" intensity="7.997961e-002" type="0"/>
    <Peak1D F1="7.441300" intensity="1.270712e-001" type="0"/>
    <Peak1D F1="7.430002" intensity="4.718387e-002" type="0"/>
    <Peak1D F1="7.408215" intensity="4.294094e-002" type="0"/>
    <Peak1D F1="7.351260" intensity="4.954597e-003" type="0"/>
    <Peak1D F1="7.329331" intensity="1.009431e-002" type="0"/>
    <Peak1D F1="7.324073" intensity="1.392577e-002" type="0"/>
    <Peak1D F1="7.288806" intensity="8.182692e-003" type="0"/>
    <Peak1D F1="7.272392" intensity="1.452636e-002" type="0"/>
    <Peak1D F1="7.246450" intensity="9.007517e-002" type="0"/>
    <Peak1D F1="7.196473" intensity="5.201093e+000" type="0"/>
    <Peak1D F1="7.146384" intensity="7.104596e-002" type="0"/>
    <Peak1D F1="6.932355" intensity="2.478482e-002" type="0"/>
    <Peak1D F1="6.854030" intensity="4.992389e-003" type="0"/>
    <Peak1D F1="6.834035" intensity="3.863938e-003" type="0"/>
    <Peak1D F1="6.314874" intensity="7.528346e-003" type="0"/>
    <Peak1D F1="6.215393" intensity="1.440101e-002" type="0"/>
    <Peak1D F1="6.117373" intensity="7.855582e-002" type="0"/>
    <Peak1D F1="6.096266" intensity="3.051629e-002" type="0"/>
    <Peak1D F1="6.067169" intensity="5.643394e-002" type="0"/>
    <Peak1D F1="6.050159" intensity="1.979389e-002" type="0"/>
    <Peak1D F1="6.016914" intensity="3.311395e+000" type="0"/>
    <Peak1D F1="5.966796" intensity="4.506902e-002" type="0"/>
    <Peak1D F1="5.905079" intensity="2.765065e-002" type="0"/>
    <Peak1D F1="5.892890" intensity="2.828445e-002" type="0"/>
    <Peak1D F1="5.841923" intensity="4.600636e-003" type="0"/>
    <Peak1D F1="5.820196" intensity="5.428690e-003" type="0"/>
    <Peak1D F1="5.815498" intensity="9.179675e-003" type="0"/>
    <Peak1D F1="5.810281" intensity="6.580048e-003" type="0"/>
    <Peak1D F1="5.788930" intensity="4.114822e-003" type="0"/>
    <Peak1D F1="5.641072" intensity="3.462997e-003" type="0"/>
    <Peak1D F1="5.556935" intensity="3.637594e-003" type="0"/>
    <Peak1D F1="5.522119" intensity="4.183016e-003" type="0"/>
    <Peak1D F1="5.492079" intensity="4.322339e-003" type="0"/>
    <Peak1D F1="5.448030" intensity="5.090681e-003" type="0"/>
    <Peak1D F1="5.426401" intensity="5.183689e-003" type="0"/>
    <Peak1D F1="5.410394" intensity="3.372181e-002" type="0"/>
    <Peak1D F1="5.354964" intensity="6.071889e-002" type="0"/>
    <Peak1D F1="5.347866" intensity="5.944023e-002" type="0"/>
    <Peak1D F1="5.328650" intensity="5.837069e-003" type="0"/>
    <Peak1D F1="5.267080" intensity="4.934951e-003" type="0"/>
    <Peak1D F1="5.184293" intensity="6.356138e-003" type="0"/>
    <Peak1D F1="5.172233" intensity="7.428204e-003" type="0"/>
    <Peak1D F1="5.158466" intensity="6.355875e-003" type="0"/>
    <Peak1D F1="5.122102" intensity="6.174407e-003" type="0"/>
    <Peak1D F1="5.103815" intensity="5.260918e-003" type="0"/>
    <Peak1D F1="5.081045" intensity="5.912997e-003" type="0"/>
    <Peak1D F1="5.034151" intensity="6.725741e-003" type="0"/>
    <Peak1D F1="4.997595" intensity="6.960924e-003" type="0"/>
    <Peak1D F1="4.972021" intensity="1.341331e-002" type="0"/>
    <Peak1D F1="4.947657" intensity="1.070647e-002" type="0"/>
    <Peak1D F1="4.914439" intensity="1.016675e-002" type="0"/>
    <Peak1D F1="4.892898" intensity="1.132912e-002" type="0"/>
    <Peak1D F1="4.877879" intensity="1.418644e-002" type="0"/>
    <Peak1D F1="4.871004" intensity="1.405396e-002" type="0"/>
    <Peak1D F1="4.842719" intensity="3.377071e-002" type="0"/>
    <Peak1D F1="4.819564" intensity="3.892451e-002" type="0"/>
    <Peak1D F1="4.792496" intensity="1.127628e+000" type="0"/>
    <Peak1D F1="4.769747" intensity="1.152098e+000" type="0"/>
    <Peak1D F1="4.742169" intensity="4.990806e-002" type="0"/>
    <Peak1D F1="4.720002" intensity="5.743141e-002" type="0"/>
    <Peak1D F1="4.665136" intensity="5.625629e-002" type="0"/>
    <Peak1D F1="4.609958" intensity="4.223170e-002" type="0"/>
    <Peak1D F1="4.586290" intensity="3.556084e-002" type="0"/>
    <Peak1D F1="4.544466" intensity="2.062598e-002" type="0"/>
    <Peak1D F1="4.540072" intensity="1.900897e-002" type="0"/>
    <Peak1D F1="4.472892" intensity="9.351167e-003" type="0"/>
    <Peak1D F1="4.440156" intensity="9.413407e-003" type="0"/>
    <Peak1D F1="4.431702" intensity="9.384160e-003" type="0"/>
    <Peak1D F1="4.373930" intensity="5.121677e-003" type="0"/>
    <Peak1D F1="4.347640" intensity="5.609232e-003" type="0"/>
    <Peak1D F1="4.315924" intensity="5.177082e-003" type="0"/>
    <Peak1D F1="4.283196" intensity="3.959670e-003" type="0"/>
    <Peak1D F1="4.251093" intensity="3.275912e-003" type="0"/>
    <Peak1D F1="3.988348" intensity="3.618101e-003" type="0"/>
    <Peak1D F1="3.974510" intensity="4.407849e-003" type="0"/>
    <Peak1D F1="3.876907" intensity="5.330567e-002" type="0"/>
    <Peak1D F1="3.859938" intensity="8.100518e-003" type="0"/>
    <Peak1D F1="3.843111" intensity="6.836797e-002" type="0"/>
    <Peak1D F1="3.821616" intensity="4.421499e-002" type="0"/>
    <Peak1D F1="3.809813" intensity="2.454819e-001" type="0"/>
    <Peak1D F1="3.794117" intensity="9.918371e-003" type="0"/>
    <Peak1D F1="3.749815" intensity="2.021327e-001" type="0"/>
    <Peak1D F1="3.744163" intensity="1.515733e-001" type="0"/>
    <Peak1D F1="3.699408" intensity="1.006317e+001" type="0"/>
    <Peak1D F1="3.661958" intensity="4.141085e-002" type="0"/>
    <Peak1D F1="3.649164" intensity="1.440744e-001" type="0"/>
    <Peak1D F1="3.621924" intensity="7.006545e-003" type="0"/>
    <Peak1D F1="3.599682" intensity="4.978661e-003" type="0"/>
    <Peak1D F1="3.589970" intensity="4.234259e-003" type="0"/>
    <Peak1D F1="3.555121" intensity="3.521915e-003" type="0"/>
    <Peak1D F1="3.517348" intensity="5.332307e-002" type="0"/>
    <Peak1D F1="3.449140" intensity="6.246289e-003" type="0"/>
    <Peak1D F1="3.147774" intensity="5.903548e-003" type="0"/>
    <Peak1D F1="2.960858" intensity="6.559208e-003" type="0"/>
    <Peak1D F1="2.952828" intensity="7.701933e-003" type="0"/>
    <Peak1D F1="2.942191" intensity="1.190543e-002" type="0"/>
    <Peak1D F1="2.934695" intensity="1.053497e-002" type="0"/>
    <Peak1D F1="2.923435" intensity="7.334589e-003" type="0"/>
    <Peak1D F1="2.788430" intensity="6.534423e-003" type="0"/>
    <Peak1D F1="2.775485" intensity="8.840759e-003" type="0"/>
    <Peak1D F1="2.758239" intensity="1.072730e-002" type="0"/>
    <Peak1D F1="2.737989" intensity="8.546105e-003" type="0"/>
    <Peak1D F1="2.726852" intensity="8.673834e-003" type="0"/>
    <Peak1D F1="2.674190" intensity="4.047840e-003" type="0"/>
    <Peak1D F1="2.575465" intensity="3.772525e-003" type="0"/>
    <Peak1D F1="2.542791" intensity="4.848896e-003" type="0"/>
    <Peak1D F1="2.486426" intensity="1.236068e-002" type="0"/>
    <Peak1D F1="2.460439" intensity="1.661433e-002" type="0"/>
    <Peak1D F1="2.434821" intensity="1.791573e-001" type="0"/>
    <Peak1D F1="2.430159" intensity="1.992498e-001" type="0"/>
    <Peak1D F1="2.414767" intensity="2.129422e-001" type="0"/>
    <Peak1D F1="2.409384" intensity="2.117405e-001" type="0"/>
    <Peak1D F1="2.385728" intensity="3.087240e-001" type="0"/>
    <Peak1D F1="2.381950" intensity="2.796814e-001" type="0"/>
    <Peak1D F1="2.370623" intensity="1.681063e-001" type="0"/>
    <Peak1D F1="2.361096" intensity="3.651953e-001" type="0"/>
    <Peak1D F1="2.353117" intensity="2.524776e-001" type="0"/>
    <Peak1D F1="2.330044" intensity="3.827910e-001" type="0"/>
    <Peak1D F1="2.322484" intensity="2.225351e-001" type="0"/>
    <Peak1D F1="2.319403" intensity="1.950948e-001" type="0"/>
    <Peak1D F1="2.310053" intensity="2.845563e-001" type="0"/>
    <Peak1D F1="2.299812" intensity="3.505574e-001" type="0"/>
    <Peak1D F1="2.279793" intensity="2.298096e-001" type="0"/>
    <Peak1D F1="2.277004" intensity="2.139209e-001" type="0"/>
    <Peak1D F1="2.256433" intensity="1.159353e-001" type="0"/>
    <Peak1D F1="2.249369" intensity="3.752285e-001" type="0"/>
    <Peak1D F1="2.235625" intensity="1.034506e-001" type="0"/>
    <Peak1D F1="2.227229" intensity="4.291291e-001" type="0"/>
    <Peak1D F1="2.223045" intensity="4.431957e-001" type="0"/>
    <Peak1D F1="2.206836" intensity="1.400126e-001" type="0"/>
    <Peak1D F1="2.200509" intensity="5.512183e-001" type="0"/>
    <Peak1D F1="2.193118" intensity="1.189338e-001" type="0"/>
    <Peak1D F1="2.178984" intensity="3.073300e-001" type="0"/>
    <Peak1D F1="2.174361" intensity="3.036452e-001" type="0"/>
    <Peak1D F1="2.166206" intensity="1.649518e-001" type="0"/>
    <Peak1D F1="2.151882" intensity="4.426673e-001" type="0"/>
    <Peak1D F1="2.145871" intensity="4.098067e-001" type="0"/>
    <Peak1D F1="2.115609" intensity="4.529502e+000" type="0"/>
    <Peak1D F1="2.106641" intensity="3.594400e+000" type="0"/>
    <Peak1D F1="2.095947" intensity="1.448177e+001" type="0"/>
    <Peak1D F1="2.084176" intensity="3.781749e+000" type="0"/>
    <Peak1D F1="2.077038" intensity="7.193835e+000" type="0"/>
    <Peak1D F1="2.061600" intensity="4.119848e-001" type="0"/>
    <Peak1D F1="2.055807" intensity="3.695892e-001" type="0"/>
    <Peak1D F1="2.051609" intensity="3.698384e-001" type="0"/>
    <Peak1D F1="2.046171" intensity="3.876739e-001" type="0"/>
    <Peak1D F1="2.027157" intensity="1.776328e-001" type="0"/>
    <Peak1D F1="1.984771" intensity="2.225633e-001" type="0"/>
    <Peak1D F1="1.980227" intensity="1.884153e-001" type="0"/>
    <Peak1D F1="1.968287" intensity="2.485663e-001" type="0"/>
    <Peak1D F1="1.962363" intensity="3.731117e-001" type="0"/>
    <Peak1D F1="1.957394" intensity="4.368730e-001" type="0"/>
    <Peak1D F1="1.952556" intensity="4.540158e-001" type="0"/>
    <Peak1D F1="1.947881" intensity="4.705036e-001" type="0"/>
    <Peak1D F1="1.940734" intensity="7.286578e-001" type="0"/>
    <Peak1D F1="1.931864" intensity="8.699939e-001" type="0"/>
    <Peak1D F1="1.925241" intensity="9.743201e-001" type="0"/>
    <Peak1D F1="1.920092" intensity="9.054422e-001" type="0"/>
    <Peak1D F1="1.910496" intensity="7.376058e+000" type="0"/>
    <Peak1D F1="1.900475" intensity="5.978788e+000" type="0"/>
    <Peak1D F1="1.899292" intensity="6.095625e+000" type="0"/>
    <Peak1D F1="1.890924" intensity="1.500000e+001" type="0"/>
    <Peak1D F1="1.880557" intensity="5.399442e+000" type="0"/>
    <Peak1D F1="1.871485" intensity="4.712503e+000" type="0"/>
    <Peak1D F1="1.859288" intensity="5.912462e-001" type="0"/>
    <Peak1D F1="1.849150" intensity="3.563276e-001" type="0"/>
    <Peak1D F1="1.841028" intensity="3.273283e-001" type="0"/>
    <Peak1D F1="1.830903" intensity="1.567057e-001" type="0"/>
    <Peak1D F1="1.821512" intensity="1.304961e-001" type="0"/>
    <Peak1D F1="1.808797" intensity="6.788076e-002" type="0"/>
    <Peak1D F1="1.798831" intensity="6.099767e-002" type="0"/>
    <Peak1D F1="1.779185" intensity="4.937004e-002" type="0"/>
    <Peak1D F1="1.759608" intensity="6.191075e-002" type="0"/>
    <Peak1D F1="1.744967" intensity="1.388420e-001" type="0"/>
    <Peak1D F1="1.729244" intensity="1.780408e-001" type="0"/>
    <Peak1D F1="1.723950" intensity="1.979421e-001" type="0"/>
    <Peak1D F1="1.717072" intensity="1.949824e-001" type="0"/>
    <Peak1D F1="1.708076" intensity="2.226740e-001" type="0"/>
    <Peak1D F1="1.701252" intensity="3.510013e-001" type="0"/>
    <Peak1D F1="1.697738" intensity="2.904269e-001" type="0"/>
    <Peak1D F1="1.690522" intensity="2.317690e-001" type="0"/>
    <Peak1D F1="1.682392" intensity="6.527407e-001" type="0"/>
    <Peak1D F1="1.671503" intensity="4.762479e-001" type="0"/>
    <Peak1D F1="1.663053" intensity="4.860513e-001" type="0"/>
    <Peak1D F1="1.659129" intensity="6.658227e-001" type="0"/>
    <Peak1D F1="1.654856" intensity="4.880733e-001" type="0"/>
    <Peak1D F1="1.643596" intensity="3.830253e-001" type="0"/>
    <Peak1D F1="1.638855" intensity="4.209587e-001" type="0"/>
    <Peak1D F1="1.627742" intensity="1.743532e-001" type="0"/>
    <Peak1D F1="1.623399" intensity="1.935259e-001" type="0"/>
    <Peak1D F1="1.618582" intensity="1.649901e-001" type="0"/>
    <Peak1D F1="1.584278" intensity="4.783676e-002" type="0"/>
    <Peak1D F1="1.572397" intensity="4.882355e-002" type="0"/>
    <Peak1D F1="1.550734" intensity="5.136110e-002" type="0"/>
    <Peak1D F1="1.541184" intensity="8.220220e-002" type="0"/>
    <Peak1D F1="1.535578" intensity="1.830849e-001" type="0"/>
    <Peak1D F1="1.519783" intensity="1.343432e-001" type="0"/>
    <Peak1D F1="1.512472" intensity="1.646539e-001" type="0"/>
    <Peak1D F1="1.501474" intensity="3.423364e-001" type="0"/>
    <Peak1D F1="1.483943" intensity="4.018684e-001" type="0"/>
    <Peak1D F1="1.471094" intensity="2.903140e-001" type="0"/>
    <Peak1D F1="1.454180" intensity="2.891944e-001" type="0"/>
    <Peak1D F1="1.442730" intensity="6.171964e-002" type="0"/>
    <Peak1D F1="1.436347" intensity="9.263638e-002" type="0"/>
    <Peak1D F1="1.431119" intensity="5.678487e-002" type="0"/>
    <Peak1D F1="1.424495" intensity="9.794485e-002" type="0"/>
    <Peak1D F1="1.405009" intensity="2.305032e-002" type="0"/>
    <Peak1D F1="1.354122" intensity="1.524708e-002" type="0"/>
    <Peak1D F1="1.342875" intensity="1.522689e-002" type="0"/>
    <Peak1D F1="1.325235" intensity="1.510149e-002" type="0"/>
    <Peak1D F1="1.262964" intensity="2.180397e-002" type="0"/>
    <Peak1D F1="1.236600" intensity="3.018922e-002" type="0"/>
    <Peak1D F1="1.186379" intensity="8.874749e-002" type="0"/>
    <Peak1D F1="1.132564" intensity="1.047179e-002" type="0"/>
    <Peak1D F1="1.104767" intensity="7.165123e-003" type="0"/>
    <Peak1D F1="1.093395" intensity="6.834804e-003" type="0"/>
    <Peak1D F1="1.056101" intensity="6.226536e-003" type="0"/>
    <Peak1D F1="1.021809" intensity="6.094791e-003" type="0"/>
    <Peak1D F1="0.977220" intensity="5.131997e-003" type="0"/>
    <Peak1D F1="0.949802" intensity="4.811848e-003" type="0"/>
    <Peak1D F1="0.924737" intensity="3.834910e-003" type="0"/>
    <Peak1D F1="0.875246" intensity="5.197694e-003" type="0"/>
    <Peak1D F1="0.825788" intensity="1.464425e-002" type="0"/>
    <Peak1D F1="0.809969" intensity="2.633068e-002" type="0"/>
    <Peak1D F1="0.791220" intensity="1.586182e-002" type="0"/>
    <Peak1D F1="0.781458" intensity="1.664722e-002" type="0"/>
    <Peak1D F1="0.761082" intensity="1.868922e-002" type="0"/>
    <Peak1D F1="0.743085" intensity="1.164923e-002" type="0"/>
    <Peak1D F1="0.665638" intensity="3.703529e-003" type="0"/>
    <Peak1D F1="0.647840" intensity="4.021165e-003" type="0"/>
    <Peak1D F1="0.638291" intensity="3.804070e-003" type="0"/>
    <Peak1D F1="0.456129" intensity="3.659360e-003" type="0"/>
    <Peak1D F1="0.383113" intensity="3.453773e-003" type="0"/>
    <Peak1D F1="0.068310" intensity="3.703993e-003" type="0"/>
    <Peak1D F1="0.049953" intensity="6.354673e-003" type="0"/>
    <Peak1D F1="0.008365" intensity="1.542775e-002" type="0"/>
    <Peak1D F1="-0.000155" intensity="2.659821e-001" type="0"/>
    <Peak1D F1="-0.049713" intensity="4.547398e-003" type="0"/>
    <Peak1D F1="-3.444690" intensity="3.674460e-003" type="0"/>
  </PeakList1D>
</PeakList>
