<?xml version="1.0" encoding="UTF-8"?>
<PeakList>
  <PeakList1D>
    <PeakList1DHeader creator="nmr" date="2021-08-11T22:41:44.775+03:00" expNo="10" name="ID-427-M-11.8.21" owner="" procNo="1" source="//132.72.8.180/400b/Milo/Milo">
      <PeakPickDetails>F1=16.140360ppm, F2=-3.888686ppm, MI=0.00cm, MAXI=10000.00cm, PC=1.000
      </PeakPickDetails>
    </PeakList1DHeader>
    <Peak1D F1="12.550382" intensity="1.123338e-003" type="0"/>
    <Peak1D F1="12.332446" intensity="1.035137e-003" type="0"/>
    <Peak1D F1="12.061036" intensity="9.910697e-004" type="0"/>
    <Peak1D F1="11.927809" intensity="1.692014e-003" type="0"/>
    <Peak1D F1="11.412855" intensity="9.969866e-004" type="0"/>
    <Peak1D F1="11.135691" intensity="9.747455e-004" type="0"/>
    <Peak1D F1="11.021771" intensity="9.712646e-004" type="0"/>
    <Peak1D F1="10.091155" intensity="2.323871e-003" type="0"/>
    <Peak1D F1="10.084130" intensity="2.546260e-003" type="0"/>
    <Peak1D F1="10.076190" intensity="2.743500e-003" type="0"/>
    <Peak1D F1="8.551658" intensity="1.021173e-003" type="0"/>
    <Peak1D F1="8.545924" intensity="1.140975e-003" type="0"/>
    <Peak1D F1="8.509628" intensity="1.225891e-003" type="0"/>
    <Peak1D F1="8.475551" intensity="1.308169e-003" type="0"/>
    <Peak1D F1="8.440354" intensity="1.836435e-003" type="0"/>
    <Peak1D F1="8.415309" intensity="2.378081e-003" type="0"/>
    <Peak1D F1="8.399468" intensity="2.529673e-003" type="0"/>
    <Peak1D F1="8.381847" intensity="2.634384e-003" type="0"/>
    <Peak1D F1="8.346210" intensity="8.895694e-003" type="0"/>
    <Peak1D F1="8.327427" intensity="1.354314e-002" type="0"/>
    <Peak1D F1="8.318242" intensity="1.301736e-002" type="0"/>
    <Peak1D F1="8.313335" intensity="1.225668e-002" type="0"/>
    <Peak1D F1="8.296254" intensity="8.156557e-003" type="0"/>
    <Peak1D F1="8.228716" intensity="6.940617e-002" type="0"/>
    <Peak1D F1="8.221597" intensity="8.346830e-002" type="0"/>
    <Peak1D F1="8.215551" intensity="1.034856e-001" type="0"/>
    <Peak1D F1="8.207848" intensity="1.262041e-001" type="0"/>
    <Peak1D F1="8.199342" intensity="1.379319e-001" type="0"/>
    <Peak1D F1="8.193636" intensity="1.569338e-001" type="0"/>
    <Peak1D F1="8.185510" intensity="1.180572e-001" type="0"/>
    <Peak1D F1="8.179018" intensity="1.104321e-001" type="0"/>
    <Peak1D F1="8.171286" intensity="1.147147e-001" type="0"/>
    <Peak1D F1="8.162599" intensity="1.111364e-001" type="0"/>
    <Peak1D F1="8.143001" intensity="1.017864e+000" type="0"/>
    <Peak1D F1="8.138157" intensity="9.079247e-001" type="0"/>
    <Peak1D F1="8.134175" intensity="1.375201e+000" type="0"/>
    <Peak1D F1="8.129264" intensity="1.129554e+000" type="0"/>
    <Peak1D F1="8.123874" intensity="1.669562e+000" type="0"/>
    <Peak1D F1="8.121340" intensity="1.662528e+000" type="0"/>
    <Peak1D F1="8.112418" intensity="1.572783e+000" type="0"/>
    <Peak1D F1="8.106886" intensity="1.106005e+000" type="0"/>
    <Peak1D F1="8.102245" intensity="1.211174e+000" type="0"/>
    <Peak1D F1="8.097328" intensity="4.139485e-001" type="0"/>
    <Peak1D F1="8.092685" intensity="3.263686e-001" type="0"/>
    <Peak1D F1="8.074243" intensity="6.582057e-002" type="0"/>
    <Peak1D F1="8.062867" intensity="2.721245e-002" type="0"/>
    <Peak1D F1="8.057120" intensity="1.975163e-002" type="0"/>
    <Peak1D F1="8.052530" intensity="2.377609e-002" type="0"/>
    <Peak1D F1="8.042556" intensity="8.183578e-003" type="0"/>
    <Peak1D F1="8.026204" intensity="3.917680e-003" type="0"/>
    <Peak1D F1="8.020823" intensity="5.017064e-003" type="0"/>
    <Peak1D F1="8.014411" intensity="3.286718e-003" type="0"/>
    <Peak1D F1="7.998527" intensity="2.670528e-003" type="0"/>
    <Peak1D F1="7.992871" intensity="3.179991e-003" type="0"/>
    <Peak1D F1="7.933069" intensity="3.950826e-002" type="0"/>
    <Peak1D F1="7.928565" intensity="4.971025e-002" type="0"/>
    <Peak1D F1="7.922886" intensity="6.224135e-002" type="0"/>
    <Peak1D F1="7.917369" intensity="7.161722e-002" type="0"/>
    <Peak1D F1="7.912982" intensity="7.481486e-002" type="0"/>
    <Peak1D F1="7.906720" intensity="7.332095e-002" type="0"/>
    <Peak1D F1="7.901767" intensity="6.546710e-002" type="0"/>
    <Peak1D F1="7.896381" intensity="6.368571e-002" type="0"/>
    <Peak1D F1="7.891524" intensity="4.892507e-002" type="0"/>
    <Peak1D F1="7.874721" intensity="1.881780e-002" type="0"/>
    <Peak1D F1="7.868855" intensity="1.442923e-002" type="0"/>
    <Peak1D F1="7.860042" intensity="1.335402e-002" type="0"/>
    <Peak1D F1="7.853403" intensity="1.667744e-002" type="0"/>
    <Peak1D F1="7.845162" intensity="2.363168e-002" type="0"/>
    <Peak1D F1="7.838286" intensity="2.735155e-002" type="0"/>
    <Peak1D F1="7.831118" intensity="2.504484e-002" type="0"/>
    <Peak1D F1="7.823907" intensity="2.418368e-002" type="0"/>
    <Peak1D F1="7.816449" intensity="1.952218e-002" type="0"/>
    <Peak1D F1="7.809458" intensity="1.541659e-002" type="0"/>
    <Peak1D F1="7.790587" intensity="4.316083e-002" type="0"/>
    <Peak1D F1="7.768337" intensity="9.974245e-002" type="0"/>
    <Peak1D F1="7.763315" intensity="1.148943e-001" type="0"/>
    <Peak1D F1="7.758562" intensity="1.170424e-001" type="0"/>
    <Peak1D F1="7.752743" intensity="1.295627e-001" type="0"/>
    <Peak1D F1="7.747058" intensity="1.793334e-001" type="0"/>
    <Peak1D F1="7.743259" intensity="1.783618e-001" type="0"/>
    <Peak1D F1="7.737519" intensity="1.192842e-001" type="0"/>
    <Peak1D F1="7.731122" intensity="1.261723e-001" type="0"/>
    <Peak1D F1="7.726523" intensity="1.328761e-001" type="0"/>
    <Peak1D F1="7.716807" intensity="3.878380e-002" type="0"/>
    <Peak1D F1="7.712399" intensity="3.507680e-002" type="0"/>
    <Peak1D F1="7.676457" intensity="1.500684e-002" type="0"/>
    <Peak1D F1="7.657713" intensity="1.312082e-002" type="0"/>
    <Peak1D F1="7.652653" intensity="1.312290e-002" type="0"/>
    <Peak1D F1="7.633832" intensity="4.761630e-002" type="0"/>
    <Peak1D F1="7.616141" intensity="8.164374e-002" type="0"/>
    <Peak1D F1="7.611228" intensity="7.785302e-002" type="0"/>
    <Peak1D F1="7.592232" intensity="7.806517e-002" type="0"/>
    <Peak1D F1="7.570186" intensity="7.003912e-002" type="0"/>
    <Peak1D F1="7.552457" intensity="8.774156e-002" type="0"/>
    <Peak1D F1="7.531106" intensity="1.098975e-001" type="0"/>
    <Peak1D F1="7.526390" intensity="1.049503e-001" type="0"/>
    <Peak1D F1="7.519194" intensity="9.934393e-002" type="0"/>
    <Peak1D F1="7.511517" intensity="1.502775e-001" type="0"/>
    <Peak1D F1="7.506107" intensity="1.729103e-001" type="0"/>
    <Peak1D F1="7.501128" intensity="1.745845e-001" type="0"/>
    <Peak1D F1="7.494657" intensity="2.180999e-001" type="0"/>
    <Peak1D F1="7.488711" intensity="3.387196e-001" type="0"/>
    <Peak1D F1="7.482895" intensity="1.221114e+000" type="0"/>
    <Peak1D F1="7.476525" intensity="1.843464e+000" type="0"/>
    <Peak1D F1="7.470795" intensity="1.763810e+000" type="0"/>
    <Peak1D F1="7.465936" intensity="1.076132e+000" type="0"/>
    <Peak1D F1="7.460739" intensity="1.374334e+000" type="0"/>
    <Peak1D F1="7.455070" intensity="1.676744e+000" type="0"/>
    <Peak1D F1="7.454332" intensity="1.694070e+000" type="0"/>
    <Peak1D F1="7.448884" intensity="1.422575e+000" type="0"/>
    <Peak1D F1="7.427496" intensity="5.734965e-002" type="0"/>
    <Peak1D F1="7.420769" intensity="4.581788e-002" type="0"/>
    <Peak1D F1="7.411143" intensity="3.623692e-002" type="0"/>
    <Peak1D F1="7.404907" intensity="3.037387e-002" type="0"/>
    <Peak1D F1="7.398426" intensity="2.882172e-002" type="0"/>
    <Peak1D F1="7.336074" intensity="4.942384e-003" type="0"/>
    <Peak1D F1="7.313372" intensity="1.416463e-002" type="0"/>
    <Peak1D F1="7.305311" intensity="1.715889e-002" type="0"/>
    <Peak1D F1="7.298085" intensity="1.782508e-002" type="0"/>
    <Peak1D F1="7.284256" intensity="9.202030e-002" type="0"/>
    <Peak1D F1="7.234961" intensity="5.388131e+000" type="0"/>
    <Peak1D F1="7.215886" intensity="8.579191e-003" type="0"/>
    <Peak1D F1="7.208045" intensity="5.222111e-003" type="0"/>
    <Peak1D F1="7.184427" intensity="8.842393e-002" type="0"/>
    <Peak1D F1="7.131667" intensity="3.734170e-003" type="0"/>
    <Peak1D F1="7.116907" intensity="8.732397e-003" type="0"/>
    <Peak1D F1="7.111106" intensity="8.471553e-003" type="0"/>
    <Peak1D F1="7.096184" intensity="7.979454e-003" type="0"/>
    <Peak1D F1="7.077278" intensity="1.931583e-002" type="0"/>
    <Peak1D F1="7.069868" intensity="2.341954e-002" type="0"/>
    <Peak1D F1="7.060564" intensity="3.262880e-002" type="0"/>
    <Peak1D F1="7.054519" intensity="5.159833e-002" type="0"/>
    <Peak1D F1="7.047256" intensity="6.093933e-002" type="0"/>
    <Peak1D F1="7.038270" intensity="6.212666e-002" type="0"/>
    <Peak1D F1="7.032787" intensity="6.734463e-002" type="0"/>
    <Peak1D F1="7.023175" intensity="7.650032e-002" type="0"/>
    <Peak1D F1="7.018019" intensity="7.602719e-002" type="0"/>
    <Peak1D F1="7.013615" intensity="7.275080e-002" type="0"/>
    <Peak1D F1="6.996824" intensity="1.250223e-001" type="0"/>
    <Peak1D F1="6.991934" intensity="1.250470e-001" type="0"/>
    <Peak1D F1="6.987346" intensity="1.310127e-001" type="0"/>
    <Peak1D F1="6.981026" intensity="1.366293e-001" type="0"/>
    <Peak1D F1="6.975165" intensity="1.900235e-001" type="0"/>
    <Peak1D F1="6.970224" intensity="1.774412e-001" type="0"/>
    <Peak1D F1="6.965053" intensity="1.428330e-001" type="0"/>
    <Peak1D F1="6.959191" intensity="1.237211e-001" type="0"/>
    <Peak1D F1="6.953007" intensity="1.458417e-001" type="0"/>
    <Peak1D F1="6.947958" intensity="7.448931e-002" type="0"/>
    <Peak1D F1="6.942876" intensity="6.057329e-002" type="0"/>
    <Peak1D F1="6.935916" intensity="4.501431e-002" type="0"/>
    <Peak1D F1="6.931059" intensity="4.858850e-002" type="0"/>
    <Peak1D F1="6.912836" intensity="9.086439e-003" type="0"/>
    <Peak1D F1="6.904396" intensity="9.520666e-003" type="0"/>
    <Peak1D F1="6.895664" intensity="7.157261e-003" type="0"/>
    <Peak1D F1="6.882439" intensity="3.698142e-003" type="0"/>
    <Peak1D F1="6.832035" intensity="3.769852e-003" type="0"/>
    <Peak1D F1="6.822806" intensity="4.139286e-003" type="0"/>
    <Peak1D F1="6.813618" intensity="6.272567e-003" type="0"/>
    <Peak1D F1="6.803549" intensity="4.306185e-003" type="0"/>
    <Peak1D F1="6.792215" intensity="4.879463e-003" type="0"/>
    <Peak1D F1="6.782261" intensity="2.400533e-003" type="0"/>
    <Peak1D F1="6.771735" intensity="2.241720e-003" type="0"/>
    <Peak1D F1="6.742238" intensity="1.197444e-003" type="0"/>
    <Peak1D F1="6.720506" intensity="3.067202e-003" type="0"/>
    <Peak1D F1="6.716850" intensity="3.475638e-003" type="0"/>
    <Peak1D F1="6.703464" intensity="2.906197e-003" type="0"/>
    <Peak1D F1="6.199630" intensity="5.440892e-003" type="0"/>
    <Peak1D F1="6.190562" intensity="4.480737e-003" type="0"/>
    <Peak1D F1="6.140453" intensity="1.357863e-003" type="0"/>
    <Peak1D F1="6.112786" intensity="6.690905e-003" type="0"/>
    <Peak1D F1="6.106446" intensity="6.960125e-003" type="0"/>
    <Peak1D F1="6.094467" intensity="8.023872e-003" type="0"/>
    <Peak1D F1="6.058978" intensity="4.451553e-002" type="0"/>
    <Peak1D F1="6.051094" intensity="4.505068e-002" type="0"/>
    <Peak1D F1="6.042274" intensity="7.009994e-002" type="0"/>
    <Peak1D F1="6.009216" intensity="1.594005e+000" type="0"/>
    <Peak1D F1="6.001314" intensity="1.821183e+000" type="0"/>
    <Peak1D F1="5.992058" intensity="1.590678e+000" type="0"/>
    <Peak1D F1="5.959414" intensity="4.228725e-002" type="0"/>
    <Peak1D F1="5.951442" intensity="2.800648e-002" type="0"/>
    <Peak1D F1="5.942090" intensity="5.825745e-002" type="0"/>
    <Peak1D F1="5.935310" intensity="3.494878e-002" type="0"/>
    <Peak1D F1="5.930115" intensity="3.262622e-002" type="0"/>
    <Peak1D F1="5.884817" intensity="5.596943e-003" type="0"/>
    <Peak1D F1="5.799949" intensity="4.053839e-002" type="0"/>
    <Peak1D F1="5.761247" intensity="2.817944e-002" type="0"/>
    <Peak1D F1="5.706086" intensity="6.242278e-003" type="0"/>
    <Peak1D F1="5.687309" intensity="6.337254e-003" type="0"/>
    <Peak1D F1="5.637351" intensity="2.205545e-002" type="0"/>
    <Peak1D F1="5.610347" intensity="2.181306e-002" type="0"/>
    <Peak1D F1="5.572427" intensity="3.453272e-003" type="0"/>
    <Peak1D F1="5.545064" intensity="5.039180e-003" type="0"/>
    <Peak1D F1="5.501640" intensity="5.850170e-003" type="0"/>
    <Peak1D F1="5.460899" intensity="2.810642e-002" type="0"/>
    <Peak1D F1="5.452412" intensity="3.068787e-002" type="0"/>
    <Peak1D F1="5.401255" intensity="5.707733e-003" type="0"/>
    <Peak1D F1="5.385230" intensity="1.400984e-002" type="0"/>
    <Peak1D F1="5.378069" intensity="1.384786e-002" type="0"/>
    <Peak1D F1="5.335896" intensity="2.136559e-001" type="0"/>
    <Peak1D F1="5.328602" intensity="2.100477e-001" type="0"/>
    <Peak1D F1="5.287024" intensity="4.931130e-003" type="0"/>
    <Peak1D F1="5.277906" intensity="4.205727e-003" type="0"/>
    <Peak1D F1="5.150411" intensity="5.787365e-003" type="0"/>
    <Peak1D F1="5.134473" intensity="4.667099e-003" type="0"/>
    <Peak1D F1="4.998637" intensity="6.795756e-003" type="0"/>
    <Peak1D F1="4.977477" intensity="7.561921e-003" type="0"/>
    <Peak1D F1="4.967382" intensity="1.217098e-003" type="0"/>
    <Peak1D F1="4.927743" intensity="1.526977e-002" type="0"/>
    <Peak1D F1="4.905676" intensity="2.622336e-002" type="0"/>
    <Peak1D F1="4.884831" intensity="2.274342e-002" type="0"/>
    <Peak1D F1="4.869849" intensity="6.370544e-002" type="0"/>
    <Peak1D F1="4.847237" intensity="4.973608e-002" type="0"/>
    <Peak1D F1="4.841392" intensity="5.365425e-002" type="0"/>
    <Peak1D F1="4.819984" intensity="1.352978e+000" type="0"/>
    <Peak1D F1="4.798086" intensity="1.397585e+000" type="0"/>
    <Peak1D F1="4.769644" intensity="6.506930e-002" type="0"/>
    <Peak1D F1="4.746674" intensity="1.039596e-001" type="0"/>
    <Peak1D F1="4.707695" intensity="3.051132e-001" type="0"/>
    <Peak1D F1="4.637458" intensity="3.632967e-002" type="0"/>
    <Peak1D F1="4.614441" intensity="2.306297e-002" type="0"/>
    <Peak1D F1="4.501076" intensity="1.868214e-003" type="0"/>
    <Peak1D F1="3.871419" intensity="2.335564e-002" type="0"/>
    <Peak1D F1="3.863798" intensity="2.877510e-002" type="0"/>
    <Peak1D F1="3.854893" intensity="2.510684e-002" type="0"/>
    <Peak1D F1="3.842382" intensity="4.067941e-003" type="0"/>
    <Peak1D F1="3.836252" intensity="4.483287e-003" type="0"/>
    <Peak1D F1="3.828712" intensity="3.647008e-003" type="0"/>
    <Peak1D F1="3.804646" intensity="1.555325e-002" type="0"/>
    <Peak1D F1="3.797149" intensity="1.868068e-002" type="0"/>
    <Peak1D F1="3.788455" intensity="1.734984e-002" type="0"/>
    <Peak1D F1="3.777755" intensity="1.120641e-002" type="0"/>
    <Peak1D F1="3.743745" intensity="1.277553e-001" type="0"/>
    <Peak1D F1="3.736318" intensity="8.512145e-002" type="0"/>
    <Peak1D F1="3.727541" intensity="1.108394e-001" type="0"/>
    <Peak1D F1="3.694037" intensity="4.772157e+000" type="0"/>
    <Peak1D F1="3.686353" intensity="5.628554e+000" type="0"/>
    <Peak1D F1="3.677433" intensity="4.841972e+000" type="0"/>
    <Peak1D F1="3.644207" intensity="1.219432e-001" type="0"/>
    <Peak1D F1="3.636489" intensity="7.519795e-002" type="0"/>
    <Peak1D F1="3.627584" intensity="9.093433e-002" type="0"/>
    <Peak1D F1="3.595035" intensity="3.146036e-003" type="0"/>
    <Peak1D F1="3.560955" intensity="2.728032e-003" type="0"/>
    <Peak1D F1="3.534378" intensity="3.726253e-003" type="0"/>
    <Peak1D F1="3.525823" intensity="4.402311e-003" type="0"/>
    <Peak1D F1="3.511754" intensity="2.960421e-002" type="0"/>
    <Peak1D F1="3.504072" intensity="3.540341e-002" type="0"/>
    <Peak1D F1="3.495208" intensity="3.184554e-002" type="0"/>
    <Peak1D F1="3.392483" intensity="1.810901e-002" type="0"/>
    <Peak1D F1="3.380136" intensity="1.796853e-002" type="0"/>
    <Peak1D F1="3.328685" intensity="1.717832e-002" type="0"/>
    <Peak1D F1="2.956776" intensity="7.219422e-003" type="0"/>
    <Peak1D F1="2.951454" intensity="8.878229e-003" type="0"/>
    <Peak1D F1="2.945485" intensity="1.016597e-002" type="0"/>
    <Peak1D F1="2.939399" intensity="1.260812e-002" type="0"/>
    <Peak1D F1="2.932862" intensity="1.252894e-002" type="0"/>
    <Peak1D F1="2.927095" intensity="9.143722e-003" type="0"/>
    <Peak1D F1="2.914630" intensity="7.146654e-003" type="0"/>
    <Peak1D F1="2.866057" intensity="3.445914e-003" type="0"/>
    <Peak1D F1="2.847872" intensity="7.792461e-003" type="0"/>
    <Peak1D F1="2.825747" intensity="4.713218e-003" type="0"/>
    <Peak1D F1="2.767088" intensity="2.465965e-002" type="0"/>
    <Peak1D F1="2.704615" intensity="5.653320e-003" type="0"/>
    <Peak1D F1="2.682344" intensity="6.325169e-003" type="0"/>
    <Peak1D F1="2.652922" intensity="5.482940e-003" type="0"/>
    <Peak1D F1="2.630746" intensity="5.558339e-003" type="0"/>
    <Peak1D F1="2.539266" intensity="2.124334e-002" type="0"/>
    <Peak1D F1="2.514082" intensity="2.156345e-002" type="0"/>
    <Peak1D F1="2.509427" intensity="2.041224e-002" type="0"/>
    <Peak1D F1="2.486193" intensity="2.409479e-002" type="0"/>
    <Peak1D F1="2.459696" intensity="3.056157e-002" type="0"/>
    <Peak1D F1="2.431039" intensity="3.923391e-002" type="0"/>
    <Peak1D F1="2.409914" intensity="1.772653e-001" type="0"/>
    <Peak1D F1="2.404640" intensity="2.292424e-001" type="0"/>
    <Peak1D F1="2.399862" intensity="2.480817e-001" type="0"/>
    <Peak1D F1="2.389760" intensity="3.325279e-001" type="0"/>
    <Peak1D F1="2.377770" intensity="4.903122e-001" type="0"/>
    <Peak1D F1="2.374699" intensity="4.976615e-001" type="0"/>
    <Peak1D F1="2.367853" intensity="4.166630e-001" type="0"/>
    <Peak1D F1="2.354986" intensity="8.132665e-001" type="0"/>
    <Peak1D F1="2.347811" intensity="7.777601e-001" type="0"/>
    <Peak1D F1="2.345312" intensity="7.839785e-001" type="0"/>
    <Peak1D F1="2.336182" intensity="7.183650e-001" type="0"/>
    <Peak1D F1="2.326313" intensity="8.172651e-001" type="0"/>
    <Peak1D F1="2.305537" intensity="3.551463e-001" type="0"/>
    <Peak1D F1="2.284089" intensity="1.130126e-001" type="0"/>
    <Peak1D F1="2.271961" intensity="1.411642e-001" type="0"/>
    <Peak1D F1="2.264560" intensity="1.520259e-001" type="0"/>
    <Peak1D F1="2.251651" intensity="1.566056e-001" type="0"/>
    <Peak1D F1="2.244317" intensity="1.385190e-001" type="0"/>
    <Peak1D F1="2.233177" intensity="1.377027e-001" type="0"/>
    <Peak1D F1="2.226368" intensity="2.193117e-001" type="0"/>
    <Peak1D F1="2.216219" intensity="2.193457e-001" type="0"/>
    <Peak1D F1="2.203727" intensity="3.666667e-001" type="0"/>
    <Peak1D F1="2.199337" intensity="3.491054e-001" type="0"/>
    <Peak1D F1="2.193691" intensity="3.375995e-001" type="0"/>
    <Peak1D F1="2.189493" intensity="3.484727e-001" type="0"/>
    <Peak1D F1="2.177550" intensity="5.123943e-001" type="0"/>
    <Peak1D F1="2.167571" intensity="4.021207e-001" type="0"/>
    <Peak1D F1="2.155129" intensity="5.312377e-001" type="0"/>
    <Peak1D F1="2.151630" intensity="4.547603e-001" type="0"/>
    <Peak1D F1="2.139404" intensity="6.440930e-001" type="0"/>
    <Peak1D F1="2.131637" intensity="7.127761e-001" type="0"/>
    <Peak1D F1="2.128120" intensity="7.649535e-001" type="0"/>
    <Peak1D F1="2.101320" intensity="5.607861e+000" type="0"/>
    <Peak1D F1="2.099175" intensity="5.806622e+000" type="0"/>
    <Peak1D F1="2.089590" intensity="1.215141e+001" type="0"/>
    <Peak1D F1="2.082020" intensity="1.345752e+001" type="0"/>
    <Peak1D F1="2.073074" intensity="1.287432e+001" type="0"/>
    <Peak1D F1="2.063623" intensity="7.295909e+000" type="0"/>
    <Peak1D F1="2.054864" intensity="4.737167e+000" type="0"/>
    <Peak1D F1="2.040489" intensity="8.783821e-001" type="0"/>
    <Peak1D F1="2.033324" intensity="6.894509e-001" type="0"/>
    <Peak1D F1="2.023356" intensity="5.459860e-001" type="0"/>
    <Peak1D F1="2.004782" intensity="2.837591e-001" type="0"/>
    <Peak1D F1="1.996767" intensity="2.333091e-001" type="0"/>
    <Peak1D F1="1.968698" intensity="3.622113e-001" type="0"/>
    <Peak1D F1="1.947060" intensity="7.541716e-001" type="0"/>
    <Peak1D F1="1.938044" intensity="9.252232e-001" type="0"/>
    <Peak1D F1="1.924739" intensity="1.647125e+000" type="0"/>
    <Peak1D F1="1.917497" intensity="1.870412e+000" type="0"/>
    <Peak1D F1="1.909164" intensity="5.121789e+000" type="0"/>
    <Peak1D F1="1.901698" intensity="7.754293e+000" type="0"/>
    <Peak1D F1="1.894849" intensity="1.014492e+001" type="0"/>
    <Peak1D F1="1.889995" intensity="1.335593e+001" type="0"/>
    <Peak1D F1="1.882946" intensity="1.500000e+001" type="0"/>
    <Peak1D F1="1.875322" intensity="1.235954e+001" type="0"/>
    <Peak1D F1="1.866284" intensity="6.029213e+000" type="0"/>
    <Peak1D F1="1.864181" intensity="5.989778e+000" type="0"/>
    <Peak1D F1="1.857033" intensity="3.199227e+000" type="0"/>
    <Peak1D F1="1.846146" intensity="8.025315e-001" type="0"/>
    <Peak1D F1="1.841641" intensity="7.480783e-001" type="0"/>
    <Peak1D F1="1.833604" intensity="5.249633e-001" type="0"/>
    <Peak1D F1="1.825929" intensity="3.892704e-001" type="0"/>
    <Peak1D F1="1.807034" intensity="1.624631e-001" type="0"/>
    <Peak1D F1="1.779183" intensity="9.138491e-002" type="0"/>
    <Peak1D F1="1.772028" intensity="8.847101e-002" type="0"/>
    <Peak1D F1="1.765657" intensity="8.614110e-002" type="0"/>
    <Peak1D F1="1.757620" intensity="9.097066e-002" type="0"/>
    <Peak1D F1="1.750430" intensity="9.573140e-002" type="0"/>
    <Peak1D F1="1.744259" intensity="1.267600e-001" type="0"/>
    <Peak1D F1="1.737816" intensity="1.436960e-001" type="0"/>
    <Peak1D F1="1.729089" intensity="1.767932e-001" type="0"/>
    <Peak1D F1="1.721842" intensity="2.415280e-001" type="0"/>
    <Peak1D F1="1.714284" intensity="3.332710e-001" type="0"/>
    <Peak1D F1="1.701040" intensity="6.012411e-001" type="0"/>
    <Peak1D F1="1.696645" intensity="6.556593e-001" type="0"/>
    <Peak1D F1="1.688520" intensity="5.384640e-001" type="0"/>
    <Peak1D F1="1.676768" intensity="1.023639e+000" type="0"/>
    <Peak1D F1="1.665906" intensity="6.780826e-001" type="0"/>
    <Peak1D F1="1.662857" intensity="6.778068e-001" type="0"/>
    <Peak1D F1="1.656854" intensity="7.769749e-001" type="0"/>
    <Peak1D F1="1.653637" intensity="7.378914e-001" type="0"/>
    <Peak1D F1="1.641764" intensity="5.076350e-001" type="0"/>
    <Peak1D F1="1.625542" intensity="2.905561e-001" type="0"/>
    <Peak1D F1="1.617705" intensity="2.483559e-001" type="0"/>
    <Peak1D F1="1.610191" intensity="1.871656e-001" type="0"/>
    <Peak1D F1="1.605685" intensity="1.603025e-001" type="0"/>
    <Peak1D F1="1.603138" intensity="1.597624e-001" type="0"/>
    <Peak1D F1="1.575342" intensity="6.355853e-002" type="0"/>
    <Peak1D F1="1.568734" intensity="6.533344e-002" type="0"/>
    <Peak1D F1="1.546477" intensity="1.095592e-001" type="0"/>
    <Peak1D F1="1.541223" intensity="1.272904e-001" type="0"/>
    <Peak1D F1="1.527650" intensity="2.121881e-001" type="0"/>
    <Peak1D F1="1.520129" intensity="1.940500e-001" type="0"/>
    <Peak1D F1="1.511753" intensity="3.240533e-001" type="0"/>
    <Peak1D F1="1.507132" intensity="3.613245e-001" type="0"/>
    <Peak1D F1="1.491355" intensity="3.675060e-001" type="0"/>
    <Peak1D F1="1.484572" intensity="3.377565e-001" type="0"/>
    <Peak1D F1="1.476972" intensity="3.119199e-001" type="0"/>
    <Peak1D F1="1.461179" intensity="2.620225e-001" type="0"/>
    <Peak1D F1="1.443137" intensity="9.193716e-002" type="0"/>
    <Peak1D F1="1.436792" intensity="8.310174e-002" type="0"/>
    <Peak1D F1="1.430770" intensity="7.031253e-002" type="0"/>
    <Peak1D F1="1.427063" intensity="7.147604e-002" type="0"/>
    <Peak1D F1="1.376769" intensity="2.812595e-002" type="0"/>
    <Peak1D F1="1.352899" intensity="3.204650e-002" type="0"/>
    <Peak1D F1="1.336356" intensity="2.307156e-002" type="0"/>
    <Peak1D F1="1.304748" intensity="1.514022e-002" type="0"/>
    <Peak1D F1="1.275542" intensity="1.131977e-002" type="0"/>
    <Peak1D F1="1.227317" intensity="2.402106e-002" type="0"/>
    <Peak1D F1="1.182277" intensity="3.396435e-002" type="0"/>
    <Peak1D F1="1.140692" intensity="7.823417e-003" type="0"/>
    <Peak1D F1="1.089650" intensity="5.078459e-003" type="0"/>
    <Peak1D F1="1.028386" intensity="3.597106e-003" type="0"/>
    <Peak1D F1="0.991017" intensity="3.391301e-003" type="0"/>
    <Peak1D F1="0.962404" intensity="3.112757e-003" type="0"/>
    <Peak1D F1="0.922899" intensity="2.974253e-003" type="0"/>
    <Peak1D F1="0.890103" intensity="2.472057e-003" type="0"/>
    <Peak1D F1="0.814365" intensity="7.427985e-003" type="0"/>
    <Peak1D F1="0.806698" intensity="1.053170e-002" type="0"/>
    <Peak1D F1="0.800002" intensity="1.022117e-002" type="0"/>
    <Peak1D F1="0.792248" intensity="9.475659e-003" type="0"/>
    <Peak1D F1="0.744254" intensity="4.070013e-003" type="0"/>
    <Peak1D F1="0.716468" intensity="2.226355e-003" type="0"/>
    <Peak1D F1="0.664689" intensity="1.745738e-003" type="0"/>
    <Peak1D F1="0.650829" intensity="1.671128e-003" type="0"/>
    <Peak1D F1="0.626922" intensity="1.642636e-003" type="0"/>
    <Peak1D F1="0.593055" intensity="1.479737e-003" type="0"/>
    <Peak1D F1="0.562462" intensity="1.516501e-003" type="0"/>
    <Peak1D F1="0.545478" intensity="1.431191e-003" type="0"/>
    <Peak1D F1="0.537990" intensity="1.540704e-003" type="0"/>
    <Peak1D F1="0.521668" intensity="1.395584e-003" type="0"/>
    <Peak1D F1="0.451223" intensity="1.323663e-003" type="0"/>
    <Peak1D F1="0.423875" intensity="1.122142e-003" type="0"/>
    <Peak1D F1="0.400458" intensity="1.130245e-003" type="0"/>
    <Peak1D F1="0.390888" intensity="1.072045e-003" type="0"/>
    <Peak1D F1="0.345283" intensity="1.131139e-003" type="0"/>
    <Peak1D F1="0.267732" intensity="1.153895e-003" type="0"/>
    <Peak1D F1="0.241596" intensity="1.085139e-003" type="0"/>
    <Peak1D F1="0.005676" intensity="1.635906e-002" type="0"/>
    <Peak1D F1="-0.000149" intensity="2.365401e-002" type="0"/>
    <Peak1D F1="-0.005626" intensity="1.711493e-002" type="0"/>
    <Peak1D F1="-3.147407" intensity="1.205875e-003" type="0"/>
    <Peak1D F1="-3.155085" intensity="1.037199e-003" type="0"/>
  </PeakList1D>
</PeakList>
