<?xml version="1.0" encoding="UTF-8"?>
<PeakList>
  <PeakList1D>
    <PeakList1DHeader creator="nmr" date="2021-08-11T20:14:57.733+03:00" expNo="20" name="ID-427-I-11.8.21-real" owner="" procNo="1" source="//132.72.8.180/400b/Milo/Milo">
      <PeakPickDetails>F1=16.104620ppm, F2=-3.924425ppm, MI=0.00cm, MAXI=10000.00cm, PC=1.000
      </PeakPickDetails>
    </PeakList1DHeader>
    <Peak1D F1="14.713696" intensity="1.996477e-003" type="0"/>
    <Peak1D F1="10.086092" intensity="3.995633e-003" type="0"/>
    <Peak1D F1="9.909641" intensity="1.755947e-003" type="0"/>
    <Peak1D F1="9.674913" intensity="1.855507e-003" type="0"/>
    <Peak1D F1="9.571834" intensity="1.737367e-003" type="0"/>
    <Peak1D F1="9.536510" intensity="1.986009e-003" type="0"/>
    <Peak1D F1="9.422865" intensity="1.918475e-003" type="0"/>
    <Peak1D F1="9.306425" intensity="1.802838e-003" type="0"/>
    <Peak1D F1="9.266844" intensity="1.841302e-003" type="0"/>
    <Peak1D F1="9.150962" intensity="2.175113e-003" type="0"/>
    <Peak1D F1="9.128903" intensity="2.038892e-003" type="0"/>
    <Peak1D F1="9.101748" intensity="1.925173e-003" type="0"/>
    <Peak1D F1="9.048600" intensity="2.425395e-003" type="0"/>
    <Peak1D F1="9.026514" intensity="2.058829e-003" type="0"/>
    <Peak1D F1="8.995073" intensity="1.769005e-003" type="0"/>
    <Peak1D F1="8.977618" intensity="2.149940e-003" type="0"/>
    <Peak1D F1="8.957108" intensity="2.147967e-003" type="0"/>
    <Peak1D F1="8.916391" intensity="2.504493e-003" type="0"/>
    <Peak1D F1="8.880858" intensity="2.146273e-003" type="0"/>
    <Peak1D F1="8.850580" intensity="2.654001e-003" type="0"/>
    <Peak1D F1="8.818788" intensity="2.508896e-003" type="0"/>
    <Peak1D F1="8.793814" intensity="3.035933e-003" type="0"/>
    <Peak1D F1="8.756439" intensity="2.359865e-003" type="0"/>
    <Peak1D F1="8.729509" intensity="2.843403e-003" type="0"/>
    <Peak1D F1="8.720934" intensity="2.556864e-003" type="0"/>
    <Peak1D F1="8.712325" intensity="2.658303e-003" type="0"/>
    <Peak1D F1="8.688058" intensity="3.053167e-003" type="0"/>
    <Peak1D F1="8.676752" intensity="3.296802e-003" type="0"/>
    <Peak1D F1="8.612289" intensity="3.366768e-003" type="0"/>
    <Peak1D F1="8.569066" intensity="3.582981e-003" type="0"/>
    <Peak1D F1="8.540236" intensity="3.630550e-003" type="0"/>
    <Peak1D F1="8.523329" intensity="3.718244e-003" type="0"/>
    <Peak1D F1="8.489689" intensity="3.970207e-003" type="0"/>
    <Peak1D F1="8.467408" intensity="4.511551e-003" type="0"/>
    <Peak1D F1="8.460183" intensity="4.830872e-003" type="0"/>
    <Peak1D F1="8.394995" intensity="6.646140e-003" type="0"/>
    <Peak1D F1="8.380586" intensity="7.134769e-003" type="0"/>
    <Peak1D F1="8.352072" intensity="1.756530e-002" type="0"/>
    <Peak1D F1="8.332500" intensity="2.125481e-002" type="0"/>
    <Peak1D F1="8.228384" intensity="2.158844e-001" type="0"/>
    <Peak1D F1="8.208263" intensity="3.138082e-001" type="0"/>
    <Peak1D F1="8.206500" intensity="3.117276e-001" type="0"/>
    <Peak1D F1="8.189713" intensity="2.658125e-001" type="0"/>
    <Peak1D F1="8.182866" intensity="2.171774e-001" type="0"/>
    <Peak1D F1="8.174492" intensity="2.182418e-001" type="0"/>
    <Peak1D F1="8.167941" intensity="2.142813e-001" type="0"/>
    <Peak1D F1="8.146747" intensity="2.388924e+000" type="0"/>
    <Peak1D F1="8.141515" intensity="1.790150e+000" type="0"/>
    <Peak1D F1="8.138456" intensity="1.721300e+000" type="0"/>
    <Peak1D F1="8.124858" intensity="2.722039e+000" type="0"/>
    <Peak1D F1="8.118784" intensity="1.766551e+000" type="0"/>
    <Peak1D F1="8.075309" intensity="5.063869e-002" type="0"/>
    <Peak1D F1="8.038244" intensity="8.745205e-003" type="0"/>
    <Peak1D F1="8.030946" intensity="8.346177e-003" type="0"/>
    <Peak1D F1="8.014493" intensity="6.434237e-003" type="0"/>
    <Peak1D F1="7.992839" intensity="8.174812e-003" type="0"/>
    <Peak1D F1="7.973087" intensity="2.954833e-002" type="0"/>
    <Peak1D F1="7.952834" intensity="3.662165e-002" type="0"/>
    <Peak1D F1="7.938333" intensity="1.370005e-001" type="0"/>
    <Peak1D F1="7.935182" intensity="1.454855e-001" type="0"/>
    <Peak1D F1="7.932040" intensity="1.393984e-001" type="0"/>
    <Peak1D F1="7.917798" intensity="1.959147e-001" type="0"/>
    <Peak1D F1="7.915283" intensity="2.062716e-001" type="0"/>
    <Peak1D F1="7.898595" intensity="7.494695e-002" type="0"/>
    <Peak1D F1="7.895113" intensity="7.528047e-002" type="0"/>
    <Peak1D F1="7.874385" intensity="1.355894e-002" type="0"/>
    <Peak1D F1="7.857708" intensity="6.390432e-002" type="0"/>
    <Peak1D F1="7.840555" intensity="6.339930e-002" type="0"/>
    <Peak1D F1="7.837607" intensity="6.173079e-002" type="0"/>
    <Peak1D F1="7.812053" intensity="9.582554e-003" type="0"/>
    <Peak1D F1="7.789229" intensity="9.089434e-003" type="0"/>
    <Peak1D F1="7.750767" intensity="1.191015e-002" type="0"/>
    <Peak1D F1="7.727535" intensity="7.369646e-002" type="0"/>
    <Peak1D F1="7.700548" intensity="2.574742e-001" type="0"/>
    <Peak1D F1="7.683577" intensity="2.637804e-001" type="0"/>
    <Peak1D F1="7.642139" intensity="1.285120e-001" type="0"/>
    <Peak1D F1="7.620322" intensity="2.078258e-001" type="0"/>
    <Peak1D F1="7.598641" intensity="1.384218e-001" type="0"/>
    <Peak1D F1="7.588608" intensity="1.693633e-001" type="0"/>
    <Peak1D F1="7.572234" intensity="1.149915e-001" type="0"/>
    <Peak1D F1="7.567036" intensity="1.589898e-001" type="0"/>
    <Peak1D F1="7.555130" intensity="1.941196e-001" type="0"/>
    <Peak1D F1="7.533854" intensity="1.773099e-001" type="0"/>
    <Peak1D F1="7.522160" intensity="1.746834e-001" type="0"/>
    <Peak1D F1="7.517012" intensity="1.748997e-001" type="0"/>
    <Peak1D F1="7.508438" intensity="2.023615e-001" type="0"/>
    <Peak1D F1="7.501261" intensity="2.598379e-001" type="0"/>
    <Peak1D F1="7.494722" intensity="3.196074e-001" type="0"/>
    <Peak1D F1="7.487267" intensity="3.343614e-001" type="0"/>
    <Peak1D F1="7.474159" intensity="2.779323e+000" type="0"/>
    <Peak1D F1="7.468670" intensity="1.943130e+000" type="0"/>
    <Peak1D F1="7.452402" intensity="3.268320e+000" type="0"/>
    <Peak1D F1="7.446624" intensity="1.592373e+000" type="0"/>
    <Peak1D F1="7.436209" intensity="9.708099e-001" type="0"/>
    <Peak1D F1="7.402043" intensity="1.634047e-001" type="0"/>
    <Peak1D F1="7.395319" intensity="2.143247e-001" type="0"/>
    <Peak1D F1="7.376731" intensity="2.610496e-001" type="0"/>
    <Peak1D F1="7.358686" intensity="2.094816e-001" type="0"/>
    <Peak1D F1="7.356322" intensity="2.096866e-001" type="0"/>
    <Peak1D F1="7.335794" intensity="2.326167e-001" type="0"/>
    <Peak1D F1="7.317310" intensity="2.569112e-001" type="0"/>
    <Peak1D F1="7.301286" intensity="1.210983e-001" type="0"/>
    <Peak1D F1="7.298017" intensity="1.149108e-001" type="0"/>
    <Peak1D F1="7.267270" intensity="2.732307e-002" type="0"/>
    <Peak1D F1="7.248987" intensity="6.487750e-002" type="0"/>
    <Peak1D F1="7.235192" intensity="3.539400e-002" type="0"/>
    <Peak1D F1="7.199424" intensity="1.975266e+000" type="0"/>
    <Peak1D F1="7.173603" intensity="7.459745e-003" type="0"/>
    <Peak1D F1="7.149117" intensity="3.724287e-002" type="0"/>
    <Peak1D F1="7.136365" intensity="7.364134e-003" type="0"/>
    <Peak1D F1="7.085502" intensity="3.228718e-003" type="0"/>
    <Peak1D F1="7.067357" intensity="9.292786e-003" type="0"/>
    <Peak1D F1="7.048015" intensity="6.174063e-003" type="0"/>
    <Peak1D F1="7.022636" intensity="1.217153e-002" type="0"/>
    <Peak1D F1="7.004185" intensity="5.897136e-003" type="0"/>
    <Peak1D F1="6.935081" intensity="8.562705e-003" type="0"/>
    <Peak1D F1="6.828714" intensity="2.962868e-003" type="0"/>
    <Peak1D F1="6.767874" intensity="8.187067e-003" type="0"/>
    <Peak1D F1="6.748551" intensity="7.685256e-003" type="0"/>
    <Peak1D F1="6.209237" intensity="1.649798e-002" type="0"/>
    <Peak1D F1="6.203663" intensity="1.260383e-002" type="0"/>
    <Peak1D F1="6.164394" intensity="3.551091e-003" type="0"/>
    <Peak1D F1="6.113197" intensity="3.275867e-002" type="0"/>
    <Peak1D F1="6.060930" intensity="1.030170e-001" type="0"/>
    <Peak1D F1="6.054090" intensity="1.185181e-001" type="0"/>
    <Peak1D F1="6.048518" intensity="8.675142e-002" type="0"/>
    <Peak1D F1="6.010719" intensity="5.024108e+000" type="0"/>
    <Peak1D F1="6.003816" intensity="1.892575e+000" type="0"/>
    <Peak1D F1="5.960895" intensity="8.342686e-002" type="0"/>
    <Peak1D F1="5.953632" intensity="5.824123e-002" type="0"/>
    <Peak1D F1="5.939094" intensity="4.372470e-002" type="0"/>
    <Peak1D F1="5.910565" intensity="4.890765e-003" type="0"/>
    <Peak1D F1="5.890647" intensity="4.129210e-003" type="0"/>
    <Peak1D F1="5.868410" intensity="6.166627e-003" type="0"/>
    <Peak1D F1="5.821752" intensity="6.646564e-002" type="0"/>
    <Peak1D F1="5.814607" intensity="7.497608e-002" type="0"/>
    <Peak1D F1="5.775456" intensity="5.239879e-002" type="0"/>
    <Peak1D F1="5.767851" intensity="5.319893e-002" type="0"/>
    <Peak1D F1="5.727881" intensity="1.397560e-002" type="0"/>
    <Peak1D F1="5.695442" intensity="1.874087e-002" type="0"/>
    <Peak1D F1="5.686881" intensity="1.694957e-002" type="0"/>
    <Peak1D F1="5.671149" intensity="6.912065e-002" type="0"/>
    <Peak1D F1="5.644063" intensity="6.852759e-002" type="0"/>
    <Peak1D F1="5.605422" intensity="8.353612e-003" type="0"/>
    <Peak1D F1="5.578066" intensity="7.860218e-003" type="0"/>
    <Peak1D F1="5.509609" intensity="1.784527e-002" type="0"/>
    <Peak1D F1="5.467289" intensity="6.563886e-002" type="0"/>
    <Peak1D F1="5.385994" intensity="3.290797e-002" type="0"/>
    <Peak1D F1="5.344307" intensity="3.351837e-001" type="0"/>
    <Peak1D F1="5.337555" intensity="4.320246e-001" type="0"/>
    <Peak1D F1="5.288155" intensity="1.617504e-002" type="0"/>
    <Peak1D F1="5.243919" intensity="6.450894e-003" type="0"/>
    <Peak1D F1="5.211124" intensity="8.800629e-003" type="0"/>
    <Peak1D F1="5.191438" intensity="8.375034e-003" type="0"/>
    <Peak1D F1="5.152381" intensity="1.083764e-002" type="0"/>
    <Peak1D F1="5.138253" intensity="1.853038e-002" type="0"/>
    <Peak1D F1="5.123171" intensity="1.962888e-002" type="0"/>
    <Peak1D F1="5.000739" intensity="9.127023e-003" type="0"/>
    <Peak1D F1="4.970470" intensity="1.802898e-002" type="0"/>
    <Peak1D F1="4.947982" intensity="1.786392e-002" type="0"/>
    <Peak1D F1="4.921908" intensity="1.001560e-002" type="0"/>
    <Peak1D F1="4.892923" intensity="3.411849e-002" type="0"/>
    <Peak1D F1="4.871865" intensity="5.046351e-002" type="0"/>
    <Peak1D F1="4.848887" intensity="6.289044e-002" type="0"/>
    <Peak1D F1="4.841680" intensity="6.533633e-002" type="0"/>
    <Peak1D F1="4.819262" intensity="1.106064e-001" type="0"/>
    <Peak1D F1="4.791798" intensity="2.072076e+000" type="0"/>
    <Peak1D F1="4.769231" intensity="2.131637e+000" type="0"/>
    <Peak1D F1="4.741290" intensity="9.477820e-002" type="0"/>
    <Peak1D F1="4.718455" intensity="1.435760e-001" type="0"/>
    <Peak1D F1="4.679817" intensity="3.585659e-001" type="0"/>
    <Peak1D F1="4.608895" intensity="5.374413e-002" type="0"/>
    <Peak1D F1="4.585743" intensity="3.587829e-002" type="0"/>
    <Peak1D F1="4.485383" intensity="8.569898e-003" type="0"/>
    <Peak1D F1="4.471718" intensity="7.307883e-003" type="0"/>
    <Peak1D F1="4.461880" intensity="7.344252e-003" type="0"/>
    <Peak1D F1="4.398626" intensity="5.114560e-003" type="0"/>
    <Peak1D F1="4.357018" intensity="3.972700e-003" type="0"/>
    <Peak1D F1="4.318928" intensity="3.215330e-003" type="0"/>
    <Peak1D F1="4.282856" intensity="3.122347e-003" type="0"/>
    <Peak1D F1="4.258950" intensity="3.281221e-003" type="0"/>
    <Peak1D F1="4.140891" intensity="4.238507e-003" type="0"/>
    <Peak1D F1="4.108940" intensity="3.681258e-003" type="0"/>
    <Peak1D F1="4.057800" intensity="2.966183e-003" type="0"/>
    <Peak1D F1="4.049098" intensity="2.698316e-003" type="0"/>
    <Peak1D F1="4.011404" intensity="3.035192e-003" type="0"/>
    <Peak1D F1="3.986791" intensity="2.853939e-003" type="0"/>
    <Peak1D F1="3.947164" intensity="3.602474e-003" type="0"/>
    <Peak1D F1="3.921167" intensity="5.093893e-003" type="0"/>
    <Peak1D F1="3.870864" intensity="8.194125e-002" type="0"/>
    <Peak1D F1="3.864130" intensity="3.424060e-002" type="0"/>
    <Peak1D F1="3.838913" intensity="1.069607e-002" type="0"/>
    <Peak1D F1="3.813681" intensity="1.434210e-002" type="0"/>
    <Peak1D F1="3.803580" intensity="7.121546e-002" type="0"/>
    <Peak1D F1="3.796522" intensity="3.091598e-002" type="0"/>
    <Peak1D F1="3.743674" intensity="2.863187e-001" type="0"/>
    <Peak1D F1="3.736921" intensity="1.718198e-001" type="0"/>
    <Peak1D F1="3.693421" intensity="1.500000e+001" type="0"/>
    <Peak1D F1="3.686595" intensity="5.629943e+000" type="0"/>
    <Peak1D F1="3.643640" intensity="2.530465e-001" type="0"/>
    <Peak1D F1="3.636938" intensity="1.287250e-001" type="0"/>
    <Peak1D F1="3.593813" intensity="1.044153e-002" type="0"/>
    <Peak1D F1="3.561695" intensity="8.158193e-003" type="0"/>
    <Peak1D F1="3.536554" intensity="8.587436e-003" type="0"/>
    <Peak1D F1="3.511216" intensity="8.632779e-002" type="0"/>
    <Peak1D F1="3.504274" intensity="3.658218e-002" type="0"/>
    <Peak1D F1="3.461266" intensity="8.732405e-003" type="0"/>
    <Peak1D F1="3.433476" intensity="6.938985e-003" type="0"/>
    <Peak1D F1="3.418882" intensity="6.651474e-003" type="0"/>
    <Peak1D F1="3.407918" intensity="6.535944e-003" type="0"/>
    <Peak1D F1="3.289178" intensity="4.366051e-003" type="0"/>
    <Peak1D F1="3.281040" intensity="4.093929e-003" type="0"/>
    <Peak1D F1="3.225664" intensity="3.450547e-003" type="0"/>
    <Peak1D F1="3.173232" intensity="3.917022e-003" type="0"/>
    <Peak1D F1="3.125739" intensity="5.979309e-003" type="0"/>
    <Peak1D F1="3.060307" intensity="5.121387e-003" type="0"/>
    <Peak1D F1="3.050280" intensity="5.605843e-003" type="0"/>
    <Peak1D F1="3.009778" intensity="1.002099e-002" type="0"/>
    <Peak1D F1="2.948786" intensity="3.006361e-002" type="0"/>
    <Peak1D F1="2.937941" intensity="3.739074e-002" type="0"/>
    <Peak1D F1="2.931072" intensity="4.325767e-002" type="0"/>
    <Peak1D F1="2.919523" intensity="2.993322e-002" type="0"/>
    <Peak1D F1="2.913319" intensity="3.255058e-002" type="0"/>
    <Peak1D F1="2.855700" intensity="2.879356e-002" type="0"/>
    <Peak1D F1="2.824480" intensity="4.436906e-002" type="0"/>
    <Peak1D F1="2.815588" intensity="4.249816e-002" type="0"/>
    <Peak1D F1="2.794818" intensity="5.888915e-002" type="0"/>
    <Peak1D F1="2.776036" intensity="7.497285e-002" type="0"/>
    <Peak1D F1="2.756767" intensity="8.420219e-002" type="0"/>
    <Peak1D F1="2.748966" intensity="7.274169e-002" type="0"/>
    <Peak1D F1="2.738595" intensity="6.381314e-002" type="0"/>
    <Peak1D F1="2.692849" intensity="3.073410e-002" type="0"/>
    <Peak1D F1="2.675320" intensity="2.452614e-002" type="0"/>
    <Peak1D F1="2.652367" intensity="2.426269e-002" type="0"/>
    <Peak1D F1="2.645294" intensity="2.166867e-002" type="0"/>
    <Peak1D F1="2.630865" intensity="2.383872e-002" type="0"/>
    <Peak1D F1="2.622726" intensity="2.637260e-002" type="0"/>
    <Peak1D F1="2.601618" intensity="1.960604e-002" type="0"/>
    <Peak1D F1="2.546901" intensity="4.444261e-002" type="0"/>
    <Peak1D F1="2.521663" intensity="3.912841e-002" type="0"/>
    <Peak1D F1="2.492881" intensity="4.102403e-002" type="0"/>
    <Peak1D F1="2.467041" intensity="4.554039e-002" type="0"/>
    <Peak1D F1="2.457689" intensity="4.427156e-002" type="0"/>
    <Peak1D F1="2.422215" intensity="3.743317e-001" type="0"/>
    <Peak1D F1="2.419661" intensity="3.734701e-001" type="0"/>
    <Peak1D F1="2.407085" intensity="4.387169e-001" type="0"/>
    <Peak1D F1="2.400105" intensity="4.650806e-001" type="0"/>
    <Peak1D F1="2.376847" intensity="5.502344e-001" type="0"/>
    <Peak1D F1="2.373162" intensity="5.536661e-001" type="0"/>
    <Peak1D F1="2.369292" intensity="5.602027e-001" type="0"/>
    <Peak1D F1="2.362937" intensity="4.570186e-001" type="0"/>
    <Peak1D F1="2.353208" intensity="9.695187e-001" type="0"/>
    <Peak1D F1="2.331415" intensity="8.287616e-001" type="0"/>
    <Peak1D F1="2.323563" intensity="5.299643e-001" type="0"/>
    <Peak1D F1="2.320539" intensity="4.932375e-001" type="0"/>
    <Peak1D F1="2.310585" intensity="5.343208e-001" type="0"/>
    <Peak1D F1="2.308643" intensity="5.301839e-001" type="0"/>
    <Peak1D F1="2.300745" intensity="7.789564e-001" type="0"/>
    <Peak1D F1="2.281152" intensity="5.459346e-001" type="0"/>
    <Peak1D F1="2.240876" intensity="3.912299e-001" type="0"/>
    <Peak1D F1="2.231498" intensity="2.280065e-001" type="0"/>
    <Peak1D F1="2.218195" intensity="5.143990e-001" type="0"/>
    <Peak1D F1="2.214651" intensity="5.691340e-001" type="0"/>
    <Peak1D F1="2.192140" intensity="6.117857e-001" type="0"/>
    <Peak1D F1="2.186744" intensity="3.212759e-001" type="0"/>
    <Peak1D F1="2.183266" intensity="3.360116e-001" type="0"/>
    <Peak1D F1="2.170059" intensity="3.776142e-001" type="0"/>
    <Peak1D F1="2.165910" intensity="3.928345e-001" type="0"/>
    <Peak1D F1="2.160612" intensity="2.988054e-001" type="0"/>
    <Peak1D F1="2.143503" intensity="4.566520e-001" type="0"/>
    <Peak1D F1="2.139871" intensity="3.943384e-001" type="0"/>
    <Peak1D F1="2.132548" intensity="3.921689e-001" type="0"/>
    <Peak1D F1="2.108951" intensity="2.529182e+000" type="0"/>
    <Peak1D F1="2.106613" intensity="2.388569e+000" type="0"/>
    <Peak1D F1="2.101152" intensity="2.734426e+000" type="0"/>
    <Peak1D F1="2.098720" intensity="2.737883e+000" type="0"/>
    <Peak1D F1="2.089608" intensity="7.370054e+000" type="0"/>
    <Peak1D F1="2.083097" intensity="4.987800e+000" type="0"/>
    <Peak1D F1="2.070985" intensity="4.039770e+000" type="0"/>
    <Peak1D F1="2.045974" intensity="3.264684e-001" type="0"/>
    <Peak1D F1="2.043037" intensity="3.096992e-001" type="0"/>
    <Peak1D F1="2.036374" intensity="3.718381e-001" type="0"/>
    <Peak1D F1="1.990117" intensity="1.686815e-001" type="0"/>
    <Peak1D F1="1.971724" intensity="3.860580e-001" type="0"/>
    <Peak1D F1="1.968564" intensity="4.070460e-001" type="0"/>
    <Peak1D F1="1.955117" intensity="5.792386e-001" type="0"/>
    <Peak1D F1="1.948460" intensity="8.016506e-001" type="0"/>
    <Peak1D F1="1.945774" intensity="8.000292e-001" type="0"/>
    <Peak1D F1="1.940692" intensity="7.241843e-001" type="0"/>
    <Peak1D F1="1.933217" intensity="7.883316e-001" type="0"/>
    <Peak1D F1="1.924225" intensity="1.122900e+000" type="0"/>
    <Peak1D F1="1.920495" intensity="1.133792e+000" type="0"/>
    <Peak1D F1="1.905421" intensity="3.788629e+000" type="0"/>
    <Peak1D F1="1.895993" intensity="3.888779e+000" type="0"/>
    <Peak1D F1="1.893286" intensity="3.926591e+000" type="0"/>
    <Peak1D F1="1.885873" intensity="7.817954e+000" type="0"/>
    <Peak1D F1="1.879265" intensity="4.972706e+000" type="0"/>
    <Peak1D F1="1.867649" intensity="2.885321e+000" type="0"/>
    <Peak1D F1="1.844184" intensity="3.371510e-001" type="0"/>
    <Peak1D F1="1.836535" intensity="2.768038e-001" type="0"/>
    <Peak1D F1="1.829924" intensity="2.034325e-001" type="0"/>
    <Peak1D F1="1.818339" intensity="1.483292e-001" type="0"/>
    <Peak1D F1="1.789079" intensity="1.326942e-001" type="0"/>
    <Peak1D F1="1.773709" intensity="1.347783e-001" type="0"/>
    <Peak1D F1="1.762221" intensity="1.350167e-001" type="0"/>
    <Peak1D F1="1.740012" intensity="2.302354e-001" type="0"/>
    <Peak1D F1="1.724304" intensity="3.014165e-001" type="0"/>
    <Peak1D F1="1.718915" intensity="3.302750e-001" type="0"/>
    <Peak1D F1="1.712362" intensity="3.703423e-001" type="0"/>
    <Peak1D F1="1.703209" intensity="4.033979e-001" type="0"/>
    <Peak1D F1="1.696518" intensity="6.737946e-001" type="0"/>
    <Peak1D F1="1.691513" intensity="6.742044e-001" type="0"/>
    <Peak1D F1="1.675657" intensity="1.132101e+000" type="0"/>
    <Peak1D F1="1.668877" intensity="1.132188e+000" type="0"/>
    <Peak1D F1="1.655660" intensity="1.394697e+000" type="0"/>
    <Peak1D F1="1.641088" intensity="9.858533e-001" type="0"/>
    <Peak1D F1="1.637249" intensity="9.874163e-001" type="0"/>
    <Peak1D F1="1.627221" intensity="5.564739e-001" type="0"/>
    <Peak1D F1="1.621480" intensity="5.622330e-001" type="0"/>
    <Peak1D F1="1.569667" intensity="1.019757e-001" type="0"/>
    <Peak1D F1="1.550849" intensity="1.108701e-001" type="0"/>
    <Peak1D F1="1.531765" intensity="2.979783e-001" type="0"/>
    <Peak1D F1="1.520872" intensity="1.888620e-001" type="0"/>
    <Peak1D F1="1.515702" intensity="2.459018e-001" type="0"/>
    <Peak1D F1="1.508858" intensity="2.866527e-001" type="0"/>
    <Peak1D F1="1.497808" intensity="5.863047e-001" type="0"/>
    <Peak1D F1="1.479880" intensity="6.187152e-001" type="0"/>
    <Peak1D F1="1.466689" intensity="4.424892e-001" type="0"/>
    <Peak1D F1="1.450272" intensity="4.389876e-001" type="0"/>
    <Peak1D F1="1.432709" intensity="1.399568e-001" type="0"/>
    <Peak1D F1="1.428588" intensity="1.243356e-001" type="0"/>
    <Peak1D F1="1.421024" intensity="1.476433e-001" type="0"/>
    <Peak1D F1="1.401747" intensity="5.102623e-002" type="0"/>
    <Peak1D F1="1.385814" intensity="4.543128e-002" type="0"/>
    <Peak1D F1="1.369071" intensity="5.439335e-002" type="0"/>
    <Peak1D F1="1.340543" intensity="5.977844e-002" type="0"/>
    <Peak1D F1="1.317499" intensity="3.738496e-002" type="0"/>
    <Peak1D F1="1.294388" intensity="2.697494e-002" type="0"/>
    <Peak1D F1="1.285177" intensity="2.381549e-002" type="0"/>
    <Peak1D F1="1.271093" intensity="2.014657e-002" type="0"/>
    <Peak1D F1="1.230279" intensity="3.681522e-002" type="0"/>
    <Peak1D F1="1.197283" intensity="3.673358e-002" type="0"/>
    <Peak1D F1="1.181670" intensity="4.917308e-002" type="0"/>
    <Peak1D F1="1.162495" intensity="1.830747e-002" type="0"/>
    <Peak1D F1="1.093344" intensity="1.035370e-002" type="0"/>
    <Peak1D F1="1.075641" intensity="1.111537e-002" type="0"/>
    <Peak1D F1="0.989788" intensity="5.861907e-003" type="0"/>
    <Peak1D F1="0.964034" intensity="5.511477e-003" type="0"/>
    <Peak1D F1="0.924918" intensity="4.664470e-003" type="0"/>
    <Peak1D F1="0.900575" intensity="4.841623e-003" type="0"/>
    <Peak1D F1="0.850128" intensity="5.537629e-003" type="0"/>
    <Peak1D F1="0.805387" intensity="1.655771e-002" type="0"/>
    <Peak1D F1="0.787922" intensity="1.093749e-002" type="0"/>
    <Peak1D F1="0.753467" intensity="8.566944e-003" type="0"/>
    <Peak1D F1="0.676070" intensity="3.945434e-003" type="0"/>
    <Peak1D F1="0.663281" intensity="3.865103e-003" type="0"/>
    <Peak1D F1="0.650968" intensity="3.950310e-003" type="0"/>
    <Peak1D F1="0.621442" intensity="3.930280e-003" type="0"/>
    <Peak1D F1="0.609235" intensity="3.869952e-003" type="0"/>
    <Peak1D F1="0.586933" intensity="3.493000e-003" type="0"/>
    <Peak1D F1="0.549015" intensity="3.319346e-003" type="0"/>
    <Peak1D F1="0.498428" intensity="3.305448e-003" type="0"/>
    <Peak1D F1="0.478340" intensity="3.251712e-003" type="0"/>
    <Peak1D F1="0.470194" intensity="3.230942e-003" type="0"/>
    <Peak1D F1="0.443168" intensity="2.879461e-003" type="0"/>
    <Peak1D F1="0.416447" intensity="3.002319e-003" type="0"/>
    <Peak1D F1="0.409659" intensity="3.202236e-003" type="0"/>
    <Peak1D F1="0.380981" intensity="3.021459e-003" type="0"/>
    <Peak1D F1="0.335545" intensity="2.290413e-003" type="0"/>
    <Peak1D F1="0.328664" intensity="2.723791e-003" type="0"/>
    <Peak1D F1="0.283800" intensity="2.664822e-003" type="0"/>
    <Peak1D F1="0.264030" intensity="2.623686e-003" type="0"/>
    <Peak1D F1="0.222431" intensity="2.536467e-003" type="0"/>
    <Peak1D F1="0.178826" intensity="2.680466e-003" type="0"/>
    <Peak1D F1="0.153636" intensity="2.466930e-003" type="0"/>
    <Peak1D F1="0.131611" intensity="2.278034e-003" type="0"/>
    <Peak1D F1="0.099346" intensity="2.135289e-003" type="0"/>
    <Peak1D F1="0.065335" intensity="2.555428e-003" type="0"/>
    <Peak1D F1="0.048613" intensity="3.227004e-003" type="0"/>
    <Peak1D F1="-0.000149" intensity="9.949250e-002" type="0"/>
    <Peak1D F1="-0.049966" intensity="3.418409e-003" type="0"/>
    <Peak1D F1="-0.136541" intensity="1.843280e-003" type="0"/>
    <Peak1D F1="-0.149085" intensity="2.400473e-003" type="0"/>
    <Peak1D F1="-0.262089" intensity="1.737729e-003" type="0"/>
    <Peak1D F1="-0.271701" intensity="1.799360e-003" type="0"/>
    <Peak1D F1="-0.326685" intensity="1.828819e-003" type="0"/>
    <Peak1D F1="-3.318389" intensity="1.783112e-003" type="0"/>
    <Peak1D F1="-3.609270" intensity="1.726557e-003" type="0"/>
    <Peak1D F1="-3.713635" intensity="1.790448e-003" type="0"/>
  </PeakList1D>
</PeakList>
