<?xml version="1.0" encoding="UTF-8"?>
<PeakList>
  <PeakList1D>
    <PeakList1DHeader creator="nmr" date="2021-08-02T14:39:11.200+03:00" expNo="10" name="ID-420-C" owner="" procNo="1" source="//132.72.8.180/400b/Milo/Milo">
      <PeakPickDetails>F1=16.100630ppm, F2=-3.928415ppm, MI=0.00cm, MAXI=10000.00cm, PC=1.000
      </PeakPickDetails>
    </PeakList1DHeader>
    <Peak1D F1="11.681129" intensity="9.525971e-003" type="0"/>
    <Peak1D F1="10.093864" intensity="2.778722e-002" type="0"/>
    <Peak1D F1="8.364287" intensity="1.091528e-002" type="0"/>
    <Peak1D F1="8.341836" intensity="2.655454e-002" type="0"/>
    <Peak1D F1="8.320323" intensity="2.546524e-002" type="0"/>
    <Peak1D F1="8.277655" intensity="9.045618e-003" type="0"/>
    <Peak1D F1="8.232277" intensity="4.690544e-002" type="0"/>
    <Peak1D F1="8.209193" intensity="1.140662e-001" type="0"/>
    <Peak1D F1="8.186810" intensity="1.149862e-001" type="0"/>
    <Peak1D F1="8.163784" intensity="4.056083e-001" type="0"/>
    <Peak1D F1="8.158294" intensity="2.602757e+000" type="0"/>
    <Peak1D F1="8.153550" intensity="1.089362e+000" type="0"/>
    <Peak1D F1="8.140835" intensity="9.415374e-001" type="0"/>
    <Peak1D F1="8.136541" intensity="2.734931e+000" type="0"/>
    <Peak1D F1="8.130974" intensity="6.444387e-001" type="0"/>
    <Peak1D F1="8.108158" intensity="7.141129e-002" type="0"/>
    <Peak1D F1="8.104148" intensity="8.235982e-002" type="0"/>
    <Peak1D F1="8.086596" intensity="4.454676e-002" type="0"/>
    <Peak1D F1="8.056294" intensity="6.819748e-003" type="0"/>
    <Peak1D F1="8.020133" intensity="2.096093e-002" type="0"/>
    <Peak1D F1="7.998979" intensity="2.210785e-002" type="0"/>
    <Peak1D F1="7.948495" intensity="6.939401e-003" type="0"/>
    <Peak1D F1="7.927843" intensity="9.134444e-003" type="0"/>
    <Peak1D F1="7.922273" intensity="8.922589e-003" type="0"/>
    <Peak1D F1="7.834064" intensity="8.109043e-003" type="0"/>
    <Peak1D F1="7.818758" intensity="7.533433e-003" type="0"/>
    <Peak1D F1="7.785805" intensity="6.847522e-003" type="0"/>
    <Peak1D F1="7.683702" intensity="1.053391e-002" type="0"/>
    <Peak1D F1="7.667209" intensity="9.444171e-003" type="0"/>
    <Peak1D F1="7.635437" intensity="7.326233e-003" type="0"/>
    <Peak1D F1="7.622129" intensity="1.844982e-002" type="0"/>
    <Peak1D F1="7.608049" intensity="3.195272e-002" type="0"/>
    <Peak1D F1="7.600491" intensity="2.830162e-002" type="0"/>
    <Peak1D F1="7.587456" intensity="3.027469e-002" type="0"/>
    <Peak1D F1="7.559845" intensity="2.556254e-002" type="0"/>
    <Peak1D F1="7.549562" intensity="2.736270e-002" type="0"/>
    <Peak1D F1="7.530072" intensity="7.575419e-002" type="0"/>
    <Peak1D F1="7.508301" intensity="1.363554e-001" type="0"/>
    <Peak1D F1="7.480490" intensity="2.621353e+000" type="0"/>
    <Peak1D F1="7.458553" intensity="2.518589e+000" type="0"/>
    <Peak1D F1="7.440735" intensity="2.315845e-001" type="0"/>
    <Peak1D F1="7.430628" intensity="5.411518e-002" type="0"/>
    <Peak1D F1="7.409239" intensity="4.272524e-002" type="0"/>
    <Peak1D F1="7.324129" intensity="2.295948e-002" type="0"/>
    <Peak1D F1="7.309302" intensity="1.080007e-002" type="0"/>
    <Peak1D F1="7.281353" intensity="2.903174e-001" type="0"/>
    <Peak1D F1="7.275434" intensity="2.996166e-001" type="0"/>
    <Peak1D F1="7.245697" intensity="1.608809e-001" type="0"/>
    <Peak1D F1="7.195786" intensity="1.033190e+001" type="0"/>
    <Peak1D F1="7.145910" intensity="1.574762e-001" type="0"/>
    <Peak1D F1="7.054873" intensity="2.164273e-002" type="0"/>
    <Peak1D F1="7.049073" intensity="3.963989e-002" type="0"/>
    <Peak1D F1="7.043593" intensity="2.035878e-002" type="0"/>
    <Peak1D F1="7.034286" intensity="9.679485e-003" type="0"/>
    <Peak1D F1="7.013299" intensity="8.889083e-003" type="0"/>
    <Peak1D F1="6.979641" intensity="1.745546e-002" type="0"/>
    <Peak1D F1="6.973833" intensity="1.719831e-002" type="0"/>
    <Peak1D F1="6.931705" intensity="5.058056e-002" type="0"/>
    <Peak1D F1="6.868987" intensity="6.760102e-003" type="0"/>
    <Peak1D F1="6.832401" intensity="8.572928e-002" type="0"/>
    <Peak1D F1="6.826495" intensity="1.034033e-001" type="0"/>
    <Peak1D F1="6.818845" intensity="2.133320e-001" type="0"/>
    <Peak1D F1="6.813202" intensity="2.061519e-001" type="0"/>
    <Peak1D F1="6.660909" intensity="1.250501e-002" type="0"/>
    <Peak1D F1="6.655832" intensity="1.347649e-002" type="0"/>
    <Peak1D F1="6.639943" intensity="7.648794e-002" type="0"/>
    <Peak1D F1="6.634011" intensity="1.407471e-001" type="0"/>
    <Peak1D F1="6.628135" intensity="7.397761e-002" type="0"/>
    <Peak1D F1="6.562639" intensity="1.416770e-002" type="0"/>
    <Peak1D F1="6.557801" intensity="1.322067e-002" type="0"/>
    <Peak1D F1="6.548598" intensity="1.233689e-002" type="0"/>
    <Peak1D F1="6.521553" intensity="2.939226e-002" type="0"/>
    <Peak1D F1="6.515832" intensity="6.953894e-002" type="0"/>
    <Peak1D F1="6.510715" intensity="1.093011e-001" type="0"/>
    <Peak1D F1="6.505422" intensity="1.281733e-001" type="0"/>
    <Peak1D F1="6.499628" intensity="5.905617e-002" type="0"/>
    <Peak1D F1="6.470055" intensity="8.952849e-003" type="0"/>
    <Peak1D F1="6.313628" intensity="9.602277e-003" type="0"/>
    <Peak1D F1="6.215836" intensity="8.938251e-003" type="0"/>
    <Peak1D F1="6.117692" intensity="1.036714e-001" type="0"/>
    <Peak1D F1="6.067729" intensity="5.331334e-002" type="0"/>
    <Peak1D F1="6.057767" intensity="1.199374e-002" type="0"/>
    <Peak1D F1="6.017824" intensity="3.320252e+000" type="0"/>
    <Peak1D F1="5.968019" intensity="5.675522e-002" type="0"/>
    <Peak1D F1="5.924972" intensity="3.147261e-002" type="0"/>
    <Peak1D F1="5.913246" intensity="2.749675e-002" type="0"/>
    <Peak1D F1="5.816086" intensity="7.449542e-003" type="0"/>
    <Peak1D F1="5.622386" intensity="6.650593e-003" type="0"/>
    <Peak1D F1="5.594834" intensity="8.619070e-003" type="0"/>
    <Peak1D F1="5.495108" intensity="8.075966e-003" type="0"/>
    <Peak1D F1="5.368515" intensity="1.417248e-002" type="0"/>
    <Peak1D F1="5.355587" intensity="1.188017e-001" type="0"/>
    <Peak1D F1="5.348624" intensity="1.185232e-001" type="0"/>
    <Peak1D F1="5.119647" intensity="6.770664e-003" type="0"/>
    <Peak1D F1="5.012726" intensity="7.536115e-003" type="0"/>
    <Peak1D F1="4.970538" intensity="1.369103e-002" type="0"/>
    <Peak1D F1="4.960804" intensity="1.162294e-002" type="0"/>
    <Peak1D F1="4.947782" intensity="1.949903e-002" type="0"/>
    <Peak1D F1="4.892702" intensity="1.506280e-002" type="0"/>
    <Peak1D F1="4.869977" intensity="1.870990e-002" type="0"/>
    <Peak1D F1="4.840725" intensity="4.281728e-002" type="0"/>
    <Peak1D F1="4.818414" intensity="5.394569e-002" type="0"/>
    <Peak1D F1="4.791170" intensity="1.404734e+000" type="0"/>
    <Peak1D F1="4.768358" intensity="1.427409e+000" type="0"/>
    <Peak1D F1="4.740899" intensity="6.328294e-002" type="0"/>
    <Peak1D F1="4.718598" intensity="7.410336e-002" type="0"/>
    <Peak1D F1="4.685858" intensity="5.834286e-002" type="0"/>
    <Peak1D F1="4.662867" intensity="5.935439e-002" type="0"/>
    <Peak1D F1="4.608006" intensity="5.015115e-002" type="0"/>
    <Peak1D F1="4.583808" intensity="4.272443e-002" type="0"/>
    <Peak1D F1="4.555450" intensity="2.900594e-002" type="0"/>
    <Peak1D F1="4.538904" intensity="2.835995e-002" type="0"/>
    <Peak1D F1="4.520803" intensity="2.324151e-002" type="0"/>
    <Peak1D F1="4.465490" intensity="1.547619e-002" type="0"/>
    <Peak1D F1="4.421025" intensity="1.312827e-002" type="0"/>
    <Peak1D F1="4.344865" intensity="7.577184e-003" type="0"/>
    <Peak1D F1="4.334062" intensity="6.842112e-003" type="0"/>
    <Peak1D F1="4.300228" intensity="7.737972e-003" type="0"/>
    <Peak1D F1="4.109737" intensity="7.524516e-003" type="0"/>
    <Peak1D F1="4.007780" intensity="8.604415e-003" type="0"/>
    <Peak1D F1="3.947143" intensity="9.658598e-003" type="0"/>
    <Peak1D F1="3.925937" intensity="1.692184e-002" type="0"/>
    <Peak1D F1="3.878084" intensity="7.936428e-002" type="0"/>
    <Peak1D F1="3.861293" intensity="1.482327e-002" type="0"/>
    <Peak1D F1="3.844290" intensity="9.394985e-002" type="0"/>
    <Peak1D F1="3.828445" intensity="1.671718e+000" type="0"/>
    <Peak1D F1="3.811161" intensity="3.563662e-001" type="0"/>
    <Peak1D F1="3.798776" intensity="5.999578e-002" type="0"/>
    <Peak1D F1="3.789414" intensity="1.563526e-001" type="0"/>
    <Peak1D F1="3.782645" intensity="7.114477e-002" type="0"/>
    <Peak1D F1="3.774996" intensity="2.482376e-001" type="0"/>
    <Peak1D F1="3.759164" intensity="6.017003e-001" type="0"/>
    <Peak1D F1="3.749564" intensity="1.648831e+000" type="0"/>
    <Peak1D F1="3.735372" intensity="1.276582e-001" type="0"/>
    <Peak1D F1="3.723270" intensity="9.215900e-002" type="0"/>
    <Peak1D F1="3.700616" intensity="1.009991e+001" type="0"/>
    <Peak1D F1="3.685444" intensity="1.151662e-001" type="0"/>
    <Peak1D F1="3.671561" intensity="2.506899e-002" type="0"/>
    <Peak1D F1="3.650974" intensity="1.690473e-001" type="0"/>
    <Peak1D F1="3.632924" intensity="3.130245e-002" type="0"/>
    <Peak1D F1="3.622546" intensity="1.095864e-002" type="0"/>
    <Peak1D F1="3.597845" intensity="2.394390e-002" type="0"/>
    <Peak1D F1="3.577029" intensity="7.338319e-003" type="0"/>
    <Peak1D F1="3.568202" intensity="8.270763e-003" type="0"/>
    <Peak1D F1="3.538896" intensity="7.301913e-003" type="0"/>
    <Peak1D F1="3.518307" intensity="5.330170e-002" type="0"/>
    <Peak1D F1="3.417952" intensity="6.918287e-003" type="0"/>
    <Peak1D F1="2.942404" intensity="1.603811e-002" type="0"/>
    <Peak1D F1="2.936028" intensity="1.325290e-002" type="0"/>
    <Peak1D F1="2.924307" intensity="1.192671e-002" type="0"/>
    <Peak1D F1="2.917886" intensity="9.259530e-003" type="0"/>
    <Peak1D F1="2.787719" intensity="8.980256e-003" type="0"/>
    <Peak1D F1="2.778584" intensity="1.017500e-002" type="0"/>
    <Peak1D F1="2.750770" intensity="1.543769e-002" type="0"/>
    <Peak1D F1="2.741174" intensity="1.182250e-002" type="0"/>
    <Peak1D F1="2.618089" intensity="7.293221e-003" type="0"/>
    <Peak1D F1="2.554038" intensity="6.820139e-003" type="0"/>
    <Peak1D F1="2.527331" intensity="8.396945e-003" type="0"/>
    <Peak1D F1="2.508225" intensity="9.336510e-003" type="0"/>
    <Peak1D F1="2.437171" intensity="2.261138e-001" type="0"/>
    <Peak1D F1="2.432397" intensity="2.659260e-001" type="0"/>
    <Peak1D F1="2.416051" intensity="2.646769e-001" type="0"/>
    <Peak1D F1="2.411352" intensity="2.913556e-001" type="0"/>
    <Peak1D F1="2.387734" intensity="3.859971e-001" type="0"/>
    <Peak1D F1="2.383734" intensity="3.584651e-001" type="0"/>
    <Peak1D F1="2.363083" intensity="4.514341e-001" type="0"/>
    <Peak1D F1="2.351145" intensity="2.757789e-001" type="0"/>
    <Peak1D F1="2.328352" intensity="4.710910e-001" type="0"/>
    <Peak1D F1="2.320801" intensity="2.839712e-001" type="0"/>
    <Peak1D F1="2.317518" intensity="2.617814e-001" type="0"/>
    <Peak1D F1="2.308400" intensity="3.762740e-001" type="0"/>
    <Peak1D F1="2.298248" intensity="4.451992e-001" type="0"/>
    <Peak1D F1="2.277923" intensity="2.766713e-001" type="0"/>
    <Peak1D F1="2.265773" intensity="7.521275e-002" type="0"/>
    <Peak1D F1="2.251567" intensity="4.516675e-001" type="0"/>
    <Peak1D F1="2.236421" intensity="1.160974e-001" type="0"/>
    <Peak1D F1="2.229369" intensity="5.172625e-001" type="0"/>
    <Peak1D F1="2.225452" intensity="5.300329e-001" type="0"/>
    <Peak1D F1="2.202738" intensity="6.720336e-001" type="0"/>
    <Peak1D F1="2.195144" intensity="1.365433e-001" type="0"/>
    <Peak1D F1="2.181243" intensity="3.556289e-001" type="0"/>
    <Peak1D F1="2.176527" intensity="3.541991e-001" type="0"/>
    <Peak1D F1="2.154088" intensity="4.717222e-001" type="0"/>
    <Peak1D F1="2.146377" intensity="3.824482e-001" type="0"/>
    <Peak1D F1="2.116247" intensity="4.511379e+000" type="0"/>
    <Peak1D F1="2.096611" intensity="1.435571e+001" type="0"/>
    <Peak1D F1="2.085051" intensity="3.830758e+000" type="0"/>
    <Peak1D F1="2.077832" intensity="7.222202e+000" type="0"/>
    <Peak1D F1="2.056619" intensity="3.655258e-001" type="0"/>
    <Peak1D F1="2.052165" intensity="3.669523e-001" type="0"/>
    <Peak1D F1="2.047110" intensity="4.140555e-001" type="0"/>
    <Peak1D F1="2.028124" intensity="2.044634e-001" type="0"/>
    <Peak1D F1="1.986137" intensity="2.590030e-001" type="0"/>
    <Peak1D F1="1.969629" intensity="2.814108e-001" type="0"/>
    <Peak1D F1="1.964299" intensity="3.775792e-001" type="0"/>
    <Peak1D F1="1.958865" intensity="5.200797e-001" type="0"/>
    <Peak1D F1="1.954085" intensity="4.805234e-001" type="0"/>
    <Peak1D F1="1.949075" intensity="5.185063e-001" type="0"/>
    <Peak1D F1="1.941630" intensity="7.636850e-001" type="0"/>
    <Peak1D F1="1.932576" intensity="9.264298e-001" type="0"/>
    <Peak1D F1="1.925698" intensity="9.643434e-001" type="0"/>
    <Peak1D F1="1.920413" intensity="9.642887e-001" type="0"/>
    <Peak1D F1="1.910748" intensity="7.278198e+000" type="0"/>
    <Peak1D F1="1.899594" intensity="6.078021e+000" type="0"/>
    <Peak1D F1="1.891172" intensity="1.500000e+001" type="0"/>
    <Peak1D F1="1.880742" intensity="5.531147e+000" type="0"/>
    <Peak1D F1="1.871766" intensity="4.764503e+000" type="0"/>
    <Peak1D F1="1.859683" intensity="6.055814e-001" type="0"/>
    <Peak1D F1="1.849493" intensity="3.631137e-001" type="0"/>
    <Peak1D F1="1.841485" intensity="3.695440e-001" type="0"/>
    <Peak1D F1="1.831317" intensity="1.764932e-001" type="0"/>
    <Peak1D F1="1.821856" intensity="1.434044e-001" type="0"/>
    <Peak1D F1="1.760084" intensity="6.768775e-002" type="0"/>
    <Peak1D F1="1.744873" intensity="1.605939e-001" type="0"/>
    <Peak1D F1="1.729438" intensity="2.061996e-001" type="0"/>
    <Peak1D F1="1.724011" intensity="2.150617e-001" type="0"/>
    <Peak1D F1="1.716916" intensity="2.310558e-001" type="0"/>
    <Peak1D F1="1.708030" intensity="2.560323e-001" type="0"/>
    <Peak1D F1="1.701165" intensity="3.975897e-001" type="0"/>
    <Peak1D F1="1.697156" intensity="3.613014e-001" type="0"/>
    <Peak1D F1="1.688559" intensity="2.905242e-001" type="0"/>
    <Peak1D F1="1.681092" intensity="9.262975e-001" type="0"/>
    <Peak1D F1="1.676170" intensity="5.062530e-001" type="0"/>
    <Peak1D F1="1.671015" intensity="5.620362e-001" type="0"/>
    <Peak1D F1="1.657568" intensity="8.010384e-001" type="0"/>
    <Peak1D F1="1.653106" intensity="6.859928e-001" type="0"/>
    <Peak1D F1="1.641433" intensity="4.540185e-001" type="0"/>
    <Peak1D F1="1.637076" intensity="5.308710e-001" type="0"/>
    <Peak1D F1="1.632761" intensity="4.062749e-001" type="0"/>
    <Peak1D F1="1.625806" intensity="2.102019e-001" type="0"/>
    <Peak1D F1="1.621057" intensity="2.434904e-001" type="0"/>
    <Peak1D F1="1.617004" intensity="2.416276e-001" type="0"/>
    <Peak1D F1="1.587798" intensity="5.487900e-002" type="0"/>
    <Peak1D F1="1.561237" intensity="4.752531e-002" type="0"/>
    <Peak1D F1="1.535055" intensity="2.230550e-001" type="0"/>
    <Peak1D F1="1.519612" intensity="1.625973e-001" type="0"/>
    <Peak1D F1="1.512589" intensity="1.876947e-001" type="0"/>
    <Peak1D F1="1.500739" intensity="4.120907e-001" type="0"/>
    <Peak1D F1="1.492724" intensity="1.395432e-001" type="0"/>
    <Peak1D F1="1.483342" intensity="5.132349e-001" type="0"/>
    <Peak1D F1="1.470525" intensity="3.490974e-001" type="0"/>
    <Peak1D F1="1.453684" intensity="3.501515e-001" type="0"/>
    <Peak1D F1="1.441316" intensity="7.050281e-002" type="0"/>
    <Peak1D F1="1.435840" intensity="1.032889e-001" type="0"/>
    <Peak1D F1="1.423772" intensity="1.192911e-001" type="0"/>
    <Peak1D F1="1.405414" intensity="2.790262e-002" type="0"/>
    <Peak1D F1="1.343368" intensity="2.037501e-002" type="0"/>
    <Peak1D F1="1.326783" intensity="1.947004e-002" type="0"/>
    <Peak1D F1="1.310531" intensity="2.220732e-002" type="0"/>
    <Peak1D F1="1.266984" intensity="2.606721e-002" type="0"/>
    <Peak1D F1="1.235049" intensity="3.367151e-002" type="0"/>
    <Peak1D F1="1.218426" intensity="3.576740e-002" type="0"/>
    <Peak1D F1="1.205436" intensity="3.594633e-002" type="0"/>
    <Peak1D F1="1.184889" intensity="7.405662e-002" type="0"/>
    <Peak1D F1="1.141189" intensity="1.066848e-002" type="0"/>
    <Peak1D F1="1.086410" intensity="8.343818e-003" type="0"/>
    <Peak1D F1="1.060346" intensity="8.411150e-003" type="0"/>
    <Peak1D F1="1.003184" intensity="7.296597e-003" type="0"/>
    <Peak1D F1="0.969317" intensity="7.310738e-003" type="0"/>
    <Peak1D F1="0.852281" intensity="6.920335e-003" type="0"/>
    <Peak1D F1="0.810547" intensity="2.512287e-002" type="0"/>
    <Peak1D F1="0.793013" intensity="1.239640e-002" type="0"/>
    <Peak1D F1="0.767492" intensity="9.904135e-003" type="0"/>
    <Peak1D F1="0.756604" intensity="9.076606e-003" type="0"/>
    <Peak1D F1="0.693207" intensity="8.168234e-003" type="0"/>
    <Peak1D F1="0.453287" intensity="7.042035e-003" type="0"/>
    <Peak1D F1="-0.000150" intensity="2.273097e-001" type="0"/>
    <Peak1D F1="-0.008844" intensity="1.216505e-002" type="0"/>
  </PeakList1D>
</PeakList>
