<?xml version="1.0" encoding="UTF-8"?>
<PeakList>
  <PeakList1D>
    <PeakList1DHeader creator="nmr" date="2021-10-28T17:55:34.458+03:00" expNo="20" name="ID_451_A" owner="" procNo="1" source="//132.72.8.180/400b/Milo/Milo">
      <PeakPickDetails>F1=16.140860ppm, F2=-3.888186ppm, MI=0.00cm, MAXI=10000.00cm, PC=1.000
      </PeakPickDetails>
    </PeakList1DHeader>
    <Peak1D F1="14.534622" intensity="1.050783e-003" type="0"/>
    <Peak1D F1="11.928496" intensity="1.583133e-003" type="0"/>
    <Peak1D F1="10.970864" intensity="1.095777e-003" type="0"/>
    <Peak1D F1="10.390261" intensity="1.003550e-003" type="0"/>
    <Peak1D F1="10.311843" intensity="4.290286e-003" type="0"/>
    <Peak1D F1="10.305295" intensity="1.961234e-003" type="0"/>
    <Peak1D F1="10.249795" intensity="1.078092e-003" type="0"/>
    <Peak1D F1="10.238444" intensity="1.064222e-003" type="0"/>
    <Peak1D F1="10.207789" intensity="1.233267e-003" type="0"/>
    <Peak1D F1="10.140569" intensity="1.155632e-002" type="0"/>
    <Peak1D F1="10.122291" intensity="7.365461e-003" type="0"/>
    <Peak1D F1="10.113069" intensity="7.571222e-003" type="0"/>
    <Peak1D F1="10.091071" intensity="6.457102e-001" type="0"/>
    <Peak1D F1="10.083073" intensity="1.580403e-001" type="0"/>
    <Peak1D F1="10.059299" intensity="4.241225e-003" type="0"/>
    <Peak1D F1="10.041428" intensity="1.145423e-002" type="0"/>
    <Peak1D F1="9.864697" intensity="3.120329e-003" type="0"/>
    <Peak1D F1="9.847025" intensity="1.005503e-003" type="0"/>
    <Peak1D F1="9.614770" intensity="1.015703e-003" type="0"/>
    <Peak1D F1="8.542927" intensity="2.185431e-003" type="0"/>
    <Peak1D F1="8.521959" intensity="2.533274e-003" type="0"/>
    <Peak1D F1="8.458166" intensity="1.173705e-003" type="0"/>
    <Peak1D F1="8.427300" intensity="1.813442e-003" type="0"/>
    <Peak1D F1="8.383579" intensity="9.878109e-003" type="0"/>
    <Peak1D F1="8.362770" intensity="1.361109e-002" type="0"/>
    <Peak1D F1="8.334387" intensity="4.363465e-001" type="0"/>
    <Peak1D F1="8.325254" intensity="1.555546e-001" type="0"/>
    <Peak1D F1="8.312822" intensity="5.026702e-001" type="0"/>
    <Peak1D F1="8.284775" intensity="1.036163e-002" type="0"/>
    <Peak1D F1="8.263581" intensity="1.180537e-002" type="0"/>
    <Peak1D F1="8.226652" intensity="1.036735e-002" type="0"/>
    <Peak1D F1="8.199816" intensity="2.737109e-002" type="0"/>
    <Peak1D F1="8.183197" intensity="3.528295e-002" type="0"/>
    <Peak1D F1="8.177951" intensity="4.255071e-002" type="0"/>
    <Peak1D F1="8.169148" intensity="4.074740e-002" type="0"/>
    <Peak1D F1="8.161414" intensity="4.612410e-002" type="0"/>
    <Peak1D F1="8.140877" intensity="5.151561e-001" type="0"/>
    <Peak1D F1="8.133326" intensity="9.686092e-001" type="0"/>
    <Peak1D F1="8.128594" intensity="5.921509e-001" type="0"/>
    <Peak1D F1="8.118940" intensity="7.065431e-001" type="0"/>
    <Peak1D F1="8.111356" intensity="1.008921e+000" type="0"/>
    <Peak1D F1="8.083369" intensity="5.088028e-002" type="0"/>
    <Peak1D F1="8.078325" intensity="4.045940e-002" type="0"/>
    <Peak1D F1="8.071668" intensity="3.397182e-002" type="0"/>
    <Peak1D F1="8.062078" intensity="2.886620e-002" type="0"/>
    <Peak1D F1="8.055004" intensity="2.385628e-002" type="0"/>
    <Peak1D F1="8.031991" intensity="1.078956e-001" type="0"/>
    <Peak1D F1="8.027036" intensity="6.039389e-001" type="0"/>
    <Peak1D F1="8.022083" intensity="3.013639e-001" type="0"/>
    <Peak1D F1="8.009729" intensity="1.892822e-001" type="0"/>
    <Peak1D F1="8.005109" intensity="5.220551e-001" type="0"/>
    <Peak1D F1="7.999864" intensity="1.816598e-001" type="0"/>
    <Peak1D F1="7.977673" intensity="1.237624e-002" type="0"/>
    <Peak1D F1="7.955486" intensity="1.010133e-002" type="0"/>
    <Peak1D F1="7.919488" intensity="5.485910e-003" type="0"/>
    <Peak1D F1="7.908248" intensity="1.223523e-002" type="0"/>
    <Peak1D F1="7.903080" intensity="1.169983e-002" type="0"/>
    <Peak1D F1="7.886364" intensity="1.083739e-002" type="0"/>
    <Peak1D F1="7.864627" intensity="9.801134e-003" type="0"/>
    <Peak1D F1="7.852664" intensity="6.528520e-003" type="0"/>
    <Peak1D F1="7.842740" intensity="9.515666e-003" type="0"/>
    <Peak1D F1="7.815852" intensity="3.113524e-003" type="0"/>
    <Peak1D F1="7.793210" intensity="2.666360e-003" type="0"/>
    <Peak1D F1="7.744570" intensity="3.848959e-003" type="0"/>
    <Peak1D F1="7.720817" intensity="3.535977e-003" type="0"/>
    <Peak1D F1="7.678905" intensity="6.381426e-003" type="0"/>
    <Peak1D F1="7.658939" intensity="6.305348e-003" type="0"/>
    <Peak1D F1="7.638693" intensity="3.240590e-003" type="0"/>
    <Peak1D F1="7.615752" intensity="1.955578e-002" type="0"/>
    <Peak1D F1="7.593823" intensity="1.934027e-002" type="0"/>
    <Peak1D F1="7.577919" intensity="8.868462e-003" type="0"/>
    <Peak1D F1="7.565388" intensity="1.132950e-002" type="0"/>
    <Peak1D F1="7.549968" intensity="2.094216e-002" type="0"/>
    <Peak1D F1="7.543996" intensity="1.851011e-002" type="0"/>
    <Peak1D F1="7.528458" intensity="3.762158e-002" type="0"/>
    <Peak1D F1="7.514247" intensity="4.109050e-002" type="0"/>
    <Peak1D F1="7.505825" intensity="5.178902e-002" type="0"/>
    <Peak1D F1="7.494194" intensity="1.143548e-001" type="0"/>
    <Peak1D F1="7.478602" intensity="1.132816e+000" type="0"/>
    <Peak1D F1="7.457264" intensity="1.060105e+000" type="0"/>
    <Peak1D F1="7.429911" intensity="3.162052e-002" type="0"/>
    <Peak1D F1="7.407811" intensity="2.605551e-002" type="0"/>
    <Peak1D F1="7.386727" intensity="1.469866e-002" type="0"/>
    <Peak1D F1="7.375931" intensity="1.546463e-002" type="0"/>
    <Peak1D F1="7.363912" intensity="2.494341e-002" type="0"/>
    <Peak1D F1="7.357875" intensity="3.471838e-002" type="0"/>
    <Peak1D F1="7.335743" intensity="4.696906e-002" type="0"/>
    <Peak1D F1="7.313112" intensity="3.428828e-002" type="0"/>
    <Peak1D F1="7.284927" intensity="1.317163e-001" type="0"/>
    <Peak1D F1="7.235878" intensity="7.765841e+000" type="0"/>
    <Peak1D F1="7.235034" intensity="7.838696e+000" type="0"/>
    <Peak1D F1="7.218455" intensity="2.914089e-002" type="0"/>
    <Peak1D F1="7.207342" intensity="1.458931e-002" type="0"/>
    <Peak1D F1="7.201433" intensity="1.465063e-002" type="0"/>
    <Peak1D F1="7.186120" intensity="1.448729e-001" type="0"/>
    <Peak1D F1="7.166502" intensity="4.541117e-003" type="0"/>
    <Peak1D F1="7.136775" intensity="1.246077e-002" type="0"/>
    <Peak1D F1="7.114918" intensity="1.090614e-002" type="0"/>
    <Peak1D F1="7.081254" intensity="1.731373e-003" type="0"/>
    <Peak1D F1="7.022785" intensity="8.601857e-003" type="0"/>
    <Peak1D F1="7.000929" intensity="1.070988e-002" type="0"/>
    <Peak1D F1="6.970342" intensity="4.284484e-002" type="0"/>
    <Peak1D F1="6.957798" intensity="1.556211e-003" type="0"/>
    <Peak1D F1="6.486525" intensity="2.462417e-003" type="0"/>
    <Peak1D F1="6.461769" intensity="4.347689e-003" type="0"/>
    <Peak1D F1="6.200917" intensity="5.359084e-003" type="0"/>
    <Peak1D F1="6.195724" intensity="3.685621e-003" type="0"/>
    <Peak1D F1="6.155528" intensity="4.764775e-003" type="0"/>
    <Peak1D F1="6.112276" intensity="5.330489e-003" type="0"/>
    <Peak1D F1="6.106275" intensity="5.855269e-003" type="0"/>
    <Peak1D F1="6.052390" intensity="3.212565e-002" type="0"/>
    <Peak1D F1="6.040483" intensity="1.254707e-002" type="0"/>
    <Peak1D F1="6.002370" intensity="2.008427e+000" type="0"/>
    <Peak1D F1="5.991148" intensity="4.501487e-001" type="0"/>
    <Peak1D F1="5.953176" intensity="3.176617e-002" type="0"/>
    <Peak1D F1="5.943158" intensity="8.164410e-003" type="0"/>
    <Peak1D F1="5.905931" intensity="1.090202e-003" type="0"/>
    <Peak1D F1="5.875019" intensity="3.028137e-003" type="0"/>
    <Peak1D F1="5.866395" intensity="1.736585e-003" type="0"/>
    <Peak1D F1="5.805873" intensity="2.422652e-003" type="0"/>
    <Peak1D F1="5.800447" intensity="4.889052e-003" type="0"/>
    <Peak1D F1="5.704684" intensity="6.134579e-003" type="0"/>
    <Peak1D F1="5.657536" intensity="1.170550e-003" type="0"/>
    <Peak1D F1="5.644666" intensity="1.082663e-003" type="0"/>
    <Peak1D F1="5.597938" intensity="2.933499e-003" type="0"/>
    <Peak1D F1="5.518306" intensity="2.444877e-003" type="0"/>
    <Peak1D F1="5.465857" intensity="5.507449e-003" type="0"/>
    <Peak1D F1="5.435166" intensity="6.080071e-003" type="0"/>
    <Peak1D F1="5.421137" intensity="2.947238e-003" type="0"/>
    <Peak1D F1="5.387331" intensity="2.466414e-002" type="0"/>
    <Peak1D F1="5.344371" intensity="4.102662e-001" type="0"/>
    <Peak1D F1="5.337644" intensity="4.914515e-001" type="0"/>
    <Peak1D F1="5.294905" intensity="1.059733e-002" type="0"/>
    <Peak1D F1="5.288095" intensity="1.100298e-002" type="0"/>
    <Peak1D F1="5.275840" intensity="8.973354e-003" type="0"/>
    <Peak1D F1="5.270521" intensity="9.582349e-003" type="0"/>
    <Peak1D F1="5.264633" intensity="1.066517e-002" type="0"/>
    <Peak1D F1="5.258799" intensity="9.239392e-003" type="0"/>
    <Peak1D F1="5.246376" intensity="6.036981e-003" type="0"/>
    <Peak1D F1="5.152450" intensity="1.913731e-003" type="0"/>
    <Peak1D F1="5.105293" intensity="2.415667e-003" type="0"/>
    <Peak1D F1="4.908507" intensity="1.657467e-003" type="0"/>
    <Peak1D F1="4.895702" intensity="5.296376e-003" type="0"/>
    <Peak1D F1="4.872055" intensity="1.029318e-002" type="0"/>
    <Peak1D F1="4.848793" intensity="8.487547e-003" type="0"/>
    <Peak1D F1="4.821716" intensity="2.577001e-001" type="0"/>
    <Peak1D F1="4.799684" intensity="2.619767e-001" type="0"/>
    <Peak1D F1="4.771889" intensity="1.113723e-002" type="0"/>
    <Peak1D F1="4.749279" intensity="1.722729e-002" type="0"/>
    <Peak1D F1="4.700520" intensity="3.929054e-002" type="0"/>
    <Peak1D F1="4.640084" intensity="2.046525e-002" type="0"/>
    <Peak1D F1="4.620515" intensity="1.637196e-002" type="0"/>
    <Peak1D F1="4.571695" intensity="2.301489e-003" type="0"/>
    <Peak1D F1="4.538880" intensity="1.474887e-003" type="0"/>
    <Peak1D F1="4.532271" intensity="1.011509e-003" type="0"/>
    <Peak1D F1="4.511799" intensity="5.432090e-003" type="0"/>
    <Peak1D F1="4.497117" intensity="4.299438e-003" type="0"/>
    <Peak1D F1="4.297048" intensity="2.683580e-003" type="0"/>
    <Peak1D F1="4.286057" intensity="4.262103e-003" type="0"/>
    <Peak1D F1="4.272662" intensity="2.746515e-003" type="0"/>
    <Peak1D F1="4.262472" intensity="1.409063e-003" type="0"/>
    <Peak1D F1="4.128941" intensity="4.174054e-003" type="0"/>
    <Peak1D F1="4.108852" intensity="6.347397e-003" type="0"/>
    <Peak1D F1="4.087549" intensity="2.273169e-003" type="0"/>
    <Peak1D F1="3.867454" intensity="3.048544e-002" type="0"/>
    <Peak1D F1="3.857225" intensity="5.791757e-003" type="0"/>
    <Peak1D F1="3.824879" intensity="1.598474e-003" type="0"/>
    <Peak1D F1="3.801687" intensity="8.008292e-003" type="0"/>
    <Peak1D F1="3.792204" intensity="1.733324e-002" type="0"/>
    <Peak1D F1="3.775028" intensity="1.540514e-002" type="0"/>
    <Peak1D F1="3.740017" intensity="1.059351e-001" type="0"/>
    <Peak1D F1="3.731764" intensity="3.905282e-002" type="0"/>
    <Peak1D F1="3.728672" intensity="3.847778e-002" type="0"/>
    <Peak1D F1="3.690046" intensity="6.178236e+000" type="0"/>
    <Peak1D F1="3.679775" intensity="1.375486e+000" type="0"/>
    <Peak1D F1="3.651385" intensity="5.812998e-002" type="0"/>
    <Peak1D F1="3.640800" intensity="1.172667e-001" type="0"/>
    <Peak1D F1="3.632673" intensity="3.904185e-002" type="0"/>
    <Peak1D F1="3.616266" intensity="4.321850e-002" type="0"/>
    <Peak1D F1="3.609897" intensity="4.985909e-002" type="0"/>
    <Peak1D F1="3.590831" intensity="6.973495e-003" type="0"/>
    <Peak1D F1="3.583283" intensity="6.881953e-003" type="0"/>
    <Peak1D F1="3.568632" intensity="9.491540e-003" type="0"/>
    <Peak1D F1="3.559777" intensity="6.053347e-003" type="0"/>
    <Peak1D F1="3.507805" intensity="3.856658e-002" type="0"/>
    <Peak1D F1="3.497094" intensity="1.422250e-002" type="0"/>
    <Peak1D F1="3.469566" intensity="1.379536e-002" type="0"/>
    <Peak1D F1="3.457557" intensity="2.046590e-002" type="0"/>
    <Peak1D F1="3.449450" intensity="1.912840e-002" type="0"/>
    <Peak1D F1="3.436159" intensity="2.312403e-002" type="0"/>
    <Peak1D F1="3.423956" intensity="1.521814e-002" type="0"/>
    <Peak1D F1="3.387879" intensity="4.385083e-002" type="0"/>
    <Peak1D F1="3.373641" intensity="2.881161e-002" type="0"/>
    <Peak1D F1="3.363555" intensity="2.822506e-002" type="0"/>
    <Peak1D F1="3.346215" intensity="3.136636e-002" type="0"/>
    <Peak1D F1="3.299476" intensity="3.792234e-002" type="0"/>
    <Peak1D F1="3.245935" intensity="2.875287e-002" type="0"/>
    <Peak1D F1="3.226300" intensity="2.237847e-002" type="0"/>
    <Peak1D F1="3.159580" intensity="8.572790e-003" type="0"/>
    <Peak1D F1="3.131884" intensity="1.855272e-002" type="0"/>
    <Peak1D F1="3.123281" intensity="7.901465e-003" type="0"/>
    <Peak1D F1="3.102468" intensity="7.943991e-003" type="0"/>
    <Peak1D F1="3.093628" intensity="6.600540e-003" type="0"/>
    <Peak1D F1="3.086971" intensity="5.791935e-003" type="0"/>
    <Peak1D F1="3.076621" intensity="7.091731e-003" type="0"/>
    <Peak1D F1="3.060885" intensity="2.559144e-003" type="0"/>
    <Peak1D F1="2.962971" intensity="2.360326e-003" type="0"/>
    <Peak1D F1="2.955788" intensity="3.272412e-003" type="0"/>
    <Peak1D F1="2.945740" intensity="6.142006e-003" type="0"/>
    <Peak1D F1="2.937692" intensity="9.120964e-003" type="0"/>
    <Peak1D F1="2.926647" intensity="3.440533e-003" type="0"/>
    <Peak1D F1="2.919282" intensity="4.180971e-003" type="0"/>
    <Peak1D F1="2.796981" intensity="6.354715e-003" type="0"/>
    <Peak1D F1="2.780906" intensity="4.377260e-003" type="0"/>
    <Peak1D F1="2.770793" intensity="5.242095e-003" type="0"/>
    <Peak1D F1="2.755894" intensity="5.712238e-003" type="0"/>
    <Peak1D F1="2.742903" intensity="5.464864e-003" type="0"/>
    <Peak1D F1="2.473976" intensity="1.518502e-003" type="0"/>
    <Peak1D F1="2.401641" intensity="1.438724e-001" type="0"/>
    <Peak1D F1="2.388039" intensity="1.893235e-001" type="0"/>
    <Peak1D F1="2.381303" intensity="2.561234e-001" type="0"/>
    <Peak1D F1="2.375373" intensity="2.385575e-001" type="0"/>
    <Peak1D F1="2.355783" intensity="2.633947e-001" type="0"/>
    <Peak1D F1="2.334049" intensity="2.023992e-001" type="0"/>
    <Peak1D F1="2.325428" intensity="1.962509e-001" type="0"/>
    <Peak1D F1="2.310500" intensity="1.385500e-001" type="0"/>
    <Peak1D F1="2.307033" intensity="1.394620e-001" type="0"/>
    <Peak1D F1="2.286002" intensity="1.167122e-001" type="0"/>
    <Peak1D F1="2.280663" intensity="1.646417e-001" type="0"/>
    <Peak1D F1="2.267029" intensity="1.857610e-001" type="0"/>
    <Peak1D F1="2.261578" intensity="1.757696e-001" type="0"/>
    <Peak1D F1="2.246442" intensity="1.189768e-001" type="0"/>
    <Peak1D F1="2.235572" intensity="6.402946e-002" type="0"/>
    <Peak1D F1="2.223918" intensity="8.583063e-002" type="0"/>
    <Peak1D F1="2.209278" intensity="4.521177e-002" type="0"/>
    <Peak1D F1="2.200593" intensity="9.899140e-002" type="0"/>
    <Peak1D F1="2.196577" intensity="9.998486e-002" type="0"/>
    <Peak1D F1="2.186300" intensity="7.460690e-002" type="0"/>
    <Peak1D F1="2.174672" intensity="1.503542e-001" type="0"/>
    <Peak1D F1="2.147064" intensity="2.422801e-001" type="0"/>
    <Peak1D F1="2.134753" intensity="5.037159e-001" type="0"/>
    <Peak1D F1="2.125284" intensity="5.077786e-001" type="0"/>
    <Peak1D F1="2.104443" intensity="4.746268e+000" type="0"/>
    <Peak1D F1="2.102452" intensity="4.277899e+000" type="0"/>
    <Peak1D F1="2.096162" intensity="4.938962e+000" type="0"/>
    <Peak1D F1="2.085078" intensity="1.400698e+001" type="0"/>
    <Peak1D F1="2.075518" intensity="7.336144e+000" type="0"/>
    <Peak1D F1="2.066572" intensity="7.782218e+000" type="0"/>
    <Peak1D F1="2.058658" intensity="2.916744e+000" type="0"/>
    <Peak1D F1="2.043514" intensity="6.368151e-001" type="0"/>
    <Peak1D F1="2.038439" intensity="5.912603e-001" type="0"/>
    <Peak1D F1="2.035761" intensity="6.180527e-001" type="0"/>
    <Peak1D F1="2.017747" intensity="2.952340e-001" type="0"/>
    <Peak1D F1="2.008919" intensity="1.735971e-001" type="0"/>
    <Peak1D F1="1.990284" intensity="2.573011e-001" type="0"/>
    <Peak1D F1="1.975023" intensity="3.352427e-001" type="0"/>
    <Peak1D F1="1.955994" intensity="7.179990e-001" type="0"/>
    <Peak1D F1="1.949883" intensity="7.444993e-001" type="0"/>
    <Peak1D F1="1.940341" intensity="6.364407e+000" type="0"/>
    <Peak1D F1="1.933120" intensity="1.879887e+000" type="0"/>
    <Peak1D F1="1.921764" intensity="1.343218e+000" type="0"/>
    <Peak1D F1="1.916754" intensity="1.304453e+000" type="0"/>
    <Peak1D F1="1.906826" intensity="7.079605e+000" type="0"/>
    <Peak1D F1="1.896844" intensity="7.650837e+000" type="0"/>
    <Peak1D F1="1.887252" intensity="1.500000e+001" type="0"/>
    <Peak1D F1="1.878206" intensity="8.606815e+000" type="0"/>
    <Peak1D F1="1.868275" intensity="5.715572e+000" type="0"/>
    <Peak1D F1="1.846212" intensity="6.036760e-001" type="0"/>
    <Peak1D F1="1.838089" intensity="5.279058e-001" type="0"/>
    <Peak1D F1="1.829363" intensity="3.280476e-001" type="0"/>
    <Peak1D F1="1.819103" intensity="2.317223e-001" type="0"/>
    <Peak1D F1="1.768533" intensity="9.168357e-002" type="0"/>
    <Peak1D F1="1.756167" intensity="7.362375e-002" type="0"/>
    <Peak1D F1="1.737403" intensity="1.045168e-001" type="0"/>
    <Peak1D F1="1.726869" intensity="8.918469e-002" type="0"/>
    <Peak1D F1="1.719844" intensity="1.446169e-001" type="0"/>
    <Peak1D F1="1.698907" intensity="2.041536e-001" type="0"/>
    <Peak1D F1="1.680276" intensity="2.985028e-001" type="0"/>
    <Peak1D F1="1.670740" intensity="3.316358e-001" type="0"/>
    <Peak1D F1="1.664290" intensity="3.268794e-001" type="0"/>
    <Peak1D F1="1.661230" intensity="3.402145e-001" type="0"/>
    <Peak1D F1="1.654175" intensity="3.835931e-001" type="0"/>
    <Peak1D F1="1.645929" intensity="3.848294e-001" type="0"/>
    <Peak1D F1="1.642677" intensity="3.875948e-001" type="0"/>
    <Peak1D F1="1.640842" intensity="3.901442e-001" type="0"/>
    <Peak1D F1="1.618522" intensity="2.217031e-001" type="0"/>
    <Peak1D F1="1.593616" intensity="7.803796e-002" type="0"/>
    <Peak1D F1="1.584332" intensity="5.859082e-002" type="0"/>
    <Peak1D F1="1.566211" intensity="4.421694e-002" type="0"/>
    <Peak1D F1="1.555667" intensity="3.657085e-002" type="0"/>
    <Peak1D F1="1.546098" intensity="4.233655e-002" type="0"/>
    <Peak1D F1="1.540532" intensity="4.280141e-002" type="0"/>
    <Peak1D F1="1.531138" intensity="5.871643e-002" type="0"/>
    <Peak1D F1="1.512095" intensity="9.037516e-002" type="0"/>
    <Peak1D F1="1.494492" intensity="9.727658e-002" type="0"/>
    <Peak1D F1="1.482905" intensity="8.440724e-002" type="0"/>
    <Peak1D F1="1.464715" intensity="6.922514e-002" type="0"/>
    <Peak1D F1="1.446548" intensity="3.038732e-002" type="0"/>
    <Peak1D F1="1.435712" intensity="2.410548e-002" type="0"/>
    <Peak1D F1="1.409714" intensity="1.401273e-002" type="0"/>
    <Peak1D F1="1.374364" intensity="1.270333e-002" type="0"/>
    <Peak1D F1="1.353183" intensity="1.893271e-002" type="0"/>
    <Peak1D F1="1.290175" intensity="1.110243e-002" type="0"/>
    <Peak1D F1="1.225793" intensity="2.265653e-002" type="0"/>
    <Peak1D F1="1.210750" intensity="2.305845e-002" type="0"/>
    <Peak1D F1="1.179489" intensity="4.175409e-002" type="0"/>
    <Peak1D F1="1.072438" intensity="5.996003e-003" type="0"/>
    <Peak1D F1="1.024534" intensity="5.477066e-003" type="0"/>
    <Peak1D F1="0.969392" intensity="5.220055e-003" type="0"/>
    <Peak1D F1="0.942799" intensity="4.901497e-003" type="0"/>
    <Peak1D F1="0.928704" intensity="4.723672e-003" type="0"/>
    <Peak1D F1="0.907306" intensity="4.474686e-003" type="0"/>
    <Peak1D F1="0.881263" intensity="4.606992e-003" type="0"/>
    <Peak1D F1="0.844160" intensity="4.758145e-003" type="0"/>
    <Peak1D F1="0.801981" intensity="1.355932e-002" type="0"/>
    <Peak1D F1="0.784914" intensity="9.014855e-003" type="0"/>
    <Peak1D F1="0.759837" intensity="6.346014e-003" type="0"/>
    <Peak1D F1="0.737481" intensity="5.186642e-003" type="0"/>
    <Peak1D F1="0.702327" intensity="3.437951e-003" type="0"/>
    <Peak1D F1="0.667054" intensity="3.348822e-003" type="0"/>
    <Peak1D F1="0.651931" intensity="3.172887e-003" type="0"/>
    <Peak1D F1="0.632252" intensity="2.918359e-003" type="0"/>
    <Peak1D F1="0.592252" intensity="2.655655e-003" type="0"/>
    <Peak1D F1="0.564380" intensity="2.532782e-003" type="0"/>
    <Peak1D F1="0.537630" intensity="2.671913e-003" type="0"/>
    <Peak1D F1="0.510821" intensity="2.537053e-003" type="0"/>
    <Peak1D F1="0.492307" intensity="2.490987e-003" type="0"/>
    <Peak1D F1="0.456001" intensity="2.649411e-003" type="0"/>
    <Peak1D F1="0.430659" intensity="2.413534e-003" type="0"/>
    <Peak1D F1="0.418268" intensity="2.310353e-003" type="0"/>
    <Peak1D F1="0.395218" intensity="2.290477e-003" type="0"/>
    <Peak1D F1="0.371524" intensity="2.438756e-003" type="0"/>
    <Peak1D F1="0.360012" intensity="2.018840e-003" type="0"/>
    <Peak1D F1="0.308391" intensity="2.071327e-003" type="0"/>
    <Peak1D F1="0.294262" intensity="1.849092e-003" type="0"/>
    <Peak1D F1="0.268430" intensity="1.496548e-003" type="0"/>
    <Peak1D F1="0.262320" intensity="1.576439e-003" type="0"/>
    <Peak1D F1="0.231817" intensity="1.683449e-003" type="0"/>
    <Peak1D F1="0.198294" intensity="1.706730e-003" type="0"/>
    <Peak1D F1="0.182622" intensity="1.694813e-003" type="0"/>
    <Peak1D F1="0.156168" intensity="1.610579e-003" type="0"/>
    <Peak1D F1="0.115525" intensity="1.765500e-003" type="0"/>
    <Peak1D F1="0.092392" intensity="1.677839e-003" type="0"/>
    <Peak1D F1="0.082958" intensity="1.731355e-003" type="0"/>
    <Peak1D F1="0.050139" intensity="1.794537e-003" type="0"/>
    <Peak1D F1="-0.000151" intensity="4.592501e-002" type="0"/>
    <Peak1D F1="-0.007019" intensity="1.205491e-002" type="0"/>
    <Peak1D F1="-0.031653" intensity="1.627172e-003" type="0"/>
    <Peak1D F1="-0.049521" intensity="1.393571e-003" type="0"/>
    <Peak1D F1="-0.122516" intensity="1.107425e-003" type="0"/>
    <Peak1D F1="-0.151839" intensity="1.480272e-003" type="0"/>
    <Peak1D F1="-0.166845" intensity="1.197447e-003" type="0"/>
    <Peak1D F1="-0.215701" intensity="1.168594e-003" type="0"/>
    <Peak1D F1="-0.224943" intensity="1.054022e-003" type="0"/>
    <Peak1D F1="-3.106652" intensity="1.310756e-003" type="0"/>
    <Peak1D F1="-3.152940" intensity="1.108513e-003" type="0"/>
    <Peak1D F1="-3.188519" intensity="1.117174e-003" type="0"/>
    <Peak1D F1="-3.194286" intensity="1.009389e-003" type="0"/>
    <Peak1D F1="-3.236888" intensity="1.119258e-003" type="0"/>
    <Peak1D F1="-3.245842" intensity="1.195255e-003" type="0"/>
    <Peak1D F1="-3.270012" intensity="1.333661e-003" type="0"/>
    <Peak1D F1="-3.282704" intensity="1.073286e-003" type="0"/>
    <Peak1D F1="-3.315006" intensity="1.256105e-003" type="0"/>
    <Peak1D F1="-3.348136" intensity="1.233122e-003" type="0"/>
    <Peak1D F1="-3.382215" intensity="1.134956e-003" type="0"/>
    <Peak1D F1="-3.394462" intensity="1.124004e-003" type="0"/>
    <Peak1D F1="-3.405836" intensity="1.203345e-003" type="0"/>
    <Peak1D F1="-3.419128" intensity="1.051328e-003" type="0"/>
    <Peak1D F1="-3.444317" intensity="1.294963e-003" type="0"/>
    <Peak1D F1="-3.449183" intensity="1.264757e-003" type="0"/>
    <Peak1D F1="-3.468735" intensity="1.515468e-003" type="0"/>
    <Peak1D F1="-3.492460" intensity="1.077174e-003" type="0"/>
    <Peak1D F1="-3.514777" intensity="1.351264e-003" type="0"/>
    <Peak1D F1="-3.523995" intensity="1.369946e-003" type="0"/>
    <Peak1D F1="-3.557528" intensity="1.265589e-003" type="0"/>
    <Peak1D F1="-3.657766" intensity="1.646697e-003" type="0"/>
    <Peak1D F1="-3.687575" intensity="1.441794e-003" type="0"/>
    <Peak1D F1="-3.728737" intensity="1.447185e-003" type="0"/>
    <Peak1D F1="-3.797524" intensity="1.524881e-003" type="0"/>
    <Peak1D F1="-3.816897" intensity="1.524491e-003" type="0"/>
  </PeakList1D>
</PeakList>
