<?xml version="1.0" encoding="UTF-8"?>
<PeakList>
  <PeakList1D>
    <PeakList1DHeader creator="nmr" date="2021-08-06T18:56:54.629+03:00" expNo="20" name="ID_422_L" owner="" procNo="1" source="//132.72.8.180/400b/Milo/Milo">
      <PeakPickDetails>F1=16.116619ppm, F2=-3.912426ppm, MI=0.00cm, MAXI=10000.00cm, PC=1.000
      </PeakPickDetails>
    </PeakList1DHeader>
    <Peak1D F1="14.229524" intensity="2.717278e-003" type="0"/>
    <Peak1D F1="13.297680" intensity="2.740193e-003" type="0"/>
    <Peak1D F1="11.905025" intensity="2.463309e-003" type="0"/>
    <Peak1D F1="11.796988" intensity="2.379685e-003" type="0"/>
    <Peak1D F1="10.086652" intensity="5.088225e-002" type="0"/>
    <Peak1D F1="10.081821" intensity="6.299421e-002" type="0"/>
    <Peak1D F1="10.075665" intensity="4.311995e-002" type="0"/>
    <Peak1D F1="8.836252" intensity="4.097028e-002" type="0"/>
    <Peak1D F1="8.530995" intensity="1.128702e-002" type="0"/>
    <Peak1D F1="8.488722" intensity="7.076883e-002" type="0"/>
    <Peak1D F1="8.470900" intensity="7.733948e-002" type="0"/>
    <Peak1D F1="8.442407" intensity="4.241187e-003" type="0"/>
    <Peak1D F1="8.411635" intensity="1.003993e-002" type="0"/>
    <Peak1D F1="8.338554" intensity="2.242147e-002" type="0"/>
    <Peak1D F1="8.332484" intensity="5.396069e-002" type="0"/>
    <Peak1D F1="8.327327" intensity="6.859531e-002" type="0"/>
    <Peak1D F1="8.321578" intensity="6.115074e-002" type="0"/>
    <Peak1D F1="8.310690" intensity="6.624468e-002" type="0"/>
    <Peak1D F1="8.305373" intensity="7.093552e-002" type="0"/>
    <Peak1D F1="8.288631" intensity="3.459002e-002" type="0"/>
    <Peak1D F1="8.269746" intensity="3.320203e-001" type="0"/>
    <Peak1D F1="8.255527" intensity="1.408287e-001" type="0"/>
    <Peak1D F1="8.248997" intensity="1.339999e-001" type="0"/>
    <Peak1D F1="8.244185" intensity="1.152734e-001" type="0"/>
    <Peak1D F1="8.237716" intensity="6.834740e-002" type="0"/>
    <Peak1D F1="8.231447" intensity="9.566321e-002" type="0"/>
    <Peak1D F1="8.226290" intensity="1.244358e-001" type="0"/>
    <Peak1D F1="8.191642" intensity="7.558175e-002" type="0"/>
    <Peak1D F1="8.176244" intensity="6.531081e-002" type="0"/>
    <Peak1D F1="8.148657" intensity="8.678935e-001" type="0"/>
    <Peak1D F1="8.143099" intensity="1.154175e+000" type="0"/>
    <Peak1D F1="8.137821" intensity="9.134011e-001" type="0"/>
    <Peak1D F1="8.135512" intensity="9.488907e-001" type="0"/>
    <Peak1D F1="8.126521" intensity="1.219668e+000" type="0"/>
    <Peak1D F1="8.120941" intensity="1.247520e+000" type="0"/>
    <Peak1D F1="8.114429" intensity="8.258093e-001" type="0"/>
    <Peak1D F1="8.076826" intensity="3.530572e-002" type="0"/>
    <Peak1D F1="8.070948" intensity="2.782627e-002" type="0"/>
    <Peak1D F1="8.045710" intensity="3.046079e-002" type="0"/>
    <Peak1D F1="8.023895" intensity="3.363626e-002" type="0"/>
    <Peak1D F1="8.016287" intensity="6.110503e-002" type="0"/>
    <Peak1D F1="8.011672" intensity="8.850666e-002" type="0"/>
    <Peak1D F1="8.006433" intensity="6.703864e-002" type="0"/>
    <Peak1D F1="8.000312" intensity="3.173863e-002" type="0"/>
    <Peak1D F1="7.994315" intensity="6.284818e-002" type="0"/>
    <Peak1D F1="7.989551" intensity="7.792841e-002" type="0"/>
    <Peak1D F1="7.984266" intensity="5.500377e-002" type="0"/>
    <Peak1D F1="7.974566" intensity="6.959603e-002" type="0"/>
    <Peak1D F1="7.953678" intensity="9.626187e-002" type="0"/>
    <Peak1D F1="7.951070" intensity="9.500670e-002" type="0"/>
    <Peak1D F1="7.927804" intensity="3.397754e-002" type="0"/>
    <Peak1D F1="7.911631" intensity="1.750362e-002" type="0"/>
    <Peak1D F1="7.896846" intensity="4.066702e-002" type="0"/>
    <Peak1D F1="7.878675" intensity="8.606034e-002" type="0"/>
    <Peak1D F1="7.858401" intensity="6.699275e-002" type="0"/>
    <Peak1D F1="7.809894" intensity="2.103031e-001" type="0"/>
    <Peak1D F1="7.798390" intensity="1.787231e-001" type="0"/>
    <Peak1D F1="7.787949" intensity="2.766471e-001" type="0"/>
    <Peak1D F1="7.768381" intensity="5.349666e-001" type="0"/>
    <Peak1D F1="7.766247" intensity="5.371315e-001" type="0"/>
    <Peak1D F1="7.729123" intensity="9.698299e-002" type="0"/>
    <Peak1D F1="7.708343" intensity="8.370680e-002" type="0"/>
    <Peak1D F1="7.676593" intensity="3.448835e-002" type="0"/>
    <Peak1D F1="7.659583" intensity="3.710825e-002" type="0"/>
    <Peak1D F1="7.634797" intensity="9.827013e-002" type="0"/>
    <Peak1D F1="7.613560" intensity="1.022253e-001" type="0"/>
    <Peak1D F1="7.601536" intensity="4.650037e-002" type="0"/>
    <Peak1D F1="7.569577" intensity="6.528416e-002" type="0"/>
    <Peak1D F1="7.565701" intensity="6.385961e-002" type="0"/>
    <Peak1D F1="7.552064" intensity="8.685786e-002" type="0"/>
    <Peak1D F1="7.548278" intensity="9.458954e-002" type="0"/>
    <Peak1D F1="7.527744" intensity="8.594095e-002" type="0"/>
    <Peak1D F1="7.524539" intensity="8.442670e-002" type="0"/>
    <Peak1D F1="7.518404" intensity="7.074772e-002" type="0"/>
    <Peak1D F1="7.514443" intensity="6.720221e-002" type="0"/>
    <Peak1D F1="7.500008" intensity="1.476252e-001" type="0"/>
    <Peak1D F1="7.496625" intensity="1.534091e-001" type="0"/>
    <Peak1D F1="7.476965" intensity="9.977651e-001" type="0"/>
    <Peak1D F1="7.472789" intensity="1.406213e+000" type="0"/>
    <Peak1D F1="7.468374" intensity="1.174090e+000" type="0"/>
    <Peak1D F1="7.461435" intensity="7.283483e-001" type="0"/>
    <Peak1D F1="7.455647" intensity="1.235041e+000" type="0"/>
    <Peak1D F1="7.451618" intensity="1.366125e+000" type="0"/>
    <Peak1D F1="7.446172" intensity="1.022317e+000" type="0"/>
    <Peak1D F1="7.440940" intensity="5.124167e-001" type="0"/>
    <Peak1D F1="7.429950" intensity="2.354871e-001" type="0"/>
    <Peak1D F1="7.424139" intensity="2.276836e-001" type="0"/>
    <Peak1D F1="7.418303" intensity="1.979961e-001" type="0"/>
    <Peak1D F1="7.410500" intensity="1.581644e-001" type="0"/>
    <Peak1D F1="7.406787" intensity="1.393959e-001" type="0"/>
    <Peak1D F1="7.400415" intensity="1.159089e-001" type="0"/>
    <Peak1D F1="7.360116" intensity="1.415051e-002" type="0"/>
    <Peak1D F1="7.310661" intensity="1.340757e-002" type="0"/>
    <Peak1D F1="7.260663" intensity="1.182823e-001" type="0"/>
    <Peak1D F1="7.251378" intensity="2.634158e-002" type="0"/>
    <Peak1D F1="7.227443" intensity="3.494722e-002" type="0"/>
    <Peak1D F1="7.211506" intensity="6.807683e+000" type="0"/>
    <Peak1D F1="7.178123" intensity="1.278768e-002" type="0"/>
    <Peak1D F1="7.160776" intensity="1.174401e-001" type="0"/>
    <Peak1D F1="7.088091" intensity="6.500179e-003" type="0"/>
    <Peak1D F1="7.065850" intensity="5.528213e-003" type="0"/>
    <Peak1D F1="6.947099" intensity="3.565315e-002" type="0"/>
    <Peak1D F1="6.207502" intensity="1.191331e-002" type="0"/>
    <Peak1D F1="6.202435" intensity="9.229084e-003" type="0"/>
    <Peak1D F1="6.169818" intensity="5.111841e-003" type="0"/>
    <Peak1D F1="6.113207" intensity="3.166083e-002" type="0"/>
    <Peak1D F1="6.091424" intensity="9.957865e-003" type="0"/>
    <Peak1D F1="6.086337" intensity="9.055997e-003" type="0"/>
    <Peak1D F1="6.063875" intensity="5.000040e-002" type="0"/>
    <Peak1D F1="6.059539" intensity="3.856070e-002" type="0"/>
    <Peak1D F1="6.053841" intensity="3.917943e-002" type="0"/>
    <Peak1D F1="6.014163" intensity="1.836556e+000" type="0"/>
    <Peak1D F1="6.009515" intensity="2.683504e+000" type="0"/>
    <Peak1D F1="6.003501" intensity="1.661579e+000" type="0"/>
    <Peak1D F1="5.964205" intensity="5.100201e-002" type="0"/>
    <Peak1D F1="5.959495" intensity="4.395795e-002" type="0"/>
    <Peak1D F1="5.953488" intensity="6.570525e-002" type="0"/>
    <Peak1D F1="5.946319" intensity="5.314247e-002" type="0"/>
    <Peak1D F1="5.919106" intensity="3.591307e-003" type="0"/>
    <Peak1D F1="5.895305" intensity="8.901903e-003" type="0"/>
    <Peak1D F1="5.862935" intensity="7.183000e-003" type="0"/>
    <Peak1D F1="5.807230" intensity="4.794544e-002" type="0"/>
    <Peak1D F1="5.779259" intensity="4.185661e-002" type="0"/>
    <Peak1D F1="5.756270" intensity="7.773240e-003" type="0"/>
    <Peak1D F1="5.743530" intensity="6.911841e-003" type="0"/>
    <Peak1D F1="5.716268" intensity="6.625132e-003" type="0"/>
    <Peak1D F1="5.659084" intensity="2.758324e-003" type="0"/>
    <Peak1D F1="5.595768" intensity="2.968251e-003" type="0"/>
    <Peak1D F1="5.566649" intensity="3.730640e-003" type="0"/>
    <Peak1D F1="5.537635" intensity="1.089492e-002" type="0"/>
    <Peak1D F1="5.508536" intensity="5.818629e-003" type="0"/>
    <Peak1D F1="5.470308" intensity="4.896945e-002" type="0"/>
    <Peak1D F1="5.464872" intensity="4.846733e-002" type="0"/>
    <Peak1D F1="5.436389" intensity="5.057351e-003" type="0"/>
    <Peak1D F1="5.423092" intensity="4.390332e-003" type="0"/>
    <Peak1D F1="5.390488" intensity="6.912613e-003" type="0"/>
    <Peak1D F1="5.340211" intensity="1.294275e-001" type="0"/>
    <Peak1D F1="5.335542" intensity="1.324446e-001" type="0"/>
    <Peak1D F1="5.289645" intensity="7.741058e-003" type="0"/>
    <Peak1D F1="5.267581" intensity="5.486633e-003" type="0"/>
    <Peak1D F1="5.229786" intensity="4.745393e-003" type="0"/>
    <Peak1D F1="5.215067" intensity="5.692783e-003" type="0"/>
    <Peak1D F1="5.181453" intensity="3.698505e-003" type="0"/>
    <Peak1D F1="5.164287" intensity="3.797517e-003" type="0"/>
    <Peak1D F1="5.137093" intensity="4.047937e-003" type="0"/>
    <Peak1D F1="5.112778" intensity="3.869359e-003" type="0"/>
    <Peak1D F1="5.098671" intensity="4.818555e-003" type="0"/>
    <Peak1D F1="5.052568" intensity="5.016935e-003" type="0"/>
    <Peak1D F1="5.040465" intensity="4.575414e-003" type="0"/>
    <Peak1D F1="5.032272" intensity="5.606455e-003" type="0"/>
    <Peak1D F1="5.013380" intensity="5.717678e-003" type="0"/>
    <Peak1D F1="4.980342" intensity="1.168109e-002" type="0"/>
    <Peak1D F1="4.959222" intensity="1.313217e-002" type="0"/>
    <Peak1D F1="4.943097" intensity="1.619571e-002" type="0"/>
    <Peak1D F1="4.914744" intensity="1.771533e-002" type="0"/>
    <Peak1D F1="4.903352" intensity="1.458758e-002" type="0"/>
    <Peak1D F1="4.883024" intensity="1.809542e-002" type="0"/>
    <Peak1D F1="4.850922" intensity="3.291186e-002" type="0"/>
    <Peak1D F1="4.840098" intensity="2.106238e-002" type="0"/>
    <Peak1D F1="4.828235" intensity="3.726284e-002" type="0"/>
    <Peak1D F1="4.801159" intensity="1.152819e+000" type="0"/>
    <Peak1D F1="4.778847" intensity="1.188016e+000" type="0"/>
    <Peak1D F1="4.751040" intensity="4.049310e-002" type="0"/>
    <Peak1D F1="4.728592" intensity="3.832188e-002" type="0"/>
    <Peak1D F1="4.704012" intensity="1.969410e-002" type="0"/>
    <Peak1D F1="4.686902" intensity="1.952610e-002" type="0"/>
    <Peak1D F1="4.616694" intensity="2.375799e-002" type="0"/>
    <Peak1D F1="4.595425" intensity="2.279842e-002" type="0"/>
    <Peak1D F1="4.376792" intensity="9.005981e-003" type="0"/>
    <Peak1D F1="4.357366" intensity="9.078483e-003" type="0"/>
    <Peak1D F1="4.309457" intensity="8.241783e-003" type="0"/>
    <Peak1D F1="4.289826" intensity="7.425592e-003" type="0"/>
    <Peak1D F1="4.274747" intensity="6.943984e-003" type="0"/>
    <Peak1D F1="4.243551" intensity="6.151413e-003" type="0"/>
    <Peak1D F1="4.206827" intensity="5.252786e-003" type="0"/>
    <Peak1D F1="4.120546" intensity="4.456593e-003" type="0"/>
    <Peak1D F1="4.108349" intensity="3.887923e-003" type="0"/>
    <Peak1D F1="4.077518" intensity="3.717441e-003" type="0"/>
    <Peak1D F1="4.041254" intensity="2.900829e-003" type="0"/>
    <Peak1D F1="4.007099" intensity="2.646723e-003" type="0"/>
    <Peak1D F1="3.976346" intensity="2.852900e-003" type="0"/>
    <Peak1D F1="3.873926" intensity="2.989678e-002" type="0"/>
    <Peak1D F1="3.869404" intensity="4.418955e-002" type="0"/>
    <Peak1D F1="3.863395" intensity="2.654075e-002" type="0"/>
    <Peak1D F1="3.836184" intensity="1.299320e-002" type="0"/>
    <Peak1D F1="3.830812" intensity="9.909685e-003" type="0"/>
    <Peak1D F1="3.812545" intensity="1.181987e-002" type="0"/>
    <Peak1D F1="3.806516" intensity="2.898670e-002" type="0"/>
    <Peak1D F1="3.801865" intensity="3.039480e-002" type="0"/>
    <Peak1D F1="3.795821" intensity="2.138401e-002" type="0"/>
    <Peak1D F1="3.786702" intensity="1.228481e-002" type="0"/>
    <Peak1D F1="3.760850" intensity="5.796305e-002" type="0"/>
    <Peak1D F1="3.756101" intensity="7.540319e-002" type="0"/>
    <Peak1D F1="3.746439" intensity="1.691921e-001" type="0"/>
    <Peak1D F1="3.742040" intensity="1.354725e-001" type="0"/>
    <Peak1D F1="3.736272" intensity="1.249782e-001" type="0"/>
    <Peak1D F1="3.696652" intensity="5.513117e+000" type="0"/>
    <Peak1D F1="3.691984" intensity="8.022130e+000" type="0"/>
    <Peak1D F1="3.685947" intensity="4.960351e+000" type="0"/>
    <Peak1D F1="3.646683" intensity="1.588490e-001" type="0"/>
    <Peak1D F1="3.642007" intensity="1.196167e-001" type="0"/>
    <Peak1D F1="3.636207" intensity="1.122612e-001" type="0"/>
    <Peak1D F1="3.573742" intensity="6.869852e-003" type="0"/>
    <Peak1D F1="3.562351" intensity="7.127159e-003" type="0"/>
    <Peak1D F1="3.535340" intensity="1.331881e-002" type="0"/>
    <Peak1D F1="3.514387" intensity="3.187680e-002" type="0"/>
    <Peak1D F1="3.509741" intensity="4.503127e-002" type="0"/>
    <Peak1D F1="3.503736" intensity="3.044076e-002" type="0"/>
    <Peak1D F1="3.456549" intensity="7.754072e-003" type="0"/>
    <Peak1D F1="3.406193" intensity="9.080023e-002" type="0"/>
    <Peak1D F1="3.399983" intensity="9.724731e-002" type="0"/>
    <Peak1D F1="3.391868" intensity="6.337441e-002" type="0"/>
    <Peak1D F1="3.356267" intensity="5.877004e-003" type="0"/>
    <Peak1D F1="3.327114" intensity="7.805875e-003" type="0"/>
    <Peak1D F1="3.294143" intensity="3.077583e-003" type="0"/>
    <Peak1D F1="3.268256" intensity="2.914900e-003" type="0"/>
    <Peak1D F1="3.249838" intensity="3.049097e-003" type="0"/>
    <Peak1D F1="3.190346" intensity="2.603584e-003" type="0"/>
    <Peak1D F1="3.185110" intensity="2.349888e-003" type="0"/>
    <Peak1D F1="3.118547" intensity="5.590843e-003" type="0"/>
    <Peak1D F1="3.029460" intensity="2.586535e-003" type="0"/>
    <Peak1D F1="2.947217" intensity="9.677883e-003" type="0"/>
    <Peak1D F1="2.927828" intensity="1.514704e-002" type="0"/>
    <Peak1D F1="2.920464" intensity="1.224148e-002" type="0"/>
    <Peak1D F1="2.873021" intensity="1.711719e-002" type="0"/>
    <Peak1D F1="2.849593" intensity="2.828681e-002" type="0"/>
    <Peak1D F1="2.829513" intensity="2.133618e-002" type="0"/>
    <Peak1D F1="2.822394" intensity="2.094732e-002" type="0"/>
    <Peak1D F1="2.792559" intensity="1.044112e-002" type="0"/>
    <Peak1D F1="2.763278" intensity="5.317200e-003" type="0"/>
    <Peak1D F1="2.737960" intensity="5.696158e-003" type="0"/>
    <Peak1D F1="2.684103" intensity="5.765934e-003" type="0"/>
    <Peak1D F1="2.667374" intensity="5.056745e-003" type="0"/>
    <Peak1D F1="2.657458" intensity="7.203323e-003" type="0"/>
    <Peak1D F1="2.650967" intensity="7.213775e-003" type="0"/>
    <Peak1D F1="2.628422" intensity="9.540148e-003" type="0"/>
    <Peak1D F1="2.597204" intensity="7.215460e-003" type="0"/>
    <Peak1D F1="2.539748" intensity="2.746671e-002" type="0"/>
    <Peak1D F1="2.491364" intensity="1.146163e-002" type="0"/>
    <Peak1D F1="2.466559" intensity="1.791470e-002" type="0"/>
    <Peak1D F1="2.442982" intensity="1.892638e-002" type="0"/>
    <Peak1D F1="2.413366" intensity="1.614488e-001" type="0"/>
    <Peak1D F1="2.409509" intensity="1.729695e-001" type="0"/>
    <Peak1D F1="2.402859" intensity="1.885059e-001" type="0"/>
    <Peak1D F1="2.397206" intensity="2.036543e-001" type="0"/>
    <Peak1D F1="2.391463" intensity="2.004072e-001" type="0"/>
    <Peak1D F1="2.386936" intensity="1.854540e-001" type="0"/>
    <Peak1D F1="2.358923" intensity="4.604816e-001" type="0"/>
    <Peak1D F1="2.338294" intensity="5.738666e-001" type="0"/>
    <Peak1D F1="2.326549" intensity="3.196767e-001" type="0"/>
    <Peak1D F1="2.315736" intensity="3.060759e-001" type="0"/>
    <Peak1D F1="2.306401" intensity="4.012958e-001" type="0"/>
    <Peak1D F1="2.286103" intensity="2.540073e-001" type="0"/>
    <Peak1D F1="2.269095" intensity="9.840714e-002" type="0"/>
    <Peak1D F1="2.248317" intensity="1.276352e-001" type="0"/>
    <Peak1D F1="2.243469" intensity="1.205633e-001" type="0"/>
    <Peak1D F1="2.235822" intensity="1.814700e-001" type="0"/>
    <Peak1D F1="2.229050" intensity="1.951328e-001" type="0"/>
    <Peak1D F1="2.220073" intensity="1.746040e-001" type="0"/>
    <Peak1D F1="2.213550" intensity="2.175898e-001" type="0"/>
    <Peak1D F1="2.206650" intensity="2.787425e-001" type="0"/>
    <Peak1D F1="2.202330" intensity="2.803131e-001" type="0"/>
    <Peak1D F1="2.187087" intensity="2.858849e-001" type="0"/>
    <Peak1D F1="2.180217" intensity="3.072151e-001" type="0"/>
    <Peak1D F1="2.171200" intensity="2.662269e-001" type="0"/>
    <Peak1D F1="2.158908" intensity="3.275167e-001" type="0"/>
    <Peak1D F1="2.153278" intensity="3.516312e-001" type="0"/>
    <Peak1D F1="2.148238" intensity="3.611989e-001" type="0"/>
    <Peak1D F1="2.141882" intensity="5.016261e-001" type="0"/>
    <Peak1D F1="2.138089" intensity="5.561095e-001" type="0"/>
    <Peak1D F1="2.131480" intensity="6.236692e-001" type="0"/>
    <Peak1D F1="2.107389" intensity="5.394439e+000" type="0"/>
    <Peak1D F1="2.102104" intensity="6.279921e+000" type="0"/>
    <Peak1D F1="2.099394" intensity="6.494161e+000" type="0"/>
    <Peak1D F1="2.092298" intensity="1.230841e+001" type="0"/>
    <Peak1D F1="2.087901" intensity="1.500000e+001" type="0"/>
    <Peak1D F1="2.082330" intensity="1.247166e+001" type="0"/>
    <Peak1D F1="2.074228" intensity="7.908240e+000" type="0"/>
    <Peak1D F1="2.071192" intensity="7.591042e+000" type="0"/>
    <Peak1D F1="2.069678" intensity="7.796566e+000" type="0"/>
    <Peak1D F1="2.042433" intensity="7.228339e-001" type="0"/>
    <Peak1D F1="2.038773" intensity="6.300828e-001" type="0"/>
    <Peak1D F1="1.988600" intensity="1.303419e-001" type="0"/>
    <Peak1D F1="1.967976" intensity="2.749386e-001" type="0"/>
    <Peak1D F1="1.957060" intensity="3.950476e-001" type="0"/>
    <Peak1D F1="1.946147" intensity="5.639032e-001" type="0"/>
    <Peak1D F1="1.938124" intensity="8.337956e-001" type="0"/>
    <Peak1D F1="1.934201" intensity="7.977530e-001" type="0"/>
    <Peak1D F1="1.918960" intensity="1.621762e+000" type="0"/>
    <Peak1D F1="1.903348" intensity="6.997466e+000" type="0"/>
    <Peak1D F1="1.897529" intensity="8.933273e+000" type="0"/>
    <Peak1D F1="1.895552" intensity="8.332096e+000" type="0"/>
    <Peak1D F1="1.888685" intensity="1.370903e+001" type="0"/>
    <Peak1D F1="1.884374" intensity="1.466632e+001" type="0"/>
    <Peak1D F1="1.878723" intensity="1.245919e+001" type="0"/>
    <Peak1D F1="1.872911" intensity="7.223482e+000" type="0"/>
    <Peak1D F1="1.869732" intensity="6.578052e+000" type="0"/>
    <Peak1D F1="1.851140" intensity="8.997511e-001" type="0"/>
    <Peak1D F1="1.847628" intensity="8.189523e-001" type="0"/>
    <Peak1D F1="1.838848" intensity="6.135418e-001" type="0"/>
    <Peak1D F1="1.829326" intensity="4.200666e-001" type="0"/>
    <Peak1D F1="1.822695" intensity="2.590211e-001" type="0"/>
    <Peak1D F1="1.819533" intensity="2.618000e-001" type="0"/>
    <Peak1D F1="1.753576" intensity="8.603924e-002" type="0"/>
    <Peak1D F1="1.747836" intensity="8.712448e-002" type="0"/>
    <Peak1D F1="1.736169" intensity="1.511316e-001" type="0"/>
    <Peak1D F1="1.719859" intensity="2.081435e-001" type="0"/>
    <Peak1D F1="1.714333" intensity="2.211604e-001" type="0"/>
    <Peak1D F1="1.709077" intensity="1.914661e-001" type="0"/>
    <Peak1D F1="1.693134" intensity="4.250873e-001" type="0"/>
    <Peak1D F1="1.688349" intensity="3.897225e-001" type="0"/>
    <Peak1D F1="1.683467" intensity="4.241464e-001" type="0"/>
    <Peak1D F1="1.680044" intensity="4.446936e-001" type="0"/>
    <Peak1D F1="1.666174" intensity="7.006118e-001" type="0"/>
    <Peak1D F1="1.661164" intensity="6.281384e-001" type="0"/>
    <Peak1D F1="1.644279" intensity="5.981166e-001" type="0"/>
    <Peak1D F1="1.639293" intensity="5.195784e-001" type="0"/>
    <Peak1D F1="1.628737" intensity="3.314273e-001" type="0"/>
    <Peak1D F1="1.623648" intensity="2.987394e-001" type="0"/>
    <Peak1D F1="1.613244" intensity="1.820580e-001" type="0"/>
    <Peak1D F1="1.545734" intensity="7.008185e-002" type="0"/>
    <Peak1D F1="1.532547" intensity="1.221413e-001" type="0"/>
    <Peak1D F1="1.515351" intensity="1.337701e-001" type="0"/>
    <Peak1D F1="1.511857" intensity="1.273890e-001" type="0"/>
    <Peak1D F1="1.501259" intensity="2.541754e-001" type="0"/>
    <Peak1D F1="1.497819" intensity="2.773829e-001" type="0"/>
    <Peak1D F1="1.480057" intensity="2.907557e-001" type="0"/>
    <Peak1D F1="1.468528" intensity="2.554378e-001" type="0"/>
    <Peak1D F1="1.451652" intensity="2.279241e-001" type="0"/>
    <Peak1D F1="1.448861" intensity="2.226586e-001" type="0"/>
    <Peak1D F1="1.432377" intensity="8.830829e-002" type="0"/>
    <Peak1D F1="1.421794" intensity="8.648489e-002" type="0"/>
    <Peak1D F1="1.401859" intensity="4.336387e-002" type="0"/>
    <Peak1D F1="1.230215" intensity="3.274684e-002" type="0"/>
    <Peak1D F1="1.183457" intensity="8.667826e-002" type="0"/>
    <Peak1D F1="1.064425" intensity="1.050991e-002" type="0"/>
    <Peak1D F1="1.015801" intensity="1.033237e-002" type="0"/>
    <Peak1D F1="0.890080" intensity="7.452092e-003" type="0"/>
    <Peak1D F1="0.804090" intensity="2.322490e-002" type="0"/>
    <Peak1D F1="0.781855" intensity="2.062809e-002" type="0"/>
    <Peak1D F1="0.757928" intensity="1.757165e-002" type="0"/>
    <Peak1D F1="0.683831" intensity="5.629728e-003" type="0"/>
    <Peak1D F1="0.659450" intensity="5.058592e-003" type="0"/>
    <Peak1D F1="0.635338" intensity="4.716607e-003" type="0"/>
    <Peak1D F1="0.599490" intensity="4.081687e-003" type="0"/>
    <Peak1D F1="0.574513" intensity="4.393876e-003" type="0"/>
    <Peak1D F1="0.536682" intensity="4.048062e-003" type="0"/>
    <Peak1D F1="0.530530" intensity="4.094080e-003" type="0"/>
    <Peak1D F1="0.503678" intensity="3.566889e-003" type="0"/>
    <Peak1D F1="0.465961" intensity="3.389724e-003" type="0"/>
    <Peak1D F1="0.443914" intensity="3.916781e-003" type="0"/>
    <Peak1D F1="0.375838" intensity="2.913689e-003" type="0"/>
    <Peak1D F1="0.257400" intensity="2.443836e-003" type="0"/>
    <Peak1D F1="0.242588" intensity="2.663017e-003" type="0"/>
    <Peak1D F1="0.230771" intensity="2.523830e-003" type="0"/>
    <Peak1D F1="0.215320" intensity="2.591735e-003" type="0"/>
    <Peak1D F1="0.165300" intensity="2.516300e-003" type="0"/>
    <Peak1D F1="0.076599" intensity="2.272515e-003" type="0"/>
    <Peak1D F1="0.040906" intensity="2.673492e-003" type="0"/>
    <Peak1D F1="-0.000158" intensity="4.599980e-002" type="0"/>
    <Peak1D F1="-0.003874" intensity="2.900474e-002" type="0"/>
    <Peak1D F1="-0.054523" intensity="3.073609e-003" type="0"/>
    <Peak1D F1="-3.455327" intensity="2.249561e-003" type="0"/>
    <Peak1D F1="-3.674836" intensity="2.509477e-003" type="0"/>
    <Peak1D F1="-3.695197" intensity="2.602307e-003" type="0"/>
    <Peak1D F1="-3.710534" intensity="3.209123e-003" type="0"/>
    <Peak1D F1="-3.748572" intensity="4.391895e-003" type="0"/>
  </PeakList1D>
</PeakList>
