<?xml version="1.0" encoding="UTF-8"?>
<PeakList>
  <PeakList1D>
    <PeakList1DHeader creator="nmr" date="2021-08-02T20:22:14.970+03:00" expNo="20" name="ID-421-K" owner="" procNo="1" source="//132.72.8.180/400b/Milo/Milo">
      <PeakPickDetails>F1=16.102171ppm, F2=-3.926874ppm, MI=0.00cm, MAXI=10000.00cm, PC=1.000
      </PeakPickDetails>
    </PeakList1DHeader>
    <Peak1D F1="10.093356" intensity="1.876966e-002" type="0"/>
    <Peak1D F1="8.369744" intensity="7.902736e-003" type="0"/>
    <Peak1D F1="8.362944" intensity="7.546001e-003" type="0"/>
    <Peak1D F1="8.341508" intensity="1.932079e-002" type="0"/>
    <Peak1D F1="8.319562" intensity="1.629699e-002" type="0"/>
    <Peak1D F1="8.249527" intensity="1.024674e-002" type="0"/>
    <Peak1D F1="8.227839" intensity="3.726365e-002" type="0"/>
    <Peak1D F1="8.222827" intensity="2.520224e-002" type="0"/>
    <Peak1D F1="8.207965" intensity="1.107337e-001" type="0"/>
    <Peak1D F1="8.186382" intensity="1.174588e-001" type="0"/>
    <Peak1D F1="8.180569" intensity="5.375171e-002" type="0"/>
    <Peak1D F1="8.163349" intensity="3.117418e-001" type="0"/>
    <Peak1D F1="8.157649" intensity="2.140175e+000" type="0"/>
    <Peak1D F1="8.152671" intensity="9.460710e-001" type="0"/>
    <Peak1D F1="8.140349" intensity="7.457981e-001" type="0"/>
    <Peak1D F1="8.135815" intensity="2.268532e+000" type="0"/>
    <Peak1D F1="8.129961" intensity="5.978518e-001" type="0"/>
    <Peak1D F1="8.107045" intensity="8.533686e-002" type="0"/>
    <Peak1D F1="8.085600" intensity="3.714473e-002" type="0"/>
    <Peak1D F1="8.059269" intensity="4.668067e-003" type="0"/>
    <Peak1D F1="8.041015" intensity="4.629713e-003" type="0"/>
    <Peak1D F1="8.020308" intensity="1.737366e-002" type="0"/>
    <Peak1D F1="7.998487" intensity="1.448113e-002" type="0"/>
    <Peak1D F1="7.942467" intensity="8.121178e-003" type="0"/>
    <Peak1D F1="7.926975" intensity="7.910237e-003" type="0"/>
    <Peak1D F1="7.920311" intensity="1.366786e-002" type="0"/>
    <Peak1D F1="7.898065" intensity="1.204653e-002" type="0"/>
    <Peak1D F1="7.875358" intensity="7.915257e-003" type="0"/>
    <Peak1D F1="7.850367" intensity="4.915223e-003" type="0"/>
    <Peak1D F1="7.829561" intensity="3.491650e-003" type="0"/>
    <Peak1D F1="7.814422" intensity="4.676871e-003" type="0"/>
    <Peak1D F1="7.796427" intensity="4.084353e-003" type="0"/>
    <Peak1D F1="7.681660" intensity="8.379442e-003" type="0"/>
    <Peak1D F1="7.661969" intensity="1.010963e-002" type="0"/>
    <Peak1D F1="7.609365" intensity="4.465822e-002" type="0"/>
    <Peak1D F1="7.587730" intensity="4.084282e-002" type="0"/>
    <Peak1D F1="7.553511" intensity="1.755286e-002" type="0"/>
    <Peak1D F1="7.529778" intensity="6.234543e-002" type="0"/>
    <Peak1D F1="7.525383" intensity="6.567769e-002" type="0"/>
    <Peak1D F1="7.520981" intensity="6.019295e-002" type="0"/>
    <Peak1D F1="7.504779" intensity="1.371064e-001" type="0"/>
    <Peak1D F1="7.486292" intensity="3.346597e-001" type="0"/>
    <Peak1D F1="7.480548" intensity="2.051658e+000" type="0"/>
    <Peak1D F1="7.475688" intensity="6.911982e-001" type="0"/>
    <Peak1D F1="7.463377" intensity="8.895004e-001" type="0"/>
    <Peak1D F1="7.458515" intensity="2.001412e+000" type="0"/>
    <Peak1D F1="7.452757" intensity="2.704149e-001" type="0"/>
    <Peak1D F1="7.446626" intensity="1.294275e-001" type="0"/>
    <Peak1D F1="7.441689" intensity="2.627318e-001" type="0"/>
    <Peak1D F1="7.430597" intensity="5.052764e-002" type="0"/>
    <Peak1D F1="7.408427" intensity="3.855081e-002" type="0"/>
    <Peak1D F1="7.403121" intensity="3.132015e-002" type="0"/>
    <Peak1D F1="7.399443" intensity="2.945611e-002" type="0"/>
    <Peak1D F1="7.384451" intensity="6.348075e-002" type="0"/>
    <Peak1D F1="7.380773" intensity="6.237466e-002" type="0"/>
    <Peak1D F1="7.365643" intensity="4.143162e-002" type="0"/>
    <Peak1D F1="7.362035" intensity="4.025811e-002" type="0"/>
    <Peak1D F1="7.355237" intensity="9.740395e-003" type="0"/>
    <Peak1D F1="7.331257" intensity="2.067382e-002" type="0"/>
    <Peak1D F1="7.323440" intensity="2.551930e-002" type="0"/>
    <Peak1D F1="7.315952" intensity="2.613139e-002" type="0"/>
    <Peak1D F1="7.296618" intensity="1.333857e-002" type="0"/>
    <Peak1D F1="7.268349" intensity="4.086822e-002" type="0"/>
    <Peak1D F1="7.265170" intensity="4.215040e-002" type="0"/>
    <Peak1D F1="7.254768" intensity="7.415799e-002" type="0"/>
    <Peak1D F1="7.246924" intensity="1.721700e-001" type="0"/>
    <Peak1D F1="7.237441" intensity="9.693767e-002" type="0"/>
    <Peak1D F1="7.231451" intensity="6.840019e-002" type="0"/>
    <Peak1D F1="7.227729" intensity="6.765749e-002" type="0"/>
    <Peak1D F1="7.217631" intensity="1.320103e-001" type="0"/>
    <Peak1D F1="7.197043" intensity="6.506386e+000" type="0"/>
    <Peak1D F1="7.167235" intensity="2.689528e-002" type="0"/>
    <Peak1D F1="7.160287" intensity="2.580210e-002" type="0"/>
    <Peak1D F1="7.146882" intensity="1.220801e-001" type="0"/>
    <Peak1D F1="7.137349" intensity="5.613632e-002" type="0"/>
    <Peak1D F1="7.127038" intensity="1.036222e-001" type="0"/>
    <Peak1D F1="7.108703" intensity="7.929564e-002" type="0"/>
    <Peak1D F1="7.092917" intensity="2.097376e-002" type="0"/>
    <Peak1D F1="7.052580" intensity="4.465173e-003" type="0"/>
    <Peak1D F1="7.038776" intensity="3.654071e-003" type="0"/>
    <Peak1D F1="7.017246" intensity="3.991813e-003" type="0"/>
    <Peak1D F1="6.932980" intensity="3.441161e-002" type="0"/>
    <Peak1D F1="6.313480" intensity="4.361234e-003" type="0"/>
    <Peak1D F1="6.216151" intensity="7.390554e-003" type="0"/>
    <Peak1D F1="6.210126" intensity="4.236090e-003" type="0"/>
    <Peak1D F1="6.117784" intensity="5.948179e-002" type="0"/>
    <Peak1D F1="6.067232" intensity="4.859549e-002" type="0"/>
    <Peak1D F1="6.041321" intensity="2.322362e-002" type="0"/>
    <Peak1D F1="6.035264" intensity="2.810655e-002" type="0"/>
    <Peak1D F1="6.017338" intensity="2.825952e+000" type="0"/>
    <Peak1D F1="5.967195" intensity="4.422511e-002" type="0"/>
    <Peak1D F1="5.922608" intensity="1.954540e-002" type="0"/>
    <Peak1D F1="5.910236" intensity="1.987440e-002" type="0"/>
    <Peak1D F1="5.815741" intensity="6.662239e-003" type="0"/>
    <Peak1D F1="5.810639" intensity="3.243098e-003" type="0"/>
    <Peak1D F1="5.797850" intensity="8.325084e-003" type="0"/>
    <Peak1D F1="5.791893" intensity="7.963324e-003" type="0"/>
    <Peak1D F1="5.650969" intensity="9.147630e-003" type="0"/>
    <Peak1D F1="5.622380" intensity="8.529035e-003" type="0"/>
    <Peak1D F1="5.491087" intensity="9.428770e-003" type="0"/>
    <Peak1D F1="5.486367" intensity="9.860192e-003" type="0"/>
    <Peak1D F1="5.469326" intensity="3.547528e-003" type="0"/>
    <Peak1D F1="5.450598" intensity="3.397328e-003" type="0"/>
    <Peak1D F1="5.435009" intensity="3.343737e-003" type="0"/>
    <Peak1D F1="5.397091" intensity="7.845047e-003" type="0"/>
    <Peak1D F1="5.355037" intensity="1.256524e-001" type="0"/>
    <Peak1D F1="5.347745" intensity="1.262659e-001" type="0"/>
    <Peak1D F1="5.300608" intensity="5.346888e-003" type="0"/>
    <Peak1D F1="5.275892" intensity="4.878353e-003" type="0"/>
    <Peak1D F1="5.215897" intensity="3.929809e-003" type="0"/>
    <Peak1D F1="5.163290" intensity="5.293811e-003" type="0"/>
    <Peak1D F1="5.149126" intensity="4.764993e-003" type="0"/>
    <Peak1D F1="5.136827" intensity="5.675511e-003" type="0"/>
    <Peak1D F1="5.071997" intensity="4.270955e-003" type="0"/>
    <Peak1D F1="4.971839" intensity="9.640897e-003" type="0"/>
    <Peak1D F1="4.949076" intensity="1.044738e-002" type="0"/>
    <Peak1D F1="4.931690" intensity="8.364255e-003" type="0"/>
    <Peak1D F1="4.893295" intensity="1.256876e-002" type="0"/>
    <Peak1D F1="4.869671" intensity="1.594561e-002" type="0"/>
    <Peak1D F1="4.853534" intensity="1.912847e-002" type="0"/>
    <Peak1D F1="4.842572" intensity="3.391448e-002" type="0"/>
    <Peak1D F1="4.819595" intensity="3.723365e-002" type="0"/>
    <Peak1D F1="4.792287" intensity="1.079950e+000" type="0"/>
    <Peak1D F1="4.769517" intensity="1.102234e+000" type="0"/>
    <Peak1D F1="4.742167" intensity="4.917566e-002" type="0"/>
    <Peak1D F1="4.719291" intensity="5.296029e-002" type="0"/>
    <Peak1D F1="4.686263" intensity="4.320988e-002" type="0"/>
    <Peak1D F1="4.667598" intensity="4.278689e-002" type="0"/>
    <Peak1D F1="4.662360" intensity="4.233079e-002" type="0"/>
    <Peak1D F1="4.608565" intensity="3.813348e-002" type="0"/>
    <Peak1D F1="4.586441" intensity="3.210442e-002" type="0"/>
    <Peak1D F1="4.557348" intensity="2.212674e-002" type="0"/>
    <Peak1D F1="4.485557" intensity="1.175722e-002" type="0"/>
    <Peak1D F1="4.466450" intensity="1.144651e-002" type="0"/>
    <Peak1D F1="4.320364" intensity="4.947227e-003" type="0"/>
    <Peak1D F1="4.266399" intensity="5.084874e-003" type="0"/>
    <Peak1D F1="4.228765" intensity="3.708463e-003" type="0"/>
    <Peak1D F1="4.210077" intensity="3.905343e-003" type="0"/>
    <Peak1D F1="4.195107" intensity="3.957717e-003" type="0"/>
    <Peak1D F1="4.013332" intensity="3.091486e-003" type="0"/>
    <Peak1D F1="3.976425" intensity="6.713654e-003" type="0"/>
    <Peak1D F1="3.950062" intensity="7.444289e-003" type="0"/>
    <Peak1D F1="3.877561" intensity="4.502228e-002" type="0"/>
    <Peak1D F1="3.860719" intensity="4.197470e-003" type="0"/>
    <Peak1D F1="3.844139" intensity="3.685028e-002" type="0"/>
    <Peak1D F1="3.822006" intensity="2.387008e-002" type="0"/>
    <Peak1D F1="3.810820" intensity="1.850729e-001" type="0"/>
    <Peak1D F1="3.749999" intensity="1.512417e-001" type="0"/>
    <Peak1D F1="3.745008" intensity="1.106387e-001" type="0"/>
    <Peak1D F1="3.700112" intensity="8.600863e+000" type="0"/>
    <Peak1D F1="3.671998" intensity="1.423298e-002" type="0"/>
    <Peak1D F1="3.649979" intensity="1.369643e-001" type="0"/>
    <Peak1D F1="3.601801" intensity="3.348297e-003" type="0"/>
    <Peak1D F1="3.517891" intensity="4.541365e-002" type="0"/>
    <Peak1D F1="3.411437" intensity="3.632187e-003" type="0"/>
    <Peak1D F1="3.174482" intensity="3.424520e-003" type="0"/>
    <Peak1D F1="2.960597" intensity="9.734412e-003" type="0"/>
    <Peak1D F1="2.953884" intensity="9.650106e-003" type="0"/>
    <Peak1D F1="2.942755" intensity="1.862045e-002" type="0"/>
    <Peak1D F1="2.935840" intensity="1.842429e-002" type="0"/>
    <Peak1D F1="2.924382" intensity="1.168974e-002" type="0"/>
    <Peak1D F1="2.917898" intensity="1.161082e-002" type="0"/>
    <Peak1D F1="2.800399" intensity="8.826015e-003" type="0"/>
    <Peak1D F1="2.782357" intensity="7.625943e-003" type="0"/>
    <Peak1D F1="2.750032" intensity="5.423961e-001" type="0"/>
    <Peak1D F1="2.725520" intensity="1.000756e-002" type="0"/>
    <Peak1D F1="2.700621" intensity="1.194554e-002" type="0"/>
    <Peak1D F1="2.666364" intensity="3.824829e-003" type="0"/>
    <Peak1D F1="2.637432" intensity="1.165556e-002" type="0"/>
    <Peak1D F1="2.613909" intensity="6.365939e-002" type="0"/>
    <Peak1D F1="2.589208" intensity="1.753472e-002" type="0"/>
    <Peak1D F1="2.562974" intensity="2.730551e-002" type="0"/>
    <Peak1D F1="2.551830" intensity="6.637055e-002" type="0"/>
    <Peak1D F1="2.536965" intensity="1.435142e-002" type="0"/>
    <Peak1D F1="2.498371" intensity="2.778824e-002" type="0"/>
    <Peak1D F1="2.459193" intensity="5.142585e-001" type="0"/>
    <Peak1D F1="2.441082" intensity="2.210602e-001" type="0"/>
    <Peak1D F1="2.435930" intensity="1.970996e-001" type="0"/>
    <Peak1D F1="2.430965" intensity="2.027405e-001" type="0"/>
    <Peak1D F1="2.422355" intensity="1.074583e-001" type="0"/>
    <Peak1D F1="2.415657" intensity="2.187247e-001" type="0"/>
    <Peak1D F1="2.409893" intensity="2.499382e-001" type="0"/>
    <Peak1D F1="2.387140" intensity="3.342827e-001" type="0"/>
    <Peak1D F1="2.382499" intensity="2.826435e-001" type="0"/>
    <Peak1D F1="2.371353" intensity="1.701875e-001" type="0"/>
    <Peak1D F1="2.365700" intensity="2.694924e-001" type="0"/>
    <Peak1D F1="2.361810" intensity="3.509066e-001" type="0"/>
    <Peak1D F1="2.352400" intensity="2.318671e-001" type="0"/>
    <Peak1D F1="2.329561" intensity="3.735397e-001" type="0"/>
    <Peak1D F1="2.321959" intensity="2.131085e-001" type="0"/>
    <Peak1D F1="2.318875" intensity="1.891205e-001" type="0"/>
    <Peak1D F1="2.309584" intensity="2.881488e-001" type="0"/>
    <Peak1D F1="2.306379" intensity="2.623203e-001" type="0"/>
    <Peak1D F1="2.299330" intensity="3.398914e-001" type="0"/>
    <Peak1D F1="2.286141" intensity="9.498344e-002" type="0"/>
    <Peak1D F1="2.279244" intensity="2.174929e-001" type="0"/>
    <Peak1D F1="2.255898" intensity="1.188714e-001" type="0"/>
    <Peak1D F1="2.250010" intensity="3.701215e-001" type="0"/>
    <Peak1D F1="2.235799" intensity="9.657272e-002" type="0"/>
    <Peak1D F1="2.227952" intensity="4.090823e-001" type="0"/>
    <Peak1D F1="2.223697" intensity="4.192638e-001" type="0"/>
    <Peak1D F1="2.208026" intensity="1.298091e-001" type="0"/>
    <Peak1D F1="2.201160" intensity="5.410554e-001" type="0"/>
    <Peak1D F1="2.193673" intensity="1.225563e-001" type="0"/>
    <Peak1D F1="2.179701" intensity="3.145814e-001" type="0"/>
    <Peak1D F1="2.174935" intensity="2.986659e-001" type="0"/>
    <Peak1D F1="2.164504" intensity="1.586798e-001" type="0"/>
    <Peak1D F1="2.152519" intensity="4.145139e-001" type="0"/>
    <Peak1D F1="2.145346" intensity="3.979064e-001" type="0"/>
    <Peak1D F1="2.132570" intensity="2.970897e-001" type="0"/>
    <Peak1D F1="2.115360" intensity="4.451862e+000" type="0"/>
    <Peak1D F1="2.106471" intensity="3.452443e+000" type="0"/>
    <Peak1D F1="2.095747" intensity="1.432244e+001" type="0"/>
    <Peak1D F1="2.083980" intensity="3.724271e+000" type="0"/>
    <Peak1D F1="2.076867" intensity="7.200143e+000" type="0"/>
    <Peak1D F1="2.069720" intensity="1.061383e+000" type="0"/>
    <Peak1D F1="2.061696" intensity="4.020224e-001" type="0"/>
    <Peak1D F1="2.055681" intensity="3.575887e-001" type="0"/>
    <Peak1D F1="2.051365" intensity="3.565806e-001" type="0"/>
    <Peak1D F1="2.045933" intensity="3.975770e-001" type="0"/>
    <Peak1D F1="2.026937" intensity="1.840956e-001" type="0"/>
    <Peak1D F1="2.001406" intensity="8.658396e-002" type="0"/>
    <Peak1D F1="1.989932" intensity="1.688120e-001" type="0"/>
    <Peak1D F1="1.985259" intensity="2.154674e-001" type="0"/>
    <Peak1D F1="1.980554" intensity="1.890630e-001" type="0"/>
    <Peak1D F1="1.968773" intensity="2.415381e-001" type="0"/>
    <Peak1D F1="1.962766" intensity="3.334314e-001" type="0"/>
    <Peak1D F1="1.958075" intensity="4.361129e-001" type="0"/>
    <Peak1D F1="1.953125" intensity="4.299897e-001" type="0"/>
    <Peak1D F1="1.948266" intensity="4.514075e-001" type="0"/>
    <Peak1D F1="1.940929" intensity="7.109810e-001" type="0"/>
    <Peak1D F1="1.932050" intensity="8.441962e-001" type="0"/>
    <Peak1D F1="1.925299" intensity="9.515206e-001" type="0"/>
    <Peak1D F1="1.920137" intensity="8.923947e-001" type="0"/>
    <Peak1D F1="1.910532" intensity="7.296862e+000" type="0"/>
    <Peak1D F1="1.900533" intensity="5.758519e+000" type="0"/>
    <Peak1D F1="1.899336" intensity="5.947646e+000" type="0"/>
    <Peak1D F1="1.890854" intensity="1.500000e+001" type="0"/>
    <Peak1D F1="1.880382" intensity="5.346590e+000" type="0"/>
    <Peak1D F1="1.871481" intensity="4.706088e+000" type="0"/>
    <Peak1D F1="1.859442" intensity="5.770081e-001" type="0"/>
    <Peak1D F1="1.849255" intensity="3.470569e-001" type="0"/>
    <Peak1D F1="1.840939" intensity="3.411410e-001" type="0"/>
    <Peak1D F1="1.831076" intensity="1.602762e-001" type="0"/>
    <Peak1D F1="1.821523" intensity="1.258927e-001" type="0"/>
    <Peak1D F1="1.791173" intensity="4.782830e-002" type="0"/>
    <Peak1D F1="1.784897" intensity="4.437563e-002" type="0"/>
    <Peak1D F1="1.759610" intensity="6.330153e-002" type="0"/>
    <Peak1D F1="1.744788" intensity="1.376630e-001" type="0"/>
    <Peak1D F1="1.729185" intensity="1.692925e-001" type="0"/>
    <Peak1D F1="1.723888" intensity="1.909929e-001" type="0"/>
    <Peak1D F1="1.716921" intensity="1.866129e-001" type="0"/>
    <Peak1D F1="1.707931" intensity="2.220183e-001" type="0"/>
    <Peak1D F1="1.701177" intensity="3.244659e-001" type="0"/>
    <Peak1D F1="1.697456" intensity="2.843994e-001" type="0"/>
    <Peak1D F1="1.689623" intensity="2.292017e-001" type="0"/>
    <Peak1D F1="1.681812" intensity="6.821443e-001" type="0"/>
    <Peak1D F1="1.671042" intensity="4.639928e-001" type="0"/>
    <Peak1D F1="1.662424" intensity="4.788450e-001" type="0"/>
    <Peak1D F1="1.658622" intensity="6.510283e-001" type="0"/>
    <Peak1D F1="1.653842" intensity="5.125970e-001" type="0"/>
    <Peak1D F1="1.642749" intensity="3.807915e-001" type="0"/>
    <Peak1D F1="1.638185" intensity="4.338253e-001" type="0"/>
    <Peak1D F1="1.633456" intensity="2.837101e-001" type="0"/>
    <Peak1D F1="1.626756" intensity="1.880401e-001" type="0"/>
    <Peak1D F1="1.622411" intensity="1.991637e-001" type="0"/>
    <Peak1D F1="1.617825" intensity="1.809264e-001" type="0"/>
    <Peak1D F1="1.600308" intensity="6.218471e-002" type="0"/>
    <Peak1D F1="1.585502" intensity="5.861679e-002" type="0"/>
    <Peak1D F1="1.574942" intensity="5.810454e-002" type="0"/>
    <Peak1D F1="1.552417" intensity="5.924119e-002" type="0"/>
    <Peak1D F1="1.535537" intensity="1.826116e-001" type="0"/>
    <Peak1D F1="1.519824" intensity="1.323913e-001" type="0"/>
    <Peak1D F1="1.512633" intensity="1.588583e-001" type="0"/>
    <Peak1D F1="1.501359" intensity="3.258829e-001" type="0"/>
    <Peak1D F1="1.491970" intensity="1.097724e-001" type="0"/>
    <Peak1D F1="1.483875" intensity="3.895600e-001" type="0"/>
    <Peak1D F1="1.470974" intensity="2.699995e-001" type="0"/>
    <Peak1D F1="1.454121" intensity="2.758209e-001" type="0"/>
    <Peak1D F1="1.442636" intensity="6.154671e-002" type="0"/>
    <Peak1D F1="1.436354" intensity="9.020898e-002" type="0"/>
    <Peak1D F1="1.424304" intensity="9.751122e-002" type="0"/>
    <Peak1D F1="1.403442" intensity="2.667416e-002" type="0"/>
    <Peak1D F1="1.374161" intensity="1.957403e-002" type="0"/>
    <Peak1D F1="1.349779" intensity="1.645012e-002" type="0"/>
    <Peak1D F1="1.342587" intensity="1.741022e-002" type="0"/>
    <Peak1D F1="1.310344" intensity="1.910634e-002" type="0"/>
    <Peak1D F1="1.234316" intensity="5.423800e-002" type="0"/>
    <Peak1D F1="1.185249" intensity="1.391131e-001" type="0"/>
    <Peak1D F1="1.153563" intensity="1.499800e-002" type="0"/>
    <Peak1D F1="1.131828" intensity="1.101775e-002" type="0"/>
    <Peak1D F1="1.059318" intensity="6.299340e-003" type="0"/>
    <Peak1D F1="1.018203" intensity="6.104460e-003" type="0"/>
    <Peak1D F1="1.004825" intensity="5.598395e-003" type="0"/>
    <Peak1D F1="0.901045" intensity="4.875019e-003" type="0"/>
    <Peak1D F1="0.858443" intensity="5.836040e-003" type="0"/>
    <Peak1D F1="0.826381" intensity="2.311541e-002" type="0"/>
    <Peak1D F1="0.810278" intensity="4.192813e-002" type="0"/>
    <Peak1D F1="0.792159" intensity="2.286626e-002" type="0"/>
    <Peak1D F1="0.773655" intensity="1.214315e-002" type="0"/>
    <Peak1D F1="0.763079" intensity="1.220953e-002" type="0"/>
    <Peak1D F1="0.688369" intensity="3.170918e-003" type="0"/>
    <Peak1D F1="0.617882" intensity="3.579879e-003" type="0"/>
    <Peak1D F1="0.603485" intensity="3.124278e-003" type="0"/>
    <Peak1D F1="0.466582" intensity="3.071396e-003" type="0"/>
    <Peak1D F1="0.399455" intensity="3.139673e-003" type="0"/>
    <Peak1D F1="0.117851" intensity="3.568046e-003" type="0"/>
    <Peak1D F1="0.082282" intensity="3.128439e-003" type="0"/>
    <Peak1D F1="0.049287" intensity="5.042386e-003" type="0"/>
    <Peak1D F1="0.016736" intensity="5.258031e-003" type="0"/>
    <Peak1D F1="0.008982" intensity="1.241384e-002" type="0"/>
    <Peak1D F1="-0.000150" intensity="2.596680e-001" type="0"/>
    <Peak1D F1="-0.050058" intensity="4.580690e-003" type="0"/>
    <Peak1D F1="-3.098608" intensity="3.537622e-003" type="0"/>
    <Peak1D F1="-3.342403" intensity="3.014371e-003" type="0"/>
  </PeakList1D>
</PeakList>
