<?xml version="1.0" encoding="UTF-8"?>
<PeakList>
  <PeakList1D>
    <PeakList1DHeader creator="nmr" date="2021-08-09T16:43:16.335+03:00" expNo="20" name="ID-428-D" owner="" procNo="1" source="//132.72.8.180/400b/Milo/Milo">
      <PeakPickDetails>F1=16.100870ppm, F2=-3.928175ppm, MI=0.00cm, MAXI=10000.00cm, PC=1.000
      </PeakPickDetails>
    </PeakList1DHeader>
    <Peak1D F1="10.145460" intensity="1.734941e-002" type="0"/>
    <Peak1D F1="10.126387" intensity="8.277698e-003" type="0"/>
    <Peak1D F1="10.094730" intensity="1.016965e+000" type="0"/>
    <Peak1D F1="10.062204" intensity="6.725854e-003" type="0"/>
    <Peak1D F1="10.055843" intensity="6.387490e-003" type="0"/>
    <Peak1D F1="10.044664" intensity="1.592892e-002" type="0"/>
    <Peak1D F1="9.869328" intensity="8.098810e-003" type="0"/>
    <Peak1D F1="8.391862" intensity="1.363080e-002" type="0"/>
    <Peak1D F1="8.370971" intensity="1.696806e-002" type="0"/>
    <Peak1D F1="8.342717" intensity="6.829370e-001" type="0"/>
    <Peak1D F1="8.320921" intensity="7.821687e-001" type="0"/>
    <Peak1D F1="8.292655" intensity="1.328685e-002" type="0"/>
    <Peak1D F1="8.270622" intensity="1.439274e-002" type="0"/>
    <Peak1D F1="8.241831" intensity="1.570991e-002" type="0"/>
    <Peak1D F1="8.220537" intensity="2.185336e-002" type="0"/>
    <Peak1D F1="8.209511" intensity="2.597850e-002" type="0"/>
    <Peak1D F1="8.187123" intensity="3.004975e-002" type="0"/>
    <Peak1D F1="8.159239" intensity="3.916917e-001" type="0"/>
    <Peak1D F1="8.154231" intensity="6.045784e-001" type="0"/>
    <Peak1D F1="8.137227" intensity="5.086122e-001" type="0"/>
    <Peak1D F1="8.132298" intensity="5.689624e-001" type="0"/>
    <Peak1D F1="8.113662" intensity="3.151619e-002" type="0"/>
    <Peak1D F1="8.083668" intensity="1.433147e-002" type="0"/>
    <Peak1D F1="8.070906" intensity="1.889754e-002" type="0"/>
    <Peak1D F1="8.065279" intensity="1.492815e-002" type="0"/>
    <Peak1D F1="8.048675" intensity="2.297777e-002" type="0"/>
    <Peak1D F1="8.025929" intensity="1.443936e-001" type="0"/>
    <Peak1D F1="8.020982" intensity="8.818473e-001" type="0"/>
    <Peak1D F1="8.016179" intensity="2.699269e-001" type="0"/>
    <Peak1D F1="8.003678" intensity="2.721960e-001" type="0"/>
    <Peak1D F1="7.999587" intensity="7.181714e-001" type="0"/>
    <Peak1D F1="7.994667" intensity="1.082071e-001" type="0"/>
    <Peak1D F1="7.971612" intensity="1.471968e-002" type="0"/>
    <Peak1D F1="7.950017" intensity="1.422138e-002" type="0"/>
    <Peak1D F1="7.936072" intensity="1.060063e-002" type="0"/>
    <Peak1D F1="7.918616" intensity="7.500274e-003" type="0"/>
    <Peak1D F1="7.705157" intensity="8.797678e-003" type="0"/>
    <Peak1D F1="7.665664" intensity="6.306259e-003" type="0"/>
    <Peak1D F1="7.609123" intensity="1.420841e-002" type="0"/>
    <Peak1D F1="7.586888" intensity="1.418185e-002" type="0"/>
    <Peak1D F1="7.532094" intensity="8.824957e-003" type="0"/>
    <Peak1D F1="7.508457" intensity="2.054386e-002" type="0"/>
    <Peak1D F1="7.481391" intensity="3.214103e-001" type="0"/>
    <Peak1D F1="7.476391" intensity="1.318982e-001" type="0"/>
    <Peak1D F1="7.464633" intensity="5.512298e-001" type="0"/>
    <Peak1D F1="7.459487" intensity="4.563490e-001" type="0"/>
    <Peak1D F1="7.454817" intensity="1.651161e-001" type="0"/>
    <Peak1D F1="7.442694" intensity="4.349479e-001" type="0"/>
    <Peak1D F1="7.408612" intensity="1.537612e-002" type="0"/>
    <Peak1D F1="7.393373" intensity="9.467966e-003" type="0"/>
    <Peak1D F1="7.319339" intensity="1.388067e-002" type="0"/>
    <Peak1D F1="7.295754" intensity="1.617107e-002" type="0"/>
    <Peak1D F1="7.245733" intensity="2.884104e-001" type="0"/>
    <Peak1D F1="7.195788" intensity="1.623851e+001" type="0"/>
    <Peak1D F1="7.162757" intensity="2.380298e-002" type="0"/>
    <Peak1D F1="7.145720" intensity="2.331064e-001" type="0"/>
    <Peak1D F1="7.116099" intensity="7.536480e-003" type="0"/>
    <Peak1D F1="6.931746" intensity="8.693660e-002" type="0"/>
    <Peak1D F1="6.218246" intensity="6.112436e-003" type="0"/>
    <Peak1D F1="6.118180" intensity="6.356884e-002" type="0"/>
    <Peak1D F1="6.068211" intensity="3.100734e-002" type="0"/>
    <Peak1D F1="6.018032" intensity="1.842451e+000" type="0"/>
    <Peak1D F1="5.997675" intensity="9.623097e-003" type="0"/>
    <Peak1D F1="5.967862" intensity="2.573225e-002" type="0"/>
    <Peak1D F1="5.492445" intensity="8.644770e-003" type="0"/>
    <Peak1D F1="5.416149" intensity="1.250828e-002" type="0"/>
    <Peak1D F1="5.353961" intensity="1.494850e-001" type="0"/>
    <Peak1D F1="5.315180" intensity="6.116634e-003" type="0"/>
    <Peak1D F1="4.818395" intensity="7.404107e-003" type="0"/>
    <Peak1D F1="4.791826" intensity="1.329868e-001" type="0"/>
    <Peak1D F1="4.769241" intensity="1.395834e-001" type="0"/>
    <Peak1D F1="4.718500" intensity="7.531008e-003" type="0"/>
    <Peak1D F1="4.669227" intensity="2.333600e-001" type="0"/>
    <Peak1D F1="4.619510" intensity="5.977643e-003" type="0"/>
    <Peak1D F1="4.342018" intensity="5.959852e-003" type="0"/>
    <Peak1D F1="3.878499" intensity="3.085352e-002" type="0"/>
    <Peak1D F1="3.844594" intensity="3.639391e-002" type="0"/>
    <Peak1D F1="3.823090" intensity="2.340532e-002" type="0"/>
    <Peak1D F1="3.811652" intensity="2.054118e-001" type="0"/>
    <Peak1D F1="3.792577" intensity="1.464235e-002" type="0"/>
    <Peak1D F1="3.750960" intensity="9.818371e-002" type="0"/>
    <Peak1D F1="3.745440" intensity="1.126118e-001" type="0"/>
    <Peak1D F1="3.700976" intensity="5.594727e+000" type="0"/>
    <Peak1D F1="3.650893" intensity="8.032019e-002" type="0"/>
    <Peak1D F1="3.586197" intensity="9.128577e-003" type="0"/>
    <Peak1D F1="3.564506" intensity="1.010131e-002" type="0"/>
    <Peak1D F1="3.544250" intensity="1.067629e-002" type="0"/>
    <Peak1D F1="3.518914" intensity="3.260162e-002" type="0"/>
    <Peak1D F1="3.489208" intensity="1.030310e-002" type="0"/>
    <Peak1D F1="3.438667" intensity="1.188711e-002" type="0"/>
    <Peak1D F1="3.419701" intensity="1.427237e-002" type="0"/>
    <Peak1D F1="3.381086" intensity="8.141126e-003" type="0"/>
    <Peak1D F1="3.364070" intensity="1.015608e-002" type="0"/>
    <Peak1D F1="3.349605" intensity="7.190854e-003" type="0"/>
    <Peak1D F1="3.336475" intensity="6.596189e-003" type="0"/>
    <Peak1D F1="2.936690" intensity="6.424778e-003" type="0"/>
    <Peak1D F1="2.530092" intensity="1.216881e-001" type="0"/>
    <Peak1D F1="2.518177" intensity="1.127781e-001" type="0"/>
    <Peak1D F1="2.477817" intensity="1.598352e-002" type="0"/>
    <Peak1D F1="2.465459" intensity="1.618698e-002" type="0"/>
    <Peak1D F1="2.440079" intensity="6.602926e-002" type="0"/>
    <Peak1D F1="2.432711" intensity="7.798878e-002" type="0"/>
    <Peak1D F1="2.412713" intensity="1.211535e-001" type="0"/>
    <Peak1D F1="2.393311" intensity="9.559803e-002" type="0"/>
    <Peak1D F1="2.363467" intensity="9.063022e-002" type="0"/>
    <Peak1D F1="2.351685" intensity="6.677132e-002" type="0"/>
    <Peak1D F1="2.329728" intensity="8.027025e-002" type="0"/>
    <Peak1D F1="2.308585" intensity="1.127725e-001" type="0"/>
    <Peak1D F1="2.294619" intensity="9.836303e-002" type="0"/>
    <Peak1D F1="2.287652" intensity="8.201101e-002" type="0"/>
    <Peak1D F1="2.276535" intensity="7.222649e-002" type="0"/>
    <Peak1D F1="2.257572" intensity="9.286645e-002" type="0"/>
    <Peak1D F1="2.251981" intensity="9.122321e-002" type="0"/>
    <Peak1D F1="2.238450" intensity="5.113840e-002" type="0"/>
    <Peak1D F1="2.229789" intensity="8.272739e-002" type="0"/>
    <Peak1D F1="2.225703" intensity="8.125333e-002" type="0"/>
    <Peak1D F1="2.203122" intensity="1.052893e-001" type="0"/>
    <Peak1D F1="2.195648" intensity="4.918810e-002" type="0"/>
    <Peak1D F1="2.181525" intensity="8.183739e-002" type="0"/>
    <Peak1D F1="2.176741" intensity="8.887124e-002" type="0"/>
    <Peak1D F1="2.165749" intensity="1.388892e-001" type="0"/>
    <Peak1D F1="2.146606" intensity="3.648308e-001" type="0"/>
    <Peak1D F1="2.134180" intensity="3.076977e-001" type="0"/>
    <Peak1D F1="2.116215" intensity="4.542798e+000" type="0"/>
    <Peak1D F1="2.107429" intensity="3.613266e+000" type="0"/>
    <Peak1D F1="2.096666" intensity="1.445226e+001" type="0"/>
    <Peak1D F1="2.084933" intensity="3.798421e+000" type="0"/>
    <Peak1D F1="2.077815" intensity="7.255446e+000" type="0"/>
    <Peak1D F1="2.056505" intensity="3.574358e-001" type="0"/>
    <Peak1D F1="2.052409" intensity="3.565829e-001" type="0"/>
    <Peak1D F1="2.046942" intensity="3.718627e-001" type="0"/>
    <Peak1D F1="2.027813" intensity="1.649169e-001" type="0"/>
    <Peak1D F1="1.986873" intensity="2.631912e-001" type="0"/>
    <Peak1D F1="1.973988" intensity="1.664281e-001" type="0"/>
    <Peak1D F1="1.960265" intensity="2.808440e-001" type="0"/>
    <Peak1D F1="1.948545" intensity="4.794526e-001" type="0"/>
    <Peak1D F1="1.936887" intensity="1.104098e+001" type="0"/>
    <Peak1D F1="1.925933" intensity="9.873635e-001" type="0"/>
    <Peak1D F1="1.922011" intensity="8.825464e-001" type="0"/>
    <Peak1D F1="1.911263" intensity="7.239379e+000" type="0"/>
    <Peak1D F1="1.901321" intensity="5.961011e+000" type="0"/>
    <Peak1D F1="1.900129" intensity="6.067184e+000" type="0"/>
    <Peak1D F1="1.891601" intensity="1.500000e+001" type="0"/>
    <Peak1D F1="1.881460" intensity="5.442037e+000" type="0"/>
    <Peak1D F1="1.872265" intensity="4.740497e+000" type="0"/>
    <Peak1D F1="1.860207" intensity="5.807642e-001" type="0"/>
    <Peak1D F1="1.849919" intensity="3.463916e-001" type="0"/>
    <Peak1D F1="1.841717" intensity="3.007386e-001" type="0"/>
    <Peak1D F1="1.823297" intensity="9.978887e-002" type="0"/>
    <Peak1D F1="1.795647" intensity="3.484616e-002" type="0"/>
    <Peak1D F1="1.765138" intensity="7.845656e-002" type="0"/>
    <Peak1D F1="1.760477" intensity="4.092599e-002" type="0"/>
    <Peak1D F1="1.742612" intensity="6.944386e-002" type="0"/>
    <Peak1D F1="1.724592" intensity="9.943259e-002" type="0"/>
    <Peak1D F1="1.708842" intensity="9.348290e-002" type="0"/>
    <Peak1D F1="1.701886" intensity="8.134706e-002" type="0"/>
    <Peak1D F1="1.682207" intensity="1.960202e-001" type="0"/>
    <Peak1D F1="1.672214" intensity="1.398204e-001" type="0"/>
    <Peak1D F1="1.663180" intensity="1.743521e-001" type="0"/>
    <Peak1D F1="1.657574" intensity="1.787240e-001" type="0"/>
    <Peak1D F1="1.654295" intensity="1.788392e-001" type="0"/>
    <Peak1D F1="1.648932" intensity="1.400982e-001" type="0"/>
    <Peak1D F1="1.643052" intensity="1.599675e-001" type="0"/>
    <Peak1D F1="1.632711" intensity="1.014334e-001" type="0"/>
    <Peak1D F1="1.627916" intensity="1.002381e-001" type="0"/>
    <Peak1D F1="1.622805" intensity="7.527759e-002" type="0"/>
    <Peak1D F1="1.600516" intensity="4.035965e-002" type="0"/>
    <Peak1D F1="1.576860" intensity="4.785979e-002" type="0"/>
    <Peak1D F1="1.529532" intensity="1.024814e+000" type="0"/>
    <Peak1D F1="1.506457" intensity="8.776502e-002" type="0"/>
    <Peak1D F1="1.501657" intensity="9.069169e-002" type="0"/>
    <Peak1D F1="1.484353" intensity="8.748741e-002" type="0"/>
    <Peak1D F1="1.471138" intensity="5.962095e-002" type="0"/>
    <Peak1D F1="1.454971" intensity="4.812927e-002" type="0"/>
    <Peak1D F1="1.436732" intensity="1.931905e-002" type="0"/>
    <Peak1D F1="1.425388" intensity="1.852924e-002" type="0"/>
    <Peak1D F1="1.389177" intensity="8.884083e-003" type="0"/>
    <Peak1D F1="1.367672" intensity="9.652243e-003" type="0"/>
    <Peak1D F1="1.356495" intensity="9.114612e-003" type="0"/>
    <Peak1D F1="1.337764" intensity="9.796474e-003" type="0"/>
    <Peak1D F1="1.323601" intensity="9.654154e-003" type="0"/>
    <Peak1D F1="1.264799" intensity="1.451376e-002" type="0"/>
    <Peak1D F1="1.235993" intensity="1.812259e-002" type="0"/>
    <Peak1D F1="1.187065" intensity="6.093149e-002" type="0"/>
    <Peak1D F1="1.153150" intensity="1.012983e-002" type="0"/>
    <Peak1D F1="1.103992" intensity="6.612412e-003" type="0"/>
    <Peak1D F1="1.088558" intensity="7.489446e-003" type="0"/>
    <Peak1D F1="1.009289" intensity="6.161027e-003" type="0"/>
    <Peak1D F1="0.976194" intensity="7.651854e-003" type="0"/>
    <Peak1D F1="0.939902" intensity="6.473540e-003" type="0"/>
    <Peak1D F1="0.921621" intensity="6.635018e-003" type="0"/>
    <Peak1D F1="0.901169" intensity="6.516645e-003" type="0"/>
    <Peak1D F1="0.858226" intensity="6.665800e-003" type="0"/>
    <Peak1D F1="0.828000" intensity="1.065337e-002" type="0"/>
    <Peak1D F1="0.811105" intensity="1.870281e-002" type="0"/>
    <Peak1D F1="0.793458" intensity="1.325751e-002" type="0"/>
    <Peak1D F1="0.763453" intensity="1.158547e-002" type="0"/>
    <Peak1D F1="0.743028" intensity="1.035493e-002" type="0"/>
    <Peak1D F1="0.693676" intensity="6.763178e-003" type="0"/>
    <Peak1D F1="0.661469" intensity="6.148747e-003" type="0"/>
    <Peak1D F1="0.617214" intensity="6.082582e-003" type="0"/>
    <Peak1D F1="0.590374" intensity="6.857686e-003" type="0"/>
    <Peak1D F1="0.571962" intensity="7.175417e-003" type="0"/>
    <Peak1D F1="0.503807" intensity="5.997644e-003" type="0"/>
    <Peak1D F1="0.238435" intensity="6.138236e-003" type="0"/>
    <Peak1D F1="-0.000149" intensity="3.305120e-002" type="0"/>
    <Peak1D F1="-0.662323" intensity="6.250249e-003" type="0"/>
    <Peak1D F1="-3.616709" intensity="6.927777e-003" type="0"/>
    <Peak1D F1="-3.628319" intensity="6.613245e-003" type="0"/>
    <Peak1D F1="-3.775015" intensity="6.102677e-003" type="0"/>
  </PeakList1D>
</PeakList>
