<?xml version="1.0" encoding="UTF-8"?>
<PeakList>
  <PeakList1D>
    <PeakList1DHeader creator="nmr" date="2021-08-11T22:00:36.601+03:00" expNo="10" name="ID-427-L-11.8.21" owner="" procNo="1" source="//132.72.8.180/400b/Milo/Milo">
      <PeakPickDetails>F1=16.133051ppm, F2=-3.895995ppm, MI=0.00cm, MAXI=10000.00cm, PC=1.000
      </PeakPickDetails>
    </PeakList1DHeader>
    <Peak1D F1="16.129534" intensity="1.002768e-002" type="0"/>
    <Peak1D F1="10.082554" intensity="7.184081e-003" type="0"/>
    <Peak1D F1="8.324983" intensity="1.099392e-002" type="0"/>
    <Peak1D F1="8.252720" intensity="1.487866e-002" type="0"/>
    <Peak1D F1="8.226901" intensity="1.116351e-001" type="0"/>
    <Peak1D F1="8.221906" intensity="1.060974e-001" type="0"/>
    <Peak1D F1="8.205186" intensity="1.751989e-001" type="0"/>
    <Peak1D F1="8.200302" intensity="1.283295e-001" type="0"/>
    <Peak1D F1="8.186178" intensity="1.518395e-001" type="0"/>
    <Peak1D F1="8.171679" intensity="8.320570e-002" type="0"/>
    <Peak1D F1="8.162591" intensity="6.778989e-002" type="0"/>
    <Peak1D F1="8.153629" intensity="7.154317e-002" type="0"/>
    <Peak1D F1="8.134703" intensity="1.797153e+000" type="0"/>
    <Peak1D F1="8.125299" intensity="7.462485e-001" type="0"/>
    <Peak1D F1="8.112880" intensity="1.882968e+000" type="0"/>
    <Peak1D F1="8.103470" intensity="7.441273e-001" type="0"/>
    <Peak1D F1="8.081112" intensity="5.824018e-002" type="0"/>
    <Peak1D F1="8.062950" intensity="3.368857e-002" type="0"/>
    <Peak1D F1="8.017952" intensity="7.968285e-003" type="0"/>
    <Peak1D F1="7.904274" intensity="7.899449e-003" type="0"/>
    <Peak1D F1="7.720747" intensity="1.344596e-001" type="0"/>
    <Peak1D F1="7.709808" intensity="1.343983e-001" type="0"/>
    <Peak1D F1="7.654280" intensity="9.882549e-002" type="0"/>
    <Peak1D F1="7.631793" intensity="1.063388e-001" type="0"/>
    <Peak1D F1="7.608033" intensity="6.578405e-002" type="0"/>
    <Peak1D F1="7.598907" intensity="5.526065e-002" type="0"/>
    <Peak1D F1="7.592709" intensity="5.194949e-002" type="0"/>
    <Peak1D F1="7.577167" intensity="5.555668e-002" type="0"/>
    <Peak1D F1="7.564771" intensity="1.216892e-001" type="0"/>
    <Peak1D F1="7.542769" intensity="2.173798e-001" type="0"/>
    <Peak1D F1="7.522871" intensity="1.331646e-001" type="0"/>
    <Peak1D F1="7.504189" intensity="3.433430e-001" type="0"/>
    <Peak1D F1="7.481457" intensity="4.402731e-001" type="0"/>
    <Peak1D F1="7.475101" intensity="1.940469e+000" type="0"/>
    <Peak1D F1="7.469399" intensity="1.022970e+000" type="0"/>
    <Peak1D F1="7.453166" intensity="1.832623e+000" type="0"/>
    <Peak1D F1="7.446725" intensity="7.488462e-001" type="0"/>
    <Peak1D F1="7.425014" intensity="5.667162e-002" type="0"/>
    <Peak1D F1="7.403093" intensity="3.531569e-002" type="0"/>
    <Peak1D F1="7.277255" intensity="6.983237e-002" type="0"/>
    <Peak1D F1="7.268971" intensity="1.102717e-001" type="0"/>
    <Peak1D F1="7.259550" intensity="1.890754e-001" type="0"/>
    <Peak1D F1="7.245950" intensity="1.012583e-001" type="0"/>
    <Peak1D F1="7.227650" intensity="2.489355e+000" type="0"/>
    <Peak1D F1="7.210368" intensity="8.060896e-002" type="0"/>
    <Peak1D F1="7.195502" intensity="1.183402e-001" type="0"/>
    <Peak1D F1="7.179722" intensity="1.446237e-001" type="0"/>
    <Peak1D F1="6.962896" intensity="1.440833e-002" type="0"/>
    <Peak1D F1="6.200301" intensity="8.565793e-003" type="0"/>
    <Peak1D F1="6.111609" intensity="1.007560e-002" type="0"/>
    <Peak1D F1="6.051779" intensity="7.587536e-002" type="0"/>
    <Peak1D F1="6.001703" intensity="3.428643e+000" type="0"/>
    <Peak1D F1="5.964402" intensity="2.087919e-002" type="0"/>
    <Peak1D F1="5.951894" intensity="6.971468e-002" type="0"/>
    <Peak1D F1="5.823339" intensity="4.467013e-002" type="0"/>
    <Peak1D F1="5.815904" intensity="4.417394e-002" type="0"/>
    <Peak1D F1="5.774487" intensity="1.695859e-002" type="0"/>
    <Peak1D F1="5.766227" intensity="1.736832e-002" type="0"/>
    <Peak1D F1="5.664517" intensity="4.755913e-002" type="0"/>
    <Peak1D F1="5.637689" intensity="4.826568e-002" type="0"/>
    <Peak1D F1="5.502305" intensity="8.650568e-003" type="0"/>
    <Peak1D F1="5.461167" intensity="8.231995e-002" type="0"/>
    <Peak1D F1="5.455327" intensity="8.335476e-002" type="0"/>
    <Peak1D F1="5.431537" intensity="1.032884e-002" type="0"/>
    <Peak1D F1="5.385699" intensity="2.608584e-002" type="0"/>
    <Peak1D F1="5.335993" intensity="2.761168e-001" type="0"/>
    <Peak1D F1="5.329082" intensity="2.760337e-001" type="0"/>
    <Peak1D F1="4.921975" intensity="1.562322e-002" type="0"/>
    <Peak1D F1="4.900628" intensity="2.571039e-002" type="0"/>
    <Peak1D F1="4.880568" intensity="2.054604e-002" type="0"/>
    <Peak1D F1="4.865337" intensity="4.186995e-002" type="0"/>
    <Peak1D F1="4.842841" intensity="3.846770e-002" type="0"/>
    <Peak1D F1="4.830926" intensity="4.324234e-002" type="0"/>
    <Peak1D F1="4.815119" intensity="9.939688e-001" type="0"/>
    <Peak1D F1="4.793077" intensity="1.007997e+000" type="0"/>
    <Peak1D F1="4.764968" intensity="4.382803e-002" type="0"/>
    <Peak1D F1="4.742981" intensity="4.716426e-002" type="0"/>
    <Peak1D F1="3.863824" intensity="5.413246e-002" type="0"/>
    <Peak1D F1="3.797111" intensity="2.494935e-002" type="0"/>
    <Peak1D F1="3.736229" intensity="1.869970e-001" type="0"/>
    <Peak1D F1="3.686419" intensity="1.008634e+001" type="0"/>
    <Peak1D F1="3.636360" intensity="1.777290e-001" type="0"/>
    <Peak1D F1="3.504117" intensity="5.797518e-002" type="0"/>
    <Peak1D F1="2.938376" intensity="1.108657e-002" type="0"/>
    <Peak1D F1="2.757962" intensity="2.943013e-002" type="0"/>
    <Peak1D F1="2.540120" intensity="3.187158e-002" type="0"/>
    <Peak1D F1="2.491076" intensity="1.817158e-002" type="0"/>
    <Peak1D F1="2.432877" intensity="2.804486e-002" type="0"/>
    <Peak1D F1="2.403240" intensity="2.058415e-001" type="0"/>
    <Peak1D F1="2.397194" intensity="1.937581e-001" type="0"/>
    <Peak1D F1="2.382030" intensity="2.506514e-001" type="0"/>
    <Peak1D F1="2.374466" intensity="3.016233e-001" type="0"/>
    <Peak1D F1="2.352413" intensity="5.979570e-001" type="0"/>
    <Peak1D F1="2.338808" intensity="6.449938e-001" type="0"/>
    <Peak1D F1="2.331128" intensity="5.514437e-001" type="0"/>
    <Peak1D F1="2.322498" intensity="7.222953e-001" type="0"/>
    <Peak1D F1="2.302752" intensity="3.071027e-001" type="0"/>
    <Peak1D F1="2.298070" intensity="2.508132e-001" type="0"/>
    <Peak1D F1="2.280256" intensity="6.464577e-001" type="0"/>
    <Peak1D F1="2.263090" intensity="1.296886e-001" type="0"/>
    <Peak1D F1="2.242255" intensity="1.093156e-001" type="0"/>
    <Peak1D F1="2.227533" intensity="9.137577e-002" type="0"/>
    <Peak1D F1="2.218510" intensity="2.476727e-001" type="0"/>
    <Peak1D F1="2.195930" intensity="3.443714e-001" type="0"/>
    <Peak1D F1="2.191896" intensity="3.406940e-001" type="0"/>
    <Peak1D F1="2.169758" intensity="4.895680e-001" type="0"/>
    <Peak1D F1="2.161610" intensity="1.323268e-001" type="0"/>
    <Peak1D F1="2.143745" intensity="3.808384e-001" type="0"/>
    <Peak1D F1="2.131281" intensity="4.923582e-001" type="0"/>
    <Peak1D F1="2.120605" intensity="5.185513e-001" type="0"/>
    <Peak1D F1="2.101196" intensity="4.823483e+000" type="0"/>
    <Peak1D F1="2.081542" intensity="1.440978e+001" type="0"/>
    <Peak1D F1="2.070385" intensity="4.092054e+000" type="0"/>
    <Peak1D F1="2.062981" intensity="7.460718e+000" type="0"/>
    <Peak1D F1="2.037927" intensity="4.741285e-001" type="0"/>
    <Peak1D F1="2.031733" intensity="4.809217e-001" type="0"/>
    <Peak1D F1="2.012920" intensity="2.249223e-001" type="0"/>
    <Peak1D F1="1.991634" intensity="1.089892e-001" type="0"/>
    <Peak1D F1="1.951069" intensity="4.619713e-001" type="0"/>
    <Peak1D F1="1.943650" intensity="4.935446e-001" type="0"/>
    <Peak1D F1="1.939675" intensity="4.985078e-001" type="0"/>
    <Peak1D F1="1.932353" intensity="7.706043e-001" type="0"/>
    <Peak1D F1="1.923407" intensity="8.975660e-001" type="0"/>
    <Peak1D F1="1.916916" intensity="1.254374e+000" type="0"/>
    <Peak1D F1="1.912176" intensity="1.117401e+000" type="0"/>
    <Peak1D F1="1.901893" intensity="7.631735e+000" type="0"/>
    <Peak1D F1="1.891026" intensity="6.538891e+000" type="0"/>
    <Peak1D F1="1.882380" intensity="1.500000e+001" type="0"/>
    <Peak1D F1="1.872150" intensity="5.849186e+000" type="0"/>
    <Peak1D F1="1.862979" intensity="4.957237e+000" type="0"/>
    <Peak1D F1="1.850844" intensity="7.300744e-001" type="0"/>
    <Peak1D F1="1.840834" intensity="4.370725e-001" type="0"/>
    <Peak1D F1="1.832492" intensity="4.237146e-001" type="0"/>
    <Peak1D F1="1.823216" intensity="2.069144e-001" type="0"/>
    <Peak1D F1="1.813284" intensity="1.694518e-001" type="0"/>
    <Peak1D F1="1.750735" intensity="8.272193e-002" type="0"/>
    <Peak1D F1="1.736832" intensity="1.295218e-001" type="0"/>
    <Peak1D F1="1.720837" intensity="1.611581e-001" type="0"/>
    <Peak1D F1="1.714911" intensity="2.130365e-001" type="0"/>
    <Peak1D F1="1.709343" intensity="2.035019e-001" type="0"/>
    <Peak1D F1="1.698585" intensity="4.037286e-001" type="0"/>
    <Peak1D F1="1.693855" intensity="4.531671e-001" type="0"/>
    <Peak1D F1="1.690222" intensity="3.790755e-001" type="0"/>
    <Peak1D F1="1.684092" intensity="2.580795e-001" type="0"/>
    <Peak1D F1="1.675051" intensity="7.579409e-001" type="0"/>
    <Peak1D F1="1.669077" intensity="5.410732e-001" type="0"/>
    <Peak1D F1="1.656141" intensity="5.237729e-001" type="0"/>
    <Peak1D F1="1.649337" intensity="4.818244e-001" type="0"/>
    <Peak1D F1="1.640287" intensity="3.690029e-001" type="0"/>
    <Peak1D F1="1.624816" intensity="2.496681e-001" type="0"/>
    <Peak1D F1="1.609692" intensity="2.092146e-001" type="0"/>
    <Peak1D F1="1.562294" intensity="6.180337e-002" type="0"/>
    <Peak1D F1="1.538810" intensity="1.028548e-001" type="0"/>
    <Peak1D F1="1.532482" intensity="1.065207e-001" type="0"/>
    <Peak1D F1="1.523652" intensity="1.875748e-001" type="0"/>
    <Peak1D F1="1.505032" intensity="2.998800e-001" type="0"/>
    <Peak1D F1="1.487387" intensity="3.207360e-001" type="0"/>
    <Peak1D F1="1.475642" intensity="2.901988e-001" type="0"/>
    <Peak1D F1="1.457649" intensity="2.239878e-001" type="0"/>
    <Peak1D F1="1.439369" intensity="8.114447e-002" type="0"/>
    <Peak1D F1="1.427629" intensity="5.474225e-002" type="0"/>
    <Peak1D F1="1.364682" intensity="3.091561e-002" type="0"/>
    <Peak1D F1="1.338719" intensity="3.257018e-002" type="0"/>
    <Peak1D F1="1.224718" intensity="2.394114e-002" type="0"/>
    <Peak1D F1="1.177732" intensity="3.218517e-002" type="0"/>
    <Peak1D F1="0.800089" intensity="1.242595e-002" type="0"/>
    <Peak1D F1="-0.000148" intensity="5.832653e-002" type="0"/>
  </PeakList1D>
</PeakList>
