<?xml version="1.0" encoding="UTF-8"?>
<PeakList>
  <PeakList1D>
    <PeakList1DHeader creator="nmr" date="2021-08-01T15:11:29.245+03:00" expNo="10" name="ID-419-E star" owner="" procNo="1" source="//132.72.8.180/400b/Milo/Milo">
      <PeakPickDetails>F1=16.101379ppm, F2=-3.927666ppm, MI=0.00cm, MAXI=10000.00cm, PC=1.000
      </PeakPickDetails>
    </PeakList1DHeader>
    <Peak1D F1="15.113981" intensity="7.290743e-003" type="0"/>
    <Peak1D F1="14.497899" intensity="6.799057e-003" type="0"/>
    <Peak1D F1="14.312204" intensity="6.958001e-003" type="0"/>
    <Peak1D F1="13.475647" intensity="6.830161e-003" type="0"/>
    <Peak1D F1="13.015402" intensity="7.452637e-003" type="0"/>
    <Peak1D F1="10.143860" intensity="1.255575e-002" type="0"/>
    <Peak1D F1="10.094970" intensity="6.003919e-001" type="0"/>
    <Peak1D F1="10.044427" intensity="1.076924e-002" type="0"/>
    <Peak1D F1="8.392410" intensity="1.087687e-002" type="0"/>
    <Peak1D F1="8.369692" intensity="1.517872e-002" type="0"/>
    <Peak1D F1="8.343142" intensity="4.115405e-001" type="0"/>
    <Peak1D F1="8.321445" intensity="4.667043e-001" type="0"/>
    <Peak1D F1="8.293189" intensity="1.153134e-002" type="0"/>
    <Peak1D F1="8.273496" intensity="2.348920e-002" type="0"/>
    <Peak1D F1="8.251770" intensity="2.339871e-002" type="0"/>
    <Peak1D F1="8.246416" intensity="2.416058e-002" type="0"/>
    <Peak1D F1="8.224381" intensity="3.834848e-002" type="0"/>
    <Peak1D F1="8.209251" intensity="4.993972e-002" type="0"/>
    <Peak1D F1="8.187407" intensity="5.176265e-002" type="0"/>
    <Peak1D F1="8.159582" intensity="1.249576e+000" type="0"/>
    <Peak1D F1="8.155073" intensity="5.043909e-001" type="0"/>
    <Peak1D F1="8.137877" intensity="1.329289e+000" type="0"/>
    <Peak1D F1="8.132467" intensity="2.844654e-001" type="0"/>
    <Peak1D F1="8.119200" intensity="3.262934e-002" type="0"/>
    <Peak1D F1="8.109630" intensity="4.307622e-002" type="0"/>
    <Peak1D F1="8.087495" intensity="2.258030e-002" type="0"/>
    <Peak1D F1="8.071146" intensity="1.461907e-002" type="0"/>
    <Peak1D F1="8.040370" intensity="2.019153e-002" type="0"/>
    <Peak1D F1="8.021631" intensity="5.214226e-001" type="0"/>
    <Peak1D F1="8.000384" intensity="4.290983e-001" type="0"/>
    <Peak1D F1="7.971480" intensity="1.214441e-002" type="0"/>
    <Peak1D F1="7.943601" intensity="5.149887e-002" type="0"/>
    <Peak1D F1="7.924992" intensity="5.008513e-002" type="0"/>
    <Peak1D F1="7.836398" intensity="1.337396e-002" type="0"/>
    <Peak1D F1="7.814174" intensity="3.738616e-002" type="0"/>
    <Peak1D F1="7.794222" intensity="3.211351e-002" type="0"/>
    <Peak1D F1="7.788056" intensity="3.282207e-002" type="0"/>
    <Peak1D F1="7.757493" intensity="6.843284e-003" type="0"/>
    <Peak1D F1="7.679892" intensity="1.322531e-002" type="0"/>
    <Peak1D F1="7.664342" intensity="1.266581e-002" type="0"/>
    <Peak1D F1="7.647844" intensity="7.288418e-003" type="0"/>
    <Peak1D F1="7.626379" intensity="1.271140e-002" type="0"/>
    <Peak1D F1="7.609627" intensity="1.773128e-002" type="0"/>
    <Peak1D F1="7.586361" intensity="1.644973e-002" type="0"/>
    <Peak1D F1="7.561153" intensity="2.088269e-002" type="0"/>
    <Peak1D F1="7.545043" intensity="2.960404e-002" type="0"/>
    <Peak1D F1="7.519306" intensity="4.326366e-002" type="0"/>
    <Peak1D F1="7.509171" intensity="4.816931e-002" type="0"/>
    <Peak1D F1="7.496482" intensity="6.032630e-002" type="0"/>
    <Peak1D F1="7.481655" intensity="1.257204e+000" type="0"/>
    <Peak1D F1="7.459712" intensity="1.231758e+000" type="0"/>
    <Peak1D F1="7.443607" intensity="1.439370e-001" type="0"/>
    <Peak1D F1="7.430864" intensity="6.299488e-002" type="0"/>
    <Peak1D F1="7.411274" intensity="5.111510e-002" type="0"/>
    <Peak1D F1="7.394996" intensity="4.864122e-002" type="0"/>
    <Peak1D F1="7.378205" intensity="4.443229e-002" type="0"/>
    <Peak1D F1="7.372489" intensity="4.651674e-002" type="0"/>
    <Peak1D F1="7.330099" intensity="4.603136e-002" type="0"/>
    <Peak1D F1="7.315942" intensity="4.598972e-002" type="0"/>
    <Peak1D F1="7.310557" intensity="6.716881e-002" type="0"/>
    <Peak1D F1="7.296618" intensity="6.473888e-002" type="0"/>
    <Peak1D F1="7.291444" intensity="5.190177e-002" type="0"/>
    <Peak1D F1="7.277840" intensity="4.836995e-002" type="0"/>
    <Peak1D F1="7.254244" intensity="4.693306e-002" type="0"/>
    <Peak1D F1="7.245925" intensity="3.087591e-001" type="0"/>
    <Peak1D F1="7.237861" intensity="1.376577e-001" type="0"/>
    <Peak1D F1="7.196209" intensity="1.609083e+001" type="0"/>
    <Peak1D F1="7.163369" intensity="2.825628e-002" type="0"/>
    <Peak1D F1="7.146062" intensity="2.679653e-001" type="0"/>
    <Peak1D F1="7.108998" intensity="2.863731e-002" type="0"/>
    <Peak1D F1="7.101737" intensity="3.567717e-002" type="0"/>
    <Peak1D F1="7.086493" intensity="4.825118e-002" type="0"/>
    <Peak1D F1="7.080089" intensity="4.455467e-002" type="0"/>
    <Peak1D F1="7.065427" intensity="2.136144e-002" type="0"/>
    <Peak1D F1="7.059050" intensity="2.125594e-002" type="0"/>
    <Peak1D F1="6.932155" intensity="8.269022e-002" type="0"/>
    <Peak1D F1="6.314776" intensity="1.457205e-002" type="0"/>
    <Peak1D F1="6.215690" intensity="1.141704e-002" type="0"/>
    <Peak1D F1="6.118095" intensity="1.251474e-001" type="0"/>
    <Peak1D F1="6.067929" intensity="3.259901e-002" type="0"/>
    <Peak1D F1="6.059606" intensity="1.285052e-002" type="0"/>
    <Peak1D F1="6.018021" intensity="1.778659e+000" type="0"/>
    <Peak1D F1="5.967908" intensity="2.733596e-002" type="0"/>
    <Peak1D F1="5.916201" intensity="1.214168e-002" type="0"/>
    <Peak1D F1="5.903563" intensity="9.816815e-003" type="0"/>
    <Peak1D F1="5.816663" intensity="8.872450e-003" type="0"/>
    <Peak1D F1="5.619330" intensity="7.265419e-003" type="0"/>
    <Peak1D F1="5.386130" intensity="7.032926e-003" type="0"/>
    <Peak1D F1="5.357273" intensity="3.373249e-002" type="0"/>
    <Peak1D F1="5.351170" intensity="3.411089e-002" type="0"/>
    <Peak1D F1="5.145213" intensity="7.259100e-003" type="0"/>
    <Peak1D F1="5.053609" intensity="8.988502e-003" type="0"/>
    <Peak1D F1="5.017606" intensity="7.748232e-003" type="0"/>
    <Peak1D F1="4.972090" intensity="1.124879e-002" type="0"/>
    <Peak1D F1="4.948650" intensity="1.004340e-002" type="0"/>
    <Peak1D F1="4.922779" intensity="1.070428e-002" type="0"/>
    <Peak1D F1="4.916336" intensity="9.573333e-003" type="0"/>
    <Peak1D F1="4.904542" intensity="1.032390e-002" type="0"/>
    <Peak1D F1="4.892612" intensity="1.153776e-002" type="0"/>
    <Peak1D F1="4.870422" intensity="1.468540e-002" type="0"/>
    <Peak1D F1="4.854394" intensity="1.574400e-002" type="0"/>
    <Peak1D F1="4.841628" intensity="2.425262e-002" type="0"/>
    <Peak1D F1="4.819108" intensity="2.819431e-002" type="0"/>
    <Peak1D F1="4.792284" intensity="6.737857e-001" type="0"/>
    <Peak1D F1="4.769422" intensity="6.850970e-001" type="0"/>
    <Peak1D F1="4.741965" intensity="3.765297e-002" type="0"/>
    <Peak1D F1="4.674255" intensity="6.030599e-002" type="0"/>
    <Peak1D F1="4.600693" intensity="2.095396e-002" type="0"/>
    <Peak1D F1="4.503733" intensity="8.612339e-003" type="0"/>
    <Peak1D F1="3.878613" intensity="2.992231e-002" type="0"/>
    <Peak1D F1="3.861108" intensity="1.069002e-002" type="0"/>
    <Peak1D F1="3.845101" intensity="1.107567e-001" type="0"/>
    <Peak1D F1="3.822973" intensity="6.540165e-002" type="0"/>
    <Peak1D F1="3.812035" intensity="3.862431e-001" type="0"/>
    <Peak1D F1="3.774267" intensity="1.216929e-002" type="0"/>
    <Peak1D F1="3.762497" intensity="1.897968e-002" type="0"/>
    <Peak1D F1="3.750692" intensity="1.150411e-001" type="0"/>
    <Peak1D F1="3.745923" intensity="2.228808e-001" type="0"/>
    <Peak1D F1="3.701201" intensity="5.429731e+000" type="0"/>
    <Peak1D F1="3.651105" intensity="9.165379e-002" type="0"/>
    <Peak1D F1="3.519268" intensity="2.938524e-002" type="0"/>
    <Peak1D F1="3.475414" intensity="7.281194e-003" type="0"/>
    <Peak1D F1="2.772032" intensity="7.574035e-003" type="0"/>
    <Peak1D F1="2.748626" intensity="8.900899e-003" type="0"/>
    <Peak1D F1="2.740778" intensity="7.655287e-003" type="0"/>
    <Peak1D F1="2.729176" intensity="6.979139e-003" type="0"/>
    <Peak1D F1="2.598295" intensity="7.626932e-003" type="0"/>
    <Peak1D F1="2.546758" intensity="8.196763e-003" type="0"/>
    <Peak1D F1="2.502079" intensity="9.698686e-003" type="0"/>
    <Peak1D F1="2.486101" intensity="1.065764e-002" type="0"/>
    <Peak1D F1="2.437695" intensity="1.070286e-001" type="0"/>
    <Peak1D F1="2.433790" intensity="1.255590e-001" type="0"/>
    <Peak1D F1="2.417446" intensity="1.289974e-001" type="0"/>
    <Peak1D F1="2.412357" intensity="1.303998e-001" type="0"/>
    <Peak1D F1="2.389027" intensity="1.886235e-001" type="0"/>
    <Peak1D F1="2.384889" intensity="1.817883e-001" type="0"/>
    <Peak1D F1="2.364218" intensity="2.235818e-001" type="0"/>
    <Peak1D F1="2.351629" intensity="1.402037e-001" type="0"/>
    <Peak1D F1="2.329113" intensity="2.384648e-001" type="0"/>
    <Peak1D F1="2.321512" intensity="1.440390e-001" type="0"/>
    <Peak1D F1="2.308723" intensity="1.821988e-001" type="0"/>
    <Peak1D F1="2.298655" intensity="2.178835e-001" type="0"/>
    <Peak1D F1="2.278403" intensity="1.622579e-001" type="0"/>
    <Peak1D F1="2.252815" intensity="2.535098e-001" type="0"/>
    <Peak1D F1="2.237397" intensity="7.414092e-002" type="0"/>
    <Peak1D F1="2.230509" intensity="2.657200e-001" type="0"/>
    <Peak1D F1="2.226695" intensity="2.668226e-001" type="0"/>
    <Peak1D F1="2.203975" intensity="3.452052e-001" type="0"/>
    <Peak1D F1="2.182565" intensity="1.995704e-001" type="0"/>
    <Peak1D F1="2.177675" intensity="2.047832e-001" type="0"/>
    <Peak1D F1="2.166436" intensity="1.548933e-001" type="0"/>
    <Peak1D F1="2.155321" intensity="3.352073e-001" type="0"/>
    <Peak1D F1="2.147123" intensity="4.198709e-001" type="0"/>
    <Peak1D F1="2.139202" intensity="3.458609e-001" type="0"/>
    <Peak1D F1="2.117265" intensity="4.633914e+000" type="0"/>
    <Peak1D F1="2.097621" intensity="1.461514e+001" type="0"/>
    <Peak1D F1="2.086051" intensity="3.929203e+000" type="0"/>
    <Peak1D F1="2.078871" intensity="7.318938e+000" type="0"/>
    <Peak1D F1="2.057568" intensity="3.164749e-001" type="0"/>
    <Peak1D F1="2.053302" intensity="3.354861e-001" type="0"/>
    <Peak1D F1="2.047921" intensity="3.865575e-001" type="0"/>
    <Peak1D F1="2.029069" intensity="1.826423e-001" type="0"/>
    <Peak1D F1="2.014412" intensity="7.141996e-002" type="0"/>
    <Peak1D F1="1.987808" intensity="3.794979e-001" type="0"/>
    <Peak1D F1="1.979439" intensity="2.020166e-001" type="0"/>
    <Peak1D F1="1.960204" intensity="3.963882e-001" type="0"/>
    <Peak1D F1="1.949768" intensity="5.792552e-001" type="0"/>
    <Peak1D F1="1.938147" intensity="1.289961e+001" type="0"/>
    <Peak1D F1="1.926334" intensity="1.079871e+000" type="0"/>
    <Peak1D F1="1.922020" intensity="9.717309e-001" type="0"/>
    <Peak1D F1="1.911552" intensity="7.301569e+000" type="0"/>
    <Peak1D F1="1.900486" intensity="6.266174e+000" type="0"/>
    <Peak1D F1="1.891973" intensity="1.500000e+001" type="0"/>
    <Peak1D F1="1.881981" intensity="5.694439e+000" type="0"/>
    <Peak1D F1="1.872635" intensity="4.786523e+000" type="0"/>
    <Peak1D F1="1.860434" intensity="5.928395e-001" type="0"/>
    <Peak1D F1="1.850159" intensity="3.068577e-001" type="0"/>
    <Peak1D F1="1.842006" intensity="3.213768e-001" type="0"/>
    <Peak1D F1="1.834517" intensity="1.444127e-001" type="0"/>
    <Peak1D F1="1.822647" intensity="1.191919e-001" type="0"/>
    <Peak1D F1="1.794952" intensity="4.903767e-002" type="0"/>
    <Peak1D F1="1.766535" intensity="1.009656e-001" type="0"/>
    <Peak1D F1="1.744402" intensity="1.030335e-001" type="0"/>
    <Peak1D F1="1.729610" intensity="1.165992e-001" type="0"/>
    <Peak1D F1="1.724792" intensity="1.559026e-001" type="0"/>
    <Peak1D F1="1.717598" intensity="1.269369e-001" type="0"/>
    <Peak1D F1="1.708393" intensity="1.489946e-001" type="0"/>
    <Peak1D F1="1.701817" intensity="2.112330e-001" type="0"/>
    <Peak1D F1="1.697699" intensity="1.851828e-001" type="0"/>
    <Peak1D F1="1.688003" intensity="1.556112e-001" type="0"/>
    <Peak1D F1="1.681369" intensity="4.638173e-001" type="0"/>
    <Peak1D F1="1.671792" intensity="2.843738e-001" type="0"/>
    <Peak1D F1="1.657431" intensity="4.120370e-001" type="0"/>
    <Peak1D F1="1.641145" intensity="2.454676e-001" type="0"/>
    <Peak1D F1="1.637109" intensity="2.880343e-001" type="0"/>
    <Peak1D F1="1.621015" intensity="1.607254e-001" type="0"/>
    <Peak1D F1="1.562262" intensity="9.436475e-002" type="0"/>
    <Peak1D F1="1.535843" intensity="1.640078e-001" type="0"/>
    <Peak1D F1="1.520601" intensity="1.320045e-001" type="0"/>
    <Peak1D F1="1.513650" intensity="1.304865e-001" type="0"/>
    <Peak1D F1="1.501530" intensity="2.389307e-001" type="0"/>
    <Peak1D F1="1.484224" intensity="2.805763e-001" type="0"/>
    <Peak1D F1="1.471450" intensity="1.947219e-001" type="0"/>
    <Peak1D F1="1.454496" intensity="1.907988e-001" type="0"/>
    <Peak1D F1="1.436721" intensity="6.622720e-002" type="0"/>
    <Peak1D F1="1.424589" intensity="6.561387e-002" type="0"/>
    <Peak1D F1="1.351350" intensity="1.515106e-002" type="0"/>
    <Peak1D F1="1.297760" intensity="1.587538e-002" type="0"/>
    <Peak1D F1="1.239025" intensity="2.620852e-002" type="0"/>
    <Peak1D F1="1.184044" intensity="1.079727e-001" type="0"/>
    <Peak1D F1="1.134103" intensity="1.099912e-002" type="0"/>
    <Peak1D F1="1.051021" intensity="7.273077e-003" type="0"/>
    <Peak1D F1="0.904107" intensity="7.649416e-003" type="0"/>
    <Peak1D F1="0.813318" intensity="1.750041e-002" type="0"/>
    <Peak1D F1="0.756467" intensity="7.196453e-003" type="0"/>
    <Peak1D F1="0.542387" intensity="6.879919e-003" type="0"/>
    <Peak1D F1="-0.000155" intensity="8.445950e-002" type="0"/>
    <Peak1D F1="-2.784716" intensity="7.340717e-003" type="0"/>
    <Peak1D F1="-2.944197" intensity="7.100644e-003" type="0"/>
    <Peak1D F1="-3.226722" intensity="7.290154e-003" type="0"/>
    <Peak1D F1="-3.489970" intensity="7.089625e-003" type="0"/>
  </PeakList1D>
</PeakList>
