<?xml version="1.0" encoding="UTF-8"?>
<PeakList>
  <PeakList1D>
    <PeakList1DHeader creator="nmr" date="2021-04-18T19:20:29.662+03:00" expNo="10" name="ID-352-Crude" owner="" procNo="1" source="//132.72.8.180/400b/Milo/Milo">
      <PeakPickDetails>F1=16.098080ppm, F2=-3.930965ppm, MI=0.00cm, MAXI=10000.00cm, PC=1.000
      </PeakPickDetails>
    </PeakList1DHeader>
    <Peak1D F1="8.892218" intensity="5.405462e-003" type="0"/>
    <Peak1D F1="8.842789" intensity="1.789310e-001" type="0"/>
    <Peak1D F1="8.493553" intensity="8.802378e-002" type="0"/>
    <Peak1D F1="8.475146" intensity="8.813402e-002" type="0"/>
    <Peak1D F1="8.443495" intensity="5.497861e-003" type="0"/>
    <Peak1D F1="8.420179" intensity="9.795480e-003" type="0"/>
    <Peak1D F1="8.363244" intensity="1.480682e-002" type="0"/>
    <Peak1D F1="8.348278" intensity="2.552842e-002" type="0"/>
    <Peak1D F1="8.326382" intensity="2.159005e-002" type="0"/>
    <Peak1D F1="8.293838" intensity="1.015957e-001" type="0"/>
    <Peak1D F1="8.282820" intensity="1.159010e-001" type="0"/>
    <Peak1D F1="8.275706" intensity="1.403154e-001" type="0"/>
    <Peak1D F1="8.273185" intensity="1.350531e-001" type="0"/>
    <Peak1D F1="8.259145" intensity="1.561156e-001" type="0"/>
    <Peak1D F1="8.248306" intensity="5.903056e-002" type="0"/>
    <Peak1D F1="8.236405" intensity="1.468702e-001" type="0"/>
    <Peak1D F1="8.224019" intensity="1.546426e-001" type="0"/>
    <Peak1D F1="8.208420" intensity="1.443997e-001" type="0"/>
    <Peak1D F1="8.199853" intensity="8.409381e-002" type="0"/>
    <Peak1D F1="8.186215" intensity="1.246469e-001" type="0"/>
    <Peak1D F1="8.177924" intensity="1.211629e-001" type="0"/>
    <Peak1D F1="8.164226" intensity="5.171224e-001" type="0"/>
    <Peak1D F1="8.158547" intensity="3.393431e+000" type="0"/>
    <Peak1D F1="8.153503" intensity="1.624187e+000" type="0"/>
    <Peak1D F1="8.141338" intensity="1.200993e+000" type="0"/>
    <Peak1D F1="8.136644" intensity="3.676262e+000" type="0"/>
    <Peak1D F1="8.130828" intensity="1.102162e+000" type="0"/>
    <Peak1D F1="8.108233" intensity="7.360538e-002" type="0"/>
    <Peak1D F1="8.086559" intensity="6.690112e-002" type="0"/>
    <Peak1D F1="8.067898" intensity="2.250888e-002" type="0"/>
    <Peak1D F1="8.054889" intensity="7.612145e-002" type="0"/>
    <Peak1D F1="8.036265" intensity="9.304938e-002" type="0"/>
    <Peak1D F1="8.017050" intensity="1.884187e-002" type="0"/>
    <Peak1D F1="7.978815" intensity="6.613264e-002" type="0"/>
    <Peak1D F1="7.955089" intensity="1.847028e-001" type="0"/>
    <Peak1D F1="7.934842" intensity="1.146501e-001" type="0"/>
    <Peak1D F1="7.921117" intensity="2.443660e-002" type="0"/>
    <Peak1D F1="7.904606" intensity="4.378523e-002" type="0"/>
    <Peak1D F1="7.887130" intensity="1.229983e-001" type="0"/>
    <Peak1D F1="7.869482" intensity="1.016238e-001" type="0"/>
    <Peak1D F1="7.835886" intensity="1.520436e-001" type="0"/>
    <Peak1D F1="7.816419" intensity="2.156000e-001" type="0"/>
    <Peak1D F1="7.806367" intensity="1.398240e-001" type="0"/>
    <Peak1D F1="7.797155" intensity="1.832346e-001" type="0"/>
    <Peak1D F1="7.786196" intensity="1.600197e-001" type="0"/>
    <Peak1D F1="7.753508" intensity="5.265659e-002" type="0"/>
    <Peak1D F1="7.727966" intensity="1.468414e-001" type="0"/>
    <Peak1D F1="7.707417" intensity="1.371527e-001" type="0"/>
    <Peak1D F1="7.683341" intensity="4.329304e-002" type="0"/>
    <Peak1D F1="7.660889" intensity="3.796487e-002" type="0"/>
    <Peak1D F1="7.633618" intensity="1.174764e-001" type="0"/>
    <Peak1D F1="7.611914" intensity="1.243584e-001" type="0"/>
    <Peak1D F1="7.593386" intensity="4.529541e-002" type="0"/>
    <Peak1D F1="7.584435" intensity="3.762257e-002" type="0"/>
    <Peak1D F1="7.573700" intensity="1.125288e-001" type="0"/>
    <Peak1D F1="7.568547" intensity="9.479549e-002" type="0"/>
    <Peak1D F1="7.556401" intensity="1.196712e-001" type="0"/>
    <Peak1D F1="7.552154" intensity="1.538424e-001" type="0"/>
    <Peak1D F1="7.536001" intensity="1.431726e-001" type="0"/>
    <Peak1D F1="7.528943" intensity="9.097771e-002" type="0"/>
    <Peak1D F1="7.521757" intensity="1.148290e-001" type="0"/>
    <Peak1D F1="7.518140" intensity="1.055624e-001" type="0"/>
    <Peak1D F1="7.504135" intensity="1.265848e-001" type="0"/>
    <Peak1D F1="7.499265" intensity="1.358659e-001" type="0"/>
    <Peak1D F1="7.484571" intensity="5.909876e-001" type="0"/>
    <Peak1D F1="7.478865" intensity="3.366472e+000" type="0"/>
    <Peak1D F1="7.456986" intensity="3.411338e+000" type="0"/>
    <Peak1D F1="7.444789" intensity="3.129125e-001" type="0"/>
    <Peak1D F1="7.437598" intensity="5.305911e-001" type="0"/>
    <Peak1D F1="7.430896" intensity="1.909905e-001" type="0"/>
    <Peak1D F1="7.407080" intensity="7.817659e-002" type="0"/>
    <Peak1D F1="7.367021" intensity="1.146530e-002" type="0"/>
    <Peak1D F1="7.354215" intensity="1.570580e-002" type="0"/>
    <Peak1D F1="7.330639" intensity="1.905172e-002" type="0"/>
    <Peak1D F1="7.323725" intensity="2.774597e-002" type="0"/>
    <Peak1D F1="7.301670" intensity="1.612361e-002" type="0"/>
    <Peak1D F1="7.286959" intensity="1.139771e-002" type="0"/>
    <Peak1D F1="7.271628" intensity="2.099750e-002" type="0"/>
    <Peak1D F1="7.243388" intensity="9.582541e-002" type="0"/>
    <Peak1D F1="7.217126" intensity="3.520163e-002" type="0"/>
    <Peak1D F1="7.193277" intensity="6.062047e+000" type="0"/>
    <Peak1D F1="7.154068" intensity="1.880177e-002" type="0"/>
    <Peak1D F1="7.143532" intensity="8.470310e-002" type="0"/>
    <Peak1D F1="7.080999" intensity="1.060871e-002" type="0"/>
    <Peak1D F1="7.047433" intensity="8.381066e-003" type="0"/>
    <Peak1D F1="7.041232" intensity="6.111492e-003" type="0"/>
    <Peak1D F1="7.025563" intensity="7.476479e-003" type="0"/>
    <Peak1D F1="7.019441" intensity="9.808194e-003" type="0"/>
    <Peak1D F1="6.929291" intensity="3.218869e-002" type="0"/>
    <Peak1D F1="6.216558" intensity="1.515748e-002" type="0"/>
    <Peak1D F1="6.211082" intensity="1.489200e-002" type="0"/>
    <Peak1D F1="6.116560" intensity="5.927758e-002" type="0"/>
    <Peak1D F1="6.103949" intensity="2.547043e-002" type="0"/>
    <Peak1D F1="6.099481" intensity="2.524441e-002" type="0"/>
    <Peak1D F1="6.067694" intensity="7.686076e-002" type="0"/>
    <Peak1D F1="6.017911" intensity="4.982110e+000" type="0"/>
    <Peak1D F1="6.001466" intensity="5.249420e-002" type="0"/>
    <Peak1D F1="5.989683" intensity="3.362465e-002" type="0"/>
    <Peak1D F1="5.979102" intensity="1.592289e-002" type="0"/>
    <Peak1D F1="5.967723" intensity="7.432132e-002" type="0"/>
    <Peak1D F1="5.952260" intensity="4.775695e-002" type="0"/>
    <Peak1D F1="5.944792" intensity="4.850333e-002" type="0"/>
    <Peak1D F1="5.890518" intensity="4.802432e-003" type="0"/>
    <Peak1D F1="5.872771" intensity="5.733661e-003" type="0"/>
    <Peak1D F1="5.856526" intensity="6.210509e-003" type="0"/>
    <Peak1D F1="5.816179" intensity="1.413084e-002" type="0"/>
    <Peak1D F1="5.806367" intensity="4.925370e-002" type="0"/>
    <Peak1D F1="5.779490" intensity="4.992634e-002" type="0"/>
    <Peak1D F1="5.745484" intensity="7.022982e-003" type="0"/>
    <Peak1D F1="5.717041" intensity="6.232379e-003" type="0"/>
    <Peak1D F1="5.700734" intensity="4.775899e-003" type="0"/>
    <Peak1D F1="5.686951" intensity="5.602625e-003" type="0"/>
    <Peak1D F1="5.538839" intensity="1.144115e-002" type="0"/>
    <Peak1D F1="5.507908" intensity="5.808304e-003" type="0"/>
    <Peak1D F1="5.493221" intensity="2.308210e-002" type="0"/>
    <Peak1D F1="5.470589" intensity="1.081903e-002" type="0"/>
    <Peak1D F1="5.463493" intensity="1.242177e-002" type="0"/>
    <Peak1D F1="5.435791" intensity="1.628472e-002" type="0"/>
    <Peak1D F1="5.396701" intensity="1.498964e-002" type="0"/>
    <Peak1D F1="5.355940" intensity="2.083935e-001" type="0"/>
    <Peak1D F1="5.348971" intensity="2.087629e-001" type="0"/>
    <Peak1D F1="5.322517" intensity="1.492983e-002" type="0"/>
    <Peak1D F1="5.302077" intensity="1.300125e-002" type="0"/>
    <Peak1D F1="5.274827" intensity="8.242417e-003" type="0"/>
    <Peak1D F1="5.257565" intensity="7.020844e-003" type="0"/>
    <Peak1D F1="5.230107" intensity="7.736386e-002" type="0"/>
    <Peak1D F1="5.208547" intensity="7.516908e-003" type="0"/>
    <Peak1D F1="5.030315" intensity="7.592223e-003" type="0"/>
    <Peak1D F1="5.012117" intensity="6.539359e-003" type="0"/>
    <Peak1D F1="4.966021" intensity="1.279251e-002" type="0"/>
    <Peak1D F1="4.943597" intensity="1.402846e-002" type="0"/>
    <Peak1D F1="4.924707" intensity="1.155646e-002" type="0"/>
    <Peak1D F1="4.897243" intensity="1.463097e-002" type="0"/>
    <Peak1D F1="4.886599" intensity="1.751285e-002" type="0"/>
    <Peak1D F1="4.867942" intensity="2.836685e-002" type="0"/>
    <Peak1D F1="4.847662" intensity="3.170252e-002" type="0"/>
    <Peak1D F1="4.836844" intensity="4.846861e-002" type="0"/>
    <Peak1D F1="4.814448" intensity="5.548275e-002" type="0"/>
    <Peak1D F1="4.787562" intensity="1.685462e+000" type="0"/>
    <Peak1D F1="4.764674" intensity="1.720878e+000" type="0"/>
    <Peak1D F1="4.737681" intensity="7.514690e-002" type="0"/>
    <Peak1D F1="4.714766" intensity="1.178458e-001" type="0"/>
    <Peak1D F1="4.680332" intensity="3.778348e-001" type="0"/>
    <Peak1D F1="4.604600" intensity="3.260649e-002" type="0"/>
    <Peak1D F1="4.582313" intensity="2.087371e-002" type="0"/>
    <Peak1D F1="4.501040" intensity="6.144072e-003" type="0"/>
    <Peak1D F1="4.432372" intensity="5.335115e-003" type="0"/>
    <Peak1D F1="3.969308" intensity="8.769563e-003" type="0"/>
    <Peak1D F1="3.947698" intensity="9.124689e-003" type="0"/>
    <Peak1D F1="3.878193" intensity="7.763682e-002" type="0"/>
    <Peak1D F1="3.860409" intensity="6.071172e-003" type="0"/>
    <Peak1D F1="3.843852" intensity="1.596021e-002" type="0"/>
    <Peak1D F1="3.822479" intensity="1.340072e-002" type="0"/>
    <Peak1D F1="3.811268" intensity="1.903380e-001" type="0"/>
    <Peak1D F1="3.786024" intensity="1.700062e-002" type="0"/>
    <Peak1D F1="3.750581" intensity="2.343162e-001" type="0"/>
    <Peak1D F1="3.745438" intensity="1.421124e-001" type="0"/>
    <Peak1D F1="3.700740" intensity="1.500000e+001" type="0"/>
    <Peak1D F1="3.661886" intensity="5.142674e-002" type="0"/>
    <Peak1D F1="3.650694" intensity="2.232895e-001" type="0"/>
    <Peak1D F1="3.603151" intensity="6.696663e-003" type="0"/>
    <Peak1D F1="3.588548" intensity="4.924813e-003" type="0"/>
    <Peak1D F1="3.554503" intensity="4.814929e-003" type="0"/>
    <Peak1D F1="3.518483" intensity="7.965513e-002" type="0"/>
    <Peak1D F1="3.501555" intensity="5.708761e-003" type="0"/>
    <Peak1D F1="3.175984" intensity="5.703426e-003" type="0"/>
    <Peak1D F1="3.156832" intensity="5.205866e-003" type="0"/>
    <Peak1D F1="2.958007" intensity="6.038344e-003" type="0"/>
    <Peak1D F1="2.950681" intensity="7.366391e-003" type="0"/>
    <Peak1D F1="2.941006" intensity="1.226438e-002" type="0"/>
    <Peak1D F1="2.933653" intensity="1.120767e-002" type="0"/>
    <Peak1D F1="2.923952" intensity="7.838201e-003" type="0"/>
    <Peak1D F1="2.861368" intensity="1.354191e-002" type="0"/>
    <Peak1D F1="2.842424" intensity="2.213922e-002" type="0"/>
    <Peak1D F1="2.815934" intensity="1.854890e-002" type="0"/>
    <Peak1D F1="2.747093" intensity="4.830106e-003" type="0"/>
    <Peak1D F1="2.731995" intensity="5.130203e-003" type="0"/>
    <Peak1D F1="2.637899" intensity="7.020760e-003" type="0"/>
    <Peak1D F1="2.560464" intensity="2.100747e-002" type="0"/>
    <Peak1D F1="2.549156" intensity="2.239518e-002" type="0"/>
    <Peak1D F1="2.530608" intensity="2.174655e-002" type="0"/>
    <Peak1D F1="2.493882" intensity="3.406503e-002" type="0"/>
    <Peak1D F1="2.473975" intensity="4.332072e-002" type="0"/>
    <Peak1D F1="2.438781" intensity="3.044679e-001" type="0"/>
    <Peak1D F1="2.434097" intensity="3.581031e-001" type="0"/>
    <Peak1D F1="2.416895" intensity="3.641072e-001" type="0"/>
    <Peak1D F1="2.412830" intensity="3.987368e-001" type="0"/>
    <Peak1D F1="2.389119" intensity="5.062518e-001" type="0"/>
    <Peak1D F1="2.385292" intensity="4.939788e-001" type="0"/>
    <Peak1D F1="2.376073" intensity="2.587887e-001" type="0"/>
    <Peak1D F1="2.368567" intensity="4.710546e-001" type="0"/>
    <Peak1D F1="2.364642" intensity="5.782136e-001" type="0"/>
    <Peak1D F1="2.347597" intensity="3.389477e-001" type="0"/>
    <Peak1D F1="2.324659" intensity="6.001510e-001" type="0"/>
    <Peak1D F1="2.317565" intensity="3.892505e-001" type="0"/>
    <Peak1D F1="2.314219" intensity="3.780794e-001" type="0"/>
    <Peak1D F1="2.304741" intensity="4.753826e-001" type="0"/>
    <Peak1D F1="2.301581" intensity="4.242454e-001" type="0"/>
    <Peak1D F1="2.294658" intensity="5.903900e-001" type="0"/>
    <Peak1D F1="2.274316" intensity="3.179954e-001" type="0"/>
    <Peak1D F1="2.253762" intensity="5.525795e-001" type="0"/>
    <Peak1D F1="2.231593" intensity="6.543254e-001" type="0"/>
    <Peak1D F1="2.227407" intensity="6.448140e-001" type="0"/>
    <Peak1D F1="2.215912" intensity="1.353827e-001" type="0"/>
    <Peak1D F1="2.204840" intensity="8.520750e-001" type="0"/>
    <Peak1D F1="2.194247" intensity="1.346385e-001" type="0"/>
    <Peak1D F1="2.183465" intensity="4.475566e-001" type="0"/>
    <Peak1D F1="2.178757" intensity="4.615695e-001" type="0"/>
    <Peak1D F1="2.156232" intensity="5.214694e-001" type="0"/>
    <Peak1D F1="2.147190" intensity="2.368203e-001" type="0"/>
    <Peak1D F1="2.116889" intensity="2.353166e+000" type="0"/>
    <Peak1D F1="2.106792" intensity="1.945325e+000" type="0"/>
    <Peak1D F1="2.097179" intensity="7.545138e+000" type="0"/>
    <Peak1D F1="2.085740" intensity="2.130423e+000" type="0"/>
    <Peak1D F1="2.078336" intensity="3.772433e+000" type="0"/>
    <Peak1D F1="2.062555" intensity="2.679358e-001" type="0"/>
    <Peak1D F1="2.057857" intensity="2.211446e-001" type="0"/>
    <Peak1D F1="2.053818" intensity="2.051206e-001" type="0"/>
    <Peak1D F1="2.047502" intensity="2.251183e-001" type="0"/>
    <Peak1D F1="2.039462" intensity="2.019729e-001" type="0"/>
    <Peak1D F1="2.028260" intensity="1.129874e-001" type="0"/>
    <Peak1D F1="2.020324" intensity="7.208499e-002" type="0"/>
    <Peak1D F1="1.991271" intensity="2.209361e-001" type="0"/>
    <Peak1D F1="1.987068" intensity="2.921365e-001" type="0"/>
    <Peak1D F1="1.982368" intensity="2.362096e-001" type="0"/>
    <Peak1D F1="1.970552" intensity="3.463368e-001" type="0"/>
    <Peak1D F1="1.965112" intensity="4.402813e-001" type="0"/>
    <Peak1D F1="1.959520" intensity="5.269889e-001" type="0"/>
    <Peak1D F1="1.954958" intensity="5.271102e-001" type="0"/>
    <Peak1D F1="1.949905" intensity="5.100350e-001" type="0"/>
    <Peak1D F1="1.941640" intensity="6.261060e-001" type="0"/>
    <Peak1D F1="1.937242" intensity="6.187822e-001" type="0"/>
    <Peak1D F1="1.932719" intensity="7.138197e-001" type="0"/>
    <Peak1D F1="1.925247" intensity="5.814571e-001" type="0"/>
    <Peak1D F1="1.920691" intensity="6.917803e-001" type="0"/>
    <Peak1D F1="1.910227" intensity="3.816339e+000" type="0"/>
    <Peak1D F1="1.898950" intensity="3.152960e+000" type="0"/>
    <Peak1D F1="1.890749" intensity="7.847844e+000" type="0"/>
    <Peak1D F1="1.882145" intensity="2.849687e+000" type="0"/>
    <Peak1D F1="1.879993" intensity="2.973017e+000" type="0"/>
    <Peak1D F1="1.871170" intensity="2.491145e+000" type="0"/>
    <Peak1D F1="1.859313" intensity="3.590361e-001" type="0"/>
    <Peak1D F1="1.849129" intensity="2.125134e-001" type="0"/>
    <Peak1D F1="1.841037" intensity="2.043038e-001" type="0"/>
    <Peak1D F1="1.830745" intensity="1.232257e-001" type="0"/>
    <Peak1D F1="1.821506" intensity="9.593847e-002" type="0"/>
    <Peak1D F1="1.758731" intensity="4.586693e-002" type="0"/>
    <Peak1D F1="1.743899" intensity="1.717535e-001" type="0"/>
    <Peak1D F1="1.728109" intensity="2.381903e-001" type="0"/>
    <Peak1D F1="1.722807" intensity="2.162781e-001" type="0"/>
    <Peak1D F1="1.715439" intensity="2.813219e-001" type="0"/>
    <Peak1D F1="1.707036" intensity="3.040872e-001" type="0"/>
    <Peak1D F1="1.699704" intensity="4.751572e-001" type="0"/>
    <Peak1D F1="1.695898" intensity="4.109849e-001" type="0"/>
    <Peak1D F1="1.683900" intensity="3.876075e-001" type="0"/>
    <Peak1D F1="1.678063" intensity="1.100172e+000" type="0"/>
    <Peak1D F1="1.669360" intensity="6.857074e-001" type="0"/>
    <Peak1D F1="1.663604" intensity="5.744232e-001" type="0"/>
    <Peak1D F1="1.652533" intensity="1.027355e+000" type="0"/>
    <Peak1D F1="1.648665" intensity="8.164355e-001" type="0"/>
    <Peak1D F1="1.636635" intensity="6.343578e-001" type="0"/>
    <Peak1D F1="1.631695" intensity="7.518784e-001" type="0"/>
    <Peak1D F1="1.620618" intensity="3.109109e-001" type="0"/>
    <Peak1D F1="1.616006" intensity="4.234153e-001" type="0"/>
    <Peak1D F1="1.598648" intensity="1.215078e-001" type="0"/>
    <Peak1D F1="1.583591" intensity="1.296088e-001" type="0"/>
    <Peak1D F1="1.565591" intensity="1.385120e-001" type="0"/>
    <Peak1D F1="1.532676" intensity="4.246332e-001" type="0"/>
    <Peak1D F1="1.517029" intensity="3.416762e-001" type="0"/>
    <Peak1D F1="1.510442" intensity="3.610383e-001" type="0"/>
    <Peak1D F1="1.498122" intensity="6.028783e-001" type="0"/>
    <Peak1D F1="1.480826" intensity="7.376103e-001" type="0"/>
    <Peak1D F1="1.467959" intensity="4.944258e-001" type="0"/>
    <Peak1D F1="1.451222" intensity="4.776797e-001" type="0"/>
    <Peak1D F1="1.438542" intensity="1.154092e-001" type="0"/>
    <Peak1D F1="1.433036" intensity="1.432899e-001" type="0"/>
    <Peak1D F1="1.420987" intensity="1.756951e-001" type="0"/>
    <Peak1D F1="1.401863" intensity="5.031414e-002" type="0"/>
    <Peak1D F1="1.353675" intensity="2.295712e-002" type="0"/>
    <Peak1D F1="1.337114" intensity="2.204847e-002" type="0"/>
    <Peak1D F1="1.320910" intensity="2.408298e-002" type="0"/>
    <Peak1D F1="1.233842" intensity="8.086380e-002" type="0"/>
    <Peak1D F1="1.183431" intensity="2.076218e-001" type="0"/>
    <Peak1D F1="1.037054" intensity="7.256478e-003" type="0"/>
    <Peak1D F1="1.026547" intensity="7.311759e-003" type="0"/>
    <Peak1D F1="0.983769" intensity="6.484289e-003" type="0"/>
    <Peak1D F1="0.930812" intensity="5.677617e-003" type="0"/>
    <Peak1D F1="0.899561" intensity="5.731990e-003" type="0"/>
    <Peak1D F1="0.858372" intensity="7.079282e-003" type="0"/>
    <Peak1D F1="0.826830" intensity="3.264695e-002" type="0"/>
    <Peak1D F1="0.809813" intensity="6.131258e-002" type="0"/>
    <Peak1D F1="0.793009" intensity="3.066786e-002" type="0"/>
    <Peak1D F1="0.771735" intensity="1.504362e-002" type="0"/>
    <Peak1D F1="0.659022" intensity="5.106463e-003" type="0"/>
    <Peak1D F1="0.637992" intensity="5.054730e-003" type="0"/>
    <Peak1D F1="0.397368" intensity="6.391316e-003" type="0"/>
    <Peak1D F1="0.291894" intensity="6.190977e-003" type="0"/>
    <Peak1D F1="0.147157" intensity="5.468991e-003" type="0"/>
    <Peak1D F1="0.049968" intensity="1.072426e-002" type="0"/>
    <Peak1D F1="-0.000149" intensity="6.383350e-001" type="0"/>
    <Peak1D F1="-0.009227" intensity="2.677354e-002" type="0"/>
    <Peak1D F1="-0.049858" intensity="9.429208e-003" type="0"/>
  </PeakList1D>
</PeakList>
