<?xml version="1.0" encoding="UTF-8"?>
<PeakList>
  <PeakList1D>
    <PeakList1DHeader creator="nmr" date="2021-08-06T17:01:42.659+03:00" expNo="20" name="ID_422_O" owner="" procNo="1" source="//132.72.8.180/400b/Milo/Milo">
      <PeakPickDetails>F1=16.132891ppm, F2=-3.896155ppm, MI=0.00cm, MAXI=10000.00cm, PC=1.000
      </PeakPickDetails>
    </PeakList1DHeader>
    <Peak1D F1="13.715309" intensity="1.823791e-003" type="0"/>
    <Peak1D F1="12.294480" intensity="2.019731e-003" type="0"/>
    <Peak1D F1="12.189610" intensity="1.658385e-003" type="0"/>
    <Peak1D F1="12.175335" intensity="1.824307e-003" type="0"/>
    <Peak1D F1="11.983603" intensity="1.674299e-003" type="0"/>
    <Peak1D F1="11.921026" intensity="1.822560e-003" type="0"/>
    <Peak1D F1="10.306847" intensity="3.735674e-003" type="0"/>
    <Peak1D F1="10.196925" intensity="2.106677e-003" type="0"/>
    <Peak1D F1="10.149483" intensity="1.035378e-002" type="0"/>
    <Peak1D F1="10.137058" intensity="9.239307e-003" type="0"/>
    <Peak1D F1="10.127975" intensity="1.231556e-002" type="0"/>
    <Peak1D F1="10.099483" intensity="3.238776e-001" type="0"/>
    <Peak1D F1="10.087111" intensity="5.172899e-001" type="0"/>
    <Peak1D F1="10.078620" intensity="3.862419e-001" type="0"/>
    <Peak1D F1="10.049468" intensity="1.086637e-002" type="0"/>
    <Peak1D F1="10.037594" intensity="4.077029e-003" type="0"/>
    <Peak1D F1="10.028094" intensity="6.499371e-003" type="0"/>
    <Peak1D F1="9.861035" intensity="2.057877e-003" type="0"/>
    <Peak1D F1="8.543657" intensity="3.149877e-003" type="0"/>
    <Peak1D F1="8.536357" intensity="3.429243e-003" type="0"/>
    <Peak1D F1="8.520518" intensity="2.891259e-003" type="0"/>
    <Peak1D F1="8.464833" intensity="2.106082e-003" type="0"/>
    <Peak1D F1="8.414882" intensity="4.937450e-003" type="0"/>
    <Peak1D F1="8.394045" intensity="1.053369e-002" type="0"/>
    <Peak1D F1="8.371518" intensity="1.932860e-002" type="0"/>
    <Peak1D F1="8.343871" intensity="2.259432e-001" type="0"/>
    <Peak1D F1="8.339075" intensity="1.830784e-001" type="0"/>
    <Peak1D F1="8.329935" intensity="4.009792e-001" type="0"/>
    <Peak1D F1="8.321562" intensity="5.186428e-001" type="0"/>
    <Peak1D F1="8.308514" intensity="4.348196e-001" type="0"/>
    <Peak1D F1="8.303576" intensity="3.107302e-001" type="0"/>
    <Peak1D F1="8.298901" intensity="3.052942e-001" type="0"/>
    <Peak1D F1="8.272349" intensity="2.199723e-002" type="0"/>
    <Peak1D F1="8.247725" intensity="4.415996e-002" type="0"/>
    <Peak1D F1="8.230277" intensity="8.763827e-002" type="0"/>
    <Peak1D F1="8.224970" intensity="9.936740e-002" type="0"/>
    <Peak1D F1="8.216358" intensity="9.714558e-002" type="0"/>
    <Peak1D F1="8.211607" intensity="1.156547e-001" type="0"/>
    <Peak1D F1="8.207565" intensity="1.220116e-001" type="0"/>
    <Peak1D F1="8.194696" intensity="9.706562e-002" type="0"/>
    <Peak1D F1="8.189420" intensity="9.000600e-002" type="0"/>
    <Peak1D F1="8.184643" intensity="9.013224e-002" type="0"/>
    <Peak1D F1="8.177388" intensity="7.793444e-002" type="0"/>
    <Peak1D F1="8.155080" intensity="4.741035e-001" type="0"/>
    <Peak1D F1="8.150173" intensity="4.123863e-001" type="0"/>
    <Peak1D F1="8.138766" intensity="9.653525e-001" type="0"/>
    <Peak1D F1="8.133382" intensity="1.107276e+000" type="0"/>
    <Peak1D F1="8.127784" intensity="1.020803e+000" type="0"/>
    <Peak1D F1="8.122453" intensity="8.186361e-001" type="0"/>
    <Peak1D F1="8.117098" intensity="9.280354e-001" type="0"/>
    <Peak1D F1="8.110900" intensity="7.046396e-001" type="0"/>
    <Peak1D F1="8.105964" intensity="6.439900e-001" type="0"/>
    <Peak1D F1="8.083407" intensity="5.425812e-002" type="0"/>
    <Peak1D F1="8.071783" intensity="2.890859e-002" type="0"/>
    <Peak1D F1="8.064473" intensity="2.969952e-002" type="0"/>
    <Peak1D F1="8.059616" intensity="3.148517e-002" type="0"/>
    <Peak1D F1="8.055457" intensity="2.992856e-002" type="0"/>
    <Peak1D F1="8.036976" intensity="7.506070e-002" type="0"/>
    <Peak1D F1="8.031927" intensity="3.280815e-001" type="0"/>
    <Peak1D F1="8.026784" intensity="2.963578e-001" type="0"/>
    <Peak1D F1="8.021668" intensity="5.992389e-001" type="0"/>
    <Peak1D F1="8.014869" intensity="5.725058e-001" type="0"/>
    <Peak1D F1="8.009859" intensity="4.438160e-001" type="0"/>
    <Peak1D F1="8.004466" intensity="3.098308e-001" type="0"/>
    <Peak1D F1="7.999542" intensity="5.270230e-001" type="0"/>
    <Peak1D F1="7.992955" intensity="3.481432e-001" type="0"/>
    <Peak1D F1="7.976705" intensity="9.375460e-003" type="0"/>
    <Peak1D F1="7.964449" intensity="1.038955e-002" type="0"/>
    <Peak1D F1="7.959534" intensity="8.865600e-003" type="0"/>
    <Peak1D F1="7.942159" intensity="7.770865e-003" type="0"/>
    <Peak1D F1="7.923804" intensity="5.955462e-003" type="0"/>
    <Peak1D F1="7.901946" intensity="4.821282e-003" type="0"/>
    <Peak1D F1="7.810478" intensity="4.102448e-003" type="0"/>
    <Peak1D F1="7.787931" intensity="4.190765e-003" type="0"/>
    <Peak1D F1="7.687359" intensity="5.840294e-002" type="0"/>
    <Peak1D F1="7.636939" intensity="6.130251e-002" type="0"/>
    <Peak1D F1="7.615551" intensity="7.925862e-002" type="0"/>
    <Peak1D F1="7.600533" intensity="4.223421e-002" type="0"/>
    <Peak1D F1="7.592586" intensity="5.099171e-002" type="0"/>
    <Peak1D F1="7.570438" intensity="8.472377e-002" type="0"/>
    <Peak1D F1="7.562348" intensity="9.528064e-002" type="0"/>
    <Peak1D F1="7.555859" intensity="1.214453e-001" type="0"/>
    <Peak1D F1="7.552141" intensity="1.217955e-001" type="0"/>
    <Peak1D F1="7.534728" intensity="1.247835e-001" type="0"/>
    <Peak1D F1="7.529565" intensity="1.122938e-001" type="0"/>
    <Peak1D F1="7.517288" intensity="2.221987e-001" type="0"/>
    <Peak1D F1="7.509402" intensity="2.310694e-001" type="0"/>
    <Peak1D F1="7.495173" intensity="3.299480e-001" type="0"/>
    <Peak1D F1="7.489074" intensity="7.673103e-001" type="0"/>
    <Peak1D F1="7.484092" intensity="6.664305e-001" type="0"/>
    <Peak1D F1="7.478360" intensity="1.113095e+000" type="0"/>
    <Peak1D F1="7.472149" intensity="1.170728e+000" type="0"/>
    <Peak1D F1="7.468219" intensity="9.630098e-001" type="0"/>
    <Peak1D F1="7.467287" intensity="9.547197e-001" type="0"/>
    <Peak1D F1="7.457163" intensity="1.016309e+000" type="0"/>
    <Peak1D F1="7.450066" intensity="8.772614e-001" type="0"/>
    <Peak1D F1="7.428655" intensity="1.388249e-001" type="0"/>
    <Peak1D F1="7.404792" intensity="8.599367e-002" type="0"/>
    <Peak1D F1="7.382696" intensity="3.732278e-002" type="0"/>
    <Peak1D F1="7.374497" intensity="4.261851e-002" type="0"/>
    <Peak1D F1="7.361687" intensity="6.032454e-002" type="0"/>
    <Peak1D F1="7.354731" intensity="5.372013e-002" type="0"/>
    <Peak1D F1="7.342652" intensity="6.763718e-002" type="0"/>
    <Peak1D F1="7.330131" intensity="5.230503e-002" type="0"/>
    <Peak1D F1="7.322279" intensity="5.191190e-002" type="0"/>
    <Peak1D F1="7.308751" intensity="5.157334e-002" type="0"/>
    <Peak1D F1="7.277050" intensity="3.113621e-001" type="0"/>
    <Peak1D F1="7.260280" intensity="1.240836e-001" type="0"/>
    <Peak1D F1="7.227994" intensity="1.332113e+001" type="0"/>
    <Peak1D F1="7.176907" intensity="2.312968e-001" type="0"/>
    <Peak1D F1="7.159743" intensity="2.653622e-002" type="0"/>
    <Peak1D F1="7.138288" intensity="3.682947e-002" type="0"/>
    <Peak1D F1="7.122046" intensity="3.290005e-002" type="0"/>
    <Peak1D F1="7.077824" intensity="2.953547e-002" type="0"/>
    <Peak1D F1="7.057313" intensity="5.328136e-002" type="0"/>
    <Peak1D F1="7.034761" intensity="5.658847e-002" type="0"/>
    <Peak1D F1="6.977674" intensity="7.445306e-003" type="0"/>
    <Peak1D F1="6.963335" intensity="7.197905e-002" type="0"/>
    <Peak1D F1="6.201401" intensity="6.408709e-003" type="0"/>
    <Peak1D F1="6.123971" intensity="5.393682e-003" type="0"/>
    <Peak1D F1="6.112576" intensity="8.985978e-003" type="0"/>
    <Peak1D F1="6.104135" intensity="1.058063e-002" type="0"/>
    <Peak1D F1="6.092002" intensity="1.141286e-002" type="0"/>
    <Peak1D F1="6.085244" intensity="1.046043e-002" type="0"/>
    <Peak1D F1="6.068057" intensity="3.039384e-002" type="0"/>
    <Peak1D F1="6.053684" intensity="4.097263e-002" type="0"/>
    <Peak1D F1="6.042676" intensity="3.497152e-002" type="0"/>
    <Peak1D F1="6.018166" intensity="9.206877e-001" type="0"/>
    <Peak1D F1="6.003304" intensity="1.402525e+000" type="0"/>
    <Peak1D F1="5.998378" intensity="6.768184e-001" type="0"/>
    <Peak1D F1="5.995607" intensity="7.659657e-001" type="0"/>
    <Peak1D F1="5.992745" intensity="1.098352e+000" type="0"/>
    <Peak1D F1="5.968311" intensity="3.336189e-002" type="0"/>
    <Peak1D F1="5.953307" intensity="3.201558e-002" type="0"/>
    <Peak1D F1="5.942562" intensity="3.976590e-002" type="0"/>
    <Peak1D F1="5.856242" intensity="2.188842e-003" type="0"/>
    <Peak1D F1="5.823776" intensity="3.990970e-002" type="0"/>
    <Peak1D F1="5.796049" intensity="6.798837e-003" type="0"/>
    <Peak1D F1="5.778648" intensity="1.007582e-002" type="0"/>
    <Peak1D F1="5.740752" intensity="3.253007e-003" type="0"/>
    <Peak1D F1="5.707891" intensity="3.984573e-003" type="0"/>
    <Peak1D F1="5.697927" intensity="4.066805e-003" type="0"/>
    <Peak1D F1="5.683321" intensity="3.703043e-003" type="0"/>
    <Peak1D F1="5.653478" intensity="2.690363e-002" type="0"/>
    <Peak1D F1="5.626749" intensity="2.733501e-002" type="0"/>
    <Peak1D F1="5.582440" intensity="3.999922e-003" type="0"/>
    <Peak1D F1="5.570140" intensity="3.867317e-003" type="0"/>
    <Peak1D F1="5.560490" intensity="4.089724e-003" type="0"/>
    <Peak1D F1="5.527118" intensity="3.041118e-003" type="0"/>
    <Peak1D F1="5.499400" intensity="6.279285e-003" type="0"/>
    <Peak1D F1="5.462286" intensity="5.723039e-002" type="0"/>
    <Peak1D F1="5.409832" intensity="4.705108e-003" type="0"/>
    <Peak1D F1="5.375184" intensity="6.519638e-003" type="0"/>
    <Peak1D F1="5.341378" intensity="8.242434e-002" type="0"/>
    <Peak1D F1="5.334134" intensity="1.012529e-001" type="0"/>
    <Peak1D F1="5.299865" intensity="4.109554e-003" type="0"/>
    <Peak1D F1="5.150536" intensity="1.727833e-003" type="0"/>
    <Peak1D F1="5.016203" intensity="2.966036e-003" type="0"/>
    <Peak1D F1="4.995286" intensity="7.104917e-003" type="0"/>
    <Peak1D F1="4.974197" intensity="8.068400e-003" type="0"/>
    <Peak1D F1="4.924056" intensity="1.454408e-002" type="0"/>
    <Peak1D F1="4.901906" intensity="2.032470e-002" type="0"/>
    <Peak1D F1="4.881916" intensity="2.457153e-002" type="0"/>
    <Peak1D F1="4.866918" intensity="3.996676e-002" type="0"/>
    <Peak1D F1="4.843832" intensity="3.799705e-002" type="0"/>
    <Peak1D F1="4.816333" intensity="8.910478e-001" type="0"/>
    <Peak1D F1="4.794312" intensity="9.203342e-001" type="0"/>
    <Peak1D F1="4.766072" intensity="3.847961e-002" type="0"/>
    <Peak1D F1="4.743802" intensity="3.863515e-002" type="0"/>
    <Peak1D F1="4.691185" intensity="2.941676e-002" type="0"/>
    <Peak1D F1="4.671828" intensity="2.939679e-002" type="0"/>
    <Peak1D F1="4.632756" intensity="2.954705e-002" type="0"/>
    <Peak1D F1="4.610823" intensity="2.663453e-002" type="0"/>
    <Peak1D F1="4.520154" intensity="1.445855e-002" type="0"/>
    <Peak1D F1="4.483433" intensity="1.087018e-002" type="0"/>
    <Peak1D F1="4.463339" intensity="9.662480e-003" type="0"/>
    <Peak1D F1="4.393688" intensity="6.772345e-003" type="0"/>
    <Peak1D F1="4.379461" intensity="6.149542e-003" type="0"/>
    <Peak1D F1="4.346841" intensity="5.163588e-003" type="0"/>
    <Peak1D F1="4.269914" intensity="3.370731e-003" type="0"/>
    <Peak1D F1="4.209984" intensity="2.817334e-003" type="0"/>
    <Peak1D F1="4.195216" intensity="1.961761e-003" type="0"/>
    <Peak1D F1="4.163739" intensity="1.841648e-003" type="0"/>
    <Peak1D F1="4.145853" intensity="1.803808e-003" type="0"/>
    <Peak1D F1="4.006719" intensity="1.752456e-003" type="0"/>
    <Peak1D F1="3.880374" intensity="1.859118e-002" type="0"/>
    <Peak1D F1="3.866173" intensity="2.417942e-002" type="0"/>
    <Peak1D F1="3.856308" intensity="2.030705e-002" type="0"/>
    <Peak1D F1="3.813354" intensity="1.666273e-002" type="0"/>
    <Peak1D F1="3.799485" intensity="2.015463e-002" type="0"/>
    <Peak1D F1="3.789482" intensity="1.696216e-002" type="0"/>
    <Peak1D F1="3.752688" intensity="9.260134e-002" type="0"/>
    <Peak1D F1="3.746009" intensity="4.793110e-002" type="0"/>
    <Peak1D F1="3.738925" intensity="9.071666e-002" type="0"/>
    <Peak1D F1="3.733649" intensity="6.478238e-002" type="0"/>
    <Peak1D F1="3.728722" intensity="1.085920e-001" type="0"/>
    <Peak1D F1="3.702801" intensity="2.981841e+000" type="0"/>
    <Peak1D F1="3.688796" intensity="4.572514e+000" type="0"/>
    <Peak1D F1="3.683844" intensity="2.223982e+000" type="0"/>
    <Peak1D F1="3.681396" intensity="2.492919e+000" type="0"/>
    <Peak1D F1="3.678836" intensity="3.586868e+000" type="0"/>
    <Peak1D F1="3.652898" intensity="1.133121e-001" type="0"/>
    <Peak1D F1="3.645239" intensity="3.907386e-002" type="0"/>
    <Peak1D F1="3.638881" intensity="5.397831e-002" type="0"/>
    <Peak1D F1="3.634424" intensity="4.397605e-002" type="0"/>
    <Peak1D F1="3.628687" intensity="7.730320e-002" type="0"/>
    <Peak1D F1="3.601439" intensity="6.899238e-003" type="0"/>
    <Peak1D F1="3.565267" intensity="4.849706e-003" type="0"/>
    <Peak1D F1="3.520638" intensity="1.844048e-002" type="0"/>
    <Peak1D F1="3.506522" intensity="2.706910e-002" type="0"/>
    <Peak1D F1="3.496748" intensity="2.893628e-002" type="0"/>
    <Peak1D F1="3.484853" intensity="1.732729e-002" type="0"/>
    <Peak1D F1="3.476462" intensity="1.306696e-002" type="0"/>
    <Peak1D F1="3.460551" intensity="9.141859e-003" type="0"/>
    <Peak1D F1="3.409756" intensity="1.132064e-001" type="0"/>
    <Peak1D F1="3.391098" intensity="1.713288e-001" type="0"/>
    <Peak1D F1="3.378815" intensity="1.290123e-001" type="0"/>
    <Peak1D F1="3.341638" intensity="6.698458e-003" type="0"/>
    <Peak1D F1="3.329949" intensity="5.432047e-003" type="0"/>
    <Peak1D F1="3.315681" intensity="3.243417e-003" type="0"/>
    <Peak1D F1="3.286924" intensity="6.234436e-003" type="0"/>
    <Peak1D F1="3.275352" intensity="8.991414e-003" type="0"/>
    <Peak1D F1="3.267241" intensity="6.875560e-003" type="0"/>
    <Peak1D F1="3.210653" intensity="2.800073e-003" type="0"/>
    <Peak1D F1="3.197148" intensity="2.286541e-003" type="0"/>
    <Peak1D F1="3.141751" intensity="2.813210e-003" type="0"/>
    <Peak1D F1="3.122149" intensity="2.123868e-003" type="0"/>
    <Peak1D F1="3.045374" intensity="2.189853e-003" type="0"/>
    <Peak1D F1="3.035304" intensity="2.189693e-003" type="0"/>
    <Peak1D F1="3.010032" intensity="2.354431e-003" type="0"/>
    <Peak1D F1="2.953089" intensity="5.813990e-003" type="0"/>
    <Peak1D F1="2.935020" intensity="6.429525e-003" type="0"/>
    <Peak1D F1="2.877686" intensity="3.723928e-003" type="0"/>
    <Peak1D F1="2.859382" intensity="4.534234e-003" type="0"/>
    <Peak1D F1="2.843979" intensity="4.878057e-003" type="0"/>
    <Peak1D F1="2.833230" intensity="4.924510e-003" type="0"/>
    <Peak1D F1="2.786316" intensity="2.462700e-002" type="0"/>
    <Peak1D F1="2.766757" intensity="2.196986e-002" type="0"/>
    <Peak1D F1="2.740206" intensity="1.008540e-002" type="0"/>
    <Peak1D F1="2.703046" intensity="6.199147e-003" type="0"/>
    <Peak1D F1="2.679568" intensity="5.966017e-003" type="0"/>
    <Peak1D F1="2.648480" intensity="6.832022e-003" type="0"/>
    <Peak1D F1="2.628317" intensity="8.157600e-003" type="0"/>
    <Peak1D F1="2.544094" intensity="3.880808e-002" type="0"/>
    <Peak1D F1="2.491163" intensity="1.551672e-002" type="0"/>
    <Peak1D F1="2.399173" intensity="1.886052e-001" type="0"/>
    <Peak1D F1="2.372519" intensity="3.465928e-001" type="0"/>
    <Peak1D F1="2.353092" intensity="5.650245e-001" type="0"/>
    <Peak1D F1="2.331682" intensity="4.146091e-001" type="0"/>
    <Peak1D F1="2.322193" intensity="4.434155e-001" type="0"/>
    <Peak1D F1="2.301560" intensity="2.223958e-001" type="0"/>
    <Peak1D F1="2.278374" intensity="8.620562e-002" type="0"/>
    <Peak1D F1="2.258983" intensity="1.146173e-001" type="0"/>
    <Peak1D F1="2.241791" intensity="1.504659e-001" type="0"/>
    <Peak1D F1="2.215183" intensity="2.003085e-001" type="0"/>
    <Peak1D F1="2.208835" intensity="1.974240e-001" type="0"/>
    <Peak1D F1="2.199839" intensity="2.348785e-001" type="0"/>
    <Peak1D F1="2.193448" intensity="2.934163e-001" type="0"/>
    <Peak1D F1="2.186773" intensity="2.757424e-001" type="0"/>
    <Peak1D F1="2.173237" intensity="3.083774e-001" type="0"/>
    <Peak1D F1="2.166489" intensity="3.317403e-001" type="0"/>
    <Peak1D F1="2.160437" intensity="3.544788e-001" type="0"/>
    <Peak1D F1="2.147207" intensity="5.088853e-001" type="0"/>
    <Peak1D F1="2.144855" intensity="5.148146e-001" type="0"/>
    <Peak1D F1="2.118307" intensity="2.514535e+000" type="0"/>
    <Peak1D F1="2.116059" intensity="2.643548e+000" type="0"/>
    <Peak1D F1="2.098749" intensity="1.002002e+001" type="0"/>
    <Peak1D F1="2.097222" intensity="9.978314e+000" type="0"/>
    <Peak1D F1="2.095315" intensity="9.775223e+000" type="0"/>
    <Peak1D F1="2.092033" intensity="9.471326e+000" type="0"/>
    <Peak1D F1="2.084980" intensity="1.315464e+001" type="0"/>
    <Peak1D F1="2.080862" intensity="1.233074e+001" type="0"/>
    <Peak1D F1="2.075802" intensity="1.174744e+001" type="0"/>
    <Peak1D F1="2.068311" intensity="7.286027e+000" type="0"/>
    <Peak1D F1="2.066797" intensity="7.337583e+000" type="0"/>
    <Peak1D F1="2.058518" intensity="4.585281e+000" type="0"/>
    <Peak1D F1="2.031563" intensity="5.558710e-001" type="0"/>
    <Peak1D F1="2.006735" intensity="2.137712e-001" type="0"/>
    <Peak1D F1="1.964688" intensity="3.512833e-001" type="0"/>
    <Peak1D F1="1.946691" intensity="7.338081e-001" type="0"/>
    <Peak1D F1="1.932155" intensity="1.127546e+000" type="0"/>
    <Peak1D F1="1.926524" intensity="1.451949e+000" type="0"/>
    <Peak1D F1="1.916600" intensity="4.061326e+000" type="0"/>
    <Peak1D F1="1.905005" intensity="8.216318e+000" type="0"/>
    <Peak1D F1="1.897053" intensity="1.332296e+001" type="0"/>
    <Peak1D F1="1.885478" intensity="1.500000e+001" type="0"/>
    <Peak1D F1="1.877005" intensity="1.291896e+001" type="0"/>
    <Peak1D F1="1.867801" intensity="6.288084e+000" type="0"/>
    <Peak1D F1="1.859112" intensity="3.155954e+000" type="0"/>
    <Peak1D F1="1.847820" intensity="9.297399e-001" type="0"/>
    <Peak1D F1="1.827126" intensity="4.106963e-001" type="0"/>
    <Peak1D F1="1.809098" intensity="1.751933e-001" type="0"/>
    <Peak1D F1="1.766459" intensity="9.572103e-002" type="0"/>
    <Peak1D F1="1.746480" intensity="1.226173e-001" type="0"/>
    <Peak1D F1="1.724707" intensity="1.868897e-001" type="0"/>
    <Peak1D F1="1.715646" intensity="2.694063e-001" type="0"/>
    <Peak1D F1="1.709801" intensity="3.248924e-001" type="0"/>
    <Peak1D F1="1.696695" intensity="4.885006e-001" type="0"/>
    <Peak1D F1="1.686604" intensity="4.865741e-001" type="0"/>
    <Peak1D F1="1.676325" intensity="6.867766e-001" type="0"/>
    <Peak1D F1="1.672339" intensity="6.685404e-001" type="0"/>
    <Peak1D F1="1.659646" intensity="5.127485e-001" type="0"/>
    <Peak1D F1="1.655678" intensity="5.262503e-001" type="0"/>
    <Peak1D F1="1.652112" intensity="4.981809e-001" type="0"/>
    <Peak1D F1="1.640617" intensity="3.499141e-001" type="0"/>
    <Peak1D F1="1.612755" intensity="1.490439e-001" type="0"/>
    <Peak1D F1="1.564487" intensity="6.681366e-002" type="0"/>
    <Peak1D F1="1.549445" intensity="1.045376e-001" type="0"/>
    <Peak1D F1="1.541967" intensity="1.238715e-001" type="0"/>
    <Peak1D F1="1.535550" intensity="1.503647e-001" type="0"/>
    <Peak1D F1="1.525837" intensity="1.831264e-001" type="0"/>
    <Peak1D F1="1.520964" intensity="1.880587e-001" type="0"/>
    <Peak1D F1="1.507486" intensity="2.570502e-001" type="0"/>
    <Peak1D F1="1.490312" intensity="2.688569e-001" type="0"/>
    <Peak1D F1="1.477331" intensity="2.153137e-001" type="0"/>
    <Peak1D F1="1.457596" intensity="1.713301e-001" type="0"/>
    <Peak1D F1="1.441749" intensity="7.496810e-002" type="0"/>
    <Peak1D F1="1.431082" intensity="5.748592e-002" type="0"/>
    <Peak1D F1="1.392752" intensity="3.217081e-002" type="0"/>
    <Peak1D F1="1.370773" intensity="2.956194e-002" type="0"/>
    <Peak1D F1="1.180061" intensity="4.903612e-002" type="0"/>
    <Peak1D F1="1.082877" intensity="7.296300e-003" type="0"/>
    <Peak1D F1="1.041851" intensity="6.647895e-003" type="0"/>
    <Peak1D F1="1.009759" intensity="6.346069e-003" type="0"/>
    <Peak1D F1="0.976097" intensity="5.935747e-003" type="0"/>
    <Peak1D F1="0.968306" intensity="5.790407e-003" type="0"/>
    <Peak1D F1="0.942246" intensity="5.644701e-003" type="0"/>
    <Peak1D F1="0.801991" intensity="1.376590e-002" type="0"/>
    <Peak1D F1="0.791817" intensity="1.352229e-002" type="0"/>
    <Peak1D F1="0.783170" intensity="1.293443e-002" type="0"/>
    <Peak1D F1="0.774345" intensity="1.366487e-002" type="0"/>
    <Peak1D F1="0.741679" intensity="8.027838e-003" type="0"/>
    <Peak1D F1="0.698050" intensity="3.838971e-003" type="0"/>
    <Peak1D F1="0.676914" intensity="3.170824e-003" type="0"/>
    <Peak1D F1="0.653129" intensity="3.124226e-003" type="0"/>
    <Peak1D F1="0.604550" intensity="2.298146e-003" type="0"/>
    <Peak1D F1="0.591683" intensity="2.295172e-003" type="0"/>
    <Peak1D F1="0.574091" intensity="2.520597e-003" type="0"/>
    <Peak1D F1="0.556634" intensity="2.153719e-003" type="0"/>
    <Peak1D F1="0.502507" intensity="2.190450e-003" type="0"/>
    <Peak1D F1="0.470746" intensity="1.940490e-003" type="0"/>
    <Peak1D F1="0.456931" intensity="1.935311e-003" type="0"/>
    <Peak1D F1="0.404101" intensity="1.794950e-003" type="0"/>
    <Peak1D F1="0.049381" intensity="2.379457e-003" type="0"/>
    <Peak1D F1="0.042776" intensity="2.211620e-003" type="0"/>
    <Peak1D F1="0.010155" intensity="6.398775e-002" type="0"/>
    <Peak1D F1="-0.000154" intensity="9.007885e-002" type="0"/>
    <Peak1D F1="-0.006822" intensity="5.941974e-002" type="0"/>
    <Peak1D F1="-0.040131" intensity="2.150046e-003" type="0"/>
    <Peak1D F1="-0.057527" intensity="2.578695e-003" type="0"/>
    <Peak1D F1="-3.047341" intensity="1.684723e-003" type="0"/>
    <Peak1D F1="-3.075572" intensity="1.851511e-003" type="0"/>
    <Peak1D F1="-3.208544" intensity="1.781552e-003" type="0"/>
    <Peak1D F1="-3.397439" intensity="1.686886e-003" type="0"/>
    <Peak1D F1="-3.589508" intensity="1.795400e-003" type="0"/>
    <Peak1D F1="-3.607278" intensity="1.781638e-003" type="0"/>
    <Peak1D F1="-3.620080" intensity="1.711478e-003" type="0"/>
    <Peak1D F1="-3.626877" intensity="1.906909e-003" type="0"/>
    <Peak1D F1="-3.713276" intensity="1.858777e-003" type="0"/>
    <Peak1D F1="-3.781812" intensity="1.914348e-003" type="0"/>
  </PeakList1D>
</PeakList>
