<?xml version="1.0" encoding="UTF-8"?>
<PeakList>
  <PeakList1D>
    <PeakList1DHeader creator="nmr" date="2021-08-11T22:21:00.985+03:00" expNo="20" name="ID-427-L-11.8.21" owner="" procNo="1" source="//132.72.8.180/400b/Milo/Milo">
      <PeakPickDetails>F1=16.124081ppm, F2=-3.904965ppm, MI=0.00cm, MAXI=10000.00cm, PC=1.000
      </PeakPickDetails>
    </PeakList1DHeader>
    <Peak1D F1="10.085510" intensity="3.638624e-003" type="0"/>
    <Peak1D F1="8.469471" intensity="9.851445e-004" type="0"/>
    <Peak1D F1="8.395947" intensity="1.864143e-003" type="0"/>
    <Peak1D F1="8.375818" intensity="1.720130e-003" type="0"/>
    <Peak1D F1="8.344552" intensity="8.329327e-003" type="0"/>
    <Peak1D F1="8.330468" intensity="1.104852e-002" type="0"/>
    <Peak1D F1="8.309168" intensity="6.169992e-003" type="0"/>
    <Peak1D F1="8.256461" intensity="1.705991e-002" type="0"/>
    <Peak1D F1="8.230588" intensity="1.106367e-001" type="0"/>
    <Peak1D F1="8.227656" intensity="1.094341e-001" type="0"/>
    <Peak1D F1="8.208857" intensity="2.023604e-001" type="0"/>
    <Peak1D F1="8.190037" intensity="1.620581e-001" type="0"/>
    <Peak1D F1="8.175793" intensity="8.674399e-002" type="0"/>
    <Peak1D F1="8.165506" intensity="7.822238e-002" type="0"/>
    <Peak1D F1="8.160658" intensity="8.078986e-002" type="0"/>
    <Peak1D F1="8.141080" intensity="1.703869e+000" type="0"/>
    <Peak1D F1="8.132390" intensity="8.657418e-001" type="0"/>
    <Peak1D F1="8.123594" intensity="9.541511e-001" type="0"/>
    <Peak1D F1="8.119149" intensity="1.814558e+000" type="0"/>
    <Peak1D F1="8.110233" intensity="7.718810e-001" type="0"/>
    <Peak1D F1="8.091275" intensity="5.697369e-002" type="0"/>
    <Peak1D F1="8.087347" intensity="6.451884e-002" type="0"/>
    <Peak1D F1="8.069384" intensity="3.311956e-002" type="0"/>
    <Peak1D F1="8.060475" intensity="1.568807e-002" type="0"/>
    <Peak1D F1="8.031395" intensity="7.572598e-003" type="0"/>
    <Peak1D F1="8.019132" intensity="6.556144e-003" type="0"/>
    <Peak1D F1="7.997471" intensity="5.411189e-003" type="0"/>
    <Peak1D F1="7.977977" intensity="3.044973e-003" type="0"/>
    <Peak1D F1="7.966009" intensity="6.082662e-003" type="0"/>
    <Peak1D F1="7.926656" intensity="7.467492e-003" type="0"/>
    <Peak1D F1="7.910717" intensity="7.334581e-003" type="0"/>
    <Peak1D F1="7.903524" intensity="7.563127e-003" type="0"/>
    <Peak1D F1="7.837636" intensity="1.764207e-003" type="0"/>
    <Peak1D F1="7.813229" intensity="3.135338e-003" type="0"/>
    <Peak1D F1="7.790328" intensity="3.349280e-003" type="0"/>
    <Peak1D F1="7.761817" intensity="1.439392e-002" type="0"/>
    <Peak1D F1="7.722162" intensity="1.527129e-001" type="0"/>
    <Peak1D F1="7.711075" intensity="1.316052e-001" type="0"/>
    <Peak1D F1="7.676007" intensity="1.531773e-002" type="0"/>
    <Peak1D F1="7.652189" intensity="1.118909e-001" type="0"/>
    <Peak1D F1="7.630352" intensity="1.096307e-001" type="0"/>
    <Peak1D F1="7.604839" intensity="5.351483e-002" type="0"/>
    <Peak1D F1="7.594845" intensity="7.041325e-002" type="0"/>
    <Peak1D F1="7.573385" intensity="6.282087e-002" type="0"/>
    <Peak1D F1="7.562632" intensity="1.307970e-001" type="0"/>
    <Peak1D F1="7.540174" intensity="2.234881e-001" type="0"/>
    <Peak1D F1="7.523284" intensity="1.357804e-001" type="0"/>
    <Peak1D F1="7.504169" intensity="3.588076e-001" type="0"/>
    <Peak1D F1="7.494370" intensity="1.916912e-001" type="0"/>
    <Peak1D F1="7.481541" intensity="5.077787e-001" type="0"/>
    <Peak1D F1="7.476008" intensity="1.867685e+000" type="0"/>
    <Peak1D F1="7.468464" intensity="8.000004e-001" type="0"/>
    <Peak1D F1="7.467345" intensity="7.829328e-001" type="0"/>
    <Peak1D F1="7.454618" intensity="1.716913e+000" type="0"/>
    <Peak1D F1="7.446051" intensity="6.837121e-001" type="0"/>
    <Peak1D F1="7.425992" intensity="5.764564e-002" type="0"/>
    <Peak1D F1="7.404126" intensity="3.577830e-002" type="0"/>
    <Peak1D F1="7.394657" intensity="2.591419e-002" type="0"/>
    <Peak1D F1="7.371546" intensity="7.942404e-003" type="0"/>
    <Peak1D F1="7.341579" intensity="1.168842e-002" type="0"/>
    <Peak1D F1="7.329469" intensity="9.915750e-003" type="0"/>
    <Peak1D F1="7.311186" intensity="1.838670e-002" type="0"/>
    <Peak1D F1="7.273054" intensity="1.373077e-001" type="0"/>
    <Peak1D F1="7.268090" intensity="1.797188e-001" type="0"/>
    <Peak1D F1="7.262740" intensity="2.003268e-001" type="0"/>
    <Peak1D F1="7.250670" intensity="1.103815e-001" type="0"/>
    <Peak1D F1="7.218969" intensity="4.593962e+000" type="0"/>
    <Peak1D F1="7.204988" intensity="1.529731e-001" type="0"/>
    <Peak1D F1="7.202860" intensity="1.643795e-001" type="0"/>
    <Peak1D F1="7.192002" intensity="1.602722e-001" type="0"/>
    <Peak1D F1="7.189117" intensity="1.489719e-001" type="0"/>
    <Peak1D F1="7.168291" intensity="8.118515e-002" type="0"/>
    <Peak1D F1="7.150239" intensity="7.574666e-003" type="0"/>
    <Peak1D F1="7.130141" intensity="5.661977e-003" type="0"/>
    <Peak1D F1="7.110953" intensity="1.397470e-003" type="0"/>
    <Peak1D F1="7.087449" intensity="3.656813e-003" type="0"/>
    <Peak1D F1="7.069671" intensity="2.886640e-003" type="0"/>
    <Peak1D F1="7.012881" intensity="2.982091e-003" type="0"/>
    <Peak1D F1="6.994192" intensity="2.072859e-003" type="0"/>
    <Peak1D F1="6.974611" intensity="1.195958e-003" type="0"/>
    <Peak1D F1="6.954355" intensity="2.751817e-002" type="0"/>
    <Peak1D F1="6.632885" intensity="1.026577e-003" type="0"/>
    <Peak1D F1="6.611464" intensity="1.069833e-003" type="0"/>
    <Peak1D F1="6.590798" intensity="3.006494e-003" type="0"/>
    <Peak1D F1="6.579018" intensity="1.721940e-003" type="0"/>
    <Peak1D F1="6.317477" intensity="2.652626e-003" type="0"/>
    <Peak1D F1="6.204640" intensity="8.338911e-003" type="0"/>
    <Peak1D F1="6.113307" intensity="1.688753e-002" type="0"/>
    <Peak1D F1="6.099611" intensity="9.031679e-003" type="0"/>
    <Peak1D F1="6.056411" intensity="7.791136e-002" type="0"/>
    <Peak1D F1="6.006291" intensity="3.297480e+000" type="0"/>
    <Peak1D F1="5.962371" intensity="2.487267e-002" type="0"/>
    <Peak1D F1="5.956314" intensity="5.612224e-002" type="0"/>
    <Peak1D F1="5.953838" intensity="4.770578e-002" type="0"/>
    <Peak1D F1="5.931520" intensity="4.632297e-003" type="0"/>
    <Peak1D F1="5.822539" intensity="4.854130e-002" type="0"/>
    <Peak1D F1="5.815088" intensity="4.832929e-002" type="0"/>
    <Peak1D F1="5.804688" intensity="9.687978e-003" type="0"/>
    <Peak1D F1="5.772573" intensity="1.714595e-002" type="0"/>
    <Peak1D F1="5.764421" intensity="1.788873e-002" type="0"/>
    <Peak1D F1="5.732053" intensity="1.416862e-003" type="0"/>
    <Peak1D F1="5.693154" intensity="3.121940e-003" type="0"/>
    <Peak1D F1="5.679478" intensity="4.640896e-003" type="0"/>
    <Peak1D F1="5.663744" intensity="5.118590e-002" type="0"/>
    <Peak1D F1="5.636847" intensity="5.274207e-002" type="0"/>
    <Peak1D F1="5.602798" intensity="7.019712e-003" type="0"/>
    <Peak1D F1="5.586915" intensity="4.015929e-003" type="0"/>
    <Peak1D F1="5.575221" intensity="7.350822e-003" type="0"/>
    <Peak1D F1="5.502348" intensity="1.731448e-002" type="0"/>
    <Peak1D F1="5.463827" intensity="9.858598e-002" type="0"/>
    <Peak1D F1="5.441365" intensity="2.448367e-002" type="0"/>
    <Peak1D F1="5.390100" intensity="3.149173e-002" type="0"/>
    <Peak1D F1="5.339372" intensity="2.411844e-001" type="0"/>
    <Peak1D F1="5.335067" intensity="2.424482e-001" type="0"/>
    <Peak1D F1="5.280600" intensity="8.212246e-003" type="0"/>
    <Peak1D F1="5.214424" intensity="1.976221e-003" type="0"/>
    <Peak1D F1="5.135754" intensity="2.829311e-003" type="0"/>
    <Peak1D F1="5.118156" intensity="2.583849e-003" type="0"/>
    <Peak1D F1="4.988034" intensity="5.173807e-003" type="0"/>
    <Peak1D F1="4.965714" intensity="5.409773e-003" type="0"/>
    <Peak1D F1="4.914770" intensity="1.206366e-002" type="0"/>
    <Peak1D F1="4.893919" intensity="2.345568e-002" type="0"/>
    <Peak1D F1="4.882426" intensity="1.572789e-002" type="0"/>
    <Peak1D F1="4.874866" intensity="1.676940e-002" type="0"/>
    <Peak1D F1="4.859375" intensity="3.800892e-002" type="0"/>
    <Peak1D F1="4.850040" intensity="2.806539e-002" type="0"/>
    <Peak1D F1="4.836685" intensity="3.599826e-002" type="0"/>
    <Peak1D F1="4.809202" intensity="1.043590e+000" type="0"/>
    <Peak1D F1="4.786970" intensity="1.055456e+000" type="0"/>
    <Peak1D F1="4.758783" intensity="3.943545e-002" type="0"/>
    <Peak1D F1="4.736371" intensity="5.595538e-002" type="0"/>
    <Peak1D F1="4.697487" intensity="3.221326e-001" type="0"/>
    <Peak1D F1="4.626142" intensity="1.702743e-002" type="0"/>
    <Peak1D F1="4.603230" intensity="1.184942e-002" type="0"/>
    <Peak1D F1="4.580592" intensity="4.452485e-003" type="0"/>
    <Peak1D F1="4.528729" intensity="2.571309e-003" type="0"/>
    <Peak1D F1="4.510994" intensity="2.187885e-003" type="0"/>
    <Peak1D F1="4.267589" intensity="1.612976e-003" type="0"/>
    <Peak1D F1="3.979487" intensity="3.355657e-003" type="0"/>
    <Peak1D F1="3.917649" intensity="6.822300e-003" type="0"/>
    <Peak1D F1="3.906388" intensity="6.682275e-003" type="0"/>
    <Peak1D F1="3.867883" intensity="5.690200e-002" type="0"/>
    <Peak1D F1="3.837987" intensity="1.033707e-002" type="0"/>
    <Peak1D F1="3.809163" intensity="9.624171e-003" type="0"/>
    <Peak1D F1="3.801055" intensity="3.651967e-002" type="0"/>
    <Peak1D F1="3.787620" intensity="9.349626e-003" type="0"/>
    <Peak1D F1="3.740447" intensity="1.771026e-001" type="0"/>
    <Peak1D F1="3.690459" intensity="9.877110e+000" type="0"/>
    <Peak1D F1="3.640505" intensity="1.606332e-001" type="0"/>
    <Peak1D F1="3.620494" intensity="4.266823e-003" type="0"/>
    <Peak1D F1="3.604355" intensity="3.038019e-003" type="0"/>
    <Peak1D F1="3.591785" intensity="2.718689e-003" type="0"/>
    <Peak1D F1="3.557433" intensity="2.431276e-003" type="0"/>
    <Peak1D F1="3.508204" intensity="5.407940e-002" type="0"/>
    <Peak1D F1="3.493610" intensity="2.795595e-003" type="0"/>
    <Peak1D F1="3.459368" intensity="2.041030e-003" type="0"/>
    <Peak1D F1="3.391910" intensity="2.213798e-003" type="0"/>
    <Peak1D F1="3.346833" intensity="1.853223e-003" type="0"/>
    <Peak1D F1="3.334569" intensity="1.864477e-003" type="0"/>
    <Peak1D F1="3.316061" intensity="2.182999e-003" type="0"/>
    <Peak1D F1="3.306878" intensity="2.226178e-003" type="0"/>
    <Peak1D F1="3.285779" intensity="3.221150e-003" type="0"/>
    <Peak1D F1="3.144603" intensity="3.759248e-002" type="0"/>
    <Peak1D F1="3.015298" intensity="3.464084e-003" type="0"/>
    <Peak1D F1="2.993062" intensity="2.784691e-003" type="0"/>
    <Peak1D F1="2.970044" intensity="5.139378e-003" type="0"/>
    <Peak1D F1="2.957118" intensity="7.337741e-003" type="0"/>
    <Peak1D F1="2.950202" intensity="9.331871e-003" type="0"/>
    <Peak1D F1="2.939545" intensity="1.051399e-002" type="0"/>
    <Peak1D F1="2.932014" intensity="9.621301e-003" type="0"/>
    <Peak1D F1="2.921597" intensity="7.992896e-003" type="0"/>
    <Peak1D F1="2.902746" intensity="3.797795e-003" type="0"/>
    <Peak1D F1="2.854137" intensity="1.483219e-003" type="0"/>
    <Peak1D F1="2.832595" intensity="5.283539e-003" type="0"/>
    <Peak1D F1="2.823796" intensity="5.645297e-003" type="0"/>
    <Peak1D F1="2.802895" intensity="1.103955e-002" type="0"/>
    <Peak1D F1="2.795168" intensity="1.111681e-002" type="0"/>
    <Peak1D F1="2.780571" intensity="2.248484e-002" type="0"/>
    <Peak1D F1="2.772311" intensity="2.280118e-002" type="0"/>
    <Peak1D F1="2.759181" intensity="2.717884e-002" type="0"/>
    <Peak1D F1="2.752717" intensity="2.903394e-002" type="0"/>
    <Peak1D F1="2.735622" intensity="2.079522e-002" type="0"/>
    <Peak1D F1="2.725904" intensity="1.530095e-002" type="0"/>
    <Peak1D F1="2.709462" intensity="8.514249e-003" type="0"/>
    <Peak1D F1="2.692844" intensity="7.423749e-003" type="0"/>
    <Peak1D F1="2.682289" intensity="5.414010e-003" type="0"/>
    <Peak1D F1="2.670975" intensity="6.828485e-003" type="0"/>
    <Peak1D F1="2.662623" intensity="4.737937e-003" type="0"/>
    <Peak1D F1="2.649777" intensity="5.689578e-003" type="0"/>
    <Peak1D F1="2.640914" intensity="8.548038e-003" type="0"/>
    <Peak1D F1="2.620018" intensity="8.896086e-003" type="0"/>
    <Peak1D F1="2.595085" intensity="7.280586e-003" type="0"/>
    <Peak1D F1="2.543500" intensity="3.708414e-002" type="0"/>
    <Peak1D F1="2.512900" intensity="2.233234e-002" type="0"/>
    <Peak1D F1="2.491735" intensity="2.355673e-002" type="0"/>
    <Peak1D F1="2.483083" intensity="2.146818e-002" type="0"/>
    <Peak1D F1="2.459586" intensity="2.785754e-002" type="0"/>
    <Peak1D F1="2.451338" intensity="2.778751e-002" type="0"/>
    <Peak1D F1="2.411151" intensity="2.238081e-001" type="0"/>
    <Peak1D F1="2.405405" intensity="2.039177e-001" type="0"/>
    <Peak1D F1="2.403265" intensity="2.030691e-001" type="0"/>
    <Peak1D F1="2.394227" intensity="2.434239e-001" type="0"/>
    <Peak1D F1="2.390303" intensity="2.732020e-001" type="0"/>
    <Peak1D F1="2.385385" intensity="2.367779e-001" type="0"/>
    <Peak1D F1="2.365346" intensity="5.063993e-001" type="0"/>
    <Peak1D F1="2.357766" intensity="3.391151e-001" type="0"/>
    <Peak1D F1="2.343742" intensity="8.230291e-001" type="0"/>
    <Peak1D F1="2.325971" intensity="6.431151e-001" type="0"/>
    <Peak1D F1="2.314632" intensity="4.865015e-001" type="0"/>
    <Peak1D F1="2.296123" intensity="3.341137e-001" type="0"/>
    <Peak1D F1="2.286689" intensity="6.559534e-001" type="0"/>
    <Peak1D F1="2.265649" intensity="1.491483e-001" type="0"/>
    <Peak1D F1="2.245581" intensity="1.223315e-001" type="0"/>
    <Peak1D F1="2.227522" intensity="2.783301e-001" type="0"/>
    <Peak1D F1="2.212511" intensity="1.371888e-001" type="0"/>
    <Peak1D F1="2.203982" intensity="3.506358e-001" type="0"/>
    <Peak1D F1="2.200883" intensity="3.964867e-001" type="0"/>
    <Peak1D F1="2.178632" intensity="4.734729e-001" type="0"/>
    <Peak1D F1="2.174906" intensity="3.094367e-001" type="0"/>
    <Peak1D F1="2.156010" intensity="3.808419e-001" type="0"/>
    <Peak1D F1="2.152832" intensity="4.289056e-001" type="0"/>
    <Peak1D F1="2.132291" intensity="5.881469e-001" type="0"/>
    <Peak1D F1="2.130051" intensity="5.769372e-001" type="0"/>
    <Peak1D F1="2.125092" intensity="4.883939e-001" type="0"/>
    <Peak1D F1="2.105364" intensity="5.093750e+000" type="0"/>
    <Peak1D F1="2.103619" intensity="4.882015e+000" type="0"/>
    <Peak1D F1="2.097611" intensity="4.234467e+000" type="0"/>
    <Peak1D F1="2.085887" intensity="1.432648e+001" type="0"/>
    <Peak1D F1="2.074712" intensity="4.573135e+000" type="0"/>
    <Peak1D F1="2.067286" intensity="7.493700e+000" type="0"/>
    <Peak1D F1="2.051437" intensity="5.547636e-001" type="0"/>
    <Peak1D F1="2.042167" intensity="4.747797e-001" type="0"/>
    <Peak1D F1="2.039778" intensity="5.213890e-001" type="0"/>
    <Peak1D F1="2.037073" intensity="5.115154e-001" type="0"/>
    <Peak1D F1="2.016977" intensity="2.225327e-001" type="0"/>
    <Peak1D F1="1.993181" intensity="1.362182e-001" type="0"/>
    <Peak1D F1="1.967648" intensity="3.510149e-001" type="0"/>
    <Peak1D F1="1.964147" intensity="3.432188e-001" type="0"/>
    <Peak1D F1="1.951917" intensity="4.802633e-001" type="0"/>
    <Peak1D F1="1.945574" intensity="6.670349e-001" type="0"/>
    <Peak1D F1="1.933562" intensity="8.327426e-001" type="0"/>
    <Peak1D F1="1.919609" intensity="1.397809e+000" type="0"/>
    <Peak1D F1="1.916510" intensity="1.389037e+000" type="0"/>
    <Peak1D F1="1.914694" intensity="1.390986e+000" type="0"/>
    <Peak1D F1="1.904149" intensity="7.576440e+000" type="0"/>
    <Peak1D F1="1.893287" intensity="7.352822e+000" type="0"/>
    <Peak1D F1="1.884959" intensity="1.500000e+001" type="0"/>
    <Peak1D F1="1.875729" intensity="6.489971e+000" type="0"/>
    <Peak1D F1="1.874146" intensity="6.466667e+000" type="0"/>
    <Peak1D F1="1.865335" intensity="5.156091e+000" type="0"/>
    <Peak1D F1="1.853546" intensity="8.613208e-001" type="0"/>
    <Peak1D F1="1.843690" intensity="5.379005e-001" type="0"/>
    <Peak1D F1="1.835062" intensity="4.727758e-001" type="0"/>
    <Peak1D F1="1.825963" intensity="2.617244e-001" type="0"/>
    <Peak1D F1="1.815543" intensity="1.930306e-001" type="0"/>
    <Peak1D F1="1.803456" intensity="1.125826e-001" type="0"/>
    <Peak1D F1="1.774109" intensity="7.287477e-002" type="0"/>
    <Peak1D F1="1.753624" intensity="7.516014e-002" type="0"/>
    <Peak1D F1="1.737189" intensity="1.317608e-001" type="0"/>
    <Peak1D F1="1.723531" intensity="1.622799e-001" type="0"/>
    <Peak1D F1="1.717931" intensity="1.864211e-001" type="0"/>
    <Peak1D F1="1.709515" intensity="1.864568e-001" type="0"/>
    <Peak1D F1="1.696892" intensity="4.155646e-001" type="0"/>
    <Peak1D F1="1.693790" intensity="4.145622e-001" type="0"/>
    <Peak1D F1="1.685133" intensity="3.646944e-001" type="0"/>
    <Peak1D F1="1.674108" intensity="8.228438e-001" type="0"/>
    <Peak1D F1="1.666195" intensity="6.039236e-001" type="0"/>
    <Peak1D F1="1.658033" intensity="4.205323e-001" type="0"/>
    <Peak1D F1="1.653749" intensity="5.436075e-001" type="0"/>
    <Peak1D F1="1.648506" intensity="5.673417e-001" type="0"/>
    <Peak1D F1="1.645749" intensity="5.282547e-001" type="0"/>
    <Peak1D F1="1.638636" intensity="3.888310e-001" type="0"/>
    <Peak1D F1="1.629205" intensity="2.951944e-001" type="0"/>
    <Peak1D F1="1.615917" intensity="1.902777e-001" type="0"/>
    <Peak1D F1="1.612074" intensity="1.884937e-001" type="0"/>
    <Peak1D F1="1.589798" intensity="6.552019e-002" type="0"/>
    <Peak1D F1="1.578884" intensity="5.455928e-002" type="0"/>
    <Peak1D F1="1.566306" intensity="4.956997e-002" type="0"/>
    <Peak1D F1="1.538187" intensity="1.109369e-001" type="0"/>
    <Peak1D F1="1.530235" intensity="1.080756e-001" type="0"/>
    <Peak1D F1="1.521903" intensity="1.921194e-001" type="0"/>
    <Peak1D F1="1.503511" intensity="3.297160e-001" type="0"/>
    <Peak1D F1="1.486205" intensity="3.336931e-001" type="0"/>
    <Peak1D F1="1.473321" intensity="2.773261e-001" type="0"/>
    <Peak1D F1="1.456501" intensity="2.532731e-001" type="0"/>
    <Peak1D F1="1.438335" intensity="7.754531e-002" type="0"/>
    <Peak1D F1="1.429021" intensity="5.110592e-002" type="0"/>
    <Peak1D F1="1.425081" intensity="4.921671e-002" type="0"/>
    <Peak1D F1="1.381994" intensity="2.048816e-002" type="0"/>
    <Peak1D F1="1.364063" intensity="2.462849e-002" type="0"/>
    <Peak1D F1="1.345445" intensity="2.182956e-002" type="0"/>
    <Peak1D F1="1.335941" intensity="2.801785e-002" type="0"/>
    <Peak1D F1="1.313140" intensity="1.758574e-002" type="0"/>
    <Peak1D F1="1.302658" intensity="1.055269e-002" type="0"/>
    <Peak1D F1="1.290875" intensity="1.124467e-002" type="0"/>
    <Peak1D F1="1.282449" intensity="9.506862e-003" type="0"/>
    <Peak1D F1="1.227643" intensity="1.983300e-002" type="0"/>
    <Peak1D F1="1.179823" intensity="2.969841e-002" type="0"/>
    <Peak1D F1="1.160532" intensity="7.900521e-003" type="0"/>
    <Peak1D F1="1.147572" intensity="5.469683e-003" type="0"/>
    <Peak1D F1="1.136544" intensity="4.036977e-003" type="0"/>
    <Peak1D F1="1.086023" intensity="2.812798e-003" type="0"/>
    <Peak1D F1="1.072879" intensity="2.961118e-003" type="0"/>
    <Peak1D F1="1.038036" intensity="2.102768e-003" type="0"/>
    <Peak1D F1="1.020810" intensity="1.894273e-003" type="0"/>
    <Peak1D F1="0.965119" intensity="1.333164e-003" type="0"/>
    <Peak1D F1="0.946972" intensity="1.444221e-003" type="0"/>
    <Peak1D F1="0.927558" intensity="1.196488e-003" type="0"/>
    <Peak1D F1="0.880544" intensity="1.349751e-003" type="0"/>
    <Peak1D F1="0.818598" intensity="6.298744e-003" type="0"/>
    <Peak1D F1="0.802836" intensity="1.281839e-002" type="0"/>
    <Peak1D F1="0.785824" intensity="6.855538e-003" type="0"/>
    <Peak1D F1="0.667464" intensity="9.774516e-004" type="0"/>
    <Peak1D F1="0.649555" intensity="1.087094e-003" type="0"/>
    <Peak1D F1="0.049404" intensity="1.892326e-003" type="0"/>
    <Peak1D F1="-0.000158" intensity="1.035464e-001" type="0"/>
    <Peak1D F1="-0.027234" intensity="1.194831e-003" type="0"/>
    <Peak1D F1="-0.051323" intensity="1.709330e-003" type="0"/>
    <Peak1D F1="-2.615794" intensity="9.475898e-004" type="0"/>
  </PeakList1D>
</PeakList>
