<?xml version="1.0" encoding="UTF-8"?>
<PeakList>
  <PeakList1D>
    <PeakList1DHeader creator="nmr" date="2021-08-09T16:29:02.035+03:00" expNo="10" name="ID-428-D" owner="" procNo="1" source="//132.72.8.180/400b/Milo/Milo">
      <PeakPickDetails>F1=16.100090ppm, F2=-3.928955ppm, MI=0.00cm, MAXI=10000.00cm, PC=1.000
      </PeakPickDetails>
    </PeakList1DHeader>
    <Peak1D F1="13.867441" intensity="7.809391e-003" type="0"/>
    <Peak1D F1="10.314560" intensity="1.097150e-002" type="0"/>
    <Peak1D F1="10.174305" intensity="7.630479e-003" type="0"/>
    <Peak1D F1="10.144869" intensity="2.787581e-002" type="0"/>
    <Peak1D F1="10.126224" intensity="1.545548e-002" type="0"/>
    <Peak1D F1="10.094673" intensity="1.710290e+000" type="0"/>
    <Peak1D F1="10.063248" intensity="1.261969e-002" type="0"/>
    <Peak1D F1="10.045230" intensity="2.253765e-002" type="0"/>
    <Peak1D F1="9.867833" intensity="6.828591e-003" type="0"/>
    <Peak1D F1="8.393747" intensity="2.266244e-002" type="0"/>
    <Peak1D F1="8.371724" intensity="3.086574e-002" type="0"/>
    <Peak1D F1="8.342465" intensity="1.151204e+000" type="0"/>
    <Peak1D F1="8.320828" intensity="1.306742e+000" type="0"/>
    <Peak1D F1="8.292835" intensity="2.096394e-002" type="0"/>
    <Peak1D F1="8.270597" intensity="2.502125e-002" type="0"/>
    <Peak1D F1="8.257258" intensity="9.843142e-003" type="0"/>
    <Peak1D F1="8.246956" intensity="9.407208e-003" type="0"/>
    <Peak1D F1="8.223135" intensity="2.200413e-002" type="0"/>
    <Peak1D F1="8.204293" intensity="3.131307e-002" type="0"/>
    <Peak1D F1="8.188357" intensity="3.412324e-002" type="0"/>
    <Peak1D F1="8.159066" intensity="3.471940e-001" type="0"/>
    <Peak1D F1="8.154218" intensity="5.227361e-001" type="0"/>
    <Peak1D F1="8.137216" intensity="4.494727e-001" type="0"/>
    <Peak1D F1="8.132433" intensity="4.920687e-001" type="0"/>
    <Peak1D F1="8.117490" intensity="4.357011e-002" type="0"/>
    <Peak1D F1="8.104331" intensity="2.143790e-002" type="0"/>
    <Peak1D F1="8.083665" intensity="1.574617e-002" type="0"/>
    <Peak1D F1="8.070797" intensity="2.673186e-002" type="0"/>
    <Peak1D F1="8.049799" intensity="3.388272e-002" type="0"/>
    <Peak1D F1="8.020633" intensity="1.454153e+000" type="0"/>
    <Peak1D F1="8.016905" intensity="4.901181e-001" type="0"/>
    <Peak1D F1="7.999529" intensity="1.231765e+000" type="0"/>
    <Peak1D F1="7.970263" intensity="2.374059e-002" type="0"/>
    <Peak1D F1="7.949104" intensity="2.316112e-002" type="0"/>
    <Peak1D F1="7.915433" intensity="1.704331e-002" type="0"/>
    <Peak1D F1="7.810664" intensity="7.030452e-003" type="0"/>
    <Peak1D F1="7.792727" intensity="9.514717e-003" type="0"/>
    <Peak1D F1="7.669737" intensity="7.236323e-003" type="0"/>
    <Peak1D F1="7.648635" intensity="9.658234e-003" type="0"/>
    <Peak1D F1="7.609369" intensity="1.278029e-002" type="0"/>
    <Peak1D F1="7.590264" intensity="1.059507e-002" type="0"/>
    <Peak1D F1="7.541556" intensity="9.371054e-003" type="0"/>
    <Peak1D F1="7.529806" intensity="1.320704e-002" type="0"/>
    <Peak1D F1="7.505600" intensity="2.294638e-002" type="0"/>
    <Peak1D F1="7.481076" intensity="2.876480e-001" type="0"/>
    <Peak1D F1="7.464242" intensity="5.144563e-001" type="0"/>
    <Peak1D F1="7.459299" intensity="4.168590e-001" type="0"/>
    <Peak1D F1="7.454967" intensity="1.417482e-001" type="0"/>
    <Peak1D F1="7.442182" intensity="4.009877e-001" type="0"/>
    <Peak1D F1="7.413025" intensity="1.451252e-002" type="0"/>
    <Peak1D F1="7.324348" intensity="1.308804e-002" type="0"/>
    <Peak1D F1="7.318280" intensity="1.315888e-002" type="0"/>
    <Peak1D F1="7.296937" intensity="1.458420e-002" type="0"/>
    <Peak1D F1="7.245150" intensity="1.802721e-001" type="0"/>
    <Peak1D F1="7.195252" intensity="1.177826e+001" type="0"/>
    <Peak1D F1="7.165117" intensity="2.141382e-002" type="0"/>
    <Peak1D F1="7.145050" intensity="1.736147e-001" type="0"/>
    <Peak1D F1="7.120038" intensity="9.510201e-003" type="0"/>
    <Peak1D F1="7.096239" intensity="7.031661e-003" type="0"/>
    <Peak1D F1="6.931135" intensity="6.263319e-002" type="0"/>
    <Peak1D F1="6.221329" intensity="7.333660e-003" type="0"/>
    <Peak1D F1="6.215453" intensity="7.934420e-003" type="0"/>
    <Peak1D F1="6.117756" intensity="6.670269e-002" type="0"/>
    <Peak1D F1="6.067882" intensity="2.808583e-002" type="0"/>
    <Peak1D F1="6.017773" intensity="2.042003e+000" type="0"/>
    <Peak1D F1="5.968237" intensity="2.791844e-002" type="0"/>
    <Peak1D F1="5.816034" intensity="8.970165e-003" type="0"/>
    <Peak1D F1="5.462190" intensity="6.829793e-003" type="0"/>
    <Peak1D F1="5.415635" intensity="1.330590e-002" type="0"/>
    <Peak1D F1="5.364227" intensity="9.259718e-002" type="0"/>
    <Peak1D F1="5.355025" intensity="1.381264e-001" type="0"/>
    <Peak1D F1="5.345466" intensity="9.227958e-002" type="0"/>
    <Peak1D F1="4.814532" intensity="8.742833e-003" type="0"/>
    <Peak1D F1="4.791594" intensity="1.198510e-001" type="0"/>
    <Peak1D F1="4.768347" intensity="1.215292e-001" type="0"/>
    <Peak1D F1="4.669003" intensity="2.326774e-001" type="0"/>
    <Peak1D F1="4.078349" intensity="9.422746e-003" type="0"/>
    <Peak1D F1="4.059816" intensity="2.351293e-002" type="0"/>
    <Peak1D F1="4.042650" intensity="2.364451e-002" type="0"/>
    <Peak1D F1="3.878012" intensity="3.283531e-002" type="0"/>
    <Peak1D F1="3.861719" intensity="8.724581e-003" type="0"/>
    <Peak1D F1="3.844618" intensity="4.321326e-002" type="0"/>
    <Peak1D F1="3.822921" intensity="2.741432e-002" type="0"/>
    <Peak1D F1="3.811479" intensity="2.059639e-001" type="0"/>
    <Peak1D F1="3.781686" intensity="2.093512e-002" type="0"/>
    <Peak1D F1="3.750719" intensity="9.734543e-002" type="0"/>
    <Peak1D F1="3.745351" intensity="1.220608e-001" type="0"/>
    <Peak1D F1="3.700799" intensity="6.207664e+000" type="0"/>
    <Peak1D F1="3.650878" intensity="9.133403e-002" type="0"/>
    <Peak1D F1="3.602537" intensity="1.041129e-002" type="0"/>
    <Peak1D F1="3.558897" intensity="1.105761e-002" type="0"/>
    <Peak1D F1="3.518618" intensity="4.038375e-002" type="0"/>
    <Peak1D F1="3.485496" intensity="1.251156e-002" type="0"/>
    <Peak1D F1="3.456972" intensity="1.325421e-002" type="0"/>
    <Peak1D F1="3.415127" intensity="1.554599e-002" type="0"/>
    <Peak1D F1="3.378500" intensity="9.694687e-003" type="0"/>
    <Peak1D F1="3.359665" intensity="8.082141e-003" type="0"/>
    <Peak1D F1="3.345241" intensity="1.007172e-002" type="0"/>
    <Peak1D F1="3.120999" intensity="7.305356e-003" type="0"/>
    <Peak1D F1="2.937443" intensity="1.135156e-002" type="0"/>
    <Peak1D F1="2.589754" intensity="7.462997e-003" type="0"/>
    <Peak1D F1="2.509533" intensity="1.056742e-001" type="0"/>
    <Peak1D F1="2.497503" intensity="8.167587e-002" type="0"/>
    <Peak1D F1="2.476256" intensity="1.565187e-002" type="0"/>
    <Peak1D F1="2.433361" intensity="7.686188e-002" type="0"/>
    <Peak1D F1="2.413317" intensity="1.077146e-001" type="0"/>
    <Peak1D F1="2.387190" intensity="9.084696e-002" type="0"/>
    <Peak1D F1="2.363719" intensity="8.056158e-002" type="0"/>
    <Peak1D F1="2.351090" intensity="6.081522e-002" type="0"/>
    <Peak1D F1="2.329281" intensity="7.586395e-002" type="0"/>
    <Peak1D F1="2.308886" intensity="1.121049e-001" type="0"/>
    <Peak1D F1="2.294510" intensity="1.027307e-001" type="0"/>
    <Peak1D F1="2.289050" intensity="8.174121e-002" type="0"/>
    <Peak1D F1="2.276015" intensity="7.539823e-002" type="0"/>
    <Peak1D F1="2.257375" intensity="1.012525e-001" type="0"/>
    <Peak1D F1="2.237664" intensity="6.321435e-002" type="0"/>
    <Peak1D F1="2.226398" intensity="7.918622e-002" type="0"/>
    <Peak1D F1="2.203599" intensity="1.049247e-001" type="0"/>
    <Peak1D F1="2.182038" intensity="8.392429e-002" type="0"/>
    <Peak1D F1="2.176665" intensity="9.322098e-002" type="0"/>
    <Peak1D F1="2.165882" intensity="1.436481e-001" type="0"/>
    <Peak1D F1="2.146214" intensity="3.570492e-001" type="0"/>
    <Peak1D F1="2.115831" intensity="4.665642e+000" type="0"/>
    <Peak1D F1="2.107132" intensity="3.871814e+000" type="0"/>
    <Peak1D F1="2.096451" intensity="1.449061e+001" type="0"/>
    <Peak1D F1="2.086226" intensity="4.020061e+000" type="0"/>
    <Peak1D F1="2.077845" intensity="7.306729e+000" type="0"/>
    <Peak1D F1="2.056550" intensity="3.823026e-001" type="0"/>
    <Peak1D F1="2.052064" intensity="3.865566e-001" type="0"/>
    <Peak1D F1="2.047112" intensity="3.994406e-001" type="0"/>
    <Peak1D F1="2.028800" intensity="1.790774e-001" type="0"/>
    <Peak1D F1="1.986792" intensity="1.699137e-001" type="0"/>
    <Peak1D F1="1.973510" intensity="2.554237e-001" type="0"/>
    <Peak1D F1="1.959855" intensity="2.726769e-001" type="0"/>
    <Peak1D F1="1.947960" intensity="4.243696e-001" type="0"/>
    <Peak1D F1="1.936749" intensity="6.076397e+000" type="0"/>
    <Peak1D F1="1.925620" intensity="9.935290e-001" type="0"/>
    <Peak1D F1="1.921696" intensity="9.307736e-001" type="0"/>
    <Peak1D F1="1.910981" intensity="7.307296e+000" type="0"/>
    <Peak1D F1="1.900034" intensity="6.408209e+000" type="0"/>
    <Peak1D F1="1.891436" intensity="1.500000e+001" type="0"/>
    <Peak1D F1="1.881411" intensity="5.837523e+000" type="0"/>
    <Peak1D F1="1.872129" intensity="4.846266e+000" type="0"/>
    <Peak1D F1="1.859678" intensity="6.223282e-001" type="0"/>
    <Peak1D F1="1.849836" intensity="3.555039e-001" type="0"/>
    <Peak1D F1="1.842048" intensity="3.138505e-001" type="0"/>
    <Peak1D F1="1.822800" intensity="1.053829e-001" type="0"/>
    <Peak1D F1="1.764809" intensity="4.557794e-002" type="0"/>
    <Peak1D F1="1.760647" intensity="3.611218e-002" type="0"/>
    <Peak1D F1="1.741665" intensity="6.480102e-002" type="0"/>
    <Peak1D F1="1.724190" intensity="9.415305e-002" type="0"/>
    <Peak1D F1="1.708139" intensity="8.594388e-002" type="0"/>
    <Peak1D F1="1.702224" intensity="7.467919e-002" type="0"/>
    <Peak1D F1="1.681857" intensity="1.741564e-001" type="0"/>
    <Peak1D F1="1.657261" intensity="1.673916e-001" type="0"/>
    <Peak1D F1="1.643150" intensity="1.477826e-001" type="0"/>
    <Peak1D F1="1.632355" intensity="9.460529e-002" type="0"/>
    <Peak1D F1="1.601395" intensity="3.669798e-002" type="0"/>
    <Peak1D F1="1.570600" intensity="4.377184e-002" type="0"/>
    <Peak1D F1="1.521246" intensity="1.020475e+000" type="0"/>
    <Peak1D F1="1.484273" intensity="8.234436e-002" type="0"/>
    <Peak1D F1="1.470565" intensity="6.271385e-002" type="0"/>
    <Peak1D F1="1.454304" intensity="4.487928e-002" type="0"/>
    <Peak1D F1="1.435765" intensity="1.684709e-002" type="0"/>
    <Peak1D F1="1.424934" intensity="1.569571e-002" type="0"/>
    <Peak1D F1="1.359645" intensity="7.582204e-003" type="0"/>
    <Peak1D F1="1.333018" intensity="9.189160e-003" type="0"/>
    <Peak1D F1="1.234289" intensity="2.316278e-002" type="0"/>
    <Peak1D F1="1.214381" intensity="2.907166e-002" type="0"/>
    <Peak1D F1="1.206153" intensity="5.702845e-002" type="0"/>
    <Peak1D F1="1.188275" intensity="1.068534e-001" type="0"/>
    <Peak1D F1="1.170696" intensity="3.735857e-002" type="0"/>
    <Peak1D F1="1.154285" intensity="1.146792e-002" type="0"/>
    <Peak1D F1="0.829664" intensity="2.226822e-002" type="0"/>
    <Peak1D F1="0.813164" intensity="5.589582e-002" type="0"/>
    <Peak1D F1="0.795446" intensity="2.675526e-002" type="0"/>
    <Peak1D F1="0.675675" intensity="6.737522e-003" type="0"/>
    <Peak1D F1="0.438978" intensity="8.208947e-003" type="0"/>
    <Peak1D F1="-0.000155" intensity="4.191845e-002" type="0"/>
    <Peak1D F1="-2.505772" intensity="8.262390e-003" type="0"/>
    <Peak1D F1="-3.624454" intensity="7.354550e-003" type="0"/>
  </PeakList1D>
</PeakList>
