<?xml version="1.0" encoding="UTF-8"?>
<PeakList>
  <PeakList1D>
    <PeakList1DHeader creator="nmr" date="2021-10-21T08:28:39.583+03:00" expNo="10" name="ID_447_C" owner="" procNo="1" source="//132.72.8.180/400b/Milo/Milo">
      <PeakPickDetails>F1=16.117649ppm, F2=-3.911397ppm, MI=0.00cm, MAXI=10000.00cm, PC=1.000
      </PeakPickDetails>
    </PeakList1DHeader>
    <Peak1D F1="10.132735" intensity="2.883822e-003" type="0"/>
    <Peak1D F1="10.082337" intensity="1.124012e-001" type="0"/>
    <Peak1D F1="10.031786" intensity="1.507716e-003" type="0"/>
    <Peak1D F1="8.891085" intensity="1.117370e-003" type="0"/>
    <Peak1D F1="8.687847" intensity="1.322802e-003" type="0"/>
    <Peak1D F1="8.643951" intensity="1.255576e-003" type="0"/>
    <Peak1D F1="8.594307" intensity="1.584797e-003" type="0"/>
    <Peak1D F1="8.541735" intensity="1.534791e-003" type="0"/>
    <Peak1D F1="8.519576" intensity="1.848136e-003" type="0"/>
    <Peak1D F1="8.431278" intensity="2.086815e-003" type="0"/>
    <Peak1D F1="8.378717" intensity="4.748775e-003" type="0"/>
    <Peak1D F1="8.351673" intensity="1.417252e-002" type="0"/>
    <Peak1D F1="8.344939" intensity="1.474746e-002" type="0"/>
    <Peak1D F1="8.328366" intensity="9.013281e-002" type="0"/>
    <Peak1D F1="8.323743" intensity="3.981660e-002" type="0"/>
    <Peak1D F1="8.311054" intensity="3.345850e-002" type="0"/>
    <Peak1D F1="8.306508" intensity="9.050086e-002" type="0"/>
    <Peak1D F1="8.244925" intensity="2.098770e-002" type="0"/>
    <Peak1D F1="8.240830" intensity="2.114626e-002" type="0"/>
    <Peak1D F1="8.222031" intensity="3.582216e-002" type="0"/>
    <Peak1D F1="8.205276" intensity="1.080914e-001" type="0"/>
    <Peak1D F1="8.199912" intensity="7.247266e-002" type="0"/>
    <Peak1D F1="8.195621" intensity="7.796148e-002" type="0"/>
    <Peak1D F1="8.189206" intensity="1.296868e-001" type="0"/>
    <Peak1D F1="8.183558" intensity="1.424947e-001" type="0"/>
    <Peak1D F1="8.172988" intensity="1.163511e-001" type="0"/>
    <Peak1D F1="8.167406" intensity="1.558230e-001" type="0"/>
    <Peak1D F1="8.145057" intensity="5.949558e-001" type="0"/>
    <Peak1D F1="8.139331" intensity="3.698296e+000" type="0"/>
    <Peak1D F1="8.134637" intensity="1.296519e+000" type="0"/>
    <Peak1D F1="8.128453" intensity="5.796451e-001" type="0"/>
    <Peak1D F1="8.122199" intensity="1.403778e+000" type="0"/>
    <Peak1D F1="8.117407" intensity="3.883820e+000" type="0"/>
    <Peak1D F1="8.111601" intensity="6.300623e-001" type="0"/>
    <Peak1D F1="8.106858" intensity="4.273689e-001" type="0"/>
    <Peak1D F1="8.089215" intensity="7.672461e-002" type="0"/>
    <Peak1D F1="8.067340" intensity="7.370100e-002" type="0"/>
    <Peak1D F1="8.057444" intensity="2.678698e-002" type="0"/>
    <Peak1D F1="8.046567" intensity="2.968771e-002" type="0"/>
    <Peak1D F1="8.035360" intensity="2.496419e-002" type="0"/>
    <Peak1D F1="8.015505" intensity="1.278018e-001" type="0"/>
    <Peak1D F1="8.010222" intensity="7.980744e-002" type="0"/>
    <Peak1D F1="7.999367" intensity="1.506098e-001" type="0"/>
    <Peak1D F1="7.994061" intensity="1.378098e-001" type="0"/>
    <Peak1D F1="7.981373" intensity="9.260096e-002" type="0"/>
    <Peak1D F1="7.952157" intensity="7.414322e-002" type="0"/>
    <Peak1D F1="7.943851" intensity="5.733288e-002" type="0"/>
    <Peak1D F1="7.934109" intensity="1.293450e-001" type="0"/>
    <Peak1D F1="7.914405" intensity="8.839259e-002" type="0"/>
    <Peak1D F1="7.901970" intensity="2.579629e-002" type="0"/>
    <Peak1D F1="7.891819" intensity="2.561601e-002" type="0"/>
    <Peak1D F1="7.864530" intensity="6.461252e-003" type="0"/>
    <Peak1D F1="7.843179" intensity="4.811540e-003" type="0"/>
    <Peak1D F1="7.820926" intensity="3.718891e-003" type="0"/>
    <Peak1D F1="7.799506" intensity="4.442593e-003" type="0"/>
    <Peak1D F1="7.775410" intensity="6.276897e-003" type="0"/>
    <Peak1D F1="7.746768" intensity="4.491951e-003" type="0"/>
    <Peak1D F1="7.700201" intensity="1.008606e-002" type="0"/>
    <Peak1D F1="7.678803" intensity="2.551092e-002" type="0"/>
    <Peak1D F1="7.674158" intensity="2.650112e-002" type="0"/>
    <Peak1D F1="7.659878" intensity="2.469197e-002" type="0"/>
    <Peak1D F1="7.654348" intensity="3.276028e-002" type="0"/>
    <Peak1D F1="7.638372" intensity="6.230028e-002" type="0"/>
    <Peak1D F1="7.615887" intensity="1.201758e-001" type="0"/>
    <Peak1D F1="7.605610" intensity="8.127562e-002" type="0"/>
    <Peak1D F1="7.593575" intensity="1.089092e-001" type="0"/>
    <Peak1D F1="7.583605" intensity="7.725325e-002" type="0"/>
    <Peak1D F1="7.570671" intensity="5.190901e-002" type="0"/>
    <Peak1D F1="7.557444" intensity="5.149222e-002" type="0"/>
    <Peak1D F1="7.551094" intensity="1.013339e-001" type="0"/>
    <Peak1D F1="7.529163" intensity="1.042308e-001" type="0"/>
    <Peak1D F1="7.523331" intensity="1.242457e-001" type="0"/>
    <Peak1D F1="7.517100" intensity="1.864033e-001" type="0"/>
    <Peak1D F1="7.500395" intensity="1.845528e-001" type="0"/>
    <Peak1D F1="7.495071" intensity="2.123294e-001" type="0"/>
    <Peak1D F1="7.478746" intensity="6.049587e-001" type="0"/>
    <Peak1D F1="7.473346" intensity="3.581776e+000" type="0"/>
    <Peak1D F1="7.468750" intensity="1.213821e+000" type="0"/>
    <Peak1D F1="7.456174" intensity="1.379681e+000" type="0"/>
    <Peak1D F1="7.451447" intensity="3.440043e+000" type="0"/>
    <Peak1D F1="7.445643" intensity="5.170886e-001" type="0"/>
    <Peak1D F1="7.435318" intensity="3.319148e-001" type="0"/>
    <Peak1D F1="7.423421" intensity="1.424707e-001" type="0"/>
    <Peak1D F1="7.412839" intensity="1.249903e-001" type="0"/>
    <Peak1D F1="7.401431" intensity="8.282818e-002" type="0"/>
    <Peak1D F1="7.394564" intensity="5.219172e-002" type="0"/>
    <Peak1D F1="7.373057" intensity="1.048175e-002" type="0"/>
    <Peak1D F1="7.351227" intensity="1.391391e-002" type="0"/>
    <Peak1D F1="7.329340" intensity="1.521453e-002" type="0"/>
    <Peak1D F1="7.316556" intensity="1.538038e-002" type="0"/>
    <Peak1D F1="7.309587" intensity="2.584777e-002" type="0"/>
    <Peak1D F1="7.303877" intensity="2.253077e-002" type="0"/>
    <Peak1D F1="7.282427" intensity="1.651597e-002" type="0"/>
    <Peak1D F1="7.262187" intensity="1.182945e-001" type="0"/>
    <Peak1D F1="7.248975" intensity="3.039249e-002" type="0"/>
    <Peak1D F1="7.242508" intensity="2.747002e-002" type="0"/>
    <Peak1D F1="7.212199" intensity="6.198477e+000" type="0"/>
    <Peak1D F1="7.196115" intensity="1.335754e-002" type="0"/>
    <Peak1D F1="7.180609" intensity="3.664308e-003" type="0"/>
    <Peak1D F1="7.175735" intensity="2.787467e-003" type="0"/>
    <Peak1D F1="7.162067" intensity="9.507456e-002" type="0"/>
    <Peak1D F1="7.127637" intensity="2.916475e-003" type="0"/>
    <Peak1D F1="7.112144" intensity="3.361645e-003" type="0"/>
    <Peak1D F1="7.105104" intensity="2.985759e-003" type="0"/>
    <Peak1D F1="7.057364" intensity="2.890692e-003" type="0"/>
    <Peak1D F1="7.015138" intensity="7.317730e-003" type="0"/>
    <Peak1D F1="6.992644" intensity="1.062429e-002" type="0"/>
    <Peak1D F1="6.947733" intensity="3.584363e-002" type="0"/>
    <Peak1D F1="6.926331" intensity="2.978417e-003" type="0"/>
    <Peak1D F1="6.757493" intensity="1.888537e-003" type="0"/>
    <Peak1D F1="6.733146" intensity="2.501389e-003" type="0"/>
    <Peak1D F1="6.494341" intensity="1.164400e-003" type="0"/>
    <Peak1D F1="6.351189" intensity="1.448965e-003" type="0"/>
    <Peak1D F1="6.307049" intensity="1.825360e-003" type="0"/>
    <Peak1D F1="6.247168" intensity="2.829246e-003" type="0"/>
    <Peak1D F1="6.209592" intensity="1.009035e-002" type="0"/>
    <Peak1D F1="6.204344" intensity="1.643323e-002" type="0"/>
    <Peak1D F1="6.199016" intensity="1.022695e-002" type="0"/>
    <Peak1D F1="6.166322" intensity="4.721361e-003" type="0"/>
    <Peak1D F1="6.111846" intensity="1.358564e-002" type="0"/>
    <Peak1D F1="6.055727" intensity="1.229530e-001" type="0"/>
    <Peak1D F1="6.032871" intensity="2.837177e-002" type="0"/>
    <Peak1D F1="6.005825" intensity="5.232201e+000" type="0"/>
    <Peak1D F1="5.988999" intensity="2.002277e-002" type="0"/>
    <Peak1D F1="5.976170" intensity="1.145353e-002" type="0"/>
    <Peak1D F1="5.955698" intensity="8.695474e-002" type="0"/>
    <Peak1D F1="5.938192" intensity="7.524224e-002" type="0"/>
    <Peak1D F1="5.926099" intensity="7.477086e-002" type="0"/>
    <Peak1D F1="5.905710" intensity="6.460919e-003" type="0"/>
    <Peak1D F1="5.888236" intensity="4.483260e-003" type="0"/>
    <Peak1D F1="5.874764" intensity="4.704324e-003" type="0"/>
    <Peak1D F1="5.809456" intensity="1.133760e-002" type="0"/>
    <Peak1D F1="5.804159" intensity="1.743483e-002" type="0"/>
    <Peak1D F1="5.798896" intensity="8.391347e-003" type="0"/>
    <Peak1D F1="5.756914" intensity="2.110763e-003" type="0"/>
    <Peak1D F1="5.737662" intensity="1.790373e-003" type="0"/>
    <Peak1D F1="5.700730" intensity="1.308440e-003" type="0"/>
    <Peak1D F1="5.667219" intensity="2.834986e-003" type="0"/>
    <Peak1D F1="5.641068" intensity="2.220295e-003" type="0"/>
    <Peak1D F1="5.610895" intensity="1.832434e-003" type="0"/>
    <Peak1D F1="5.596961" intensity="2.516806e-003" type="0"/>
    <Peak1D F1="5.586894" intensity="6.188745e-003" type="0"/>
    <Peak1D F1="5.578227" intensity="5.147471e-003" type="0"/>
    <Peak1D F1="5.566368" intensity="2.308059e-003" type="0"/>
    <Peak1D F1="5.535693" intensity="2.733203e-003" type="0"/>
    <Peak1D F1="5.500239" intensity="2.633170e-003" type="0"/>
    <Peak1D F1="5.470529" intensity="1.984599e-003" type="0"/>
    <Peak1D F1="5.451867" intensity="1.829916e-003" type="0"/>
    <Peak1D F1="5.420518" intensity="6.794363e-002" type="0"/>
    <Peak1D F1="5.379025" intensity="4.391755e-003" type="0"/>
    <Peak1D F1="5.370703" intensity="3.155646e-003" type="0"/>
    <Peak1D F1="5.334381" intensity="1.024331e-001" type="0"/>
    <Peak1D F1="5.328480" intensity="9.926403e-002" type="0"/>
    <Peak1D F1="5.291889" intensity="1.659841e-003" type="0"/>
    <Peak1D F1="5.275392" intensity="3.773490e-003" type="0"/>
    <Peak1D F1="5.264817" intensity="2.943161e-003" type="0"/>
    <Peak1D F1="5.212381" intensity="3.116827e-003" type="0"/>
    <Peak1D F1="5.183928" intensity="1.288704e-003" type="0"/>
    <Peak1D F1="5.168867" intensity="1.696233e-003" type="0"/>
    <Peak1D F1="5.117908" intensity="1.084037e-003" type="0"/>
    <Peak1D F1="5.009253" intensity="5.392610e-003" type="0"/>
    <Peak1D F1="4.989582" intensity="6.074319e-003" type="0"/>
    <Peak1D F1="4.979674" intensity="1.028795e-002" type="0"/>
    <Peak1D F1="4.957081" intensity="1.109987e-002" type="0"/>
    <Peak1D F1="4.913579" intensity="7.073158e-003" type="0"/>
    <Peak1D F1="4.902862" intensity="8.949665e-003" type="0"/>
    <Peak1D F1="4.892819" intensity="9.046158e-003" type="0"/>
    <Peak1D F1="4.881895" intensity="1.150132e-002" type="0"/>
    <Peak1D F1="4.870723" intensity="1.175940e-002" type="0"/>
    <Peak1D F1="4.850570" intensity="4.414889e-002" type="0"/>
    <Peak1D F1="4.828110" intensity="5.380157e-002" type="0"/>
    <Peak1D F1="4.800529" intensity="1.808129e+000" type="0"/>
    <Peak1D F1="4.778148" intensity="1.834381e+000" type="0"/>
    <Peak1D F1="4.750127" intensity="9.512915e-002" type="0"/>
    <Peak1D F1="4.707095" intensity="5.116190e-001" type="0"/>
    <Peak1D F1="4.616925" intensity="3.154595e-002" type="0"/>
    <Peak1D F1="4.594738" intensity="2.512076e-002" type="0"/>
    <Peak1D F1="4.558133" intensity="8.498519e-003" type="0"/>
    <Peak1D F1="4.537901" intensity="7.735447e-003" type="0"/>
    <Peak1D F1="4.497834" intensity="4.051098e-003" type="0"/>
    <Peak1D F1="4.482502" intensity="4.897472e-003" type="0"/>
    <Peak1D F1="4.469118" intensity="2.894447e-003" type="0"/>
    <Peak1D F1="4.448369" intensity="2.018904e-003" type="0"/>
    <Peak1D F1="4.302767" intensity="1.372152e-003" type="0"/>
    <Peak1D F1="4.294333" intensity="1.375672e-003" type="0"/>
    <Peak1D F1="4.269084" intensity="1.529641e-003" type="0"/>
    <Peak1D F1="3.917455" intensity="5.236093e-003" type="0"/>
    <Peak1D F1="3.867213" intensity="8.061491e-002" type="0"/>
    <Peak1D F1="3.836551" intensity="3.564781e-003" type="0"/>
    <Peak1D F1="3.808030" intensity="5.583655e-003" type="0"/>
    <Peak1D F1="3.800121" intensity="2.153663e-002" type="0"/>
    <Peak1D F1="3.791429" intensity="8.508466e-003" type="0"/>
    <Peak1D F1="3.739692" intensity="2.881641e-001" type="0"/>
    <Peak1D F1="3.731669" intensity="3.839915e-002" type="0"/>
    <Peak1D F1="3.689787" intensity="1.500000e+001" type="0"/>
    <Peak1D F1="3.673940" intensity="7.127241e-002" type="0"/>
    <Peak1D F1="3.660365" intensity="2.706755e-002" type="0"/>
    <Peak1D F1="3.639636" intensity="2.507688e-001" type="0"/>
    <Peak1D F1="3.625147" intensity="7.419336e-003" type="0"/>
    <Peak1D F1="3.608151" intensity="4.399813e-003" type="0"/>
    <Peak1D F1="3.589711" intensity="8.785923e-003" type="0"/>
    <Peak1D F1="3.559036" intensity="2.239917e-003" type="0"/>
    <Peak1D F1="3.542950" intensity="1.757582e-003" type="0"/>
    <Peak1D F1="3.535874" intensity="2.709540e-003" type="0"/>
    <Peak1D F1="3.507498" intensity="8.148733e-002" type="0"/>
    <Peak1D F1="3.492786" intensity="2.138349e-003" type="0"/>
    <Peak1D F1="3.447536" intensity="1.558004e-002" type="0"/>
    <Peak1D F1="3.384890" intensity="1.548667e-003" type="0"/>
    <Peak1D F1="3.203386" intensity="1.325426e-003" type="0"/>
    <Peak1D F1="3.186113" intensity="1.781783e-003" type="0"/>
    <Peak1D F1="3.157739" intensity="1.557793e-003" type="0"/>
    <Peak1D F1="3.100259" intensity="5.514561e-003" type="0"/>
    <Peak1D F1="3.047542" intensity="1.412824e-002" type="0"/>
    <Peak1D F1="2.955339" intensity="7.940969e-003" type="0"/>
    <Peak1D F1="2.948787" intensity="8.950202e-003" type="0"/>
    <Peak1D F1="2.937371" intensity="1.457061e-002" type="0"/>
    <Peak1D F1="2.930584" intensity="1.525115e-002" type="0"/>
    <Peak1D F1="2.919397" intensity="9.061776e-003" type="0"/>
    <Peak1D F1="2.912505" intensity="8.864157e-003" type="0"/>
    <Peak1D F1="2.883523" intensity="5.148144e-003" type="0"/>
    <Peak1D F1="2.872570" intensity="4.891726e-003" type="0"/>
    <Peak1D F1="2.818406" intensity="8.771747e-003" type="0"/>
    <Peak1D F1="2.791425" intensity="1.941315e-002" type="0"/>
    <Peak1D F1="2.778319" intensity="2.033541e-002" type="0"/>
    <Peak1D F1="2.766015" intensity="2.701752e-002" type="0"/>
    <Peak1D F1="2.754025" intensity="2.499634e-002" type="0"/>
    <Peak1D F1="2.743964" intensity="1.932153e-002" type="0"/>
    <Peak1D F1="2.731796" intensity="1.768084e-002" type="0"/>
    <Peak1D F1="2.707443" intensity="2.364139e-003" type="0"/>
    <Peak1D F1="2.675083" intensity="6.179771e-003" type="0"/>
    <Peak1D F1="2.661085" intensity="3.690779e-003" type="0"/>
    <Peak1D F1="2.639380" intensity="5.066080e-003" type="0"/>
    <Peak1D F1="2.621695" intensity="1.156532e-002" type="0"/>
    <Peak1D F1="2.610639" intensity="9.897396e-003" type="0"/>
    <Peak1D F1="2.589304" intensity="9.291312e-003" type="0"/>
    <Peak1D F1="2.581197" intensity="9.732439e-003" type="0"/>
    <Peak1D F1="2.573039" intensity="9.660578e-003" type="0"/>
    <Peak1D F1="2.530938" intensity="4.998211e-003" type="0"/>
    <Peak1D F1="2.515038" intensity="6.492767e-003" type="0"/>
    <Peak1D F1="2.495312" intensity="8.270111e-003" type="0"/>
    <Peak1D F1="2.485363" intensity="9.840542e-003" type="0"/>
    <Peak1D F1="2.478445" intensity="1.122668e-002" type="0"/>
    <Peak1D F1="2.459154" intensity="1.993286e-002" type="0"/>
    <Peak1D F1="2.448999" intensity="1.904535e-002" type="0"/>
    <Peak1D F1="2.417797" intensity="2.869694e-001" type="0"/>
    <Peak1D F1="2.411680" intensity="3.002589e-001" type="0"/>
    <Peak1D F1="2.398229" intensity="3.295824e-001" type="0"/>
    <Peak1D F1="2.392223" intensity="3.470408e-001" type="0"/>
    <Peak1D F1="2.382154" intensity="1.380102e-001" type="0"/>
    <Peak1D F1="2.369134" intensity="5.109300e-001" type="0"/>
    <Peak1D F1="2.360211" intensity="6.533386e-001" type="0"/>
    <Peak1D F1="2.353776" intensity="4.847493e-001" type="0"/>
    <Peak1D F1="2.339931" intensity="1.000669e+000" type="0"/>
    <Peak1D F1="2.331182" intensity="3.941900e-001" type="0"/>
    <Peak1D F1="2.327801" intensity="4.128560e-001" type="0"/>
    <Peak1D F1="2.318719" intensity="4.558902e-001" type="0"/>
    <Peak1D F1="2.315661" intensity="4.127025e-001" type="0"/>
    <Peak1D F1="2.308463" intensity="5.847942e-001" type="0"/>
    <Peak1D F1="2.296392" intensity="1.244563e-001" type="0"/>
    <Peak1D F1="2.288820" intensity="3.604134e-001" type="0"/>
    <Peak1D F1="2.285955" intensity="3.285509e-001" type="0"/>
    <Peak1D F1="2.277536" intensity="8.007969e-002" type="0"/>
    <Peak1D F1="2.267009" intensity="9.318567e-002" type="0"/>
    <Peak1D F1="2.256065" intensity="6.586762e-002" type="0"/>
    <Peak1D F1="2.247534" intensity="9.736609e-002" type="0"/>
    <Peak1D F1="2.241525" intensity="9.663346e-002" type="0"/>
    <Peak1D F1="2.231638" intensity="5.811539e-001" type="0"/>
    <Peak1D F1="2.220735" intensity="1.392825e-001" type="0"/>
    <Peak1D F1="2.209351" intensity="6.623583e-001" type="0"/>
    <Peak1D F1="2.205264" intensity="6.940405e-001" type="0"/>
    <Peak1D F1="2.194571" intensity="1.686047e-001" type="0"/>
    <Peak1D F1="2.182868" intensity="9.532560e-001" type="0"/>
    <Peak1D F1="2.170901" intensity="1.064999e-001" type="0"/>
    <Peak1D F1="2.160890" intensity="5.091362e-001" type="0"/>
    <Peak1D F1="2.156746" intensity="5.070549e-001" type="0"/>
    <Peak1D F1="2.146434" intensity="1.812719e-001" type="0"/>
    <Peak1D F1="2.134161" intensity="6.166825e-001" type="0"/>
    <Peak1D F1="2.106590" intensity="3.066482e+000" type="0"/>
    <Peak1D F1="2.095936" intensity="2.461648e+000" type="0"/>
    <Peak1D F1="2.087010" intensity="9.546947e+000" type="0"/>
    <Peak1D F1="2.075353" intensity="2.551351e+000" type="0"/>
    <Peak1D F1="2.068181" intensity="4.818817e+000" type="0"/>
    <Peak1D F1="2.060983" intensity="8.028275e-001" type="0"/>
    <Peak1D F1="2.052298" intensity="3.084454e-001" type="0"/>
    <Peak1D F1="2.047614" intensity="2.662913e-001" type="0"/>
    <Peak1D F1="2.043396" intensity="2.616156e-001" type="0"/>
    <Peak1D F1="2.037165" intensity="3.209182e-001" type="0"/>
    <Peak1D F1="2.018124" intensity="1.425189e-001" type="0"/>
    <Peak1D F1="1.993430" intensity="1.122086e-001" type="0"/>
    <Peak1D F1="1.985324" intensity="9.557918e-002" type="0"/>
    <Peak1D F1="1.973377" intensity="2.650022e-001" type="0"/>
    <Peak1D F1="1.969135" intensity="3.574394e-001" type="0"/>
    <Peak1D F1="1.965531" intensity="3.507892e-001" type="0"/>
    <Peak1D F1="1.952698" intensity="4.536161e-001" type="0"/>
    <Peak1D F1="1.947759" intensity="6.123399e-001" type="0"/>
    <Peak1D F1="1.942385" intensity="6.297588e-001" type="0"/>
    <Peak1D F1="1.933910" intensity="8.096347e-001" type="0"/>
    <Peak1D F1="1.925631" intensity="8.865986e-001" type="0"/>
    <Peak1D F1="1.919124" intensity="1.094200e+000" type="0"/>
    <Peak1D F1="1.914555" intensity="9.136693e-001" type="0"/>
    <Peak1D F1="1.903528" intensity="5.046427e+000" type="0"/>
    <Peak1D F1="1.892454" intensity="4.099979e+000" type="0"/>
    <Peak1D F1="1.883949" intensity="9.938071e+000" type="0"/>
    <Peak1D F1="1.875128" intensity="3.504440e+000" type="0"/>
    <Peak1D F1="1.873078" intensity="3.677014e+000" type="0"/>
    <Peak1D F1="1.864473" intensity="3.164581e+000" type="0"/>
    <Peak1D F1="1.852710" intensity="4.697935e-001" type="0"/>
    <Peak1D F1="1.842395" intensity="2.838388e-001" type="0"/>
    <Peak1D F1="1.833930" intensity="2.766927e-001" type="0"/>
    <Peak1D F1="1.823805" intensity="1.458255e-001" type="0"/>
    <Peak1D F1="1.814626" intensity="1.318137e-001" type="0"/>
    <Peak1D F1="1.801279" intensity="8.697833e-002" type="0"/>
    <Peak1D F1="1.793471" intensity="7.974336e-002" type="0"/>
    <Peak1D F1="1.784317" intensity="8.322430e-002" type="0"/>
    <Peak1D F1="1.771026" intensity="6.437451e-002" type="0"/>
    <Peak1D F1="1.762994" intensity="6.717710e-002" type="0"/>
    <Peak1D F1="1.753010" intensity="6.532741e-002" type="0"/>
    <Peak1D F1="1.736873" intensity="1.869020e-001" type="0"/>
    <Peak1D F1="1.720858" intensity="2.613608e-001" type="0"/>
    <Peak1D F1="1.715996" intensity="2.353005e-001" type="0"/>
    <Peak1D F1="1.709140" intensity="2.775986e-001" type="0"/>
    <Peak1D F1="1.699903" intensity="3.759228e-001" type="0"/>
    <Peak1D F1="1.693552" intensity="6.843350e-001" type="0"/>
    <Peak1D F1="1.684044" intensity="4.493563e-001" type="0"/>
    <Peak1D F1="1.679194" intensity="6.741853e-001" type="0"/>
    <Peak1D F1="1.672310" intensity="7.942180e-001" type="0"/>
    <Peak1D F1="1.668754" intensity="9.158593e-001" type="0"/>
    <Peak1D F1="1.661338" intensity="8.077876e-001" type="0"/>
    <Peak1D F1="1.655957" intensity="8.865312e-001" type="0"/>
    <Peak1D F1="1.644855" intensity="8.238068e-001" type="0"/>
    <Peak1D F1="1.640517" intensity="6.761206e-001" type="0"/>
    <Peak1D F1="1.636922" intensity="6.230116e-001" type="0"/>
    <Peak1D F1="1.629293" intensity="3.494121e-001" type="0"/>
    <Peak1D F1="1.624496" intensity="4.353707e-001" type="0"/>
    <Peak1D F1="1.608987" intensity="1.954521e-001" type="0"/>
    <Peak1D F1="1.599349" intensity="6.558651e-002" type="0"/>
    <Peak1D F1="1.590298" intensity="6.849395e-002" type="0"/>
    <Peak1D F1="1.586651" intensity="6.480984e-002" type="0"/>
    <Peak1D F1="1.573687" intensity="5.582292e-002" type="0"/>
    <Peak1D F1="1.559414" intensity="5.540695e-002" type="0"/>
    <Peak1D F1="1.544676" intensity="7.136890e-002" type="0"/>
    <Peak1D F1="1.533849" intensity="2.068021e-001" type="0"/>
    <Peak1D F1="1.524589" intensity="1.220432e-001" type="0"/>
    <Peak1D F1="1.517031" intensity="2.398992e-001" type="0"/>
    <Peak1D F1="1.509590" intensity="1.662688e-001" type="0"/>
    <Peak1D F1="1.504542" intensity="3.325073e-001" type="0"/>
    <Peak1D F1="1.499282" intensity="5.057486e-001" type="0"/>
    <Peak1D F1="1.492297" intensity="1.834524e-001" type="0"/>
    <Peak1D F1="1.481727" intensity="6.564648e-001" type="0"/>
    <Peak1D F1="1.469230" intensity="5.055198e-001" type="0"/>
    <Peak1D F1="1.452786" intensity="4.384805e-001" type="0"/>
    <Peak1D F1="1.434299" intensity="1.528908e-001" type="0"/>
    <Peak1D F1="1.423603" intensity="1.120952e-001" type="0"/>
    <Peak1D F1="1.410921" intensity="2.722487e-002" type="0"/>
    <Peak1D F1="1.402130" intensity="2.318004e-002" type="0"/>
    <Peak1D F1="1.384886" intensity="1.446874e-002" type="0"/>
    <Peak1D F1="1.371524" intensity="1.499637e-002" type="0"/>
    <Peak1D F1="1.361689" intensity="1.158724e-002" type="0"/>
    <Peak1D F1="1.352475" intensity="1.281492e-002" type="0"/>
    <Peak1D F1="1.339445" intensity="1.302886e-002" type="0"/>
    <Peak1D F1="1.322233" intensity="1.266809e-002" type="0"/>
    <Peak1D F1="1.309330" intensity="1.132017e-002" type="0"/>
    <Peak1D F1="1.291030" intensity="1.059662e-002" type="0"/>
    <Peak1D F1="1.278462" intensity="9.171982e-003" type="0"/>
    <Peak1D F1="1.251961" intensity="1.060773e-002" type="0"/>
    <Peak1D F1="1.227053" intensity="1.289391e-002" type="0"/>
    <Peak1D F1="1.210614" intensity="1.247049e-002" type="0"/>
    <Peak1D F1="1.195290" intensity="1.824524e-002" type="0"/>
    <Peak1D F1="1.178618" intensity="4.507338e-002" type="0"/>
    <Peak1D F1="1.160359" intensity="1.612959e-002" type="0"/>
    <Peak1D F1="1.154762" intensity="1.110466e-002" type="0"/>
    <Peak1D F1="1.144863" intensity="1.104395e-002" type="0"/>
    <Peak1D F1="1.095483" intensity="5.114622e-003" type="0"/>
    <Peak1D F1="1.037667" intensity="7.449897e-003" type="0"/>
    <Peak1D F1="1.020537" intensity="6.095426e-003" type="0"/>
    <Peak1D F1="1.009628" intensity="4.417340e-003" type="0"/>
    <Peak1D F1="0.980041" intensity="3.997769e-003" type="0"/>
    <Peak1D F1="0.924534" intensity="3.630068e-003" type="0"/>
    <Peak1D F1="0.911460" intensity="3.438375e-003" type="0"/>
    <Peak1D F1="0.866279" intensity="3.574874e-003" type="0"/>
    <Peak1D F1="0.860066" intensity="3.474992e-003" type="0"/>
    <Peak1D F1="0.818330" intensity="5.729661e-003" type="0"/>
    <Peak1D F1="0.800926" intensity="9.698167e-003" type="0"/>
    <Peak1D F1="0.788399" intensity="8.935666e-003" type="0"/>
    <Peak1D F1="0.769562" intensity="1.859126e-002" type="0"/>
    <Peak1D F1="0.750573" intensity="2.270216e-002" type="0"/>
    <Peak1D F1="0.731753" intensity="1.503420e-002" type="0"/>
    <Peak1D F1="0.712563" intensity="5.759711e-003" type="0"/>
    <Peak1D F1="0.673622" intensity="2.721532e-003" type="0"/>
    <Peak1D F1="0.636292" intensity="2.527564e-003" type="0"/>
    <Peak1D F1="0.601739" intensity="2.465298e-003" type="0"/>
    <Peak1D F1="0.548895" intensity="2.031356e-003" type="0"/>
    <Peak1D F1="0.500147" intensity="2.155374e-003" type="0"/>
    <Peak1D F1="0.492524" intensity="1.799071e-003" type="0"/>
    <Peak1D F1="0.461720" intensity="2.044315e-003" type="0"/>
    <Peak1D F1="0.453404" intensity="2.083269e-003" type="0"/>
    <Peak1D F1="0.440157" intensity="1.921539e-003" type="0"/>
    <Peak1D F1="0.393310" intensity="1.986252e-003" type="0"/>
    <Peak1D F1="0.385380" intensity="1.779153e-003" type="0"/>
    <Peak1D F1="0.341835" intensity="1.765653e-003" type="0"/>
    <Peak1D F1="0.333908" intensity="1.748664e-003" type="0"/>
    <Peak1D F1="0.313138" intensity="1.853584e-003" type="0"/>
    <Peak1D F1="0.250916" intensity="1.738139e-003" type="0"/>
    <Peak1D F1="0.190483" intensity="1.839967e-003" type="0"/>
    <Peak1D F1="0.146555" intensity="1.515766e-003" type="0"/>
    <Peak1D F1="0.112165" intensity="1.330607e-003" type="0"/>
    <Peak1D F1="0.095006" intensity="1.487967e-003" type="0"/>
    <Peak1D F1="0.075216" intensity="1.716574e-003" type="0"/>
    <Peak1D F1="0.049874" intensity="3.646796e-003" type="0"/>
    <Peak1D F1="0.008686" intensity="7.909094e-003" type="0"/>
    <Peak1D F1="-0.000155" intensity="1.739638e-001" type="0"/>
    <Peak1D F1="-0.026748" intensity="2.670010e-003" type="0"/>
    <Peak1D F1="-0.050371" intensity="3.983288e-003" type="0"/>
    <Peak1D F1="-0.094314" intensity="1.368726e-003" type="0"/>
    <Peak1D F1="-0.147793" intensity="1.760699e-003" type="0"/>
    <Peak1D F1="-0.169499" intensity="1.315230e-003" type="0"/>
    <Peak1D F1="-0.191314" intensity="1.331497e-003" type="0"/>
    <Peak1D F1="-0.201990" intensity="1.471925e-003" type="0"/>
    <Peak1D F1="-0.240335" intensity="1.194545e-003" type="0"/>
    <Peak1D F1="-0.378453" intensity="1.172909e-003" type="0"/>
    <Peak1D F1="-0.958563" intensity="1.090211e-003" type="0"/>
    <Peak1D F1="-3.466338" intensity="1.088537e-003" type="0"/>
  </PeakList1D>
</PeakList>
