<?xml version="1.0" encoding="UTF-8"?>
<PeakList>
  <PeakList1D>
    <PeakList1DHeader creator="nmr" date="2021-08-06T18:43:48.963+03:00" expNo="10" name="ID_422_L" owner="" procNo="1" source="//132.72.8.180/400b/Milo/Milo">
      <PeakPickDetails>F1=16.139271ppm, F2=-3.889775ppm, MI=0.00cm, MAXI=10000.00cm, PC=1.000
      </PeakPickDetails>
    </PeakList1DHeader>
    <Peak1D F1="15.612329" intensity="1.576492e-003" type="0"/>
    <Peak1D F1="12.208215" intensity="1.479247e-003" type="0"/>
    <Peak1D F1="11.843350" intensity="1.470649e-003" type="0"/>
    <Peak1D F1="11.822641" intensity="1.483222e-003" type="0"/>
    <Peak1D F1="11.682445" intensity="1.486293e-003" type="0"/>
    <Peak1D F1="10.129062" intensity="2.500850e-003" type="0"/>
    <Peak1D F1="10.112051" intensity="2.888190e-003" type="0"/>
    <Peak1D F1="10.079121" intensity="7.043844e-002" type="0"/>
    <Peak1D F1="10.071465" intensity="7.836177e-002" type="0"/>
    <Peak1D F1="10.060721" intensity="5.146511e-002" type="0"/>
    <Peak1D F1="10.030409" intensity="2.027236e-003" type="0"/>
    <Peak1D F1="8.829041" intensity="3.137256e-003" type="0"/>
    <Peak1D F1="8.525036" intensity="6.125041e-003" type="0"/>
    <Peak1D F1="8.472561" intensity="1.161154e-001" type="0"/>
    <Peak1D F1="8.438466" intensity="5.634340e-003" type="0"/>
    <Peak1D F1="8.406510" intensity="8.975255e-003" type="0"/>
    <Peak1D F1="8.362044" intensity="5.988081e-003" type="0"/>
    <Peak1D F1="8.321367" intensity="7.438900e-002" type="0"/>
    <Peak1D F1="8.313246" intensity="8.787248e-002" type="0"/>
    <Peak1D F1="8.300196" intensity="1.164674e-001" type="0"/>
    <Peak1D F1="8.291183" intensity="9.892579e-002" type="0"/>
    <Peak1D F1="8.277727" intensity="2.106300e-001" type="0"/>
    <Peak1D F1="8.261982" intensity="8.850926e-002" type="0"/>
    <Peak1D F1="8.245694" intensity="1.354005e-001" type="0"/>
    <Peak1D F1="8.238401" intensity="1.604905e-001" type="0"/>
    <Peak1D F1="8.229051" intensity="1.408456e-001" type="0"/>
    <Peak1D F1="8.223558" intensity="1.223094e-001" type="0"/>
    <Peak1D F1="8.216070" intensity="1.067852e-001" type="0"/>
    <Peak1D F1="8.205292" intensity="9.552922e-002" type="0"/>
    <Peak1D F1="8.199470" intensity="8.125857e-002" type="0"/>
    <Peak1D F1="8.190591" intensity="6.594501e-002" type="0"/>
    <Peak1D F1="8.185145" intensity="7.733759e-002" type="0"/>
    <Peak1D F1="8.176641" intensity="7.326239e-002" type="0"/>
    <Peak1D F1="8.168255" intensity="8.216597e-002" type="0"/>
    <Peak1D F1="8.163269" intensity="9.915496e-002" type="0"/>
    <Peak1D F1="8.134882" intensity="9.819601e-001" type="0"/>
    <Peak1D F1="8.130149" intensity="9.540843e-001" type="0"/>
    <Peak1D F1="8.125475" intensity="1.237654e+000" type="0"/>
    <Peak1D F1="8.113245" intensity="1.850528e+000" type="0"/>
    <Peak1D F1="8.109344" intensity="1.323176e+000" type="0"/>
    <Peak1D F1="8.104152" intensity="1.391087e+000" type="0"/>
    <Peak1D F1="8.097356" intensity="9.318523e-001" type="0"/>
    <Peak1D F1="8.092272" intensity="8.336619e-001" type="0"/>
    <Peak1D F1="8.063701" intensity="5.639921e-002" type="0"/>
    <Peak1D F1="8.054256" intensity="3.194264e-002" type="0"/>
    <Peak1D F1="8.045862" intensity="2.673959e-002" type="0"/>
    <Peak1D F1="8.041839" intensity="2.687589e-002" type="0"/>
    <Peak1D F1="8.034153" intensity="1.913493e-002" type="0"/>
    <Peak1D F1="8.012303" intensity="8.595467e-002" type="0"/>
    <Peak1D F1="8.005481" intensity="1.010675e-001" type="0"/>
    <Peak1D F1="8.000744" intensity="7.513063e-002" type="0"/>
    <Peak1D F1="7.995641" intensity="8.892161e-002" type="0"/>
    <Peak1D F1="7.990438" intensity="9.590427e-002" type="0"/>
    <Peak1D F1="7.983589" intensity="9.215579e-002" type="0"/>
    <Peak1D F1="7.974084" intensity="1.050991e-001" type="0"/>
    <Peak1D F1="7.963539" intensity="6.921201e-002" type="0"/>
    <Peak1D F1="7.954321" intensity="8.459283e-002" type="0"/>
    <Peak1D F1="7.951168" intensity="9.307794e-002" type="0"/>
    <Peak1D F1="7.948648" intensity="9.196234e-002" type="0"/>
    <Peak1D F1="7.943153" intensity="7.716506e-002" type="0"/>
    <Peak1D F1="7.868997" intensity="8.142035e-002" type="0"/>
    <Peak1D F1="7.821785" intensity="1.289595e-001" type="0"/>
    <Peak1D F1="7.801047" intensity="2.586521e-001" type="0"/>
    <Peak1D F1="7.798301" intensity="2.569344e-001" type="0"/>
    <Peak1D F1="7.794215" intensity="2.524420e-001" type="0"/>
    <Peak1D F1="7.785149" intensity="2.464520e-001" type="0"/>
    <Peak1D F1="7.773581" intensity="2.919746e-001" type="0"/>
    <Peak1D F1="7.770099" intensity="2.672598e-001" type="0"/>
    <Peak1D F1="7.751411" intensity="1.852326e-001" type="0"/>
    <Peak1D F1="7.736588" intensity="1.832508e-001" type="0"/>
    <Peak1D F1="7.730902" intensity="1.860137e-001" type="0"/>
    <Peak1D F1="7.715153" intensity="1.244473e-001" type="0"/>
    <Peak1D F1="7.710349" intensity="1.112518e-001" type="0"/>
    <Peak1D F1="7.688068" intensity="3.679651e-002" type="0"/>
    <Peak1D F1="7.667428" intensity="4.474425e-002" type="0"/>
    <Peak1D F1="7.643231" intensity="9.337840e-002" type="0"/>
    <Peak1D F1="7.639251" intensity="1.146490e-001" type="0"/>
    <Peak1D F1="7.634007" intensity="9.005854e-002" type="0"/>
    <Peak1D F1="7.621141" intensity="9.745396e-002" type="0"/>
    <Peak1D F1="7.617177" intensity="1.106482e-001" type="0"/>
    <Peak1D F1="7.611952" intensity="8.302766e-002" type="0"/>
    <Peak1D F1="7.599620" intensity="5.228990e-002" type="0"/>
    <Peak1D F1="7.582872" intensity="6.125338e-002" type="0"/>
    <Peak1D F1="7.577628" intensity="5.955824e-002" type="0"/>
    <Peak1D F1="7.571363" intensity="7.113365e-002" type="0"/>
    <Peak1D F1="7.565632" intensity="7.845822e-002" type="0"/>
    <Peak1D F1="7.549991" intensity="7.638419e-002" type="0"/>
    <Peak1D F1="7.543604" intensity="8.450361e-002" type="0"/>
    <Peak1D F1="7.536296" intensity="7.394282e-002" type="0"/>
    <Peak1D F1="7.523407" intensity="8.724707e-002" type="0"/>
    <Peak1D F1="7.516636" intensity="8.959753e-002" type="0"/>
    <Peak1D F1="7.502863" intensity="1.876356e-001" type="0"/>
    <Peak1D F1="7.493153" intensity="3.018794e-001" type="0"/>
    <Peak1D F1="7.473711" intensity="1.250582e+000" type="0"/>
    <Peak1D F1="7.467530" intensity="1.667281e+000" type="0"/>
    <Peak1D F1="7.462351" intensity="1.301682e+000" type="0"/>
    <Peak1D F1="7.458200" intensity="1.406139e+000" type="0"/>
    <Peak1D F1="7.452357" intensity="1.498533e+000" type="0"/>
    <Peak1D F1="7.445542" intensity="1.574173e+000" type="0"/>
    <Peak1D F1="7.440647" intensity="1.140205e+000" type="0"/>
    <Peak1D F1="7.414145" intensity="2.147973e-001" type="0"/>
    <Peak1D F1="7.409185" intensity="2.156266e-001" type="0"/>
    <Peak1D F1="7.332831" intensity="2.076548e-002" type="0"/>
    <Peak1D F1="7.327982" intensity="2.086311e-002" type="0"/>
    <Peak1D F1="7.321983" intensity="1.984381e-002" type="0"/>
    <Peak1D F1="7.282736" intensity="3.313330e-001" type="0"/>
    <Peak1D F1="7.276170" intensity="5.620097e-002" type="0"/>
    <Peak1D F1="7.265370" intensity="6.363858e-002" type="0"/>
    <Peak1D F1="7.233789" intensity="1.651102e+001" type="0"/>
    <Peak1D F1="7.209578" intensity="5.359048e-002" type="0"/>
    <Peak1D F1="7.195100" intensity="2.874566e-002" type="0"/>
    <Peak1D F1="7.183083" intensity="3.051467e-001" type="0"/>
    <Peak1D F1="7.152962" intensity="3.193410e-003" type="0"/>
    <Peak1D F1="7.141878" intensity="3.723292e-003" type="0"/>
    <Peak1D F1="7.133339" intensity="4.135523e-003" type="0"/>
    <Peak1D F1="7.086032" intensity="4.456517e-003" type="0"/>
    <Peak1D F1="7.070210" intensity="4.461762e-003" type="0"/>
    <Peak1D F1="7.032084" intensity="1.736041e-003" type="0"/>
    <Peak1D F1="6.995864" intensity="1.927652e-003" type="0"/>
    <Peak1D F1="6.968916" intensity="9.145950e-002" type="0"/>
    <Peak1D F1="6.203851" intensity="4.768173e-003" type="0"/>
    <Peak1D F1="6.196062" intensity="5.344816e-003" type="0"/>
    <Peak1D F1="6.167654" intensity="3.935326e-003" type="0"/>
    <Peak1D F1="6.161769" intensity="4.304420e-003" type="0"/>
    <Peak1D F1="6.118482" intensity="1.875550e-002" type="0"/>
    <Peak1D F1="6.055424" intensity="5.478534e-002" type="0"/>
    <Peak1D F1="6.047780" intensity="3.182616e-002" type="0"/>
    <Peak1D F1="6.036795" intensity="4.235857e-002" type="0"/>
    <Peak1D F1="6.005480" intensity="1.558283e+000" type="0"/>
    <Peak1D F1="6.001918" intensity="8.681819e-001" type="0"/>
    <Peak1D F1="5.997899" intensity="1.561594e+000" type="0"/>
    <Peak1D F1="5.989738" intensity="7.811159e-001" type="0"/>
    <Peak1D F1="5.986761" intensity="1.146961e+000" type="0"/>
    <Peak1D F1="5.955843" intensity="8.789416e-002" type="0"/>
    <Peak1D F1="5.947737" intensity="8.624146e-002" type="0"/>
    <Peak1D F1="5.936928" intensity="5.905438e-002" type="0"/>
    <Peak1D F1="5.899684" intensity="1.573084e-002" type="0"/>
    <Peak1D F1="5.863064" intensity="9.694688e-003" type="0"/>
    <Peak1D F1="5.848953" intensity="8.016394e-003" type="0"/>
    <Peak1D F1="5.808505" intensity="4.937226e-002" type="0"/>
    <Peak1D F1="5.781466" intensity="4.625686e-002" type="0"/>
    <Peak1D F1="5.747405" intensity="7.125718e-003" type="0"/>
    <Peak1D F1="5.718140" intensity="5.803395e-003" type="0"/>
    <Peak1D F1="5.540901" intensity="8.621437e-003" type="0"/>
    <Peak1D F1="5.487679" intensity="4.483077e-003" type="0"/>
    <Peak1D F1="5.452265" intensity="7.872734e-002" type="0"/>
    <Peak1D F1="5.445555" intensity="7.226682e-002" type="0"/>
    <Peak1D F1="5.368970" intensity="5.841660e-003" type="0"/>
    <Peak1D F1="5.327743" intensity="1.355858e-001" type="0"/>
    <Peak1D F1="5.320557" intensity="1.198415e-001" type="0"/>
    <Peak1D F1="5.279583" intensity="3.784081e-003" type="0"/>
    <Peak1D F1="5.268038" intensity="3.526151e-003" type="0"/>
    <Peak1D F1="4.994100" intensity="5.920335e-003" type="0"/>
    <Peak1D F1="4.968664" intensity="1.434784e-002" type="0"/>
    <Peak1D F1="4.939057" intensity="1.202813e-002" type="0"/>
    <Peak1D F1="4.920726" intensity="1.357828e-002" type="0"/>
    <Peak1D F1="4.898576" intensity="1.936134e-002" type="0"/>
    <Peak1D F1="4.887372" intensity="2.751913e-002" type="0"/>
    <Peak1D F1="4.863937" intensity="5.839809e-002" type="0"/>
    <Peak1D F1="4.841821" intensity="5.392168e-002" type="0"/>
    <Peak1D F1="4.813436" intensity="1.151069e+000" type="0"/>
    <Peak1D F1="4.791624" intensity="1.209314e+000" type="0"/>
    <Peak1D F1="4.763907" intensity="7.603651e-002" type="0"/>
    <Peak1D F1="4.739598" intensity="9.793371e-002" type="0"/>
    <Peak1D F1="4.700979" intensity="1.247727e-001" type="0"/>
    <Peak1D F1="4.608039" intensity="4.189255e-002" type="0"/>
    <Peak1D F1="4.398534" intensity="2.845042e-003" type="0"/>
    <Peak1D F1="4.351703" intensity="2.080890e-003" type="0"/>
    <Peak1D F1="4.199098" intensity="1.534088e-003" type="0"/>
    <Peak1D F1="4.185909" intensity="1.566111e-003" type="0"/>
    <Peak1D F1="4.157099" intensity="2.047454e-003" type="0"/>
    <Peak1D F1="4.139057" intensity="1.922152e-003" type="0"/>
    <Peak1D F1="4.073458" intensity="1.913851e-003" type="0"/>
    <Peak1D F1="4.054641" intensity="2.045203e-003" type="0"/>
    <Peak1D F1="3.866345" intensity="2.436073e-002" type="0"/>
    <Peak1D F1="3.858911" intensity="2.543433e-002" type="0"/>
    <Peak1D F1="3.847990" intensity="1.859521e-002" type="0"/>
    <Peak1D F1="3.835722" intensity="4.591462e-003" type="0"/>
    <Peak1D F1="3.831145" intensity="4.551216e-003" type="0"/>
    <Peak1D F1="3.798788" intensity="2.009715e-002" type="0"/>
    <Peak1D F1="3.790339" intensity="2.078027e-002" type="0"/>
    <Peak1D F1="3.780910" intensity="1.796708e-002" type="0"/>
    <Peak1D F1="3.772187" intensity="1.430138e-002" type="0"/>
    <Peak1D F1="3.750770" intensity="6.857627e-002" type="0"/>
    <Peak1D F1="3.738934" intensity="1.984049e-001" type="0"/>
    <Peak1D F1="3.731514" intensity="1.315009e-001" type="0"/>
    <Peak1D F1="3.720650" intensity="1.228409e-001" type="0"/>
    <Peak1D F1="3.688968" intensity="4.658466e+000" type="0"/>
    <Peak1D F1="3.685748" intensity="2.598198e+000" type="0"/>
    <Peak1D F1="3.681502" intensity="4.713381e+000" type="0"/>
    <Peak1D F1="3.673530" intensity="2.315885e+000" type="0"/>
    <Peak1D F1="3.670534" intensity="3.396508e+000" type="0"/>
    <Peak1D F1="3.639392" intensity="1.498586e-001" type="0"/>
    <Peak1D F1="3.631873" intensity="6.538948e-002" type="0"/>
    <Peak1D F1="3.620631" intensity="8.017099e-002" type="0"/>
    <Peak1D F1="3.589009" intensity="6.471081e-003" type="0"/>
    <Peak1D F1="3.535606" intensity="1.288748e-002" type="0"/>
    <Peak1D F1="3.529361" intensity="1.367041e-002" type="0"/>
    <Peak1D F1="3.519721" intensity="1.149417e-002" type="0"/>
    <Peak1D F1="3.506680" intensity="2.962575e-002" type="0"/>
    <Peak1D F1="3.499244" intensity="2.903126e-002" type="0"/>
    <Peak1D F1="3.488307" intensity="2.272448e-002" type="0"/>
    <Peak1D F1="3.455928" intensity="7.186568e-003" type="0"/>
    <Peak1D F1="3.436455" intensity="1.077454e-002" type="0"/>
    <Peak1D F1="3.412193" intensity="1.074224e-002" type="0"/>
    <Peak1D F1="3.386307" intensity="1.243464e-001" type="0"/>
    <Peak1D F1="3.376796" intensity="1.197138e-001" type="0"/>
    <Peak1D F1="3.362466" intensity="8.466061e-002" type="0"/>
    <Peak1D F1="3.337014" intensity="1.016840e-002" type="0"/>
    <Peak1D F1="3.328690" intensity="1.176709e-002" type="0"/>
    <Peak1D F1="3.322299" intensity="1.128383e-002" type="0"/>
    <Peak1D F1="3.313380" intensity="9.942232e-003" type="0"/>
    <Peak1D F1="2.928100" intensity="6.321207e-003" type="0"/>
    <Peak1D F1="2.910308" intensity="7.179842e-003" type="0"/>
    <Peak1D F1="2.883457" intensity="2.011996e-002" type="0"/>
    <Peak1D F1="2.862369" intensity="2.809198e-002" type="0"/>
    <Peak1D F1="2.844105" intensity="1.887573e-002" type="0"/>
    <Peak1D F1="2.811348" intensity="1.025175e-002" type="0"/>
    <Peak1D F1="2.704606" intensity="2.777591e-003" type="0"/>
    <Peak1D F1="2.693499" intensity="3.364653e-003" type="0"/>
    <Peak1D F1="2.671351" intensity="4.734019e-003" type="0"/>
    <Peak1D F1="2.644490" intensity="5.766703e-003" type="0"/>
    <Peak1D F1="2.621949" intensity="7.728003e-003" type="0"/>
    <Peak1D F1="2.537713" intensity="5.452597e-002" type="0"/>
    <Peak1D F1="2.489492" intensity="2.151111e-002" type="0"/>
    <Peak1D F1="2.460678" intensity="2.146201e-002" type="0"/>
    <Peak1D F1="2.440783" intensity="2.252188e-002" type="0"/>
    <Peak1D F1="2.391042" intensity="2.210165e-001" type="0"/>
    <Peak1D F1="2.380198" intensity="3.065673e-001" type="0"/>
    <Peak1D F1="2.370270" intensity="4.543547e-001" type="0"/>
    <Peak1D F1="2.367229" intensity="4.434119e-001" type="0"/>
    <Peak1D F1="2.346580" intensity="7.358315e-001" type="0"/>
    <Peak1D F1="2.340695" intensity="7.398165e-001" type="0"/>
    <Peak1D F1="2.337210" intensity="6.850209e-001" type="0"/>
    <Peak1D F1="2.328653" intensity="7.079457e-001" type="0"/>
    <Peak1D F1="2.325122" intensity="6.805150e-001" type="0"/>
    <Peak1D F1="2.318970" intensity="7.536790e-001" type="0"/>
    <Peak1D F1="2.298178" intensity="3.255035e-001" type="0"/>
    <Peak1D F1="2.277498" intensity="9.460398e-002" type="0"/>
    <Peak1D F1="2.255535" intensity="1.434072e-001" type="0"/>
    <Peak1D F1="2.243791" intensity="1.688899e-001" type="0"/>
    <Peak1D F1="2.236175" intensity="1.714642e-001" type="0"/>
    <Peak1D F1="2.226701" intensity="1.663623e-001" type="0"/>
    <Peak1D F1="2.216267" intensity="2.266198e-001" type="0"/>
    <Peak1D F1="2.205339" intensity="2.347133e-001" type="0"/>
    <Peak1D F1="2.189546" intensity="3.953015e-001" type="0"/>
    <Peak1D F1="2.179388" intensity="3.706141e-001" type="0"/>
    <Peak1D F1="2.167658" intensity="5.071335e-001" type="0"/>
    <Peak1D F1="2.155742" intensity="4.457133e-001" type="0"/>
    <Peak1D F1="2.141180" intensity="6.119974e-001" type="0"/>
    <Peak1D F1="2.133804" intensity="7.487488e-001" type="0"/>
    <Peak1D F1="2.130066" intensity="7.157160e-001" type="0"/>
    <Peak1D F1="2.083880" intensity="1.287834e+001" type="0"/>
    <Peak1D F1="2.076217" intensity="1.364612e+001" type="0"/>
    <Peak1D F1="2.065293" intensity="1.309111e+001" type="0"/>
    <Peak1D F1="2.058425" intensity="7.954859e+000" type="0"/>
    <Peak1D F1="2.015786" intensity="5.281336e-001" type="0"/>
    <Peak1D F1="1.996888" intensity="2.514636e-001" type="0"/>
    <Peak1D F1="1.950452" intensity="5.345646e-001" type="0"/>
    <Peak1D F1="1.933598" intensity="9.528175e-001" type="0"/>
    <Peak1D F1="1.902823" intensity="5.429418e+000" type="0"/>
    <Peak1D F1="1.894681" intensity="8.227954e+000" type="0"/>
    <Peak1D F1="1.883966" intensity="1.456189e+001" type="0"/>
    <Peak1D F1="1.876760" intensity="1.500000e+001" type="0"/>
    <Peak1D F1="1.866679" intensity="1.193265e+001" type="0"/>
    <Peak1D F1="1.859719" intensity="6.371053e+000" type="0"/>
    <Peak1D F1="1.858560" intensity="6.373772e+000" type="0"/>
    <Peak1D F1="1.849685" intensity="2.942909e+000" type="0"/>
    <Peak1D F1="1.834773" intensity="8.849614e-001" type="0"/>
    <Peak1D F1="1.827510" intensity="5.588793e-001" type="0"/>
    <Peak1D F1="1.816941" intensity="4.068190e-001" type="0"/>
    <Peak1D F1="1.735172" intensity="1.467525e-001" type="0"/>
    <Peak1D F1="1.727575" intensity="1.612188e-001" type="0"/>
    <Peak1D F1="1.705112" intensity="3.386956e-001" type="0"/>
    <Peak1D F1="1.698088" intensity="4.403296e-001" type="0"/>
    <Peak1D F1="1.689884" intensity="6.257955e-001" type="0"/>
    <Peak1D F1="1.685490" intensity="6.297838e-001" type="0"/>
    <Peak1D F1="1.681324" intensity="5.753832e-001" type="0"/>
    <Peak1D F1="1.668440" intensity="9.449911e-001" type="0"/>
    <Peak1D F1="1.655441" intensity="7.438681e-001" type="0"/>
    <Peak1D F1="1.649480" intensity="7.385796e-001" type="0"/>
    <Peak1D F1="1.645964" intensity="6.884837e-001" type="0"/>
    <Peak1D F1="1.616762" intensity="3.100240e-001" type="0"/>
    <Peak1D F1="1.608069" intensity="2.733684e-001" type="0"/>
    <Peak1D F1="1.601269" intensity="2.239968e-001" type="0"/>
    <Peak1D F1="1.537030" intensity="1.169192e-001" type="0"/>
    <Peak1D F1="1.531345" intensity="1.334317e-001" type="0"/>
    <Peak1D F1="1.518641" intensity="1.989528e-001" type="0"/>
    <Peak1D F1="1.515880" intensity="2.035999e-001" type="0"/>
    <Peak1D F1="1.507751" intensity="2.105312e-001" type="0"/>
    <Peak1D F1="1.501747" intensity="2.878386e-001" type="0"/>
    <Peak1D F1="1.497275" intensity="3.143331e-001" type="0"/>
    <Peak1D F1="1.490843" intensity="2.885414e-001" type="0"/>
    <Peak1D F1="1.485092" intensity="3.239641e-001" type="0"/>
    <Peak1D F1="1.479496" intensity="3.250966e-001" type="0"/>
    <Peak1D F1="1.473637" intensity="3.534973e-001" type="0"/>
    <Peak1D F1="1.461940" intensity="2.503340e-001" type="0"/>
    <Peak1D F1="1.458748" intensity="2.367317e-001" type="0"/>
    <Peak1D F1="1.451563" intensity="2.529721e-001" type="0"/>
    <Peak1D F1="1.445029" intensity="2.106677e-001" type="0"/>
    <Peak1D F1="1.425776" intensity="9.805654e-002" type="0"/>
    <Peak1D F1="1.415743" intensity="8.441648e-002" type="0"/>
    <Peak1D F1="1.178180" intensity="7.079951e-002" type="0"/>
    <Peak1D F1="1.041578" intensity="6.569024e-003" type="0"/>
    <Peak1D F1="1.010761" intensity="6.576729e-003" type="0"/>
    <Peak1D F1="0.897393" intensity="4.442107e-003" type="0"/>
    <Peak1D F1="0.843614" intensity="4.532283e-003" type="0"/>
    <Peak1D F1="0.797393" intensity="1.761808e-002" type="0"/>
    <Peak1D F1="0.787238" intensity="1.807948e-002" type="0"/>
    <Peak1D F1="0.777394" intensity="1.746465e-002" type="0"/>
    <Peak1D F1="0.770546" intensity="1.750142e-002" type="0"/>
    <Peak1D F1="0.677766" intensity="3.553201e-003" type="0"/>
    <Peak1D F1="0.551135" intensity="1.939540e-003" type="0"/>
    <Peak1D F1="0.543978" intensity="1.562120e-003" type="0"/>
    <Peak1D F1="0.533994" intensity="1.656022e-003" type="0"/>
    <Peak1D F1="0.005077" intensity="3.992537e-002" type="0"/>
    <Peak1D F1="-0.000154" intensity="4.743364e-002" type="0"/>
    <Peak1D F1="-0.006918" intensity="3.534495e-002" type="0"/>
    <Peak1D F1="-2.060678" intensity="1.436455e-003" type="0"/>
    <Peak1D F1="-2.250940" intensity="1.465737e-003" type="0"/>
  </PeakList1D>
</PeakList>
