<?xml version="1.0" encoding="UTF-8"?>
<PeakList>
  <PeakList1D>
    <PeakList1DHeader creator="nmr" date="2021-08-21T18:30:42.895+03:00" expNo="20" name="ID-420-A-21.8.21" owner="" procNo="1" source="//132.72.8.180/400b/Milo/Milo">
      <PeakPickDetails>F1=16.136801ppm, F2=-3.892245ppm, MI=0.00cm, MAXI=10000.00cm, PC=1.000
      </PeakPickDetails>
    </PeakList1DHeader>
    <Peak1D F1="14.982504" intensity="9.004003e-004" type="0"/>
    <Peak1D F1="12.411980" intensity="8.998171e-004" type="0"/>
    <Peak1D F1="12.032206" intensity="8.845280e-004" type="0"/>
    <Peak1D F1="11.924274" intensity="1.239246e-003" type="0"/>
    <Peak1D F1="11.495416" intensity="8.915843e-004" type="0"/>
    <Peak1D F1="10.859840" intensity="9.240882e-004" type="0"/>
    <Peak1D F1="10.684717" intensity="8.833376e-004" type="0"/>
    <Peak1D F1="10.313241" intensity="7.036665e-003" type="0"/>
    <Peak1D F1="10.232105" intensity="1.121414e-003" type="0"/>
    <Peak1D F1="10.146346" intensity="2.112535e-002" type="0"/>
    <Peak1D F1="10.142076" intensity="2.214750e-002" type="0"/>
    <Peak1D F1="10.138842" intensity="2.255872e-002" type="0"/>
    <Peak1D F1="10.123439" intensity="1.094280e-002" type="0"/>
    <Peak1D F1="10.119675" intensity="1.100981e-002" type="0"/>
    <Peak1D F1="10.096229" intensity="7.954287e-001" type="0"/>
    <Peak1D F1="10.092538" intensity="1.308243e+000" type="0"/>
    <Peak1D F1="10.089368" intensity="8.740643e-001" type="0"/>
    <Peak1D F1="10.060722" intensity="1.149053e-002" type="0"/>
    <Peak1D F1="10.042879" intensity="1.897814e-002" type="0"/>
    <Peak1D F1="9.865756" intensity="7.119515e-003" type="0"/>
    <Peak1D F1="8.545668" intensity="4.213982e-003" type="0"/>
    <Peak1D F1="8.527642" intensity="4.629740e-003" type="0"/>
    <Peak1D F1="8.524239" intensity="4.607681e-003" type="0"/>
    <Peak1D F1="8.496881" intensity="9.467799e-004" type="0"/>
    <Peak1D F1="8.479011" intensity="1.005849e-003" type="0"/>
    <Peak1D F1="8.457109" intensity="1.238366e-003" type="0"/>
    <Peak1D F1="8.390048" intensity="1.870997e-002" type="0"/>
    <Peak1D F1="8.385883" intensity="2.120680e-002" type="0"/>
    <Peak1D F1="8.381571" intensity="2.237011e-002" type="0"/>
    <Peak1D F1="8.368252" intensity="2.355837e-002" type="0"/>
    <Peak1D F1="8.364010" intensity="2.679005e-002" type="0"/>
    <Peak1D F1="8.359838" intensity="2.805233e-002" type="0"/>
    <Peak1D F1="8.340257" intensity="5.874612e-001" type="0"/>
    <Peak1D F1="8.335805" intensity="9.844410e-001" type="0"/>
    <Peak1D F1="8.331810" intensity="7.714177e-001" type="0"/>
    <Peak1D F1="8.318586" intensity="8.526281e-001" type="0"/>
    <Peak1D F1="8.314324" intensity="1.121666e+000" type="0"/>
    <Peak1D F1="8.310304" intensity="7.037446e-001" type="0"/>
    <Peak1D F1="8.290755" intensity="2.084491e-002" type="0"/>
    <Peak1D F1="8.286370" intensity="2.168371e-002" type="0"/>
    <Peak1D F1="8.282391" intensity="1.869357e-002" type="0"/>
    <Peak1D F1="8.274245" intensity="9.577895e-003" type="0"/>
    <Peak1D F1="8.269088" intensity="1.725457e-002" type="0"/>
    <Peak1D F1="8.264678" intensity="1.827063e-002" type="0"/>
    <Peak1D F1="8.260372" intensity="1.346287e-002" type="0"/>
    <Peak1D F1="8.230670" intensity="1.200526e-002" type="0"/>
    <Peak1D F1="8.227353" intensity="1.173201e-002" type="0"/>
    <Peak1D F1="8.205785" intensity="1.499666e-002" type="0"/>
    <Peak1D F1="8.201248" intensity="1.828716e-002" type="0"/>
    <Peak1D F1="8.189280" intensity="1.573467e-002" type="0"/>
    <Peak1D F1="8.184231" intensity="1.678770e-002" type="0"/>
    <Peak1D F1="8.178981" intensity="1.946989e-002" type="0"/>
    <Peak1D F1="8.149766" intensity="2.583973e-001" type="0"/>
    <Peak1D F1="8.144591" intensity="4.348994e-001" type="0"/>
    <Peak1D F1="8.139673" intensity="3.467880e-001" type="0"/>
    <Peak1D F1="8.133772" intensity="1.467156e-001" type="0"/>
    <Peak1D F1="8.127626" intensity="3.677278e-001" type="0"/>
    <Peak1D F1="8.122478" intensity="4.784154e-001" type="0"/>
    <Peak1D F1="8.117821" intensity="2.915806e-001" type="0"/>
    <Peak1D F1="8.102747" intensity="3.147496e-002" type="0"/>
    <Peak1D F1="8.076978" intensity="3.480878e-002" type="0"/>
    <Peak1D F1="8.053261" intensity="6.429621e-002" type="0"/>
    <Peak1D F1="8.048277" intensity="7.246195e-002" type="0"/>
    <Peak1D F1="8.043395" intensity="6.592266e-002" type="0"/>
    <Peak1D F1="8.030108" intensity="8.104197e-001" type="0"/>
    <Peak1D F1="8.027403" intensity="1.346925e+000" type="0"/>
    <Peak1D F1="8.005465" intensity="1.149839e+000" type="0"/>
    <Peak1D F1="7.977536" intensity="2.656161e-002" type="0"/>
    <Peak1D F1="7.955729" intensity="1.826230e-002" type="0"/>
    <Peak1D F1="7.937915" intensity="7.409378e-003" type="0"/>
    <Peak1D F1="7.933811" intensity="7.465927e-003" type="0"/>
    <Peak1D F1="7.920490" intensity="5.915100e-003" type="0"/>
    <Peak1D F1="7.916116" intensity="8.013193e-003" type="0"/>
    <Peak1D F1="7.851632" intensity="2.785590e-003" type="0"/>
    <Peak1D F1="7.829618" intensity="3.565833e-003" type="0"/>
    <Peak1D F1="7.816920" intensity="5.898386e-003" type="0"/>
    <Peak1D F1="7.798064" intensity="5.400224e-003" type="0"/>
    <Peak1D F1="7.684411" intensity="2.763932e-003" type="0"/>
    <Peak1D F1="7.666112" intensity="2.449342e-003" type="0"/>
    <Peak1D F1="7.615321" intensity="9.065886e-003" type="0"/>
    <Peak1D F1="7.592308" intensity="8.845632e-003" type="0"/>
    <Peak1D F1="7.562760" intensity="4.049896e-003" type="0"/>
    <Peak1D F1="7.539284" intensity="2.677433e-002" type="0"/>
    <Peak1D F1="7.517346" intensity="2.741806e-002" type="0"/>
    <Peak1D F1="7.508845" intensity="2.700052e-002" type="0"/>
    <Peak1D F1="7.483625" intensity="4.965937e-001" type="0"/>
    <Peak1D F1="7.462477" intensity="4.488653e-001" type="0"/>
    <Peak1D F1="7.438089" intensity="5.532043e-002" type="0"/>
    <Peak1D F1="7.435685" intensity="6.215733e-002" type="0"/>
    <Peak1D F1="7.415697" intensity="5.420515e-002" type="0"/>
    <Peak1D F1="7.413576" intensity="5.385051e-002" type="0"/>
    <Peak1D F1="7.355558" intensity="7.308814e-003" type="0"/>
    <Peak1D F1="7.331528" intensity="1.685846e-002" type="0"/>
    <Peak1D F1="7.306801" intensity="2.449569e-002" type="0"/>
    <Peak1D F1="7.301184" intensity="2.645802e-002" type="0"/>
    <Peak1D F1="7.280540" intensity="3.267159e-001" type="0"/>
    <Peak1D F1="7.274081" intensity="1.188831e-001" type="0"/>
    <Peak1D F1="7.261806" intensity="1.539956e-001" type="0"/>
    <Peak1D F1="7.231791" intensity="1.617468e+001" type="0"/>
    <Peak1D F1="7.206455" intensity="4.780532e-002" type="0"/>
    <Peak1D F1="7.196661" intensity="4.480049e-002" type="0"/>
    <Peak1D F1="7.192977" intensity="5.048773e-002" type="0"/>
    <Peak1D F1="7.182029" intensity="2.599390e-001" type="0"/>
    <Peak1D F1="7.163972" intensity="2.779557e-003" type="0"/>
    <Peak1D F1="7.158385" intensity="2.949832e-003" type="0"/>
    <Peak1D F1="7.150725" intensity="2.153331e-003" type="0"/>
    <Peak1D F1="7.140213" intensity="2.642296e-003" type="0"/>
    <Peak1D F1="7.132263" intensity="3.336028e-003" type="0"/>
    <Peak1D F1="7.130276" intensity="2.887742e-003" type="0"/>
    <Peak1D F1="7.101911" intensity="6.244738e-003" type="0"/>
    <Peak1D F1="7.081892" intensity="5.947309e-003" type="0"/>
    <Peak1D F1="7.016609" intensity="1.606346e-003" type="0"/>
    <Peak1D F1="6.966988" intensity="8.857509e-002" type="0"/>
    <Peak1D F1="6.871236" intensity="1.246113e-003" type="0"/>
    <Peak1D F1="6.827778" intensity="4.797759e-003" type="0"/>
    <Peak1D F1="6.806360" intensity="3.374253e-002" type="0"/>
    <Peak1D F1="6.800393" intensity="4.399204e-002" type="0"/>
    <Peak1D F1="6.794460" intensity="3.168034e-002" type="0"/>
    <Peak1D F1="6.789771" intensity="2.921264e-002" type="0"/>
    <Peak1D F1="6.783833" intensity="6.164988e-002" type="0"/>
    <Peak1D F1="6.777843" intensity="8.169278e-002" type="0"/>
    <Peak1D F1="6.771872" intensity="5.653387e-002" type="0"/>
    <Peak1D F1="6.766277" intensity="3.496589e-002" type="0"/>
    <Peak1D F1="6.761298" intensity="4.702808e-002" type="0"/>
    <Peak1D F1="6.755325" intensity="4.541503e-002" type="0"/>
    <Peak1D F1="6.749298" intensity="2.792476e-002" type="0"/>
    <Peak1D F1="6.324860" intensity="5.865719e-003" type="0"/>
    <Peak1D F1="6.311221" intensity="1.024484e-003" type="0"/>
    <Peak1D F1="6.252248" intensity="1.203131e-003" type="0"/>
    <Peak1D F1="6.240963" intensity="9.112285e-004" type="0"/>
    <Peak1D F1="6.206861" intensity="4.600613e-002" type="0"/>
    <Peak1D F1="6.192720" intensity="8.365933e-003" type="0"/>
    <Peak1D F1="6.140797" intensity="2.848419e-003" type="0"/>
    <Peak1D F1="6.117797" intensity="2.741562e-002" type="0"/>
    <Peak1D F1="6.113632" intensity="4.384815e-002" type="0"/>
    <Peak1D F1="6.110079" intensity="2.918045e-002" type="0"/>
    <Peak1D F1="6.097894" intensity="7.274488e-002" type="0"/>
    <Peak1D F1="6.094076" intensity="1.265128e-001" type="0"/>
    <Peak1D F1="6.090787" intensity="9.017395e-002" type="0"/>
    <Peak1D F1="6.059676" intensity="2.015688e-002" type="0"/>
    <Peak1D F1="6.048873" intensity="5.726847e-002" type="0"/>
    <Peak1D F1="6.037235" intensity="2.174026e-002" type="0"/>
    <Peak1D F1="6.033320" intensity="3.691022e-002" type="0"/>
    <Peak1D F1="6.029895" intensity="2.952629e-002" type="0"/>
    <Peak1D F1="6.009857" intensity="6.942868e-001" type="0"/>
    <Peak1D F1="6.004706" intensity="1.182988e+000" type="0"/>
    <Peak1D F1="5.999960" intensity="6.982303e-001" type="0"/>
    <Peak1D F1="5.964741" intensity="5.243558e-003" type="0"/>
    <Peak1D F1="5.960023" intensity="1.590336e-002" type="0"/>
    <Peak1D F1="5.954968" intensity="1.550244e-002" type="0"/>
    <Peak1D F1="5.950458" intensity="1.226917e-002" type="0"/>
    <Peak1D F1="5.935660" intensity="8.021256e-003" type="0"/>
    <Peak1D F1="5.923768" intensity="8.119099e-003" type="0"/>
    <Peak1D F1="5.895777" intensity="1.374746e-003" type="0"/>
    <Peak1D F1="5.808187" intensity="4.105022e-003" type="0"/>
    <Peak1D F1="5.803067" intensity="4.287277e-003" type="0"/>
    <Peak1D F1="5.797904" intensity="2.835175e-003" type="0"/>
    <Peak1D F1="5.421148" intensity="4.027896e-003" type="0"/>
    <Peak1D F1="5.394782" intensity="2.247695e-003" type="0"/>
    <Peak1D F1="5.368941" intensity="2.040902e-003" type="0"/>
    <Peak1D F1="5.344948" intensity="1.655700e-002" type="0"/>
    <Peak1D F1="5.001632" intensity="2.347233e-003" type="0"/>
    <Peak1D F1="4.993144" intensity="1.040689e-003" type="0"/>
    <Peak1D F1="4.979382" intensity="2.127727e-003" type="0"/>
    <Peak1D F1="4.871662" intensity="7.895979e-003" type="0"/>
    <Peak1D F1="4.850027" intensity="8.384862e-003" type="0"/>
    <Peak1D F1="4.822252" intensity="3.705035e-001" type="0"/>
    <Peak1D F1="4.800175" intensity="3.774487e-001" type="0"/>
    <Peak1D F1="4.772466" intensity="8.397792e-003" type="0"/>
    <Peak1D F1="4.750338" intensity="7.236901e-003" type="0"/>
    <Peak1D F1="4.707967" intensity="1.929326e-003" type="0"/>
    <Peak1D F1="4.668353" intensity="1.622984e-003" type="0"/>
    <Peak1D F1="4.638549" intensity="3.204366e-003" type="0"/>
    <Peak1D F1="4.616719" intensity="3.364826e-003" type="0"/>
    <Peak1D F1="4.587044" intensity="1.747623e-003" type="0"/>
    <Peak1D F1="4.574148" intensity="1.782249e-003" type="0"/>
    <Peak1D F1="4.511255" intensity="2.247745e-003" type="0"/>
    <Peak1D F1="4.500496" intensity="2.135029e-003" type="0"/>
    <Peak1D F1="4.476699" intensity="1.715858e-003" type="0"/>
    <Peak1D F1="4.414961" intensity="1.640170e-003" type="0"/>
    <Peak1D F1="4.403688" intensity="1.790487e-003" type="0"/>
    <Peak1D F1="4.323688" intensity="1.341685e-003" type="0"/>
    <Peak1D F1="4.285227" intensity="1.150163e-003" type="0"/>
    <Peak1D F1="4.244862" intensity="9.295004e-004" type="0"/>
    <Peak1D F1="4.048487" intensity="1.325370e-003" type="0"/>
    <Peak1D F1="4.028649" intensity="1.948508e-003" type="0"/>
    <Peak1D F1="3.986171" intensity="1.232713e-003" type="0"/>
    <Peak1D F1="3.981331" intensity="1.305557e-003" type="0"/>
    <Peak1D F1="3.921935" intensity="1.591498e-003" type="0"/>
    <Peak1D F1="3.873966" intensity="1.177965e-002" type="0"/>
    <Peak1D F1="3.869137" intensity="1.982429e-002" type="0"/>
    <Peak1D F1="3.864867" intensity="1.268452e-002" type="0"/>
    <Peak1D F1="3.845385" intensity="2.072021e-002" type="0"/>
    <Peak1D F1="3.841120" intensity="2.953672e-002" type="0"/>
    <Peak1D F1="3.837574" intensity="1.807511e-002" type="0"/>
    <Peak1D F1="3.815346" intensity="1.481522e-002" type="0"/>
    <Peak1D F1="3.807472" intensity="8.751909e-002" type="0"/>
    <Peak1D F1="3.802775" intensity="1.384778e-001" type="0"/>
    <Peak1D F1="3.798528" intensity="8.299410e-002" type="0"/>
    <Peak1D F1="3.748446" intensity="2.722372e-001" type="0"/>
    <Peak1D F1="3.744798" intensity="2.554982e-001" type="0"/>
    <Peak1D F1="3.737101" intensity="1.057945e-001" type="0"/>
    <Peak1D F1="3.725326" intensity="3.890207e-002" type="0"/>
    <Peak1D F1="3.721155" intensity="6.993106e-002" type="0"/>
    <Peak1D F1="3.717155" intensity="6.187155e-002" type="0"/>
    <Peak1D F1="3.707209" intensity="2.706606e-001" type="0"/>
    <Peak1D F1="3.703246" intensity="5.009893e-001" type="0"/>
    <Peak1D F1="3.696538" intensity="2.173777e+000" type="0"/>
    <Peak1D F1="3.691726" intensity="3.747961e+000" type="0"/>
    <Peak1D F1="3.687372" intensity="2.247645e+000" type="0"/>
    <Peak1D F1="3.659799" intensity="1.123299e-001" type="0"/>
    <Peak1D F1="3.646918" intensity="5.983270e-002" type="0"/>
    <Peak1D F1="3.642013" intensity="5.666231e-002" type="0"/>
    <Peak1D F1="3.637780" intensity="4.471063e-002" type="0"/>
    <Peak1D F1="3.620009" intensity="5.887895e-003" type="0"/>
    <Peak1D F1="3.610268" intensity="6.388776e-003" type="0"/>
    <Peak1D F1="3.562789" intensity="2.022864e-003" type="0"/>
    <Peak1D F1="3.539458" intensity="1.144204e-003" type="0"/>
    <Peak1D F1="3.514449" intensity="1.221282e-002" type="0"/>
    <Peak1D F1="3.509480" intensity="1.980735e-002" type="0"/>
    <Peak1D F1="3.505219" intensity="1.282159e-002" type="0"/>
    <Peak1D F1="3.472373" intensity="3.994607e-003" type="0"/>
    <Peak1D F1="3.452824" intensity="5.625065e-002" type="0"/>
    <Peak1D F1="3.449086" intensity="1.072861e-001" type="0"/>
    <Peak1D F1="3.445787" intensity="7.642197e-002" type="0"/>
    <Peak1D F1="3.398515" intensity="1.376809e-003" type="0"/>
    <Peak1D F1="2.961281" intensity="1.987739e-003" type="0"/>
    <Peak1D F1="2.942619" intensity="4.084763e-003" type="0"/>
    <Peak1D F1="2.924996" intensity="2.128828e-003" type="0"/>
    <Peak1D F1="2.746218" intensity="2.910227e-003" type="0"/>
    <Peak1D F1="2.719917" intensity="2.099788e-003" type="0"/>
    <Peak1D F1="2.641559" intensity="1.640234e-003" type="0"/>
    <Peak1D F1="2.628170" intensity="1.674503e-003" type="0"/>
    <Peak1D F1="2.607040" intensity="1.450186e-003" type="0"/>
    <Peak1D F1="2.539206" intensity="3.120623e-003" type="0"/>
    <Peak1D F1="2.410995" intensity="6.337561e-002" type="0"/>
    <Peak1D F1="2.405556" intensity="6.261794e-002" type="0"/>
    <Peak1D F1="2.399953" intensity="6.470947e-002" type="0"/>
    <Peak1D F1="2.394819" intensity="7.023200e-002" type="0"/>
    <Peak1D F1="2.390004" intensity="7.387561e-002" type="0"/>
    <Peak1D F1="2.385126" intensity="6.306304e-002" type="0"/>
    <Peak1D F1="2.375716" intensity="9.478467e-002" type="0"/>
    <Peak1D F1="2.367276" intensity="1.077451e-001" type="0"/>
    <Peak1D F1="2.357207" intensity="2.033790e-001" type="0"/>
    <Peak1D F1="2.347055" intensity="1.789265e-001" type="0"/>
    <Peak1D F1="2.336548" intensity="1.509902e-001" type="0"/>
    <Peak1D F1="2.326176" intensity="1.454701e-001" type="0"/>
    <Peak1D F1="2.305840" intensity="8.102193e-002" type="0"/>
    <Peak1D F1="2.268338" intensity="5.823086e-002" type="0"/>
    <Peak1D F1="2.264195" intensity="5.562294e-002" type="0"/>
    <Peak1D F1="2.250357" intensity="1.058734e-001" type="0"/>
    <Peak1D F1="2.239980" intensity="6.551280e-002" type="0"/>
    <Peak1D F1="2.232566" intensity="9.639713e-002" type="0"/>
    <Peak1D F1="2.226826" intensity="9.859841e-002" type="0"/>
    <Peak1D F1="2.220518" intensity="7.494498e-002" type="0"/>
    <Peak1D F1="2.204335" intensity="1.360160e-001" type="0"/>
    <Peak1D F1="2.199502" intensity="1.390637e-001" type="0"/>
    <Peak1D F1="2.193492" intensity="1.073505e-001" type="0"/>
    <Peak1D F1="2.183958" intensity="1.464364e-001" type="0"/>
    <Peak1D F1="2.177682" intensity="1.829597e-001" type="0"/>
    <Peak1D F1="2.171462" intensity="1.636488e-001" type="0"/>
    <Peak1D F1="2.155390" intensity="2.973654e-001" type="0"/>
    <Peak1D F1="2.150870" intensity="3.171313e-001" type="0"/>
    <Peak1D F1="2.143631" intensity="4.428833e-001" type="0"/>
    <Peak1D F1="2.138584" intensity="4.932620e-001" type="0"/>
    <Peak1D F1="2.135305" intensity="5.563325e-001" type="0"/>
    <Peak1D F1="2.108898" intensity="5.535706e+000" type="0"/>
    <Peak1D F1="2.106382" intensity="5.883682e+000" type="0"/>
    <Peak1D F1="2.104746" intensity="5.942065e+000" type="0"/>
    <Peak1D F1="2.101157" intensity="6.005706e+000" type="0"/>
    <Peak1D F1="2.093975" intensity="1.154964e+001" type="0"/>
    <Peak1D F1="2.089498" intensity="1.500000e+001" type="0"/>
    <Peak1D F1="2.085718" intensity="1.283215e+001" type="0"/>
    <Peak1D F1="2.075078" intensity="7.141521e+000" type="0"/>
    <Peak1D F1="2.072947" intensity="7.366641e+000" type="0"/>
    <Peak1D F1="2.071087" intensity="7.513130e+000" type="0"/>
    <Peak1D F1="2.050158" intensity="6.745198e-001" type="0"/>
    <Peak1D F1="2.045503" intensity="6.429393e-001" type="0"/>
    <Peak1D F1="2.040647" intensity="5.877693e-001" type="0"/>
    <Peak1D F1="2.036193" intensity="4.788120e-001" type="0"/>
    <Peak1D F1="1.996297" intensity="9.266266e-002" type="0"/>
    <Peak1D F1="1.968802" intensity="1.774536e-001" type="0"/>
    <Peak1D F1="1.942334" intensity="5.581250e-001" type="0"/>
    <Peak1D F1="1.934690" intensity="7.555243e-001" type="0"/>
    <Peak1D F1="1.926786" intensity="1.120493e+000" type="0"/>
    <Peak1D F1="1.923503" intensity="1.356698e+000" type="0"/>
    <Peak1D F1="1.919513" intensity="1.323883e+000" type="0"/>
    <Peak1D F1="1.918513" intensity="1.335705e+000" type="0"/>
    <Peak1D F1="1.907907" intensity="7.340466e+000" type="0"/>
    <Peak1D F1="1.905361" intensity="7.703979e+000" type="0"/>
    <Peak1D F1="1.901741" intensity="7.428053e+000" type="0"/>
    <Peak1D F1="1.893084" intensity="1.247277e+001" type="0"/>
    <Peak1D F1="1.888942" intensity="1.478249e+001" type="0"/>
    <Peak1D F1="1.885580" intensity="1.212456e+001" type="0"/>
    <Peak1D F1="1.877685" intensity="7.261569e+000" type="0"/>
    <Peak1D F1="1.873941" intensity="5.913323e+000" type="0"/>
    <Peak1D F1="1.868915" intensity="4.924685e+000" type="0"/>
    <Peak1D F1="1.855796" intensity="9.015694e-001" type="0"/>
    <Peak1D F1="1.847961" intensity="5.673376e-001" type="0"/>
    <Peak1D F1="1.843988" intensity="5.473730e-001" type="0"/>
    <Peak1D F1="1.824568" intensity="1.976023e-001" type="0"/>
    <Peak1D F1="1.758082" intensity="6.333598e-002" type="0"/>
    <Peak1D F1="1.740470" intensity="1.009864e-001" type="0"/>
    <Peak1D F1="1.719660" intensity="1.410077e-001" type="0"/>
    <Peak1D F1="1.702731" intensity="1.966987e-001" type="0"/>
    <Peak1D F1="1.679788" intensity="2.755777e-001" type="0"/>
    <Peak1D F1="1.662822" intensity="1.777444e-001" type="0"/>
    <Peak1D F1="1.659167" intensity="1.785741e-001" type="0"/>
    <Peak1D F1="1.647708" intensity="1.007022e-001" type="0"/>
    <Peak1D F1="1.643636" intensity="9.697746e-002" type="0"/>
    <Peak1D F1="1.631804" intensity="5.910990e-002" type="0"/>
    <Peak1D F1="1.616274" intensity="4.462337e-002" type="0"/>
    <Peak1D F1="1.591057" intensity="2.477214e-002" type="0"/>
    <Peak1D F1="1.545213" intensity="3.766142e-002" type="0"/>
    <Peak1D F1="1.530523" intensity="5.966232e-002" type="0"/>
    <Peak1D F1="1.512329" intensity="1.013562e-001" type="0"/>
    <Peak1D F1="1.495104" intensity="1.106690e-001" type="0"/>
    <Peak1D F1="1.482487" intensity="9.849358e-002" type="0"/>
    <Peak1D F1="1.465212" intensity="9.169454e-002" type="0"/>
    <Peak1D F1="1.446648" intensity="3.488911e-002" type="0"/>
    <Peak1D F1="1.439217" intensity="2.475262e-002" type="0"/>
    <Peak1D F1="1.435852" intensity="2.430982e-002" type="0"/>
    <Peak1D F1="1.398045" intensity="1.090939e-002" type="0"/>
    <Peak1D F1="1.363080" intensity="1.032665e-002" type="0"/>
    <Peak1D F1="1.319541" intensity="1.051516e-002" type="0"/>
    <Peak1D F1="1.231069" intensity="1.496935e-002" type="0"/>
    <Peak1D F1="1.179657" intensity="3.296180e-002" type="0"/>
    <Peak1D F1="1.168048" intensity="1.908513e-002" type="0"/>
    <Peak1D F1="1.156835" intensity="1.552755e-002" type="0"/>
    <Peak1D F1="1.152445" intensity="1.426557e-002" type="0"/>
    <Peak1D F1="1.148768" intensity="1.324532e-002" type="0"/>
    <Peak1D F1="1.061956" intensity="4.886623e-003" type="0"/>
    <Peak1D F1="1.046570" intensity="5.743114e-003" type="0"/>
    <Peak1D F1="1.041533" intensity="6.686041e-003" type="0"/>
    <Peak1D F1="1.024139" intensity="6.637747e-003" type="0"/>
    <Peak1D F1="0.994699" intensity="4.239119e-003" type="0"/>
    <Peak1D F1="0.978907" intensity="4.294661e-003" type="0"/>
    <Peak1D F1="0.954273" intensity="3.920062e-003" type="0"/>
    <Peak1D F1="0.843318" intensity="3.773757e-003" type="0"/>
    <Peak1D F1="0.802125" intensity="8.521216e-003" type="0"/>
    <Peak1D F1="0.788237" intensity="6.272137e-003" type="0"/>
    <Peak1D F1="0.754647" intensity="5.025573e-003" type="0"/>
    <Peak1D F1="0.735934" intensity="3.521382e-003" type="0"/>
    <Peak1D F1="0.709834" intensity="2.696609e-003" type="0"/>
    <Peak1D F1="0.692980" intensity="2.522658e-003" type="0"/>
    <Peak1D F1="0.649044" intensity="1.927973e-003" type="0"/>
    <Peak1D F1="0.633173" intensity="1.857367e-003" type="0"/>
    <Peak1D F1="0.597831" intensity="1.833750e-003" type="0"/>
    <Peak1D F1="0.586723" intensity="1.859218e-003" type="0"/>
    <Peak1D F1="0.528166" intensity="1.581091e-003" type="0"/>
    <Peak1D F1="0.515269" intensity="1.629537e-003" type="0"/>
    <Peak1D F1="0.460410" intensity="1.559923e-003" type="0"/>
    <Peak1D F1="0.404322" intensity="1.430634e-003" type="0"/>
    <Peak1D F1="0.395365" intensity="1.442149e-003" type="0"/>
    <Peak1D F1="0.361187" intensity="1.584973e-003" type="0"/>
    <Peak1D F1="0.300673" intensity="1.348592e-003" type="0"/>
    <Peak1D F1="0.274435" intensity="1.058098e-003" type="0"/>
    <Peak1D F1="0.235782" intensity="1.125887e-003" type="0"/>
    <Peak1D F1="0.225882" intensity="1.237903e-003" type="0"/>
    <Peak1D F1="0.179121" intensity="4.569547e-003" type="0"/>
    <Peak1D F1="0.141884" intensity="1.423935e-003" type="0"/>
    <Peak1D F1="0.128441" intensity="1.107309e-003" type="0"/>
    <Peak1D F1="0.076934" intensity="4.240639e-003" type="0"/>
    <Peak1D F1="0.054070" intensity="4.461145e-003" type="0"/>
    <Peak1D F1="0.032239" intensity="3.828711e-003" type="0"/>
    <Peak1D F1="0.003305" intensity="1.047767e-001" type="0"/>
    <Peak1D F1="-0.000152" intensity="1.738442e-001" type="0"/>
    <Peak1D F1="-0.003076" intensity="1.159763e-001" type="0"/>
    <Peak1D F1="-0.026300" intensity="3.328082e-003" type="0"/>
    <Peak1D F1="-0.049174" intensity="2.718281e-003" type="0"/>
    <Peak1D F1="-0.148735" intensity="1.119708e-003" type="0"/>
    <Peak1D F1="-3.083292" intensity="9.159854e-004" type="0"/>
    <Peak1D F1="-3.152918" intensity="9.173416e-004" type="0"/>
    <Peak1D F1="-3.176643" intensity="1.013338e-003" type="0"/>
    <Peak1D F1="-3.327982" intensity="1.041516e-003" type="0"/>
    <Peak1D F1="-3.341151" intensity="1.055160e-003" type="0"/>
    <Peak1D F1="-3.386601" intensity="9.511857e-004" type="0"/>
    <Peak1D F1="-3.481238" intensity="9.883360e-004" type="0"/>
    <Peak1D F1="-3.558674" intensity="1.015098e-003" type="0"/>
    <Peak1D F1="-3.602774" intensity="9.173716e-004" type="0"/>
    <Peak1D F1="-3.675662" intensity="9.140729e-004" type="0"/>
  </PeakList1D>
</PeakList>
