<?xml version="1.0" encoding="UTF-8"?>
<PeakList>
  <PeakList1D>
    <PeakList1DHeader creator="nmr" date="2021-08-10T11:24:13.744+03:00" expNo="20" name="ID-429-C" owner="" procNo="1" source="//132.72.8.180/400b/Milo/Milo">
      <PeakPickDetails>F1=16.099091ppm, F2=-3.929955ppm, MI=0.00cm, MAXI=10000.00cm, PC=1.000
      </PeakPickDetails>
    </PeakList1DHeader>
    <Peak1D F1="10.094707" intensity="1.003977e-002" type="0"/>
    <Peak1D F1="8.375940" intensity="1.257348e-002" type="0"/>
    <Peak1D F1="8.371346" intensity="1.616351e-002" type="0"/>
    <Peak1D F1="8.365843" intensity="1.388087e-002" type="0"/>
    <Peak1D F1="8.341987" intensity="1.605450e-002" type="0"/>
    <Peak1D F1="8.315818" intensity="1.095215e-002" type="0"/>
    <Peak1D F1="8.294514" intensity="1.291630e-002" type="0"/>
    <Peak1D F1="8.280826" intensity="1.398390e-002" type="0"/>
    <Peak1D F1="8.261068" intensity="2.060496e-002" type="0"/>
    <Peak1D F1="8.249386" intensity="3.107776e-002" type="0"/>
    <Peak1D F1="8.222797" intensity="9.791888e-002" type="0"/>
    <Peak1D F1="8.209880" intensity="1.603610e-001" type="0"/>
    <Peak1D F1="8.201521" intensity="1.301185e-001" type="0"/>
    <Peak1D F1="8.187463" intensity="1.867958e-001" type="0"/>
    <Peak1D F1="8.177831" intensity="1.957481e-001" type="0"/>
    <Peak1D F1="8.171852" intensity="3.466120e-001" type="0"/>
    <Peak1D F1="8.165203" intensity="5.559435e-001" type="0"/>
    <Peak1D F1="8.159241" intensity="2.646339e+000" type="0"/>
    <Peak1D F1="8.154509" intensity="1.563947e+000" type="0"/>
    <Peak1D F1="8.137599" intensity="2.822696e+000" type="0"/>
    <Peak1D F1="8.132209" intensity="1.044812e+000" type="0"/>
    <Peak1D F1="8.112538" intensity="8.378810e-002" type="0"/>
    <Peak1D F1="8.087522" intensity="5.045783e-002" type="0"/>
    <Peak1D F1="8.061916" intensity="2.128640e-002" type="0"/>
    <Peak1D F1="7.944313" intensity="1.297015e-002" type="0"/>
    <Peak1D F1="7.928158" intensity="1.436817e-002" type="0"/>
    <Peak1D F1="7.921589" intensity="1.394125e-002" type="0"/>
    <Peak1D F1="7.843904" intensity="2.833711e-002" type="0"/>
    <Peak1D F1="7.827060" intensity="5.232500e-002" type="0"/>
    <Peak1D F1="7.814127" intensity="3.770634e-002" type="0"/>
    <Peak1D F1="7.779685" intensity="6.830184e-002" type="0"/>
    <Peak1D F1="7.762770" intensity="1.240907e-001" type="0"/>
    <Peak1D F1="7.745428" intensity="7.697520e-002" type="0"/>
    <Peak1D F1="7.722077" intensity="2.099380e-002" type="0"/>
    <Peak1D F1="7.680079" intensity="2.314094e-002" type="0"/>
    <Peak1D F1="7.662985" intensity="2.007315e-002" type="0"/>
    <Peak1D F1="7.629559" intensity="5.116725e-002" type="0"/>
    <Peak1D F1="7.616190" intensity="6.317715e-002" type="0"/>
    <Peak1D F1="7.608436" intensity="7.446536e-002" type="0"/>
    <Peak1D F1="7.594545" intensity="5.846812e-002" type="0"/>
    <Peak1D F1="7.585923" intensity="4.972396e-002" type="0"/>
    <Peak1D F1="7.569973" intensity="6.826641e-002" type="0"/>
    <Peak1D F1="7.547987" intensity="6.999707e-002" type="0"/>
    <Peak1D F1="7.521756" intensity="1.125668e-001" type="0"/>
    <Peak1D F1="7.503930" intensity="2.935346e-001" type="0"/>
    <Peak1D F1="7.493273" intensity="2.905160e-001" type="0"/>
    <Peak1D F1="7.480483" intensity="2.649054e+000" type="0"/>
    <Peak1D F1="7.475716" intensity="9.741451e-001" type="0"/>
    <Peak1D F1="7.458501" intensity="2.570693e+000" type="0"/>
    <Peak1D F1="7.440476" intensity="6.467028e-001" type="0"/>
    <Peak1D F1="7.426062" intensity="1.008568e-001" type="0"/>
    <Peak1D F1="7.420887" intensity="1.096354e-001" type="0"/>
    <Peak1D F1="7.406409" intensity="1.559184e-001" type="0"/>
    <Peak1D F1="7.386357" intensity="1.301233e-001" type="0"/>
    <Peak1D F1="7.371629" intensity="6.084823e-002" type="0"/>
    <Peak1D F1="7.366895" intensity="6.491164e-002" type="0"/>
    <Peak1D F1="7.335371" intensity="2.183567e-002" type="0"/>
    <Peak1D F1="7.324723" intensity="2.451167e-002" type="0"/>
    <Peak1D F1="7.316785" intensity="1.902459e-002" type="0"/>
    <Peak1D F1="7.287088" intensity="1.280537e-002" type="0"/>
    <Peak1D F1="7.275594" intensity="1.980879e-002" type="0"/>
    <Peak1D F1="7.256507" intensity="2.512577e-002" type="0"/>
    <Peak1D F1="7.243620" intensity="1.346639e-001" type="0"/>
    <Peak1D F1="7.193906" intensity="7.920094e+000" type="0"/>
    <Peak1D F1="7.169983" intensity="5.934576e-002" type="0"/>
    <Peak1D F1="7.153487" intensity="1.637282e-001" type="0"/>
    <Peak1D F1="7.143728" intensity="1.546006e-001" type="0"/>
    <Peak1D F1="7.135269" intensity="2.155260e-001" type="0"/>
    <Peak1D F1="7.116934" intensity="1.037453e-001" type="0"/>
    <Peak1D F1="7.097147" intensity="2.391782e-002" type="0"/>
    <Peak1D F1="7.077795" intensity="1.136739e-002" type="0"/>
    <Peak1D F1="7.055153" intensity="1.648058e-002" type="0"/>
    <Peak1D F1="7.031486" intensity="2.803419e-002" type="0"/>
    <Peak1D F1="7.005969" intensity="1.373232e-001" type="0"/>
    <Peak1D F1="6.997275" intensity="4.056329e-002" type="0"/>
    <Peak1D F1="6.985024" intensity="1.284002e-001" type="0"/>
    <Peak1D F1="6.978515" intensity="1.506698e-001" type="0"/>
    <Peak1D F1="6.957379" intensity="1.163223e-001" type="0"/>
    <Peak1D F1="6.929767" intensity="5.341317e-002" type="0"/>
    <Peak1D F1="6.215926" intensity="8.856611e-003" type="0"/>
    <Peak1D F1="6.117515" intensity="1.172550e-001" type="0"/>
    <Peak1D F1="6.110603" intensity="3.563863e-002" type="0"/>
    <Peak1D F1="6.067580" intensity="6.857413e-002" type="0"/>
    <Peak1D F1="6.018206" intensity="4.118333e+000" type="0"/>
    <Peak1D F1="5.990356" intensity="3.120111e-002" type="0"/>
    <Peak1D F1="5.977733" intensity="2.858520e-002" type="0"/>
    <Peak1D F1="5.967769" intensity="6.211494e-002" type="0"/>
    <Peak1D F1="5.811404" intensity="2.629120e-002" type="0"/>
    <Peak1D F1="5.715762" intensity="1.859977e-002" type="0"/>
    <Peak1D F1="5.703722" intensity="2.729958e-002" type="0"/>
    <Peak1D F1="5.683768" intensity="3.179638e-002" type="0"/>
    <Peak1D F1="5.676112" intensity="2.746677e-002" type="0"/>
    <Peak1D F1="5.653806" intensity="1.705136e-002" type="0"/>
    <Peak1D F1="5.557688" intensity="9.819230e-003" type="0"/>
    <Peak1D F1="5.523343" intensity="2.108375e-002" type="0"/>
    <Peak1D F1="5.495898" intensity="1.019662e-001" type="0"/>
    <Peak1D F1="5.490682" intensity="9.953629e-002" type="0"/>
    <Peak1D F1="5.474159" intensity="3.758714e-002" type="0"/>
    <Peak1D F1="5.466619" intensity="3.754646e-002" type="0"/>
    <Peak1D F1="5.411775" intensity="3.794699e-002" type="0"/>
    <Peak1D F1="5.393394" intensity="2.180194e-002" type="0"/>
    <Peak1D F1="5.357973" intensity="2.365166e-001" type="0"/>
    <Peak1D F1="5.350581" intensity="2.317482e-001" type="0"/>
    <Peak1D F1="5.311255" intensity="9.960779e-003" type="0"/>
    <Peak1D F1="5.298598" intensity="9.993716e-003" type="0"/>
    <Peak1D F1="5.095772" intensity="8.906604e-003" type="0"/>
    <Peak1D F1="5.017575" intensity="7.409613e-002" type="0"/>
    <Peak1D F1="4.946948" intensity="1.569032e-002" type="0"/>
    <Peak1D F1="4.890385" intensity="1.880056e-002" type="0"/>
    <Peak1D F1="4.871151" intensity="3.126043e-002" type="0"/>
    <Peak1D F1="4.853966" intensity="6.246296e-002" type="0"/>
    <Peak1D F1="4.839298" intensity="5.180103e-002" type="0"/>
    <Peak1D F1="4.832636" intensity="5.662296e-002" type="0"/>
    <Peak1D F1="4.817127" intensity="5.525384e-002" type="0"/>
    <Peak1D F1="4.789796" intensity="1.286673e+000" type="0"/>
    <Peak1D F1="4.766957" intensity="1.305638e+000" type="0"/>
    <Peak1D F1="4.739578" intensity="5.731491e-002" type="0"/>
    <Peak1D F1="4.716442" intensity="8.050610e-002" type="0"/>
    <Peak1D F1="4.676804" intensity="2.305355e-001" type="0"/>
    <Peak1D F1="4.416704" intensity="8.314472e-003" type="0"/>
    <Peak1D F1="3.878349" intensity="6.374649e-002" type="0"/>
    <Peak1D F1="3.861905" intensity="1.033055e-002" type="0"/>
    <Peak1D F1="3.844751" intensity="3.055446e-002" type="0"/>
    <Peak1D F1="3.823561" intensity="2.246501e-002" type="0"/>
    <Peak1D F1="3.811835" intensity="2.715074e-001" type="0"/>
    <Peak1D F1="3.781595" intensity="1.382422e-002" type="0"/>
    <Peak1D F1="3.750458" intensity="2.231919e-001" type="0"/>
    <Peak1D F1="3.745980" intensity="1.673888e-001" type="0"/>
    <Peak1D F1="3.701022" intensity="1.251909e+001" type="0"/>
    <Peak1D F1="3.664060" intensity="2.731936e-002" type="0"/>
    <Peak1D F1="3.650604" intensity="2.150162e-001" type="0"/>
    <Peak1D F1="3.637736" intensity="1.444091e-002" type="0"/>
    <Peak1D F1="3.629790" intensity="1.029092e-002" type="0"/>
    <Peak1D F1="3.518794" intensity="7.310513e-002" type="0"/>
    <Peak1D F1="3.504601" intensity="1.657765e-002" type="0"/>
    <Peak1D F1="3.494679" intensity="1.337415e-002" type="0"/>
    <Peak1D F1="3.467776" intensity="1.436683e-002" type="0"/>
    <Peak1D F1="3.448575" intensity="1.275473e-002" type="0"/>
    <Peak1D F1="3.418595" intensity="2.522833e-001" type="0"/>
    <Peak1D F1="3.389505" intensity="1.112918e-002" type="0"/>
    <Peak1D F1="3.369714" intensity="1.101628e-002" type="0"/>
    <Peak1D F1="2.989171" intensity="1.053062e-002" type="0"/>
    <Peak1D F1="2.959880" intensity="1.773736e-002" type="0"/>
    <Peak1D F1="2.943583" intensity="1.836766e-002" type="0"/>
    <Peak1D F1="2.924933" intensity="9.244522e-003" type="0"/>
    <Peak1D F1="2.796664" intensity="1.399789e-002" type="0"/>
    <Peak1D F1="2.780710" intensity="1.728629e-002" type="0"/>
    <Peak1D F1="2.757381" intensity="2.343338e-002" type="0"/>
    <Peak1D F1="2.736572" intensity="1.842275e-002" type="0"/>
    <Peak1D F1="2.637138" intensity="1.307017e-002" type="0"/>
    <Peak1D F1="2.627292" intensity="2.153482e-002" type="0"/>
    <Peak1D F1="2.582207" intensity="3.836456e-002" type="0"/>
    <Peak1D F1="2.562853" intensity="4.758893e-002" type="0"/>
    <Peak1D F1="2.545561" intensity="5.035102e-002" type="0"/>
    <Peak1D F1="2.517746" intensity="4.584526e-002" type="0"/>
    <Peak1D F1="2.495756" intensity="5.087657e-002" type="0"/>
    <Peak1D F1="2.476223" intensity="4.639488e-002" type="0"/>
    <Peak1D F1="2.461609" intensity="4.885417e-002" type="0"/>
    <Peak1D F1="2.457711" intensity="5.662118e-002" type="0"/>
    <Peak1D F1="2.438347" intensity="2.554756e-001" type="0"/>
    <Peak1D F1="2.434179" intensity="3.151702e-001" type="0"/>
    <Peak1D F1="2.416924" intensity="3.172297e-001" type="0"/>
    <Peak1D F1="2.413319" intensity="3.360359e-001" type="0"/>
    <Peak1D F1="2.389475" intensity="4.079511e-001" type="0"/>
    <Peak1D F1="2.364776" intensity="4.418748e-001" type="0"/>
    <Peak1D F1="2.350183" intensity="2.688913e-001" type="0"/>
    <Peak1D F1="2.327125" intensity="4.508778e-001" type="0"/>
    <Peak1D F1="2.319468" intensity="2.954832e-001" type="0"/>
    <Peak1D F1="2.307227" intensity="3.902788e-001" type="0"/>
    <Peak1D F1="2.296896" intensity="4.569633e-001" type="0"/>
    <Peak1D F1="2.276620" intensity="2.690590e-001" type="0"/>
    <Peak1D F1="2.253583" intensity="4.289881e-001" type="0"/>
    <Peak1D F1="2.231160" intensity="4.825321e-001" type="0"/>
    <Peak1D F1="2.227620" intensity="4.866515e-001" type="0"/>
    <Peak1D F1="2.204724" intensity="6.302132e-001" type="0"/>
    <Peak1D F1="2.197946" intensity="1.199164e-001" type="0"/>
    <Peak1D F1="2.183232" intensity="3.372360e-001" type="0"/>
    <Peak1D F1="2.178569" intensity="3.374540e-001" type="0"/>
    <Peak1D F1="2.155953" intensity="4.472862e-001" type="0"/>
    <Peak1D F1="2.146650" intensity="3.906539e-001" type="0"/>
    <Peak1D F1="2.134276" intensity="3.501596e-001" type="0"/>
    <Peak1D F1="2.116855" intensity="4.564667e+000" type="0"/>
    <Peak1D F1="2.107632" intensity="3.754841e+000" type="0"/>
    <Peak1D F1="2.096990" intensity="1.445766e+001" type="0"/>
    <Peak1D F1="2.086459" intensity="3.905080e+000" type="0"/>
    <Peak1D F1="2.078284" intensity="7.308811e+000" type="0"/>
    <Peak1D F1="2.056978" intensity="3.891568e-001" type="0"/>
    <Peak1D F1="2.052318" intensity="3.973000e-001" type="0"/>
    <Peak1D F1="2.047308" intensity="4.280395e-001" type="0"/>
    <Peak1D F1="2.028721" intensity="2.106656e-001" type="0"/>
    <Peak1D F1="1.987663" intensity="2.587812e-001" type="0"/>
    <Peak1D F1="1.971020" intensity="3.157429e-001" type="0"/>
    <Peak1D F1="1.960069" intensity="5.345333e-001" type="0"/>
    <Peak1D F1="1.955403" intensity="4.887630e-001" type="0"/>
    <Peak1D F1="1.950199" intensity="5.340356e-001" type="0"/>
    <Peak1D F1="1.942168" intensity="7.021064e-001" type="0"/>
    <Peak1D F1="1.938003" intensity="6.663182e-001" type="0"/>
    <Peak1D F1="1.932645" intensity="8.956845e-001" type="0"/>
    <Peak1D F1="1.925524" intensity="9.528563e-001" type="0"/>
    <Peak1D F1="1.921342" intensity="1.030695e+000" type="0"/>
    <Peak1D F1="1.910820" intensity="7.342559e+000" type="0"/>
    <Peak1D F1="1.899702" intensity="6.202644e+000" type="0"/>
    <Peak1D F1="1.891245" intensity="1.500000e+001" type="0"/>
    <Peak1D F1="1.881040" intensity="5.693611e+000" type="0"/>
    <Peak1D F1="1.871866" intensity="4.848561e+000" type="0"/>
    <Peak1D F1="1.859314" intensity="6.605014e-001" type="0"/>
    <Peak1D F1="1.849704" intensity="4.035448e-001" type="0"/>
    <Peak1D F1="1.841397" intensity="3.856179e-001" type="0"/>
    <Peak1D F1="1.833813" intensity="2.172804e-001" type="0"/>
    <Peak1D F1="1.821941" intensity="1.651264e-001" type="0"/>
    <Peak1D F1="1.792496" intensity="9.021738e-002" type="0"/>
    <Peak1D F1="1.761625" intensity="7.447836e-002" type="0"/>
    <Peak1D F1="1.744798" intensity="1.586073e-001" type="0"/>
    <Peak1D F1="1.729381" intensity="2.090151e-001" type="0"/>
    <Peak1D F1="1.724221" intensity="2.356147e-001" type="0"/>
    <Peak1D F1="1.717156" intensity="2.411627e-001" type="0"/>
    <Peak1D F1="1.708244" intensity="2.762525e-001" type="0"/>
    <Peak1D F1="1.701284" intensity="4.049093e-001" type="0"/>
    <Peak1D F1="1.697306" intensity="3.528692e-001" type="0"/>
    <Peak1D F1="1.686300" intensity="3.380106e-001" type="0"/>
    <Peak1D F1="1.680441" intensity="9.680606e-001" type="0"/>
    <Peak1D F1="1.670884" intensity="6.099103e-001" type="0"/>
    <Peak1D F1="1.655790" intensity="8.565695e-001" type="0"/>
    <Peak1D F1="1.639553" intensity="5.626954e-001" type="0"/>
    <Peak1D F1="1.635221" intensity="6.127184e-001" type="0"/>
    <Peak1D F1="1.619296" intensity="3.645203e-001" type="0"/>
    <Peak1D F1="1.583896" intensity="1.842320e-001" type="0"/>
    <Peak1D F1="1.534454" intensity="4.646755e-001" type="0"/>
    <Peak1D F1="1.519355" intensity="3.825302e-001" type="0"/>
    <Peak1D F1="1.512114" intensity="3.743695e-001" type="0"/>
    <Peak1D F1="1.500234" intensity="5.426169e-001" type="0"/>
    <Peak1D F1="1.482803" intensity="5.991096e-001" type="0"/>
    <Peak1D F1="1.469981" intensity="4.112740e-001" type="0"/>
    <Peak1D F1="1.453232" intensity="3.869131e-001" type="0"/>
    <Peak1D F1="1.440624" intensity="1.132052e-001" type="0"/>
    <Peak1D F1="1.435117" intensity="1.312511e-001" type="0"/>
    <Peak1D F1="1.422950" intensity="1.519207e-001" type="0"/>
    <Peak1D F1="1.397189" intensity="5.876085e-002" type="0"/>
    <Peak1D F1="1.336049" intensity="3.316768e-002" type="0"/>
    <Peak1D F1="1.325030" intensity="2.794559e-002" type="0"/>
    <Peak1D F1="1.319239" intensity="2.819659e-002" type="0"/>
    <Peak1D F1="1.232248" intensity="4.478671e-002" type="0"/>
    <Peak1D F1="1.215049" intensity="4.864620e-002" type="0"/>
    <Peak1D F1="1.184960" intensity="9.883316e-002" type="0"/>
    <Peak1D F1="1.167316" intensity="2.520634e-002" type="0"/>
    <Peak1D F1="1.137472" intensity="1.972052e-002" type="0"/>
    <Peak1D F1="1.088395" intensity="1.253028e-002" type="0"/>
    <Peak1D F1="1.027214" intensity="1.116765e-002" type="0"/>
    <Peak1D F1="1.009090" intensity="1.035283e-002" type="0"/>
    <Peak1D F1="0.964370" intensity="1.070534e-002" type="0"/>
    <Peak1D F1="0.908844" intensity="9.756852e-003" type="0"/>
    <Peak1D F1="0.810519" intensity="3.199000e-002" type="0"/>
    <Peak1D F1="0.793033" intensity="1.853550e-002" type="0"/>
    <Peak1D F1="0.752268" intensity="1.510764e-002" type="0"/>
    <Peak1D F1="0.682285" intensity="8.302229e-003" type="0"/>
    <Peak1D F1="0.654650" intensity="9.438821e-003" type="0"/>
    <Peak1D F1="0.593207" intensity="8.589611e-003" type="0"/>
    <Peak1D F1="0.582659" intensity="9.663837e-003" type="0"/>
    <Peak1D F1="0.454884" intensity="8.284092e-003" type="0"/>
    <Peak1D F1="0.265324" intensity="8.745020e-003" type="0"/>
    <Peak1D F1="-0.000154" intensity="1.414768e-001" type="0"/>
    <Peak1D F1="-0.113504" intensity="8.353319e-003" type="0"/>
    <Peak1D F1="-2.825587" intensity="8.725702e-003" type="0"/>
    <Peak1D F1="-3.024750" intensity="8.356167e-003" type="0"/>
  </PeakList1D>
</PeakList>
