<?xml version="1.0" encoding="UTF-8"?>
<PeakList>
  <PeakList1D>
    <PeakList1DHeader creator="nmr" date="2021-08-11T23:44:40.965+03:00" expNo="20" name="ID-427-N-11.8.21" owner="" procNo="1" source="//132.72.8.180/400b/Milo/Milo">
      <PeakPickDetails>F1=16.121599ppm, F2=-3.907446ppm, MI=0.00cm, MAXI=10000.00cm, PC=1.000
      </PeakPickDetails>
    </PeakList1DHeader>
    <Peak1D F1="11.909408" intensity="1.715106e-003" type="0"/>
    <Peak1D F1="10.089149" intensity="1.286049e-002" type="0"/>
    <Peak1D F1="8.407823" intensity="1.135667e-003" type="0"/>
    <Peak1D F1="8.358706" intensity="5.887107e-003" type="0"/>
    <Peak1D F1="8.349883" intensity="6.275821e-003" type="0"/>
    <Peak1D F1="8.334810" intensity="1.423566e-002" type="0"/>
    <Peak1D F1="8.312949" intensity="1.067285e-002" type="0"/>
    <Peak1D F1="8.274046" intensity="6.458059e-003" type="0"/>
    <Peak1D F1="8.250804" intensity="4.946349e-002" type="0"/>
    <Peak1D F1="8.247594" intensity="5.020890e-002" type="0"/>
    <Peak1D F1="8.229289" intensity="6.657141e-002" type="0"/>
    <Peak1D F1="8.211625" intensity="5.443463e-002" type="0"/>
    <Peak1D F1="8.201639" intensity="4.687514e-002" type="0"/>
    <Peak1D F1="8.195911" intensity="6.871643e-002" type="0"/>
    <Peak1D F1="8.179541" intensity="5.588165e-002" type="0"/>
    <Peak1D F1="8.174359" intensity="5.914191e-002" type="0"/>
    <Peak1D F1="8.166480" intensity="4.416346e-002" type="0"/>
    <Peak1D F1="8.146367" intensity="1.687461e+000" type="0"/>
    <Peak1D F1="8.138670" intensity="5.839443e-001" type="0"/>
    <Peak1D F1="8.129147" intensity="7.399813e-001" type="0"/>
    <Peak1D F1="8.124429" intensity="1.863909e+000" type="0"/>
    <Peak1D F1="8.117949" intensity="4.675695e-001" type="0"/>
    <Peak1D F1="8.116205" intensity="4.771889e-001" type="0"/>
    <Peak1D F1="8.096120" intensity="5.681566e-002" type="0"/>
    <Peak1D F1="8.074422" intensity="4.000976e-002" type="0"/>
    <Peak1D F1="8.065199" intensity="3.088189e-002" type="0"/>
    <Peak1D F1="8.032238" intensity="2.072889e-002" type="0"/>
    <Peak1D F1="8.015425" intensity="1.430813e-001" type="0"/>
    <Peak1D F1="7.999117" intensity="3.913773e-002" type="0"/>
    <Peak1D F1="7.965687" intensity="3.320615e-002" type="0"/>
    <Peak1D F1="7.948301" intensity="9.436558e-002" type="0"/>
    <Peak1D F1="7.929312" intensity="9.495956e-002" type="0"/>
    <Peak1D F1="7.908595" intensity="2.151886e-002" type="0"/>
    <Peak1D F1="7.880770" intensity="3.890075e-003" type="0"/>
    <Peak1D F1="7.850088" intensity="2.049098e-003" type="0"/>
    <Peak1D F1="7.803968" intensity="8.379865e-003" type="0"/>
    <Peak1D F1="7.768881" intensity="5.381489e-003" type="0"/>
    <Peak1D F1="7.748852" intensity="6.602598e-003" type="0"/>
    <Peak1D F1="7.722491" intensity="1.068315e-002" type="0"/>
    <Peak1D F1="7.706711" intensity="2.173063e-002" type="0"/>
    <Peak1D F1="7.685789" intensity="2.798983e-002" type="0"/>
    <Peak1D F1="7.660810" intensity="2.505344e-002" type="0"/>
    <Peak1D F1="7.654720" intensity="3.238166e-002" type="0"/>
    <Peak1D F1="7.621841" intensity="9.579668e-002" type="0"/>
    <Peak1D F1="7.607166" intensity="1.147440e-001" type="0"/>
    <Peak1D F1="7.602337" intensity="9.724734e-002" type="0"/>
    <Peak1D F1="7.585931" intensity="5.674569e-002" type="0"/>
    <Peak1D F1="7.559687" intensity="4.093508e-002" type="0"/>
    <Peak1D F1="7.537213" intensity="4.190945e-002" type="0"/>
    <Peak1D F1="7.528234" intensity="6.471781e-002" type="0"/>
    <Peak1D F1="7.522335" intensity="7.559780e-002" type="0"/>
    <Peak1D F1="7.506816" intensity="1.295957e-001" type="0"/>
    <Peak1D F1="7.500899" intensity="9.435839e-002" type="0"/>
    <Peak1D F1="7.484273" intensity="3.460547e-001" type="0"/>
    <Peak1D F1="7.479074" intensity="1.880333e+000" type="0"/>
    <Peak1D F1="7.468685" intensity="4.566066e-001" type="0"/>
    <Peak1D F1="7.457351" intensity="1.776202e+000" type="0"/>
    <Peak1D F1="7.451560" intensity="3.741304e-001" type="0"/>
    <Peak1D F1="7.446920" intensity="3.880480e-001" type="0"/>
    <Peak1D F1="7.428804" intensity="6.901052e-002" type="0"/>
    <Peak1D F1="7.420730" intensity="1.134174e-001" type="0"/>
    <Peak1D F1="7.405982" intensity="4.971450e-002" type="0"/>
    <Peak1D F1="7.401668" intensity="5.625356e-002" type="0"/>
    <Peak1D F1="7.370318" intensity="1.153455e-002" type="0"/>
    <Peak1D F1="7.352323" intensity="6.997913e-003" type="0"/>
    <Peak1D F1="7.322073" intensity="1.081158e-002" type="0"/>
    <Peak1D F1="7.315831" intensity="1.671739e-002" type="0"/>
    <Peak1D F1="7.307884" intensity="1.205571e-002" type="0"/>
    <Peak1D F1="7.265838" intensity="9.745818e-002" type="0"/>
    <Peak1D F1="7.216411" intensity="5.708877e+000" type="0"/>
    <Peak1D F1="7.165906" intensity="9.005352e-002" type="0"/>
    <Peak1D F1="7.155052" intensity="5.989492e-003" type="0"/>
    <Peak1D F1="7.131529" intensity="4.613305e-003" type="0"/>
    <Peak1D F1="7.105788" intensity="5.298740e-003" type="0"/>
    <Peak1D F1="7.089566" intensity="5.189469e-003" type="0"/>
    <Peak1D F1="7.061857" intensity="4.389435e-003" type="0"/>
    <Peak1D F1="7.041628" intensity="3.317068e-003" type="0"/>
    <Peak1D F1="7.016498" intensity="4.719134e-003" type="0"/>
    <Peak1D F1="6.981162" intensity="1.415504e-003" type="0"/>
    <Peak1D F1="6.959960" intensity="3.187037e-003" type="0"/>
    <Peak1D F1="6.951946" intensity="3.081550e-002" type="0"/>
    <Peak1D F1="6.940063" intensity="2.696544e-003" type="0"/>
    <Peak1D F1="6.917969" intensity="1.181454e-003" type="0"/>
    <Peak1D F1="6.891311" intensity="1.482459e-003" type="0"/>
    <Peak1D F1="6.848125" intensity="1.391109e-003" type="0"/>
    <Peak1D F1="6.830268" intensity="2.115925e-003" type="0"/>
    <Peak1D F1="6.805906" intensity="2.996864e-003" type="0"/>
    <Peak1D F1="6.796462" intensity="2.697194e-003" type="0"/>
    <Peak1D F1="6.208712" intensity="7.304680e-003" type="0"/>
    <Peak1D F1="6.170423" intensity="1.090040e-003" type="0"/>
    <Peak1D F1="6.115676" intensity="1.555152e-002" type="0"/>
    <Peak1D F1="6.067693" intensity="2.197420e-002" type="0"/>
    <Peak1D F1="6.060101" intensity="5.952136e-002" type="0"/>
    <Peak1D F1="6.010148" intensity="2.649783e+000" type="0"/>
    <Peak1D F1="5.979197" intensity="1.479547e-002" type="0"/>
    <Peak1D F1="5.960049" intensity="5.646180e-002" type="0"/>
    <Peak1D F1="5.953468" intensity="4.135430e-002" type="0"/>
    <Peak1D F1="5.941167" intensity="3.929971e-002" type="0"/>
    <Peak1D F1="5.913684" intensity="1.783636e-002" type="0"/>
    <Peak1D F1="5.870748" intensity="2.192982e-002" type="0"/>
    <Peak1D F1="5.863247" intensity="2.122344e-002" type="0"/>
    <Peak1D F1="5.812734" intensity="2.249408e-002" type="0"/>
    <Peak1D F1="5.805570" intensity="2.192948e-002" type="0"/>
    <Peak1D F1="5.762125" intensity="3.231243e-003" type="0"/>
    <Peak1D F1="5.739617" intensity="2.732507e-003" type="0"/>
    <Peak1D F1="5.730484" intensity="2.867865e-003" type="0"/>
    <Peak1D F1="5.708128" intensity="2.167469e-003" type="0"/>
    <Peak1D F1="5.666979" intensity="1.097609e-002" type="0"/>
    <Peak1D F1="5.640124" intensity="1.118568e-002" type="0"/>
    <Peak1D F1="5.611569" intensity="2.491806e-003" type="0"/>
    <Peak1D F1="5.584943" intensity="2.132641e-003" type="0"/>
    <Peak1D F1="5.567576" intensity="1.383726e-003" type="0"/>
    <Peak1D F1="5.516929" intensity="2.108003e-003" type="0"/>
    <Peak1D F1="5.502479" intensity="2.612380e-003" type="0"/>
    <Peak1D F1="5.470919" intensity="1.184887e-002" type="0"/>
    <Peak1D F1="5.425375" intensity="8.015119e-003" type="0"/>
    <Peak1D F1="5.392470" intensity="6.354962e-003" type="0"/>
    <Peak1D F1="5.340641" intensity="1.134967e-001" type="0"/>
    <Peak1D F1="5.295177" intensity="2.934341e-003" type="0"/>
    <Peak1D F1="5.264610" intensity="2.148323e-003" type="0"/>
    <Peak1D F1="5.185180" intensity="5.501642e-003" type="0"/>
    <Peak1D F1="5.168819" intensity="5.445110e-003" type="0"/>
    <Peak1D F1="4.986942" intensity="4.599804e-003" type="0"/>
    <Peak1D F1="4.965080" intensity="5.022465e-003" type="0"/>
    <Peak1D F1="4.912774" intensity="7.537246e-003" type="0"/>
    <Peak1D F1="4.898214" intensity="1.770315e-002" type="0"/>
    <Peak1D F1="4.892095" intensity="1.110115e-002" type="0"/>
    <Peak1D F1="4.869520" intensity="1.923572e-002" type="0"/>
    <Peak1D F1="4.857909" intensity="2.030934e-002" type="0"/>
    <Peak1D F1="4.835366" intensity="2.365731e-002" type="0"/>
    <Peak1D F1="4.808140" intensity="9.596359e-001" type="0"/>
    <Peak1D F1="4.785823" intensity="9.713361e-001" type="0"/>
    <Peak1D F1="4.757662" intensity="2.784089e-002" type="0"/>
    <Peak1D F1="4.746629" intensity="2.484435e-002" type="0"/>
    <Peak1D F1="4.735496" intensity="3.422213e-002" type="0"/>
    <Peak1D F1="4.696889" intensity="7.647341e-001" type="0"/>
    <Peak1D F1="4.647070" intensity="2.255441e-002" type="0"/>
    <Peak1D F1="4.624925" intensity="1.024200e-002" type="0"/>
    <Peak1D F1="4.601966" intensity="7.457411e-003" type="0"/>
    <Peak1D F1="3.871506" intensity="4.252510e-002" type="0"/>
    <Peak1D F1="3.840643" intensity="7.444088e-003" type="0"/>
    <Peak1D F1="3.813745" intensity="6.725157e-003" type="0"/>
    <Peak1D F1="3.804805" intensity="3.984168e-002" type="0"/>
    <Peak1D F1="3.793716" intensity="7.041960e-003" type="0"/>
    <Peak1D F1="3.743799" intensity="1.363333e-001" type="0"/>
    <Peak1D F1="3.694107" intensity="7.926341e+000" type="0"/>
    <Peak1D F1="3.663774" intensity="1.646741e-002" type="0"/>
    <Peak1D F1="3.643960" intensity="1.263338e-001" type="0"/>
    <Peak1D F1="3.616421" intensity="2.879997e-003" type="0"/>
    <Peak1D F1="3.593803" intensity="2.077343e-003" type="0"/>
    <Peak1D F1="3.575941" intensity="1.605973e-003" type="0"/>
    <Peak1D F1="3.560509" intensity="1.883877e-003" type="0"/>
    <Peak1D F1="3.537267" intensity="1.951925e-003" type="0"/>
    <Peak1D F1="3.511847" intensity="4.236337e-002" type="0"/>
    <Peak1D F1="3.052871" intensity="2.935219e-002" type="0"/>
    <Peak1D F1="2.972157" intensity="2.580757e-003" type="0"/>
    <Peak1D F1="2.959754" intensity="5.674615e-003" type="0"/>
    <Peak1D F1="2.952772" intensity="7.306068e-003" type="0"/>
    <Peak1D F1="2.942124" intensity="1.078865e-002" type="0"/>
    <Peak1D F1="2.934695" intensity="1.146125e-002" type="0"/>
    <Peak1D F1="2.923749" intensity="7.632731e-003" type="0"/>
    <Peak1D F1="2.917030" intensity="6.322602e-003" type="0"/>
    <Peak1D F1="2.898882" intensity="3.544723e-003" type="0"/>
    <Peak1D F1="2.891589" intensity="3.104069e-003" type="0"/>
    <Peak1D F1="2.871045" intensity="6.506979e-003" type="0"/>
    <Peak1D F1="2.843828" intensity="4.313997e-003" type="0"/>
    <Peak1D F1="2.823925" intensity="2.451187e-003" type="0"/>
    <Peak1D F1="2.817553" intensity="3.148504e-003" type="0"/>
    <Peak1D F1="2.798398" intensity="6.116048e-003" type="0"/>
    <Peak1D F1="2.788169" intensity="5.767156e-003" type="0"/>
    <Peak1D F1="2.772439" intensity="7.031841e-003" type="0"/>
    <Peak1D F1="2.761685" intensity="7.898510e-003" type="0"/>
    <Peak1D F1="2.752595" intensity="5.847996e-003" type="0"/>
    <Peak1D F1="2.738543" intensity="6.384654e-003" type="0"/>
    <Peak1D F1="2.726246" intensity="2.294318e-003" type="0"/>
    <Peak1D F1="2.709011" intensity="3.783966e-003" type="0"/>
    <Peak1D F1="2.691275" intensity="4.519606e-003" type="0"/>
    <Peak1D F1="2.668752" intensity="3.542318e-003" type="0"/>
    <Peak1D F1="2.646508" intensity="2.086620e-003" type="0"/>
    <Peak1D F1="2.639183" intensity="4.014896e-003" type="0"/>
    <Peak1D F1="2.618529" intensity="2.142496e-003" type="0"/>
    <Peak1D F1="2.585317" intensity="5.277369e-003" type="0"/>
    <Peak1D F1="2.561865" intensity="9.982225e-003" type="0"/>
    <Peak1D F1="2.540280" intensity="8.940981e-003" type="0"/>
    <Peak1D F1="2.535999" intensity="8.889551e-003" type="0"/>
    <Peak1D F1="2.457166" intensity="1.404362e-002" type="0"/>
    <Peak1D F1="2.414676" intensity="1.871810e-001" type="0"/>
    <Peak1D F1="2.407420" intensity="1.254391e-001" type="0"/>
    <Peak1D F1="2.400285" intensity="1.941900e-001" type="0"/>
    <Peak1D F1="2.396119" intensity="2.197934e-001" type="0"/>
    <Peak1D F1="2.367548" intensity="4.645631e-001" type="0"/>
    <Peak1D F1="2.357255" intensity="2.317589e-001" type="0"/>
    <Peak1D F1="2.345229" intensity="6.386333e-001" type="0"/>
    <Peak1D F1="2.336995" intensity="2.556122e-001" type="0"/>
    <Peak1D F1="2.334084" intensity="2.809193e-001" type="0"/>
    <Peak1D F1="2.324073" intensity="2.737487e-001" type="0"/>
    <Peak1D F1="2.314000" intensity="3.631088e-001" type="0"/>
    <Peak1D F1="2.294640" intensity="2.277233e-001" type="0"/>
    <Peak1D F1="2.291889" intensity="2.216002e-001" type="0"/>
    <Peak1D F1="2.270412" intensity="9.044159e-002" type="0"/>
    <Peak1D F1="2.250634" intensity="1.081399e-001" type="0"/>
    <Peak1D F1="2.243077" intensity="6.926204e-002" type="0"/>
    <Peak1D F1="2.233547" intensity="2.783588e-001" type="0"/>
    <Peak1D F1="2.218571" intensity="1.088265e-001" type="0"/>
    <Peak1D F1="2.207340" intensity="3.872541e-001" type="0"/>
    <Peak1D F1="2.198845" intensity="1.207877e-001" type="0"/>
    <Peak1D F1="2.184840" intensity="4.789582e-001" type="0"/>
    <Peak1D F1="2.159248" intensity="3.847530e-001" type="0"/>
    <Peak1D F1="2.136619" intensity="5.335587e-001" type="0"/>
    <Peak1D F1="2.109775" intensity="4.895799e+000" type="0"/>
    <Peak1D F1="2.099591" intensity="4.210917e+000" type="0"/>
    <Peak1D F1="2.090274" intensity="1.426289e+001" type="0"/>
    <Peak1D F1="2.079134" intensity="4.267374e+000" type="0"/>
    <Peak1D F1="2.071591" intensity="7.445871e+000" type="0"/>
    <Peak1D F1="2.056094" intensity="4.781817e-001" type="0"/>
    <Peak1D F1="2.046973" intensity="3.949498e-001" type="0"/>
    <Peak1D F1="2.044396" intensity="4.054511e-001" type="0"/>
    <Peak1D F1="2.041289" intensity="4.542751e-001" type="0"/>
    <Peak1D F1="2.021378" intensity="1.972147e-001" type="0"/>
    <Peak1D F1="1.994468" intensity="9.877276e-002" type="0"/>
    <Peak1D F1="1.972786" intensity="2.602011e-001" type="0"/>
    <Peak1D F1="1.969381" intensity="2.639986e-001" type="0"/>
    <Peak1D F1="1.956260" intensity="3.696192e-001" type="0"/>
    <Peak1D F1="1.945792" intensity="5.025322e-001" type="0"/>
    <Peak1D F1="1.941977" intensity="5.283401e-001" type="0"/>
    <Peak1D F1="1.937396" intensity="7.845913e-001" type="0"/>
    <Peak1D F1="1.922714" intensity="1.196380e+000" type="0"/>
    <Peak1D F1="1.917969" intensity="1.109967e+000" type="0"/>
    <Peak1D F1="1.907147" intensity="7.492008e+000" type="0"/>
    <Peak1D F1="1.896350" intensity="6.842802e+000" type="0"/>
    <Peak1D F1="1.887840" intensity="1.500000e+001" type="0"/>
    <Peak1D F1="1.877234" intensity="6.173721e+000" type="0"/>
    <Peak1D F1="1.868330" intensity="5.022702e+000" type="0"/>
    <Peak1D F1="1.856239" intensity="7.303970e-001" type="0"/>
    <Peak1D F1="1.846335" intensity="4.645367e-001" type="0"/>
    <Peak1D F1="1.837697" intensity="4.716516e-001" type="0"/>
    <Peak1D F1="1.827303" intensity="3.223567e-001" type="0"/>
    <Peak1D F1="1.818230" intensity="3.180374e-001" type="0"/>
    <Peak1D F1="1.756587" intensity="8.969956e-002" type="0"/>
    <Peak1D F1="1.741328" intensity="1.365673e-001" type="0"/>
    <Peak1D F1="1.725687" intensity="1.618562e-001" type="0"/>
    <Peak1D F1="1.720834" intensity="1.897820e-001" type="0"/>
    <Peak1D F1="1.714327" intensity="1.585491e-001" type="0"/>
    <Peak1D F1="1.703036" intensity="2.629621e-001" type="0"/>
    <Peak1D F1="1.698908" intensity="4.311148e-001" type="0"/>
    <Peak1D F1="1.693531" intensity="3.273906e-001" type="0"/>
    <Peak1D F1="1.686270" intensity="3.638073e-001" type="0"/>
    <Peak1D F1="1.674763" intensity="6.716397e-001" type="0"/>
    <Peak1D F1="1.668724" intensity="5.369783e-001" type="0"/>
    <Peak1D F1="1.653526" intensity="4.473971e-001" type="0"/>
    <Peak1D F1="1.649686" intensity="4.995709e-001" type="0"/>
    <Peak1D F1="1.645167" intensity="4.171224e-001" type="0"/>
    <Peak1D F1="1.634479" intensity="2.435807e-001" type="0"/>
    <Peak1D F1="1.629483" intensity="2.505611e-001" type="0"/>
    <Peak1D F1="1.619059" intensity="1.018537e-001" type="0"/>
    <Peak1D F1="1.614105" intensity="1.200053e-001" type="0"/>
    <Peak1D F1="1.600801" intensity="4.786602e-002" type="0"/>
    <Peak1D F1="1.580506" intensity="3.348495e-002" type="0"/>
    <Peak1D F1="1.569449" intensity="3.601246e-002" type="0"/>
    <Peak1D F1="1.553871" intensity="4.811963e-002" type="0"/>
    <Peak1D F1="1.539509" intensity="1.101479e-001" type="0"/>
    <Peak1D F1="1.531362" intensity="8.618598e-002" type="0"/>
    <Peak1D F1="1.523414" intensity="1.562124e-001" type="0"/>
    <Peak1D F1="1.504967" intensity="2.937434e-001" type="0"/>
    <Peak1D F1="1.487372" intensity="3.333234e-001" type="0"/>
    <Peak1D F1="1.474867" intensity="2.629531e-001" type="0"/>
    <Peak1D F1="1.457901" intensity="2.524492e-001" type="0"/>
    <Peak1D F1="1.439601" intensity="7.894132e-002" type="0"/>
    <Peak1D F1="1.429383" intensity="5.756943e-002" type="0"/>
    <Peak1D F1="1.418485" intensity="2.572958e-002" type="0"/>
    <Peak1D F1="1.409055" intensity="1.934732e-002" type="0"/>
    <Peak1D F1="1.392433" intensity="1.697771e-002" type="0"/>
    <Peak1D F1="1.375063" intensity="1.937564e-002" type="0"/>
    <Peak1D F1="1.344133" intensity="9.846926e-003" type="0"/>
    <Peak1D F1="1.327833" intensity="8.128125e-003" type="0"/>
    <Peak1D F1="1.297228" intensity="6.821834e-003" type="0"/>
    <Peak1D F1="1.232408" intensity="1.456926e-002" type="0"/>
    <Peak1D F1="1.181255" intensity="2.671921e-002" type="0"/>
    <Peak1D F1="1.165890" intensity="1.022259e-002" type="0"/>
    <Peak1D F1="1.150470" intensity="5.560855e-003" type="0"/>
    <Peak1D F1="1.081035" intensity="2.823977e-003" type="0"/>
    <Peak1D F1="1.023323" intensity="2.915852e-003" type="0"/>
    <Peak1D F1="1.003070" intensity="2.543976e-003" type="0"/>
    <Peak1D F1="0.995890" intensity="2.580635e-003" type="0"/>
    <Peak1D F1="0.962466" intensity="2.577106e-003" type="0"/>
    <Peak1D F1="0.919315" intensity="2.375201e-003" type="0"/>
    <Peak1D F1="0.861407" intensity="2.330233e-003" type="0"/>
    <Peak1D F1="0.852628" intensity="2.565806e-003" type="0"/>
    <Peak1D F1="0.821727" intensity="6.088298e-003" type="0"/>
    <Peak1D F1="0.804687" intensity="1.046622e-002" type="0"/>
    <Peak1D F1="0.787747" intensity="6.806115e-003" type="0"/>
    <Peak1D F1="0.775578" intensity="4.790989e-003" type="0"/>
    <Peak1D F1="0.756267" intensity="5.219461e-003" type="0"/>
    <Peak1D F1="0.736214" intensity="3.334912e-003" type="0"/>
    <Peak1D F1="0.698208" intensity="1.915344e-003" type="0"/>
    <Peak1D F1="0.667560" intensity="1.519935e-003" type="0"/>
    <Peak1D F1="0.595663" intensity="1.396284e-003" type="0"/>
    <Peak1D F1="0.535570" intensity="1.543228e-003" type="0"/>
    <Peak1D F1="0.522559" intensity="1.565405e-003" type="0"/>
    <Peak1D F1="0.496337" intensity="1.117763e-003" type="0"/>
    <Peak1D F1="0.474833" intensity="1.268732e-003" type="0"/>
    <Peak1D F1="0.454275" intensity="1.230381e-003" type="0"/>
    <Peak1D F1="0.414488" intensity="1.220302e-003" type="0"/>
    <Peak1D F1="0.369782" intensity="1.243646e-003" type="0"/>
    <Peak1D F1="0.355217" intensity="1.396515e-003" type="0"/>
    <Peak1D F1="0.342217" intensity="1.136036e-003" type="0"/>
    <Peak1D F1="0.157570" intensity="1.070881e-003" type="0"/>
    <Peak1D F1="0.105228" intensity="1.039806e-003" type="0"/>
    <Peak1D F1="0.037807" intensity="1.086732e-003" type="0"/>
    <Peak1D F1="-0.000160" intensity="3.397967e-002" type="0"/>
    <Peak1D F1="-0.049965" intensity="1.078291e-003" type="0"/>
    <Peak1D F1="-3.412661" intensity="1.218967e-003" type="0"/>
    <Peak1D F1="-3.470827" intensity="1.057685e-003" type="0"/>
    <Peak1D F1="-3.520947" intensity="1.081184e-003" type="0"/>
    <Peak1D F1="-3.545152" intensity="1.322103e-003" type="0"/>
    <Peak1D F1="-3.665453" intensity="1.114727e-003" type="0"/>
    <Peak1D F1="-3.669745" intensity="1.031919e-003" type="0"/>
    <Peak1D F1="-3.727089" intensity="1.155247e-003" type="0"/>
    <Peak1D F1="-3.788495" intensity="1.310899e-003" type="0"/>
  </PeakList1D>
</PeakList>
