<?xml version="1.0" encoding="UTF-8"?>
<PeakList>
  <PeakList1D>
    <PeakList1DHeader creator="nmr" date="2021-08-10T10:41:48.027+03:00" expNo="10" name="ID-429-B" owner="" procNo="1" source="//132.72.8.180/400b/Milo/Milo">
      <PeakPickDetails>F1=16.104000ppm, F2=-3.925045ppm, MI=0.00cm, MAXI=10000.00cm, PC=1.000
      </PeakPickDetails>
    </PeakList1DHeader>
    <Peak1D F1="14.099841" intensity="4.039669e-003" type="0"/>
    <Peak1D F1="14.080703" intensity="3.894569e-003" type="0"/>
    <Peak1D F1="13.263472" intensity="3.853644e-003" type="0"/>
    <Peak1D F1="10.586191" intensity="4.178070e-003" type="0"/>
    <Peak1D F1="10.573364" intensity="3.891168e-003" type="0"/>
    <Peak1D F1="10.315373" intensity="1.051001e-002" type="0"/>
    <Peak1D F1="10.213164" intensity="5.060395e-003" type="0"/>
    <Peak1D F1="10.205492" intensity="4.127548e-003" type="0"/>
    <Peak1D F1="10.144627" intensity="3.372091e-002" type="0"/>
    <Peak1D F1="10.125196" intensity="1.744235e-002" type="0"/>
    <Peak1D F1="10.094481" intensity="1.980794e+000" type="0"/>
    <Peak1D F1="10.062600" intensity="9.821014e-003" type="0"/>
    <Peak1D F1="10.045010" intensity="2.629561e-002" type="0"/>
    <Peak1D F1="9.869072" intensity="8.624263e-003" type="0"/>
    <Peak1D F1="9.264338" intensity="4.541881e-003" type="0"/>
    <Peak1D F1="8.617064" intensity="3.859903e-003" type="0"/>
    <Peak1D F1="8.602351" intensity="4.443823e-003" type="0"/>
    <Peak1D F1="8.548970" intensity="6.182966e-003" type="0"/>
    <Peak1D F1="8.531460" intensity="8.798478e-003" type="0"/>
    <Peak1D F1="8.511540" intensity="4.545374e-003" type="0"/>
    <Peak1D F1="8.491492" intensity="4.365618e-003" type="0"/>
    <Peak1D F1="8.483232" intensity="4.973889e-003" type="0"/>
    <Peak1D F1="8.459629" intensity="5.475831e-003" type="0"/>
    <Peak1D F1="8.437773" intensity="6.518177e-003" type="0"/>
    <Peak1D F1="8.391801" intensity="2.780997e-002" type="0"/>
    <Peak1D F1="8.370377" intensity="3.719047e-002" type="0"/>
    <Peak1D F1="8.341883" intensity="1.300788e+000" type="0"/>
    <Peak1D F1="8.320573" intensity="1.458198e+000" type="0"/>
    <Peak1D F1="8.291615" intensity="2.424408e-002" type="0"/>
    <Peak1D F1="8.269669" intensity="2.388453e-002" type="0"/>
    <Peak1D F1="8.256310" intensity="8.969457e-003" type="0"/>
    <Peak1D F1="8.222022" intensity="2.949957e-002" type="0"/>
    <Peak1D F1="8.195554" intensity="6.104781e-002" type="0"/>
    <Peak1D F1="8.173524" intensity="7.657423e-002" type="0"/>
    <Peak1D F1="8.157943" intensity="2.596894e-001" type="0"/>
    <Peak1D F1="8.144229" intensity="1.899159e-001" type="0"/>
    <Peak1D F1="8.135999" intensity="2.895800e-001" type="0"/>
    <Peak1D F1="8.123903" intensity="1.585313e-001" type="0"/>
    <Peak1D F1="8.088621" intensity="1.914326e-002" type="0"/>
    <Peak1D F1="8.072173" intensity="4.169456e-002" type="0"/>
    <Peak1D F1="8.050135" intensity="4.460635e-002" type="0"/>
    <Peak1D F1="8.022206" intensity="1.792177e+000" type="0"/>
    <Peak1D F1="8.017423" intensity="5.850548e-001" type="0"/>
    <Peak1D F1="8.000250" intensity="1.578366e+000" type="0"/>
    <Peak1D F1="7.995154" intensity="2.206711e-001" type="0"/>
    <Peak1D F1="7.972153" intensity="3.289315e-002" type="0"/>
    <Peak1D F1="7.950356" intensity="2.760949e-002" type="0"/>
    <Peak1D F1="7.923608" intensity="1.869757e-002" type="0"/>
    <Peak1D F1="7.901425" intensity="1.895773e-002" type="0"/>
    <Peak1D F1="7.882996" intensity="1.868480e-002" type="0"/>
    <Peak1D F1="7.860938" intensity="1.584220e-002" type="0"/>
    <Peak1D F1="7.831862" intensity="1.157196e-002" type="0"/>
    <Peak1D F1="7.811999" intensity="1.832621e-002" type="0"/>
    <Peak1D F1="7.786017" intensity="5.852808e-002" type="0"/>
    <Peak1D F1="7.767567" intensity="1.110388e-001" type="0"/>
    <Peak1D F1="7.750080" intensity="6.402506e-002" type="0"/>
    <Peak1D F1="7.717979" intensity="5.854905e-003" type="0"/>
    <Peak1D F1="7.696474" intensity="5.140687e-003" type="0"/>
    <Peak1D F1="7.667475" intensity="4.704535e-003" type="0"/>
    <Peak1D F1="7.647535" intensity="8.561362e-003" type="0"/>
    <Peak1D F1="7.620536" intensity="1.865745e-002" type="0"/>
    <Peak1D F1="7.598094" intensity="1.946311e-002" type="0"/>
    <Peak1D F1="7.588619" intensity="2.310405e-002" type="0"/>
    <Peak1D F1="7.562395" intensity="4.085805e-002" type="0"/>
    <Peak1D F1="7.540949" intensity="3.338698e-002" type="0"/>
    <Peak1D F1="7.528259" intensity="2.709687e-002" type="0"/>
    <Peak1D F1="7.522316" intensity="2.577250e-002" type="0"/>
    <Peak1D F1="7.499300" intensity="4.238032e-002" type="0"/>
    <Peak1D F1="7.481333" intensity="2.633631e-001" type="0"/>
    <Peak1D F1="7.459334" intensity="2.497057e-001" type="0"/>
    <Peak1D F1="7.444973" intensity="3.941517e-002" type="0"/>
    <Peak1D F1="7.420177" intensity="5.852036e-002" type="0"/>
    <Peak1D F1="7.401889" intensity="1.091069e-001" type="0"/>
    <Peak1D F1="7.399629" intensity="1.038744e-001" type="0"/>
    <Peak1D F1="7.386578" intensity="1.037751e-001" type="0"/>
    <Peak1D F1="7.383843" intensity="1.131909e-001" type="0"/>
    <Peak1D F1="7.381948" intensity="1.033978e-001" type="0"/>
    <Peak1D F1="7.368313" intensity="6.795032e-002" type="0"/>
    <Peak1D F1="7.319632" intensity="8.274779e-002" type="0"/>
    <Peak1D F1="7.298025" intensity="7.483537e-002" type="0"/>
    <Peak1D F1="7.278115" intensity="1.596228e-002" type="0"/>
    <Peak1D F1="7.248791" intensity="9.351062e-002" type="0"/>
    <Peak1D F1="7.198965" intensity="5.591482e+000" type="0"/>
    <Peak1D F1="7.169148" intensity="2.344544e-002" type="0"/>
    <Peak1D F1="7.149513" intensity="1.530481e-001" type="0"/>
    <Peak1D F1="7.133605" intensity="1.818073e-001" type="0"/>
    <Peak1D F1="7.131557" intensity="1.464846e-001" type="0"/>
    <Peak1D F1="7.115213" intensity="8.603356e-002" type="0"/>
    <Peak1D F1="7.098042" intensity="8.482717e-003" type="0"/>
    <Peak1D F1="7.089473" intensity="8.180447e-003" type="0"/>
    <Peak1D F1="7.055092" intensity="9.478041e-003" type="0"/>
    <Peak1D F1="7.020644" intensity="1.922698e-002" type="0"/>
    <Peak1D F1="7.002118" intensity="9.849870e-002" type="0"/>
    <Peak1D F1="6.980483" intensity="1.070533e-001" type="0"/>
    <Peak1D F1="6.977459" intensity="1.093047e-001" type="0"/>
    <Peak1D F1="6.954201" intensity="7.864636e-002" type="0"/>
    <Peak1D F1="6.934690" intensity="3.504689e-002" type="0"/>
    <Peak1D F1="6.829326" intensity="5.417629e-003" type="0"/>
    <Peak1D F1="6.213176" intensity="5.906192e-003" type="0"/>
    <Peak1D F1="6.116730" intensity="2.222787e-002" type="0"/>
    <Peak1D F1="6.066733" intensity="3.620005e-002" type="0"/>
    <Peak1D F1="6.016620" intensity="2.286621e+000" type="0"/>
    <Peak1D F1="5.988040" intensity="6.931784e-003" type="0"/>
    <Peak1D F1="5.966733" intensity="3.135313e-002" type="0"/>
    <Peak1D F1="5.813211" intensity="6.922204e-003" type="0"/>
    <Peak1D F1="5.607765" intensity="7.132366e-003" type="0"/>
    <Peak1D F1="5.582965" intensity="4.259912e-003" type="0"/>
    <Peak1D F1="5.528276" intensity="9.825488e-003" type="0"/>
    <Peak1D F1="5.505830" intensity="4.150370e-003" type="0"/>
    <Peak1D F1="5.469805" intensity="5.738494e-003" type="0"/>
    <Peak1D F1="5.434206" intensity="4.465278e-003" type="0"/>
    <Peak1D F1="5.417880" intensity="2.704999e-002" type="0"/>
    <Peak1D F1="5.359751" intensity="1.437495e-002" type="0"/>
    <Peak1D F1="5.343725" intensity="1.515474e-002" type="0"/>
    <Peak1D F1="5.324495" intensity="7.582210e-003" type="0"/>
    <Peak1D F1="5.286669" intensity="1.234708e-002" type="0"/>
    <Peak1D F1="5.274838" intensity="9.255521e-003" type="0"/>
    <Peak1D F1="5.254492" intensity="6.306207e-003" type="0"/>
    <Peak1D F1="5.232070" intensity="7.390082e-003" type="0"/>
    <Peak1D F1="5.126988" intensity="5.011709e-002" type="0"/>
    <Peak1D F1="5.094866" intensity="5.946403e-002" type="0"/>
    <Peak1D F1="5.035518" intensity="5.640516e-003" type="0"/>
    <Peak1D F1="4.897395" intensity="5.535232e-003" type="0"/>
    <Peak1D F1="4.864413" intensity="8.005410e-003" type="0"/>
    <Peak1D F1="4.843956" intensity="1.183488e-002" type="0"/>
    <Peak1D F1="4.823413" intensity="7.924335e-003" type="0"/>
    <Peak1D F1="4.795180" intensity="1.275962e-001" type="0"/>
    <Peak1D F1="4.772353" intensity="1.206901e-001" type="0"/>
    <Peak1D F1="4.731984" intensity="5.709470e-003" type="0"/>
    <Peak1D F1="4.680325" intensity="2.147302e-001" type="0"/>
    <Peak1D F1="4.628970" intensity="8.830035e-003" type="0"/>
    <Peak1D F1="4.493053" intensity="7.239954e-003" type="0"/>
    <Peak1D F1="4.480574" intensity="6.144410e-003" type="0"/>
    <Peak1D F1="3.950027" intensity="4.096628e-003" type="0"/>
    <Peak1D F1="3.877650" intensity="3.434080e-002" type="0"/>
    <Peak1D F1="3.844481" intensity="9.328728e-003" type="0"/>
    <Peak1D F1="3.828444" intensity="8.455905e-003" type="0"/>
    <Peak1D F1="3.810848" intensity="6.682836e-002" type="0"/>
    <Peak1D F1="3.790488" intensity="4.944451e-002" type="0"/>
    <Peak1D F1="3.769784" intensity="5.065075e-002" type="0"/>
    <Peak1D F1="3.750262" intensity="1.128807e-001" type="0"/>
    <Peak1D F1="3.700190" intensity="7.133306e+000" type="0"/>
    <Peak1D F1="3.650299" intensity="1.041974e-001" type="0"/>
    <Peak1D F1="3.614469" intensity="4.574263e-003" type="0"/>
    <Peak1D F1="3.599149" intensity="6.993138e-003" type="0"/>
    <Peak1D F1="3.536144" intensity="6.315365e-003" type="0"/>
    <Peak1D F1="3.517966" intensity="4.005365e-002" type="0"/>
    <Peak1D F1="3.497805" intensity="5.737406e-003" type="0"/>
    <Peak1D F1="3.486086" intensity="6.288263e-003" type="0"/>
    <Peak1D F1="3.466078" intensity="5.423717e-003" type="0"/>
    <Peak1D F1="3.409315" intensity="7.547980e-003" type="0"/>
    <Peak1D F1="3.390363" intensity="7.889206e-003" type="0"/>
    <Peak1D F1="3.375304" intensity="6.891740e-003" type="0"/>
    <Peak1D F1="3.362718" intensity="5.727285e-003" type="0"/>
    <Peak1D F1="3.338121" intensity="3.991693e-003" type="0"/>
    <Peak1D F1="3.294418" intensity="4.338475e-003" type="0"/>
    <Peak1D F1="3.285213" intensity="5.021797e-003" type="0"/>
    <Peak1D F1="3.158447" intensity="6.443744e-003" type="0"/>
    <Peak1D F1="3.115845" intensity="8.260469e-003" type="0"/>
    <Peak1D F1="3.104551" intensity="7.263538e-003" type="0"/>
    <Peak1D F1="3.086575" intensity="5.531469e-003" type="0"/>
    <Peak1D F1="3.073215" intensity="5.227578e-003" type="0"/>
    <Peak1D F1="3.059448" intensity="4.486836e-003" type="0"/>
    <Peak1D F1="2.914971" intensity="7.155498e-003" type="0"/>
    <Peak1D F1="2.898666" intensity="4.914258e-003" type="0"/>
    <Peak1D F1="2.879126" intensity="4.612589e-003" type="0"/>
    <Peak1D F1="2.854951" intensity="5.691421e-003" type="0"/>
    <Peak1D F1="2.794174" intensity="1.013977e-002" type="0"/>
    <Peak1D F1="2.774576" intensity="8.750207e-003" type="0"/>
    <Peak1D F1="2.746787" intensity="5.820872e-003" type="0"/>
    <Peak1D F1="2.734174" intensity="5.324467e-003" type="0"/>
    <Peak1D F1="2.706809" intensity="4.374540e-003" type="0"/>
    <Peak1D F1="2.659603" intensity="3.950500e-003" type="0"/>
    <Peak1D F1="2.644657" intensity="4.634030e-003" type="0"/>
    <Peak1D F1="2.623438" intensity="4.792321e-003" type="0"/>
    <Peak1D F1="2.600137" intensity="5.358308e-003" type="0"/>
    <Peak1D F1="2.581220" intensity="3.956726e-003" type="0"/>
    <Peak1D F1="2.432620" intensity="2.047326e-002" type="0"/>
    <Peak1D F1="2.414371" intensity="2.378846e-002" type="0"/>
    <Peak1D F1="2.386116" intensity="3.549987e-002" type="0"/>
    <Peak1D F1="2.363315" intensity="3.954831e-002" type="0"/>
    <Peak1D F1="2.355181" intensity="3.371190e-002" type="0"/>
    <Peak1D F1="2.331599" intensity="4.694728e-002" type="0"/>
    <Peak1D F1="2.324224" intensity="2.809099e-002" type="0"/>
    <Peak1D F1="2.311104" intensity="3.688646e-002" type="0"/>
    <Peak1D F1="2.301399" intensity="4.660931e-002" type="0"/>
    <Peak1D F1="2.277350" intensity="5.301954e-002" type="0"/>
    <Peak1D F1="2.256412" intensity="9.106047e-002" type="0"/>
    <Peak1D F1="2.250846" intensity="6.811344e-002" type="0"/>
    <Peak1D F1="2.239399" intensity="5.224750e-002" type="0"/>
    <Peak1D F1="2.226949" intensity="6.276209e-002" type="0"/>
    <Peak1D F1="2.201527" intensity="7.110940e-002" type="0"/>
    <Peak1D F1="2.165745" intensity="1.614453e-001" type="0"/>
    <Peak1D F1="2.146233" intensity="3.835399e-001" type="0"/>
    <Peak1D F1="2.116076" intensity="4.955764e+000" type="0"/>
    <Peak1D F1="2.108227" intensity="3.985863e+000" type="0"/>
    <Peak1D F1="2.105979" intensity="4.498002e+000" type="0"/>
    <Peak1D F1="2.096407" intensity="1.447326e+001" type="0"/>
    <Peak1D F1="2.085274" intensity="4.296278e+000" type="0"/>
    <Peak1D F1="2.078101" intensity="7.411610e+000" type="0"/>
    <Peak1D F1="2.056372" intensity="4.140133e-001" type="0"/>
    <Peak1D F1="2.053398" intensity="4.134329e-001" type="0"/>
    <Peak1D F1="2.050649" intensity="4.305240e-001" type="0"/>
    <Peak1D F1="2.047800" intensity="4.162515e-001" type="0"/>
    <Peak1D F1="2.028602" intensity="1.757212e-001" type="0"/>
    <Peak1D F1="2.001551" intensity="6.218525e-002" type="0"/>
    <Peak1D F1="1.988724" intensity="1.021952e-001" type="0"/>
    <Peak1D F1="1.960052" intensity="2.332891e-001" type="0"/>
    <Peak1D F1="1.938556" intensity="1.761790e+000" type="0"/>
    <Peak1D F1="1.932023" intensity="7.322137e-001" type="0"/>
    <Peak1D F1="1.926044" intensity="9.157495e-001" type="0"/>
    <Peak1D F1="1.924577" intensity="8.940527e-001" type="0"/>
    <Peak1D F1="1.920916" intensity="8.869474e-001" type="0"/>
    <Peak1D F1="1.910606" intensity="7.242081e+000" type="0"/>
    <Peak1D F1="1.900256" intensity="6.856841e+000" type="0"/>
    <Peak1D F1="1.891374" intensity="1.500000e+001" type="0"/>
    <Peak1D F1="1.882735" intensity="6.311612e+000" type="0"/>
    <Peak1D F1="1.880734" intensity="5.899766e+000" type="0"/>
    <Peak1D F1="1.872140" intensity="4.862575e+000" type="0"/>
    <Peak1D F1="1.860295" intensity="6.642014e-001" type="0"/>
    <Peak1D F1="1.850165" intensity="3.954051e-001" type="0"/>
    <Peak1D F1="1.841741" intensity="3.445266e-001" type="0"/>
    <Peak1D F1="1.833175" intensity="1.710062e-001" type="0"/>
    <Peak1D F1="1.822324" intensity="1.236847e-001" type="0"/>
    <Peak1D F1="1.808655" intensity="5.513844e-002" type="0"/>
    <Peak1D F1="1.789330" intensity="3.992059e-002" type="0"/>
    <Peak1D F1="1.760232" intensity="4.310993e-002" type="0"/>
    <Peak1D F1="1.741783" intensity="7.993572e-002" type="0"/>
    <Peak1D F1="1.724488" intensity="1.066883e-001" type="0"/>
    <Peak1D F1="1.706369" intensity="7.953762e-002" type="0"/>
    <Peak1D F1="1.682705" intensity="1.034993e-001" type="0"/>
    <Peak1D F1="1.672643" intensity="7.983087e-002" type="0"/>
    <Peak1D F1="1.659015" intensity="1.106283e-001" type="0"/>
    <Peak1D F1="1.638749" intensity="9.515586e-002" type="0"/>
    <Peak1D F1="1.564549" intensity="4.139279e-001" type="0"/>
    <Peak1D F1="1.536662" intensity="7.300590e-002" type="0"/>
    <Peak1D F1="1.513963" intensity="4.932714e-002" type="0"/>
    <Peak1D F1="1.503048" intensity="6.148208e-002" type="0"/>
    <Peak1D F1="1.485191" intensity="6.378841e-002" type="0"/>
    <Peak1D F1="1.472449" intensity="4.771533e-002" type="0"/>
    <Peak1D F1="1.455420" intensity="4.743037e-002" type="0"/>
    <Peak1D F1="1.441697" intensity="2.657801e-002" type="0"/>
    <Peak1D F1="1.424225" intensity="2.317895e-002" type="0"/>
    <Peak1D F1="1.400564" intensity="1.218178e-002" type="0"/>
    <Peak1D F1="1.376360" intensity="1.016457e-002" type="0"/>
    <Peak1D F1="1.359697" intensity="8.880567e-003" type="0"/>
    <Peak1D F1="1.329279" intensity="1.036508e-002" type="0"/>
    <Peak1D F1="1.316536" intensity="1.044420e-002" type="0"/>
    <Peak1D F1="1.265991" intensity="2.345128e-002" type="0"/>
    <Peak1D F1="1.235288" intensity="3.318201e-002" type="0"/>
    <Peak1D F1="1.183864" intensity="7.251482e-002" type="0"/>
    <Peak1D F1="1.147694" intensity="7.828463e-003" type="0"/>
    <Peak1D F1="1.112092" intensity="5.127887e-003" type="0"/>
    <Peak1D F1="1.092690" intensity="5.945034e-003" type="0"/>
    <Peak1D F1="1.076226" intensity="5.594330e-003" type="0"/>
    <Peak1D F1="1.070239" intensity="5.614915e-003" type="0"/>
    <Peak1D F1="1.040626" intensity="5.035746e-003" type="0"/>
    <Peak1D F1="1.003726" intensity="4.879517e-003" type="0"/>
    <Peak1D F1="0.993009" intensity="4.884013e-003" type="0"/>
    <Peak1D F1="0.976369" intensity="3.931791e-003" type="0"/>
    <Peak1D F1="0.961883" intensity="4.836651e-003" type="0"/>
    <Peak1D F1="0.918477" intensity="4.717931e-003" type="0"/>
    <Peak1D F1="0.823351" intensity="1.500908e-002" type="0"/>
    <Peak1D F1="0.809510" intensity="2.409124e-002" type="0"/>
    <Peak1D F1="0.792716" intensity="1.340151e-002" type="0"/>
    <Peak1D F1="0.777845" intensity="1.080704e-002" type="0"/>
    <Peak1D F1="0.761274" intensity="1.514914e-002" type="0"/>
    <Peak1D F1="0.743065" intensity="9.127654e-003" type="0"/>
    <Peak1D F1="0.713190" intensity="4.702141e-003" type="0"/>
    <Peak1D F1="0.704853" intensity="4.646862e-003" type="0"/>
    <Peak1D F1="0.665760" intensity="4.388276e-003" type="0"/>
    <Peak1D F1="0.493189" intensity="3.963762e-003" type="0"/>
    <Peak1D F1="0.413595" intensity="4.176151e-003" type="0"/>
    <Peak1D F1="0.361793" intensity="4.476341e-003" type="0"/>
    <Peak1D F1="-0.000156" intensity="6.402674e-002" type="0"/>
    <Peak1D F1="-2.729909" intensity="3.926962e-003" type="0"/>
    <Peak1D F1="-3.081939" intensity="3.921221e-003" type="0"/>
    <Peak1D F1="-3.286754" intensity="4.144047e-003" type="0"/>
    <Peak1D F1="-3.388628" intensity="3.965341e-003" type="0"/>
  </PeakList1D>
</PeakList>
