<?xml version="1.0" encoding="UTF-8"?>
<PeakList>
  <PeakList1D>
    <PeakList1DHeader creator="nmr" date="2021-10-28T17:42:07.156+03:00" expNo="10" name="ID_451_A" owner="" procNo="1" source="//132.72.8.180/400b/Milo/Milo">
      <PeakPickDetails>F1=16.161680ppm, F2=-3.867366ppm, MI=0.00cm, MAXI=10000.00cm, PC=1.000
      </PeakPickDetails>
    </PeakList1DHeader>
    <Peak1D F1="11.949381" intensity="2.008306e-003" type="0"/>
    <Peak1D F1="11.130386" intensity="1.313459e-003" type="0"/>
    <Peak1D F1="10.309440" intensity="2.329632e-003" type="0"/>
    <Peak1D F1="10.301145" intensity="1.465267e-003" type="0"/>
    <Peak1D F1="10.230991" intensity="1.373864e-003" type="0"/>
    <Peak1D F1="10.203495" intensity="1.869267e-003" type="0"/>
    <Peak1D F1="10.152576" intensity="7.517372e-003" type="0"/>
    <Peak1D F1="10.135146" intensity="9.965558e-003" type="0"/>
    <Peak1D F1="10.102446" intensity="1.518950e-001" type="0"/>
    <Peak1D F1="10.088827" intensity="3.722834e-001" type="0"/>
    <Peak1D F1="10.085145" intensity="2.526952e-001" type="0"/>
    <Peak1D F1="10.052489" intensity="5.562615e-003" type="0"/>
    <Peak1D F1="10.037849" intensity="4.436399e-003" type="0"/>
    <Peak1D F1="10.034467" intensity="4.459676e-003" type="0"/>
    <Peak1D F1="9.870968" intensity="1.346178e-003" type="0"/>
    <Peak1D F1="9.861992" intensity="2.130543e-003" type="0"/>
    <Peak1D F1="8.559533" intensity="1.327535e-003" type="0"/>
    <Peak1D F1="8.540718" intensity="2.363057e-003" type="0"/>
    <Peak1D F1="8.395469" intensity="8.087769e-003" type="0"/>
    <Peak1D F1="8.374861" intensity="1.460328e-002" type="0"/>
    <Peak1D F1="8.344885" intensity="1.184238e-001" type="0"/>
    <Peak1D F1="8.329977" intensity="3.054196e-001" type="0"/>
    <Peak1D F1="8.325472" intensity="3.215240e-001" type="0"/>
    <Peak1D F1="8.308477" intensity="3.249581e-001" type="0"/>
    <Peak1D F1="8.304135" intensity="2.186889e-001" type="0"/>
    <Peak1D F1="8.274687" intensity="1.180993e-002" type="0"/>
    <Peak1D F1="8.258485" intensity="1.160063e-002" type="0"/>
    <Peak1D F1="8.190628" intensity="5.391749e-002" type="0"/>
    <Peak1D F1="8.169875" intensity="8.532790e-002" type="0"/>
    <Peak1D F1="8.132685" intensity="7.995939e-001" type="0"/>
    <Peak1D F1="8.125709" intensity="1.136620e+000" type="0"/>
    <Peak1D F1="8.120461" intensity="1.176515e+000" type="0"/>
    <Peak1D F1="8.115749" intensity="7.159433e-001" type="0"/>
    <Peak1D F1="8.110887" intensity="7.927320e-001" type="0"/>
    <Peak1D F1="8.103638" intensity="9.301058e-001" type="0"/>
    <Peak1D F1="8.098450" intensity="6.477587e-001" type="0"/>
    <Peak1D F1="8.076781" intensity="5.621769e-002" type="0"/>
    <Peak1D F1="8.052865" intensity="3.851100e-002" type="0"/>
    <Peak1D F1="8.040064" intensity="1.698084e-001" type="0"/>
    <Peak1D F1="8.034002" intensity="1.762515e-001" type="0"/>
    <Peak1D F1="8.028867" intensity="4.107156e-001" type="0"/>
    <Peak1D F1="8.024971" intensity="3.135272e-001" type="0"/>
    <Peak1D F1="8.019396" intensity="1.791250e-001" type="0"/>
    <Peak1D F1="8.011649" intensity="1.893661e-001" type="0"/>
    <Peak1D F1="8.006804" intensity="3.486176e-001" type="0"/>
    <Peak1D F1="7.990316" intensity="9.391474e-003" type="0"/>
    <Peak1D F1="7.978868" intensity="7.934663e-003" type="0"/>
    <Peak1D F1="7.974174" intensity="7.662932e-003" type="0"/>
    <Peak1D F1="7.968554" intensity="6.837807e-003" type="0"/>
    <Peak1D F1="7.956437" intensity="6.827192e-003" type="0"/>
    <Peak1D F1="7.911450" intensity="1.111581e-002" type="0"/>
    <Peak1D F1="7.896874" intensity="1.631678e-002" type="0"/>
    <Peak1D F1="7.879605" intensity="1.192852e-002" type="0"/>
    <Peak1D F1="7.874479" intensity="1.116985e-002" type="0"/>
    <Peak1D F1="7.856793" intensity="1.055365e-002" type="0"/>
    <Peak1D F1="7.852173" intensity="1.111135e-002" type="0"/>
    <Peak1D F1="7.835472" intensity="9.714083e-003" type="0"/>
    <Peak1D F1="7.795971" intensity="2.433534e-003" type="0"/>
    <Peak1D F1="7.779401" intensity="1.692757e-003" type="0"/>
    <Peak1D F1="7.743942" intensity="4.082548e-003" type="0"/>
    <Peak1D F1="7.723074" intensity="5.139232e-003" type="0"/>
    <Peak1D F1="7.683020" intensity="9.583185e-003" type="0"/>
    <Peak1D F1="7.662888" intensity="9.991166e-003" type="0"/>
    <Peak1D F1="7.618011" intensity="2.507414e-002" type="0"/>
    <Peak1D F1="7.596431" intensity="2.663572e-002" type="0"/>
    <Peak1D F1="7.542933" intensity="4.620376e-002" type="0"/>
    <Peak1D F1="7.528131" intensity="6.887412e-002" type="0"/>
    <Peak1D F1="7.515500" intensity="1.541275e-001" type="0"/>
    <Peak1D F1="7.492515" intensity="6.454908e-001" type="0"/>
    <Peak1D F1="7.481985" intensity="1.454156e+000" type="0"/>
    <Peak1D F1="7.472456" intensity="7.082916e-001" type="0"/>
    <Peak1D F1="7.460988" intensity="1.273103e+000" type="0"/>
    <Peak1D F1="7.428155" intensity="3.331507e-002" type="0"/>
    <Peak1D F1="7.421755" intensity="2.865813e-002" type="0"/>
    <Peak1D F1="7.410586" intensity="2.953818e-002" type="0"/>
    <Peak1D F1="7.399831" intensity="1.993827e-002" type="0"/>
    <Peak1D F1="7.377438" intensity="3.500035e-002" type="0"/>
    <Peak1D F1="7.361282" intensity="5.031192e-002" type="0"/>
    <Peak1D F1="7.338658" intensity="6.184101e-002" type="0"/>
    <Peak1D F1="7.315809" intensity="7.205049e-002" type="0"/>
    <Peak1D F1="7.305263" intensity="2.787087e-001" type="0"/>
    <Peak1D F1="7.255773" intensity="1.204807e+001" type="0"/>
    <Peak1D F1="7.240208" intensity="5.806249e-002" type="0"/>
    <Peak1D F1="7.233138" intensity="3.498172e-002" type="0"/>
    <Peak1D F1="7.221505" intensity="2.087045e-002" type="0"/>
    <Peak1D F1="7.205259" intensity="2.170875e-001" type="0"/>
    <Peak1D F1="7.180075" intensity="4.345449e-003" type="0"/>
    <Peak1D F1="7.151589" intensity="7.832450e-003" type="0"/>
    <Peak1D F1="7.140941" intensity="1.290836e-002" type="0"/>
    <Peak1D F1="7.129976" intensity="7.180665e-003" type="0"/>
    <Peak1D F1="7.119486" intensity="1.136484e-002" type="0"/>
    <Peak1D F1="7.026465" intensity="9.147639e-003" type="0"/>
    <Peak1D F1="7.014604" intensity="6.005478e-003" type="0"/>
    <Peak1D F1="7.003913" intensity="1.155285e-002" type="0"/>
    <Peak1D F1="6.990710" intensity="6.614677e-002" type="0"/>
    <Peak1D F1="6.483707" intensity="2.328993e-003" type="0"/>
    <Peak1D F1="6.460700" intensity="4.037553e-003" type="0"/>
    <Peak1D F1="6.195193" intensity="4.216680e-003" type="0"/>
    <Peak1D F1="6.189548" intensity="4.120375e-003" type="0"/>
    <Peak1D F1="6.158438" intensity="4.965152e-003" type="0"/>
    <Peak1D F1="6.113867" intensity="8.462780e-003" type="0"/>
    <Peak1D F1="6.062936" intensity="2.603886e-002" type="0"/>
    <Peak1D F1="6.046161" intensity="3.333853e-002" type="0"/>
    <Peak1D F1="6.040688" intensity="4.042833e-002" type="0"/>
    <Peak1D F1="6.012630" intensity="5.808730e-001" type="0"/>
    <Peak1D F1="5.996157" intensity="1.519654e+000" type="0"/>
    <Peak1D F1="5.990995" intensity="1.181380e+000" type="0"/>
    <Peak1D F1="5.963208" intensity="1.789064e-002" type="0"/>
    <Peak1D F1="5.946226" intensity="1.728750e-002" type="0"/>
    <Peak1D F1="5.940476" intensity="2.107379e-002" type="0"/>
    <Peak1D F1="5.872427" intensity="1.528510e-003" type="0"/>
    <Peak1D F1="5.794606" intensity="4.196395e-003" type="0"/>
    <Peak1D F1="5.789317" intensity="3.019260e-003" type="0"/>
    <Peak1D F1="5.722434" intensity="6.288234e-003" type="0"/>
    <Peak1D F1="5.600370" intensity="2.393152e-003" type="0"/>
    <Peak1D F1="5.516188" intensity="2.085245e-003" type="0"/>
    <Peak1D F1="5.473401" intensity="2.750125e-003" type="0"/>
    <Peak1D F1="5.453549" intensity="7.782886e-003" type="0"/>
    <Peak1D F1="5.425715" intensity="9.092960e-003" type="0"/>
    <Peak1D F1="5.380504" intensity="3.594388e-002" type="0"/>
    <Peak1D F1="5.332762" intensity="5.158856e-001" type="0"/>
    <Peak1D F1="5.304395" intensity="8.789310e-003" type="0"/>
    <Peak1D F1="5.282034" intensity="1.086583e-002" type="0"/>
    <Peak1D F1="5.274411" intensity="1.129645e-002" type="0"/>
    <Peak1D F1="5.268860" intensity="1.142447e-002" type="0"/>
    <Peak1D F1="5.257398" intensity="9.631011e-003" type="0"/>
    <Peak1D F1="4.903189" intensity="8.594587e-003" type="0"/>
    <Peak1D F1="4.883484" intensity="1.626847e-002" type="0"/>
    <Peak1D F1="4.861660" intensity="1.545187e-002" type="0"/>
    <Peak1D F1="4.834384" intensity="3.072706e-001" type="0"/>
    <Peak1D F1="4.812777" intensity="3.107757e-001" type="0"/>
    <Peak1D F1="4.782931" intensity="1.507210e-002" type="0"/>
    <Peak1D F1="4.716218" intensity="5.218131e-002" type="0"/>
    <Peak1D F1="4.651571" intensity="1.900563e-002" type="0"/>
    <Peak1D F1="4.642355" intensity="2.058036e-002" type="0"/>
    <Peak1D F1="4.621776" intensity="1.660073e-002" type="0"/>
    <Peak1D F1="4.523505" intensity="4.716000e-003" type="0"/>
    <Peak1D F1="4.508514" intensity="3.905510e-003" type="0"/>
    <Peak1D F1="4.295942" intensity="2.087682e-003" type="0"/>
    <Peak1D F1="4.282976" intensity="1.571186e-003" type="0"/>
    <Peak1D F1="4.129834" intensity="4.481914e-003" type="0"/>
    <Peak1D F1="4.111118" intensity="7.243058e-003" type="0"/>
    <Peak1D F1="3.877930" intensity="9.051769e-003" type="0"/>
    <Peak1D F1="3.862747" intensity="2.581479e-002" type="0"/>
    <Peak1D F1="3.857903" intensity="1.985779e-002" type="0"/>
    <Peak1D F1="3.798055" intensity="2.368772e-002" type="0"/>
    <Peak1D F1="3.780947" intensity="2.961872e-002" type="0"/>
    <Peak1D F1="3.751041" intensity="9.057626e-002" type="0"/>
    <Peak1D F1="3.735291" intensity="1.200805e-001" type="0"/>
    <Peak1D F1="3.730016" intensity="1.308147e-001" type="0"/>
    <Peak1D F1="3.700744" intensity="1.884911e+000" type="0"/>
    <Peak1D F1="3.685285" intensity="4.910175e+000" type="0"/>
    <Peak1D F1="3.680382" intensity="3.582825e+000" type="0"/>
    <Peak1D F1="3.664368" intensity="8.110064e-002" type="0"/>
    <Peak1D F1="3.650861" intensity="9.442648e-002" type="0"/>
    <Peak1D F1="3.635171" intensity="8.828560e-002" type="0"/>
    <Peak1D F1="3.629870" intensity="9.191840e-002" type="0"/>
    <Peak1D F1="3.620847" intensity="3.969000e-002" type="0"/>
    <Peak1D F1="3.610638" intensity="5.652037e-002" type="0"/>
    <Peak1D F1="3.606074" intensity="7.468928e-002" type="0"/>
    <Peak1D F1="3.601531" intensity="4.903701e-002" type="0"/>
    <Peak1D F1="3.564472" intensity="3.804129e-002" type="0"/>
    <Peak1D F1="3.560416" intensity="3.814454e-002" type="0"/>
    <Peak1D F1="3.518450" intensity="5.596826e-002" type="0"/>
    <Peak1D F1="3.503031" intensity="7.340409e-002" type="0"/>
    <Peak1D F1="3.498227" intensity="6.561971e-002" type="0"/>
    <Peak1D F1="3.487544" intensity="4.829780e-002" type="0"/>
    <Peak1D F1="3.461263" intensity="5.211516e-002" type="0"/>
    <Peak1D F1="3.445465" intensity="5.339180e-002" type="0"/>
    <Peak1D F1="3.429081" intensity="4.556667e-002" type="0"/>
    <Peak1D F1="3.393438" intensity="3.682108e-002" type="0"/>
    <Peak1D F1="3.374180" intensity="3.891969e-002" type="0"/>
    <Peak1D F1="3.367796" intensity="3.723670e-002" type="0"/>
    <Peak1D F1="3.249671" intensity="5.327529e-003" type="0"/>
    <Peak1D F1="3.177879" intensity="1.521084e-003" type="0"/>
    <Peak1D F1="3.142778" intensity="1.641503e-003" type="0"/>
    <Peak1D F1="3.129093" intensity="9.805907e-003" type="0"/>
    <Peak1D F1="3.114854" intensity="2.187307e-003" type="0"/>
    <Peak1D F1="3.098526" intensity="4.230483e-003" type="0"/>
    <Peak1D F1="3.089274" intensity="2.326065e-003" type="0"/>
    <Peak1D F1="2.938447" intensity="7.728242e-003" type="0"/>
    <Peak1D F1="2.926296" intensity="2.620940e-003" type="0"/>
    <Peak1D F1="2.797112" intensity="6.682842e-003" type="0"/>
    <Peak1D F1="2.782430" intensity="4.734605e-003" type="0"/>
    <Peak1D F1="2.768337" intensity="4.906235e-003" type="0"/>
    <Peak1D F1="2.751993" intensity="6.188411e-003" type="0"/>
    <Peak1D F1="2.564322" intensity="1.751093e-003" type="0"/>
    <Peak1D F1="2.550731" intensity="2.590993e-003" type="0"/>
    <Peak1D F1="2.524599" intensity="3.453057e-003" type="0"/>
    <Peak1D F1="2.498866" intensity="6.371187e-003" type="0"/>
    <Peak1D F1="2.389265" intensity="3.230863e-001" type="0"/>
    <Peak1D F1="2.369115" intensity="4.469846e-001" type="0"/>
    <Peak1D F1="2.356658" intensity="3.214007e-001" type="0"/>
    <Peak1D F1="2.348719" intensity="3.467181e-001" type="0"/>
    <Peak1D F1="2.344663" intensity="3.662107e-001" type="0"/>
    <Peak1D F1="2.319132" intensity="2.594991e-001" type="0"/>
    <Peak1D F1="2.306376" intensity="1.465460e-001" type="0"/>
    <Peak1D F1="2.295025" intensity="1.800666e-001" type="0"/>
    <Peak1D F1="2.270812" intensity="2.778688e-001" type="0"/>
    <Peak1D F1="2.265729" intensity="2.522384e-001" type="0"/>
    <Peak1D F1="2.254404" intensity="2.668279e-001" type="0"/>
    <Peak1D F1="2.251761" intensity="2.662761e-001" type="0"/>
    <Peak1D F1="2.240605" intensity="1.852931e-001" type="0"/>
    <Peak1D F1="2.219329" intensity="1.458584e-001" type="0"/>
    <Peak1D F1="2.203040" intensity="1.815350e-001" type="0"/>
    <Peak1D F1="2.180704" intensity="2.774889e-001" type="0"/>
    <Peak1D F1="2.176263" intensity="2.563578e-001" type="0"/>
    <Peak1D F1="2.153792" intensity="4.755944e-001" type="0"/>
    <Peak1D F1="2.094757" intensity="1.051343e+001" type="0"/>
    <Peak1D F1="2.088939" intensity="9.344049e+000" type="0"/>
    <Peak1D F1="2.079065" intensity="1.500000e+001" type="0"/>
    <Peak1D F1="2.075186" intensity="1.414765e+001" type="0"/>
    <Peak1D F1="2.060797" intensity="7.032052e+000" type="0"/>
    <Peak1D F1="2.036253" intensity="7.270302e-001" type="0"/>
    <Peak1D F1="2.030208" intensity="6.621924e-001" type="0"/>
    <Peak1D F1="2.010268" intensity="3.743833e-001" type="0"/>
    <Peak1D F1="2.002764" intensity="4.199174e-001" type="0"/>
    <Peak1D F1="1.990172" intensity="5.237610e-001" type="0"/>
    <Peak1D F1="1.985932" intensity="5.503539e-001" type="0"/>
    <Peak1D F1="1.952610" intensity="3.567992e+000" type="0"/>
    <Peak1D F1="1.940275" intensity="8.337607e+000" type="0"/>
    <Peak1D F1="1.936413" intensity="5.370064e+000" type="0"/>
    <Peak1D F1="1.917869" intensity="4.268796e+000" type="0"/>
    <Peak1D F1="1.903453" intensity="1.006770e+001" type="0"/>
    <Peak1D F1="1.898913" intensity="1.178060e+001" type="0"/>
    <Peak1D F1="1.891871" intensity="1.140475e+001" type="0"/>
    <Peak1D F1="1.890052" intensity="1.140602e+001" type="0"/>
    <Peak1D F1="1.884648" intensity="1.499381e+001" type="0"/>
    <Peak1D F1="1.880710" intensity="1.228255e+001" type="0"/>
    <Peak1D F1="1.873510" intensity="7.525622e+000" type="0"/>
    <Peak1D F1="1.864739" intensity="4.640934e+000" type="0"/>
    <Peak1D F1="1.851409" intensity="9.503262e-001" type="0"/>
    <Peak1D F1="1.843354" intensity="6.159397e-001" type="0"/>
    <Peak1D F1="1.834860" intensity="4.657536e-001" type="0"/>
    <Peak1D F1="1.830350" intensity="4.156059e-001" type="0"/>
    <Peak1D F1="1.823384" intensity="2.765484e-001" type="0"/>
    <Peak1D F1="1.781072" intensity="1.171686e-001" type="0"/>
    <Peak1D F1="1.768389" intensity="1.373173e-001" type="0"/>
    <Peak1D F1="1.764600" intensity="1.196683e-001" type="0"/>
    <Peak1D F1="1.749081" intensity="1.219690e-001" type="0"/>
    <Peak1D F1="1.732898" intensity="1.765632e-001" type="0"/>
    <Peak1D F1="1.709384" intensity="2.500334e-001" type="0"/>
    <Peak1D F1="1.693467" intensity="3.286069e-001" type="0"/>
    <Peak1D F1="1.687980" intensity="3.566328e-001" type="0"/>
    <Peak1D F1="1.678567" intensity="4.199254e-001" type="0"/>
    <Peak1D F1="1.673435" intensity="4.224055e-001" type="0"/>
    <Peak1D F1="1.660528" intensity="5.232181e-001" type="0"/>
    <Peak1D F1="1.656090" intensity="4.906366e-001" type="0"/>
    <Peak1D F1="1.644899" intensity="4.916932e-001" type="0"/>
    <Peak1D F1="1.641296" intensity="5.009441e-001" type="0"/>
    <Peak1D F1="1.636508" intensity="4.809915e-001" type="0"/>
    <Peak1D F1="1.612054" intensity="2.648447e-001" type="0"/>
    <Peak1D F1="1.580553" intensity="7.375795e-002" type="0"/>
    <Peak1D F1="1.560099" intensity="6.210670e-002" type="0"/>
    <Peak1D F1="1.542073" intensity="8.263148e-002" type="0"/>
    <Peak1D F1="1.533788" intensity="8.070704e-002" type="0"/>
    <Peak1D F1="1.514578" intensity="1.242002e-001" type="0"/>
    <Peak1D F1="1.497966" intensity="1.252090e-001" type="0"/>
    <Peak1D F1="1.485584" intensity="1.099495e-001" type="0"/>
    <Peak1D F1="1.468533" intensity="8.791289e-002" type="0"/>
    <Peak1D F1="1.451487" intensity="3.932792e-002" type="0"/>
    <Peak1D F1="1.434789" intensity="3.383890e-002" type="0"/>
    <Peak1D F1="1.361623" intensity="1.792723e-002" type="0"/>
    <Peak1D F1="1.350048" intensity="2.090012e-002" type="0"/>
    <Peak1D F1="1.222210" intensity="2.579153e-002" type="0"/>
    <Peak1D F1="1.187256" intensity="3.430441e-002" type="0"/>
    <Peak1D F1="1.177087" intensity="3.433856e-002" type="0"/>
    <Peak1D F1="1.016078" intensity="7.350369e-003" type="0"/>
    <Peak1D F1="0.993305" intensity="7.211178e-003" type="0"/>
    <Peak1D F1="0.977700" intensity="6.982994e-003" type="0"/>
    <Peak1D F1="0.957917" intensity="7.007904e-003" type="0"/>
    <Peak1D F1="0.949297" intensity="7.197385e-003" type="0"/>
    <Peak1D F1="0.929464" intensity="6.656930e-003" type="0"/>
    <Peak1D F1="0.917539" intensity="6.429969e-003" type="0"/>
    <Peak1D F1="0.884495" intensity="5.988215e-003" type="0"/>
    <Peak1D F1="0.865953" intensity="5.814134e-003" type="0"/>
    <Peak1D F1="0.813599" intensity="1.071234e-002" type="0"/>
    <Peak1D F1="0.799031" intensity="1.196315e-002" type="0"/>
    <Peak1D F1="0.778446" intensity="9.373392e-003" type="0"/>
    <Peak1D F1="0.670691" intensity="3.850154e-003" type="0"/>
    <Peak1D F1="0.633587" intensity="3.924593e-003" type="0"/>
    <Peak1D F1="0.601827" intensity="3.927831e-003" type="0"/>
    <Peak1D F1="0.567071" intensity="3.482751e-003" type="0"/>
    <Peak1D F1="0.556432" intensity="3.464757e-003" type="0"/>
    <Peak1D F1="0.523660" intensity="3.115398e-003" type="0"/>
    <Peak1D F1="0.499954" intensity="3.102487e-003" type="0"/>
    <Peak1D F1="0.479823" intensity="2.977340e-003" type="0"/>
    <Peak1D F1="0.449756" intensity="2.913151e-003" type="0"/>
    <Peak1D F1="0.399525" intensity="2.667521e-003" type="0"/>
    <Peak1D F1="0.359299" intensity="2.368474e-003" type="0"/>
    <Peak1D F1="0.347367" intensity="2.343697e-003" type="0"/>
    <Peak1D F1="0.301661" intensity="2.418287e-003" type="0"/>
    <Peak1D F1="0.277819" intensity="1.972229e-003" type="0"/>
    <Peak1D F1="0.273264" intensity="2.286152e-003" type="0"/>
    <Peak1D F1="0.246531" intensity="2.016317e-003" type="0"/>
    <Peak1D F1="0.233554" intensity="1.910385e-003" type="0"/>
    <Peak1D F1="0.202796" intensity="1.945215e-003" type="0"/>
    <Peak1D F1="0.183438" intensity="2.047535e-003" type="0"/>
    <Peak1D F1="0.114705" intensity="1.704881e-003" type="0"/>
    <Peak1D F1="0.087826" intensity="1.530872e-003" type="0"/>
    <Peak1D F1="0.057523" intensity="2.219062e-003" type="0"/>
    <Peak1D F1="0.012075" intensity="1.621357e-002" type="0"/>
    <Peak1D F1="-0.000153" intensity="3.515823e-002" type="0"/>
    <Peak1D F1="-0.026209" intensity="1.998885e-003" type="0"/>
    <Peak1D F1="-0.050802" intensity="1.669403e-003" type="0"/>
    <Peak1D F1="-0.087266" intensity="1.613269e-003" type="0"/>
    <Peak1D F1="-2.880159" intensity="1.298054e-003" type="0"/>
    <Peak1D F1="-2.950047" intensity="1.295342e-003" type="0"/>
    <Peak1D F1="-3.075866" intensity="1.425391e-003" type="0"/>
    <Peak1D F1="-3.098843" intensity="1.630476e-003" type="0"/>
    <Peak1D F1="-3.147918" intensity="1.929089e-003" type="0"/>
    <Peak1D F1="-3.189822" intensity="1.395667e-003" type="0"/>
    <Peak1D F1="-3.214480" intensity="1.321998e-003" type="0"/>
    <Peak1D F1="-3.245829" intensity="1.673806e-003" type="0"/>
    <Peak1D F1="-3.280343" intensity="1.649169e-003" type="0"/>
    <Peak1D F1="-3.293475" intensity="1.488479e-003" type="0"/>
    <Peak1D F1="-3.321260" intensity="1.657615e-003" type="0"/>
    <Peak1D F1="-3.348017" intensity="1.944422e-003" type="0"/>
    <Peak1D F1="-3.373606" intensity="2.090699e-003" type="0"/>
    <Peak1D F1="-3.412395" intensity="1.938857e-003" type="0"/>
    <Peak1D F1="-3.430163" intensity="1.964746e-003" type="0"/>
    <Peak1D F1="-3.480813" intensity="2.429847e-003" type="0"/>
    <Peak1D F1="-3.498853" intensity="2.187287e-003" type="0"/>
    <Peak1D F1="-3.511925" intensity="2.236322e-003" type="0"/>
    <Peak1D F1="-3.567828" intensity="2.434789e-003" type="0"/>
    <Peak1D F1="-3.627761" intensity="2.237591e-003" type="0"/>
    <Peak1D F1="-3.705670" intensity="2.332300e-003" type="0"/>
    <Peak1D F1="-3.730633" intensity="2.406428e-003" type="0"/>
  </PeakList1D>
</PeakList>
