<?xml version="1.0" encoding="UTF-8"?>
<PeakList>
  <PeakList1D>
    <PeakList1DHeader creator="nmr" date="2021-08-02T20:43:51.255+03:00" expNo="10" name="ID-421-L" owner="" procNo="1" source="//132.72.8.180/400b/Milo/Milo">
      <PeakPickDetails>F1=16.098021ppm, F2=-3.931025ppm, MI=0.00cm, MAXI=10000.00cm, PC=1.000
      </PeakPickDetails>
    </PeakList1DHeader>
    <Peak1D F1="14.835865" intensity="7.397277e-003" type="0"/>
    <Peak1D F1="13.471571" intensity="7.495049e-003" type="0"/>
    <Peak1D F1="11.576896" intensity="7.268807e-003" type="0"/>
    <Peak1D F1="11.197830" intensity="7.450986e-003" type="0"/>
    <Peak1D F1="10.916760" intensity="7.836792e-003" type="0"/>
    <Peak1D F1="10.094712" intensity="7.212825e-002" type="0"/>
    <Peak1D F1="8.342854" intensity="4.926801e-002" type="0"/>
    <Peak1D F1="8.321082" intensity="5.194874e-002" type="0"/>
    <Peak1D F1="8.241154" intensity="2.287660e-002" type="0"/>
    <Peak1D F1="8.219027" intensity="3.330595e-002" type="0"/>
    <Peak1D F1="8.209955" intensity="4.760546e-002" type="0"/>
    <Peak1D F1="8.205204" intensity="3.693740e-002" type="0"/>
    <Peak1D F1="8.188354" intensity="6.018965e-002" type="0"/>
    <Peak1D F1="8.160351" intensity="1.414270e+000" type="0"/>
    <Peak1D F1="8.155895" intensity="6.533258e-001" type="0"/>
    <Peak1D F1="8.138700" intensity="1.531029e+000" type="0"/>
    <Peak1D F1="8.133618" intensity="4.051113e-001" type="0"/>
    <Peak1D F1="8.110343" intensity="4.632175e-002" type="0"/>
    <Peak1D F1="8.089469" intensity="2.160278e-002" type="0"/>
    <Peak1D F1="8.020171" intensity="6.382843e-002" type="0"/>
    <Peak1D F1="7.998959" intensity="7.229615e-002" type="0"/>
    <Peak1D F1="7.988755" intensity="3.883103e-002" type="0"/>
    <Peak1D F1="7.975631" intensity="6.854475e-002" type="0"/>
    <Peak1D F1="7.729767" intensity="2.062193e-002" type="0"/>
    <Peak1D F1="7.685440" intensity="1.079068e-002" type="0"/>
    <Peak1D F1="7.657872" intensity="1.173428e-002" type="0"/>
    <Peak1D F1="7.648440" intensity="1.466817e-002" type="0"/>
    <Peak1D F1="7.626183" intensity="1.345124e-002" type="0"/>
    <Peak1D F1="7.609355" intensity="1.736798e-002" type="0"/>
    <Peak1D F1="7.594023" intensity="1.765079e-002" type="0"/>
    <Peak1D F1="7.585279" intensity="2.233359e-002" type="0"/>
    <Peak1D F1="7.557577" intensity="2.161385e-002" type="0"/>
    <Peak1D F1="7.526879" intensity="4.368003e-002" type="0"/>
    <Peak1D F1="7.496021" intensity="1.304749e-001" type="0"/>
    <Peak1D F1="7.480937" intensity="1.452269e+000" type="0"/>
    <Peak1D F1="7.458973" intensity="1.428433e+000" type="0"/>
    <Peak1D F1="7.452516" intensity="3.716564e-001" type="0"/>
    <Peak1D F1="7.440696" intensity="1.895477e-001" type="0"/>
    <Peak1D F1="7.410541" intensity="2.853087e-002" type="0"/>
    <Peak1D F1="7.352826" intensity="8.420514e-002" type="0"/>
    <Peak1D F1="7.339834" intensity="8.488900e-002" type="0"/>
    <Peak1D F1="7.325163" intensity="2.153673e-002" type="0"/>
    <Peak1D F1="7.292911" intensity="5.783354e-002" type="0"/>
    <Peak1D F1="7.277246" intensity="4.944596e-002" type="0"/>
    <Peak1D F1="7.242788" intensity="6.194102e-001" type="0"/>
    <Peak1D F1="7.228057" intensity="1.958793e-001" type="0"/>
    <Peak1D F1="7.192943" intensity="3.451709e+001" type="0"/>
    <Peak1D F1="7.153092" intensity="3.810672e-002" type="0"/>
    <Peak1D F1="7.142815" intensity="5.192534e-001" type="0"/>
    <Peak1D F1="7.117276" intensity="1.040831e-002" type="0"/>
    <Peak1D F1="6.928968" intensity="1.843887e-001" type="0"/>
    <Peak1D F1="6.118277" intensity="1.046244e-001" type="0"/>
    <Peak1D F1="6.069153" intensity="2.695705e-002" type="0"/>
    <Peak1D F1="6.019271" intensity="1.749189e+000" type="0"/>
    <Peak1D F1="5.970221" intensity="2.571291e-002" type="0"/>
    <Peak1D F1="5.948673" intensity="1.030149e-002" type="0"/>
    <Peak1D F1="5.937100" intensity="9.163202e-003" type="0"/>
    <Peak1D F1="5.818141" intensity="1.126837e-002" type="0"/>
    <Peak1D F1="5.662231" intensity="1.034481e-002" type="0"/>
    <Peak1D F1="5.498607" intensity="9.870660e-003" type="0"/>
    <Peak1D F1="5.407416" intensity="7.622200e-003" type="0"/>
    <Peak1D F1="5.358310" intensity="9.010591e-002" type="0"/>
    <Peak1D F1="5.351310" intensity="8.645453e-002" type="0"/>
    <Peak1D F1="5.306415" intensity="1.017684e-002" type="0"/>
    <Peak1D F1="5.298763" intensity="9.811352e-003" type="0"/>
    <Peak1D F1="4.969972" intensity="7.757527e-003" type="0"/>
    <Peak1D F1="4.886823" intensity="8.347900e-003" type="0"/>
    <Peak1D F1="4.862554" intensity="1.086276e-002" type="0"/>
    <Peak1D F1="4.840168" intensity="1.821136e-002" type="0"/>
    <Peak1D F1="4.817141" intensity="2.546768e-002" type="0"/>
    <Peak1D F1="4.789174" intensity="7.462130e-001" type="0"/>
    <Peak1D F1="4.766325" intensity="7.566841e-001" type="0"/>
    <Peak1D F1="4.739596" intensity="3.794757e-002" type="0"/>
    <Peak1D F1="4.668335" intensity="5.947663e-002" type="0"/>
    <Peak1D F1="4.604033" intensity="3.219406e-002" type="0"/>
    <Peak1D F1="4.530472" intensity="1.236317e-002" type="0"/>
    <Peak1D F1="4.507378" intensity="1.186799e-002" type="0"/>
    <Peak1D F1="4.496743" intensity="1.014342e-002" type="0"/>
    <Peak1D F1="4.480456" intensity="1.054775e-002" type="0"/>
    <Peak1D F1="3.977391" intensity="1.827348e-002" type="0"/>
    <Peak1D F1="3.948120" intensity="2.016139e-002" type="0"/>
    <Peak1D F1="3.879387" intensity="2.751860e-002" type="0"/>
    <Peak1D F1="3.861824" intensity="8.437135e-003" type="0"/>
    <Peak1D F1="3.844494" intensity="4.116784e-002" type="0"/>
    <Peak1D F1="3.824386" intensity="2.669482e-002" type="0"/>
    <Peak1D F1="3.812381" intensity="3.122086e-001" type="0"/>
    <Peak1D F1="3.805316" intensity="2.988827e-002" type="0"/>
    <Peak1D F1="3.797168" intensity="1.025420e-002" type="0"/>
    <Peak1D F1="3.779023" intensity="1.087981e-002" type="0"/>
    <Peak1D F1="3.751495" intensity="9.161403e-002" type="0"/>
    <Peak1D F1="3.745846" intensity="1.678560e-001" type="0"/>
    <Peak1D F1="3.701713" intensity="5.406298e+000" type="0"/>
    <Peak1D F1="3.651832" intensity="7.929884e-002" type="0"/>
    <Peak1D F1="3.624059" intensity="7.471438e-003" type="0"/>
    <Peak1D F1="3.520124" intensity="3.109398e-002" type="0"/>
    <Peak1D F1="3.483824" intensity="8.958901e-003" type="0"/>
    <Peak1D F1="3.419669" intensity="1.951220e-002" type="0"/>
    <Peak1D F1="3.193532" intensity="9.882532e-003" type="0"/>
    <Peak1D F1="3.178980" intensity="1.017520e-002" type="0"/>
    <Peak1D F1="3.162589" intensity="9.544382e-003" type="0"/>
    <Peak1D F1="2.942312" intensity="9.954154e-003" type="0"/>
    <Peak1D F1="2.933939" intensity="8.251664e-003" type="0"/>
    <Peak1D F1="2.764899" intensity="8.156017e-003" type="0"/>
    <Peak1D F1="2.566261" intensity="9.680860e-003" type="0"/>
    <Peak1D F1="2.504886" intensity="8.592039e-003" type="0"/>
    <Peak1D F1="2.467228" intensity="1.761652e-002" type="0"/>
    <Peak1D F1="2.452790" intensity="1.745749e-002" type="0"/>
    <Peak1D F1="2.438943" intensity="1.313930e-001" type="0"/>
    <Peak1D F1="2.434853" intensity="1.490654e-001" type="0"/>
    <Peak1D F1="2.411367" intensity="4.118265e-001" type="0"/>
    <Peak1D F1="2.389853" intensity="2.237575e-001" type="0"/>
    <Peak1D F1="2.365169" intensity="2.547214e-001" type="0"/>
    <Peak1D F1="2.349548" intensity="1.811091e-001" type="0"/>
    <Peak1D F1="2.337027" intensity="9.848018e-002" type="0"/>
    <Peak1D F1="2.326770" intensity="3.234197e-001" type="0"/>
    <Peak1D F1="2.311944" intensity="5.865597e-001" type="0"/>
    <Peak1D F1="2.296309" intensity="2.737558e-001" type="0"/>
    <Peak1D F1="2.276265" intensity="1.745147e-001" type="0"/>
    <Peak1D F1="2.254046" intensity="2.685247e-001" type="0"/>
    <Peak1D F1="2.231666" intensity="2.917767e-001" type="0"/>
    <Peak1D F1="2.228019" intensity="2.880874e-001" type="0"/>
    <Peak1D F1="2.205199" intensity="3.813760e-001" type="0"/>
    <Peak1D F1="2.197464" intensity="9.750216e-002" type="0"/>
    <Peak1D F1="2.183748" intensity="2.199940e-001" type="0"/>
    <Peak1D F1="2.178988" intensity="2.389073e-001" type="0"/>
    <Peak1D F1="2.156532" intensity="3.386493e-001" type="0"/>
    <Peak1D F1="2.147276" intensity="3.584781e-001" type="0"/>
    <Peak1D F1="2.117261" intensity="4.506663e+000" type="0"/>
    <Peak1D F1="2.108085" intensity="3.616983e+000" type="0"/>
    <Peak1D F1="2.097429" intensity="1.446793e+001" type="0"/>
    <Peak1D F1="2.085879" intensity="3.752577e+000" type="0"/>
    <Peak1D F1="2.078642" intensity="7.207737e+000" type="0"/>
    <Peak1D F1="2.057149" intensity="3.490073e-001" type="0"/>
    <Peak1D F1="2.053063" intensity="3.551890e-001" type="0"/>
    <Peak1D F1="2.047760" intensity="3.760553e-001" type="0"/>
    <Peak1D F1="2.028782" intensity="1.748011e-001" type="0"/>
    <Peak1D F1="1.988089" intensity="1.631031e-001" type="0"/>
    <Peak1D F1="1.971767" intensity="1.961390e-001" type="0"/>
    <Peak1D F1="1.960819" intensity="3.608685e-001" type="0"/>
    <Peak1D F1="1.955806" intensity="3.105694e-001" type="0"/>
    <Peak1D F1="1.950645" intensity="3.679323e-001" type="0"/>
    <Peak1D F1="1.942381" intensity="5.337665e-001" type="0"/>
    <Peak1D F1="1.933252" intensity="7.417125e-001" type="0"/>
    <Peak1D F1="1.926010" intensity="8.692538e-001" type="0"/>
    <Peak1D F1="1.921926" intensity="8.972928e-001" type="0"/>
    <Peak1D F1="1.911304" intensity="7.273777e+000" type="0"/>
    <Peak1D F1="1.900144" intensity="6.046185e+000" type="0"/>
    <Peak1D F1="1.891754" intensity="1.500000e+001" type="0"/>
    <Peak1D F1="1.881619" intensity="5.493144e+000" type="0"/>
    <Peak1D F1="1.872343" intensity="4.723602e+000" type="0"/>
    <Peak1D F1="1.859956" intensity="5.803946e-001" type="0"/>
    <Peak1D F1="1.850019" intensity="3.450868e-001" type="0"/>
    <Peak1D F1="1.841905" intensity="3.220467e-001" type="0"/>
    <Peak1D F1="1.831893" intensity="1.576500e-001" type="0"/>
    <Peak1D F1="1.822333" intensity="1.194365e-001" type="0"/>
    <Peak1D F1="1.787652" intensity="3.448887e-002" type="0"/>
    <Peak1D F1="1.760608" intensity="5.575744e-002" type="0"/>
    <Peak1D F1="1.745628" intensity="1.062742e-001" type="0"/>
    <Peak1D F1="1.729956" intensity="1.260632e-001" type="0"/>
    <Peak1D F1="1.724687" intensity="1.691915e-001" type="0"/>
    <Peak1D F1="1.717659" intensity="1.405110e-001" type="0"/>
    <Peak1D F1="1.708837" intensity="1.666354e-001" type="0"/>
    <Peak1D F1="1.701875" intensity="2.431501e-001" type="0"/>
    <Peak1D F1="1.697571" intensity="1.997550e-001" type="0"/>
    <Peak1D F1="1.687785" intensity="1.819574e-001" type="0"/>
    <Peak1D F1="1.681063" intensity="5.293374e-001" type="0"/>
    <Peak1D F1="1.671602" intensity="3.153598e-001" type="0"/>
    <Peak1D F1="1.656760" intensity="4.494336e-001" type="0"/>
    <Peak1D F1="1.640451" intensity="2.678909e-001" type="0"/>
    <Peak1D F1="1.636034" intensity="3.006850e-001" type="0"/>
    <Peak1D F1="1.619814" intensity="1.652851e-001" type="0"/>
    <Peak1D F1="1.534641" intensity="2.395405e-001" type="0"/>
    <Peak1D F1="1.519481" intensity="2.266981e-001" type="0"/>
    <Peak1D F1="1.512374" intensity="2.370496e-001" type="0"/>
    <Peak1D F1="1.500492" intensity="3.519112e-001" type="0"/>
    <Peak1D F1="1.483204" intensity="3.903323e-001" type="0"/>
    <Peak1D F1="1.470623" intensity="2.764058e-001" type="0"/>
    <Peak1D F1="1.453984" intensity="2.521021e-001" type="0"/>
    <Peak1D F1="1.435774" intensity="9.552368e-002" type="0"/>
    <Peak1D F1="1.423267" intensity="1.049380e-001" type="0"/>
    <Peak1D F1="1.354527" intensity="3.093229e-002" type="0"/>
    <Peak1D F1="1.273421" intensity="8.024029e-002" type="0"/>
    <Peak1D F1="1.237253" intensity="1.308864e-001" type="0"/>
    <Peak1D F1="1.214861" intensity="1.401075e-001" type="0"/>
    <Peak1D F1="1.186199" intensity="3.666540e-001" type="0"/>
    <Peak1D F1="1.143793" intensity="2.165281e-002" type="0"/>
    <Peak1D F1="1.103723" intensity="1.126124e-002" type="0"/>
    <Peak1D F1="1.030344" intensity="1.200763e-002" type="0"/>
    <Peak1D F1="1.007169" intensity="1.134355e-002" type="0"/>
    <Peak1D F1="0.977075" intensity="1.163155e-002" type="0"/>
    <Peak1D F1="0.918823" intensity="1.162360e-002" type="0"/>
    <Peak1D F1="0.869260" intensity="9.095479e-003" type="0"/>
    <Peak1D F1="0.827355" intensity="6.111154e-002" type="0"/>
    <Peak1D F1="0.814012" intensity="1.020949e-001" type="0"/>
    <Peak1D F1="0.811215" intensity="1.059117e-001" type="0"/>
    <Peak1D F1="0.794621" intensity="5.210408e-002" type="0"/>
    <Peak1D F1="0.776897" intensity="3.310381e-002" type="0"/>
    <Peak1D F1="0.762555" intensity="3.324538e-002" type="0"/>
    <Peak1D F1="0.576452" intensity="7.294313e-003" type="0"/>
    <Peak1D F1="0.515339" intensity="7.438954e-003" type="0"/>
    <Peak1D F1="0.444139" intensity="8.234879e-003" type="0"/>
    <Peak1D F1="0.049203" intensity="1.080812e-002" type="0"/>
    <Peak1D F1="-0.000157" intensity="7.794746e-001" type="0"/>
    <Peak1D F1="-0.049710" intensity="1.740025e-002" type="0"/>
    <Peak1D F1="-3.238299" intensity="7.415977e-003" type="0"/>
    <Peak1D F1="-3.369145" intensity="7.756131e-003" type="0"/>
    <Peak1D F1="-3.675625" intensity="8.082155e-003" type="0"/>
  </PeakList1D>
</PeakList>
