<?xml version="1.0" encoding="UTF-8"?>
<PeakList>
  <PeakList1D>
    <PeakList1DHeader creator="nmr" date="2021-10-28T19:02:22.899+03:00" expNo="10" name="ID_451_D" owner="" procNo="1" source="//132.72.8.180/400b/Milo/Milo">
      <PeakPickDetails>F1=16.138969ppm, F2=-3.890076ppm, MI=0.00cm, MAXI=10000.00cm, PC=1.000
      </PeakPickDetails>
    </PeakList1DHeader>
    <Peak1D F1="10.083968" intensity="1.490689e-002" type="0"/>
    <Peak1D F1="8.760467" intensity="9.252455e-004" type="0"/>
    <Peak1D F1="8.717010" intensity="1.037895e-003" type="0"/>
    <Peak1D F1="8.604073" intensity="1.055790e-003" type="0"/>
    <Peak1D F1="8.531271" intensity="1.641779e-003" type="0"/>
    <Peak1D F1="8.517383" intensity="1.655656e-003" type="0"/>
    <Peak1D F1="8.512782" intensity="1.632945e-003" type="0"/>
    <Peak1D F1="8.470554" intensity="1.843164e-003" type="0"/>
    <Peak1D F1="8.379231" intensity="3.157930e-003" type="0"/>
    <Peak1D F1="8.348073" intensity="8.181741e-003" type="0"/>
    <Peak1D F1="8.341450" intensity="8.988219e-003" type="0"/>
    <Peak1D F1="8.326544" intensity="1.746374e-002" type="0"/>
    <Peak1D F1="8.305518" intensity="1.560280e-002" type="0"/>
    <Peak1D F1="8.237650" intensity="2.076083e-002" type="0"/>
    <Peak1D F1="8.219697" intensity="6.536686e-002" type="0"/>
    <Peak1D F1="8.198783" intensity="1.430680e-001" type="0"/>
    <Peak1D F1="8.195043" intensity="1.552803e-001" type="0"/>
    <Peak1D F1="8.177809" intensity="1.424482e-001" type="0"/>
    <Peak1D F1="8.172850" intensity="1.402582e-001" type="0"/>
    <Peak1D F1="8.163559" intensity="7.481425e-002" type="0"/>
    <Peak1D F1="8.158092" intensity="9.643579e-002" type="0"/>
    <Peak1D F1="8.135895" intensity="1.771222e+000" type="0"/>
    <Peak1D F1="8.126452" intensity="6.089290e-001" type="0"/>
    <Peak1D F1="8.114361" intensity="1.775610e+000" type="0"/>
    <Peak1D F1="8.108805" intensity="4.578429e-001" type="0"/>
    <Peak1D F1="8.104863" intensity="5.606897e-001" type="0"/>
    <Peak1D F1="8.085606" intensity="4.324343e-002" type="0"/>
    <Peak1D F1="8.077971" intensity="6.428001e-002" type="0"/>
    <Peak1D F1="8.064317" intensity="3.264376e-002" type="0"/>
    <Peak1D F1="8.056231" intensity="1.622043e-002" type="0"/>
    <Peak1D F1="8.045155" intensity="2.763780e-003" type="0"/>
    <Peak1D F1="8.034690" intensity="7.419945e-003" type="0"/>
    <Peak1D F1="8.019502" intensity="1.284743e-002" type="0"/>
    <Peak1D F1="7.998623" intensity="9.590339e-003" type="0"/>
    <Peak1D F1="7.926411" intensity="5.466520e-003" type="0"/>
    <Peak1D F1="7.921105" intensity="5.259322e-003" type="0"/>
    <Peak1D F1="7.904454" intensity="8.857706e-003" type="0"/>
    <Peak1D F1="7.898950" intensity="7.275419e-003" type="0"/>
    <Peak1D F1="7.890058" intensity="2.432615e-003" type="0"/>
    <Peak1D F1="7.882055" intensity="3.667188e-003" type="0"/>
    <Peak1D F1="7.861016" intensity="4.052521e-003" type="0"/>
    <Peak1D F1="7.839241" intensity="4.219646e-003" type="0"/>
    <Peak1D F1="7.790130" intensity="1.265689e-003" type="0"/>
    <Peak1D F1="7.741549" intensity="2.202076e-003" type="0"/>
    <Peak1D F1="7.711848" intensity="2.561133e-003" type="0"/>
    <Peak1D F1="7.678229" intensity="1.011337e-002" type="0"/>
    <Peak1D F1="7.659163" intensity="1.191607e-002" type="0"/>
    <Peak1D F1="7.632597" intensity="4.352279e-002" type="0"/>
    <Peak1D F1="7.610529" intensity="1.313150e-001" type="0"/>
    <Peak1D F1="7.589509" intensity="9.897680e-002" type="0"/>
    <Peak1D F1="7.568469" intensity="2.382908e-002" type="0"/>
    <Peak1D F1="7.550694" intensity="3.440912e-002" type="0"/>
    <Peak1D F1="7.540496" intensity="5.908405e-002" type="0"/>
    <Peak1D F1="7.524383" intensity="9.882927e-002" type="0"/>
    <Peak1D F1="7.519059" intensity="8.230029e-002" type="0"/>
    <Peak1D F1="7.503769" intensity="1.136113e-001" type="0"/>
    <Peak1D F1="7.492159" intensity="1.224528e-001" type="0"/>
    <Peak1D F1="7.477446" intensity="1.812545e+000" type="0"/>
    <Peak1D F1="7.472265" intensity="9.137698e-001" type="0"/>
    <Peak1D F1="7.455407" intensity="1.690190e+000" type="0"/>
    <Peak1D F1="7.449116" intensity="5.981865e-001" type="0"/>
    <Peak1D F1="7.427391" intensity="5.645172e-002" type="0"/>
    <Peak1D F1="7.422355" intensity="4.420522e-002" type="0"/>
    <Peak1D F1="7.405459" intensity="3.877598e-002" type="0"/>
    <Peak1D F1="7.383044" intensity="1.555193e-002" type="0"/>
    <Peak1D F1="7.361088" intensity="1.037685e-002" type="0"/>
    <Peak1D F1="7.355584" intensity="1.121166e-002" type="0"/>
    <Peak1D F1="7.332953" intensity="1.654927e-002" type="0"/>
    <Peak1D F1="7.312539" intensity="2.970954e-002" type="0"/>
    <Peak1D F1="7.306098" intensity="4.610737e-002" type="0"/>
    <Peak1D F1="7.299052" intensity="2.866705e-002" type="0"/>
    <Peak1D F1="7.282776" intensity="6.548821e-002" type="0"/>
    <Peak1D F1="7.268695" intensity="2.091292e-002" type="0"/>
    <Peak1D F1="7.232814" intensity="4.320466e+000" type="0"/>
    <Peak1D F1="7.212930" intensity="2.000095e-003" type="0"/>
    <Peak1D F1="7.182745" intensity="7.479517e-002" type="0"/>
    <Peak1D F1="7.132615" intensity="2.578833e-003" type="0"/>
    <Peak1D F1="7.111069" intensity="4.923693e-003" type="0"/>
    <Peak1D F1="7.099545" intensity="4.262641e-003" type="0"/>
    <Peak1D F1="7.049349" intensity="1.410080e-001" type="0"/>
    <Peak1D F1="7.042642" intensity="1.344171e-001" type="0"/>
    <Peak1D F1="7.035405" intensity="7.435206e-002" type="0"/>
    <Peak1D F1="7.024538" intensity="1.812008e-002" type="0"/>
    <Peak1D F1="6.996770" intensity="1.047747e-002" type="0"/>
    <Peak1D F1="6.990672" intensity="7.214549e-003" type="0"/>
    <Peak1D F1="6.967861" intensity="3.419968e-002" type="0"/>
    <Peak1D F1="6.960392" intensity="1.813561e-002" type="0"/>
    <Peak1D F1="6.931696" intensity="6.598069e-003" type="0"/>
    <Peak1D F1="6.910970" intensity="6.386296e-002" type="0"/>
    <Peak1D F1="6.905309" intensity="6.582259e-002" type="0"/>
    <Peak1D F1="6.887053" intensity="1.284793e-001" type="0"/>
    <Peak1D F1="6.881426" intensity="1.296988e-001" type="0"/>
    <Peak1D F1="6.872882" intensity="6.632631e-002" type="0"/>
    <Peak1D F1="6.867186" intensity="6.313290e-002" type="0"/>
    <Peak1D F1="6.819562" intensity="8.441801e-003" type="0"/>
    <Peak1D F1="6.647993" intensity="6.604311e-003" type="0"/>
    <Peak1D F1="6.642479" intensity="7.481032e-003" type="0"/>
    <Peak1D F1="6.630565" intensity="4.135192e-003" type="0"/>
    <Peak1D F1="6.624340" intensity="4.600775e-003" type="0"/>
    <Peak1D F1="6.599158" intensity="4.750218e-003" type="0"/>
    <Peak1D F1="6.580269" intensity="6.263971e-003" type="0"/>
    <Peak1D F1="6.574364" intensity="9.505047e-003" type="0"/>
    <Peak1D F1="6.565703" intensity="1.986317e-002" type="0"/>
    <Peak1D F1="6.559795" intensity="3.208439e-002" type="0"/>
    <Peak1D F1="6.552952" intensity="2.530366e-002" type="0"/>
    <Peak1D F1="6.545256" intensity="3.306775e-002" type="0"/>
    <Peak1D F1="6.540139" intensity="1.964328e-002" type="0"/>
    <Peak1D F1="6.524057" intensity="7.244834e-003" type="0"/>
    <Peak1D F1="6.518745" intensity="8.473136e-003" type="0"/>
    <Peak1D F1="6.495270" intensity="2.339112e-002" type="0"/>
    <Peak1D F1="6.489810" intensity="5.425425e-002" type="0"/>
    <Peak1D F1="6.484150" intensity="5.344196e-002" type="0"/>
    <Peak1D F1="6.477875" intensity="2.628254e-002" type="0"/>
    <Peak1D F1="6.473574" intensity="4.335072e-002" type="0"/>
    <Peak1D F1="6.467782" intensity="7.359957e-002" type="0"/>
    <Peak1D F1="6.462020" intensity="4.081978e-002" type="0"/>
    <Peak1D F1="6.436492" intensity="5.670476e-002" type="0"/>
    <Peak1D F1="6.400793" intensity="3.821444e-003" type="0"/>
    <Peak1D F1="6.395011" intensity="6.332126e-003" type="0"/>
    <Peak1D F1="6.389198" intensity="5.669433e-003" type="0"/>
    <Peak1D F1="6.341922" intensity="1.174423e-002" type="0"/>
    <Peak1D F1="6.336220" intensity="9.842082e-003" type="0"/>
    <Peak1D F1="6.200187" intensity="7.042399e-003" type="0"/>
    <Peak1D F1="6.194981" intensity="3.474448e-003" type="0"/>
    <Peak1D F1="6.153090" intensity="1.691203e-003" type="0"/>
    <Peak1D F1="6.112554" intensity="4.710825e-003" type="0"/>
    <Peak1D F1="6.101725" intensity="4.083924e-003" type="0"/>
    <Peak1D F1="6.051394" intensity="5.298439e-002" type="0"/>
    <Peak1D F1="6.041974" intensity="2.945370e-002" type="0"/>
    <Peak1D F1="6.001766" intensity="2.852979e+000" type="0"/>
    <Peak1D F1="5.970881" intensity="1.457645e-002" type="0"/>
    <Peak1D F1="5.965427" intensity="2.177502e-002" type="0"/>
    <Peak1D F1="5.951768" intensity="7.035915e-002" type="0"/>
    <Peak1D F1="5.943612" intensity="2.610139e-002" type="0"/>
    <Peak1D F1="5.926437" intensity="2.380565e-003" type="0"/>
    <Peak1D F1="5.873279" intensity="1.713803e-003" type="0"/>
    <Peak1D F1="5.826726" intensity="1.579899e-003" type="0"/>
    <Peak1D F1="5.800258" intensity="2.982900e-002" type="0"/>
    <Peak1D F1="5.793868" intensity="2.471032e-002" type="0"/>
    <Peak1D F1="5.755639" intensity="1.004215e-002" type="0"/>
    <Peak1D F1="5.749255" intensity="9.954356e-003" type="0"/>
    <Peak1D F1="5.706203" intensity="6.312148e-003" type="0"/>
    <Peak1D F1="5.650627" intensity="2.126093e-003" type="0"/>
    <Peak1D F1="5.627024" intensity="1.970902e-002" type="0"/>
    <Peak1D F1="5.600045" intensity="2.118382e-002" type="0"/>
    <Peak1D F1="5.586715" intensity="1.163254e-003" type="0"/>
    <Peak1D F1="5.564397" intensity="3.445555e-003" type="0"/>
    <Peak1D F1="5.537393" intensity="4.040441e-003" type="0"/>
    <Peak1D F1="5.500910" intensity="9.485453e-003" type="0"/>
    <Peak1D F1="5.454420" intensity="7.291906e-003" type="0"/>
    <Peak1D F1="5.437831" intensity="6.401630e-003" type="0"/>
    <Peak1D F1="5.383235" intensity="1.131847e-002" type="0"/>
    <Peak1D F1="5.335960" intensity="1.887276e-001" type="0"/>
    <Peak1D F1="5.329912" intensity="1.868073e-001" type="0"/>
    <Peak1D F1="5.281474" intensity="3.821991e-003" type="0"/>
    <Peak1D F1="5.261119" intensity="3.074462e-003" type="0"/>
    <Peak1D F1="5.255500" intensity="2.367639e-003" type="0"/>
    <Peak1D F1="5.245273" intensity="1.899133e-003" type="0"/>
    <Peak1D F1="5.139693" intensity="1.470205e-003" type="0"/>
    <Peak1D F1="4.996926" intensity="4.059511e-003" type="0"/>
    <Peak1D F1="4.975092" intensity="4.543306e-003" type="0"/>
    <Peak1D F1="4.945195" intensity="9.859137e-004" type="0"/>
    <Peak1D F1="4.922434" intensity="1.758947e-002" type="0"/>
    <Peak1D F1="4.901143" intensity="2.173769e-002" type="0"/>
    <Peak1D F1="4.879354" intensity="7.540940e-003" type="0"/>
    <Peak1D F1="4.867428" intensity="1.942501e-002" type="0"/>
    <Peak1D F1="4.845778" intensity="2.304222e-002" type="0"/>
    <Peak1D F1="4.817580" intensity="8.583355e-001" type="0"/>
    <Peak1D F1="4.795568" intensity="8.653487e-001" type="0"/>
    <Peak1D F1="4.767398" intensity="3.076384e-002" type="0"/>
    <Peak1D F1="4.745528" intensity="4.475668e-002" type="0"/>
    <Peak1D F1="4.703063" intensity="3.137706e-001" type="0"/>
    <Peak1D F1="4.636705" intensity="1.591443e-002" type="0"/>
    <Peak1D F1="4.617198" intensity="9.452175e-003" type="0"/>
    <Peak1D F1="4.585082" intensity="1.684436e-003" type="0"/>
    <Peak1D F1="4.507634" intensity="1.734919e-003" type="0"/>
    <Peak1D F1="4.492695" intensity="1.494283e-003" type="0"/>
    <Peak1D F1="4.337404" intensity="1.576751e-003" type="0"/>
    <Peak1D F1="4.327403" intensity="1.862726e-003" type="0"/>
    <Peak1D F1="4.296973" intensity="1.417947e-003" type="0"/>
    <Peak1D F1="4.285456" intensity="1.247195e-003" type="0"/>
    <Peak1D F1="4.275513" intensity="1.527248e-003" type="0"/>
    <Peak1D F1="4.126317" intensity="5.178687e-003" type="0"/>
    <Peak1D F1="4.105207" intensity="9.361091e-003" type="0"/>
    <Peak1D F1="4.085559" intensity="5.785005e-003" type="0"/>
    <Peak1D F1="4.064392" intensity="7.019786e-003" type="0"/>
    <Peak1D F1="4.050675" intensity="9.843995e-003" type="0"/>
    <Peak1D F1="4.041956" intensity="9.619907e-003" type="0"/>
    <Peak1D F1="4.028120" intensity="8.259200e-003" type="0"/>
    <Peak1D F1="3.939260" intensity="6.894161e-003" type="0"/>
    <Peak1D F1="3.916396" intensity="2.538296e-003" type="0"/>
    <Peak1D F1="3.904504" intensity="5.014902e-003" type="0"/>
    <Peak1D F1="3.864940" intensity="4.674280e-002" type="0"/>
    <Peak1D F1="3.851687" intensity="4.719489e-003" type="0"/>
    <Peak1D F1="3.836183" intensity="6.409191e-003" type="0"/>
    <Peak1D F1="3.828269" intensity="1.071891e-002" type="0"/>
    <Peak1D F1="3.812546" intensity="2.839091e-002" type="0"/>
    <Peak1D F1="3.798238" intensity="2.403702e-002" type="0"/>
    <Peak1D F1="3.778627" intensity="3.748583e-001" type="0"/>
    <Peak1D F1="3.772175" intensity="1.607065e-001" type="0"/>
    <Peak1D F1="3.762496" intensity="1.488371e+000" type="0"/>
    <Peak1D F1="3.739516" intensity="4.862626e-001" type="0"/>
    <Peak1D F1="3.731472" intensity="5.151160e-001" type="0"/>
    <Peak1D F1="3.726609" intensity="8.984938e-001" type="0"/>
    <Peak1D F1="3.720918" intensity="1.740673e-001" type="0"/>
    <Peak1D F1="3.712531" intensity="8.984859e-002" type="0"/>
    <Peak1D F1="3.687425" intensity="8.386781e+000" type="0"/>
    <Peak1D F1="3.669636" intensity="7.179195e-002" type="0"/>
    <Peak1D F1="3.663121" intensity="1.211756e-001" type="0"/>
    <Peak1D F1="3.649513" intensity="3.212105e-002" type="0"/>
    <Peak1D F1="3.637378" intensity="1.590367e-001" type="0"/>
    <Peak1D F1="3.622168" intensity="1.680070e-002" type="0"/>
    <Peak1D F1="3.615000" intensity="2.429558e-002" type="0"/>
    <Peak1D F1="3.609249" intensity="2.481874e-002" type="0"/>
    <Peak1D F1="3.582754" intensity="7.721531e-002" type="0"/>
    <Peak1D F1="3.567274" intensity="3.068742e-002" type="0"/>
    <Peak1D F1="3.558542" intensity="5.630583e-003" type="0"/>
    <Peak1D F1="3.533651" intensity="1.650452e-001" type="0"/>
    <Peak1D F1="3.505267" intensity="4.625514e-002" type="0"/>
    <Peak1D F1="3.492619" intensity="9.647985e-003" type="0"/>
    <Peak1D F1="3.483882" intensity="4.658744e-003" type="0"/>
    <Peak1D F1="3.469409" intensity="1.198178e-002" type="0"/>
    <Peak1D F1="3.456356" intensity="1.847400e-002" type="0"/>
    <Peak1D F1="3.449237" intensity="1.483578e-002" type="0"/>
    <Peak1D F1="3.434941" intensity="1.784145e-002" type="0"/>
    <Peak1D F1="3.420973" intensity="3.575146e-003" type="0"/>
    <Peak1D F1="3.384591" intensity="1.444342e-002" type="0"/>
    <Peak1D F1="3.357478" intensity="1.124127e-002" type="0"/>
    <Peak1D F1="3.311281" intensity="3.139072e-002" type="0"/>
    <Peak1D F1="3.237098" intensity="6.590507e-003" type="0"/>
    <Peak1D F1="3.219893" intensity="6.621829e-003" type="0"/>
    <Peak1D F1="3.207190" intensity="7.217790e-003" type="0"/>
    <Peak1D F1="3.187409" intensity="8.327629e-003" type="0"/>
    <Peak1D F1="3.171066" intensity="4.746505e-003" type="0"/>
    <Peak1D F1="3.140552" intensity="4.189683e-003" type="0"/>
    <Peak1D F1="3.125016" intensity="1.313093e-002" type="0"/>
    <Peak1D F1="3.112169" intensity="6.932403e-003" type="0"/>
    <Peak1D F1="3.098420" intensity="4.511497e-003" type="0"/>
    <Peak1D F1="3.081415" intensity="1.958028e-003" type="0"/>
    <Peak1D F1="2.957312" intensity="2.149831e-002" type="0"/>
    <Peak1D F1="2.950602" intensity="2.321423e-002" type="0"/>
    <Peak1D F1="2.939247" intensity="3.929533e-002" type="0"/>
    <Peak1D F1="2.932364" intensity="3.819588e-002" type="0"/>
    <Peak1D F1="2.921095" intensity="2.078844e-002" type="0"/>
    <Peak1D F1="2.914151" intensity="2.348797e-002" type="0"/>
    <Peak1D F1="2.894080" intensity="4.245711e-003" type="0"/>
    <Peak1D F1="2.827583" intensity="1.525420e-003" type="0"/>
    <Peak1D F1="2.806438" intensity="2.216301e-003" type="0"/>
    <Peak1D F1="2.778677" intensity="1.166750e-002" type="0"/>
    <Peak1D F1="2.758225" intensity="1.872376e-002" type="0"/>
    <Peak1D F1="2.733258" intensity="1.227820e-002" type="0"/>
    <Peak1D F1="2.698417" intensity="7.145973e-003" type="0"/>
    <Peak1D F1="2.675584" intensity="8.179886e-003" type="0"/>
    <Peak1D F1="2.653644" intensity="4.048192e-003" type="0"/>
    <Peak1D F1="2.646283" intensity="7.444227e-003" type="0"/>
    <Peak1D F1="2.625039" intensity="3.892140e-003" type="0"/>
    <Peak1D F1="2.546400" intensity="2.642579e-003" type="0"/>
    <Peak1D F1="2.526223" intensity="3.261050e-003" type="0"/>
    <Peak1D F1="2.517828" intensity="3.189716e-003" type="0"/>
    <Peak1D F1="2.499580" intensity="5.026459e-003" type="0"/>
    <Peak1D F1="2.472937" intensity="5.084265e-003" type="0"/>
    <Peak1D F1="2.451249" intensity="1.151145e-002" type="0"/>
    <Peak1D F1="2.422299" intensity="2.408083e-002" type="0"/>
    <Peak1D F1="2.402547" intensity="1.992028e-001" type="0"/>
    <Peak1D F1="2.396956" intensity="1.961591e-001" type="0"/>
    <Peak1D F1="2.392163" intensity="1.510684e-001" type="0"/>
    <Peak1D F1="2.384964" intensity="2.140083e-001" type="0"/>
    <Peak1D F1="2.380681" intensity="2.592230e-001" type="0"/>
    <Peak1D F1="2.375870" intensity="3.195345e-001" type="0"/>
    <Peak1D F1="2.353621" intensity="6.004370e-001" type="0"/>
    <Peak1D F1="2.343972" intensity="4.040785e-001" type="0"/>
    <Peak1D F1="2.332005" intensity="4.713906e-001" type="0"/>
    <Peak1D F1="2.323109" intensity="3.691274e-001" type="0"/>
    <Peak1D F1="2.302300" intensity="2.071256e-001" type="0"/>
    <Peak1D F1="2.282865" intensity="8.177510e-002" type="0"/>
    <Peak1D F1="2.276906" intensity="9.825023e-002" type="0"/>
    <Peak1D F1="2.263144" intensity="1.155579e-001" type="0"/>
    <Peak1D F1="2.257675" intensity="1.024625e-001" type="0"/>
    <Peak1D F1="2.243311" intensity="1.131878e-001" type="0"/>
    <Peak1D F1="2.217725" intensity="2.645869e-001" type="0"/>
    <Peak1D F1="2.210680" intensity="1.013201e-001" type="0"/>
    <Peak1D F1="2.195100" intensity="3.761948e-001" type="0"/>
    <Peak1D F1="2.191080" intensity="3.549515e-001" type="0"/>
    <Peak1D F1="2.179181" intensity="1.104326e-001" type="0"/>
    <Peak1D F1="2.169073" intensity="5.175203e-001" type="0"/>
    <Peak1D F1="2.160111" intensity="1.343772e-001" type="0"/>
    <Peak1D F1="2.146405" intensity="3.560552e-001" type="0"/>
    <Peak1D F1="2.143049" intensity="3.816746e-001" type="0"/>
    <Peak1D F1="2.132196" intensity="4.560446e-001" type="0"/>
    <Peak1D F1="2.119793" intensity="5.672057e-001" type="0"/>
    <Peak1D F1="2.102567" intensity="4.964310e+000" type="0"/>
    <Peak1D F1="2.102000" intensity="4.959443e+000" type="0"/>
    <Peak1D F1="2.093392" intensity="4.186132e+000" type="0"/>
    <Peak1D F1="2.082690" intensity="1.484977e+001" type="0"/>
    <Peak1D F1="2.072420" intensity="4.217686e+000" type="0"/>
    <Peak1D F1="2.070924" intensity="4.217398e+000" type="0"/>
    <Peak1D F1="2.063890" intensity="7.694146e+000" type="0"/>
    <Peak1D F1="2.042415" intensity="4.381011e-001" type="0"/>
    <Peak1D F1="2.038355" intensity="4.931244e-001" type="0"/>
    <Peak1D F1="2.032774" intensity="5.576922e-001" type="0"/>
    <Peak1D F1="2.013782" intensity="2.955045e-001" type="0"/>
    <Peak1D F1="1.994002" intensity="1.538366e-001" type="0"/>
    <Peak1D F1="1.985320" intensity="1.559760e-001" type="0"/>
    <Peak1D F1="1.974767" intensity="2.042080e-001" type="0"/>
    <Peak1D F1="1.969485" intensity="2.079228e-001" type="0"/>
    <Peak1D F1="1.952924" intensity="4.743341e-001" type="0"/>
    <Peak1D F1="1.935175" intensity="2.862562e+000" type="0"/>
    <Peak1D F1="1.924999" intensity="9.583020e-001" type="0"/>
    <Peak1D F1="1.917897" intensity="1.304663e+000" type="0"/>
    <Peak1D F1="1.914145" intensity="1.133541e+000" type="0"/>
    <Peak1D F1="1.912783" intensity="1.131542e+000" type="0"/>
    <Peak1D F1="1.903410" intensity="7.838439e+000" type="0"/>
    <Peak1D F1="1.893461" intensity="6.809630e+000" type="0"/>
    <Peak1D F1="1.892425" intensity="6.822397e+000" type="0"/>
    <Peak1D F1="1.883854" intensity="1.500000e+001" type="0"/>
    <Peak1D F1="1.873853" intensity="6.094889e+000" type="0"/>
    <Peak1D F1="1.864483" intensity="5.049190e+000" type="0"/>
    <Peak1D F1="1.852088" intensity="7.624531e-001" type="0"/>
    <Peak1D F1="1.846281" intensity="4.428703e-001" type="0"/>
    <Peak1D F1="1.842120" intensity="4.686711e-001" type="0"/>
    <Peak1D F1="1.834057" intensity="4.545902e-001" type="0"/>
    <Peak1D F1="1.824786" intensity="2.476134e-001" type="0"/>
    <Peak1D F1="1.814819" intensity="1.817023e-001" type="0"/>
    <Peak1D F1="1.776319" intensity="6.472977e-002" type="0"/>
    <Peak1D F1="1.763342" intensity="6.914740e-002" type="0"/>
    <Peak1D F1="1.752394" intensity="7.720746e-002" type="0"/>
    <Peak1D F1="1.736677" intensity="1.367363e-001" type="0"/>
    <Peak1D F1="1.720817" intensity="1.646155e-001" type="0"/>
    <Peak1D F1="1.715964" intensity="2.164433e-001" type="0"/>
    <Peak1D F1="1.709962" intensity="1.917542e-001" type="0"/>
    <Peak1D F1="1.699775" intensity="4.032463e-001" type="0"/>
    <Peak1D F1="1.694499" intensity="4.180145e-001" type="0"/>
    <Peak1D F1="1.675374" intensity="7.260478e-001" type="0"/>
    <Peak1D F1="1.670296" intensity="5.195776e-001" type="0"/>
    <Peak1D F1="1.656891" intensity="4.892229e-001" type="0"/>
    <Peak1D F1="1.651267" intensity="4.337489e-001" type="0"/>
    <Peak1D F1="1.640726" intensity="3.294033e-001" type="0"/>
    <Peak1D F1="1.636569" intensity="2.976755e-001" type="0"/>
    <Peak1D F1="1.625185" intensity="2.015948e-001" type="0"/>
    <Peak1D F1="1.610064" intensity="1.557201e-001" type="0"/>
    <Peak1D F1="1.598460" intensity="6.299511e-002" type="0"/>
    <Peak1D F1="1.588551" intensity="4.981666e-002" type="0"/>
    <Peak1D F1="1.577833" intensity="4.245265e-002" type="0"/>
    <Peak1D F1="1.565168" intensity="4.227023e-002" type="0"/>
    <Peak1D F1="1.550353" intensity="4.882866e-002" type="0"/>
    <Peak1D F1="1.540423" intensity="8.843521e-002" type="0"/>
    <Peak1D F1="1.534231" intensity="9.676727e-002" type="0"/>
    <Peak1D F1="1.525923" intensity="1.511184e-001" type="0"/>
    <Peak1D F1="1.506945" intensity="2.785194e-001" type="0"/>
    <Peak1D F1="1.489245" intensity="2.979721e-001" type="0"/>
    <Peak1D F1="1.477273" intensity="2.607432e-001" type="0"/>
    <Peak1D F1="1.460001" intensity="2.123604e-001" type="0"/>
    <Peak1D F1="1.441665" intensity="7.341327e-002" type="0"/>
    <Peak1D F1="1.434976" intensity="4.756196e-002" type="0"/>
    <Peak1D F1="1.429196" intensity="4.756911e-002" type="0"/>
    <Peak1D F1="1.425943" intensity="4.594737e-002" type="0"/>
    <Peak1D F1="1.413524" intensity="2.062578e-002" type="0"/>
    <Peak1D F1="1.394183" intensity="1.510275e-002" type="0"/>
    <Peak1D F1="1.385717" intensity="1.530442e-002" type="0"/>
    <Peak1D F1="1.360318" intensity="1.710584e-002" type="0"/>
    <Peak1D F1="1.351254" intensity="2.293871e-002" type="0"/>
    <Peak1D F1="1.329513" intensity="1.494182e-002" type="0"/>
    <Peak1D F1="1.298569" intensity="1.140888e-002" type="0"/>
    <Peak1D F1="1.256051" intensity="1.127043e-002" type="0"/>
    <Peak1D F1="1.225414" intensity="1.621753e-002" type="0"/>
    <Peak1D F1="1.209096" intensity="1.672328e-002" type="0"/>
    <Peak1D F1="1.192810" intensity="2.057855e-002" type="0"/>
    <Peak1D F1="1.179620" intensity="3.234295e-002" type="0"/>
    <Peak1D F1="1.158902" intensity="1.056740e-002" type="0"/>
    <Peak1D F1="1.150993" intensity="8.581907e-003" type="0"/>
    <Peak1D F1="1.128777" intensity="2.005743e-002" type="0"/>
    <Peak1D F1="1.113435" intensity="1.968414e-002" type="0"/>
    <Peak1D F1="1.078555" intensity="5.533161e-003" type="0"/>
    <Peak1D F1="1.050169" intensity="5.139754e-003" type="0"/>
    <Peak1D F1="1.019511" intensity="5.608429e-003" type="0"/>
    <Peak1D F1="1.003398" intensity="5.046620e-003" type="0"/>
    <Peak1D F1="0.956083" intensity="4.376460e-003" type="0"/>
    <Peak1D F1="0.936424" intensity="4.266014e-003" type="0"/>
    <Peak1D F1="0.913577" intensity="4.172518e-003" type="0"/>
    <Peak1D F1="0.817000" intensity="6.559075e-003" type="0"/>
    <Peak1D F1="0.800266" intensity="1.071414e-002" type="0"/>
    <Peak1D F1="0.782632" intensity="8.257439e-003" type="0"/>
    <Peak1D F1="0.753571" intensity="7.699477e-003" type="0"/>
    <Peak1D F1="0.737075" intensity="6.485732e-003" type="0"/>
    <Peak1D F1="0.718153" intensity="4.689704e-003" type="0"/>
    <Peak1D F1="0.685331" intensity="2.895443e-003" type="0"/>
    <Peak1D F1="0.625325" intensity="2.629252e-003" type="0"/>
    <Peak1D F1="0.594591" intensity="2.491219e-003" type="0"/>
    <Peak1D F1="0.538429" intensity="2.285317e-003" type="0"/>
    <Peak1D F1="0.526860" intensity="2.073207e-003" type="0"/>
    <Peak1D F1="0.497921" intensity="2.049196e-003" type="0"/>
    <Peak1D F1="0.439924" intensity="2.200970e-003" type="0"/>
    <Peak1D F1="0.417313" intensity="2.259226e-003" type="0"/>
    <Peak1D F1="0.363449" intensity="2.014179e-003" type="0"/>
    <Peak1D F1="0.336428" intensity="2.224799e-003" type="0"/>
    <Peak1D F1="0.314755" intensity="1.789811e-003" type="0"/>
    <Peak1D F1="0.299202" intensity="1.815148e-003" type="0"/>
    <Peak1D F1="0.282014" intensity="1.983448e-003" type="0"/>
    <Peak1D F1="0.128340" intensity="1.739521e-003" type="0"/>
    <Peak1D F1="0.122721" intensity="1.412446e-003" type="0"/>
    <Peak1D F1="0.069003" intensity="1.832683e-003" type="0"/>
    <Peak1D F1="0.051296" intensity="2.014674e-003" type="0"/>
    <Peak1D F1="-0.000152" intensity="7.006110e-002" type="0"/>
    <Peak1D F1="-0.027306" intensity="2.280783e-003" type="0"/>
    <Peak1D F1="-0.050328" intensity="2.174664e-003" type="0"/>
    <Peak1D F1="-0.089146" intensity="1.293533e-003" type="0"/>
    <Peak1D F1="-0.136320" intensity="1.341823e-003" type="0"/>
    <Peak1D F1="-0.148578" intensity="2.155932e-003" type="0"/>
    <Peak1D F1="-0.186684" intensity="1.420748e-003" type="0"/>
    <Peak1D F1="-0.225491" intensity="9.999805e-004" type="0"/>
    <Peak1D F1="-0.240002" intensity="1.063482e-003" type="0"/>
    <Peak1D F1="-0.296138" intensity="1.279670e-003" type="0"/>
    <Peak1D F1="-0.308303" intensity="1.043511e-003" type="0"/>
    <Peak1D F1="-0.360289" intensity="9.887005e-004" type="0"/>
    <Peak1D F1="-0.460940" intensity="9.032318e-004" type="0"/>
    <Peak1D F1="-0.557438" intensity="1.202393e-003" type="0"/>
    <Peak1D F1="-0.624259" intensity="9.410183e-004" type="0"/>
    <Peak1D F1="-3.157570" intensity="1.027314e-003" type="0"/>
    <Peak1D F1="-3.283431" intensity="9.822827e-004" type="0"/>
    <Peak1D F1="-3.451118" intensity="9.576731e-004" type="0"/>
    <Peak1D F1="-3.546605" intensity="9.726825e-004" type="0"/>
    <Peak1D F1="-3.554319" intensity="9.556483e-004" type="0"/>
    <Peak1D F1="-3.634504" intensity="9.369569e-004" type="0"/>
    <Peak1D F1="-3.753522" intensity="9.312856e-004" type="0"/>
  </PeakList1D>
</PeakList>
