<?xml version="1.0" encoding="UTF-8"?>
<PeakList>
  <PeakList1D>
    <PeakList1DHeader creator="nmr" date="2021-10-27T01:33:07.032+03:00" expNo="10" name="ID-448-B-(6 HOURS NOT 9) 26.10.21" owner="" procNo="1" source="//132.72.8.180/400b/Milo/Milo">
      <PeakPickDetails>F1=16.105860ppm, F2=-3.923186ppm, MI=0.00cm, MAXI=10000.00cm, PC=1.000
      </PeakPickDetails>
    </PeakList1DHeader>
    <Peak1D F1="14.084329" intensity="2.152618e-003" type="0"/>
    <Peak1D F1="13.714844" intensity="2.479889e-003" type="0"/>
    <Peak1D F1="10.094179" intensity="1.493990e-002" type="0"/>
    <Peak1D F1="8.369615" intensity="6.992511e-003" type="0"/>
    <Peak1D F1="8.363188" intensity="7.380636e-003" type="0"/>
    <Peak1D F1="8.346844" intensity="9.456494e-003" type="0"/>
    <Peak1D F1="8.341846" intensity="1.575576e-002" type="0"/>
    <Peak1D F1="8.320657" intensity="1.188367e-002" type="0"/>
    <Peak1D F1="8.271373" intensity="5.716597e-003" type="0"/>
    <Peak1D F1="8.250874" intensity="1.477757e-002" type="0"/>
    <Peak1D F1="8.228657" intensity="2.068130e-002" type="0"/>
    <Peak1D F1="8.213180" intensity="4.226074e-002" type="0"/>
    <Peak1D F1="8.207705" intensity="5.783802e-002" type="0"/>
    <Peak1D F1="8.191069" intensity="5.098720e-002" type="0"/>
    <Peak1D F1="8.185673" intensity="6.374774e-002" type="0"/>
    <Peak1D F1="8.162835" intensity="2.829838e-001" type="0"/>
    <Peak1D F1="8.157416" intensity="1.857905e+000" type="0"/>
    <Peak1D F1="8.152603" intensity="6.887490e-001" type="0"/>
    <Peak1D F1="8.140014" intensity="6.927912e-001" type="0"/>
    <Peak1D F1="8.135558" intensity="1.952968e+000" type="0"/>
    <Peak1D F1="8.129610" intensity="3.766744e-001" type="0"/>
    <Peak1D F1="8.122637" intensity="7.603988e-002" type="0"/>
    <Peak1D F1="8.107463" intensity="3.529887e-002" type="0"/>
    <Peak1D F1="8.085472" intensity="3.330692e-002" type="0"/>
    <Peak1D F1="8.073030" intensity="3.037752e-003" type="0"/>
    <Peak1D F1="8.050676" intensity="2.286690e-003" type="0"/>
    <Peak1D F1="8.022648" intensity="1.282634e-002" type="0"/>
    <Peak1D F1="8.000684" intensity="9.839776e-003" type="0"/>
    <Peak1D F1="7.948142" intensity="5.675357e-003" type="0"/>
    <Peak1D F1="7.926901" intensity="6.549302e-003" type="0"/>
    <Peak1D F1="7.920228" intensity="7.536343e-003" type="0"/>
    <Peak1D F1="7.898774" intensity="2.780858e-003" type="0"/>
    <Peak1D F1="7.859477" intensity="3.170031e-003" type="0"/>
    <Peak1D F1="7.682722" intensity="7.407277e-003" type="0"/>
    <Peak1D F1="7.663808" intensity="8.665736e-003" type="0"/>
    <Peak1D F1="7.610811" intensity="1.284799e-002" type="0"/>
    <Peak1D F1="7.589284" intensity="1.323904e-002" type="0"/>
    <Peak1D F1="7.572867" intensity="1.081808e-002" type="0"/>
    <Peak1D F1="7.549362" intensity="1.683165e-002" type="0"/>
    <Peak1D F1="7.530548" intensity="5.951858e-002" type="0"/>
    <Peak1D F1="7.507495" intensity="9.575582e-002" type="0"/>
    <Peak1D F1="7.499708" intensity="5.575401e-002" type="0"/>
    <Peak1D F1="7.481662" intensity="1.845222e+000" type="0"/>
    <Peak1D F1="7.477081" intensity="6.299106e-001" type="0"/>
    <Peak1D F1="7.464287" intensity="7.129528e-001" type="0"/>
    <Peak1D F1="7.459723" intensity="1.801565e+000" type="0"/>
    <Peak1D F1="7.454022" intensity="2.421595e-001" type="0"/>
    <Peak1D F1="7.443859" intensity="1.384135e-001" type="0"/>
    <Peak1D F1="7.431663" intensity="5.952542e-002" type="0"/>
    <Peak1D F1="7.409727" intensity="3.991798e-002" type="0"/>
    <Peak1D F1="7.376250" intensity="8.366836e-003" type="0"/>
    <Peak1D F1="7.360693" intensity="8.023046e-003" type="0"/>
    <Peak1D F1="7.330244" intensity="1.467373e-002" type="0"/>
    <Peak1D F1="7.307239" intensity="1.767115e-002" type="0"/>
    <Peak1D F1="7.295542" intensity="1.941266e-002" type="0"/>
    <Peak1D F1="7.274525" intensity="2.587462e-002" type="0"/>
    <Peak1D F1="7.250618" intensity="2.128758e-001" type="0"/>
    <Peak1D F1="7.230353" intensity="1.171416e-001" type="0"/>
    <Peak1D F1="7.200706" intensity="1.086490e+001" type="0"/>
    <Peak1D F1="7.182096" intensity="1.856833e-002" type="0"/>
    <Peak1D F1="7.171910" intensity="1.177372e-002" type="0"/>
    <Peak1D F1="7.163014" intensity="8.888314e-003" type="0"/>
    <Peak1D F1="7.150681" intensity="1.784878e-001" type="0"/>
    <Peak1D F1="7.105125" intensity="2.543860e-003" type="0"/>
    <Peak1D F1="7.100219" intensity="4.094401e-003" type="0"/>
    <Peak1D F1="7.016521" intensity="3.242017e-003" type="0"/>
    <Peak1D F1="7.003252" intensity="3.194467e-003" type="0"/>
    <Peak1D F1="6.936592" intensity="5.755720e-002" type="0"/>
    <Peak1D F1="6.886699" intensity="5.515803e-003" type="0"/>
    <Peak1D F1="6.863710" intensity="6.856305e-003" type="0"/>
    <Peak1D F1="6.847655" intensity="1.412122e-002" type="0"/>
    <Peak1D F1="6.829628" intensity="3.854135e-002" type="0"/>
    <Peak1D F1="6.824938" intensity="3.813500e-002" type="0"/>
    <Peak1D F1="6.812960" intensity="3.840923e-002" type="0"/>
    <Peak1D F1="6.807173" intensity="6.420697e-002" type="0"/>
    <Peak1D F1="6.801494" intensity="4.311510e-002" type="0"/>
    <Peak1D F1="6.790595" intensity="2.668295e-002" type="0"/>
    <Peak1D F1="6.784453" intensity="3.439094e-002" type="0"/>
    <Peak1D F1="6.778626" intensity="2.060936e-002" type="0"/>
    <Peak1D F1="6.753682" intensity="3.000479e-003" type="0"/>
    <Peak1D F1="6.435616" intensity="8.978816e-003" type="0"/>
    <Peak1D F1="6.323232" intensity="3.358792e-003" type="0"/>
    <Peak1D F1="6.306173" intensity="3.748583e-003" type="0"/>
    <Peak1D F1="6.277932" intensity="2.119695e-003" type="0"/>
    <Peak1D F1="6.215409" intensity="5.716608e-003" type="0"/>
    <Peak1D F1="6.210063" intensity="3.591482e-003" type="0"/>
    <Peak1D F1="6.150780" intensity="5.254440e-003" type="0"/>
    <Peak1D F1="6.117955" intensity="1.737247e-002" type="0"/>
    <Peak1D F1="6.110004" intensity="3.614161e-003" type="0"/>
    <Peak1D F1="6.066853" intensity="4.254750e-002" type="0"/>
    <Peak1D F1="6.016885" intensity="2.375850e+000" type="0"/>
    <Peak1D F1="5.966794" intensity="3.868439e-002" type="0"/>
    <Peak1D F1="5.885447" intensity="2.334712e-002" type="0"/>
    <Peak1D F1="5.873205" intensity="2.166038e-002" type="0"/>
    <Peak1D F1="5.820743" intensity="3.662117e-003" type="0"/>
    <Peak1D F1="5.815548" intensity="7.053884e-003" type="0"/>
    <Peak1D F1="5.592029" intensity="3.301797e-003" type="0"/>
    <Peak1D F1="5.560989" intensity="2.261026e-003" type="0"/>
    <Peak1D F1="5.548634" intensity="3.403136e-003" type="0"/>
    <Peak1D F1="5.522871" intensity="4.587208e-003" type="0"/>
    <Peak1D F1="5.406359" intensity="2.273161e-002" type="0"/>
    <Peak1D F1="5.392446" intensity="3.659253e-002" type="0"/>
    <Peak1D F1="5.351115" intensity="4.782539e-002" type="0"/>
    <Peak1D F1="5.271286" intensity="5.863029e-003" type="0"/>
    <Peak1D F1="5.244421" intensity="2.687810e-003" type="0"/>
    <Peak1D F1="5.222219" intensity="2.484499e-003" type="0"/>
    <Peak1D F1="5.176267" intensity="2.290000e-003" type="0"/>
    <Peak1D F1="4.975284" intensity="5.573087e-003" type="0"/>
    <Peak1D F1="4.952274" intensity="4.744060e-003" type="0"/>
    <Peak1D F1="4.870532" intensity="4.257780e-003" type="0"/>
    <Peak1D F1="4.845718" intensity="1.986892e-002" type="0"/>
    <Peak1D F1="4.823208" intensity="2.388284e-002" type="0"/>
    <Peak1D F1="4.796088" intensity="8.204191e-001" type="0"/>
    <Peak1D F1="4.773386" intensity="8.344516e-001" type="0"/>
    <Peak1D F1="4.745851" intensity="2.319636e-002" type="0"/>
    <Peak1D F1="4.733717" intensity="3.017574e-002" type="0"/>
    <Peak1D F1="4.723399" intensity="2.413831e-002" type="0"/>
    <Peak1D F1="4.683749" intensity="1.263711e+000" type="0"/>
    <Peak1D F1="4.634209" intensity="2.720175e-002" type="0"/>
    <Peak1D F1="4.613249" intensity="7.026869e-003" type="0"/>
    <Peak1D F1="4.590347" intensity="8.144309e-003" type="0"/>
    <Peak1D F1="4.578186" intensity="4.474288e-003" type="0"/>
    <Peak1D F1="4.478374" intensity="2.240136e-003" type="0"/>
    <Peak1D F1="4.268869" intensity="2.139406e-003" type="0"/>
    <Peak1D F1="3.928337" intensity="2.699259e-003" type="0"/>
    <Peak1D F1="3.877818" intensity="3.868616e-002" type="0"/>
    <Peak1D F1="3.845528" intensity="4.815044e-003" type="0"/>
    <Peak1D F1="3.811097" intensity="5.146614e-002" type="0"/>
    <Peak1D F1="3.750194" intensity="1.277662e-001" type="0"/>
    <Peak1D F1="3.700308" intensity="7.080644e+000" type="0"/>
    <Peak1D F1="3.671294" intensity="1.338759e-002" type="0"/>
    <Peak1D F1="3.650268" intensity="1.198047e-001" type="0"/>
    <Peak1D F1="3.599901" intensity="2.813266e-003" type="0"/>
    <Peak1D F1="3.518087" intensity="3.615268e-002" type="0"/>
    <Peak1D F1="2.943355" intensity="4.911637e-003" type="0"/>
    <Peak1D F1="2.917993" intensity="3.154924e-003" type="0"/>
    <Peak1D F1="2.808872" intensity="3.176680e-003" type="0"/>
    <Peak1D F1="2.787707" intensity="3.000056e-003" type="0"/>
    <Peak1D F1="2.771916" intensity="5.516957e-003" type="0"/>
    <Peak1D F1="2.761153" intensity="5.402142e-003" type="0"/>
    <Peak1D F1="2.742780" intensity="7.277271e-003" type="0"/>
    <Peak1D F1="2.722300" intensity="8.004255e-003" type="0"/>
    <Peak1D F1="2.710846" intensity="7.829670e-003" type="0"/>
    <Peak1D F1="2.672291" intensity="3.029519e-002" type="0"/>
    <Peak1D F1="2.661282" intensity="2.920939e-002" type="0"/>
    <Peak1D F1="2.626351" intensity="6.166939e-003" type="0"/>
    <Peak1D F1="2.592254" intensity="4.097298e-003" type="0"/>
    <Peak1D F1="2.582982" intensity="3.683871e-003" type="0"/>
    <Peak1D F1="2.553067" intensity="2.850031e-003" type="0"/>
    <Peak1D F1="2.537146" intensity="3.314674e-003" type="0"/>
    <Peak1D F1="2.509980" intensity="2.880608e-003" type="0"/>
    <Peak1D F1="2.504311" intensity="3.201701e-003" type="0"/>
    <Peak1D F1="2.492662" intensity="5.846552e-003" type="0"/>
    <Peak1D F1="2.479329" intensity="7.480847e-003" type="0"/>
    <Peak1D F1="2.435167" intensity="1.609123e-001" type="0"/>
    <Peak1D F1="2.430238" intensity="1.694200e-001" type="0"/>
    <Peak1D F1="2.415400" intensity="1.841823e-001" type="0"/>
    <Peak1D F1="2.409474" intensity="1.814179e-001" type="0"/>
    <Peak1D F1="2.386038" intensity="2.732231e-001" type="0"/>
    <Peak1D F1="2.382272" intensity="2.446123e-001" type="0"/>
    <Peak1D F1="2.377911" intensity="2.065724e-001" type="0"/>
    <Peak1D F1="2.371012" intensity="1.394818e-001" type="0"/>
    <Peak1D F1="2.361377" intensity="3.242136e-001" type="0"/>
    <Peak1D F1="2.356119" intensity="2.941884e-001" type="0"/>
    <Peak1D F1="2.332799" intensity="3.384386e-001" type="0"/>
    <Peak1D F1="2.325257" intensity="1.938151e-001" type="0"/>
    <Peak1D F1="2.312565" intensity="2.398799e-001" type="0"/>
    <Peak1D F1="2.302475" intensity="3.083241e-001" type="0"/>
    <Peak1D F1="2.282578" intensity="2.036678e-001" type="0"/>
    <Peak1D F1="2.279643" intensity="1.818714e-001" type="0"/>
    <Peak1D F1="2.257576" intensity="1.094314e-001" type="0"/>
    <Peak1D F1="2.249358" intensity="3.337524e-001" type="0"/>
    <Peak1D F1="2.235802" intensity="9.088536e-002" type="0"/>
    <Peak1D F1="2.227325" intensity="3.804733e-001" type="0"/>
    <Peak1D F1="2.222992" intensity="3.930001e-001" type="0"/>
    <Peak1D F1="2.206766" intensity="1.320797e-001" type="0"/>
    <Peak1D F1="2.200494" intensity="4.965769e-001" type="0"/>
    <Peak1D F1="2.193180" intensity="1.150172e-001" type="0"/>
    <Peak1D F1="2.178952" intensity="2.885918e-001" type="0"/>
    <Peak1D F1="2.174333" intensity="2.910970e-001" type="0"/>
    <Peak1D F1="2.166945" intensity="1.717753e-001" type="0"/>
    <Peak1D F1="2.151840" intensity="4.410365e-001" type="0"/>
    <Peak1D F1="2.146801" intensity="4.196915e-001" type="0"/>
    <Peak1D F1="2.138572" intensity="2.773274e-001" type="0"/>
    <Peak1D F1="2.116582" intensity="4.609173e+000" type="0"/>
    <Peak1D F1="2.096953" intensity="1.450514e+001" type="0"/>
    <Peak1D F1="2.085276" intensity="3.778730e+000" type="0"/>
    <Peak1D F1="2.078149" intensity="7.221930e+000" type="0"/>
    <Peak1D F1="2.062774" intensity="3.911704e-001" type="0"/>
    <Peak1D F1="2.056825" intensity="3.606813e-001" type="0"/>
    <Peak1D F1="2.052634" intensity="3.631382e-001" type="0"/>
    <Peak1D F1="2.047191" intensity="4.145660e-001" type="0"/>
    <Peak1D F1="2.028304" intensity="1.856740e-001" type="0"/>
    <Peak1D F1="2.013891" intensity="6.540846e-002" type="0"/>
    <Peak1D F1="2.000995" intensity="7.196742e-002" type="0"/>
    <Peak1D F1="1.984853" intensity="2.141833e-001" type="0"/>
    <Peak1D F1="1.980358" intensity="1.837745e-001" type="0"/>
    <Peak1D F1="1.968167" intensity="2.364040e-001" type="0"/>
    <Peak1D F1="1.962174" intensity="3.732586e-001" type="0"/>
    <Peak1D F1="1.957448" intensity="4.035749e-001" type="0"/>
    <Peak1D F1="1.952825" intensity="4.330135e-001" type="0"/>
    <Peak1D F1="1.948363" intensity="4.320368e-001" type="0"/>
    <Peak1D F1="1.941247" intensity="6.878626e-001" type="0"/>
    <Peak1D F1="1.932841" intensity="8.437907e-001" type="0"/>
    <Peak1D F1="1.926271" intensity="9.778270e-001" type="0"/>
    <Peak1D F1="1.921453" intensity="8.802454e-001" type="0"/>
    <Peak1D F1="1.911397" intensity="7.332283e+000" type="0"/>
    <Peak1D F1="1.900261" intensity="6.098855e+000" type="0"/>
    <Peak1D F1="1.891786" intensity="1.500000e+001" type="0"/>
    <Peak1D F1="1.882969" intensity="5.289094e+000" type="0"/>
    <Peak1D F1="1.881210" intensity="5.415375e+000" type="0"/>
    <Peak1D F1="1.872384" intensity="4.701252e+000" type="0"/>
    <Peak1D F1="1.860380" intensity="5.875520e-001" type="0"/>
    <Peak1D F1="1.850184" intensity="3.525769e-001" type="0"/>
    <Peak1D F1="1.841966" intensity="3.526104e-001" type="0"/>
    <Peak1D F1="1.831839" intensity="1.506346e-001" type="0"/>
    <Peak1D F1="1.822458" intensity="1.206090e-001" type="0"/>
    <Peak1D F1="1.810636" intensity="4.776000e-002" type="0"/>
    <Peak1D F1="1.800814" intensity="3.866156e-002" type="0"/>
    <Peak1D F1="1.792677" intensity="3.867080e-002" type="0"/>
    <Peak1D F1="1.780155" intensity="3.244168e-002" type="0"/>
    <Peak1D F1="1.771197" intensity="3.200142e-002" type="0"/>
    <Peak1D F1="1.760741" intensity="4.644944e-002" type="0"/>
    <Peak1D F1="1.745041" intensity="1.176743e-001" type="0"/>
    <Peak1D F1="1.729541" intensity="1.445157e-001" type="0"/>
    <Peak1D F1="1.724515" intensity="1.703079e-001" type="0"/>
    <Peak1D F1="1.717316" intensity="1.589735e-001" type="0"/>
    <Peak1D F1="1.708391" intensity="1.874968e-001" type="0"/>
    <Peak1D F1="1.701454" intensity="2.947618e-001" type="0"/>
    <Peak1D F1="1.691334" intensity="1.922443e-001" type="0"/>
    <Peak1D F1="1.682885" intensity="5.306274e-001" type="0"/>
    <Peak1D F1="1.671989" intensity="4.168954e-001" type="0"/>
    <Peak1D F1="1.663586" intensity="4.324865e-001" type="0"/>
    <Peak1D F1="1.659597" intensity="5.870141e-001" type="0"/>
    <Peak1D F1="1.644365" intensity="3.449589e-001" type="0"/>
    <Peak1D F1="1.639506" intensity="3.859351e-001" type="0"/>
    <Peak1D F1="1.628505" intensity="1.951538e-001" type="0"/>
    <Peak1D F1="1.624090" intensity="2.322911e-001" type="0"/>
    <Peak1D F1="1.617566" intensity="2.345134e-001" type="0"/>
    <Peak1D F1="1.603676" intensity="3.053786e-001" type="0"/>
    <Peak1D F1="1.552786" intensity="5.143770e-002" type="0"/>
    <Peak1D F1="1.537143" intensity="1.591882e-001" type="0"/>
    <Peak1D F1="1.521303" intensity="1.167638e-001" type="0"/>
    <Peak1D F1="1.513998" intensity="1.377964e-001" type="0"/>
    <Peak1D F1="1.503013" intensity="2.981156e-001" type="0"/>
    <Peak1D F1="1.485551" intensity="3.417183e-001" type="0"/>
    <Peak1D F1="1.472584" intensity="2.394650e-001" type="0"/>
    <Peak1D F1="1.455741" intensity="2.454464e-001" type="0"/>
    <Peak1D F1="1.444623" intensity="4.742421e-002" type="0"/>
    <Peak1D F1="1.438028" intensity="7.496457e-002" type="0"/>
    <Peak1D F1="1.426025" intensity="7.870230e-002" type="0"/>
    <Peak1D F1="1.407257" intensity="1.618005e-002" type="0"/>
    <Peak1D F1="1.374770" intensity="1.108338e-002" type="0"/>
    <Peak1D F1="1.355973" intensity="1.018192e-002" type="0"/>
    <Peak1D F1="1.342708" intensity="1.031275e-002" type="0"/>
    <Peak1D F1="1.324480" intensity="1.071496e-002" type="0"/>
    <Peak1D F1="1.310618" intensity="1.169706e-002" type="0"/>
    <Peak1D F1="1.234317" intensity="2.946734e-002" type="0"/>
    <Peak1D F1="1.185258" intensity="1.478534e-001" type="0"/>
    <Peak1D F1="1.053952" intensity="7.464536e-003" type="0"/>
    <Peak1D F1="1.037893" intensity="7.662759e-003" type="0"/>
    <Peak1D F1="0.995561" intensity="7.301156e-003" type="0"/>
    <Peak1D F1="0.971711" intensity="6.616091e-003" type="0"/>
    <Peak1D F1="0.927431" intensity="5.402860e-003" type="0"/>
    <Peak1D F1="0.825510" intensity="1.881508e-002" type="0"/>
    <Peak1D F1="0.809560" intensity="3.633820e-002" type="0"/>
    <Peak1D F1="0.791522" intensity="2.391894e-002" type="0"/>
    <Peak1D F1="0.781551" intensity="2.435716e-002" type="0"/>
    <Peak1D F1="0.772558" intensity="2.625870e-002" type="0"/>
    <Peak1D F1="0.756258" intensity="2.342101e-002" type="0"/>
    <Peak1D F1="0.736204" intensity="1.379187e-002" type="0"/>
    <Peak1D F1="0.679891" intensity="4.221516e-003" type="0"/>
    <Peak1D F1="0.672910" intensity="4.156171e-003" type="0"/>
    <Peak1D F1="0.562929" intensity="2.684298e-003" type="0"/>
    <Peak1D F1="0.547350" intensity="3.011168e-003" type="0"/>
    <Peak1D F1="0.433980" intensity="2.603130e-003" type="0"/>
    <Peak1D F1="0.392903" intensity="2.703927e-003" type="0"/>
    <Peak1D F1="0.385235" intensity="2.779662e-003" type="0"/>
    <Peak1D F1="0.377590" intensity="2.552767e-003" type="0"/>
    <Peak1D F1="0.279214" intensity="2.447242e-003" type="0"/>
    <Peak1D F1="0.259969" intensity="2.459880e-003" type="0"/>
    <Peak1D F1="0.227382" intensity="2.299725e-003" type="0"/>
    <Peak1D F1="0.048486" intensity="2.364921e-003" type="0"/>
    <Peak1D F1="-0.000156" intensity="3.228546e-002" type="0"/>
    <Peak1D F1="-0.050234" intensity="2.163227e-003" type="0"/>
    <Peak1D F1="-0.070659" intensity="2.129824e-003" type="0"/>
    <Peak1D F1="-0.299435" intensity="2.389969e-003" type="0"/>
    <Peak1D F1="-0.313706" intensity="2.260395e-003" type="0"/>
    <Peak1D F1="-3.201841" intensity="2.102514e-003" type="0"/>
    <Peak1D F1="-3.249469" intensity="2.054933e-003" type="0"/>
    <Peak1D F1="-3.692404" intensity="2.248766e-003" type="0"/>
  </PeakList1D>
</PeakList>
