<?xml version="1.0" encoding="UTF-8"?>
<PeakList>
  <PeakList1D>
    <PeakList1DHeader creator="nmr" date="2021-08-06T18:17:21.412+03:00" expNo="10" name="ID_422_M" owner="" procNo="1" source="//132.72.8.180/400b/Milo/Milo">
      <PeakPickDetails>F1=16.151400ppm, F2=-3.877646ppm, MI=0.00cm, MAXI=10000.00cm, PC=1.000
      </PeakPickDetails>
    </PeakList1DHeader>
    <Peak1D F1="12.310775" intensity="1.175873e-003" type="0"/>
    <Peak1D F1="11.939193" intensity="3.038189e-003" type="0"/>
    <Peak1D F1="11.684444" intensity="1.187464e-003" type="0"/>
    <Peak1D F1="11.320498" intensity="1.388447e-003" type="0"/>
    <Peak1D F1="10.961223" intensity="1.174617e-003" type="0"/>
    <Peak1D F1="10.556890" intensity="1.172593e-003" type="0"/>
    <Peak1D F1="10.083454" intensity="1.723153e-002" type="0"/>
    <Peak1D F1="10.076812" intensity="2.396179e-002" type="0"/>
    <Peak1D F1="8.405306" intensity="1.427397e-003" type="0"/>
    <Peak1D F1="8.336029" intensity="8.146153e-003" type="0"/>
    <Peak1D F1="8.317517" intensity="2.544728e-002" type="0"/>
    <Peak1D F1="8.303228" intensity="2.567218e-002" type="0"/>
    <Peak1D F1="8.296144" intensity="2.471701e-002" type="0"/>
    <Peak1D F1="8.253007" intensity="1.584284e-002" type="0"/>
    <Peak1D F1="8.246660" intensity="1.974183e-002" type="0"/>
    <Peak1D F1="8.227218" intensity="7.977997e-002" type="0"/>
    <Peak1D F1="8.220551" intensity="1.070283e-001" type="0"/>
    <Peak1D F1="8.215312" intensity="8.318391e-002" type="0"/>
    <Peak1D F1="8.205023" intensity="1.601245e-001" type="0"/>
    <Peak1D F1="8.202019" intensity="1.738725e-001" type="0"/>
    <Peak1D F1="8.198611" intensity="1.701461e-001" type="0"/>
    <Peak1D F1="8.186686" intensity="1.740504e-001" type="0"/>
    <Peak1D F1="8.180078" intensity="1.639695e-001" type="0"/>
    <Peak1D F1="8.174119" intensity="1.172791e-001" type="0"/>
    <Peak1D F1="8.166330" intensity="1.132902e-001" type="0"/>
    <Peak1D F1="8.161583" intensity="1.143460e-001" type="0"/>
    <Peak1D F1="8.152121" intensity="9.866374e-002" type="0"/>
    <Peak1D F1="8.132151" intensity="1.056170e+000" type="0"/>
    <Peak1D F1="8.124102" intensity="1.488099e+000" type="0"/>
    <Peak1D F1="8.119171" intensity="1.027892e+000" type="0"/>
    <Peak1D F1="8.114620" intensity="1.189803e+000" type="0"/>
    <Peak1D F1="8.110202" intensity="1.654741e+000" type="0"/>
    <Peak1D F1="8.107202" intensity="1.500637e+000" type="0"/>
    <Peak1D F1="8.102122" intensity="1.733101e+000" type="0"/>
    <Peak1D F1="8.021449" intensity="2.700631e-002" type="0"/>
    <Peak1D F1="8.016046" intensity="3.647263e-002" type="0"/>
    <Peak1D F1="8.010816" intensity="1.932305e-002" type="0"/>
    <Peak1D F1="8.004452" intensity="1.757932e-002" type="0"/>
    <Peak1D F1="7.999396" intensity="2.532424e-002" type="0"/>
    <Peak1D F1="7.993847" intensity="2.577460e-002" type="0"/>
    <Peak1D F1="7.969121" intensity="5.886132e-003" type="0"/>
    <Peak1D F1="7.958869" intensity="4.758900e-003" type="0"/>
    <Peak1D F1="7.914916" intensity="6.034165e-003" type="0"/>
    <Peak1D F1="7.894352" intensity="8.441178e-003" type="0"/>
    <Peak1D F1="7.717067" intensity="1.793360e-001" type="0"/>
    <Peak1D F1="7.712227" intensity="1.934998e-001" type="0"/>
    <Peak1D F1="7.674249" intensity="2.467810e-002" type="0"/>
    <Peak1D F1="7.656422" intensity="1.121897e-001" type="0"/>
    <Peak1D F1="7.635374" intensity="1.056682e-001" type="0"/>
    <Peak1D F1="7.612042" intensity="4.061760e-002" type="0"/>
    <Peak1D F1="7.596392" intensity="4.792546e-002" type="0"/>
    <Peak1D F1="7.589475" intensity="4.914929e-002" type="0"/>
    <Peak1D F1="7.568089" intensity="1.427443e-001" type="0"/>
    <Peak1D F1="7.546515" intensity="2.584084e-001" type="0"/>
    <Peak1D F1="7.505027" intensity="3.975780e-001" type="0"/>
    <Peak1D F1="7.498322" intensity="2.811286e-001" type="0"/>
    <Peak1D F1="7.478529" intensity="1.314851e+000" type="0"/>
    <Peak1D F1="7.472906" intensity="1.902186e+000" type="0"/>
    <Peak1D F1="7.468786" intensity="1.278323e+000" type="0"/>
    <Peak1D F1="7.461538" intensity="1.052799e+000" type="0"/>
    <Peak1D F1="7.456662" intensity="1.555652e+000" type="0"/>
    <Peak1D F1="7.451552" intensity="1.725385e+000" type="0"/>
    <Peak1D F1="7.440467" intensity="6.069389e-001" type="0"/>
    <Peak1D F1="7.418548" intensity="6.362569e-002" type="0"/>
    <Peak1D F1="7.410591" intensity="4.693649e-002" type="0"/>
    <Peak1D F1="7.406777" intensity="4.758314e-002" type="0"/>
    <Peak1D F1="7.401387" intensity="3.676910e-002" type="0"/>
    <Peak1D F1="7.372698" intensity="1.482529e-002" type="0"/>
    <Peak1D F1="7.345438" intensity="1.044068e-002" type="0"/>
    <Peak1D F1="7.295378" intensity="1.748451e-001" type="0"/>
    <Peak1D F1="7.263783" intensity="1.807174e-001" type="0"/>
    <Peak1D F1="7.245686" intensity="7.623289e+000" type="0"/>
    <Peak1D F1="7.201942" intensity="1.027777e-001" type="0"/>
    <Peak1D F1="7.194803" intensity="2.042573e-001" type="0"/>
    <Peak1D F1="7.178073" intensity="1.372995e-001" type="0"/>
    <Peak1D F1="7.175099" intensity="1.353369e-001" type="0"/>
    <Peak1D F1="7.169083" intensity="1.325157e-001" type="0"/>
    <Peak1D F1="7.166271" intensity="1.257278e-001" type="0"/>
    <Peak1D F1="7.081464" intensity="4.201417e-003" type="0"/>
    <Peak1D F1="7.072628" intensity="4.249881e-003" type="0"/>
    <Peak1D F1="7.061833" intensity="4.257476e-003" type="0"/>
    <Peak1D F1="7.055979" intensity="4.683529e-003" type="0"/>
    <Peak1D F1="6.980638" intensity="4.063360e-002" type="0"/>
    <Peak1D F1="6.941722" intensity="6.899307e-003" type="0"/>
    <Peak1D F1="6.192451" intensity="6.209724e-003" type="0"/>
    <Peak1D F1="6.186679" intensity="5.120373e-003" type="0"/>
    <Peak1D F1="6.109296" intensity="4.927821e-003" type="0"/>
    <Peak1D F1="6.087493" intensity="5.944597e-003" type="0"/>
    <Peak1D F1="6.052114" intensity="6.050766e-002" type="0"/>
    <Peak1D F1="6.044055" intensity="3.393248e-002" type="0"/>
    <Peak1D F1="6.029010" intensity="2.627878e-002" type="0"/>
    <Peak1D F1="6.001375" intensity="1.586301e+000" type="0"/>
    <Peak1D F1="5.993966" intensity="2.228541e+000" type="0"/>
    <Peak1D F1="5.986322" intensity="5.712263e-001" type="0"/>
    <Peak1D F1="5.979195" intensity="5.382874e-001" type="0"/>
    <Peak1D F1="5.950855" intensity="5.353717e-002" type="0"/>
    <Peak1D F1="5.943848" intensity="3.242610e-002" type="0"/>
    <Peak1D F1="5.929006" intensity="1.451244e-002" type="0"/>
    <Peak1D F1="5.817479" intensity="6.261259e-002" type="0"/>
    <Peak1D F1="5.799515" intensity="8.627131e-003" type="0"/>
    <Peak1D F1="5.792148" intensity="7.489685e-003" type="0"/>
    <Peak1D F1="5.768231" intensity="6.907497e-003" type="0"/>
    <Peak1D F1="5.761158" intensity="6.518365e-003" type="0"/>
    <Peak1D F1="5.665459" intensity="4.540569e-002" type="0"/>
    <Peak1D F1="5.638903" intensity="4.656712e-002" type="0"/>
    <Peak1D F1="5.603193" intensity="7.135500e-003" type="0"/>
    <Peak1D F1="5.578250" intensity="4.518572e-003" type="0"/>
    <Peak1D F1="5.491470" intensity="6.638341e-003" type="0"/>
    <Peak1D F1="5.485794" intensity="5.618384e-003" type="0"/>
    <Peak1D F1="5.448701" intensity="9.976365e-002" type="0"/>
    <Peak1D F1="5.417400" intensity="3.021022e-002" type="0"/>
    <Peak1D F1="5.376008" intensity="9.539809e-003" type="0"/>
    <Peak1D F1="5.326337" intensity="1.516849e-001" type="0"/>
    <Peak1D F1="5.319802" intensity="1.220682e-001" type="0"/>
    <Peak1D F1="5.258603" intensity="6.142041e-003" type="0"/>
    <Peak1D F1="5.208244" intensity="2.091766e-003" type="0"/>
    <Peak1D F1="5.148778" intensity="1.415260e-003" type="0"/>
    <Peak1D F1="5.137702" intensity="1.627196e-003" type="0"/>
    <Peak1D F1="5.005238" intensity="1.088746e-002" type="0"/>
    <Peak1D F1="4.983426" intensity="1.184501e-002" type="0"/>
    <Peak1D F1="4.935030" intensity="1.715676e-002" type="0"/>
    <Peak1D F1="4.914519" intensity="2.090566e-002" type="0"/>
    <Peak1D F1="4.908124" intensity="2.025202e-002" type="0"/>
    <Peak1D F1="4.895519" intensity="4.336696e-002" type="0"/>
    <Peak1D F1="4.874821" intensity="8.180585e-002" type="0"/>
    <Peak1D F1="4.854172" intensity="6.380729e-002" type="0"/>
    <Peak1D F1="4.826083" intensity="1.281340e+000" type="0"/>
    <Peak1D F1="4.804454" intensity="1.339652e+000" type="0"/>
    <Peak1D F1="4.776361" intensity="4.970743e-002" type="0"/>
    <Peak1D F1="4.753939" intensity="4.812877e-002" type="0"/>
    <Peak1D F1="4.701395" intensity="3.343410e-002" type="0"/>
    <Peak1D F1="4.682396" intensity="3.641897e-002" type="0"/>
    <Peak1D F1="4.662652" intensity="3.550222e-002" type="0"/>
    <Peak1D F1="4.642475" intensity="3.798945e-002" type="0"/>
    <Peak1D F1="4.619421" intensity="3.585761e-002" type="0"/>
    <Peak1D F1="4.278666" intensity="6.952153e-003" type="0"/>
    <Peak1D F1="4.217667" intensity="5.772255e-003" type="0"/>
    <Peak1D F1="4.200873" intensity="5.339395e-003" type="0"/>
    <Peak1D F1="4.139291" intensity="3.863700e-003" type="0"/>
    <Peak1D F1="4.119174" intensity="3.296209e-003" type="0"/>
    <Peak1D F1="4.097006" intensity="3.085862e-003" type="0"/>
    <Peak1D F1="4.030665" intensity="2.385220e-003" type="0"/>
    <Peak1D F1="4.006922" intensity="2.366398e-003" type="0"/>
    <Peak1D F1="3.982535" intensity="2.472501e-003" type="0"/>
    <Peak1D F1="3.965774" intensity="2.079629e-003" type="0"/>
    <Peak1D F1="3.958593" intensity="1.838749e-003" type="0"/>
    <Peak1D F1="3.928627" intensity="1.692085e-003" type="0"/>
    <Peak1D F1="3.895358" intensity="2.045261e-003" type="0"/>
    <Peak1D F1="3.863913" intensity="2.541126e-002" type="0"/>
    <Peak1D F1="3.856723" intensity="3.650564e-002" type="0"/>
    <Peak1D F1="3.842351" intensity="1.025777e-002" type="0"/>
    <Peak1D F1="3.797311" intensity="1.476876e-002" type="0"/>
    <Peak1D F1="3.790120" intensity="1.918363e-002" type="0"/>
    <Peak1D F1="3.779530" intensity="1.278940e-002" type="0"/>
    <Peak1D F1="3.737179" intensity="1.575396e-001" type="0"/>
    <Peak1D F1="3.729343" intensity="1.034965e-001" type="0"/>
    <Peak1D F1="3.721703" intensity="4.398589e-002" type="0"/>
    <Peak1D F1="3.714673" intensity="8.570590e-002" type="0"/>
    <Peak1D F1="3.686482" intensity="4.806448e+000" type="0"/>
    <Peak1D F1="3.679278" intensity="6.871314e+000" type="0"/>
    <Peak1D F1="3.671960" intensity="1.804834e+000" type="0"/>
    <Peak1D F1="3.664927" intensity="1.693215e+000" type="0"/>
    <Peak1D F1="3.635883" intensity="1.359271e-001" type="0"/>
    <Peak1D F1="3.629125" intensity="9.254160e-002" type="0"/>
    <Peak1D F1="3.621416" intensity="4.245120e-002" type="0"/>
    <Peak1D F1="3.614736" intensity="5.026054e-002" type="0"/>
    <Peak1D F1="3.586974" intensity="1.081968e-002" type="0"/>
    <Peak1D F1="3.550370" intensity="6.873921e-003" type="0"/>
    <Peak1D F1="3.532309" intensity="6.183350e-003" type="0"/>
    <Peak1D F1="3.504222" intensity="2.979983e-002" type="0"/>
    <Peak1D F1="3.497029" intensity="4.050212e-002" type="0"/>
    <Peak1D F1="3.486841" intensity="1.986559e-002" type="0"/>
    <Peak1D F1="3.480696" intensity="2.052617e-002" type="0"/>
    <Peak1D F1="3.428144" intensity="7.894092e-003" type="0"/>
    <Peak1D F1="3.417238" intensity="5.742424e-003" type="0"/>
    <Peak1D F1="3.376765" intensity="1.376038e-001" type="0"/>
    <Peak1D F1="3.367406" intensity="1.740494e-001" type="0"/>
    <Peak1D F1="3.349490" intensity="4.434520e-002" type="0"/>
    <Peak1D F1="3.271034" intensity="5.372743e-003" type="0"/>
    <Peak1D F1="3.264743" intensity="7.139390e-003" type="0"/>
    <Peak1D F1="2.934709" intensity="7.345492e-003" type="0"/>
    <Peak1D F1="2.816191" intensity="3.441151e-003" type="0"/>
    <Peak1D F1="2.787383" intensity="2.626312e-002" type="0"/>
    <Peak1D F1="2.767147" intensity="4.627069e-002" type="0"/>
    <Peak1D F1="2.688693" intensity="7.614153e-003" type="0"/>
    <Peak1D F1="2.660028" intensity="4.449824e-003" type="0"/>
    <Peak1D F1="2.637292" intensity="7.314388e-003" type="0"/>
    <Peak1D F1="2.616670" intensity="8.403662e-003" type="0"/>
    <Peak1D F1="2.541512" intensity="5.923050e-002" type="0"/>
    <Peak1D F1="2.521672" intensity="4.916792e-002" type="0"/>
    <Peak1D F1="2.496569" intensity="2.781720e-002" type="0"/>
    <Peak1D F1="2.471439" intensity="1.950833e-002" type="0"/>
    <Peak1D F1="2.461118" intensity="1.670432e-002" type="0"/>
    <Peak1D F1="2.449569" intensity="1.751761e-002" type="0"/>
    <Peak1D F1="2.429901" intensity="2.769381e-002" type="0"/>
    <Peak1D F1="2.379625" intensity="4.547480e-001" type="0"/>
    <Peak1D F1="2.361553" intensity="6.559599e-001" type="0"/>
    <Peak1D F1="2.357931" intensity="6.080586e-001" type="0"/>
    <Peak1D F1="2.353071" intensity="6.644918e-001" type="0"/>
    <Peak1D F1="2.349830" intensity="6.619050e-001" type="0"/>
    <Peak1D F1="2.331817" intensity="1.153670e+000" type="0"/>
    <Peak1D F1="2.316904" intensity="7.058573e-001" type="0"/>
    <Peak1D F1="2.311259" intensity="6.364720e-001" type="0"/>
    <Peak1D F1="2.296064" intensity="3.002407e-001" type="0"/>
    <Peak1D F1="2.287158" intensity="2.047372e-001" type="0"/>
    <Peak1D F1="2.278791" intensity="3.552314e-001" type="0"/>
    <Peak1D F1="2.271076" intensity="4.276985e-001" type="0"/>
    <Peak1D F1="2.242523" intensity="1.486572e-001" type="0"/>
    <Peak1D F1="2.235365" intensity="1.368473e-001" type="0"/>
    <Peak1D F1="2.220830" intensity="1.153980e-001" type="0"/>
    <Peak1D F1="2.210792" intensity="1.797088e-001" type="0"/>
    <Peak1D F1="2.200948" intensity="2.148083e-001" type="0"/>
    <Peak1D F1="2.187984" intensity="2.977922e-001" type="0"/>
    <Peak1D F1="2.183927" intensity="3.266683e-001" type="0"/>
    <Peak1D F1="2.178461" intensity="3.743491e-001" type="0"/>
    <Peak1D F1="2.174439" intensity="3.507265e-001" type="0"/>
    <Peak1D F1="2.162167" intensity="4.288190e-001" type="0"/>
    <Peak1D F1="2.152448" intensity="5.058977e-001" type="0"/>
    <Peak1D F1="2.130060" intensity="7.137110e-001" type="0"/>
    <Peak1D F1="2.124771" intensity="6.829359e-001" type="0"/>
    <Peak1D F1="2.093113" intensity="5.627948e+000" type="0"/>
    <Peak1D F1="2.090936" intensity="5.665337e+000" type="0"/>
    <Peak1D F1="2.080812" intensity="1.172500e+001" type="0"/>
    <Peak1D F1="2.073814" intensity="1.368477e+001" type="0"/>
    <Peak1D F1="2.062393" intensity="1.025651e+001" type="0"/>
    <Peak1D F1="2.057460" intensity="8.594129e+000" type="0"/>
    <Peak1D F1="2.055542" intensity="8.633736e+000" type="0"/>
    <Peak1D F1="1.977315" intensity="1.838057e-001" type="0"/>
    <Peak1D F1="1.951833" intensity="4.655319e-001" type="0"/>
    <Peak1D F1="1.947414" intensity="5.044239e-001" type="0"/>
    <Peak1D F1="1.934481" intensity="7.997381e-001" type="0"/>
    <Peak1D F1="1.926178" intensity="9.898872e-001" type="0"/>
    <Peak1D F1="1.918717" intensity="1.372160e+000" type="0"/>
    <Peak1D F1="1.912320" intensity="1.722668e+000" type="0"/>
    <Peak1D F1="1.903190" intensity="4.988328e+000" type="0"/>
    <Peak1D F1="1.896649" intensity="7.812353e+000" type="0"/>
    <Peak1D F1="1.894843" intensity="7.387917e+000" type="0"/>
    <Peak1D F1="1.884281" intensity="1.363882e+001" type="0"/>
    <Peak1D F1="1.877542" intensity="1.500000e+001" type="0"/>
    <Peak1D F1="1.866178" intensity="9.562433e+000" type="0"/>
    <Peak1D F1="1.858891" intensity="6.158638e+000" type="0"/>
    <Peak1D F1="1.836392" intensity="9.108715e-001" type="0"/>
    <Peak1D F1="1.815949" intensity="3.599503e-001" type="0"/>
    <Peak1D F1="1.751749" intensity="1.104738e-001" type="0"/>
    <Peak1D F1="1.746870" intensity="1.148049e-001" type="0"/>
    <Peak1D F1="1.732337" intensity="1.794735e-001" type="0"/>
    <Peak1D F1="1.716710" intensity="3.670519e-001" type="0"/>
    <Peak1D F1="1.701963" intensity="5.571208e-001" type="0"/>
    <Peak1D F1="1.696594" intensity="6.241513e-001" type="0"/>
    <Peak1D F1="1.690999" intensity="5.911058e-001" type="0"/>
    <Peak1D F1="1.681668" intensity="8.417035e-001" type="0"/>
    <Peak1D F1="1.677439" intensity="8.856963e-001" type="0"/>
    <Peak1D F1="1.672736" intensity="7.772246e-001" type="0"/>
    <Peak1D F1="1.666114" intensity="7.282355e-001" type="0"/>
    <Peak1D F1="1.663057" intensity="7.206233e-001" type="0"/>
    <Peak1D F1="1.657975" intensity="7.144528e-001" type="0"/>
    <Peak1D F1="1.654069" intensity="6.320734e-001" type="0"/>
    <Peak1D F1="1.647775" intensity="5.476567e-001" type="0"/>
    <Peak1D F1="1.641517" intensity="4.830555e-001" type="0"/>
    <Peak1D F1="1.632363" intensity="3.806883e-001" type="0"/>
    <Peak1D F1="1.626203" intensity="3.537852e-001" type="0"/>
    <Peak1D F1="1.620315" intensity="3.003213e-001" type="0"/>
    <Peak1D F1="1.611649" intensity="2.535753e-001" type="0"/>
    <Peak1D F1="1.605041" intensity="2.351441e-001" type="0"/>
    <Peak1D F1="1.561680" intensity="9.680641e-002" type="0"/>
    <Peak1D F1="1.532710" intensity="2.199847e-001" type="0"/>
    <Peak1D F1="1.529239" intensity="2.342996e-001" type="0"/>
    <Peak1D F1="1.525015" intensity="2.546309e-001" type="0"/>
    <Peak1D F1="1.507802" intensity="3.759507e-001" type="0"/>
    <Peak1D F1="1.495754" intensity="3.809574e-001" type="0"/>
    <Peak1D F1="1.491152" intensity="3.899775e-001" type="0"/>
    <Peak1D F1="1.479140" intensity="3.951757e-001" type="0"/>
    <Peak1D F1="1.470064" intensity="2.379286e-001" type="0"/>
    <Peak1D F1="1.462317" intensity="2.890149e-001" type="0"/>
    <Peak1D F1="1.459427" intensity="2.824835e-001" type="0"/>
    <Peak1D F1="1.442933" intensity="1.191582e-001" type="0"/>
    <Peak1D F1="1.437179" intensity="8.228544e-002" type="0"/>
    <Peak1D F1="1.432206" intensity="8.510508e-002" type="0"/>
    <Peak1D F1="1.426046" intensity="8.672350e-002" type="0"/>
    <Peak1D F1="1.360764" intensity="4.238175e-002" type="0"/>
    <Peak1D F1="1.341525" intensity="3.954257e-002" type="0"/>
    <Peak1D F1="1.218695" intensity="3.215075e-002" type="0"/>
    <Peak1D F1="1.177375" intensity="7.003164e-002" type="0"/>
    <Peak1D F1="1.046324" intensity="1.001624e-002" type="0"/>
    <Peak1D F1="0.981447" intensity="8.416917e-003" type="0"/>
    <Peak1D F1="0.971630" intensity="8.687054e-003" type="0"/>
    <Peak1D F1="0.937106" intensity="7.366810e-003" type="0"/>
    <Peak1D F1="0.888309" intensity="6.710532e-003" type="0"/>
    <Peak1D F1="0.795305" intensity="1.918394e-002" type="0"/>
    <Peak1D F1="0.782520" intensity="1.781227e-002" type="0"/>
    <Peak1D F1="0.768907" intensity="1.743391e-002" type="0"/>
    <Peak1D F1="0.667289" intensity="5.110451e-003" type="0"/>
    <Peak1D F1="0.645346" intensity="5.409595e-003" type="0"/>
    <Peak1D F1="0.630684" intensity="4.992446e-003" type="0"/>
    <Peak1D F1="0.625280" intensity="4.875757e-003" type="0"/>
    <Peak1D F1="0.602303" intensity="4.102665e-003" type="0"/>
    <Peak1D F1="0.570177" intensity="3.375307e-003" type="0"/>
    <Peak1D F1="0.540746" intensity="2.788752e-003" type="0"/>
    <Peak1D F1="0.461987" intensity="2.359075e-003" type="0"/>
    <Peak1D F1="0.457990" intensity="2.346306e-003" type="0"/>
    <Peak1D F1="0.403077" intensity="2.022308e-003" type="0"/>
    <Peak1D F1="0.387015" intensity="2.185073e-003" type="0"/>
    <Peak1D F1="0.361411" intensity="2.067352e-003" type="0"/>
    <Peak1D F1="0.334841" intensity="1.833252e-003" type="0"/>
    <Peak1D F1="0.313031" intensity="1.907950e-003" type="0"/>
    <Peak1D F1="0.283565" intensity="1.490847e-003" type="0"/>
    <Peak1D F1="0.140159" intensity="1.383721e-003" type="0"/>
    <Peak1D F1="0.053066" intensity="1.757886e-003" type="0"/>
    <Peak1D F1="0.026826" intensity="1.725384e-003" type="0"/>
    <Peak1D F1="0.004967" intensity="4.790901e-002" type="0"/>
    <Peak1D F1="-0.000151" intensity="6.990032e-002" type="0"/>
    <Peak1D F1="-0.029607" intensity="2.395832e-003" type="0"/>
    <Peak1D F1="-0.046246" intensity="2.011527e-003" type="0"/>
    <Peak1D F1="-2.523630" intensity="1.169076e-003" type="0"/>
  </PeakList1D>
</PeakList>
