<?xml version="1.0" encoding="UTF-8"?>
<PeakList>
  <PeakList1D>
    <PeakList1DHeader creator="nmr" date="2021-08-01T13:31:22.775+03:00" expNo="10" name="ID-419-A" owner="" procNo="1" source="//132.72.8.180/400b/Milo/Milo">
      <PeakPickDetails>F1=16.100691ppm, F2=-3.928354ppm, MI=0.00cm, MAXI=10000.00cm, PC=1.000
      </PeakPickDetails>
    </PeakList1DHeader>
    <Peak1D F1="14.805981" intensity="8.480716e-003" type="0"/>
    <Peak1D F1="13.983757" intensity="7.478626e-003" type="0"/>
    <Peak1D F1="13.919644" intensity="7.523584e-003" type="0"/>
    <Peak1D F1="13.560906" intensity="8.530801e-003" type="0"/>
    <Peak1D F1="12.875973" intensity="7.684723e-003" type="0"/>
    <Peak1D F1="11.372195" intensity="7.534862e-003" type="0"/>
    <Peak1D F1="11.040815" intensity="7.454066e-003" type="0"/>
    <Peak1D F1="10.268145" intensity="8.799319e-003" type="0"/>
    <Peak1D F1="10.093813" intensity="2.169421e-001" type="0"/>
    <Peak1D F1="8.393016" intensity="9.603291e-003" type="0"/>
    <Peak1D F1="8.376605" intensity="8.543151e-003" type="0"/>
    <Peak1D F1="8.364987" intensity="1.578638e-002" type="0"/>
    <Peak1D F1="8.342018" intensity="1.545876e-001" type="0"/>
    <Peak1D F1="8.320282" intensity="1.627107e-001" type="0"/>
    <Peak1D F1="8.269071" intensity="2.766295e-002" type="0"/>
    <Peak1D F1="8.252048" intensity="2.897983e-002" type="0"/>
    <Peak1D F1="8.247643" intensity="2.892738e-002" type="0"/>
    <Peak1D F1="8.232230" intensity="6.767103e-002" type="0"/>
    <Peak1D F1="8.210204" intensity="1.496665e-001" type="0"/>
    <Peak1D F1="8.188701" intensity="1.257671e-001" type="0"/>
    <Peak1D F1="8.158379" intensity="2.890193e+000" type="0"/>
    <Peak1D F1="8.153461" intensity="1.111032e+000" type="0"/>
    <Peak1D F1="8.136474" intensity="2.982148e+000" type="0"/>
    <Peak1D F1="8.130615" intensity="6.310290e-001" type="0"/>
    <Peak1D F1="8.107812" intensity="1.062340e-001" type="0"/>
    <Peak1D F1="8.103756" intensity="9.597912e-002" type="0"/>
    <Peak1D F1="8.086754" intensity="4.243469e-002" type="0"/>
    <Peak1D F1="8.058533" intensity="1.593260e-002" type="0"/>
    <Peak1D F1="8.042799" intensity="1.902690e-002" type="0"/>
    <Peak1D F1="8.020895" intensity="2.034099e-001" type="0"/>
    <Peak1D F1="8.015999" intensity="6.102198e-002" type="0"/>
    <Peak1D F1="7.998959" intensity="1.619688e-001" type="0"/>
    <Peak1D F1="7.949904" intensity="1.008785e-002" type="0"/>
    <Peak1D F1="7.928758" intensity="1.269965e-002" type="0"/>
    <Peak1D F1="7.921486" intensity="1.082692e-002" type="0"/>
    <Peak1D F1="7.829660" intensity="2.054520e-002" type="0"/>
    <Peak1D F1="7.808086" intensity="1.915802e-002" type="0"/>
    <Peak1D F1="7.681095" intensity="1.359146e-002" type="0"/>
    <Peak1D F1="7.661409" intensity="1.493916e-002" type="0"/>
    <Peak1D F1="7.623144" intensity="4.333321e-002" type="0"/>
    <Peak1D F1="7.600883" intensity="5.298696e-002" type="0"/>
    <Peak1D F1="7.574529" intensity="2.354675e-002" type="0"/>
    <Peak1D F1="7.560250" intensity="3.070274e-002" type="0"/>
    <Peak1D F1="7.547690" intensity="3.287540e-002" type="0"/>
    <Peak1D F1="7.530276" intensity="1.145806e-001" type="0"/>
    <Peak1D F1="7.508245" intensity="1.715083e-001" type="0"/>
    <Peak1D F1="7.480421" intensity="3.082810e+000" type="0"/>
    <Peak1D F1="7.458732" intensity="2.839313e+000" type="0"/>
    <Peak1D F1="7.440660" intensity="2.420913e-001" type="0"/>
    <Peak1D F1="7.430472" intensity="6.566851e-002" type="0"/>
    <Peak1D F1="7.408576" intensity="4.562019e-002" type="0"/>
    <Peak1D F1="7.325346" intensity="2.091765e-002" type="0"/>
    <Peak1D F1="7.315882" intensity="1.849207e-002" type="0"/>
    <Peak1D F1="7.280840" intensity="3.908072e-001" type="0"/>
    <Peak1D F1="7.274879" intensity="3.921994e-001" type="0"/>
    <Peak1D F1="7.245502" intensity="2.077580e-001" type="0"/>
    <Peak1D F1="7.223068" intensity="6.232782e-002" type="0"/>
    <Peak1D F1="7.195636" intensity="1.195813e+001" type="0"/>
    <Peak1D F1="7.160985" intensity="1.342510e-002" type="0"/>
    <Peak1D F1="7.154908" intensity="2.089529e-002" type="0"/>
    <Peak1D F1="7.145460" intensity="1.819227e-001" type="0"/>
    <Peak1D F1="7.060432" intensity="1.777500e-002" type="0"/>
    <Peak1D F1="7.054461" intensity="6.151602e-002" type="0"/>
    <Peak1D F1="7.049063" intensity="1.076308e-001" type="0"/>
    <Peak1D F1="7.043291" intensity="5.387255e-002" type="0"/>
    <Peak1D F1="7.035657" intensity="9.513774e-003" type="0"/>
    <Peak1D F1="7.015969" intensity="8.138219e-003" type="0"/>
    <Peak1D F1="6.979454" intensity="1.470289e-002" type="0"/>
    <Peak1D F1="6.931509" intensity="5.945979e-002" type="0"/>
    <Peak1D F1="6.832662" intensity="8.515959e-002" type="0"/>
    <Peak1D F1="6.826835" intensity="1.108307e-001" type="0"/>
    <Peak1D F1="6.818348" intensity="1.889350e-001" type="0"/>
    <Peak1D F1="6.812700" intensity="2.252338e-001" type="0"/>
    <Peak1D F1="6.653996" intensity="1.378102e-002" type="0"/>
    <Peak1D F1="6.639402" intensity="1.045167e-001" type="0"/>
    <Peak1D F1="6.633601" intensity="1.853300e-001" type="0"/>
    <Peak1D F1="6.627590" intensity="9.651141e-002" type="0"/>
    <Peak1D F1="6.573438" intensity="2.830729e-002" type="0"/>
    <Peak1D F1="6.568055" intensity="2.854945e-002" type="0"/>
    <Peak1D F1="6.562032" intensity="3.125851e-002" type="0"/>
    <Peak1D F1="6.539470" intensity="1.247454e-002" type="0"/>
    <Peak1D F1="6.515108" intensity="9.804659e-002" type="0"/>
    <Peak1D F1="6.509582" intensity="1.424149e-001" type="0"/>
    <Peak1D F1="6.504683" intensity="1.262913e-001" type="0"/>
    <Peak1D F1="6.499160" intensity="5.603200e-002" type="0"/>
    <Peak1D F1="6.469567" intensity="7.985123e-003" type="0"/>
    <Peak1D F1="6.352266" intensity="1.045425e-002" type="0"/>
    <Peak1D F1="6.216298" intensity="1.647753e-002" type="0"/>
    <Peak1D F1="6.166928" intensity="7.435255e-003" type="0"/>
    <Peak1D F1="6.117321" intensity="1.299113e-001" type="0"/>
    <Peak1D F1="6.076744" intensity="8.122073e-003" type="0"/>
    <Peak1D F1="6.067573" intensity="5.770310e-002" type="0"/>
    <Peak1D F1="6.056107" intensity="9.332673e-003" type="0"/>
    <Peak1D F1="6.017490" intensity="3.876489e+000" type="0"/>
    <Peak1D F1="5.976633" intensity="1.053465e-002" type="0"/>
    <Peak1D F1="5.967242" intensity="5.476616e-002" type="0"/>
    <Peak1D F1="5.957067" intensity="9.378911e-003" type="0"/>
    <Peak1D F1="5.925125" intensity="3.990525e-002" type="0"/>
    <Peak1D F1="5.913688" intensity="3.848835e-002" type="0"/>
    <Peak1D F1="5.793359" intensity="1.409508e-002" type="0"/>
    <Peak1D F1="5.786410" intensity="1.825894e-002" type="0"/>
    <Peak1D F1="5.622358" intensity="1.547622e-002" type="0"/>
    <Peak1D F1="5.596741" intensity="1.445783e-002" type="0"/>
    <Peak1D F1="5.485678" intensity="1.450399e-002" type="0"/>
    <Peak1D F1="5.462883" intensity="7.828715e-003" type="0"/>
    <Peak1D F1="5.432029" intensity="1.189478e-002" type="0"/>
    <Peak1D F1="5.393576" intensity="1.089069e-002" type="0"/>
    <Peak1D F1="5.356351" intensity="1.001522e-001" type="0"/>
    <Peak1D F1="5.349175" intensity="9.943955e-002" type="0"/>
    <Peak1D F1="5.309642" intensity="1.286393e-002" type="0"/>
    <Peak1D F1="5.275719" intensity="8.812250e-003" type="0"/>
    <Peak1D F1="5.094633" intensity="7.461850e-003" type="0"/>
    <Peak1D F1="4.995606" intensity="8.237677e-003" type="0"/>
    <Peak1D F1="4.970541" intensity="1.426508e-002" type="0"/>
    <Peak1D F1="4.956274" intensity="1.151073e-002" type="0"/>
    <Peak1D F1="4.947458" intensity="1.962912e-002" type="0"/>
    <Peak1D F1="4.915742" intensity="1.417997e-002" type="0"/>
    <Peak1D F1="4.889850" intensity="2.032749e-002" type="0"/>
    <Peak1D F1="4.869848" intensity="2.710006e-002" type="0"/>
    <Peak1D F1="4.852254" intensity="3.381352e-002" type="0"/>
    <Peak1D F1="4.840841" intensity="5.378615e-002" type="0"/>
    <Peak1D F1="4.817656" intensity="6.121241e-002" type="0"/>
    <Peak1D F1="4.790788" intensity="1.770924e+000" type="0"/>
    <Peak1D F1="4.767957" intensity="1.806989e+000" type="0"/>
    <Peak1D F1="4.740795" intensity="8.633369e-002" type="0"/>
    <Peak1D F1="4.717966" intensity="1.131738e-001" type="0"/>
    <Peak1D F1="4.680042" intensity="1.616584e-001" type="0"/>
    <Peak1D F1="4.607703" intensity="5.810670e-002" type="0"/>
    <Peak1D F1="4.554533" intensity="2.219635e-002" type="0"/>
    <Peak1D F1="4.535779" intensity="1.856021e-002" type="0"/>
    <Peak1D F1="4.523870" intensity="1.635864e-002" type="0"/>
    <Peak1D F1="4.460818" intensity="9.724920e-003" type="0"/>
    <Peak1D F1="4.421231" intensity="9.105652e-003" type="0"/>
    <Peak1D F1="4.408680" intensity="7.873982e-003" type="0"/>
    <Peak1D F1="4.005717" intensity="1.253983e-002" type="0"/>
    <Peak1D F1="3.970845" intensity="1.085067e-002" type="0"/>
    <Peak1D F1="3.946401" intensity="1.262366e-002" type="0"/>
    <Peak1D F1="3.925768" intensity="1.370471e-002" type="0"/>
    <Peak1D F1="3.878054" intensity="9.679434e-002" type="0"/>
    <Peak1D F1="3.860567" intensity="1.756989e-002" type="0"/>
    <Peak1D F1="3.844452" intensity="7.562938e-002" type="0"/>
    <Peak1D F1="3.828341" intensity="2.237788e+000" type="0"/>
    <Peak1D F1="3.811302" intensity="4.298140e-001" type="0"/>
    <Peak1D F1="3.799031" intensity="6.608266e-002" type="0"/>
    <Peak1D F1="3.789440" intensity="3.542477e-001" type="0"/>
    <Peak1D F1="3.783192" intensity="1.250099e-001" type="0"/>
    <Peak1D F1="3.775076" intensity="4.411416e-001" type="0"/>
    <Peak1D F1="3.759117" intensity="7.266162e-001" type="0"/>
    <Peak1D F1="3.751788" intensity="1.129535e+000" type="0"/>
    <Peak1D F1="3.749169" intensity="1.668564e+000" type="0"/>
    <Peak1D F1="3.735037" intensity="1.006965e-001" type="0"/>
    <Peak1D F1="3.723054" intensity="1.054059e-001" type="0"/>
    <Peak1D F1="3.700588" intensity="1.192435e+001" type="0"/>
    <Peak1D F1="3.684713" intensity="1.317768e-001" type="0"/>
    <Peak1D F1="3.664649" intensity="3.524333e-002" type="0"/>
    <Peak1D F1="3.650744" intensity="1.819453e-001" type="0"/>
    <Peak1D F1="3.631913" intensity="2.028813e-002" type="0"/>
    <Peak1D F1="3.597291" intensity="6.007782e-002" type="0"/>
    <Peak1D F1="3.566988" intensity="1.237134e-002" type="0"/>
    <Peak1D F1="3.537977" intensity="7.910524e-003" type="0"/>
    <Peak1D F1="3.518364" intensity="6.059518e-002" type="0"/>
    <Peak1D F1="3.415630" intensity="8.529274e-003" type="0"/>
    <Peak1D F1="2.935042" intensity="7.949715e-003" type="0"/>
    <Peak1D F1="2.787349" intensity="8.798704e-003" type="0"/>
    <Peak1D F1="2.775533" intensity="9.988794e-003" type="0"/>
    <Peak1D F1="2.760688" intensity="2.059473e-002" type="0"/>
    <Peak1D F1="2.731041" intensity="1.923995e-002" type="0"/>
    <Peak1D F1="2.707847" intensity="8.896588e-003" type="0"/>
    <Peak1D F1="2.648728" intensity="7.401853e-003" type="0"/>
    <Peak1D F1="2.626222" intensity="9.573115e-003" type="0"/>
    <Peak1D F1="2.617361" intensity="1.245096e-002" type="0"/>
    <Peak1D F1="2.594796" intensity="8.934542e-003" type="0"/>
    <Peak1D F1="2.536781" intensity="1.002666e-002" type="0"/>
    <Peak1D F1="2.523171" intensity="8.574623e-003" type="0"/>
    <Peak1D F1="2.436889" intensity="2.740247e-001" type="0"/>
    <Peak1D F1="2.432762" intensity="2.857417e-001" type="0"/>
    <Peak1D F1="2.416044" intensity="3.042048e-001" type="0"/>
    <Peak1D F1="2.411638" intensity="2.967240e-001" type="0"/>
    <Peak1D F1="2.387835" intensity="4.607887e-001" type="0"/>
    <Peak1D F1="2.384373" intensity="4.053884e-001" type="0"/>
    <Peak1D F1="2.367009" intensity="4.561827e-001" type="0"/>
    <Peak1D F1="2.363445" intensity="4.901391e-001" type="0"/>
    <Peak1D F1="2.350701" intensity="3.391605e-001" type="0"/>
    <Peak1D F1="2.327727" intensity="5.840358e-001" type="0"/>
    <Peak1D F1="2.320371" intensity="3.532431e-001" type="0"/>
    <Peak1D F1="2.317084" intensity="3.224974e-001" type="0"/>
    <Peak1D F1="2.307984" intensity="4.525710e-001" type="0"/>
    <Peak1D F1="2.304357" intensity="3.926099e-001" type="0"/>
    <Peak1D F1="2.297664" intensity="5.482987e-001" type="0"/>
    <Peak1D F1="2.277625" intensity="3.366419e-001" type="0"/>
    <Peak1D F1="2.252209" intensity="4.900303e-001" type="0"/>
    <Peak1D F1="2.229832" intensity="6.302919e-001" type="0"/>
    <Peak1D F1="2.226011" intensity="5.320069e-001" type="0"/>
    <Peak1D F1="2.203278" intensity="6.962064e-001" type="0"/>
    <Peak1D F1="2.195791" intensity="1.408859e-001" type="0"/>
    <Peak1D F1="2.181610" intensity="4.181616e-001" type="0"/>
    <Peak1D F1="2.177229" intensity="3.832803e-001" type="0"/>
    <Peak1D F1="2.154749" intensity="4.919391e-001" type="0"/>
    <Peak1D F1="2.146686" intensity="3.787422e-001" type="0"/>
    <Peak1D F1="2.116419" intensity="4.628562e+000" type="0"/>
    <Peak1D F1="2.111108" intensity="3.105740e+000" type="0"/>
    <Peak1D F1="2.096715" intensity="1.438141e+001" type="0"/>
    <Peak1D F1="2.085054" intensity="3.832178e+000" type="0"/>
    <Peak1D F1="2.078328" intensity="6.944191e+000" type="0"/>
    <Peak1D F1="2.062191" intensity="4.556944e-001" type="0"/>
    <Peak1D F1="2.056255" intensity="4.069053e-001" type="0"/>
    <Peak1D F1="2.053260" intensity="3.961165e-001" type="0"/>
    <Peak1D F1="2.050424" intensity="3.830745e-001" type="0"/>
    <Peak1D F1="2.047163" intensity="4.089511e-001" type="0"/>
    <Peak1D F1="2.028994" intensity="1.780720e-001" type="0"/>
    <Peak1D F1="1.986977" intensity="3.071885e-001" type="0"/>
    <Peak1D F1="1.981688" intensity="2.380983e-001" type="0"/>
    <Peak1D F1="1.958765" intensity="5.701765e-001" type="0"/>
    <Peak1D F1="1.954121" intensity="5.385339e-001" type="0"/>
    <Peak1D F1="1.949528" intensity="5.814596e-001" type="0"/>
    <Peak1D F1="1.937890" intensity="3.237117e+000" type="0"/>
    <Peak1D F1="1.933042" intensity="1.006628e+000" type="0"/>
    <Peak1D F1="1.928424" intensity="8.440455e-001" type="0"/>
    <Peak1D F1="1.925609" intensity="9.592771e-001" type="0"/>
    <Peak1D F1="1.920480" intensity="9.958071e-001" type="0"/>
    <Peak1D F1="1.910668" intensity="7.307805e+000" type="0"/>
    <Peak1D F1="1.900646" intensity="6.142679e+000" type="0"/>
    <Peak1D F1="1.899373" intensity="6.046524e+000" type="0"/>
    <Peak1D F1="1.891147" intensity="1.500000e+001" type="0"/>
    <Peak1D F1="1.882180" intensity="5.689566e+000" type="0"/>
    <Peak1D F1="1.871872" intensity="4.624496e+000" type="0"/>
    <Peak1D F1="1.859913" intensity="6.463979e-001" type="0"/>
    <Peak1D F1="1.849729" intensity="3.899520e-001" type="0"/>
    <Peak1D F1="1.841623" intensity="3.644379e-001" type="0"/>
    <Peak1D F1="1.832689" intensity="1.831225e-001" type="0"/>
    <Peak1D F1="1.822674" intensity="1.403666e-001" type="0"/>
    <Peak1D F1="1.809766" intensity="7.340718e-002" type="0"/>
    <Peak1D F1="1.800410" intensity="6.888289e-002" type="0"/>
    <Peak1D F1="1.766319" intensity="7.108947e-002" type="0"/>
    <Peak1D F1="1.759572" intensity="7.410467e-002" type="0"/>
    <Peak1D F1="1.744648" intensity="1.812710e-001" type="0"/>
    <Peak1D F1="1.729097" intensity="2.475072e-001" type="0"/>
    <Peak1D F1="1.723858" intensity="2.446592e-001" type="0"/>
    <Peak1D F1="1.716544" intensity="2.750289e-001" type="0"/>
    <Peak1D F1="1.707805" intensity="2.984003e-001" type="0"/>
    <Peak1D F1="1.700703" intensity="4.672451e-001" type="0"/>
    <Peak1D F1="1.696795" intensity="4.049377e-001" type="0"/>
    <Peak1D F1="1.687104" intensity="3.508419e-001" type="0"/>
    <Peak1D F1="1.680380" intensity="1.156104e+000" type="0"/>
    <Peak1D F1="1.670714" intensity="6.444660e-001" type="0"/>
    <Peak1D F1="1.656394" intensity="9.744989e-001" type="0"/>
    <Peak1D F1="1.652097" intensity="8.179724e-001" type="0"/>
    <Peak1D F1="1.640149" intensity="5.670781e-001" type="0"/>
    <Peak1D F1="1.635858" intensity="6.601512e-001" type="0"/>
    <Peak1D F1="1.631898" intensity="5.194573e-001" type="0"/>
    <Peak1D F1="1.624408" intensity="2.630471e-001" type="0"/>
    <Peak1D F1="1.619591" intensity="3.296674e-001" type="0"/>
    <Peak1D F1="1.616358" intensity="3.128767e-001" type="0"/>
    <Peak1D F1="1.584986" intensity="9.083710e-002" type="0"/>
    <Peak1D F1="1.574420" intensity="8.360901e-002" type="0"/>
    <Peak1D F1="1.534851" intensity="3.018722e-001" type="0"/>
    <Peak1D F1="1.519540" intensity="2.263687e-001" type="0"/>
    <Peak1D F1="1.512401" intensity="2.526920e-001" type="0"/>
    <Peak1D F1="1.500628" intensity="5.210305e-001" type="0"/>
    <Peak1D F1="1.483283" intensity="6.513875e-001" type="0"/>
    <Peak1D F1="1.470364" intensity="4.481596e-001" type="0"/>
    <Peak1D F1="1.453684" intensity="4.415874e-001" type="0"/>
    <Peak1D F1="1.441231" intensity="9.672538e-002" type="0"/>
    <Peak1D F1="1.435542" intensity="1.362912e-001" type="0"/>
    <Peak1D F1="1.423474" intensity="1.607592e-001" type="0"/>
    <Peak1D F1="1.404305" intensity="3.887780e-002" type="0"/>
    <Peak1D F1="1.383339" intensity="3.001067e-002" type="0"/>
    <Peak1D F1="1.351690" intensity="3.122381e-002" type="0"/>
    <Peak1D F1="1.326719" intensity="3.182038e-002" type="0"/>
    <Peak1D F1="1.319254" intensity="2.985097e-002" type="0"/>
    <Peak1D F1="1.264629" intensity="5.325284e-002" type="0"/>
    <Peak1D F1="1.233727" intensity="8.444563e-002" type="0"/>
    <Peak1D F1="1.214072" intensity="8.134357e-002" type="0"/>
    <Peak1D F1="1.184116" intensity="1.871215e-001" type="0"/>
    <Peak1D F1="1.146950" intensity="2.547892e-002" type="0"/>
    <Peak1D F1="1.131077" intensity="2.317739e-002" type="0"/>
    <Peak1D F1="1.081307" intensity="1.181933e-002" type="0"/>
    <Peak1D F1="1.041645" intensity="1.134307e-002" type="0"/>
    <Peak1D F1="1.009146" intensity="1.081866e-002" type="0"/>
    <Peak1D F1="0.940280" intensity="9.749762e-003" type="0"/>
    <Peak1D F1="0.913712" intensity="7.508520e-003" type="0"/>
    <Peak1D F1="0.857297" intensity="1.189036e-002" type="0"/>
    <Peak1D F1="0.825234" intensity="3.708849e-002" type="0"/>
    <Peak1D F1="0.812660" intensity="5.483483e-002" type="0"/>
    <Peak1D F1="0.795221" intensity="3.142696e-002" type="0"/>
    <Peak1D F1="0.768502" intensity="1.631938e-002" type="0"/>
    <Peak1D F1="0.748109" intensity="1.123889e-002" type="0"/>
    <Peak1D F1="0.731164" intensity="1.069882e-002" type="0"/>
    <Peak1D F1="0.717695" intensity="8.963721e-003" type="0"/>
    <Peak1D F1="0.657037" intensity="7.946581e-003" type="0"/>
    <Peak1D F1="0.587263" intensity="7.407226e-003" type="0"/>
    <Peak1D F1="0.517231" intensity="8.851338e-003" type="0"/>
    <Peak1D F1="0.401429" intensity="7.884765e-003" type="0"/>
    <Peak1D F1="0.367591" intensity="8.023690e-003" type="0"/>
    <Peak1D F1="0.234069" intensity="8.385329e-003" type="0"/>
    <Peak1D F1="0.199375" intensity="8.701625e-003" type="0"/>
    <Peak1D F1="0.049340" intensity="8.240147e-003" type="0"/>
    <Peak1D F1="-0.000150" intensity="2.847391e-001" type="0"/>
    <Peak1D F1="-3.715848" intensity="7.422686e-003" type="0"/>
    <Peak1D F1="-3.855231" intensity="8.100887e-003" type="0"/>
  </PeakList1D>
</PeakList>
