<?xml version="1.0" encoding="UTF-8"?>
<PeakList>
  <PeakList1D>
    <PeakList1DHeader creator="nmr" date="2021-08-02T15:53:11.280+03:00" expNo="10" name="ID-420-F" owner="" procNo="1" source="//132.72.8.180/400b/Milo/Milo">
      <PeakPickDetails>F1=16.100639ppm, F2=-3.928406ppm, MI=0.00cm, MAXI=10000.00cm, PC=1.000
      </PeakPickDetails>
    </PeakList1DHeader>
    <Peak1D F1="10.315474" intensity="1.526431e-002" type="0"/>
    <Peak1D F1="10.233636" intensity="7.409442e-003" type="0"/>
    <Peak1D F1="10.165844" intensity="7.295630e-003" type="0"/>
    <Peak1D F1="10.144548" intensity="4.746950e-002" type="0"/>
    <Peak1D F1="10.125467" intensity="3.135541e-002" type="0"/>
    <Peak1D F1="10.094259" intensity="2.821851e+000" type="0"/>
    <Peak1D F1="10.062137" intensity="2.002704e-002" type="0"/>
    <Peak1D F1="10.044575" intensity="4.259626e-002" type="0"/>
    <Peak1D F1="9.868510" intensity="1.572139e-002" type="0"/>
    <Peak1D F1="8.551083" intensity="7.578344e-003" type="0"/>
    <Peak1D F1="8.531199" intensity="9.634634e-003" type="0"/>
    <Peak1D F1="8.469162" intensity="7.053060e-003" type="0"/>
    <Peak1D F1="8.391265" intensity="3.525458e-002" type="0"/>
    <Peak1D F1="8.370417" intensity="4.708399e-002" type="0"/>
    <Peak1D F1="8.341929" intensity="1.806390e+000" type="0"/>
    <Peak1D F1="8.320444" intensity="2.042719e+000" type="0"/>
    <Peak1D F1="8.292799" intensity="2.952605e-002" type="0"/>
    <Peak1D F1="8.270956" intensity="3.766053e-002" type="0"/>
    <Peak1D F1="8.252429" intensity="1.108091e-002" type="0"/>
    <Peak1D F1="8.222453" intensity="1.865645e-002" type="0"/>
    <Peak1D F1="8.206918" intensity="2.660282e-002" type="0"/>
    <Peak1D F1="8.187248" intensity="2.589146e-002" type="0"/>
    <Peak1D F1="8.158999" intensity="5.167872e-001" type="0"/>
    <Peak1D F1="8.157398" intensity="4.934093e-001" type="0"/>
    <Peak1D F1="8.136934" intensity="5.861093e-001" type="0"/>
    <Peak1D F1="8.111725" intensity="5.512962e-002" type="0"/>
    <Peak1D F1="8.071246" intensity="4.898366e-002" type="0"/>
    <Peak1D F1="8.064554" intensity="3.370211e-002" type="0"/>
    <Peak1D F1="8.058112" intensity="4.067763e-002" type="0"/>
    <Peak1D F1="8.049117" intensity="5.367692e-002" type="0"/>
    <Peak1D F1="8.021024" intensity="2.535734e+000" type="0"/>
    <Peak1D F1="8.016335" intensity="8.165531e-001" type="0"/>
    <Peak1D F1="7.999207" intensity="2.275788e+000" type="0"/>
    <Peak1D F1="7.994079" intensity="3.113649e-001" type="0"/>
    <Peak1D F1="7.971026" intensity="4.057905e-002" type="0"/>
    <Peak1D F1="7.949050" intensity="3.448804e-002" type="0"/>
    <Peak1D F1="7.828027" intensity="1.715759e-002" type="0"/>
    <Peak1D F1="7.815112" intensity="2.347494e-002" type="0"/>
    <Peak1D F1="7.785295" intensity="6.078148e-002" type="0"/>
    <Peak1D F1="7.765428" intensity="1.115916e-001" type="0"/>
    <Peak1D F1="7.750082" intensity="6.098730e-002" type="0"/>
    <Peak1D F1="7.717324" intensity="8.012330e-003" type="0"/>
    <Peak1D F1="7.605491" intensity="8.167597e-003" type="0"/>
    <Peak1D F1="7.564881" intensity="7.618326e-003" type="0"/>
    <Peak1D F1="7.521844" intensity="5.060678e-002" type="0"/>
    <Peak1D F1="7.499588" intensity="4.914541e-002" type="0"/>
    <Peak1D F1="7.480810" intensity="6.529281e-001" type="0"/>
    <Peak1D F1="7.458929" intensity="6.030791e-001" type="0"/>
    <Peak1D F1="7.442173" intensity="5.753012e-002" type="0"/>
    <Peak1D F1="7.435272" intensity="4.492178e-002" type="0"/>
    <Peak1D F1="7.422118" intensity="5.200822e-002" type="0"/>
    <Peak1D F1="7.406582" intensity="9.312468e-002" type="0"/>
    <Peak1D F1="7.404074" intensity="1.026611e-001" type="0"/>
    <Peak1D F1="7.388542" intensity="9.299957e-002" type="0"/>
    <Peak1D F1="7.386125" intensity="9.932604e-002" type="0"/>
    <Peak1D F1="7.383713" intensity="9.200849e-002" type="0"/>
    <Peak1D F1="7.368061" intensity="4.289981e-002" type="0"/>
    <Peak1D F1="7.355282" intensity="7.338459e-003" type="0"/>
    <Peak1D F1="7.326612" intensity="7.425147e-003" type="0"/>
    <Peak1D F1="7.303857" intensity="7.594359e-003" type="0"/>
    <Peak1D F1="7.287133" intensity="7.818487e-003" type="0"/>
    <Peak1D F1="7.260051" intensity="1.082941e-002" type="0"/>
    <Peak1D F1="7.245392" intensity="1.080579e-001" type="0"/>
    <Peak1D F1="7.223047" intensity="2.683589e-002" type="0"/>
    <Peak1D F1="7.195650" intensity="6.400278e+000" type="0"/>
    <Peak1D F1="7.169703" intensity="2.957488e-002" type="0"/>
    <Peak1D F1="7.153767" intensity="1.174722e-001" type="0"/>
    <Peak1D F1="7.151506" intensity="1.079972e-001" type="0"/>
    <Peak1D F1="7.145352" intensity="1.102447e-001" type="0"/>
    <Peak1D F1="7.135358" intensity="1.885868e-001" type="0"/>
    <Peak1D F1="7.133189" intensity="1.561367e-001" type="0"/>
    <Peak1D F1="7.116968" intensity="8.759386e-002" type="0"/>
    <Peak1D F1="7.114755" intensity="6.962419e-002" type="0"/>
    <Peak1D F1="7.095352" intensity="8.854293e-003" type="0"/>
    <Peak1D F1="7.005229" intensity="9.970915e-002" type="0"/>
    <Peak1D F1="6.982042" intensity="1.157063e-001" type="0"/>
    <Peak1D F1="6.979160" intensity="1.171426e-001" type="0"/>
    <Peak1D F1="6.955740" intensity="9.067304e-002" type="0"/>
    <Peak1D F1="6.931668" intensity="3.374355e-002" type="0"/>
    <Peak1D F1="6.313138" intensity="1.456691e-002" type="0"/>
    <Peak1D F1="6.213318" intensity="2.230123e-002" type="0"/>
    <Peak1D F1="6.117184" intensity="9.318883e-002" type="0"/>
    <Peak1D F1="6.095798" intensity="6.993108e-002" type="0"/>
    <Peak1D F1="6.067533" intensity="4.675171e-002" type="0"/>
    <Peak1D F1="6.049290" intensity="2.169554e-002" type="0"/>
    <Peak1D F1="6.017500" intensity="3.024731e+000" type="0"/>
    <Peak1D F1="5.987947" intensity="2.211245e-002" type="0"/>
    <Peak1D F1="5.977118" intensity="2.436181e-002" type="0"/>
    <Peak1D F1="5.967673" intensity="4.196267e-002" type="0"/>
    <Peak1D F1="5.814833" intensity="1.245302e-002" type="0"/>
    <Peak1D F1="5.676242" intensity="9.038881e-003" type="0"/>
    <Peak1D F1="5.357326" intensity="2.492758e-002" type="0"/>
    <Peak1D F1="5.352164" intensity="2.370580e-002" type="0"/>
    <Peak1D F1="5.324958" intensity="8.137504e-003" type="0"/>
    <Peak1D F1="5.310119" intensity="7.210557e-003" type="0"/>
    <Peak1D F1="5.267036" intensity="7.713015e-003" type="0"/>
    <Peak1D F1="5.214101" intensity="1.016311e-002" type="0"/>
    <Peak1D F1="5.207573" intensity="9.624577e-003" type="0"/>
    <Peak1D F1="5.167236" intensity="9.862324e-003" type="0"/>
    <Peak1D F1="5.082341" intensity="1.542845e-002" type="0"/>
    <Peak1D F1="5.065485" intensity="1.728718e-002" type="0"/>
    <Peak1D F1="5.012814" intensity="1.813172e-002" type="0"/>
    <Peak1D F1="4.972265" intensity="1.502397e-002" type="0"/>
    <Peak1D F1="4.951581" intensity="1.551201e-002" type="0"/>
    <Peak1D F1="4.937254" intensity="1.435319e-002" type="0"/>
    <Peak1D F1="4.918981" intensity="1.363769e-002" type="0"/>
    <Peak1D F1="4.871260" intensity="1.412400e-002" type="0"/>
    <Peak1D F1="4.841200" intensity="1.534760e-002" type="0"/>
    <Peak1D F1="4.818871" intensity="1.856606e-002" type="0"/>
    <Peak1D F1="4.791813" intensity="4.006381e-001" type="0"/>
    <Peak1D F1="4.769042" intensity="4.059413e-001" type="0"/>
    <Peak1D F1="4.742723" intensity="1.736936e-002" type="0"/>
    <Peak1D F1="4.720044" intensity="1.734266e-002" type="0"/>
    <Peak1D F1="4.685457" intensity="1.750665e-002" type="0"/>
    <Peak1D F1="4.653623" intensity="1.477769e-002" type="0"/>
    <Peak1D F1="4.618723" intensity="1.292385e-002" type="0"/>
    <Peak1D F1="4.607913" intensity="1.218271e-002" type="0"/>
    <Peak1D F1="4.578292" intensity="1.370952e-002" type="0"/>
    <Peak1D F1="4.553753" intensity="1.362955e-002" type="0"/>
    <Peak1D F1="4.515936" intensity="1.137735e-002" type="0"/>
    <Peak1D F1="4.446394" intensity="1.079803e-002" type="0"/>
    <Peak1D F1="4.425751" intensity="1.073966e-002" type="0"/>
    <Peak1D F1="4.417790" intensity="8.635871e-003" type="0"/>
    <Peak1D F1="4.406474" intensity="7.323937e-003" type="0"/>
    <Peak1D F1="4.190829" intensity="8.310458e-003" type="0"/>
    <Peak1D F1="4.048783" intensity="7.691526e-003" type="0"/>
    <Peak1D F1="3.977940" intensity="1.061482e-002" type="0"/>
    <Peak1D F1="3.953394" intensity="9.227993e-003" type="0"/>
    <Peak1D F1="3.878071" intensity="5.022533e-002" type="0"/>
    <Peak1D F1="3.863793" intensity="8.314916e-003" type="0"/>
    <Peak1D F1="3.844503" intensity="6.243289e-002" type="0"/>
    <Peak1D F1="3.822870" intensity="4.348191e-002" type="0"/>
    <Peak1D F1="3.811284" intensity="2.669336e-001" type="0"/>
    <Peak1D F1="3.750935" intensity="2.135956e-001" type="0"/>
    <Peak1D F1="3.745345" intensity="1.667010e-001" type="0"/>
    <Peak1D F1="3.700680" intensity="9.750107e+000" type="0"/>
    <Peak1D F1="3.661955" intensity="5.150205e-002" type="0"/>
    <Peak1D F1="3.650711" intensity="1.430887e-001" type="0"/>
    <Peak1D F1="3.625047" intensity="1.050904e-002" type="0"/>
    <Peak1D F1="3.605732" intensity="8.279124e-003" type="0"/>
    <Peak1D F1="3.571670" intensity="7.243628e-003" type="0"/>
    <Peak1D F1="3.563402" intensity="7.400342e-003" type="0"/>
    <Peak1D F1="3.539032" intensity="8.911496e-003" type="0"/>
    <Peak1D F1="3.530856" intensity="9.502366e-003" type="0"/>
    <Peak1D F1="3.518535" intensity="5.564879e-002" type="0"/>
    <Peak1D F1="3.433683" intensity="8.009430e-003" type="0"/>
    <Peak1D F1="3.184343" intensity="7.519847e-003" type="0"/>
    <Peak1D F1="2.769657" intensity="8.939154e-003" type="0"/>
    <Peak1D F1="2.436543" intensity="6.128136e-002" type="0"/>
    <Peak1D F1="2.415233" intensity="7.147884e-002" type="0"/>
    <Peak1D F1="2.387718" intensity="9.591780e-002" type="0"/>
    <Peak1D F1="2.364168" intensity="1.071178e-001" type="0"/>
    <Peak1D F1="2.351803" intensity="8.847070e-002" type="0"/>
    <Peak1D F1="2.328687" intensity="1.372222e-001" type="0"/>
    <Peak1D F1="2.321258" intensity="7.936984e-002" type="0"/>
    <Peak1D F1="2.317934" intensity="7.555842e-002" type="0"/>
    <Peak1D F1="2.309272" intensity="1.068978e-001" type="0"/>
    <Peak1D F1="2.298657" intensity="1.280393e-001" type="0"/>
    <Peak1D F1="2.277774" intensity="1.054626e-001" type="0"/>
    <Peak1D F1="2.255563" intensity="1.244095e-001" type="0"/>
    <Peak1D F1="2.252476" intensity="1.298648e-001" type="0"/>
    <Peak1D F1="2.228322" intensity="1.511935e-001" type="0"/>
    <Peak1D F1="2.203440" intensity="1.583149e-001" type="0"/>
    <Peak1D F1="2.179787" intensity="1.291851e-001" type="0"/>
    <Peak1D F1="2.166100" intensity="1.388812e-001" type="0"/>
    <Peak1D F1="2.146208" intensity="3.648275e-001" type="0"/>
    <Peak1D F1="2.116461" intensity="4.838691e+000" type="0"/>
    <Peak1D F1="2.108738" intensity="3.734999e+000" type="0"/>
    <Peak1D F1="2.106567" intensity="4.201562e+000" type="0"/>
    <Peak1D F1="2.096700" intensity="1.426052e+001" type="0"/>
    <Peak1D F1="2.085792" intensity="4.108291e+000" type="0"/>
    <Peak1D F1="2.078338" intensity="7.263019e+000" type="0"/>
    <Peak1D F1="2.053753" intensity="3.732109e-001" type="0"/>
    <Peak1D F1="2.051234" intensity="3.743586e-001" type="0"/>
    <Peak1D F1="2.047184" intensity="3.749793e-001" type="0"/>
    <Peak1D F1="2.028822" intensity="1.680860e-001" type="0"/>
    <Peak1D F1="2.014282" intensity="6.452359e-002" type="0"/>
    <Peak1D F1="1.985403" intensity="1.065112e-001" type="0"/>
    <Peak1D F1="1.960518" intensity="2.627516e-001" type="0"/>
    <Peak1D F1="1.948646" intensity="3.026958e-001" type="0"/>
    <Peak1D F1="1.941174" intensity="4.943907e-001" type="0"/>
    <Peak1D F1="1.931873" intensity="7.326634e-001" type="0"/>
    <Peak1D F1="1.924741" intensity="8.921778e-001" type="0"/>
    <Peak1D F1="1.920948" intensity="9.012197e-001" type="0"/>
    <Peak1D F1="1.910471" intensity="7.338228e+000" type="0"/>
    <Peak1D F1="1.900405" intensity="6.645883e+000" type="0"/>
    <Peak1D F1="1.891296" intensity="1.500000e+001" type="0"/>
    <Peak1D F1="1.882539" intensity="6.080906e+000" type="0"/>
    <Peak1D F1="1.880850" intensity="5.870271e+000" type="0"/>
    <Peak1D F1="1.871976" intensity="4.842512e+000" type="0"/>
    <Peak1D F1="1.860164" intensity="6.263453e-001" type="0"/>
    <Peak1D F1="1.850126" intensity="3.620250e-001" type="0"/>
    <Peak1D F1="1.841546" intensity="3.195325e-001" type="0"/>
    <Peak1D F1="1.832749" intensity="1.589481e-001" type="0"/>
    <Peak1D F1="1.822447" intensity="1.217647e-001" type="0"/>
    <Peak1D F1="1.791413" intensity="5.063960e-002" type="0"/>
    <Peak1D F1="1.759118" intensity="5.521461e-002" type="0"/>
    <Peak1D F1="1.741751" intensity="9.583853e-002" type="0"/>
    <Peak1D F1="1.724144" intensity="1.358598e-001" type="0"/>
    <Peak1D F1="1.707037" intensity="1.159579e-001" type="0"/>
    <Peak1D F1="1.701788" intensity="1.329410e-001" type="0"/>
    <Peak1D F1="1.688158" intensity="1.079967e-001" type="0"/>
    <Peak1D F1="1.681629" intensity="2.667994e-001" type="0"/>
    <Peak1D F1="1.676301" intensity="1.574126e-001" type="0"/>
    <Peak1D F1="1.670984" intensity="1.661870e-001" type="0"/>
    <Peak1D F1="1.657771" intensity="2.398129e-001" type="0"/>
    <Peak1D F1="1.653126" intensity="1.999006e-001" type="0"/>
    <Peak1D F1="1.641483" intensity="1.402258e-001" type="0"/>
    <Peak1D F1="1.637305" intensity="1.666191e-001" type="0"/>
    <Peak1D F1="1.625663" intensity="7.652774e-002" type="0"/>
    <Peak1D F1="1.621654" intensity="8.713047e-002" type="0"/>
    <Peak1D F1="1.593404" intensity="3.726312e-002" type="0"/>
    <Peak1D F1="1.536084" intensity="7.349793e-002" type="0"/>
    <Peak1D F1="1.520566" intensity="5.254130e-002" type="0"/>
    <Peak1D F1="1.512922" intensity="6.060227e-002" type="0"/>
    <Peak1D F1="1.501349" intensity="1.236460e-001" type="0"/>
    <Peak1D F1="1.484072" intensity="1.436482e-001" type="0"/>
    <Peak1D F1="1.471200" intensity="1.081291e-001" type="0"/>
    <Peak1D F1="1.454193" intensity="1.018033e-001" type="0"/>
    <Peak1D F1="1.436338" intensity="3.788831e-002" type="0"/>
    <Peak1D F1="1.424433" intensity="3.984815e-002" type="0"/>
    <Peak1D F1="1.403912" intensity="2.025134e-002" type="0"/>
    <Peak1D F1="1.352786" intensity="1.427619e-002" type="0"/>
    <Peak1D F1="1.337989" intensity="1.535576e-002" type="0"/>
    <Peak1D F1="1.325886" intensity="1.904336e-002" type="0"/>
    <Peak1D F1="1.296207" intensity="2.235394e-002" type="0"/>
    <Peak1D F1="1.236488" intensity="6.063589e-002" type="0"/>
    <Peak1D F1="1.214364" intensity="6.157915e-002" type="0"/>
    <Peak1D F1="1.184640" intensity="1.629730e-001" type="0"/>
    <Peak1D F1="1.142603" intensity="1.245844e-002" type="0"/>
    <Peak1D F1="1.134391" intensity="1.181444e-002" type="0"/>
    <Peak1D F1="1.078641" intensity="7.552458e-003" type="0"/>
    <Peak1D F1="1.058028" intensity="7.755664e-003" type="0"/>
    <Peak1D F1="1.038998" intensity="7.224880e-003" type="0"/>
    <Peak1D F1="1.014481" intensity="7.472600e-003" type="0"/>
    <Peak1D F1="0.932902" intensity="7.924012e-003" type="0"/>
    <Peak1D F1="0.871363" intensity="7.130969e-003" type="0"/>
    <Peak1D F1="0.828635" intensity="2.408126e-002" type="0"/>
    <Peak1D F1="0.809757" intensity="4.309855e-002" type="0"/>
    <Peak1D F1="0.792870" intensity="2.327842e-002" type="0"/>
    <Peak1D F1="0.764064" intensity="1.473213e-002" type="0"/>
    <Peak1D F1="0.738748" intensity="9.265169e-003" type="0"/>
    <Peak1D F1="0.648937" intensity="7.265707e-003" type="0"/>
    <Peak1D F1="0.050902" intensity="7.156810e-003" type="0"/>
    <Peak1D F1="-0.000150" intensity="2.595231e-001" type="0"/>
    <Peak1D F1="-2.847903" intensity="7.109088e-003" type="0"/>
    <Peak1D F1="-3.360475" intensity="7.916709e-003" type="0"/>
  </PeakList1D>
</PeakList>
