<?xml version="1.0" encoding="UTF-8"?>
<PeakList>
  <PeakList1D>
    <PeakList1DHeader creator="nmr" date="2021-04-08T12:58:32.709+03:00" expNo="20" name="ID-331-X-8.4.21-After col" owner="" procNo="1" source="//132.72.8.180/400b/Milo/Milo">
      <PeakPickDetails>F1=16.095930ppm, F2=-3.933115ppm, MI=0.00cm, MAXI=10000.00cm, PC=1.000
      </PeakPickDetails>
    </PeakList1DHeader>
    <Peak1D F1="12.840066" intensity="5.177293e-002" type="0"/>
    <Peak1D F1="8.369090" intensity="8.804684e-002" type="0"/>
    <Peak1D F1="8.351417" intensity="5.323758e-002" type="0"/>
    <Peak1D F1="8.241049" intensity="7.043286e-002" type="0"/>
    <Peak1D F1="8.212217" intensity="2.681221e-001" type="0"/>
    <Peak1D F1="8.190902" intensity="3.288550e-001" type="0"/>
    <Peak1D F1="8.161735" intensity="1.393971e+001" type="0"/>
    <Peak1D F1="8.140157" intensity="1.500000e+001" type="0"/>
    <Peak1D F1="8.112851" intensity="2.998959e-001" type="0"/>
    <Peak1D F1="8.090754" intensity="2.399373e-001" type="0"/>
    <Peak1D F1="7.946155" intensity="5.792711e-002" type="0"/>
    <Peak1D F1="7.929575" intensity="6.966183e-002" type="0"/>
    <Peak1D F1="7.785100" intensity="5.676896e-002" type="0"/>
    <Peak1D F1="7.766038" intensity="1.003824e-001" type="0"/>
    <Peak1D F1="7.743811" intensity="6.876428e-002" type="0"/>
    <Peak1D F1="7.683958" intensity="6.886053e-002" type="0"/>
    <Peak1D F1="7.663736" intensity="5.686388e-002" type="0"/>
    <Peak1D F1="7.618841" intensity="6.120249e-002" type="0"/>
    <Peak1D F1="7.531093" intensity="2.645877e-001" type="0"/>
    <Peak1D F1="7.509444" intensity="3.556820e-001" type="0"/>
    <Peak1D F1="7.481080" intensity="1.406574e+001" type="0"/>
    <Peak1D F1="7.459240" intensity="1.434328e+001" type="0"/>
    <Peak1D F1="7.439061" intensity="1.461552e+000" type="0"/>
    <Peak1D F1="7.432674" intensity="4.265107e-001" type="0"/>
    <Peak1D F1="7.410044" intensity="3.059063e-001" type="0"/>
    <Peak1D F1="7.392889" intensity="1.455272e-001" type="0"/>
    <Peak1D F1="7.275050" intensity="1.046485e-001" type="0"/>
    <Peak1D F1="7.240762" intensity="8.728436e-001" type="0"/>
    <Peak1D F1="7.190742" intensity="5.696861e+001" type="0"/>
    <Peak1D F1="7.157362" intensity="1.730623e-001" type="0"/>
    <Peak1D F1="7.151702" intensity="1.312098e-001" type="0"/>
    <Peak1D F1="7.140673" intensity="9.499667e-001" type="0"/>
    <Peak1D F1="7.121273" intensity="1.026822e-001" type="0"/>
    <Peak1D F1="7.008248" intensity="1.158608e-001" type="0"/>
    <Peak1D F1="6.980728" intensity="1.418591e-001" type="0"/>
    <Peak1D F1="6.959374" intensity="8.366891e-002" type="0"/>
    <Peak1D F1="6.926720" intensity="3.042453e-001" type="0"/>
    <Peak1D F1="5.359224" intensity="6.168568e-001" type="0"/>
    <Peak1D F1="5.352768" intensity="6.080099e-001" type="0"/>
    <Peak1D F1="5.308933" intensity="5.603491e-002" type="0"/>
    <Peak1D F1="5.278965" intensity="5.462084e-002" type="0"/>
    <Peak1D F1="5.271831" intensity="5.777603e-002" type="0"/>
    <Peak1D F1="5.230422" intensity="1.267128e-001" type="0"/>
    <Peak1D F1="4.965787" intensity="5.324398e-002" type="0"/>
    <Peak1D F1="4.915933" intensity="1.101073e-001" type="0"/>
    <Peak1D F1="4.909118" intensity="1.171306e-001" type="0"/>
    <Peak1D F1="4.837345" intensity="1.877350e-001" type="0"/>
    <Peak1D F1="4.812873" intensity="1.556277e-001" type="0"/>
    <Peak1D F1="4.786976" intensity="6.936708e+000" type="0"/>
    <Peak1D F1="4.764057" intensity="7.112727e+000" type="0"/>
    <Peak1D F1="4.736806" intensity="2.370685e-001" type="0"/>
    <Peak1D F1="4.714281" intensity="3.376369e-001" type="0"/>
    <Peak1D F1="4.669393" intensity="3.206480e+000" type="0"/>
    <Peak1D F1="4.582103" intensity="9.319794e-002" type="0"/>
    <Peak1D F1="4.061824" intensity="1.012845e-001" type="0"/>
    <Peak1D F1="4.043900" intensity="9.653020e-002" type="0"/>
    <Peak1D F1="3.988655" intensity="7.058052e-002" type="0"/>
    <Peak1D F1="3.980370" intensity="9.687883e-002" type="0"/>
    <Peak1D F1="3.957118" intensity="1.024218e-001" type="0"/>
    <Peak1D F1="3.494440" intensity="5.461697e-002" type="0"/>
    <Peak1D F1="3.420060" intensity="7.029332e-002" type="0"/>
    <Peak1D F1="3.370706" intensity="5.244438e-002" type="0"/>
    <Peak1D F1="3.175750" intensity="6.554724e-002" type="0"/>
    <Peak1D F1="3.159060" intensity="6.772888e-002" type="0"/>
    <Peak1D F1="2.507886" intensity="6.454968e-002" type="0"/>
    <Peak1D F1="2.484325" intensity="8.169141e-002" type="0"/>
    <Peak1D F1="2.441093" intensity="1.340157e+000" type="0"/>
    <Peak1D F1="2.437661" intensity="1.450218e+000" type="0"/>
    <Peak1D F1="2.431688" intensity="9.833623e-001" type="0"/>
    <Peak1D F1="2.420238" intensity="1.652774e+000" type="0"/>
    <Peak1D F1="2.415826" intensity="1.525035e+000" type="0"/>
    <Peak1D F1="2.392351" intensity="2.287458e+000" type="0"/>
    <Peak1D F1="2.388180" intensity="2.197848e+000" type="0"/>
    <Peak1D F1="2.378336" intensity="1.224588e+000" type="0"/>
    <Peak1D F1="2.367776" intensity="2.628476e+000" type="0"/>
    <Peak1D F1="2.346942" intensity="1.542890e+000" type="0"/>
    <Peak1D F1="2.324114" intensity="2.730560e+000" type="0"/>
    <Peak1D F1="2.317490" intensity="1.786178e+000" type="0"/>
    <Peak1D F1="2.303180" intensity="2.072685e+000" type="0"/>
    <Peak1D F1="2.294206" intensity="2.509096e+000" type="0"/>
    <Peak1D F1="2.273244" intensity="1.386050e+000" type="0"/>
    <Peak1D F1="2.256964" intensity="2.198444e+000" type="0"/>
    <Peak1D F1="2.234583" intensity="2.951130e+000" type="0"/>
    <Peak1D F1="2.231289" intensity="2.701658e+000" type="0"/>
    <Peak1D F1="2.221192" intensity="5.451218e-001" type="0"/>
    <Peak1D F1="2.208265" intensity="3.554116e+000" type="0"/>
    <Peak1D F1="2.196183" intensity="4.351526e-001" type="0"/>
    <Peak1D F1="2.186633" intensity="1.773047e+000" type="0"/>
    <Peak1D F1="2.182282" intensity="1.799560e+000" type="0"/>
    <Peak1D F1="2.159475" intensity="1.869050e+000" type="0"/>
    <Peak1D F1="2.134248" intensity="3.180840e-001" type="0"/>
    <Peak1D F1="2.112543" intensity="3.219647e-001" type="0"/>
    <Peak1D F1="2.108761" intensity="3.259586e-001" type="0"/>
    <Peak1D F1="2.097506" intensity="1.798047e-001" type="0"/>
    <Peak1D F1="2.086491" intensity="4.253295e-001" type="0"/>
    <Peak1D F1="2.065831" intensity="2.556999e-001" type="0"/>
    <Peak1D F1="2.039259" intensity="2.882994e-001" type="0"/>
    <Peak1D F1="1.990273" intensity="1.221140e+000" type="0"/>
    <Peak1D F1="1.974362" intensity="1.605865e+000" type="0"/>
    <Peak1D F1="1.968473" intensity="1.876347e+000" type="0"/>
    <Peak1D F1="1.962708" intensity="1.943373e+000" type="0"/>
    <Peak1D F1="1.958214" intensity="1.961722e+000" type="0"/>
    <Peak1D F1="1.952691" intensity="1.700941e+000" type="0"/>
    <Peak1D F1="1.945630" intensity="2.069269e+000" type="0"/>
    <Peak1D F1="1.940707" intensity="1.978566e+000" type="0"/>
    <Peak1D F1="1.936550" intensity="1.809938e+000" type="0"/>
    <Peak1D F1="1.923769" intensity="1.271855e+000" type="0"/>
    <Peak1D F1="1.918380" intensity="9.773609e-001" type="0"/>
    <Peak1D F1="1.909027" intensity="5.117033e-001" type="0"/>
    <Peak1D F1="1.893531" intensity="1.946014e-001" type="0"/>
    <Peak1D F1="1.879067" intensity="3.476861e-001" type="0"/>
    <Peak1D F1="1.862486" intensity="2.190459e-001" type="0"/>
    <Peak1D F1="1.855417" intensity="2.081256e-001" type="0"/>
    <Peak1D F1="1.845089" intensity="1.641897e-001" type="0"/>
    <Peak1D F1="1.826395" intensity="1.806121e-001" type="0"/>
    <Peak1D F1="1.746472" intensity="6.113150e-001" type="0"/>
    <Peak1D F1="1.730504" intensity="9.324058e-001" type="0"/>
    <Peak1D F1="1.725084" intensity="7.685465e-001" type="0"/>
    <Peak1D F1="1.717953" intensity="1.174812e+000" type="0"/>
    <Peak1D F1="1.709429" intensity="1.086247e+000" type="0"/>
    <Peak1D F1="1.702216" intensity="2.025724e+000" type="0"/>
    <Peak1D F1="1.698352" intensity="1.814145e+000" type="0"/>
    <Peak1D F1="1.680154" intensity="4.521441e+000" type="0"/>
    <Peak1D F1="1.671744" intensity="2.961979e+000" type="0"/>
    <Peak1D F1="1.665281" intensity="2.420138e+000" type="0"/>
    <Peak1D F1="1.654964" intensity="4.506645e+000" type="0"/>
    <Peak1D F1="1.638106" intensity="2.437249e+000" type="0"/>
    <Peak1D F1="1.633725" intensity="3.278937e+000" type="0"/>
    <Peak1D F1="1.618127" intensity="1.559930e+000" type="0"/>
    <Peak1D F1="1.534617" intensity="1.242281e+000" type="0"/>
    <Peak1D F1="1.518554" intensity="1.057550e+000" type="0"/>
    <Peak1D F1="1.511950" intensity="1.272614e+000" type="0"/>
    <Peak1D F1="1.499738" intensity="2.801255e+000" type="0"/>
    <Peak1D F1="1.482555" intensity="4.563576e+000" type="0"/>
    <Peak1D F1="1.469866" intensity="4.999927e+000" type="0"/>
    <Peak1D F1="1.453439" intensity="2.972372e+000" type="0"/>
    <Peak1D F1="1.435224" intensity="7.858776e-001" type="0"/>
    <Peak1D F1="1.422706" intensity="8.553536e-001" type="0"/>
    <Peak1D F1="1.363659" intensity="9.427328e-002" type="0"/>
    <Peak1D F1="1.341389" intensity="1.268691e-001" type="0"/>
    <Peak1D F1="1.324868" intensity="1.287380e-001" type="0"/>
    <Peak1D F1="1.237467" intensity="6.547295e-001" type="0"/>
    <Peak1D F1="1.208727" intensity="7.246146e-001" type="0"/>
    <Peak1D F1="1.184595" intensity="2.135643e+000" type="0"/>
    <Peak1D F1="1.148748" intensity="1.225665e-001" type="0"/>
    <Peak1D F1="1.095513" intensity="5.670965e-002" type="0"/>
    <Peak1D F1="1.005464" intensity="5.199121e-002" type="0"/>
    <Peak1D F1="0.893650" intensity="6.389311e-002" type="0"/>
    <Peak1D F1="0.857109" intensity="6.786694e-002" type="0"/>
    <Peak1D F1="0.828369" intensity="2.738603e-001" type="0"/>
    <Peak1D F1="0.815088" intensity="4.779060e-001" type="0"/>
    <Peak1D F1="0.796694" intensity="2.543197e-001" type="0"/>
    <Peak1D F1="0.759267" intensity="1.071804e-001" type="0"/>
    <Peak1D F1="0.696142" intensity="5.346195e-002" type="0"/>
    <Peak1D F1="0.675243" intensity="6.562816e-002" type="0"/>
    <Peak1D F1="0.517708" intensity="5.380598e-002" type="0"/>
    <Peak1D F1="0.471278" intensity="5.735661e-002" type="0"/>
    <Peak1D F1="0.427113" intensity="6.527718e-002" type="0"/>
    <Peak1D F1="0.403167" intensity="7.543531e-002" type="0"/>
    <Peak1D F1="0.381863" intensity="6.297927e-002" type="0"/>
    <Peak1D F1="0.315161" intensity="6.467972e-002" type="0"/>
    <Peak1D F1="0.050240" intensity="9.331835e-002" type="0"/>
    <Peak1D F1="-0.000155" intensity="3.544537e+000" type="0"/>
    <Peak1D F1="-0.049114" intensity="6.921568e-002" type="0"/>
    <Peak1D F1="-2.741039" intensity="5.177974e-002" type="0"/>
    <Peak1D F1="-2.949795" intensity="5.248920e-002" type="0"/>
    <Peak1D F1="-3.195739" intensity="5.396415e-002" type="0"/>
    <Peak1D F1="-3.320467" intensity="5.294300e-002" type="0"/>
    <Peak1D F1="-3.391378" intensity="5.256098e-002" type="0"/>
    <Peak1D F1="-3.395356" intensity="5.501077e-002" type="0"/>
  </PeakList1D>
</PeakList>
