<?xml version="1.0" encoding="UTF-8"?>
<PeakList>
  <PeakList1D>
    <PeakList1DHeader creator="nmr" date="2021-04-13T15:45:20.262+03:00" expNo="10" name="ID-338-Crude-13.04.21" owner="" procNo="1" source="//132.72.8.180/400b/Milo/Milo">
      <PeakPickDetails>F1=16.103201ppm, F2=-3.925844ppm, MI=0.00cm, MAXI=10000.00cm, PC=1.000
      </PeakPickDetails>
    </PeakList1DHeader>
    <Peak1D F1="13.836168" intensity="5.323253e-003" type="0"/>
    <Peak1D F1="13.398538" intensity="5.304098e-003" type="0"/>
    <Peak1D F1="9.633963" intensity="6.641132e-003" type="0"/>
    <Peak1D F1="8.371324" intensity="8.411187e-003" type="0"/>
    <Peak1D F1="8.342943" intensity="9.888559e-003" type="0"/>
    <Peak1D F1="8.268141" intensity="1.153805e-002" type="0"/>
    <Peak1D F1="8.238280" intensity="6.798889e-002" type="0"/>
    <Peak1D F1="8.217668" intensity="1.180984e-001" type="0"/>
    <Peak1D F1="8.208792" intensity="6.984960e-002" type="0"/>
    <Peak1D F1="8.191452" intensity="1.551014e-001" type="0"/>
    <Peak1D F1="8.169135" intensity="2.570012e-001" type="0"/>
    <Peak1D F1="8.158427" intensity="1.817251e+000" type="0"/>
    <Peak1D F1="8.136442" intensity="1.960372e+000" type="0"/>
    <Peak1D F1="8.130775" intensity="6.624060e-001" type="0"/>
    <Peak1D F1="8.106897" intensity="8.380937e-002" type="0"/>
    <Peak1D F1="8.086234" intensity="2.956334e-002" type="0"/>
    <Peak1D F1="8.046872" intensity="1.242792e-002" type="0"/>
    <Peak1D F1="8.026205" intensity="1.094005e-002" type="0"/>
    <Peak1D F1="8.004378" intensity="5.886739e-003" type="0"/>
    <Peak1D F1="7.942084" intensity="7.501855e-002" type="0"/>
    <Peak1D F1="7.925354" intensity="7.469976e-002" type="0"/>
    <Peak1D F1="7.921540" intensity="7.930670e-002" type="0"/>
    <Peak1D F1="7.843603" intensity="6.754624e-003" type="0"/>
    <Peak1D F1="7.832200" intensity="9.250906e-003" type="0"/>
    <Peak1D F1="7.815350" intensity="8.998449e-003" type="0"/>
    <Peak1D F1="7.751375" intensity="7.782448e-003" type="0"/>
    <Peak1D F1="7.726195" intensity="4.813379e-002" type="0"/>
    <Peak1D F1="7.705844" intensity="1.332465e-001" type="0"/>
    <Peak1D F1="7.685478" intensity="1.215762e-001" type="0"/>
    <Peak1D F1="7.645024" intensity="6.246346e-002" type="0"/>
    <Peak1D F1="7.622401" intensity="6.084802e-002" type="0"/>
    <Peak1D F1="7.596915" intensity="2.202267e-002" type="0"/>
    <Peak1D F1="7.588672" intensity="2.209707e-002" type="0"/>
    <Peak1D F1="7.557398" intensity="9.358548e-002" type="0"/>
    <Peak1D F1="7.536716" intensity="1.184104e-001" type="0"/>
    <Peak1D F1="7.529148" intensity="1.199897e-001" type="0"/>
    <Peak1D F1="7.518522" intensity="1.171966e-001" type="0"/>
    <Peak1D F1="7.506637" intensity="1.456361e-001" type="0"/>
    <Peak1D F1="7.494174" intensity="2.066554e-001" type="0"/>
    <Peak1D F1="7.480778" intensity="2.064144e+000" type="0"/>
    <Peak1D F1="7.458906" intensity="2.005819e+000" type="0"/>
    <Peak1D F1="7.442023" intensity="4.140734e-001" type="0"/>
    <Peak1D F1="7.429598" intensity="1.163776e-001" type="0"/>
    <Peak1D F1="7.408052" intensity="9.883447e-002" type="0"/>
    <Peak1D F1="7.404190" intensity="9.611654e-002" type="0"/>
    <Peak1D F1="7.385870" intensity="1.150752e-001" type="0"/>
    <Peak1D F1="7.366217" intensity="1.051101e-001" type="0"/>
    <Peak1D F1="7.348413" intensity="1.342262e-001" type="0"/>
    <Peak1D F1="7.330516" intensity="1.240204e-001" type="0"/>
    <Peak1D F1="7.313418" intensity="5.122422e-002" type="0"/>
    <Peak1D F1="7.294448" intensity="1.598131e-002" type="0"/>
    <Peak1D F1="7.273427" intensity="1.973751e-002" type="0"/>
    <Peak1D F1="7.248130" intensity="7.437880e-002" type="0"/>
    <Peak1D F1="7.198315" intensity="3.948106e+000" type="0"/>
    <Peak1D F1="7.163072" intensity="1.417899e-002" type="0"/>
    <Peak1D F1="7.148230" intensity="5.720722e-002" type="0"/>
    <Peak1D F1="6.933931" intensity="1.945488e-002" type="0"/>
    <Peak1D F1="6.779521" intensity="9.361526e-003" type="0"/>
    <Peak1D F1="6.760668" intensity="5.966565e-003" type="0"/>
    <Peak1D F1="6.215334" intensity="1.162119e-002" type="0"/>
    <Peak1D F1="6.117192" intensity="5.652725e-002" type="0"/>
    <Peak1D F1="6.067341" intensity="4.461926e-002" type="0"/>
    <Peak1D F1="6.051569" intensity="3.900927e-002" type="0"/>
    <Peak1D F1="6.017179" intensity="3.222607e+000" type="0"/>
    <Peak1D F1="5.967264" intensity="3.998222e-002" type="0"/>
    <Peak1D F1="5.958322" intensity="3.732098e-002" type="0"/>
    <Peak1D F1="5.947350" intensity="3.377447e-002" type="0"/>
    <Peak1D F1="5.816132" intensity="3.724433e-002" type="0"/>
    <Peak1D F1="5.672162" intensity="2.894594e-002" type="0"/>
    <Peak1D F1="5.645963" intensity="3.130908e-002" type="0"/>
    <Peak1D F1="5.620234" intensity="7.101496e-003" type="0"/>
    <Peak1D F1="5.580260" intensity="6.191510e-003" type="0"/>
    <Peak1D F1="5.531199" intensity="8.493357e-003" type="0"/>
    <Peak1D F1="5.487986" intensity="2.332357e-002" type="0"/>
    <Peak1D F1="5.465596" intensity="2.728917e-002" type="0"/>
    <Peak1D F1="5.450827" intensity="2.206205e-002" type="0"/>
    <Peak1D F1="5.388447" intensity="9.828300e-003" type="0"/>
    <Peak1D F1="5.355011" intensity="1.537787e-001" type="0"/>
    <Peak1D F1="5.349636" intensity="1.385061e-001" type="0"/>
    <Peak1D F1="5.310427" intensity="1.176335e-002" type="0"/>
    <Peak1D F1="5.307014" intensity="1.075874e-002" type="0"/>
    <Peak1D F1="5.281986" intensity="3.459078e-002" type="0"/>
    <Peak1D F1="5.231726" intensity="2.410183e+000" type="0"/>
    <Peak1D F1="5.181797" intensity="3.090900e-002" type="0"/>
    <Peak1D F1="5.007156" intensity="1.637867e-002" type="0"/>
    <Peak1D F1="4.971009" intensity="8.428797e-003" type="0"/>
    <Peak1D F1="4.949537" intensity="9.573903e-003" type="0"/>
    <Peak1D F1="4.920795" intensity="7.237385e-003" type="0"/>
    <Peak1D F1="4.889690" intensity="1.220479e-002" type="0"/>
    <Peak1D F1="4.877317" intensity="2.094006e-002" type="0"/>
    <Peak1D F1="4.860259" intensity="4.490925e-002" type="0"/>
    <Peak1D F1="4.839221" intensity="5.896463e-002" type="0"/>
    <Peak1D F1="4.820024" intensity="3.610778e-002" type="0"/>
    <Peak1D F1="4.793017" intensity="1.194703e+000" type="0"/>
    <Peak1D F1="4.770230" intensity="1.227431e+000" type="0"/>
    <Peak1D F1="4.743288" intensity="6.050918e-002" type="0"/>
    <Peak1D F1="4.719367" intensity="9.741876e-002" type="0"/>
    <Peak1D F1="4.688923" intensity="1.735959e-001" type="0"/>
    <Peak1D F1="4.587175" intensity="2.076606e-002" type="0"/>
    <Peak1D F1="4.538629" intensity="1.188666e-002" type="0"/>
    <Peak1D F1="4.491387" intensity="6.529239e-003" type="0"/>
    <Peak1D F1="4.480966" intensity="6.048423e-003" type="0"/>
    <Peak1D F1="3.969888" intensity="8.367174e-003" type="0"/>
    <Peak1D F1="3.955338" intensity="7.730104e-003" type="0"/>
    <Peak1D F1="3.878109" intensity="5.407839e-002" type="0"/>
    <Peak1D F1="3.845603" intensity="1.062722e-002" type="0"/>
    <Peak1D F1="3.811692" intensity="1.541774e-001" type="0"/>
    <Peak1D F1="3.798399" intensity="1.023144e-002" type="0"/>
    <Peak1D F1="3.750734" intensity="1.525747e-001" type="0"/>
    <Peak1D F1="3.746116" intensity="1.155565e-001" type="0"/>
    <Peak1D F1="3.734869" intensity="3.459322e-002" type="0"/>
    <Peak1D F1="3.700726" intensity="9.886254e+000" type="0"/>
    <Peak1D F1="3.650900" intensity="1.231937e-001" type="0"/>
    <Peak1D F1="3.593467" intensity="5.758342e-003" type="0"/>
    <Peak1D F1="3.518498" intensity="5.321537e-002" type="0"/>
    <Peak1D F1="2.963632" intensity="6.047901e-003" type="0"/>
    <Peak1D F1="2.943346" intensity="8.072860e-003" type="0"/>
    <Peak1D F1="2.918999" intensity="6.682961e-003" type="0"/>
    <Peak1D F1="2.804034" intensity="1.036360e-002" type="0"/>
    <Peak1D F1="2.775856" intensity="2.011444e-002" type="0"/>
    <Peak1D F1="2.754009" intensity="2.439293e-002" type="0"/>
    <Peak1D F1="2.744776" intensity="2.060406e-002" type="0"/>
    <Peak1D F1="2.639431" intensity="1.504430e-002" type="0"/>
    <Peak1D F1="2.622944" intensity="2.029936e-002" type="0"/>
    <Peak1D F1="2.593368" intensity="2.318324e-002" type="0"/>
    <Peak1D F1="2.555850" intensity="1.974089e-002" type="0"/>
    <Peak1D F1="2.533751" intensity="1.833395e-002" type="0"/>
    <Peak1D F1="2.515859" intensity="2.280494e-002" type="0"/>
    <Peak1D F1="2.495381" intensity="2.420995e-002" type="0"/>
    <Peak1D F1="2.436916" intensity="2.174572e-001" type="0"/>
    <Peak1D F1="2.432789" intensity="2.148110e-001" type="0"/>
    <Peak1D F1="2.424910" intensity="1.447594e-001" type="0"/>
    <Peak1D F1="2.416186" intensity="2.594542e-001" type="0"/>
    <Peak1D F1="2.411707" intensity="2.386813e-001" type="0"/>
    <Peak1D F1="2.387699" intensity="3.426468e-001" type="0"/>
    <Peak1D F1="2.385295" intensity="3.355345e-001" type="0"/>
    <Peak1D F1="2.364041" intensity="3.503257e-001" type="0"/>
    <Peak1D F1="2.352295" intensity="2.695574e-001" type="0"/>
    <Peak1D F1="2.329525" intensity="4.344410e-001" type="0"/>
    <Peak1D F1="2.322025" intensity="2.641852e-001" type="0"/>
    <Peak1D F1="2.309464" intensity="3.496673e-001" type="0"/>
    <Peak1D F1="2.299386" intensity="4.074167e-001" type="0"/>
    <Peak1D F1="2.279125" intensity="2.540142e-001" type="0"/>
    <Peak1D F1="2.256483" intensity="1.928129e-001" type="0"/>
    <Peak1D F1="2.252101" intensity="2.934524e-001" type="0"/>
    <Peak1D F1="2.229937" intensity="3.719143e-001" type="0"/>
    <Peak1D F1="2.227487" intensity="3.780659e-001" type="0"/>
    <Peak1D F1="2.207932" intensity="2.267213e-001" type="0"/>
    <Peak1D F1="2.202940" intensity="4.002756e-001" type="0"/>
    <Peak1D F1="2.181796" intensity="2.757544e-001" type="0"/>
    <Peak1D F1="2.179466" intensity="2.558042e-001" type="0"/>
    <Peak1D F1="2.177098" intensity="2.603372e-001" type="0"/>
    <Peak1D F1="2.174808" intensity="2.279666e-001" type="0"/>
    <Peak1D F1="2.152483" intensity="3.839679e-001" type="0"/>
    <Peak1D F1="2.146358" intensity="3.802507e-001" type="0"/>
    <Peak1D F1="2.116379" intensity="5.005831e+000" type="0"/>
    <Peak1D F1="2.106678" intensity="4.710220e+000" type="0"/>
    <Peak1D F1="2.096526" intensity="1.453590e+001" type="0"/>
    <Peak1D F1="2.085649" intensity="4.759955e+000" type="0"/>
    <Peak1D F1="2.078351" intensity="7.338498e+000" type="0"/>
    <Peak1D F1="2.055803" intensity="4.362148e-001" type="0"/>
    <Peak1D F1="2.051526" intensity="4.533179e-001" type="0"/>
    <Peak1D F1="2.028507" intensity="1.799285e-001" type="0"/>
    <Peak1D F1="1.985261" intensity="2.195791e-001" type="0"/>
    <Peak1D F1="1.958617" intensity="4.726605e-001" type="0"/>
    <Peak1D F1="1.952930" intensity="4.899848e-001" type="0"/>
    <Peak1D F1="1.948063" intensity="5.386252e-001" type="0"/>
    <Peak1D F1="1.941327" intensity="7.146032e-001" type="0"/>
    <Peak1D F1="1.932019" intensity="9.708035e-001" type="0"/>
    <Peak1D F1="1.925002" intensity="1.091351e+000" type="0"/>
    <Peak1D F1="1.920825" intensity="1.062004e+000" type="0"/>
    <Peak1D F1="1.910463" intensity="7.431384e+000" type="0"/>
    <Peak1D F1="1.900260" intensity="7.008716e+000" type="0"/>
    <Peak1D F1="1.891171" intensity="1.500000e+001" type="0"/>
    <Peak1D F1="1.883276" intensity="6.522860e+000" type="0"/>
    <Peak1D F1="1.880896" intensity="6.118491e+000" type="0"/>
    <Peak1D F1="1.871875" intensity="4.929757e+000" type="0"/>
    <Peak1D F1="1.860770" intensity="6.840558e-001" type="0"/>
    <Peak1D F1="1.850138" intensity="3.944385e-001" type="0"/>
    <Peak1D F1="1.841493" intensity="3.342288e-001" type="0"/>
    <Peak1D F1="1.833899" intensity="1.889257e-001" type="0"/>
    <Peak1D F1="1.822878" intensity="1.368514e-001" type="0"/>
    <Peak1D F1="1.798190" intensity="6.159579e-002" type="0"/>
    <Peak1D F1="1.778687" intensity="5.838734e-002" type="0"/>
    <Peak1D F1="1.760099" intensity="6.867693e-002" type="0"/>
    <Peak1D F1="1.743896" intensity="1.487719e-001" type="0"/>
    <Peak1D F1="1.728114" intensity="1.903015e-001" type="0"/>
    <Peak1D F1="1.723989" intensity="2.045239e-001" type="0"/>
    <Peak1D F1="1.716368" intensity="2.099323e-001" type="0"/>
    <Peak1D F1="1.711939" intensity="1.757041e-001" type="0"/>
    <Peak1D F1="1.706907" intensity="2.478529e-001" type="0"/>
    <Peak1D F1="1.700529" intensity="3.597976e-001" type="0"/>
    <Peak1D F1="1.696641" intensity="3.234654e-001" type="0"/>
    <Peak1D F1="1.680417" intensity="8.112924e-001" type="0"/>
    <Peak1D F1="1.674640" intensity="5.139665e-001" type="0"/>
    <Peak1D F1="1.670545" intensity="5.300899e-001" type="0"/>
    <Peak1D F1="1.657004" intensity="7.786666e-001" type="0"/>
    <Peak1D F1="1.640609" intensity="4.689513e-001" type="0"/>
    <Peak1D F1="1.636321" intensity="5.368629e-001" type="0"/>
    <Peak1D F1="1.632350" intensity="4.013110e-001" type="0"/>
    <Peak1D F1="1.624799" intensity="2.437696e-001" type="0"/>
    <Peak1D F1="1.620361" intensity="2.718807e-001" type="0"/>
    <Peak1D F1="1.616919" intensity="2.454233e-001" type="0"/>
    <Peak1D F1="1.571625" intensity="6.571482e-002" type="0"/>
    <Peak1D F1="1.553231" intensity="7.040302e-002" type="0"/>
    <Peak1D F1="1.535629" intensity="2.089303e-001" type="0"/>
    <Peak1D F1="1.520159" intensity="1.537120e-001" type="0"/>
    <Peak1D F1="1.513069" intensity="1.782204e-001" type="0"/>
    <Peak1D F1="1.501460" intensity="3.666321e-001" type="0"/>
    <Peak1D F1="1.484069" intensity="4.446034e-001" type="0"/>
    <Peak1D F1="1.471082" intensity="3.024728e-001" type="0"/>
    <Peak1D F1="1.454474" intensity="3.047499e-001" type="0"/>
    <Peak1D F1="1.442611" intensity="6.664763e-002" type="0"/>
    <Peak1D F1="1.436488" intensity="8.647917e-002" type="0"/>
    <Peak1D F1="1.424306" intensity="1.029463e-001" type="0"/>
    <Peak1D F1="1.402569" intensity="2.871621e-002" type="0"/>
    <Peak1D F1="1.372290" intensity="2.509128e-002" type="0"/>
    <Peak1D F1="1.338609" intensity="2.351644e-002" type="0"/>
    <Peak1D F1="1.320312" intensity="2.018314e-002" type="0"/>
    <Peak1D F1="1.273822" intensity="3.178854e-002" type="0"/>
    <Peak1D F1="1.182923" intensity="1.155027e-001" type="0"/>
    <Peak1D F1="1.133764" intensity="9.261061e-003" type="0"/>
    <Peak1D F1="1.108529" intensity="7.025928e-003" type="0"/>
    <Peak1D F1="1.058342" intensity="6.298730e-003" type="0"/>
    <Peak1D F1="1.023433" intensity="6.299468e-003" type="0"/>
    <Peak1D F1="0.962950" intensity="5.528946e-003" type="0"/>
    <Peak1D F1="0.903119" intensity="5.639623e-003" type="0"/>
    <Peak1D F1="0.813076" intensity="3.434043e-002" type="0"/>
    <Peak1D F1="0.795377" intensity="1.999665e-002" type="0"/>
    <Peak1D F1="0.764721" intensity="9.346921e-003" type="0"/>
    <Peak1D F1="0.738429" intensity="7.189127e-003" type="0"/>
    <Peak1D F1="0.716125" intensity="5.475619e-003" type="0"/>
    <Peak1D F1="0.705200" intensity="5.816215e-003" type="0"/>
    <Peak1D F1="0.632974" intensity="5.684394e-003" type="0"/>
    <Peak1D F1="0.600980" intensity="5.600485e-003" type="0"/>
    <Peak1D F1="0.533839" intensity="5.310716e-003" type="0"/>
    <Peak1D F1="0.387196" intensity="6.036949e-003" type="0"/>
    <Peak1D F1="0.329486" intensity="6.743979e-003" type="0"/>
    <Peak1D F1="0.303425" intensity="5.956750e-003" type="0"/>
    <Peak1D F1="0.250480" intensity="5.928707e-003" type="0"/>
    <Peak1D F1="0.054278" intensity="6.708439e-003" type="0"/>
    <Peak1D F1="-0.000149" intensity="2.983453e-001" type="0"/>
    <Peak1D F1="-0.243771" intensity="5.466027e-003" type="0"/>
    <Peak1D F1="-2.797571" intensity="6.222808e-003" type="0"/>
    <Peak1D F1="-2.880297" intensity="6.108703e-003" type="0"/>
    <Peak1D F1="-3.295666" intensity="5.563759e-003" type="0"/>
    <Peak1D F1="-3.375629" intensity="5.349684e-003" type="0"/>
  </PeakList1D>
</PeakList>
