<?xml version="1.0" encoding="UTF-8"?>
<PeakList>
  <PeakList1D>
    <PeakList1DHeader creator="nmr" date="2021-08-02T16:17:58.821+03:00" expNo="10" name="ID-420-G" owner="" procNo="1" source="//132.72.8.180/400b/Milo/Milo">
      <PeakPickDetails>F1=16.100060ppm, F2=-3.928986ppm, MI=0.00cm, MAXI=10000.00cm, PC=1.000
      </PeakPickDetails>
    </PeakList1DHeader>
    <Peak1D F1="14.076825" intensity="8.154126e-003" type="0"/>
    <Peak1D F1="10.094337" intensity="6.401206e-002" type="0"/>
    <Peak1D F1="8.370421" intensity="1.072204e-002" type="0"/>
    <Peak1D F1="8.342139" intensity="4.933613e-002" type="0"/>
    <Peak1D F1="8.320388" intensity="4.738377e-002" type="0"/>
    <Peak1D F1="8.270209" intensity="9.397035e-003" type="0"/>
    <Peak1D F1="8.255494" intensity="1.170008e-002" type="0"/>
    <Peak1D F1="8.237404" intensity="3.500094e-002" type="0"/>
    <Peak1D F1="8.216683" intensity="5.161618e-002" type="0"/>
    <Peak1D F1="8.209363" intensity="7.985248e-002" type="0"/>
    <Peak1D F1="8.190398" intensity="1.881276e-001" type="0"/>
    <Peak1D F1="8.174044" intensity="1.979129e-001" type="0"/>
    <Peak1D F1="8.170521" intensity="1.954335e-001" type="0"/>
    <Peak1D F1="8.158956" intensity="1.922531e+000" type="0"/>
    <Peak1D F1="8.137343" intensity="2.082413e+000" type="0"/>
    <Peak1D F1="8.131884" intensity="5.469605e-001" type="0"/>
    <Peak1D F1="8.108892" intensity="7.892002e-002" type="0"/>
    <Peak1D F1="8.087959" intensity="4.089910e-002" type="0"/>
    <Peak1D F1="8.020385" intensity="6.346069e-002" type="0"/>
    <Peak1D F1="7.999197" intensity="4.832265e-002" type="0"/>
    <Peak1D F1="7.943564" intensity="2.356602e-002" type="0"/>
    <Peak1D F1="7.922378" intensity="2.713310e-002" type="0"/>
    <Peak1D F1="7.902445" intensity="9.116937e-003" type="0"/>
    <Peak1D F1="7.868258" intensity="8.362057e-003" type="0"/>
    <Peak1D F1="7.845961" intensity="1.109226e-002" type="0"/>
    <Peak1D F1="7.717000" intensity="3.334076e-002" type="0"/>
    <Peak1D F1="7.696421" intensity="1.354877e-001" type="0"/>
    <Peak1D F1="7.676374" intensity="1.157085e-001" type="0"/>
    <Peak1D F1="7.643252" intensity="1.547393e-002" type="0"/>
    <Peak1D F1="7.621182" intensity="2.300199e-002" type="0"/>
    <Peak1D F1="7.609217" intensity="2.914731e-002" type="0"/>
    <Peak1D F1="7.586826" intensity="3.851037e-002" type="0"/>
    <Peak1D F1="7.556446" intensity="5.892194e-002" type="0"/>
    <Peak1D F1="7.537514" intensity="1.030187e-001" type="0"/>
    <Peak1D F1="7.529685" intensity="1.003766e-001" type="0"/>
    <Peak1D F1="7.519655" intensity="9.968056e-002" type="0"/>
    <Peak1D F1="7.507339" intensity="9.873492e-002" type="0"/>
    <Peak1D F1="7.480709" intensity="2.198351e+000" type="0"/>
    <Peak1D F1="7.458768" intensity="2.122669e+000" type="0"/>
    <Peak1D F1="7.453897" intensity="4.145343e-001" type="0"/>
    <Peak1D F1="7.446217" intensity="2.997847e-001" type="0"/>
    <Peak1D F1="7.441098" intensity="2.979704e-001" type="0"/>
    <Peak1D F1="7.428906" intensity="1.359057e-001" type="0"/>
    <Peak1D F1="7.410167" intensity="9.508527e-002" type="0"/>
    <Peak1D F1="7.394165" intensity="5.921608e-002" type="0"/>
    <Peak1D F1="7.391098" intensity="5.607649e-002" type="0"/>
    <Peak1D F1="7.367746" intensity="5.287211e-002" type="0"/>
    <Peak1D F1="7.353175" intensity="1.236998e-001" type="0"/>
    <Peak1D F1="7.334879" intensity="1.434456e-001" type="0"/>
    <Peak1D F1="7.317749" intensity="7.130612e-002" type="0"/>
    <Peak1D F1="7.294543" intensity="2.652138e-002" type="0"/>
    <Peak1D F1="7.273658" intensity="2.102467e-002" type="0"/>
    <Peak1D F1="7.244808" intensity="2.642834e-001" type="0"/>
    <Peak1D F1="7.195031" intensity="1.764907e+001" type="0"/>
    <Peak1D F1="7.165996" intensity="2.666969e-002" type="0"/>
    <Peak1D F1="7.144892" intensity="3.251791e-001" type="0"/>
    <Peak1D F1="6.930972" intensity="9.285918e-002" type="0"/>
    <Peak1D F1="6.313727" intensity="1.778886e-002" type="0"/>
    <Peak1D F1="6.117946" intensity="1.053313e-001" type="0"/>
    <Peak1D F1="6.068397" intensity="4.126348e-002" type="0"/>
    <Peak1D F1="6.052251" intensity="2.162285e-002" type="0"/>
    <Peak1D F1="6.045155" intensity="2.211975e-002" type="0"/>
    <Peak1D F1="6.018307" intensity="2.480226e+000" type="0"/>
    <Peak1D F1="5.969306" intensity="3.982054e-002" type="0"/>
    <Peak1D F1="5.953311" intensity="2.131790e-002" type="0"/>
    <Peak1D F1="5.942333" intensity="2.178045e-002" type="0"/>
    <Peak1D F1="5.821120" intensity="1.199800e-002" type="0"/>
    <Peak1D F1="5.816783" intensity="1.347429e-002" type="0"/>
    <Peak1D F1="5.672241" intensity="1.194751e-002" type="0"/>
    <Peak1D F1="5.646764" intensity="9.062262e-003" type="0"/>
    <Peak1D F1="5.423721" intensity="9.201651e-003" type="0"/>
    <Peak1D F1="5.385728" intensity="1.089528e-002" type="0"/>
    <Peak1D F1="5.356628" intensity="1.166900e-001" type="0"/>
    <Peak1D F1="5.349648" intensity="1.119727e-001" type="0"/>
    <Peak1D F1="5.009698" intensity="8.074815e-003" type="0"/>
    <Peak1D F1="4.969136" intensity="1.026661e-002" type="0"/>
    <Peak1D F1="4.947350" intensity="1.245423e-002" type="0"/>
    <Peak1D F1="4.886639" intensity="1.691908e-002" type="0"/>
    <Peak1D F1="4.867624" intensity="1.585878e-002" type="0"/>
    <Peak1D F1="4.841001" intensity="3.289129e-002" type="0"/>
    <Peak1D F1="4.817795" intensity="3.827856e-002" type="0"/>
    <Peak1D F1="4.790819" intensity="1.259172e+000" type="0"/>
    <Peak1D F1="4.767982" intensity="1.287878e+000" type="0"/>
    <Peak1D F1="4.739541" intensity="5.662268e-002" type="0"/>
    <Peak1D F1="4.718002" intensity="6.701937e-002" type="0"/>
    <Peak1D F1="4.688233" intensity="5.838554e-002" type="0"/>
    <Peak1D F1="4.669091" intensity="6.078282e-002" type="0"/>
    <Peak1D F1="4.635474" intensity="5.449307e-002" type="0"/>
    <Peak1D F1="4.607182" intensity="4.621481e-002" type="0"/>
    <Peak1D F1="4.520848" intensity="1.889341e-002" type="0"/>
    <Peak1D F1="4.503178" intensity="1.637731e-002" type="0"/>
    <Peak1D F1="4.482589" intensity="1.599593e-002" type="0"/>
    <Peak1D F1="4.468682" intensity="1.409621e-002" type="0"/>
    <Peak1D F1="4.414081" intensity="1.078829e-002" type="0"/>
    <Peak1D F1="4.394989" intensity="9.538673e-003" type="0"/>
    <Peak1D F1="4.352265" intensity="9.484863e-003" type="0"/>
    <Peak1D F1="4.319124" intensity="8.049292e-003" type="0"/>
    <Peak1D F1="3.878604" intensity="3.984636e-002" type="0"/>
    <Peak1D F1="3.844432" intensity="1.153555e-001" type="0"/>
    <Peak1D F1="3.823478" intensity="5.845255e-002" type="0"/>
    <Peak1D F1="3.811831" intensity="2.932817e-001" type="0"/>
    <Peak1D F1="3.776010" intensity="1.156912e-002" type="0"/>
    <Peak1D F1="3.750544" intensity="1.389569e-001" type="0"/>
    <Peak1D F1="3.745630" intensity="1.723825e-001" type="0"/>
    <Peak1D F1="3.701001" intensity="7.676235e+000" type="0"/>
    <Peak1D F1="3.651817" intensity="1.281271e-001" type="0"/>
    <Peak1D F1="3.518989" intensity="4.137956e-002" type="0"/>
    <Peak1D F1="3.418988" intensity="1.781379e-002" type="0"/>
    <Peak1D F1="2.942228" intensity="1.599015e-002" type="0"/>
    <Peak1D F1="2.924728" intensity="8.903844e-003" type="0"/>
    <Peak1D F1="2.789439" intensity="8.231369e-003" type="0"/>
    <Peak1D F1="2.772237" intensity="1.155108e-002" type="0"/>
    <Peak1D F1="2.753410" intensity="1.078564e-002" type="0"/>
    <Peak1D F1="2.481196" intensity="8.408040e-003" type="0"/>
    <Peak1D F1="2.433168" intensity="2.080240e-001" type="0"/>
    <Peak1D F1="2.415855" intensity="2.282165e-001" type="0"/>
    <Peak1D F1="2.412191" intensity="2.346222e-001" type="0"/>
    <Peak1D F1="2.388031" intensity="3.228294e-001" type="0"/>
    <Peak1D F1="2.363627" intensity="3.489967e-001" type="0"/>
    <Peak1D F1="2.350896" intensity="2.377011e-001" type="0"/>
    <Peak1D F1="2.328033" intensity="4.058025e-001" type="0"/>
    <Peak1D F1="2.320458" intensity="2.501946e-001" type="0"/>
    <Peak1D F1="2.317116" intensity="2.306093e-001" type="0"/>
    <Peak1D F1="2.308220" intensity="3.328977e-001" type="0"/>
    <Peak1D F1="2.304596" intensity="2.809997e-001" type="0"/>
    <Peak1D F1="2.297687" intensity="3.914118e-001" type="0"/>
    <Peak1D F1="2.277713" intensity="2.474185e-001" type="0"/>
    <Peak1D F1="2.252540" intensity="3.207520e-001" type="0"/>
    <Peak1D F1="2.228969" intensity="4.125525e-001" type="0"/>
    <Peak1D F1="2.203516" intensity="4.681337e-001" type="0"/>
    <Peak1D F1="2.195244" intensity="1.208275e-001" type="0"/>
    <Peak1D F1="2.180881" intensity="2.725820e-001" type="0"/>
    <Peak1D F1="2.177665" intensity="2.666894e-001" type="0"/>
    <Peak1D F1="2.155015" intensity="3.530811e-001" type="0"/>
    <Peak1D F1="2.146650" intensity="3.589999e-001" type="0"/>
    <Peak1D F1="2.116586" intensity="4.637129e+000" type="0"/>
    <Peak1D F1="2.096788" intensity="1.432763e+001" type="0"/>
    <Peak1D F1="2.086415" intensity="3.863663e+000" type="0"/>
    <Peak1D F1="2.078311" intensity="7.065128e+000" type="0"/>
    <Peak1D F1="2.056250" intensity="3.714458e-001" type="0"/>
    <Peak1D F1="2.047399" intensity="4.239905e-001" type="0"/>
    <Peak1D F1="2.029072" intensity="1.980791e-001" type="0"/>
    <Peak1D F1="1.986699" intensity="2.240402e-001" type="0"/>
    <Peak1D F1="1.959486" intensity="4.484715e-001" type="0"/>
    <Peak1D F1="1.949224" intensity="4.466180e-001" type="0"/>
    <Peak1D F1="1.941544" intensity="6.719635e-001" type="0"/>
    <Peak1D F1="1.932656" intensity="8.673633e-001" type="0"/>
    <Peak1D F1="1.925560" intensity="9.380313e-001" type="0"/>
    <Peak1D F1="1.921127" intensity="9.620606e-001" type="0"/>
    <Peak1D F1="1.910828" intensity="7.385859e+000" type="0"/>
    <Peak1D F1="1.900840" intensity="6.246280e+000" type="0"/>
    <Peak1D F1="1.891302" intensity="1.500000e+001" type="0"/>
    <Peak1D F1="1.882076" intensity="5.693088e+000" type="0"/>
    <Peak1D F1="1.871944" intensity="4.768376e+000" type="0"/>
    <Peak1D F1="1.859948" intensity="6.447639e-001" type="0"/>
    <Peak1D F1="1.849769" intensity="3.803734e-001" type="0"/>
    <Peak1D F1="1.841721" intensity="3.715709e-001" type="0"/>
    <Peak1D F1="1.834170" intensity="1.911110e-001" type="0"/>
    <Peak1D F1="1.822920" intensity="1.524771e-001" type="0"/>
    <Peak1D F1="1.799325" intensity="6.573445e-002" type="0"/>
    <Peak1D F1="1.759623" intensity="7.345683e-002" type="0"/>
    <Peak1D F1="1.744958" intensity="1.499451e-001" type="0"/>
    <Peak1D F1="1.729332" intensity="1.810168e-001" type="0"/>
    <Peak1D F1="1.724377" intensity="2.034519e-001" type="0"/>
    <Peak1D F1="1.717070" intensity="2.087206e-001" type="0"/>
    <Peak1D F1="1.708144" intensity="2.367537e-001" type="0"/>
    <Peak1D F1="1.701270" intensity="3.542489e-001" type="0"/>
    <Peak1D F1="1.697308" intensity="3.155901e-001" type="0"/>
    <Peak1D F1="1.688013" intensity="2.682794e-001" type="0"/>
    <Peak1D F1="1.681086" intensity="8.452751e-001" type="0"/>
    <Peak1D F1="1.675823" intensity="4.477406e-001" type="0"/>
    <Peak1D F1="1.671221" intensity="4.886408e-001" type="0"/>
    <Peak1D F1="1.657225" intensity="7.184817e-001" type="0"/>
    <Peak1D F1="1.652757" intensity="6.129004e-001" type="0"/>
    <Peak1D F1="1.641223" intensity="4.299241e-001" type="0"/>
    <Peak1D F1="1.636896" intensity="4.851773e-001" type="0"/>
    <Peak1D F1="1.632606" intensity="3.836966e-001" type="0"/>
    <Peak1D F1="1.625473" intensity="2.084006e-001" type="0"/>
    <Peak1D F1="1.620934" intensity="2.437277e-001" type="0"/>
    <Peak1D F1="1.616933" intensity="2.337552e-001" type="0"/>
    <Peak1D F1="1.584021" intensity="7.380415e-002" type="0"/>
    <Peak1D F1="1.570040" intensity="6.894197e-002" type="0"/>
    <Peak1D F1="1.555974" intensity="6.502935e-002" type="0"/>
    <Peak1D F1="1.534990" intensity="2.165069e-001" type="0"/>
    <Peak1D F1="1.519773" intensity="1.599716e-001" type="0"/>
    <Peak1D F1="1.512449" intensity="1.840425e-001" type="0"/>
    <Peak1D F1="1.500939" intensity="3.688864e-001" type="0"/>
    <Peak1D F1="1.492977" intensity="1.363374e-001" type="0"/>
    <Peak1D F1="1.483464" intensity="4.615135e-001" type="0"/>
    <Peak1D F1="1.470670" intensity="3.119088e-001" type="0"/>
    <Peak1D F1="1.453948" intensity="3.168996e-001" type="0"/>
    <Peak1D F1="1.441586" intensity="7.684611e-002" type="0"/>
    <Peak1D F1="1.435686" intensity="9.863458e-002" type="0"/>
    <Peak1D F1="1.423633" intensity="1.157592e-001" type="0"/>
    <Peak1D F1="1.405846" intensity="3.413939e-002" type="0"/>
    <Peak1D F1="1.381866" intensity="2.518325e-002" type="0"/>
    <Peak1D F1="1.372503" intensity="2.680841e-002" type="0"/>
    <Peak1D F1="1.341900" intensity="2.747701e-002" type="0"/>
    <Peak1D F1="1.274834" intensity="3.110643e-002" type="0"/>
    <Peak1D F1="1.238012" intensity="4.329314e-002" type="0"/>
    <Peak1D F1="1.205361" intensity="4.551551e-002" type="0"/>
    <Peak1D F1="1.185571" intensity="9.254780e-002" type="0"/>
    <Peak1D F1="1.146224" intensity="1.439243e-002" type="0"/>
    <Peak1D F1="1.133501" intensity="1.544117e-002" type="0"/>
    <Peak1D F1="1.114686" intensity="1.104169e-002" type="0"/>
    <Peak1D F1="1.101012" intensity="1.052263e-002" type="0"/>
    <Peak1D F1="1.068103" intensity="9.968648e-003" type="0"/>
    <Peak1D F1="1.047048" intensity="9.946024e-003" type="0"/>
    <Peak1D F1="0.974457" intensity="9.108068e-003" type="0"/>
    <Peak1D F1="0.967242" intensity="8.940273e-003" type="0"/>
    <Peak1D F1="0.958539" intensity="8.426156e-003" type="0"/>
    <Peak1D F1="0.920074" intensity="9.092697e-003" type="0"/>
    <Peak1D F1="0.860928" intensity="9.852964e-003" type="0"/>
    <Peak1D F1="0.828475" intensity="1.779671e-002" type="0"/>
    <Peak1D F1="0.809922" intensity="2.757150e-002" type="0"/>
    <Peak1D F1="0.792984" intensity="1.556474e-002" type="0"/>
    <Peak1D F1="0.778873" intensity="1.240273e-002" type="0"/>
    <Peak1D F1="0.731562" intensity="8.239803e-003" type="0"/>
    <Peak1D F1="0.718315" intensity="8.299609e-003" type="0"/>
    <Peak1D F1="0.644610" intensity="7.952013e-003" type="0"/>
    <Peak1D F1="0.607811" intensity="8.275359e-003" type="0"/>
    <Peak1D F1="0.531489" intensity="9.205592e-003" type="0"/>
    <Peak1D F1="-0.000150" intensity="2.751606e-001" type="0"/>
    <Peak1D F1="-0.180664" intensity="9.539076e-003" type="0"/>
    <Peak1D F1="-2.793744" intensity="9.488846e-003" type="0"/>
  </PeakList1D>
</PeakList>
