<?xml version="1.0" encoding="UTF-8"?>
<PeakList>
  <PeakList1D>
    <PeakList1DHeader creator="nmr" date="2021-08-01T19:07:56.674+03:00" expNo="20" name="ID-419-K" owner="" procNo="1" source="//132.72.8.180/400b/Milo/Milo">
      <PeakPickDetails>F1=16.098780ppm, F2=-3.930265ppm, MI=0.00cm, MAXI=10000.00cm, PC=1.000
      </PeakPickDetails>
    </PeakList1DHeader>
    <Peak1D F1="16.094702" intensity="1.259099e-002" type="0"/>
    <Peak1D F1="10.094616" intensity="1.826150e-001" type="0"/>
    <Peak1D F1="8.372064" intensity="1.234547e-002" type="0"/>
    <Peak1D F1="8.343020" intensity="1.289228e-001" type="0"/>
    <Peak1D F1="8.321184" intensity="1.421268e-001" type="0"/>
    <Peak1D F1="8.275113" intensity="2.281787e-002" type="0"/>
    <Peak1D F1="8.253799" intensity="2.538495e-002" type="0"/>
    <Peak1D F1="8.229795" intensity="8.884546e-002" type="0"/>
    <Peak1D F1="8.210151" intensity="1.810213e-001" type="0"/>
    <Peak1D F1="8.188634" intensity="1.767703e-001" type="0"/>
    <Peak1D F1="8.165890" intensity="3.642297e-001" type="0"/>
    <Peak1D F1="8.160137" intensity="2.185858e+000" type="0"/>
    <Peak1D F1="8.155302" intensity="1.084195e+000" type="0"/>
    <Peak1D F1="8.142967" intensity="7.736978e-001" type="0"/>
    <Peak1D F1="8.138241" intensity="2.387821e+000" type="0"/>
    <Peak1D F1="8.132827" intensity="6.959867e-001" type="0"/>
    <Peak1D F1="8.113025" intensity="1.666325e-001" type="0"/>
    <Peak1D F1="8.091735" intensity="1.677494e-001" type="0"/>
    <Peak1D F1="8.020864" intensity="1.671610e-001" type="0"/>
    <Peak1D F1="8.016339" intensity="5.436006e-002" type="0"/>
    <Peak1D F1="8.003691" intensity="4.825392e-002" type="0"/>
    <Peak1D F1="7.999138" intensity="1.401332e-001" type="0"/>
    <Peak1D F1="7.945848" intensity="1.340964e-002" type="0"/>
    <Peak1D F1="7.930616" intensity="1.246554e-002" type="0"/>
    <Peak1D F1="7.883935" intensity="8.174162e-002" type="0"/>
    <Peak1D F1="7.877087" intensity="7.446305e-002" type="0"/>
    <Peak1D F1="7.862535" intensity="8.516945e-002" type="0"/>
    <Peak1D F1="7.855323" intensity="7.585385e-002" type="0"/>
    <Peak1D F1="7.836084" intensity="2.565539e-002" type="0"/>
    <Peak1D F1="7.813951" intensity="2.249040e-002" type="0"/>
    <Peak1D F1="7.660042" intensity="3.269892e-002" type="0"/>
    <Peak1D F1="7.637351" intensity="1.265321e-001" type="0"/>
    <Peak1D F1="7.631962" intensity="9.949602e-002" type="0"/>
    <Peak1D F1="7.615820" intensity="1.398041e-001" type="0"/>
    <Peak1D F1="7.609457" intensity="1.025840e-001" type="0"/>
    <Peak1D F1="7.597047" intensity="3.136313e-002" type="0"/>
    <Peak1D F1="7.586807" intensity="3.189645e-002" type="0"/>
    <Peak1D F1="7.574110" intensity="2.411483e-002" type="0"/>
    <Peak1D F1="7.542575" intensity="8.327899e-002" type="0"/>
    <Peak1D F1="7.520883" intensity="9.843796e-002" type="0"/>
    <Peak1D F1="7.509714" intensity="8.779968e-002" type="0"/>
    <Peak1D F1="7.504219" intensity="9.445643e-002" type="0"/>
    <Peak1D F1="7.486604" intensity="3.418899e-001" type="0"/>
    <Peak1D F1="7.480864" intensity="2.151988e+000" type="0"/>
    <Peak1D F1="7.476176" intensity="7.314115e-001" type="0"/>
    <Peak1D F1="7.458925" intensity="2.108676e+000" type="0"/>
    <Peak1D F1="7.453042" intensity="3.990033e-001" type="0"/>
    <Peak1D F1="7.440637" intensity="3.326733e-001" type="0"/>
    <Peak1D F1="7.408736" intensity="3.825562e-002" type="0"/>
    <Peak1D F1="7.325039" intensity="1.805257e-002" type="0"/>
    <Peak1D F1="7.244026" intensity="3.191575e-001" type="0"/>
    <Peak1D F1="7.193984" intensity="1.763327e+001" type="0"/>
    <Peak1D F1="7.153646" intensity="2.680643e-002" type="0"/>
    <Peak1D F1="7.143856" intensity="2.705070e-001" type="0"/>
    <Peak1D F1="7.093517" intensity="1.608050e-002" type="0"/>
    <Peak1D F1="6.959629" intensity="1.549918e-001" type="0"/>
    <Peak1D F1="6.938000" intensity="1.500740e-001" type="0"/>
    <Peak1D F1="6.930009" intensity="1.042606e-001" type="0"/>
    <Peak1D F1="6.912704" intensity="7.797132e-002" type="0"/>
    <Peak1D F1="6.898415" intensity="9.313582e-002" type="0"/>
    <Peak1D F1="6.891301" intensity="8.281703e-002" type="0"/>
    <Peak1D F1="6.873557" intensity="1.390138e-001" type="0"/>
    <Peak1D F1="6.852201" intensity="1.307205e-001" type="0"/>
    <Peak1D F1="6.709933" intensity="1.571544e-002" type="0"/>
    <Peak1D F1="6.313075" intensity="2.400786e-002" type="0"/>
    <Peak1D F1="6.216131" intensity="1.306621e-002" type="0"/>
    <Peak1D F1="6.117916" intensity="1.945536e-001" type="0"/>
    <Peak1D F1="6.068573" intensity="5.165316e-002" type="0"/>
    <Peak1D F1="6.018726" intensity="2.669004e+000" type="0"/>
    <Peak1D F1="5.968359" intensity="3.920369e-002" type="0"/>
    <Peak1D F1="5.928326" intensity="1.381559e-002" type="0"/>
    <Peak1D F1="5.785667" intensity="2.954150e-002" type="0"/>
    <Peak1D F1="5.777565" intensity="2.797468e-002" type="0"/>
    <Peak1D F1="5.630558" intensity="3.472953e-002" type="0"/>
    <Peak1D F1="5.604605" intensity="2.772059e-002" type="0"/>
    <Peak1D F1="5.492064" intensity="2.006641e-002" type="0"/>
    <Peak1D F1="5.411779" intensity="1.232729e-002" type="0"/>
    <Peak1D F1="5.357903" intensity="1.543234e-001" type="0"/>
    <Peak1D F1="5.350565" intensity="1.453057e-001" type="0"/>
    <Peak1D F1="4.888682" intensity="2.182191e-002" type="0"/>
    <Peak1D F1="4.871741" intensity="2.605969e-002" type="0"/>
    <Peak1D F1="4.851702" intensity="3.273263e-002" type="0"/>
    <Peak1D F1="4.838786" intensity="3.778729e-002" type="0"/>
    <Peak1D F1="4.816797" intensity="4.718814e-002" type="0"/>
    <Peak1D F1="4.789444" intensity="1.135910e+000" type="0"/>
    <Peak1D F1="4.766594" intensity="1.156636e+000" type="0"/>
    <Peak1D F1="4.738824" intensity="4.529644e-002" type="0"/>
    <Peak1D F1="4.715669" intensity="5.399886e-002" type="0"/>
    <Peak1D F1="4.669158" intensity="4.712894e-002" type="0"/>
    <Peak1D F1="3.949928" intensity="1.231888e-002" type="0"/>
    <Peak1D F1="3.878824" intensity="5.828905e-002" type="0"/>
    <Peak1D F1="3.862461" intensity="1.876147e-002" type="0"/>
    <Peak1D F1="3.844829" intensity="2.102888e-001" type="0"/>
    <Peak1D F1="3.828235" intensity="6.625059e-001" type="0"/>
    <Peak1D F1="3.824090" intensity="1.908031e-001" type="0"/>
    <Peak1D F1="3.812310" intensity="6.553587e-001" type="0"/>
    <Peak1D F1="3.797389" intensity="3.510908e-001" type="0"/>
    <Peak1D F1="3.793278" intensity="3.554446e-001" type="0"/>
    <Peak1D F1="3.780351" intensity="1.453694e-001" type="0"/>
    <Peak1D F1="3.772578" intensity="6.348274e-001" type="0"/>
    <Peak1D F1="3.751664" intensity="1.680238e-001" type="0"/>
    <Peak1D F1="3.746018" intensity="3.649761e-001" type="0"/>
    <Peak1D F1="3.723993" intensity="7.788657e-002" type="0"/>
    <Peak1D F1="3.701588" intensity="8.235267e+000" type="0"/>
    <Peak1D F1="3.661414" intensity="2.720100e-002" type="0"/>
    <Peak1D F1="3.651333" intensity="1.329663e-001" type="0"/>
    <Peak1D F1="3.519548" intensity="4.631483e-002" type="0"/>
    <Peak1D F1="2.937447" intensity="1.327729e-002" type="0"/>
    <Peak1D F1="2.712142" intensity="1.724021e-002" type="0"/>
    <Peak1D F1="2.557012" intensity="1.249303e-002" type="0"/>
    <Peak1D F1="2.439078" intensity="1.849867e-001" type="0"/>
    <Peak1D F1="2.434537" intensity="2.238062e-001" type="0"/>
    <Peak1D F1="2.417688" intensity="2.337258e-001" type="0"/>
    <Peak1D F1="2.413623" intensity="2.396266e-001" type="0"/>
    <Peak1D F1="2.389760" intensity="3.243005e-001" type="0"/>
    <Peak1D F1="2.386148" intensity="2.961386e-001" type="0"/>
    <Peak1D F1="2.369232" intensity="2.877045e-001" type="0"/>
    <Peak1D F1="2.365271" intensity="3.612681e-001" type="0"/>
    <Peak1D F1="2.349473" intensity="2.161695e-001" type="0"/>
    <Peak1D F1="2.326457" intensity="3.760155e-001" type="0"/>
    <Peak1D F1="2.319369" intensity="2.467896e-001" type="0"/>
    <Peak1D F1="2.315912" intensity="2.280293e-001" type="0"/>
    <Peak1D F1="2.306654" intensity="3.005576e-001" type="0"/>
    <Peak1D F1="2.296392" intensity="3.768297e-001" type="0"/>
    <Peak1D F1="2.276603" intensity="2.169992e-001" type="0"/>
    <Peak1D F1="2.254151" intensity="3.669628e-001" type="0"/>
    <Peak1D F1="2.231950" intensity="4.047102e-001" type="0"/>
    <Peak1D F1="2.227780" intensity="4.087662e-001" type="0"/>
    <Peak1D F1="2.205206" intensity="5.441803e-001" type="0"/>
    <Peak1D F1="2.183820" intensity="2.963792e-001" type="0"/>
    <Peak1D F1="2.179011" intensity="3.052032e-001" type="0"/>
    <Peak1D F1="2.156624" intensity="3.979361e-001" type="0"/>
    <Peak1D F1="2.147441" intensity="3.846341e-001" type="0"/>
    <Peak1D F1="2.117150" intensity="4.378085e+000" type="0"/>
    <Peak1D F1="2.097460" intensity="1.414179e+001" type="0"/>
    <Peak1D F1="2.085919" intensity="3.769743e+000" type="0"/>
    <Peak1D F1="2.078608" intensity="7.042082e+000" type="0"/>
    <Peak1D F1="2.062902" intensity="4.231974e-001" type="0"/>
    <Peak1D F1="2.057373" intensity="3.666205e-001" type="0"/>
    <Peak1D F1="2.053859" intensity="3.506254e-001" type="0"/>
    <Peak1D F1="2.047652" intensity="3.773547e-001" type="0"/>
    <Peak1D F1="2.040682" intensity="2.528190e-001" type="0"/>
    <Peak1D F1="2.028556" intensity="1.795364e-001" type="0"/>
    <Peak1D F1="1.987818" intensity="3.248829e-001" type="0"/>
    <Peak1D F1="1.971524" intensity="2.725016e-001" type="0"/>
    <Peak1D F1="1.965989" intensity="3.382707e-001" type="0"/>
    <Peak1D F1="1.960700" intensity="4.806249e-001" type="0"/>
    <Peak1D F1="1.955751" intensity="4.344487e-001" type="0"/>
    <Peak1D F1="1.949557" intensity="5.294116e-001" type="0"/>
    <Peak1D F1="1.937602" intensity="6.319169e+000" type="0"/>
    <Peak1D F1="1.926115" intensity="9.617082e-001" type="0"/>
    <Peak1D F1="1.921624" intensity="1.011904e+000" type="0"/>
    <Peak1D F1="1.911189" intensity="7.121430e+000" type="0"/>
    <Peak1D F1="1.899893" intensity="5.840746e+000" type="0"/>
    <Peak1D F1="1.891651" intensity="1.500000e+001" type="0"/>
    <Peak1D F1="1.883013" intensity="5.150039e+000" type="0"/>
    <Peak1D F1="1.880788" intensity="5.424901e+000" type="0"/>
    <Peak1D F1="1.872108" intensity="4.651502e+000" type="0"/>
    <Peak1D F1="1.860297" intensity="5.951999e-001" type="0"/>
    <Peak1D F1="1.850198" intensity="3.567260e-001" type="0"/>
    <Peak1D F1="1.841663" intensity="3.318340e-001" type="0"/>
    <Peak1D F1="1.831967" intensity="1.666744e-001" type="0"/>
    <Peak1D F1="1.821708" intensity="1.246392e-001" type="0"/>
    <Peak1D F1="1.810282" intensity="6.345010e-002" type="0"/>
    <Peak1D F1="1.790887" intensity="6.308025e-002" type="0"/>
    <Peak1D F1="1.777933" intensity="5.899797e-002" type="0"/>
    <Peak1D F1="1.765904" intensity="7.758147e-002" type="0"/>
    <Peak1D F1="1.760279" intensity="7.020881e-002" type="0"/>
    <Peak1D F1="1.745197" intensity="1.402208e-001" type="0"/>
    <Peak1D F1="1.729945" intensity="1.889123e-001" type="0"/>
    <Peak1D F1="1.724425" intensity="2.048801e-001" type="0"/>
    <Peak1D F1="1.717213" intensity="2.119361e-001" type="0"/>
    <Peak1D F1="1.708722" intensity="2.434904e-001" type="0"/>
    <Peak1D F1="1.701614" intensity="3.399283e-001" type="0"/>
    <Peak1D F1="1.697400" intensity="2.891031e-001" type="0"/>
    <Peak1D F1="1.686987" intensity="2.778929e-001" type="0"/>
    <Peak1D F1="1.680519" intensity="7.903914e-001" type="0"/>
    <Peak1D F1="1.671174" intensity="4.789504e-001" type="0"/>
    <Peak1D F1="1.667158" intensity="3.768802e-001" type="0"/>
    <Peak1D F1="1.656522" intensity="6.625792e-001" type="0"/>
    <Peak1D F1="1.643962" intensity="3.164814e-001" type="0"/>
    <Peak1D F1="1.639799" intensity="4.109163e-001" type="0"/>
    <Peak1D F1="1.635106" intensity="4.573527e-001" type="0"/>
    <Peak1D F1="1.623720" intensity="2.080116e-001" type="0"/>
    <Peak1D F1="1.618870" intensity="2.471701e-001" type="0"/>
    <Peak1D F1="1.534881" intensity="2.556982e-001" type="0"/>
    <Peak1D F1="1.519188" intensity="2.057973e-001" type="0"/>
    <Peak1D F1="1.512443" intensity="2.225718e-001" type="0"/>
    <Peak1D F1="1.500280" intensity="3.864589e-001" type="0"/>
    <Peak1D F1="1.482893" intensity="4.734215e-001" type="0"/>
    <Peak1D F1="1.470031" intensity="3.247896e-001" type="0"/>
    <Peak1D F1="1.453619" intensity="3.226407e-001" type="0"/>
    <Peak1D F1="1.441000" intensity="9.045888e-002" type="0"/>
    <Peak1D F1="1.435308" intensity="1.115165e-001" type="0"/>
    <Peak1D F1="1.423428" intensity="1.310875e-001" type="0"/>
    <Peak1D F1="1.340608" intensity="3.656529e-002" type="0"/>
    <Peak1D F1="1.183921" intensity="9.225249e-002" type="0"/>
    <Peak1D F1="1.035992" intensity="1.547374e-002" type="0"/>
    <Peak1D F1="0.813844" intensity="2.966787e-002" type="0"/>
    <Peak1D F1="0.794196" intensity="1.870343e-002" type="0"/>
    <Peak1D F1="-0.000156" intensity="2.076008e-001" type="0"/>
  </PeakList1D>
</PeakList>
