<?xml version="1.0" encoding="UTF-8"?>
<PeakList>
  <PeakList1D>
    <PeakList1DHeader creator="nmr" date="2021-10-21T08:41:56.449+03:00" expNo="10" name="ID_447_C_1" owner="" procNo="1" source="//132.72.8.180/400b/Milo/Milo">
      <PeakPickDetails>F1=16.109659ppm, F2=-3.919386ppm, MI=0.00cm, MAXI=10000.00cm, PC=1.000
      </PeakPickDetails>
    </PeakList1DHeader>
    <Peak1D F1="10.304431" intensity="2.800880e-003" type="0"/>
    <Peak1D F1="10.133389" intensity="9.703071e-003" type="0"/>
    <Peak1D F1="10.113994" intensity="5.346827e-003" type="0"/>
    <Peak1D F1="10.082813" intensity="5.106598e-001" type="0"/>
    <Peak1D F1="10.050414" intensity="2.559645e-003" type="0"/>
    <Peak1D F1="10.032823" intensity="7.640939e-003" type="0"/>
    <Peak1D F1="9.930945" intensity="1.560419e-003" type="0"/>
    <Peak1D F1="9.856308" intensity="2.927087e-003" type="0"/>
    <Peak1D F1="8.711386" intensity="1.277487e-003" type="0"/>
    <Peak1D F1="8.615416" intensity="1.345315e-003" type="0"/>
    <Peak1D F1="8.596572" intensity="1.326766e-003" type="0"/>
    <Peak1D F1="8.538999" intensity="2.347907e-003" type="0"/>
    <Peak1D F1="8.516411" intensity="2.860292e-003" type="0"/>
    <Peak1D F1="8.496551" intensity="3.072377e-003" type="0"/>
    <Peak1D F1="8.404185" intensity="3.988068e-003" type="0"/>
    <Peak1D F1="8.379839" intensity="1.121598e-002" type="0"/>
    <Peak1D F1="8.353601" intensity="1.849353e-002" type="0"/>
    <Peak1D F1="8.346838" intensity="1.983821e-002" type="0"/>
    <Peak1D F1="8.329431" intensity="3.562308e-001" type="0"/>
    <Peak1D F1="8.307692" intensity="3.986580e-001" type="0"/>
    <Peak1D F1="8.278774" intensity="1.369862e-002" type="0"/>
    <Peak1D F1="8.256979" intensity="1.940714e-002" type="0"/>
    <Peak1D F1="8.242568" intensity="2.380913e-002" type="0"/>
    <Peak1D F1="8.222322" intensity="4.648557e-002" type="0"/>
    <Peak1D F1="8.206886" intensity="1.532904e-001" type="0"/>
    <Peak1D F1="8.201812" intensity="1.020160e-001" type="0"/>
    <Peak1D F1="8.190879" intensity="1.732159e-001" type="0"/>
    <Peak1D F1="8.185245" intensity="2.175414e-001" type="0"/>
    <Peak1D F1="8.179887" intensity="1.281407e-001" type="0"/>
    <Peak1D F1="8.174378" intensity="1.452963e-001" type="0"/>
    <Peak1D F1="8.169674" intensity="1.559433e-001" type="0"/>
    <Peak1D F1="8.141398" intensity="3.487505e+000" type="0"/>
    <Peak1D F1="8.137003" intensity="1.297431e+000" type="0"/>
    <Peak1D F1="8.131133" intensity="6.700382e-001" type="0"/>
    <Peak1D F1="8.123950" intensity="1.420597e+000" type="0"/>
    <Peak1D F1="8.119573" intensity="3.604921e+000" type="0"/>
    <Peak1D F1="8.113976" intensity="6.723990e-001" type="0"/>
    <Peak1D F1="8.109528" intensity="4.997019e-001" type="0"/>
    <Peak1D F1="8.091005" intensity="8.118294e-002" type="0"/>
    <Peak1D F1="8.069091" intensity="7.752738e-002" type="0"/>
    <Peak1D F1="8.058788" intensity="3.724947e-002" type="0"/>
    <Peak1D F1="8.047387" intensity="4.761096e-002" type="0"/>
    <Peak1D F1="8.036416" intensity="3.310527e-002" type="0"/>
    <Peak1D F1="8.019097" intensity="1.067495e-001" type="0"/>
    <Peak1D F1="8.014235" intensity="4.644486e-001" type="0"/>
    <Peak1D F1="8.009479" intensity="1.573250e-001" type="0"/>
    <Peak1D F1="7.996888" intensity="1.881081e-001" type="0"/>
    <Peak1D F1="7.992375" intensity="4.348955e-001" type="0"/>
    <Peak1D F1="7.967693" intensity="9.350339e-002" type="0"/>
    <Peak1D F1="7.936032" intensity="8.709634e-002" type="0"/>
    <Peak1D F1="7.925874" intensity="5.488935e-002" type="0"/>
    <Peak1D F1="7.917020" intensity="1.112993e-001" type="0"/>
    <Peak1D F1="7.899570" intensity="7.928108e-002" type="0"/>
    <Peak1D F1="7.880953" intensity="3.092993e-002" type="0"/>
    <Peak1D F1="7.867317" intensity="1.007007e-002" type="0"/>
    <Peak1D F1="7.861106" intensity="1.017616e-002" type="0"/>
    <Peak1D F1="7.846046" intensity="8.256156e-003" type="0"/>
    <Peak1D F1="7.826592" intensity="6.845308e-003" type="0"/>
    <Peak1D F1="7.803842" intensity="6.772298e-003" type="0"/>
    <Peak1D F1="7.773750" intensity="9.925452e-003" type="0"/>
    <Peak1D F1="7.733770" intensity="7.249013e-003" type="0"/>
    <Peak1D F1="7.679763" intensity="3.095175e-002" type="0"/>
    <Peak1D F1="7.668930" intensity="3.424602e-002" type="0"/>
    <Peak1D F1="7.645563" intensity="6.782556e-002" type="0"/>
    <Peak1D F1="7.622518" intensity="1.329179e-001" type="0"/>
    <Peak1D F1="7.602827" intensity="1.337926e-001" type="0"/>
    <Peak1D F1="7.581338" intensity="6.210880e-002" type="0"/>
    <Peak1D F1="7.569197" intensity="3.991373e-002" type="0"/>
    <Peak1D F1="7.549285" intensity="1.359954e-001" type="0"/>
    <Peak1D F1="7.527344" intensity="1.391741e-001" type="0"/>
    <Peak1D F1="7.521692" intensity="1.329272e-001" type="0"/>
    <Peak1D F1="7.515813" intensity="1.842521e-001" type="0"/>
    <Peak1D F1="7.500416" intensity="1.934726e-001" type="0"/>
    <Peak1D F1="7.493744" intensity="2.085472e-001" type="0"/>
    <Peak1D F1="7.472446" intensity="3.447477e+000" type="0"/>
    <Peak1D F1="7.450545" intensity="3.390063e+000" type="0"/>
    <Peak1D F1="7.431653" intensity="3.392708e-001" type="0"/>
    <Peak1D F1="7.422433" intensity="1.451376e-001" type="0"/>
    <Peak1D F1="7.400177" intensity="9.603686e-002" type="0"/>
    <Peak1D F1="7.367414" intensity="1.772004e-002" type="0"/>
    <Peak1D F1="7.351627" intensity="2.199833e-002" type="0"/>
    <Peak1D F1="7.328468" intensity="2.343711e-002" type="0"/>
    <Peak1D F1="7.310861" intensity="3.273635e-002" type="0"/>
    <Peak1D F1="7.303775" intensity="3.997140e-002" type="0"/>
    <Peak1D F1="7.281403" intensity="2.695509e-002" type="0"/>
    <Peak1D F1="7.265623" intensity="3.244689e-002" type="0"/>
    <Peak1D F1="7.254193" intensity="2.468089e-001" type="0"/>
    <Peak1D F1="7.240415" intensity="5.511931e-002" type="0"/>
    <Peak1D F1="7.204284" intensity="1.262133e+001" type="0"/>
    <Peak1D F1="7.175650" intensity="1.446151e-002" type="0"/>
    <Peak1D F1="7.153836" intensity="2.073955e-001" type="0"/>
    <Peak1D F1="7.134663" intensity="1.936103e-003" type="0"/>
    <Peak1D F1="7.125767" intensity="4.148602e-003" type="0"/>
    <Peak1D F1="7.103415" intensity="5.543563e-003" type="0"/>
    <Peak1D F1="7.012854" intensity="2.114910e-003" type="0"/>
    <Peak1D F1="6.990881" intensity="4.368997e-003" type="0"/>
    <Peak1D F1="6.983643" intensity="2.822888e-003" type="0"/>
    <Peak1D F1="6.939899" intensity="6.864130e-002" type="0"/>
    <Peak1D F1="6.723563" intensity="2.700977e-003" type="0"/>
    <Peak1D F1="6.667098" intensity="5.868855e-003" type="0"/>
    <Peak1D F1="6.582473" intensity="1.629495e-003" type="0"/>
    <Peak1D F1="6.517076" intensity="1.304632e-003" type="0"/>
    <Peak1D F1="6.465098" intensity="2.508190e-003" type="0"/>
    <Peak1D F1="6.461916" intensity="2.555982e-003" type="0"/>
    <Peak1D F1="6.446670" intensity="3.109552e-003" type="0"/>
    <Peak1D F1="6.383882" intensity="3.359922e-003" type="0"/>
    <Peak1D F1="6.269539" intensity="2.488206e-003" type="0"/>
    <Peak1D F1="6.250197" intensity="1.836872e-003" type="0"/>
    <Peak1D F1="6.210988" intensity="7.287060e-003" type="0"/>
    <Peak1D F1="6.205697" intensity="1.428429e-002" type="0"/>
    <Peak1D F1="6.200230" intensity="7.670363e-003" type="0"/>
    <Peak1D F1="6.110936" intensity="8.979245e-003" type="0"/>
    <Peak1D F1="6.056920" intensity="1.002206e-001" type="0"/>
    <Peak1D F1="6.043964" intensity="4.510801e-002" type="0"/>
    <Peak1D F1="6.007064" intensity="5.187346e+000" type="0"/>
    <Peak1D F1="5.978232" intensity="1.045830e-002" type="0"/>
    <Peak1D F1="5.956587" intensity="8.672508e-002" type="0"/>
    <Peak1D F1="5.922688" intensity="7.124375e-002" type="0"/>
    <Peak1D F1="5.910390" intensity="7.124830e-002" type="0"/>
    <Peak1D F1="5.870824" intensity="5.973628e-003" type="0"/>
    <Peak1D F1="5.860782" intensity="6.226058e-003" type="0"/>
    <Peak1D F1="5.810713" intensity="1.363795e-002" type="0"/>
    <Peak1D F1="5.805359" intensity="1.965504e-002" type="0"/>
    <Peak1D F1="5.784973" intensity="5.837236e-003" type="0"/>
    <Peak1D F1="5.756156" intensity="4.143970e-003" type="0"/>
    <Peak1D F1="5.728151" intensity="4.261378e-003" type="0"/>
    <Peak1D F1="5.686763" intensity="3.938663e-003" type="0"/>
    <Peak1D F1="5.665409" intensity="4.310933e-003" type="0"/>
    <Peak1D F1="5.638778" intensity="4.455642e-003" type="0"/>
    <Peak1D F1="5.588578" intensity="9.196128e-003" type="0"/>
    <Peak1D F1="5.579690" intensity="7.983802e-003" type="0"/>
    <Peak1D F1="5.548923" intensity="4.335827e-003" type="0"/>
    <Peak1D F1="5.528391" intensity="7.201962e-003" type="0"/>
    <Peak1D F1="5.501101" intensity="4.258852e-003" type="0"/>
    <Peak1D F1="5.465039" intensity="3.532409e-003" type="0"/>
    <Peak1D F1="5.414529" intensity="1.035551e-001" type="0"/>
    <Peak1D F1="5.378599" intensity="7.017151e-003" type="0"/>
    <Peak1D F1="5.336157" intensity="1.158506e-001" type="0"/>
    <Peak1D F1="5.329935" intensity="1.119472e-001" type="0"/>
    <Peak1D F1="5.279254" intensity="5.948802e-003" type="0"/>
    <Peak1D F1="5.208412" intensity="3.163442e-003" type="0"/>
    <Peak1D F1="5.179426" intensity="1.978388e-003" type="0"/>
    <Peak1D F1="5.164937" intensity="1.971363e-003" type="0"/>
    <Peak1D F1="5.143744" intensity="1.641384e-003" type="0"/>
    <Peak1D F1="5.006449" intensity="7.905385e-003" type="0"/>
    <Peak1D F1="4.987468" intensity="7.891015e-003" type="0"/>
    <Peak1D F1="4.972382" intensity="1.151519e-002" type="0"/>
    <Peak1D F1="4.949996" intensity="1.214176e-002" type="0"/>
    <Peak1D F1="4.916649" intensity="7.634337e-003" type="0"/>
    <Peak1D F1="4.894010" intensity="1.419498e-002" type="0"/>
    <Peak1D F1="4.872101" intensity="1.258321e-002" type="0"/>
    <Peak1D F1="4.862786" intensity="1.234797e-002" type="0"/>
    <Peak1D F1="4.843136" intensity="4.603044e-002" type="0"/>
    <Peak1D F1="4.820483" intensity="5.630725e-002" type="0"/>
    <Peak1D F1="4.793323" intensity="1.765978e+000" type="0"/>
    <Peak1D F1="4.770762" intensity="1.796415e+000" type="0"/>
    <Peak1D F1="4.742713" intensity="1.002093e-001" type="0"/>
    <Peak1D F1="4.699424" intensity="5.059679e-001" type="0"/>
    <Peak1D F1="4.610055" intensity="2.712582e-002" type="0"/>
    <Peak1D F1="4.587032" intensity="2.286372e-002" type="0"/>
    <Peak1D F1="4.541753" intensity="9.022215e-003" type="0"/>
    <Peak1D F1="4.520983" intensity="9.409700e-003" type="0"/>
    <Peak1D F1="4.507870" intensity="6.007039e-003" type="0"/>
    <Peak1D F1="4.491993" intensity="6.551733e-003" type="0"/>
    <Peak1D F1="4.478499" intensity="5.931986e-003" type="0"/>
    <Peak1D F1="4.458737" intensity="3.780578e-003" type="0"/>
    <Peak1D F1="4.437858" intensity="3.107518e-003" type="0"/>
    <Peak1D F1="4.387416" intensity="1.445836e-003" type="0"/>
    <Peak1D F1="4.310241" intensity="1.996960e-003" type="0"/>
    <Peak1D F1="4.298590" intensity="2.502262e-003" type="0"/>
    <Peak1D F1="4.289951" intensity="2.541150e-003" type="0"/>
    <Peak1D F1="4.278081" intensity="2.271858e-003" type="0"/>
    <Peak1D F1="4.266551" intensity="2.184617e-003" type="0"/>
    <Peak1D F1="4.130523" intensity="1.593552e-003" type="0"/>
    <Peak1D F1="4.049387" intensity="1.933881e-003" type="0"/>
    <Peak1D F1="4.031964" intensity="1.324635e-003" type="0"/>
    <Peak1D F1="3.917839" intensity="3.628269e-003" type="0"/>
    <Peak1D F1="3.868251" intensity="8.543858e-002" type="0"/>
    <Peak1D F1="3.837770" intensity="4.390396e-003" type="0"/>
    <Peak1D F1="3.827283" intensity="4.750951e-003" type="0"/>
    <Peak1D F1="3.817783" intensity="6.156066e-003" type="0"/>
    <Peak1D F1="3.800969" intensity="2.272762e-002" type="0"/>
    <Peak1D F1="3.790232" intensity="1.520138e-002" type="0"/>
    <Peak1D F1="3.758007" intensity="1.671744e-002" type="0"/>
    <Peak1D F1="3.740632" intensity="2.880455e-001" type="0"/>
    <Peak1D F1="3.726686" intensity="4.929176e-002" type="0"/>
    <Peak1D F1="3.690781" intensity="1.500000e+001" type="0"/>
    <Peak1D F1="3.663458" intensity="3.647311e-002" type="0"/>
    <Peak1D F1="3.640299" intensity="2.560135e-001" type="0"/>
    <Peak1D F1="3.608863" intensity="6.902675e-003" type="0"/>
    <Peak1D F1="3.586813" intensity="4.856962e-003" type="0"/>
    <Peak1D F1="3.558911" intensity="3.990624e-003" type="0"/>
    <Peak1D F1="3.536114" intensity="3.285913e-003" type="0"/>
    <Peak1D F1="3.508528" intensity="8.188038e-002" type="0"/>
    <Peak1D F1="3.493797" intensity="2.685066e-003" type="0"/>
    <Peak1D F1="3.459019" intensity="1.964728e-003" type="0"/>
    <Peak1D F1="3.448529" intensity="2.614792e-003" type="0"/>
    <Peak1D F1="3.395823" intensity="3.443297e-003" type="0"/>
    <Peak1D F1="3.286877" intensity="1.312757e-003" type="0"/>
    <Peak1D F1="3.196524" intensity="1.761415e-003" type="0"/>
    <Peak1D F1="3.179104" intensity="2.455702e-003" type="0"/>
    <Peak1D F1="3.168622" intensity="2.121621e-003" type="0"/>
    <Peak1D F1="3.151208" intensity="2.335403e-003" type="0"/>
    <Peak1D F1="3.127413" intensity="3.267172e-003" type="0"/>
    <Peak1D F1="3.075977" intensity="2.576034e-003" type="0"/>
    <Peak1D F1="3.042767" intensity="1.785377e-003" type="0"/>
    <Peak1D F1="2.993062" intensity="2.106173e-003" type="0"/>
    <Peak1D F1="2.955127" intensity="1.207824e-002" type="0"/>
    <Peak1D F1="2.948124" intensity="1.372330e-002" type="0"/>
    <Peak1D F1="2.937090" intensity="2.075192e-002" type="0"/>
    <Peak1D F1="2.930204" intensity="2.206625e-002" type="0"/>
    <Peak1D F1="2.918373" intensity="1.788259e-002" type="0"/>
    <Peak1D F1="2.911715" intensity="1.982812e-002" type="0"/>
    <Peak1D F1="2.877371" intensity="1.999452e-002" type="0"/>
    <Peak1D F1="2.824061" intensity="1.206675e-002" type="0"/>
    <Peak1D F1="2.788444" intensity="2.364189e-002" type="0"/>
    <Peak1D F1="2.776609" intensity="2.342207e-002" type="0"/>
    <Peak1D F1="2.761682" intensity="2.749750e-002" type="0"/>
    <Peak1D F1="2.751766" intensity="2.694317e-002" type="0"/>
    <Peak1D F1="2.740986" intensity="2.363040e-002" type="0"/>
    <Peak1D F1="2.727379" intensity="2.398083e-002" type="0"/>
    <Peak1D F1="2.675375" intensity="5.171342e-003" type="0"/>
    <Peak1D F1="2.654095" intensity="8.946404e-003" type="0"/>
    <Peak1D F1="2.590785" intensity="1.466627e-002" type="0"/>
    <Peak1D F1="2.570143" intensity="1.284689e-002" type="0"/>
    <Peak1D F1="2.541828" intensity="1.092386e-002" type="0"/>
    <Peak1D F1="2.526259" intensity="9.514816e-003" type="0"/>
    <Peak1D F1="2.514518" intensity="9.571621e-003" type="0"/>
    <Peak1D F1="2.487026" intensity="1.518764e-002" type="0"/>
    <Peak1D F1="2.477839" intensity="1.635259e-002" type="0"/>
    <Peak1D F1="2.458373" intensity="2.595852e-002" type="0"/>
    <Peak1D F1="2.422733" intensity="2.928877e-001" type="0"/>
    <Peak1D F1="2.417238" intensity="3.272192e-001" type="0"/>
    <Peak1D F1="2.403104" intensity="3.521342e-001" type="0"/>
    <Peak1D F1="2.397253" intensity="3.405080e-001" type="0"/>
    <Peak1D F1="2.393069" intensity="2.415886e-001" type="0"/>
    <Peak1D F1="2.373803" intensity="5.206717e-001" type="0"/>
    <Peak1D F1="2.370111" intensity="4.920082e-001" type="0"/>
    <Peak1D F1="2.365682" intensity="4.636160e-001" type="0"/>
    <Peak1D F1="2.353153" intensity="8.026530e-001" type="0"/>
    <Peak1D F1="2.333019" intensity="6.415333e-001" type="0"/>
    <Peak1D F1="2.325011" intensity="4.061780e-001" type="0"/>
    <Peak1D F1="2.322079" intensity="3.864977e-001" type="0"/>
    <Peak1D F1="2.312314" intensity="4.310090e-001" type="0"/>
    <Peak1D F1="2.310174" intensity="4.233926e-001" type="0"/>
    <Peak1D F1="2.302319" intensity="5.922279e-001" type="0"/>
    <Peak1D F1="2.282521" intensity="3.721547e-001" type="0"/>
    <Peak1D F1="2.279764" intensity="3.321224e-001" type="0"/>
    <Peak1D F1="2.248835" intensity="1.081012e-001" type="0"/>
    <Peak1D F1="2.237768" intensity="5.797081e-001" type="0"/>
    <Peak1D F1="2.230624" intensity="1.445735e-001" type="0"/>
    <Peak1D F1="2.223585" intensity="1.554008e-001" type="0"/>
    <Peak1D F1="2.215723" intensity="6.710132e-001" type="0"/>
    <Peak1D F1="2.211382" intensity="7.222443e-001" type="0"/>
    <Peak1D F1="2.188951" intensity="8.837388e-001" type="0"/>
    <Peak1D F1="2.167331" intensity="4.833187e-001" type="0"/>
    <Peak1D F1="2.162945" intensity="4.486842e-001" type="0"/>
    <Peak1D F1="2.150228" intensity="1.214327e-001" type="0"/>
    <Peak1D F1="2.140230" intensity="5.434020e-001" type="0"/>
    <Peak1D F1="2.107314" intensity="1.901345e+000" type="0"/>
    <Peak1D F1="2.087786" intensity="5.797485e+000" type="0"/>
    <Peak1D F1="2.076168" intensity="1.611694e+000" type="0"/>
    <Peak1D F1="2.069064" intensity="2.948937e+000" type="0"/>
    <Peak1D F1="2.048462" intensity="1.808120e-001" type="0"/>
    <Peak1D F1="2.043921" intensity="1.825589e-001" type="0"/>
    <Peak1D F1="2.037015" intensity="2.058278e-001" type="0"/>
    <Peak1D F1="2.018540" intensity="1.016614e-001" type="0"/>
    <Peak1D F1="2.009105" intensity="7.676861e-002" type="0"/>
    <Peak1D F1="1.990668" intensity="1.131672e-001" type="0"/>
    <Peak1D F1="1.973914" intensity="3.496092e-001" type="0"/>
    <Peak1D F1="1.957377" intensity="3.690980e-001" type="0"/>
    <Peak1D F1="1.952543" intensity="5.217137e-001" type="0"/>
    <Peak1D F1="1.946225" intensity="5.614092e-001" type="0"/>
    <Peak1D F1="1.942453" intensity="6.246766e-001" type="0"/>
    <Peak1D F1="1.933799" intensity="5.641500e-001" type="0"/>
    <Peak1D F1="1.930007" intensity="6.737731e-001" type="0"/>
    <Peak1D F1="1.924052" intensity="8.107311e-001" type="0"/>
    <Peak1D F1="1.919047" intensity="7.330123e-001" type="0"/>
    <Peak1D F1="1.903856" intensity="3.152565e+000" type="0"/>
    <Peak1D F1="1.892831" intensity="2.552725e+000" type="0"/>
    <Peak1D F1="1.884237" intensity="6.003759e+000" type="0"/>
    <Peak1D F1="1.874053" intensity="2.263871e+000" type="0"/>
    <Peak1D F1="1.864907" intensity="1.930729e+000" type="0"/>
    <Peak1D F1="1.852598" intensity="2.884919e-001" type="0"/>
    <Peak1D F1="1.846602" intensity="1.747832e-001" type="0"/>
    <Peak1D F1="1.842717" intensity="2.005957e-001" type="0"/>
    <Peak1D F1="1.834009" intensity="1.825610e-001" type="0"/>
    <Peak1D F1="1.824820" intensity="1.116457e-001" type="0"/>
    <Peak1D F1="1.814470" intensity="1.008535e-001" type="0"/>
    <Peak1D F1="1.803783" intensity="7.708903e-002" type="0"/>
    <Peak1D F1="1.796649" intensity="7.232584e-002" type="0"/>
    <Peak1D F1="1.786901" intensity="7.843135e-002" type="0"/>
    <Peak1D F1="1.771614" intensity="6.148961e-002" type="0"/>
    <Peak1D F1="1.765443" intensity="6.577675e-002" type="0"/>
    <Peak1D F1="1.759640" intensity="6.133340e-002" type="0"/>
    <Peak1D F1="1.753097" intensity="5.928121e-002" type="0"/>
    <Peak1D F1="1.737870" intensity="1.747752e-001" type="0"/>
    <Peak1D F1="1.721885" intensity="2.673553e-001" type="0"/>
    <Peak1D F1="1.716611" intensity="2.223706e-001" type="0"/>
    <Peak1D F1="1.709717" intensity="2.930206e-001" type="0"/>
    <Peak1D F1="1.700857" intensity="3.093840e-001" type="0"/>
    <Peak1D F1="1.694074" intensity="6.125592e-001" type="0"/>
    <Peak1D F1="1.689831" intensity="5.202448e-001" type="0"/>
    <Peak1D F1="1.673796" intensity="8.710408e-001" type="0"/>
    <Peak1D F1="1.666426" intensity="8.511789e-001" type="0"/>
    <Peak1D F1="1.653464" intensity="1.022205e+000" type="0"/>
    <Peak1D F1="1.646179" intensity="6.007420e-001" type="0"/>
    <Peak1D F1="1.639681" intensity="6.420898e-001" type="0"/>
    <Peak1D F1="1.635549" intensity="6.878323e-001" type="0"/>
    <Peak1D F1="1.631479" intensity="5.215303e-001" type="0"/>
    <Peak1D F1="1.624749" intensity="4.040127e-001" type="0"/>
    <Peak1D F1="1.619054" intensity="2.913311e-001" type="0"/>
    <Peak1D F1="1.609792" intensity="1.997586e-001" type="0"/>
    <Peak1D F1="1.587782" intensity="6.250526e-002" type="0"/>
    <Peak1D F1="1.577682" intensity="6.000411e-002" type="0"/>
    <Peak1D F1="1.560739" intensity="5.646412e-002" type="0"/>
    <Peak1D F1="1.546332" intensity="6.378824e-002" type="0"/>
    <Peak1D F1="1.538675" intensity="8.340024e-002" type="0"/>
    <Peak1D F1="1.531535" intensity="2.645196e-001" type="0"/>
    <Peak1D F1="1.520306" intensity="1.558646e-001" type="0"/>
    <Peak1D F1="1.515246" intensity="2.031774e-001" type="0"/>
    <Peak1D F1="1.507835" intensity="2.393235e-001" type="0"/>
    <Peak1D F1="1.497270" intensity="5.515265e-001" type="0"/>
    <Peak1D F1="1.479823" intensity="6.344116e-001" type="0"/>
    <Peak1D F1="1.467031" intensity="4.580094e-001" type="0"/>
    <Peak1D F1="1.450383" intensity="5.060750e-001" type="0"/>
    <Peak1D F1="1.432106" intensity="1.634763e-001" type="0"/>
    <Peak1D F1="1.420805" intensity="1.319123e-001" type="0"/>
    <Peak1D F1="1.400098" intensity="2.507922e-002" type="0"/>
    <Peak1D F1="1.370045" intensity="1.661935e-002" type="0"/>
    <Peak1D F1="1.337636" intensity="1.454322e-002" type="0"/>
    <Peak1D F1="1.319102" intensity="1.359329e-002" type="0"/>
    <Peak1D F1="1.307305" intensity="1.186353e-002" type="0"/>
    <Peak1D F1="1.289719" intensity="1.218358e-002" type="0"/>
    <Peak1D F1="1.255697" intensity="1.439399e-002" type="0"/>
    <Peak1D F1="1.225736" intensity="2.267313e-002" type="0"/>
    <Peak1D F1="1.179900" intensity="8.534942e-002" type="0"/>
    <Peak1D F1="1.160993" intensity="2.553754e-002" type="0"/>
    <Peak1D F1="1.144626" intensity="1.797346e-002" type="0"/>
    <Peak1D F1="1.123143" intensity="1.255403e-002" type="0"/>
    <Peak1D F1="1.061346" intensity="5.582040e-003" type="0"/>
    <Peak1D F1="1.038517" intensity="1.031705e-002" type="0"/>
    <Peak1D F1="1.021149" intensity="8.562707e-003" type="0"/>
    <Peak1D F1="0.986918" intensity="6.988423e-003" type="0"/>
    <Peak1D F1="0.919261" intensity="5.022564e-003" type="0"/>
    <Peak1D F1="0.818011" intensity="9.835515e-003" type="0"/>
    <Peak1D F1="0.801684" intensity="1.683728e-002" type="0"/>
    <Peak1D F1="0.770587" intensity="5.143633e-002" type="0"/>
    <Peak1D F1="0.752292" intensity="5.079200e-002" type="0"/>
    <Peak1D F1="0.733337" intensity="3.015295e-002" type="0"/>
    <Peak1D F1="0.714051" intensity="1.004429e-002" type="0"/>
    <Peak1D F1="0.692298" intensity="3.444595e-003" type="0"/>
    <Peak1D F1="0.667623" intensity="2.713943e-003" type="0"/>
    <Peak1D F1="0.596426" intensity="2.116662e-003" type="0"/>
    <Peak1D F1="0.569050" intensity="1.922139e-003" type="0"/>
    <Peak1D F1="0.535124" intensity="1.875004e-003" type="0"/>
    <Peak1D F1="0.493345" intensity="2.382669e-003" type="0"/>
    <Peak1D F1="0.464039" intensity="2.055398e-003" type="0"/>
    <Peak1D F1="0.416782" intensity="1.795042e-003" type="0"/>
    <Peak1D F1="0.381369" intensity="1.888540e-003" type="0"/>
    <Peak1D F1="0.366507" intensity="2.242066e-003" type="0"/>
    <Peak1D F1="0.362179" intensity="1.999522e-003" type="0"/>
    <Peak1D F1="0.312389" intensity="1.504308e-003" type="0"/>
    <Peak1D F1="0.281042" intensity="1.463594e-003" type="0"/>
    <Peak1D F1="0.273712" intensity="1.408865e-003" type="0"/>
    <Peak1D F1="0.233028" intensity="1.434210e-003" type="0"/>
    <Peak1D F1="0.182018" intensity="1.601998e-003" type="0"/>
    <Peak1D F1="0.145362" intensity="1.897776e-003" type="0"/>
    <Peak1D F1="0.123549" intensity="1.407123e-003" type="0"/>
    <Peak1D F1="0.049766" intensity="6.348534e-003" type="0"/>
    <Peak1D F1="0.008688" intensity="1.369071e-002" type="0"/>
    <Peak1D F1="-0.000152" intensity="3.268439e-001" type="0"/>
    <Peak1D F1="-0.009321" intensity="1.379444e-002" type="0"/>
    <Peak1D F1="-0.026061" intensity="3.141913e-003" type="0"/>
    <Peak1D F1="-0.050523" intensity="5.149978e-003" type="0"/>
    <Peak1D F1="-0.082194" intensity="1.394447e-003" type="0"/>
    <Peak1D F1="-0.148948" intensity="1.977955e-003" type="0"/>
    <Peak1D F1="-0.184832" intensity="1.379875e-003" type="0"/>
  </PeakList1D>
</PeakList>
