<?xml version="1.0" encoding="UTF-8"?>
<PeakList>
  <PeakList1D>
    <PeakList1DHeader creator="nmr" date="2021-08-11T19:15:57.759+03:00" expNo="10" name="ID-427-H-11.8.21" owner="" procNo="1" source="//132.72.8.180/400b/Milo/Milo">
      <PeakPickDetails>F1=16.136009ppm, F2=-3.893037ppm, MI=0.00cm, MAXI=10000.00cm, PC=1.000
      </PeakPickDetails>
    </PeakList1DHeader>
    <Peak1D F1="12.453235" intensity="1.578282e-003" type="0"/>
    <Peak1D F1="10.084279" intensity="4.798741e-003" type="0"/>
    <Peak1D F1="10.079901" intensity="4.126907e-003" type="0"/>
    <Peak1D F1="8.373454" intensity="3.097230e-003" type="0"/>
    <Peak1D F1="8.340752" intensity="9.599170e-003" type="0"/>
    <Peak1D F1="8.332106" intensity="1.258765e-002" type="0"/>
    <Peak1D F1="8.326755" intensity="1.381804e-002" type="0"/>
    <Peak1D F1="8.310696" intensity="1.065883e-002" type="0"/>
    <Peak1D F1="8.305713" intensity="9.849468e-003" type="0"/>
    <Peak1D F1="8.219658" intensity="1.206310e-001" type="0"/>
    <Peak1D F1="8.216834" intensity="1.175752e-001" type="0"/>
    <Peak1D F1="8.198598" intensity="2.034835e-001" type="0"/>
    <Peak1D F1="8.181446" intensity="1.303903e-001" type="0"/>
    <Peak1D F1="8.177287" intensity="1.396938e-001" type="0"/>
    <Peak1D F1="8.170879" intensity="1.266407e-001" type="0"/>
    <Peak1D F1="8.165983" intensity="1.041200e-001" type="0"/>
    <Peak1D F1="8.160338" intensity="1.032530e-001" type="0"/>
    <Peak1D F1="8.142076" intensity="1.112125e+000" type="0"/>
    <Peak1D F1="8.136647" intensity="1.357453e+000" type="0"/>
    <Peak1D F1="8.131742" intensity="1.152703e+000" type="0"/>
    <Peak1D F1="8.129064" intensity="1.175045e+000" type="0"/>
    <Peak1D F1="8.119985" intensity="1.593327e+000" type="0"/>
    <Peak1D F1="8.114476" intensity="1.475069e+000" type="0"/>
    <Peak1D F1="8.111417" intensity="1.123090e+000" type="0"/>
    <Peak1D F1="8.107178" intensity="1.022465e+000" type="0"/>
    <Peak1D F1="8.083221" intensity="5.343290e-002" type="0"/>
    <Peak1D F1="8.078339" intensity="5.116880e-002" type="0"/>
    <Peak1D F1="8.070394" intensity="4.625642e-002" type="0"/>
    <Peak1D F1="8.064574" intensity="2.181456e-002" type="0"/>
    <Peak1D F1="8.060783" intensity="1.903648e-002" type="0"/>
    <Peak1D F1="8.022936" intensity="4.592384e-003" type="0"/>
    <Peak1D F1="8.019650" intensity="5.938044e-003" type="0"/>
    <Peak1D F1="7.997346" intensity="4.133401e-003" type="0"/>
    <Peak1D F1="7.921826" intensity="5.448212e-003" type="0"/>
    <Peak1D F1="7.904644" intensity="6.652240e-003" type="0"/>
    <Peak1D F1="7.677572" intensity="1.074581e-002" type="0"/>
    <Peak1D F1="7.658732" intensity="1.224026e-002" type="0"/>
    <Peak1D F1="7.630427" intensity="6.149589e-002" type="0"/>
    <Peak1D F1="7.612865" intensity="1.189797e-001" type="0"/>
    <Peak1D F1="7.591951" intensity="1.112608e-001" type="0"/>
    <Peak1D F1="7.567340" intensity="7.374801e-002" type="0"/>
    <Peak1D F1="7.538727" intensity="9.282208e-002" type="0"/>
    <Peak1D F1="7.518059" intensity="1.188304e-001" type="0"/>
    <Peak1D F1="7.507313" intensity="1.910318e-001" type="0"/>
    <Peak1D F1="7.505727" intensity="1.970066e-001" type="0"/>
    <Peak1D F1="7.480167" intensity="1.241070e+000" type="0"/>
    <Peak1D F1="7.476343" intensity="1.661455e+000" type="0"/>
    <Peak1D F1="7.472433" intensity="1.588627e+000" type="0"/>
    <Peak1D F1="7.458895" intensity="1.343024e+000" type="0"/>
    <Peak1D F1="7.455304" intensity="1.543345e+000" type="0"/>
    <Peak1D F1="7.454209" intensity="1.489169e+000" type="0"/>
    <Peak1D F1="7.450373" intensity="1.267066e+000" type="0"/>
    <Peak1D F1="7.431102" intensity="5.742181e-002" type="0"/>
    <Peak1D F1="7.422487" intensity="4.347790e-002" type="0"/>
    <Peak1D F1="7.408832" intensity="2.922393e-002" type="0"/>
    <Peak1D F1="7.400270" intensity="2.507704e-002" type="0"/>
    <Peak1D F1="7.305784" intensity="1.718009e-002" type="0"/>
    <Peak1D F1="7.279953" intensity="1.301707e-001" type="0"/>
    <Peak1D F1="7.262226" intensity="2.792788e-002" type="0"/>
    <Peak1D F1="7.230757" intensity="6.950949e+000" type="0"/>
    <Peak1D F1="7.211441" intensity="6.893147e-003" type="0"/>
    <Peak1D F1="7.202384" intensity="2.314514e-003" type="0"/>
    <Peak1D F1="7.179858" intensity="1.075903e-001" type="0"/>
    <Peak1D F1="7.080348" intensity="1.339501e-002" type="0"/>
    <Peak1D F1="7.053700" intensity="6.041408e-002" type="0"/>
    <Peak1D F1="7.043964" intensity="1.398585e-001" type="0"/>
    <Peak1D F1="7.041656" intensity="1.271005e-001" type="0"/>
    <Peak1D F1="7.035870" intensity="1.256215e-001" type="0"/>
    <Peak1D F1="7.030157" intensity="1.082526e-001" type="0"/>
    <Peak1D F1="7.024536" intensity="8.162471e-002" type="0"/>
    <Peak1D F1="7.019103" intensity="3.609510e-002" type="0"/>
    <Peak1D F1="6.996001" intensity="6.768071e-003" type="0"/>
    <Peak1D F1="6.972546" intensity="4.270219e-002" type="0"/>
    <Peak1D F1="6.966589" intensity="1.040635e-001" type="0"/>
    <Peak1D F1="6.961885" intensity="7.886014e-002" type="0"/>
    <Peak1D F1="6.955728" intensity="3.301035e-002" type="0"/>
    <Peak1D F1="6.937859" intensity="9.082097e-003" type="0"/>
    <Peak1D F1="6.930930" intensity="9.299638e-003" type="0"/>
    <Peak1D F1="6.910006" intensity="9.130856e-002" type="0"/>
    <Peak1D F1="6.904165" intensity="9.920591e-002" type="0"/>
    <Peak1D F1="6.887711" intensity="3.084443e-001" type="0"/>
    <Peak1D F1="6.881969" intensity="3.110978e-001" type="0"/>
    <Peak1D F1="6.872485" intensity="8.235593e-002" type="0"/>
    <Peak1D F1="6.866646" intensity="7.775943e-002" type="0"/>
    <Peak1D F1="6.852991" intensity="7.905575e-003" type="0"/>
    <Peak1D F1="6.838072" intensity="4.714433e-003" type="0"/>
    <Peak1D F1="6.650818" intensity="1.982886e-002" type="0"/>
    <Peak1D F1="6.645455" intensity="2.248882e-002" type="0"/>
    <Peak1D F1="6.631172" intensity="5.759242e-003" type="0"/>
    <Peak1D F1="6.625262" intensity="6.944481e-003" type="0"/>
    <Peak1D F1="6.600430" intensity="3.918233e-003" type="0"/>
    <Peak1D F1="6.566144" intensity="4.113634e-002" type="0"/>
    <Peak1D F1="6.560678" intensity="5.031339e-002" type="0"/>
    <Peak1D F1="6.554568" intensity="5.622513e-002" type="0"/>
    <Peak1D F1="6.552197" intensity="5.752855e-002" type="0"/>
    <Peak1D F1="6.546633" intensity="6.881106e-002" type="0"/>
    <Peak1D F1="6.543423" intensity="6.329445e-002" type="0"/>
    <Peak1D F1="6.533259" intensity="3.041207e-002" type="0"/>
    <Peak1D F1="6.526716" intensity="3.429124e-002" type="0"/>
    <Peak1D F1="6.521009" intensity="3.835179e-002" type="0"/>
    <Peak1D F1="6.515092" intensity="2.614736e-002" type="0"/>
    <Peak1D F1="6.496542" intensity="3.671688e-002" type="0"/>
    <Peak1D F1="6.490828" intensity="5.635265e-002" type="0"/>
    <Peak1D F1="6.484997" intensity="5.397831e-002" type="0"/>
    <Peak1D F1="6.480280" intensity="6.242783e-002" type="0"/>
    <Peak1D F1="6.474460" intensity="9.966998e-002" type="0"/>
    <Peak1D F1="6.468358" intensity="1.041915e-001" type="0"/>
    <Peak1D F1="6.462454" intensity="6.787182e-002" type="0"/>
    <Peak1D F1="6.459697" intensity="6.431128e-002" type="0"/>
    <Peak1D F1="6.453558" intensity="3.320829e-002" type="0"/>
    <Peak1D F1="6.447247" intensity="9.834321e-003" type="0"/>
    <Peak1D F1="6.428790" intensity="2.492073e-003" type="0"/>
    <Peak1D F1="6.401912" intensity="4.177443e-003" type="0"/>
    <Peak1D F1="6.396101" intensity="5.282989e-003" type="0"/>
    <Peak1D F1="6.391005" intensity="4.867467e-003" type="0"/>
    <Peak1D F1="6.343958" intensity="1.085334e-002" type="0"/>
    <Peak1D F1="6.338432" intensity="1.175607e-002" type="0"/>
    <Peak1D F1="6.207092" intensity="5.130147e-003" type="0"/>
    <Peak1D F1="6.201788" intensity="6.549761e-003" type="0"/>
    <Peak1D F1="6.196032" intensity="4.815986e-003" type="0"/>
    <Peak1D F1="6.117261" intensity="6.110636e-003" type="0"/>
    <Peak1D F1="6.113046" intensity="6.867767e-003" type="0"/>
    <Peak1D F1="6.091772" intensity="6.930361e-003" type="0"/>
    <Peak1D F1="6.058152" intensity="4.760342e-002" type="0"/>
    <Peak1D F1="6.053227" intensity="3.712279e-002" type="0"/>
    <Peak1D F1="6.046451" intensity="5.603673e-002" type="0"/>
    <Peak1D F1="6.008272" intensity="1.779253e+000" type="0"/>
    <Peak1D F1="6.003257" intensity="2.066424e+000" type="0"/>
    <Peak1D F1="5.996535" intensity="1.334639e+000" type="0"/>
    <Peak1D F1="5.976247" intensity="1.421783e-002" type="0"/>
    <Peak1D F1="5.971634" intensity="1.838196e-002" type="0"/>
    <Peak1D F1="5.966971" intensity="1.857221e-002" type="0"/>
    <Peak1D F1="5.957936" intensity="4.635383e-002" type="0"/>
    <Peak1D F1="5.953265" intensity="4.434481e-002" type="0"/>
    <Peak1D F1="5.946484" intensity="3.897496e-002" type="0"/>
    <Peak1D F1="5.941203" intensity="2.258447e-002" type="0"/>
    <Peak1D F1="5.795933" intensity="3.846297e-002" type="0"/>
    <Peak1D F1="5.754019" intensity="2.673964e-002" type="0"/>
    <Peak1D F1="5.748736" intensity="2.685016e-002" type="0"/>
    <Peak1D F1="5.662589" intensity="2.000589e-003" type="0"/>
    <Peak1D F1="5.627155" intensity="2.669558e-002" type="0"/>
    <Peak1D F1="5.600259" intensity="2.726369e-002" type="0"/>
    <Peak1D F1="5.565294" intensity="2.188562e-003" type="0"/>
    <Peak1D F1="5.535944" intensity="3.185432e-003" type="0"/>
    <Peak1D F1="5.503025" intensity="9.310076e-003" type="0"/>
    <Peak1D F1="5.461958" intensity="4.836900e-002" type="0"/>
    <Peak1D F1="5.456410" intensity="4.515673e-002" type="0"/>
    <Peak1D F1="5.436677" intensity="1.054570e-002" type="0"/>
    <Peak1D F1="5.386158" intensity="2.129522e-002" type="0"/>
    <Peak1D F1="5.335267" intensity="2.434275e-001" type="0"/>
    <Peak1D F1="5.282022" intensity="6.829026e-003" type="0"/>
    <Peak1D F1="5.144053" intensity="8.790746e-003" type="0"/>
    <Peak1D F1="5.127587" intensity="9.132462e-003" type="0"/>
    <Peak1D F1="5.095003" intensity="1.660320e-003" type="0"/>
    <Peak1D F1="5.056718" intensity="2.728191e-003" type="0"/>
    <Peak1D F1="4.995418" intensity="1.018678e-002" type="0"/>
    <Peak1D F1="4.974059" intensity="1.186641e-002" type="0"/>
    <Peak1D F1="4.952695" intensity="7.684131e-003" type="0"/>
    <Peak1D F1="4.924119" intensity="2.390056e-002" type="0"/>
    <Peak1D F1="4.902353" intensity="3.661403e-002" type="0"/>
    <Peak1D F1="4.881641" intensity="2.996551e-002" type="0"/>
    <Peak1D F1="4.866683" intensity="5.389176e-002" type="0"/>
    <Peak1D F1="4.858239" intensity="5.793225e-002" type="0"/>
    <Peak1D F1="4.844620" intensity="5.568807e-002" type="0"/>
    <Peak1D F1="4.828957" intensity="8.468413e-002" type="0"/>
    <Peak1D F1="4.816893" intensity="1.323240e+000" type="0"/>
    <Peak1D F1="4.794876" intensity="1.363534e+000" type="0"/>
    <Peak1D F1="4.766843" intensity="5.980827e-002" type="0"/>
    <Peak1D F1="4.744746" intensity="6.405251e-002" type="0"/>
    <Peak1D F1="4.693538" intensity="5.193685e-002" type="0"/>
    <Peak1D F1="4.633614" intensity="4.656525e-002" type="0"/>
    <Peak1D F1="4.612000" intensity="4.059033e-002" type="0"/>
    <Peak1D F1="4.515592" intensity="1.594467e-002" type="0"/>
    <Peak1D F1="4.301359" intensity="4.388257e-003" type="0"/>
    <Peak1D F1="4.276531" intensity="3.994323e-003" type="0"/>
    <Peak1D F1="4.260083" intensity="3.828026e-003" type="0"/>
    <Peak1D F1="4.248624" intensity="3.414502e-003" type="0"/>
    <Peak1D F1="4.199899" intensity="2.288440e-003" type="0"/>
    <Peak1D F1="4.178938" intensity="2.385287e-003" type="0"/>
    <Peak1D F1="4.124714" intensity="2.213063e-003" type="0"/>
    <Peak1D F1="4.022923" intensity="1.816162e-003" type="0"/>
    <Peak1D F1="3.988790" intensity="2.182183e-003" type="0"/>
    <Peak1D F1="3.961124" intensity="3.969811e-003" type="0"/>
    <Peak1D F1="3.941313" intensity="4.649943e-003" type="0"/>
    <Peak1D F1="3.909764" intensity="7.635588e-003" type="0"/>
    <Peak1D F1="3.898940" intensity="5.780418e-003" type="0"/>
    <Peak1D F1="3.870543" intensity="3.123870e-002" type="0"/>
    <Peak1D F1="3.865686" intensity="3.706145e-002" type="0"/>
    <Peak1D F1="3.859397" intensity="2.614946e-002" type="0"/>
    <Peak1D F1="3.832930" intensity="1.652415e-002" type="0"/>
    <Peak1D F1="3.829178" intensity="1.550917e-002" type="0"/>
    <Peak1D F1="3.818087" intensity="3.170103e-002" type="0"/>
    <Peak1D F1="3.803838" intensity="4.022292e-002" type="0"/>
    <Peak1D F1="3.798949" intensity="4.715902e-002" type="0"/>
    <Peak1D F1="3.783745" intensity="3.424005e-001" type="0"/>
    <Peak1D F1="3.779239" intensity="4.175743e-001" type="0"/>
    <Peak1D F1="3.773087" intensity="3.535001e-001" type="0"/>
    <Peak1D F1="3.768260" intensity="5.899349e-001" type="0"/>
    <Peak1D F1="3.763594" intensity="6.503376e-001" type="0"/>
    <Peak1D F1="3.757501" intensity="4.473735e-001" type="0"/>
    <Peak1D F1="3.742839" intensity="3.508931e-001" type="0"/>
    <Peak1D F1="3.740695" intensity="3.992579e-001" type="0"/>
    <Peak1D F1="3.737918" intensity="4.833183e-001" type="0"/>
    <Peak1D F1="3.732513" intensity="1.171530e+000" type="0"/>
    <Peak1D F1="3.726791" intensity="1.164432e+000" type="0"/>
    <Peak1D F1="3.720071" intensity="8.812141e-001" type="0"/>
    <Peak1D F1="3.714118" intensity="3.105726e-001" type="0"/>
    <Peak1D F1="3.693126" intensity="5.381036e+000" type="0"/>
    <Peak1D F1="3.688290" intensity="6.512995e+000" type="0"/>
    <Peak1D F1="3.681875" intensity="4.279864e+000" type="0"/>
    <Peak1D F1="3.670199" intensity="1.958280e-001" type="0"/>
    <Peak1D F1="3.663968" intensity="1.011951e-001" type="0"/>
    <Peak1D F1="3.642814" intensity="1.393241e-001" type="0"/>
    <Peak1D F1="3.638351" intensity="9.143525e-002" type="0"/>
    <Peak1D F1="3.631788" intensity="9.298971e-002" type="0"/>
    <Peak1D F1="3.627091" intensity="3.708913e-002" type="0"/>
    <Peak1D F1="3.622535" intensity="3.248241e-002" type="0"/>
    <Peak1D F1="3.588845" intensity="3.952626e-002" type="0"/>
    <Peak1D F1="3.584049" intensity="4.853110e-002" type="0"/>
    <Peak1D F1="3.577577" intensity="3.483835e-002" type="0"/>
    <Peak1D F1="3.550234" intensity="1.162909e-002" type="0"/>
    <Peak1D F1="3.544117" intensity="1.153554e-002" type="0"/>
    <Peak1D F1="3.510832" intensity="3.337272e-002" type="0"/>
    <Peak1D F1="3.506031" intensity="3.828156e-002" type="0"/>
    <Peak1D F1="3.499662" intensity="2.698265e-002" type="0"/>
    <Peak1D F1="3.422110" intensity="7.405256e-003" type="0"/>
    <Peak1D F1="3.387169" intensity="7.518785e-003" type="0"/>
    <Peak1D F1="3.340539" intensity="7.852083e-003" type="0"/>
    <Peak1D F1="3.302910" intensity="7.031491e-003" type="0"/>
    <Peak1D F1="3.293458" intensity="6.977414e-003" type="0"/>
    <Peak1D F1="3.275384" intensity="6.589302e-003" type="0"/>
    <Peak1D F1="3.248202" intensity="6.606162e-003" type="0"/>
    <Peak1D F1="3.225682" intensity="6.932632e-003" type="0"/>
    <Peak1D F1="3.166499" intensity="5.890676e-003" type="0"/>
    <Peak1D F1="3.127992" intensity="5.963562e-003" type="0"/>
    <Peak1D F1="3.103487" intensity="5.236585e-003" type="0"/>
    <Peak1D F1="3.073807" intensity="5.301491e-003" type="0"/>
    <Peak1D F1="3.060369" intensity="5.209693e-003" type="0"/>
    <Peak1D F1="2.997972" intensity="5.301157e-003" type="0"/>
    <Peak1D F1="2.951975" intensity="1.278060e-002" type="0"/>
    <Peak1D F1="2.936337" intensity="1.663559e-002" type="0"/>
    <Peak1D F1="2.926426" intensity="1.213612e-002" type="0"/>
    <Peak1D F1="2.916744" intensity="1.269376e-002" type="0"/>
    <Peak1D F1="2.894557" intensity="7.216753e-003" type="0"/>
    <Peak1D F1="2.851762" intensity="1.465819e-002" type="0"/>
    <Peak1D F1="2.823586" intensity="1.901201e-002" type="0"/>
    <Peak1D F1="2.804421" intensity="1.524644e-002" type="0"/>
    <Peak1D F1="2.777227" intensity="2.099942e-002" type="0"/>
    <Peak1D F1="2.757607" intensity="3.240284e-002" type="0"/>
    <Peak1D F1="2.737198" intensity="2.251202e-002" type="0"/>
    <Peak1D F1="2.701284" intensity="1.314902e-002" type="0"/>
    <Peak1D F1="2.679332" intensity="1.370679e-002" type="0"/>
    <Peak1D F1="2.649170" intensity="1.349035e-002" type="0"/>
    <Peak1D F1="2.627768" intensity="1.054808e-002" type="0"/>
    <Peak1D F1="2.540052" intensity="3.130989e-002" type="0"/>
    <Peak1D F1="2.497589" intensity="2.577565e-002" type="0"/>
    <Peak1D F1="2.468851" intensity="3.082570e-002" type="0"/>
    <Peak1D F1="2.447131" intensity="3.719380e-002" type="0"/>
    <Peak1D F1="2.403800" intensity="2.459111e-001" type="0"/>
    <Peak1D F1="2.398252" intensity="2.501245e-001" type="0"/>
    <Peak1D F1="2.393354" intensity="2.628829e-001" type="0"/>
    <Peak1D F1="2.387806" intensity="2.856252e-001" type="0"/>
    <Peak1D F1="2.383059" intensity="3.033481e-001" type="0"/>
    <Peak1D F1="2.373924" intensity="4.239012e-001" type="0"/>
    <Peak1D F1="2.353142" intensity="7.458007e-001" type="0"/>
    <Peak1D F1="2.344123" intensity="6.580365e-001" type="0"/>
    <Peak1D F1="2.331639" intensity="5.941935e-001" type="0"/>
    <Peak1D F1="2.322658" intensity="6.163697e-001" type="0"/>
    <Peak1D F1="2.301913" intensity="3.030429e-001" type="0"/>
    <Peak1D F1="2.283424" intensity="1.132521e-001" type="0"/>
    <Peak1D F1="2.277539" intensity="1.124001e-001" type="0"/>
    <Peak1D F1="2.268765" intensity="1.316144e-001" type="0"/>
    <Peak1D F1="2.264473" intensity="1.381908e-001" type="0"/>
    <Peak1D F1="2.260013" intensity="1.350160e-001" type="0"/>
    <Peak1D F1="2.249318" intensity="1.272005e-001" type="0"/>
    <Peak1D F1="2.238241" intensity="1.164519e-001" type="0"/>
    <Peak1D F1="2.225512" intensity="2.050762e-001" type="0"/>
    <Peak1D F1="2.218997" intensity="1.976862e-001" type="0"/>
    <Peak1D F1="2.210084" intensity="1.748186e-001" type="0"/>
    <Peak1D F1="2.202905" intensity="2.650583e-001" type="0"/>
    <Peak1D F1="2.197161" intensity="3.349842e-001" type="0"/>
    <Peak1D F1="2.191827" intensity="3.101633e-001" type="0"/>
    <Peak1D F1="2.187375" intensity="2.849997e-001" type="0"/>
    <Peak1D F1="2.176658" intensity="3.796574e-001" type="0"/>
    <Peak1D F1="2.170088" intensity="3.729763e-001" type="0"/>
    <Peak1D F1="2.160971" intensity="3.495200e-001" type="0"/>
    <Peak1D F1="2.154564" intensity="3.604947e-001" type="0"/>
    <Peak1D F1="2.147851" intensity="4.482379e-001" type="0"/>
    <Peak1D F1="2.137924" intensity="6.555652e-001" type="0"/>
    <Peak1D F1="2.133817" intensity="6.246567e-001" type="0"/>
    <Peak1D F1="2.126638" intensity="7.260962e-001" type="0"/>
    <Peak1D F1="2.102686" intensity="5.660036e+000" type="0"/>
    <Peak1D F1="2.097412" intensity="6.680407e+000" type="0"/>
    <Peak1D F1="2.095111" intensity="7.096251e+000" type="0"/>
    <Peak1D F1="2.087970" intensity="1.348654e+001" type="0"/>
    <Peak1D F1="2.083200" intensity="1.500000e+001" type="0"/>
    <Peak1D F1="2.079659" intensity="1.204466e+001" type="0"/>
    <Peak1D F1="2.077087" intensity="1.256712e+001" type="0"/>
    <Peak1D F1="2.069698" intensity="8.670496e+000" type="0"/>
    <Peak1D F1="2.064942" intensity="7.868358e+000" type="0"/>
    <Peak1D F1="2.037491" intensity="7.540364e-001" type="0"/>
    <Peak1D F1="2.019600" intensity="3.283088e-001" type="0"/>
    <Peak1D F1="1.988005" intensity="1.582878e-001" type="0"/>
    <Peak1D F1="1.971128" intensity="2.927800e-001" type="0"/>
    <Peak1D F1="1.946721" intensity="7.049483e-001" type="0"/>
    <Peak1D F1="1.938002" intensity="9.028927e-001" type="0"/>
    <Peak1D F1="1.934150" intensity="9.139286e-001" type="0"/>
    <Peak1D F1="1.921988" intensity="1.575860e+000" type="0"/>
    <Peak1D F1="1.918643" intensity="1.880941e+000" type="0"/>
    <Peak1D F1="1.903972" intensity="7.269735e+000" type="0"/>
    <Peak1D F1="1.902857" intensity="7.385419e+000" type="0"/>
    <Peak1D F1="1.897119" intensity="9.655884e+000" type="0"/>
    <Peak1D F1="1.895356" intensity="8.978592e+000" type="0"/>
    <Peak1D F1="1.888398" intensity="1.491573e+001" type="0"/>
    <Peak1D F1="1.884032" intensity="1.476623e+001" type="0"/>
    <Peak1D F1="1.878189" intensity="1.288025e+001" type="0"/>
    <Peak1D F1="1.872548" intensity="7.332279e+000" type="0"/>
    <Peak1D F1="1.869227" intensity="6.931996e+000" type="0"/>
    <Peak1D F1="1.850917" intensity="9.278030e-001" type="0"/>
    <Peak1D F1="1.847252" intensity="8.413767e-001" type="0"/>
    <Peak1D F1="1.838211" intensity="6.200700e-001" type="0"/>
    <Peak1D F1="1.828401" intensity="4.074586e-001" type="0"/>
    <Peak1D F1="1.822523" intensity="2.479184e-001" type="0"/>
    <Peak1D F1="1.819320" intensity="2.532647e-001" type="0"/>
    <Peak1D F1="1.777229" intensity="9.171192e-002" type="0"/>
    <Peak1D F1="1.738310" intensity="1.619970e-001" type="0"/>
    <Peak1D F1="1.732608" intensity="1.575269e-001" type="0"/>
    <Peak1D F1="1.726799" intensity="1.659137e-001" type="0"/>
    <Peak1D F1="1.721707" intensity="2.240752e-001" type="0"/>
    <Peak1D F1="1.716602" intensity="2.906760e-001" type="0"/>
    <Peak1D F1="1.711249" intensity="2.956239e-001" type="0"/>
    <Peak1D F1="1.696160" intensity="6.005779e-001" type="0"/>
    <Peak1D F1="1.676970" intensity="9.168165e-001" type="0"/>
    <Peak1D F1="1.674750" intensity="9.199594e-001" type="0"/>
    <Peak1D F1="1.657422" intensity="6.874466e-001" type="0"/>
    <Peak1D F1="1.652175" intensity="6.670852e-001" type="0"/>
    <Peak1D F1="1.647818" intensity="5.173904e-001" type="0"/>
    <Peak1D F1="1.641869" intensity="4.922566e-001" type="0"/>
    <Peak1D F1="1.626188" intensity="2.652063e-001" type="0"/>
    <Peak1D F1="1.620397" intensity="2.124582e-001" type="0"/>
    <Peak1D F1="1.615069" intensity="1.971140e-001" type="0"/>
    <Peak1D F1="1.610837" intensity="1.897892e-001" type="0"/>
    <Peak1D F1="1.593630" intensity="9.014725e-002" type="0"/>
    <Peak1D F1="1.578994" intensity="6.704158e-002" type="0"/>
    <Peak1D F1="1.564929" intensity="6.856914e-002" type="0"/>
    <Peak1D F1="1.526526" intensity="1.976292e-001" type="0"/>
    <Peak1D F1="1.507564" intensity="3.577966e-001" type="0"/>
    <Peak1D F1="1.490430" intensity="3.682172e-001" type="0"/>
    <Peak1D F1="1.477878" intensity="3.183691e-001" type="0"/>
    <Peak1D F1="1.458421" intensity="2.688579e-001" type="0"/>
    <Peak1D F1="1.440607" intensity="9.185636e-002" type="0"/>
    <Peak1D F1="1.429462" intensity="6.733686e-002" type="0"/>
    <Peak1D F1="1.426028" intensity="6.722397e-002" type="0"/>
    <Peak1D F1="1.407053" intensity="3.001565e-002" type="0"/>
    <Peak1D F1="1.364049" intensity="3.529246e-002" type="0"/>
    <Peak1D F1="1.344553" intensity="4.232106e-002" type="0"/>
    <Peak1D F1="1.301051" intensity="2.235209e-002" type="0"/>
    <Peak1D F1="1.227837" intensity="3.230047e-002" type="0"/>
    <Peak1D F1="1.181100" intensity="4.131769e-002" type="0"/>
    <Peak1D F1="1.077294" intensity="7.675864e-003" type="0"/>
    <Peak1D F1="0.957923" intensity="5.461934e-003" type="0"/>
    <Peak1D F1="0.913555" intensity="4.732274e-003" type="0"/>
    <Peak1D F1="0.890797" intensity="4.510458e-003" type="0"/>
    <Peak1D F1="0.801008" intensity="1.346311e-002" type="0"/>
    <Peak1D F1="0.787801" intensity="9.737899e-003" type="0"/>
    <Peak1D F1="0.730168" intensity="4.790832e-003" type="0"/>
    <Peak1D F1="0.665783" intensity="3.387823e-003" type="0"/>
    <Peak1D F1="0.629330" intensity="3.106179e-003" type="0"/>
    <Peak1D F1="0.591665" intensity="2.856468e-003" type="0"/>
    <Peak1D F1="0.576975" intensity="2.799529e-003" type="0"/>
    <Peak1D F1="0.504854" intensity="2.788736e-003" type="0"/>
    <Peak1D F1="0.450860" intensity="2.659593e-003" type="0"/>
    <Peak1D F1="0.428565" intensity="2.683435e-003" type="0"/>
    <Peak1D F1="0.413889" intensity="2.371686e-003" type="0"/>
    <Peak1D F1="0.391881" intensity="2.446171e-003" type="0"/>
    <Peak1D F1="0.351528" intensity="1.844482e-003" type="0"/>
    <Peak1D F1="0.328455" intensity="2.081866e-003" type="0"/>
    <Peak1D F1="0.321181" intensity="2.200733e-003" type="0"/>
    <Peak1D F1="0.254704" intensity="1.730682e-003" type="0"/>
    <Peak1D F1="0.147792" intensity="1.744233e-003" type="0"/>
    <Peak1D F1="0.101771" intensity="1.889268e-003" type="0"/>
    <Peak1D F1="0.066682" intensity="1.689491e-003" type="0"/>
    <Peak1D F1="0.003010" intensity="2.834002e-002" type="0"/>
    <Peak1D F1="-0.000155" intensity="4.082945e-002" type="0"/>
    <Peak1D F1="-0.004417" intensity="2.417777e-002" type="0"/>
    <Peak1D F1="-3.402886" intensity="2.001448e-003" type="0"/>
    <Peak1D F1="-3.413697" intensity="1.628546e-003" type="0"/>
    <Peak1D F1="-3.594578" intensity="1.872582e-003" type="0"/>
    <Peak1D F1="-3.779010" intensity="1.590359e-003" type="0"/>
  </PeakList1D>
</PeakList>
