<?xml version="1.0" encoding="UTF-8"?>
<PeakList>
  <PeakList1D>
    <PeakList1DHeader creator="nmr" date="2021-08-01T19:36:06.955+03:00" expNo="20" name="ID-419-L" owner="" procNo="1" source="//132.72.8.180/400b/Milo/Milo">
      <PeakPickDetails>F1=16.097160ppm, F2=-3.931885ppm, MI=0.00cm, MAXI=10000.00cm, PC=1.000
      </PeakPickDetails>
    </PeakList1DHeader>
    <Peak1D F1="14.676109" intensity="5.643431e-003" type="0"/>
    <Peak1D F1="13.705017" intensity="6.438889e-003" type="0"/>
    <Peak1D F1="10.143249" intensity="5.634554e-003" type="0"/>
    <Peak1D F1="10.092950" intensity="1.999771e-001" type="0"/>
    <Peak1D F1="8.424926" intensity="5.996869e-003" type="0"/>
    <Peak1D F1="8.391274" intensity="6.068998e-003" type="0"/>
    <Peak1D F1="8.370459" intensity="1.656441e-002" type="0"/>
    <Peak1D F1="8.365170" intensity="1.338663e-002" type="0"/>
    <Peak1D F1="8.341374" intensity="1.430435e-001" type="0"/>
    <Peak1D F1="8.319655" intensity="1.559124e-001" type="0"/>
    <Peak1D F1="8.271830" intensity="3.768819e-002" type="0"/>
    <Peak1D F1="8.266970" intensity="3.561952e-002" type="0"/>
    <Peak1D F1="8.249667" intensity="5.354066e-002" type="0"/>
    <Peak1D F1="8.245538" intensity="5.054552e-002" type="0"/>
    <Peak1D F1="8.240297" intensity="9.337307e-002" type="0"/>
    <Peak1D F1="8.218330" intensity="1.520372e-001" type="0"/>
    <Peak1D F1="8.208829" intensity="1.358786e-001" type="0"/>
    <Peak1D F1="8.199523" intensity="1.426624e-001" type="0"/>
    <Peak1D F1="8.186519" intensity="1.644355e-001" type="0"/>
    <Peak1D F1="8.180902" intensity="1.119751e-001" type="0"/>
    <Peak1D F1="8.164358" intensity="5.328368e-001" type="0"/>
    <Peak1D F1="8.158628" intensity="3.580208e+000" type="0"/>
    <Peak1D F1="8.153649" intensity="1.472853e+000" type="0"/>
    <Peak1D F1="8.141494" intensity="1.221806e+000" type="0"/>
    <Peak1D F1="8.136652" intensity="3.877336e+000" type="0"/>
    <Peak1D F1="8.130880" intensity="9.282047e-001" type="0"/>
    <Peak1D F1="8.108254" intensity="1.574849e-001" type="0"/>
    <Peak1D F1="8.086727" intensity="5.754365e-002" type="0"/>
    <Peak1D F1="8.081169" intensity="1.841128e-002" type="0"/>
    <Peak1D F1="8.059460" intensity="2.755134e-002" type="0"/>
    <Peak1D F1="8.037671" intensity="2.854263e-002" type="0"/>
    <Peak1D F1="8.019365" intensity="1.856505e-001" type="0"/>
    <Peak1D F1="8.014481" intensity="6.244835e-002" type="0"/>
    <Peak1D F1="7.997468" intensity="2.035694e-001" type="0"/>
    <Peak1D F1="7.987515" intensity="1.012683e-001" type="0"/>
    <Peak1D F1="7.974888" intensity="1.616901e-001" type="0"/>
    <Peak1D F1="7.948286" intensity="1.387094e-002" type="0"/>
    <Peak1D F1="7.943974" intensity="1.446311e-002" type="0"/>
    <Peak1D F1="7.927171" intensity="1.696319e-002" type="0"/>
    <Peak1D F1="7.920415" intensity="1.556144e-002" type="0"/>
    <Peak1D F1="7.866951" intensity="6.059945e-003" type="0"/>
    <Peak1D F1="7.830754" intensity="2.532769e-002" type="0"/>
    <Peak1D F1="7.808780" intensity="2.214235e-002" type="0"/>
    <Peak1D F1="7.771303" intensity="1.353505e-002" type="0"/>
    <Peak1D F1="7.739586" intensity="4.150878e-002" type="0"/>
    <Peak1D F1="7.728190" intensity="1.101464e-001" type="0"/>
    <Peak1D F1="7.709912" intensity="5.699494e-002" type="0"/>
    <Peak1D F1="7.679873" intensity="2.683795e-002" type="0"/>
    <Peak1D F1="7.647197" intensity="6.805675e-002" type="0"/>
    <Peak1D F1="7.625664" intensity="6.472137e-002" type="0"/>
    <Peak1D F1="7.616769" intensity="3.938787e-002" type="0"/>
    <Peak1D F1="7.607890" intensity="3.361142e-002" type="0"/>
    <Peak1D F1="7.594594" intensity="3.930029e-002" type="0"/>
    <Peak1D F1="7.585312" intensity="5.839886e-002" type="0"/>
    <Peak1D F1="7.575500" intensity="3.941851e-002" type="0"/>
    <Peak1D F1="7.563404" intensity="6.317527e-002" type="0"/>
    <Peak1D F1="7.556584" intensity="1.011405e-001" type="0"/>
    <Peak1D F1="7.534939" intensity="1.038078e-001" type="0"/>
    <Peak1D F1="7.529428" intensity="1.088627e-001" type="0"/>
    <Peak1D F1="7.525005" intensity="1.462786e-001" type="0"/>
    <Peak1D F1="7.515532" intensity="9.415042e-002" type="0"/>
    <Peak1D F1="7.507679" intensity="1.383264e-001" type="0"/>
    <Peak1D F1="7.503195" intensity="1.599381e-001" type="0"/>
    <Peak1D F1="7.485194" intensity="5.835116e-001" type="0"/>
    <Peak1D F1="7.479313" intensity="3.436049e+000" type="0"/>
    <Peak1D F1="7.474807" intensity="1.148341e+000" type="0"/>
    <Peak1D F1="7.457654" intensity="3.352624e+000" type="0"/>
    <Peak1D F1="7.451747" intensity="5.135783e-001" type="0"/>
    <Peak1D F1="7.438205" intensity="3.280525e-001" type="0"/>
    <Peak1D F1="7.430600" intensity="8.457259e-002" type="0"/>
    <Peak1D F1="7.407422" intensity="6.450270e-002" type="0"/>
    <Peak1D F1="7.391187" intensity="1.911596e-002" type="0"/>
    <Peak1D F1="7.369256" intensity="1.601510e-002" type="0"/>
    <Peak1D F1="7.352502" intensity="2.265622e-001" type="0"/>
    <Peak1D F1="7.349840" intensity="2.093429e-001" type="0"/>
    <Peak1D F1="7.343847" intensity="1.085865e-001" type="0"/>
    <Peak1D F1="7.339481" intensity="2.042271e-001" type="0"/>
    <Peak1D F1="7.323973" intensity="2.595702e-002" type="0"/>
    <Peak1D F1="7.293658" intensity="5.405408e-002" type="0"/>
    <Peak1D F1="7.286641" intensity="8.588548e-002" type="0"/>
    <Peak1D F1="7.283659" intensity="8.761360e-002" type="0"/>
    <Peak1D F1="7.277286" intensity="1.208306e-001" type="0"/>
    <Peak1D F1="7.272904" intensity="1.329127e-001" type="0"/>
    <Peak1D F1="7.265315" intensity="7.366291e-002" type="0"/>
    <Peak1D F1="7.252850" intensity="9.057161e-002" type="0"/>
    <Peak1D F1="7.249782" intensity="9.600996e-002" type="0"/>
    <Peak1D F1="7.242233" intensity="2.219769e-001" type="0"/>
    <Peak1D F1="7.237895" intensity="2.514365e-001" type="0"/>
    <Peak1D F1="7.227639" intensity="2.028649e-001" type="0"/>
    <Peak1D F1="7.224944" intensity="1.928336e-001" type="0"/>
    <Peak1D F1="7.192431" intensity="7.509332e+000" type="0"/>
    <Peak1D F1="7.162043" intensity="1.834937e-002" type="0"/>
    <Peak1D F1="7.142623" intensity="1.190925e-001" type="0"/>
    <Peak1D F1="7.125857" intensity="5.774821e-003" type="0"/>
    <Peak1D F1="7.100853" intensity="8.708589e-003" type="0"/>
    <Peak1D F1="7.082715" intensity="8.914776e-003" type="0"/>
    <Peak1D F1="6.964176" intensity="1.200519e-002" type="0"/>
    <Peak1D F1="6.928397" intensity="3.882820e-002" type="0"/>
    <Peak1D F1="6.311992" intensity="8.776739e-003" type="0"/>
    <Peak1D F1="6.222108" intensity="1.352507e-002" type="0"/>
    <Peak1D F1="6.216624" intensity="1.677908e-002" type="0"/>
    <Peak1D F1="6.134069" intensity="5.682647e-003" type="0"/>
    <Peak1D F1="6.117050" intensity="1.546464e-001" type="0"/>
    <Peak1D F1="6.095535" intensity="7.918233e-003" type="0"/>
    <Peak1D F1="6.067996" intensity="8.455665e-002" type="0"/>
    <Peak1D F1="6.037514" intensity="4.090624e-002" type="0"/>
    <Peak1D F1="6.017928" intensity="4.943738e+000" type="0"/>
    <Peak1D F1="5.985240" intensity="6.064845e-003" type="0"/>
    <Peak1D F1="5.967999" intensity="7.136726e-002" type="0"/>
    <Peak1D F1="5.945052" intensity="3.357164e-002" type="0"/>
    <Peak1D F1="5.934230" intensity="3.527964e-002" type="0"/>
    <Peak1D F1="5.843590" intensity="5.773291e-003" type="0"/>
    <Peak1D F1="5.820991" intensity="3.940388e-002" type="0"/>
    <Peak1D F1="5.815816" intensity="3.379702e-002" type="0"/>
    <Peak1D F1="5.661990" intensity="3.307011e-002" type="0"/>
    <Peak1D F1="5.635240" intensity="3.337527e-002" type="0"/>
    <Peak1D F1="5.602013" intensity="8.413366e-003" type="0"/>
    <Peak1D F1="5.574982" intensity="9.120897e-003" type="0"/>
    <Peak1D F1="5.486431" intensity="1.635102e-002" type="0"/>
    <Peak1D F1="5.436236" intensity="1.198544e-002" type="0"/>
    <Peak1D F1="5.387769" intensity="6.278292e-003" type="0"/>
    <Peak1D F1="5.372255" intensity="1.288389e-002" type="0"/>
    <Peak1D F1="5.355955" intensity="1.463709e-001" type="0"/>
    <Peak1D F1="5.348353" intensity="1.460579e-001" type="0"/>
    <Peak1D F1="5.337487" intensity="1.703159e-002" type="0"/>
    <Peak1D F1="5.312041" intensity="1.626537e-002" type="0"/>
    <Peak1D F1="5.271228" intensity="7.643387e-003" type="0"/>
    <Peak1D F1="5.155591" intensity="6.133979e-003" type="0"/>
    <Peak1D F1="5.142131" intensity="7.562432e-003" type="0"/>
    <Peak1D F1="5.117992" intensity="1.781365e-002" type="0"/>
    <Peak1D F1="5.103744" intensity="1.509457e-002" type="0"/>
    <Peak1D F1="5.037201" intensity="5.651758e-003" type="0"/>
    <Peak1D F1="4.986307" intensity="8.775255e-003" type="0"/>
    <Peak1D F1="4.966440" intensity="1.550261e-002" type="0"/>
    <Peak1D F1="4.943658" intensity="1.234416e-002" type="0"/>
    <Peak1D F1="4.886142" intensity="2.028428e-002" type="0"/>
    <Peak1D F1="4.865347" intensity="2.626129e-002" type="0"/>
    <Peak1D F1="4.848030" intensity="2.609626e-002" type="0"/>
    <Peak1D F1="4.837573" intensity="5.093703e-002" type="0"/>
    <Peak1D F1="4.814684" intensity="5.936319e-002" type="0"/>
    <Peak1D F1="4.787632" intensity="1.777225e+000" type="0"/>
    <Peak1D F1="4.764762" intensity="1.810633e+000" type="0"/>
    <Peak1D F1="4.737854" intensity="8.304172e-002" type="0"/>
    <Peak1D F1="4.714221" intensity="1.098967e-001" type="0"/>
    <Peak1D F1="4.671546" intensity="1.614425e-001" type="0"/>
    <Peak1D F1="4.605479" intensity="6.176413e-002" type="0"/>
    <Peak1D F1="4.581069" intensity="4.574011e-002" type="0"/>
    <Peak1D F1="4.545297" intensity="2.420295e-002" type="0"/>
    <Peak1D F1="4.437605" intensity="9.091338e-003" type="0"/>
    <Peak1D F1="4.400073" intensity="7.244885e-003" type="0"/>
    <Peak1D F1="4.373987" intensity="6.018597e-003" type="0"/>
    <Peak1D F1="4.292203" intensity="6.460993e-003" type="0"/>
    <Peak1D F1="3.878074" intensity="7.938318e-002" type="0"/>
    <Peak1D F1="3.861191" intensity="1.157052e-002" type="0"/>
    <Peak1D F1="3.843982" intensity="8.503187e-002" type="0"/>
    <Peak1D F1="3.822747" intensity="5.739054e-002" type="0"/>
    <Peak1D F1="3.811138" intensity="5.156768e-001" type="0"/>
    <Peak1D F1="3.784622" intensity="2.014791e-002" type="0"/>
    <Peak1D F1="3.769241" intensity="1.878242e-002" type="0"/>
    <Peak1D F1="3.750690" intensity="2.581435e-001" type="0"/>
    <Peak1D F1="3.745183" intensity="2.813857e-001" type="0"/>
    <Peak1D F1="3.739980" intensity="3.723634e-002" type="0"/>
    <Peak1D F1="3.728747" intensity="5.133461e-002" type="0"/>
    <Peak1D F1="3.700642" intensity="1.500000e+001" type="0"/>
    <Peak1D F1="3.659415" intensity="3.636860e-002" type="0"/>
    <Peak1D F1="3.650792" intensity="2.228933e-001" type="0"/>
    <Peak1D F1="3.628434" intensity="8.019541e-003" type="0"/>
    <Peak1D F1="3.600636" intensity="6.709798e-003" type="0"/>
    <Peak1D F1="3.585078" intensity="7.005802e-003" type="0"/>
    <Peak1D F1="3.562596" intensity="7.288300e-003" type="0"/>
    <Peak1D F1="3.547421" intensity="5.486190e-003" type="0"/>
    <Peak1D F1="3.518378" intensity="7.694106e-002" type="0"/>
    <Peak1D F1="3.385654" intensity="5.620027e-003" type="0"/>
    <Peak1D F1="2.952281" intensity="7.637580e-003" type="0"/>
    <Peak1D F1="2.941923" intensity="1.410168e-002" type="0"/>
    <Peak1D F1="2.917254" intensity="7.140901e-003" type="0"/>
    <Peak1D F1="2.796520" intensity="1.046964e-002" type="0"/>
    <Peak1D F1="2.785501" intensity="1.182097e-002" type="0"/>
    <Peak1D F1="2.761703" intensity="2.303627e-002" type="0"/>
    <Peak1D F1="2.737252" intensity="2.291610e-002" type="0"/>
    <Peak1D F1="2.709781" intensity="1.082492e-002" type="0"/>
    <Peak1D F1="2.683984" intensity="6.463317e-003" type="0"/>
    <Peak1D F1="2.638687" intensity="7.923791e-003" type="0"/>
    <Peak1D F1="2.615268" intensity="1.174411e-002" type="0"/>
    <Peak1D F1="2.583142" intensity="1.025463e-002" type="0"/>
    <Peak1D F1="2.552992" intensity="1.148911e-002" type="0"/>
    <Peak1D F1="2.516609" intensity="1.307809e-002" type="0"/>
    <Peak1D F1="2.484261" intensity="2.457624e-002" type="0"/>
    <Peak1D F1="2.461612" intensity="4.328181e-002" type="0"/>
    <Peak1D F1="2.438323" intensity="2.918272e-001" type="0"/>
    <Peak1D F1="2.433936" intensity="3.560532e-001" type="0"/>
    <Peak1D F1="2.416678" intensity="4.096850e-001" type="0"/>
    <Peak1D F1="2.410369" intensity="1.009290e+000" type="0"/>
    <Peak1D F1="2.388904" intensity="5.050576e-001" type="0"/>
    <Peak1D F1="2.385401" intensity="4.683026e-001" type="0"/>
    <Peak1D F1="2.380841" intensity="3.633662e-001" type="0"/>
    <Peak1D F1="2.375972" intensity="2.608479e-001" type="0"/>
    <Peak1D F1="2.373313" intensity="2.435893e-001" type="0"/>
    <Peak1D F1="2.368518" intensity="4.697416e-001" type="0"/>
    <Peak1D F1="2.364369" intensity="5.986076e-001" type="0"/>
    <Peak1D F1="2.348746" intensity="5.330641e-001" type="0"/>
    <Peak1D F1="2.336645" intensity="3.516627e-001" type="0"/>
    <Peak1D F1="2.325405" intensity="8.477343e-001" type="0"/>
    <Peak1D F1="2.317525" intensity="4.918214e-001" type="0"/>
    <Peak1D F1="2.314848" intensity="5.149932e-001" type="0"/>
    <Peak1D F1="2.309114" intensity="7.877702e-001" type="0"/>
    <Peak1D F1="2.301976" intensity="4.580550e-001" type="0"/>
    <Peak1D F1="2.295128" intensity="6.201743e-001" type="0"/>
    <Peak1D F1="2.275136" intensity="3.251205e-001" type="0"/>
    <Peak1D F1="2.272280" intensity="3.207695e-001" type="0"/>
    <Peak1D F1="2.253718" intensity="5.800659e-001" type="0"/>
    <Peak1D F1="2.241810" intensity="1.437217e-001" type="0"/>
    <Peak1D F1="2.231627" intensity="6.745883e-001" type="0"/>
    <Peak1D F1="2.227296" intensity="6.570012e-001" type="0"/>
    <Peak1D F1="2.220870" intensity="1.267404e-001" type="0"/>
    <Peak1D F1="2.214977" intensity="1.272806e-001" type="0"/>
    <Peak1D F1="2.204769" intensity="8.850837e-001" type="0"/>
    <Peak1D F1="2.198111" intensity="1.388502e-001" type="0"/>
    <Peak1D F1="2.183446" intensity="4.588221e-001" type="0"/>
    <Peak1D F1="2.178589" intensity="4.690274e-001" type="0"/>
    <Peak1D F1="2.156185" intensity="5.075891e-001" type="0"/>
    <Peak1D F1="2.147060" intensity="1.647604e-001" type="0"/>
    <Peak1D F1="2.142715" intensity="1.500045e-001" type="0"/>
    <Peak1D F1="2.133690" intensity="1.566470e-001" type="0"/>
    <Peak1D F1="2.116304" intensity="1.338979e+000" type="0"/>
    <Peak1D F1="2.106233" intensity="1.115875e+000" type="0"/>
    <Peak1D F1="2.100477" intensity="2.205914e+000" type="0"/>
    <Peak1D F1="2.096633" intensity="4.313481e+000" type="0"/>
    <Peak1D F1="2.085126" intensity="1.220816e+000" type="0"/>
    <Peak1D F1="2.077889" intensity="2.142875e+000" type="0"/>
    <Peak1D F1="2.070382" intensity="3.565262e-001" type="0"/>
    <Peak1D F1="2.061898" intensity="1.665621e-001" type="0"/>
    <Peak1D F1="2.056406" intensity="1.345982e-001" type="0"/>
    <Peak1D F1="2.051034" intensity="1.378636e-001" type="0"/>
    <Peak1D F1="2.046774" intensity="1.346562e-001" type="0"/>
    <Peak1D F1="2.038859" intensity="1.361168e-001" type="0"/>
    <Peak1D F1="2.027728" intensity="7.575855e-002" type="0"/>
    <Peak1D F1="2.021662" intensity="6.256786e-002" type="0"/>
    <Peak1D F1="1.991748" intensity="2.067702e-001" type="0"/>
    <Peak1D F1="1.987393" intensity="2.914038e-001" type="0"/>
    <Peak1D F1="1.982786" intensity="2.252656e-001" type="0"/>
    <Peak1D F1="1.970754" intensity="3.189277e-001" type="0"/>
    <Peak1D F1="1.965661" intensity="4.110260e-001" type="0"/>
    <Peak1D F1="1.959863" intensity="4.822812e-001" type="0"/>
    <Peak1D F1="1.955479" intensity="4.700747e-001" type="0"/>
    <Peak1D F1="1.950162" intensity="4.391575e-001" type="0"/>
    <Peak1D F1="1.942416" intensity="5.627005e-001" type="0"/>
    <Peak1D F1="1.936755" intensity="7.376693e-001" type="0"/>
    <Peak1D F1="1.925567" intensity="3.648754e-001" type="0"/>
    <Peak1D F1="1.920813" intensity="5.191492e-001" type="0"/>
    <Peak1D F1="1.910383" intensity="2.187773e+000" type="0"/>
    <Peak1D F1="1.898965" intensity="1.736526e+000" type="0"/>
    <Peak1D F1="1.890818" intensity="4.567914e+000" type="0"/>
    <Peak1D F1="1.882270" intensity="1.571408e+000" type="0"/>
    <Peak1D F1="1.879876" intensity="1.689428e+000" type="0"/>
    <Peak1D F1="1.871244" intensity="1.411352e+000" type="0"/>
    <Peak1D F1="1.858633" intensity="2.052833e-001" type="0"/>
    <Peak1D F1="1.848817" intensity="1.359319e-001" type="0"/>
    <Peak1D F1="1.841102" intensity="1.202926e-001" type="0"/>
    <Peak1D F1="1.829941" intensity="8.065777e-002" type="0"/>
    <Peak1D F1="1.820698" intensity="6.217623e-002" type="0"/>
    <Peak1D F1="1.803195" intensity="4.736748e-002" type="0"/>
    <Peak1D F1="1.788574" intensity="4.513727e-002" type="0"/>
    <Peak1D F1="1.779385" intensity="5.101280e-002" type="0"/>
    <Peak1D F1="1.758470" intensity="4.802543e-002" type="0"/>
    <Peak1D F1="1.744859" intensity="1.687099e-001" type="0"/>
    <Peak1D F1="1.729049" intensity="2.469765e-001" type="0"/>
    <Peak1D F1="1.723660" intensity="2.043747e-001" type="0"/>
    <Peak1D F1="1.716360" intensity="2.864509e-001" type="0"/>
    <Peak1D F1="1.707902" intensity="2.978513e-001" type="0"/>
    <Peak1D F1="1.700624" intensity="4.793710e-001" type="0"/>
    <Peak1D F1="1.696687" intensity="4.009287e-001" type="0"/>
    <Peak1D F1="1.685482" intensity="3.689323e-001" type="0"/>
    <Peak1D F1="1.679178" intensity="1.133981e+000" type="0"/>
    <Peak1D F1="1.670068" intensity="6.698097e-001" type="0"/>
    <Peak1D F1="1.665401" intensity="5.069634e-001" type="0"/>
    <Peak1D F1="1.655004" intensity="9.510378e-001" type="0"/>
    <Peak1D F1="1.649923" intensity="7.860042e-001" type="0"/>
    <Peak1D F1="1.642696" intensity="3.920567e-001" type="0"/>
    <Peak1D F1="1.638130" intensity="5.821129e-001" type="0"/>
    <Peak1D F1="1.633299" intensity="6.783373e-001" type="0"/>
    <Peak1D F1="1.622479" intensity="2.611554e-001" type="0"/>
    <Peak1D F1="1.617256" intensity="3.656623e-001" type="0"/>
    <Peak1D F1="1.583665" intensity="9.223360e-002" type="0"/>
    <Peak1D F1="1.563503" intensity="8.891384e-002" type="0"/>
    <Peak1D F1="1.547232" intensity="1.000769e-001" type="0"/>
    <Peak1D F1="1.533569" intensity="3.342512e-001" type="0"/>
    <Peak1D F1="1.517927" intensity="2.631135e-001" type="0"/>
    <Peak1D F1="1.511178" intensity="2.777571e-001" type="0"/>
    <Peak1D F1="1.499058" intensity="5.506116e-001" type="0"/>
    <Peak1D F1="1.481582" intensity="7.083681e-001" type="0"/>
    <Peak1D F1="1.468880" intensity="4.700405e-001" type="0"/>
    <Peak1D F1="1.452131" intensity="4.660605e-001" type="0"/>
    <Peak1D F1="1.439648" intensity="1.079582e-001" type="0"/>
    <Peak1D F1="1.434145" intensity="1.383497e-001" type="0"/>
    <Peak1D F1="1.421959" intensity="1.708657e-001" type="0"/>
    <Peak1D F1="1.403180" intensity="4.372818e-002" type="0"/>
    <Peak1D F1="1.354925" intensity="3.181146e-002" type="0"/>
    <Peak1D F1="1.326673" intensity="2.820156e-002" type="0"/>
    <Peak1D F1="1.306056" intensity="2.412023e-002" type="0"/>
    <Peak1D F1="1.288055" intensity="2.484760e-002" type="0"/>
    <Peak1D F1="1.236250" intensity="3.904641e-002" type="0"/>
    <Peak1D F1="1.222310" intensity="3.823027e-002" type="0"/>
    <Peak1D F1="1.184344" intensity="9.327774e-002" type="0"/>
    <Peak1D F1="1.155899" intensity="1.772852e-002" type="0"/>
    <Peak1D F1="1.093590" intensity="8.693066e-003" type="0"/>
    <Peak1D F1="1.082847" intensity="8.420906e-003" type="0"/>
    <Peak1D F1="1.036178" intensity="7.784099e-003" type="0"/>
    <Peak1D F1="1.023616" intensity="7.056661e-003" type="0"/>
    <Peak1D F1="1.000077" intensity="6.338415e-003" type="0"/>
    <Peak1D F1="0.976155" intensity="6.883944e-003" type="0"/>
    <Peak1D F1="0.938933" intensity="5.732141e-003" type="0"/>
    <Peak1D F1="0.927329" intensity="6.505298e-003" type="0"/>
    <Peak1D F1="0.914807" intensity="6.311763e-003" type="0"/>
    <Peak1D F1="0.846824" intensity="8.334329e-003" type="0"/>
    <Peak1D F1="0.827158" intensity="1.567667e-002" type="0"/>
    <Peak1D F1="0.810422" intensity="3.031305e-002" type="0"/>
    <Peak1D F1="0.793613" intensity="1.553435e-002" type="0"/>
    <Peak1D F1="0.761554" intensity="9.580263e-003" type="0"/>
    <Peak1D F1="0.713760" intensity="6.474237e-003" type="0"/>
    <Peak1D F1="0.527528" intensity="5.445180e-003" type="0"/>
    <Peak1D F1="0.455904" intensity="5.662796e-003" type="0"/>
    <Peak1D F1="0.388346" intensity="6.347622e-003" type="0"/>
    <Peak1D F1="0.365135" intensity="5.680229e-003" type="0"/>
    <Peak1D F1="0.209876" intensity="6.049493e-003" type="0"/>
    <Peak1D F1="0.048933" intensity="5.501513e-003" type="0"/>
    <Peak1D F1="0.017510" intensity="8.557857e-003" type="0"/>
    <Peak1D F1="-0.000152" intensity="3.022479e-001" type="0"/>
    <Peak1D F1="-0.049819" intensity="7.719547e-003" type="0"/>
    <Peak1D F1="-2.738043" intensity="5.953399e-003" type="0"/>
    <Peak1D F1="-3.045182" intensity="6.587061e-003" type="0"/>
  </PeakList1D>
</PeakList>
