<?xml version="1.0" encoding="UTF-8"?>
<PeakList>
  <PeakList1D>
    <PeakList1DHeader creator="nmr" date="2021-10-26T10:08:11.771+03:00" expNo="10" name="ID_449_B" owner="" procNo="1" source="//132.72.8.180/400b/Milo/Milo">
      <PeakPickDetails>F1=16.109619ppm, F2=-3.919426ppm, MI=0.00cm, MAXI=10000.00cm, PC=1.000
      </PeakPickDetails>
    </PeakList1DHeader>
    <Peak1D F1="13.811739" intensity="1.465925e-003" type="0"/>
    <Peak1D F1="13.131307" intensity="1.391305e-003" type="0"/>
    <Peak1D F1="10.134782" intensity="3.678861e-003" type="0"/>
    <Peak1D F1="10.084781" intensity="1.628873e-001" type="0"/>
    <Peak1D F1="10.034126" intensity="2.424885e-003" type="0"/>
    <Peak1D F1="9.919169" intensity="2.997836e-003" type="0"/>
    <Peak1D F1="9.900526" intensity="1.383087e-003" type="0"/>
    <Peak1D F1="9.858037" intensity="1.446163e-003" type="0"/>
    <Peak1D F1="8.529545" intensity="1.710427e-003" type="0"/>
    <Peak1D F1="8.507557" intensity="1.467082e-003" type="0"/>
    <Peak1D F1="8.484161" intensity="1.435409e-003" type="0"/>
    <Peak1D F1="8.381911" intensity="4.942866e-003" type="0"/>
    <Peak1D F1="8.356122" intensity="1.521859e-002" type="0"/>
    <Peak1D F1="8.349538" intensity="1.495828e-002" type="0"/>
    <Peak1D F1="8.331432" intensity="1.194941e-001" type="0"/>
    <Peak1D F1="8.309756" intensity="1.284412e-001" type="0"/>
    <Peak1D F1="8.280931" intensity="8.120898e-003" type="0"/>
    <Peak1D F1="8.259944" intensity="1.075951e-002" type="0"/>
    <Peak1D F1="8.239147" intensity="2.205024e-002" type="0"/>
    <Peak1D F1="8.218009" intensity="3.477731e-002" type="0"/>
    <Peak1D F1="8.203545" intensity="1.519490e-001" type="0"/>
    <Peak1D F1="8.198687" intensity="1.057330e-001" type="0"/>
    <Peak1D F1="8.193818" intensity="1.093292e-001" type="0"/>
    <Peak1D F1="8.181615" intensity="1.666331e-001" type="0"/>
    <Peak1D F1="8.176018" intensity="1.090917e-001" type="0"/>
    <Peak1D F1="8.171901" intensity="1.219983e-001" type="0"/>
    <Peak1D F1="8.149544" intensity="5.872532e-001" type="0"/>
    <Peak1D F1="8.143837" intensity="3.655754e+000" type="0"/>
    <Peak1D F1="8.139186" intensity="1.309743e+000" type="0"/>
    <Peak1D F1="8.134212" intensity="5.968413e-001" type="0"/>
    <Peak1D F1="8.126594" intensity="1.368849e+000" type="0"/>
    <Peak1D F1="8.121920" intensity="3.840356e+000" type="0"/>
    <Peak1D F1="8.116307" intensity="6.316268e-001" type="0"/>
    <Peak1D F1="8.112484" intensity="4.416982e-001" type="0"/>
    <Peak1D F1="8.093668" intensity="7.244183e-002" type="0"/>
    <Peak1D F1="8.071898" intensity="6.987540e-002" type="0"/>
    <Peak1D F1="8.043612" intensity="5.983606e-003" type="0"/>
    <Peak1D F1="8.021173" intensity="2.394175e-002" type="0"/>
    <Peak1D F1="8.015976" intensity="1.430756e-001" type="0"/>
    <Peak1D F1="8.011069" intensity="4.469566e-002" type="0"/>
    <Peak1D F1="7.998790" intensity="4.267461e-002" type="0"/>
    <Peak1D F1="7.994069" intensity="1.202508e-001" type="0"/>
    <Peak1D F1="7.988783" intensity="1.775696e-002" type="0"/>
    <Peak1D F1="7.964495" intensity="6.443227e-003" type="0"/>
    <Peak1D F1="7.944185" intensity="3.164049e-003" type="0"/>
    <Peak1D F1="7.934092" intensity="1.049577e-002" type="0"/>
    <Peak1D F1="7.929141" intensity="1.178778e-002" type="0"/>
    <Peak1D F1="7.922601" intensity="4.212630e-003" type="0"/>
    <Peak1D F1="7.912522" intensity="1.500915e-002" type="0"/>
    <Peak1D F1="7.906342" intensity="1.456898e-002" type="0"/>
    <Peak1D F1="7.888979" intensity="4.875210e-003" type="0"/>
    <Peak1D F1="7.868362" intensity="3.983377e-003" type="0"/>
    <Peak1D F1="7.846911" intensity="4.384056e-003" type="0"/>
    <Peak1D F1="7.808799" intensity="1.393874e-003" type="0"/>
    <Peak1D F1="7.754114" intensity="1.678732e-003" type="0"/>
    <Peak1D F1="7.730503" intensity="2.096901e-003" type="0"/>
    <Peak1D F1="7.709430" intensity="3.444751e-003" type="0"/>
    <Peak1D F1="7.674247" intensity="1.477215e-002" type="0"/>
    <Peak1D F1="7.655130" intensity="1.720939e-002" type="0"/>
    <Peak1D F1="7.638931" intensity="1.760734e-002" type="0"/>
    <Peak1D F1="7.616303" intensity="1.870140e-002" type="0"/>
    <Peak1D F1="7.612519" intensity="1.904861e-002" type="0"/>
    <Peak1D F1="7.604773" intensity="3.272391e-002" type="0"/>
    <Peak1D F1="7.599653" intensity="2.208532e-002" type="0"/>
    <Peak1D F1="7.582502" intensity="3.358508e-002" type="0"/>
    <Peak1D F1="7.575873" intensity="2.255465e-002" type="0"/>
    <Peak1D F1="7.551342" intensity="2.645447e-002" type="0"/>
    <Peak1D F1="7.528774" intensity="1.413064e-001" type="0"/>
    <Peak1D F1="7.523933" intensity="1.175549e-001" type="0"/>
    <Peak1D F1="7.506606" intensity="1.670376e-001" type="0"/>
    <Peak1D F1="7.500361" intensity="1.820518e-001" type="0"/>
    <Peak1D F1="7.473675" intensity="3.551198e+000" type="0"/>
    <Peak1D F1="7.469357" intensity="1.261616e+000" type="0"/>
    <Peak1D F1="7.451920" intensity="3.420386e+000" type="0"/>
    <Peak1D F1="7.434262" intensity="2.927162e-001" type="0"/>
    <Peak1D F1="7.423492" intensity="7.655980e-002" type="0"/>
    <Peak1D F1="7.401836" intensity="7.094920e-002" type="0"/>
    <Peak1D F1="7.384722" intensity="1.683436e-002" type="0"/>
    <Peak1D F1="7.328156" intensity="5.386214e-002" type="0"/>
    <Peak1D F1="7.320439" intensity="5.548239e-002" type="0"/>
    <Peak1D F1="7.311700" intensity="7.275508e-002" type="0"/>
    <Peak1D F1="7.306119" intensity="7.450102e-002" type="0"/>
    <Peak1D F1="7.295703" intensity="4.637771e-002" type="0"/>
    <Peak1D F1="7.291478" intensity="5.481709e-002" type="0"/>
    <Peak1D F1="7.285719" intensity="4.226290e-002" type="0"/>
    <Peak1D F1="7.267019" intensity="4.380432e-002" type="0"/>
    <Peak1D F1="7.254404" intensity="7.680370e-002" type="0"/>
    <Peak1D F1="7.242271" intensity="3.818595e-002" type="0"/>
    <Peak1D F1="7.232735" intensity="8.216507e-002" type="0"/>
    <Peak1D F1="7.227271" intensity="1.062129e-001" type="0"/>
    <Peak1D F1="7.221774" intensity="1.473303e-001" type="0"/>
    <Peak1D F1="7.212855" intensity="2.371084e-001" type="0"/>
    <Peak1D F1="7.204425" intensity="3.363304e+000" type="0"/>
    <Peak1D F1="7.174148" intensity="4.492099e-002" type="0"/>
    <Peak1D F1="7.162843" intensity="2.061214e-002" type="0"/>
    <Peak1D F1="7.154459" intensity="6.788483e-002" type="0"/>
    <Peak1D F1="7.126866" intensity="5.878075e-003" type="0"/>
    <Peak1D F1="7.104419" intensity="3.663483e-002" type="0"/>
    <Peak1D F1="7.086211" intensity="2.019624e-002" type="0"/>
    <Peak1D F1="7.076301" intensity="1.364834e-002" type="0"/>
    <Peak1D F1="7.057667" intensity="9.895647e-003" type="0"/>
    <Peak1D F1="7.035634" intensity="7.746434e-003" type="0"/>
    <Peak1D F1="7.013985" intensity="6.195443e-003" type="0"/>
    <Peak1D F1="6.992444" intensity="6.124277e-003" type="0"/>
    <Peak1D F1="6.940099" intensity="1.737771e-002" type="0"/>
    <Peak1D F1="6.884554" intensity="8.893113e-003" type="0"/>
    <Peak1D F1="6.878025" intensity="1.404099e-002" type="0"/>
    <Peak1D F1="6.872529" intensity="1.082427e-002" type="0"/>
    <Peak1D F1="6.861501" intensity="1.674610e-002" type="0"/>
    <Peak1D F1="6.855515" intensity="2.549023e-002" type="0"/>
    <Peak1D F1="6.849405" intensity="1.700076e-002" type="0"/>
    <Peak1D F1="6.839273" intensity="2.501218e-002" type="0"/>
    <Peak1D F1="6.833275" intensity="3.720113e-002" type="0"/>
    <Peak1D F1="6.827471" intensity="2.400953e-002" type="0"/>
    <Peak1D F1="6.817359" intensity="5.368640e-002" type="0"/>
    <Peak1D F1="6.811516" intensity="8.542412e-002" type="0"/>
    <Peak1D F1="6.805730" intensity="5.199841e-002" type="0"/>
    <Peak1D F1="6.795096" intensity="6.802051e-002" type="0"/>
    <Peak1D F1="6.789266" intensity="1.056043e-001" type="0"/>
    <Peak1D F1="6.783474" intensity="6.277765e-002" type="0"/>
    <Peak1D F1="6.772799" intensity="4.018780e-002" type="0"/>
    <Peak1D F1="6.766982" intensity="5.633661e-002" type="0"/>
    <Peak1D F1="6.761222" intensity="4.005380e-002" type="0"/>
    <Peak1D F1="6.741659" intensity="2.722089e-002" type="0"/>
    <Peak1D F1="6.721544" intensity="1.959780e-002" type="0"/>
    <Peak1D F1="6.646993" intensity="4.742906e-003" type="0"/>
    <Peak1D F1="6.622453" intensity="2.712681e-003" type="0"/>
    <Peak1D F1="6.607440" intensity="3.585040e-003" type="0"/>
    <Peak1D F1="6.586375" intensity="5.248219e-003" type="0"/>
    <Peak1D F1="6.557370" intensity="3.817169e-003" type="0"/>
    <Peak1D F1="6.534088" intensity="1.693879e-003" type="0"/>
    <Peak1D F1="6.452802" intensity="2.380305e-003" type="0"/>
    <Peak1D F1="6.435414" intensity="2.487987e-003" type="0"/>
    <Peak1D F1="6.293141" intensity="4.124097e-003" type="0"/>
    <Peak1D F1="6.271546" intensity="3.315484e-003" type="0"/>
    <Peak1D F1="6.260985" intensity="2.304981e-003" type="0"/>
    <Peak1D F1="6.238161" intensity="1.644398e-003" type="0"/>
    <Peak1D F1="6.213095" intensity="6.951786e-003" type="0"/>
    <Peak1D F1="6.207960" intensity="1.263501e-002" type="0"/>
    <Peak1D F1="6.202505" intensity="7.478688e-003" type="0"/>
    <Peak1D F1="6.142713" intensity="1.867510e-003" type="0"/>
    <Peak1D F1="6.109076" intensity="5.204103e-003" type="0"/>
    <Peak1D F1="6.088652" intensity="5.504937e-003" type="0"/>
    <Peak1D F1="6.059348" intensity="8.776136e-002" type="0"/>
    <Peak1D F1="6.035658" intensity="2.679634e-002" type="0"/>
    <Peak1D F1="6.017603" intensity="1.949853e-001" type="0"/>
    <Peak1D F1="6.009367" intensity="5.113380e+000" type="0"/>
    <Peak1D F1="5.991532" intensity="2.262339e-002" type="0"/>
    <Peak1D F1="5.970057" intensity="1.377237e-002" type="0"/>
    <Peak1D F1="5.959245" intensity="8.396018e-002" type="0"/>
    <Peak1D F1="5.940291" intensity="2.531139e-003" type="0"/>
    <Peak1D F1="5.925369" intensity="3.065484e-003" type="0"/>
    <Peak1D F1="5.911113" intensity="2.145661e-003" type="0"/>
    <Peak1D F1="5.882938" intensity="4.613528e-002" type="0"/>
    <Peak1D F1="5.870541" intensity="4.647426e-002" type="0"/>
    <Peak1D F1="5.813041" intensity="9.592624e-003" type="0"/>
    <Peak1D F1="5.807732" intensity="1.581891e-002" type="0"/>
    <Peak1D F1="5.802616" intensity="7.754143e-003" type="0"/>
    <Peak1D F1="5.766512" intensity="5.535506e-003" type="0"/>
    <Peak1D F1="5.704495" intensity="1.478269e-002" type="0"/>
    <Peak1D F1="5.622969" intensity="2.121972e-002" type="0"/>
    <Peak1D F1="5.538130" intensity="8.664053e-003" type="0"/>
    <Peak1D F1="5.517651" intensity="7.714756e-003" type="0"/>
    <Peak1D F1="5.510286" intensity="8.181641e-003" type="0"/>
    <Peak1D F1="5.486634" intensity="4.439393e-003" type="0"/>
    <Peak1D F1="5.460481" intensity="4.095539e-003" type="0"/>
    <Peak1D F1="5.445783" intensity="4.734962e-003" type="0"/>
    <Peak1D F1="5.432140" intensity="4.411493e-003" type="0"/>
    <Peak1D F1="5.395350" intensity="1.076598e-001" type="0"/>
    <Peak1D F1="5.336390" intensity="1.032385e-001" type="0"/>
    <Peak1D F1="5.281786" intensity="4.349540e-003" type="0"/>
    <Peak1D F1="5.278250" intensity="5.265181e-003" type="0"/>
    <Peak1D F1="5.266281" intensity="4.756698e-003" type="0"/>
    <Peak1D F1="5.215146" intensity="2.830871e-003" type="0"/>
    <Peak1D F1="5.179689" intensity="3.188334e-003" type="0"/>
    <Peak1D F1="5.159647" intensity="2.276579e-003" type="0"/>
    <Peak1D F1="4.994746" intensity="1.995844e-003" type="0"/>
    <Peak1D F1="4.974187" intensity="1.005761e-002" type="0"/>
    <Peak1D F1="4.950999" intensity="1.037246e-002" type="0"/>
    <Peak1D F1="4.895886" intensity="9.069681e-003" type="0"/>
    <Peak1D F1="4.874994" intensity="1.171579e-002" type="0"/>
    <Peak1D F1="4.861757" intensity="1.020161e-002" type="0"/>
    <Peak1D F1="4.844924" intensity="3.947317e-002" type="0"/>
    <Peak1D F1="4.822208" intensity="5.274476e-002" type="0"/>
    <Peak1D F1="4.794764" intensity="1.715851e+000" type="0"/>
    <Peak1D F1="4.772223" intensity="1.742622e+000" type="0"/>
    <Peak1D F1="4.754424" intensity="4.636326e-002" type="0"/>
    <Peak1D F1="4.744378" intensity="7.328083e-002" type="0"/>
    <Peak1D F1="4.721287" intensity="9.828680e-002" type="0"/>
    <Peak1D F1="4.692200" intensity="1.040252e+000" type="0"/>
    <Peak1D F1="4.643577" intensity="4.363244e-002" type="0"/>
    <Peak1D F1="4.611422" intensity="1.916538e-002" type="0"/>
    <Peak1D F1="4.588875" intensity="1.437231e-002" type="0"/>
    <Peak1D F1="4.526815" intensity="4.179960e-003" type="0"/>
    <Peak1D F1="4.506235" intensity="4.583537e-003" type="0"/>
    <Peak1D F1="4.495284" intensity="3.255058e-003" type="0"/>
    <Peak1D F1="4.477326" intensity="3.415603e-003" type="0"/>
    <Peak1D F1="4.448341" intensity="1.825609e-003" type="0"/>
    <Peak1D F1="4.423957" intensity="2.459095e-003" type="0"/>
    <Peak1D F1="4.410689" intensity="1.886630e-003" type="0"/>
    <Peak1D F1="4.391418" intensity="1.716886e-003" type="0"/>
    <Peak1D F1="3.920484" intensity="1.695593e-003" type="0"/>
    <Peak1D F1="3.870065" intensity="8.029000e-002" type="0"/>
    <Peak1D F1="3.850643" intensity="2.563763e-003" type="0"/>
    <Peak1D F1="3.827664" intensity="3.566234e-003" type="0"/>
    <Peak1D F1="3.819268" intensity="5.221769e-003" type="0"/>
    <Peak1D F1="3.792423" intensity="1.694291e-002" type="0"/>
    <Peak1D F1="3.767371" intensity="1.906488e-002" type="0"/>
    <Peak1D F1="3.755712" intensity="2.755395e-002" type="0"/>
    <Peak1D F1="3.742592" intensity="2.647408e-001" type="0"/>
    <Peak1D F1="3.719115" intensity="7.671293e-002" type="0"/>
    <Peak1D F1="3.692622" intensity="1.500000e+001" type="0"/>
    <Peak1D F1="3.677921" intensity="8.976376e-002" type="0"/>
    <Peak1D F1="3.658836" intensity="3.860949e-002" type="0"/>
    <Peak1D F1="3.653366" intensity="4.632725e-002" type="0"/>
    <Peak1D F1="3.642477" intensity="2.589429e-001" type="0"/>
    <Peak1D F1="3.622767" intensity="7.758921e-003" type="0"/>
    <Peak1D F1="3.608660" intensity="8.534989e-003" type="0"/>
    <Peak1D F1="3.592583" intensity="4.712395e-003" type="0"/>
    <Peak1D F1="3.579838" intensity="2.638583e-003" type="0"/>
    <Peak1D F1="3.560748" intensity="3.584724e-003" type="0"/>
    <Peak1D F1="3.537932" intensity="2.745712e-003" type="0"/>
    <Peak1D F1="3.510366" intensity="8.121879e-002" type="0"/>
    <Peak1D F1="3.493108" intensity="2.442200e-003" type="0"/>
    <Peak1D F1="3.482812" intensity="1.347760e-003" type="0"/>
    <Peak1D F1="3.459970" intensity="1.369683e-003" type="0"/>
    <Peak1D F1="3.123199" intensity="1.370489e-003" type="0"/>
    <Peak1D F1="3.103426" intensity="1.565815e-003" type="0"/>
    <Peak1D F1="3.094990" intensity="1.893607e-003" type="0"/>
    <Peak1D F1="3.077313" intensity="1.509682e-003" type="0"/>
    <Peak1D F1="2.956459" intensity="9.458512e-003" type="0"/>
    <Peak1D F1="2.949044" intensity="1.164584e-002" type="0"/>
    <Peak1D F1="2.938209" intensity="1.804093e-002" type="0"/>
    <Peak1D F1="2.931043" intensity="1.909030e-002" type="0"/>
    <Peak1D F1="2.920127" intensity="1.458806e-002" type="0"/>
    <Peak1D F1="2.912518" intensity="1.656755e-002" type="0"/>
    <Peak1D F1="2.877649" intensity="3.559088e-002" type="0"/>
    <Peak1D F1="2.815647" intensity="8.195073e-003" type="0"/>
    <Peak1D F1="2.809532" intensity="8.186045e-003" type="0"/>
    <Peak1D F1="2.789922" intensity="7.860932e-003" type="0"/>
    <Peak1D F1="2.764399" intensity="1.500831e-002" type="0"/>
    <Peak1D F1="2.751780" intensity="1.385154e-002" type="0"/>
    <Peak1D F1="2.736208" intensity="1.749051e-002" type="0"/>
    <Peak1D F1="2.716295" intensity="1.422470e-002" type="0"/>
    <Peak1D F1="2.703502" intensity="1.275976e-002" type="0"/>
    <Peak1D F1="2.686025" intensity="4.118503e-003" type="0"/>
    <Peak1D F1="2.667313" intensity="2.697523e-003" type="0"/>
    <Peak1D F1="2.648013" intensity="2.351757e-003" type="0"/>
    <Peak1D F1="2.627258" intensity="2.890918e-003" type="0"/>
    <Peak1D F1="2.592885" intensity="3.546387e-003" type="0"/>
    <Peak1D F1="2.570184" intensity="4.086970e-003" type="0"/>
    <Peak1D F1="2.537545" intensity="5.225767e-003" type="0"/>
    <Peak1D F1="2.515195" intensity="7.090304e-003" type="0"/>
    <Peak1D F1="2.493202" intensity="8.393286e-003" type="0"/>
    <Peak1D F1="2.469048" intensity="1.687149e-002" type="0"/>
    <Peak1D F1="2.443202" intensity="2.523127e-002" type="0"/>
    <Peak1D F1="2.424250" intensity="3.069332e-001" type="0"/>
    <Peak1D F1="2.418557" intensity="3.324910e-001" type="0"/>
    <Peak1D F1="2.404588" intensity="3.553906e-001" type="0"/>
    <Peak1D F1="2.398723" intensity="3.457089e-001" type="0"/>
    <Peak1D F1="2.394634" intensity="2.511709e-001" type="0"/>
    <Peak1D F1="2.375339" intensity="5.310320e-001" type="0"/>
    <Peak1D F1="2.371529" intensity="4.928523e-001" type="0"/>
    <Peak1D F1="2.367117" intensity="4.866893e-001" type="0"/>
    <Peak1D F1="2.355145" intensity="7.833160e-001" type="0"/>
    <Peak1D F1="2.351393" intensity="6.392533e-001" type="0"/>
    <Peak1D F1="2.335334" intensity="6.530262e-001" type="0"/>
    <Peak1D F1="2.327408" intensity="4.040050e-001" type="0"/>
    <Peak1D F1="2.324222" intensity="3.968752e-001" type="0"/>
    <Peak1D F1="2.314729" intensity="4.350858e-001" type="0"/>
    <Peak1D F1="2.312153" intensity="4.299185e-001" type="0"/>
    <Peak1D F1="2.304606" intensity="6.001585e-001" type="0"/>
    <Peak1D F1="2.284970" intensity="3.812108e-001" type="0"/>
    <Peak1D F1="2.281765" intensity="3.453644e-001" type="0"/>
    <Peak1D F1="2.262740" intensity="6.159690e-002" type="0"/>
    <Peak1D F1="2.250074" intensity="1.031496e-001" type="0"/>
    <Peak1D F1="2.238838" intensity="6.144841e-001" type="0"/>
    <Peak1D F1="2.231417" intensity="1.328330e-001" type="0"/>
    <Peak1D F1="2.224722" intensity="1.586046e-001" type="0"/>
    <Peak1D F1="2.216786" intensity="6.857774e-001" type="0"/>
    <Peak1D F1="2.212462" intensity="7.484934e-001" type="0"/>
    <Peak1D F1="2.198515" intensity="1.734133e-001" type="0"/>
    <Peak1D F1="2.190021" intensity="9.489461e-001" type="0"/>
    <Peak1D F1="2.168410" intensity="5.148969e-001" type="0"/>
    <Peak1D F1="2.163997" intensity="4.737043e-001" type="0"/>
    <Peak1D F1="2.157225" intensity="1.372695e-001" type="0"/>
    <Peak1D F1="2.151863" intensity="1.272851e-001" type="0"/>
    <Peak1D F1="2.141276" intensity="5.926674e-001" type="0"/>
    <Peak1D F1="2.109873" intensity="2.063505e+000" type="0"/>
    <Peak1D F1="2.090300" intensity="6.355160e+000" type="0"/>
    <Peak1D F1="2.078753" intensity="1.704068e+000" type="0"/>
    <Peak1D F1="2.071623" intensity="3.198078e+000" type="0"/>
    <Peak1D F1="2.055687" intensity="2.395277e-001" type="0"/>
    <Peak1D F1="2.050858" intensity="2.153960e-001" type="0"/>
    <Peak1D F1="2.046737" intensity="1.949723e-001" type="0"/>
    <Peak1D F1="2.040245" intensity="2.189744e-001" type="0"/>
    <Peak1D F1="2.021683" intensity="1.103780e-001" type="0"/>
    <Peak1D F1="2.001031" intensity="7.813993e-002" type="0"/>
    <Peak1D F1="1.996985" intensity="7.735189e-002" type="0"/>
    <Peak1D F1="1.975335" intensity="3.447297e-001" type="0"/>
    <Peak1D F1="1.970851" intensity="2.925697e-001" type="0"/>
    <Peak1D F1="1.958630" intensity="3.859023e-001" type="0"/>
    <Peak1D F1="1.953713" intensity="5.324384e-001" type="0"/>
    <Peak1D F1="1.947755" intensity="5.577523e-001" type="0"/>
    <Peak1D F1="1.943695" intensity="6.319033e-001" type="0"/>
    <Peak1D F1="1.937039" intensity="5.428012e-001" type="0"/>
    <Peak1D F1="1.931280" intensity="6.620005e-001" type="0"/>
    <Peak1D F1="1.925417" intensity="8.321502e-001" type="0"/>
    <Peak1D F1="1.920770" intensity="7.668787e-001" type="0"/>
    <Peak1D F1="1.905684" intensity="3.437540e+000" type="0"/>
    <Peak1D F1="1.894663" intensity="2.788109e+000" type="0"/>
    <Peak1D F1="1.886092" intensity="6.697317e+000" type="0"/>
    <Peak1D F1="1.875208" intensity="2.431700e+000" type="0"/>
    <Peak1D F1="1.866712" intensity="2.073646e+000" type="0"/>
    <Peak1D F1="1.854607" intensity="3.140406e-001" type="0"/>
    <Peak1D F1="1.844727" intensity="2.122945e-001" type="0"/>
    <Peak1D F1="1.836103" intensity="2.023958e-001" type="0"/>
    <Peak1D F1="1.826393" intensity="1.166001e-001" type="0"/>
    <Peak1D F1="1.816529" intensity="1.099651e-001" type="0"/>
    <Peak1D F1="1.799125" intensity="9.826636e-002" type="0"/>
    <Peak1D F1="1.753467" intensity="1.946423e-001" type="0"/>
    <Peak1D F1="1.739841" intensity="3.113186e-001" type="0"/>
    <Peak1D F1="1.723930" intensity="3.665098e-001" type="0"/>
    <Peak1D F1="1.718696" intensity="3.113667e-001" type="0"/>
    <Peak1D F1="1.711810" intensity="3.615146e-001" type="0"/>
    <Peak1D F1="1.708018" intensity="2.629406e-001" type="0"/>
    <Peak1D F1="1.702937" intensity="3.693053e-001" type="0"/>
    <Peak1D F1="1.696196" intensity="6.513598e-001" type="0"/>
    <Peak1D F1="1.692062" intensity="5.802374e-001" type="0"/>
    <Peak1D F1="1.677478" intensity="8.572284e-001" type="0"/>
    <Peak1D F1="1.675715" intensity="8.624660e-001" type="0"/>
    <Peak1D F1="1.669114" intensity="8.929319e-001" type="0"/>
    <Peak1D F1="1.656175" intensity="1.009617e+000" type="0"/>
    <Peak1D F1="1.648057" intensity="6.147018e-001" type="0"/>
    <Peak1D F1="1.642611" intensity="6.738372e-001" type="0"/>
    <Peak1D F1="1.638323" intensity="7.241519e-001" type="0"/>
    <Peak1D F1="1.633973" intensity="5.129616e-001" type="0"/>
    <Peak1D F1="1.627039" intensity="4.373012e-001" type="0"/>
    <Peak1D F1="1.621999" intensity="2.920690e-001" type="0"/>
    <Peak1D F1="1.611779" intensity="2.010629e-001" type="0"/>
    <Peak1D F1="1.593205" intensity="4.965527e-002" type="0"/>
    <Peak1D F1="1.582182" intensity="4.698075e-002" type="0"/>
    <Peak1D F1="1.565396" intensity="3.757152e-002" type="0"/>
    <Peak1D F1="1.548478" intensity="4.579896e-002" type="0"/>
    <Peak1D F1="1.540089" intensity="7.687387e-002" type="0"/>
    <Peak1D F1="1.532619" intensity="2.626767e-001" type="0"/>
    <Peak1D F1="1.521434" intensity="1.454868e-001" type="0"/>
    <Peak1D F1="1.516192" intensity="2.119993e-001" type="0"/>
    <Peak1D F1="1.508175" intensity="2.365999e-001" type="0"/>
    <Peak1D F1="1.498225" intensity="5.573447e-001" type="0"/>
    <Peak1D F1="1.480787" intensity="6.574051e-001" type="0"/>
    <Peak1D F1="1.467974" intensity="4.752630e-001" type="0"/>
    <Peak1D F1="1.451273" intensity="4.679887e-001" type="0"/>
    <Peak1D F1="1.433275" intensity="1.553369e-001" type="0"/>
    <Peak1D F1="1.421981" intensity="1.313948e-001" type="0"/>
    <Peak1D F1="1.402057" intensity="2.110708e-002" type="0"/>
    <Peak1D F1="1.382943" intensity="1.221096e-002" type="0"/>
    <Peak1D F1="1.368663" intensity="1.208869e-002" type="0"/>
    <Peak1D F1="1.350121" intensity="1.024124e-002" type="0"/>
    <Peak1D F1="1.337867" intensity="1.152681e-002" type="0"/>
    <Peak1D F1="1.320910" intensity="1.076748e-002" type="0"/>
    <Peak1D F1="1.306633" intensity="9.773848e-003" type="0"/>
    <Peak1D F1="1.292018" intensity="9.418517e-003" type="0"/>
    <Peak1D F1="1.278958" intensity="8.270440e-003" type="0"/>
    <Peak1D F1="1.254282" intensity="9.636827e-003" type="0"/>
    <Peak1D F1="1.226778" intensity="1.309489e-002" type="0"/>
    <Peak1D F1="1.196955" intensity="1.706176e-002" type="0"/>
    <Peak1D F1="1.179871" intensity="4.365936e-002" type="0"/>
    <Peak1D F1="1.162071" intensity="1.186640e-002" type="0"/>
    <Peak1D F1="1.071180" intensity="3.687371e-003" type="0"/>
    <Peak1D F1="1.037850" intensity="4.567793e-003" type="0"/>
    <Peak1D F1="0.985256" intensity="3.369416e-003" type="0"/>
    <Peak1D F1="0.937502" intensity="3.414869e-003" type="0"/>
    <Peak1D F1="0.904104" intensity="3.028921e-003" type="0"/>
    <Peak1D F1="0.883134" intensity="2.628167e-003" type="0"/>
    <Peak1D F1="0.859256" intensity="3.504963e-003" type="0"/>
    <Peak1D F1="0.818953" intensity="5.939157e-003" type="0"/>
    <Peak1D F1="0.803065" intensity="1.013322e-002" type="0"/>
    <Peak1D F1="0.787477" intensity="1.285102e-002" type="0"/>
    <Peak1D F1="0.767737" intensity="2.649166e-002" type="0"/>
    <Peak1D F1="0.749178" intensity="3.311480e-002" type="0"/>
    <Peak1D F1="0.730600" intensity="2.202643e-002" type="0"/>
    <Peak1D F1="0.711389" intensity="7.511526e-003" type="0"/>
    <Peak1D F1="0.639315" intensity="2.096320e-003" type="0"/>
    <Peak1D F1="0.600774" intensity="2.101935e-003" type="0"/>
    <Peak1D F1="0.562951" intensity="1.945199e-003" type="0"/>
    <Peak1D F1="0.547226" intensity="2.100755e-003" type="0"/>
    <Peak1D F1="0.517674" intensity="1.961488e-003" type="0"/>
    <Peak1D F1="0.458165" intensity="1.671457e-003" type="0"/>
    <Peak1D F1="0.418450" intensity="1.662650e-003" type="0"/>
    <Peak1D F1="0.402861" intensity="1.666386e-003" type="0"/>
    <Peak1D F1="0.382160" intensity="1.623355e-003" type="0"/>
    <Peak1D F1="0.352385" intensity="1.546640e-003" type="0"/>
    <Peak1D F1="0.313093" intensity="1.431447e-003" type="0"/>
    <Peak1D F1="0.286637" intensity="1.320213e-003" type="0"/>
    <Peak1D F1="0.261771" intensity="1.469243e-003" type="0"/>
    <Peak1D F1="0.239495" intensity="1.352059e-003" type="0"/>
    <Peak1D F1="0.183864" intensity="1.473916e-003" type="0"/>
    <Peak1D F1="0.155038" intensity="1.652955e-003" type="0"/>
    <Peak1D F1="0.137189" intensity="1.786383e-003" type="0"/>
    <Peak1D F1="0.049493" intensity="1.410882e-003" type="0"/>
    <Peak1D F1="0.008496" intensity="3.476297e-003" type="0"/>
    <Peak1D F1="-0.000149" intensity="4.974932e-002" type="0"/>
    <Peak1D F1="-0.043742" intensity="1.948839e-003" type="0"/>
    <Peak1D F1="-0.051386" intensity="1.857465e-003" type="0"/>
    <Peak1D F1="-0.276319" intensity="1.651900e-003" type="0"/>
    <Peak1D F1="-2.990408" intensity="1.539890e-003" type="0"/>
    <Peak1D F1="-3.561345" intensity="1.514504e-003" type="0"/>
    <Peak1D F1="-3.608165" intensity="1.498587e-003" type="0"/>
    <Peak1D F1="-3.715668" intensity="1.477162e-003" type="0"/>
  </PeakList1D>
</PeakList>
