<?xml version="1.0" encoding="UTF-8"?>
<PeakList>
  <PeakList1D>
    <PeakList1DHeader creator="nmr" date="2021-08-01T20:32:26.698+03:00" expNo="20" name="ID-419-N" owner="" procNo="1" source="//132.72.8.180/400b/Milo/Milo">
      <PeakPickDetails>F1=16.101789ppm, F2=-3.927256ppm, MI=0.00cm, MAXI=10000.00cm, PC=1.000
      </PeakPickDetails>
    </PeakList1DHeader>
    <Peak1D F1="12.641424" intensity="4.797135e-003" type="0"/>
    <Peak1D F1="10.092494" intensity="1.216438e-001" type="0"/>
    <Peak1D F1="8.387400" intensity="6.581465e-003" type="0"/>
    <Peak1D F1="8.362599" intensity="1.586360e-002" type="0"/>
    <Peak1D F1="8.340133" intensity="9.285074e-002" type="0"/>
    <Peak1D F1="8.318493" intensity="9.409622e-002" type="0"/>
    <Peak1D F1="8.292060" intensity="1.050947e-002" type="0"/>
    <Peak1D F1="8.266496" intensity="3.147998e-002" type="0"/>
    <Peak1D F1="8.254375" intensity="2.571607e-002" type="0"/>
    <Peak1D F1="8.244723" intensity="5.150293e-002" type="0"/>
    <Peak1D F1="8.236804" intensity="9.860574e-002" type="0"/>
    <Peak1D F1="8.215199" intensity="1.492676e-001" type="0"/>
    <Peak1D F1="8.206445" intensity="1.329455e-001" type="0"/>
    <Peak1D F1="8.189425" intensity="2.755058e-001" type="0"/>
    <Peak1D F1="8.177580" intensity="1.683059e-001" type="0"/>
    <Peak1D F1="8.172709" intensity="2.708024e-001" type="0"/>
    <Peak1D F1="8.169222" intensity="2.663738e-001" type="0"/>
    <Peak1D F1="8.156365" intensity="3.542863e+000" type="0"/>
    <Peak1D F1="8.151442" intensity="1.394630e+000" type="0"/>
    <Peak1D F1="8.138968" intensity="1.335415e+000" type="0"/>
    <Peak1D F1="8.134406" intensity="3.723051e+000" type="0"/>
    <Peak1D F1="8.128369" intensity="8.943691e-001" type="0"/>
    <Peak1D F1="8.105533" intensity="1.673399e-001" type="0"/>
    <Peak1D F1="8.084244" intensity="6.650534e-002" type="0"/>
    <Peak1D F1="8.054466" intensity="2.051747e-002" type="0"/>
    <Peak1D F1="8.035485" intensity="2.487272e-002" type="0"/>
    <Peak1D F1="8.019668" intensity="1.141096e-001" type="0"/>
    <Peak1D F1="8.014800" intensity="3.968574e-002" type="0"/>
    <Peak1D F1="8.002521" intensity="3.974016e-002" type="0"/>
    <Peak1D F1="7.997817" intensity="9.070189e-002" type="0"/>
    <Peak1D F1="7.974668" intensity="1.359223e-002" type="0"/>
    <Peak1D F1="7.954756" intensity="1.582064e-002" type="0"/>
    <Peak1D F1="7.941123" intensity="8.046061e-002" type="0"/>
    <Peak1D F1="7.924636" intensity="7.773556e-002" type="0"/>
    <Peak1D F1="7.920403" intensity="8.206055e-002" type="0"/>
    <Peak1D F1="7.897659" intensity="1.481856e-002" type="0"/>
    <Peak1D F1="7.875984" intensity="9.403794e-003" type="0"/>
    <Peak1D F1="7.862112" intensity="1.410938e-002" type="0"/>
    <Peak1D F1="7.844702" intensity="1.613282e-002" type="0"/>
    <Peak1D F1="7.831462" intensity="2.592956e-002" type="0"/>
    <Peak1D F1="7.809565" intensity="2.393290e-002" type="0"/>
    <Peak1D F1="7.769928" intensity="6.303062e-003" type="0"/>
    <Peak1D F1="7.720375" intensity="7.523909e-002" type="0"/>
    <Peak1D F1="7.699682" intensity="2.014438e-001" type="0"/>
    <Peak1D F1="7.681841" intensity="1.806656e-001" type="0"/>
    <Peak1D F1="7.662229" intensity="2.239542e-002" type="0"/>
    <Peak1D F1="7.643766" intensity="6.158656e-002" type="0"/>
    <Peak1D F1="7.621855" intensity="6.765570e-002" type="0"/>
    <Peak1D F1="7.608238" intensity="3.155242e-002" type="0"/>
    <Peak1D F1="7.596000" intensity="3.905824e-002" type="0"/>
    <Peak1D F1="7.586221" intensity="5.245852e-002" type="0"/>
    <Peak1D F1="7.579732" intensity="3.999813e-002" type="0"/>
    <Peak1D F1="7.574837" intensity="4.806133e-002" type="0"/>
    <Peak1D F1="7.555875" intensity="1.296887e-001" type="0"/>
    <Peak1D F1="7.536511" intensity="1.836933e-001" type="0"/>
    <Peak1D F1="7.528487" intensity="1.832315e-001" type="0"/>
    <Peak1D F1="7.522087" intensity="1.281632e-001" type="0"/>
    <Peak1D F1="7.518157" intensity="1.651409e-001" type="0"/>
    <Peak1D F1="7.506402" intensity="1.815982e-001" type="0"/>
    <Peak1D F1="7.495197" intensity="1.515298e-001" type="0"/>
    <Peak1D F1="7.479619" intensity="3.378763e+000" type="0"/>
    <Peak1D F1="7.475217" intensity="1.213584e+000" type="0"/>
    <Peak1D F1="7.457805" intensity="3.315991e+000" type="0"/>
    <Peak1D F1="7.444982" intensity="4.085189e-001" type="0"/>
    <Peak1D F1="7.440461" intensity="3.972335e-001" type="0"/>
    <Peak1D F1="7.427542" intensity="1.825140e-001" type="0"/>
    <Peak1D F1="7.424672" intensity="1.735675e-001" type="0"/>
    <Peak1D F1="7.412599" intensity="9.229207e-002" type="0"/>
    <Peak1D F1="7.406561" intensity="1.985888e-001" type="0"/>
    <Peak1D F1="7.401158" intensity="1.094996e-001" type="0"/>
    <Peak1D F1="7.387696" intensity="1.332061e-001" type="0"/>
    <Peak1D F1="7.384165" intensity="1.360141e-001" type="0"/>
    <Peak1D F1="7.365392" intensity="1.399341e-001" type="0"/>
    <Peak1D F1="7.347703" intensity="2.343491e-001" type="0"/>
    <Peak1D F1="7.328825" intensity="2.404989e-001" type="0"/>
    <Peak1D F1="7.311612" intensity="9.567415e-002" type="0"/>
    <Peak1D F1="7.287983" intensity="2.221653e-002" type="0"/>
    <Peak1D F1="7.272648" intensity="2.549238e-002" type="0"/>
    <Peak1D F1="7.257556" intensity="3.455143e-002" type="0"/>
    <Peak1D F1="7.246723" intensity="1.035798e-001" type="0"/>
    <Peak1D F1="7.240896" intensity="3.857301e-002" type="0"/>
    <Peak1D F1="7.224587" intensity="4.243957e-002" type="0"/>
    <Peak1D F1="7.196752" intensity="5.172825e+000" type="0"/>
    <Peak1D F1="7.162570" intensity="2.537995e-002" type="0"/>
    <Peak1D F1="7.146586" intensity="8.480638e-002" type="0"/>
    <Peak1D F1="7.072326" intensity="7.697896e-003" type="0"/>
    <Peak1D F1="7.053658" intensity="6.001099e-003" type="0"/>
    <Peak1D F1="7.026292" intensity="7.788497e-003" type="0"/>
    <Peak1D F1="7.010166" intensity="4.954643e-003" type="0"/>
    <Peak1D F1="6.932607" intensity="2.454368e-002" type="0"/>
    <Peak1D F1="6.778576" intensity="6.946375e-003" type="0"/>
    <Peak1D F1="6.756351" intensity="7.403530e-003" type="0"/>
    <Peak1D F1="6.312886" intensity="7.860716e-003" type="0"/>
    <Peak1D F1="6.215410" intensity="1.588808e-002" type="0"/>
    <Peak1D F1="6.117000" intensity="1.146592e-001" type="0"/>
    <Peak1D F1="6.066613" intensity="8.591232e-002" type="0"/>
    <Peak1D F1="6.053780" intensity="3.033646e-002" type="0"/>
    <Peak1D F1="6.047894" intensity="3.572099e-002" type="0"/>
    <Peak1D F1="6.016581" intensity="4.858837e+000" type="0"/>
    <Peak1D F1="5.976989" intensity="9.337256e-003" type="0"/>
    <Peak1D F1="5.966415" intensity="7.648331e-002" type="0"/>
    <Peak1D F1="5.954379" intensity="4.406115e-002" type="0"/>
    <Peak1D F1="5.942738" intensity="4.230295e-002" type="0"/>
    <Peak1D F1="5.822565" intensity="2.761154e-002" type="0"/>
    <Peak1D F1="5.815150" intensity="3.756312e-002" type="0"/>
    <Peak1D F1="5.773174" intensity="6.421854e-003" type="0"/>
    <Peak1D F1="5.765969" intensity="8.373681e-003" type="0"/>
    <Peak1D F1="5.722302" intensity="5.951381e-003" type="0"/>
    <Peak1D F1="5.694984" intensity="5.087535e-003" type="0"/>
    <Peak1D F1="5.671347" intensity="2.933924e-002" type="0"/>
    <Peak1D F1="5.645122" intensity="2.939280e-002" type="0"/>
    <Peak1D F1="5.629955" intensity="5.894295e-003" type="0"/>
    <Peak1D F1="5.607819" intensity="5.579180e-003" type="0"/>
    <Peak1D F1="5.580155" intensity="8.004143e-003" type="0"/>
    <Peak1D F1="5.526552" intensity="9.559251e-003" type="0"/>
    <Peak1D F1="5.505590" intensity="8.613204e-003" type="0"/>
    <Peak1D F1="5.489085" intensity="1.511564e-002" type="0"/>
    <Peak1D F1="5.449575" intensity="1.430559e-002" type="0"/>
    <Peak1D F1="5.384281" intensity="1.901436e-002" type="0"/>
    <Peak1D F1="5.353672" intensity="1.400803e-001" type="0"/>
    <Peak1D F1="5.346700" intensity="1.407128e-001" type="0"/>
    <Peak1D F1="5.316465" intensity="1.337521e-002" type="0"/>
    <Peak1D F1="5.294964" intensity="7.127826e-003" type="0"/>
    <Peak1D F1="5.265212" intensity="5.220297e-003" type="0"/>
    <Peak1D F1="5.213869" intensity="5.175408e-003" type="0"/>
    <Peak1D F1="5.133788" intensity="8.546601e-003" type="0"/>
    <Peak1D F1="5.119214" intensity="8.800278e-003" type="0"/>
    <Peak1D F1="5.002733" intensity="9.391144e-003" type="0"/>
    <Peak1D F1="4.987664" intensity="1.126645e-002" type="0"/>
    <Peak1D F1="4.971166" intensity="1.758172e-002" type="0"/>
    <Peak1D F1="4.948701" intensity="1.932234e-002" type="0"/>
    <Peak1D F1="4.928636" intensity="1.300882e-002" type="0"/>
    <Peak1D F1="4.918019" intensity="1.359590e-002" type="0"/>
    <Peak1D F1="4.891942" intensity="2.603950e-002" type="0"/>
    <Peak1D F1="4.871935" intensity="3.566945e-002" type="0"/>
    <Peak1D F1="4.853012" intensity="3.317417e-002" type="0"/>
    <Peak1D F1="4.841522" intensity="6.011884e-002" type="0"/>
    <Peak1D F1="4.819032" intensity="6.496014e-002" type="0"/>
    <Peak1D F1="4.791947" intensity="1.791271e+000" type="0"/>
    <Peak1D F1="4.769184" intensity="1.830823e+000" type="0"/>
    <Peak1D F1="4.741265" intensity="8.830202e-002" type="0"/>
    <Peak1D F1="4.718803" intensity="1.199546e-001" type="0"/>
    <Peak1D F1="4.675646" intensity="1.907070e-001" type="0"/>
    <Peak1D F1="4.609312" intensity="6.189458e-002" type="0"/>
    <Peak1D F1="4.585288" intensity="4.379971e-002" type="0"/>
    <Peak1D F1="4.517099" intensity="1.469961e-002" type="0"/>
    <Peak1D F1="4.496619" intensity="1.249182e-002" type="0"/>
    <Peak1D F1="4.451845" intensity="9.038718e-003" type="0"/>
    <Peak1D F1="4.440113" intensity="7.977800e-003" type="0"/>
    <Peak1D F1="4.428019" intensity="7.777887e-003" type="0"/>
    <Peak1D F1="4.401762" intensity="6.577849e-003" type="0"/>
    <Peak1D F1="3.876838" intensity="7.824092e-002" type="0"/>
    <Peak1D F1="3.860145" intensity="7.401288e-003" type="0"/>
    <Peak1D F1="3.843294" intensity="8.646918e-002" type="0"/>
    <Peak1D F1="3.821087" intensity="5.668322e-002" type="0"/>
    <Peak1D F1="3.809911" intensity="3.553410e-001" type="0"/>
    <Peak1D F1="3.793246" intensity="1.170462e-002" type="0"/>
    <Peak1D F1="3.749383" intensity="2.697681e-001" type="0"/>
    <Peak1D F1="3.744426" intensity="2.087623e-001" type="0"/>
    <Peak1D F1="3.736310" intensity="3.765257e-002" type="0"/>
    <Peak1D F1="3.730514" intensity="4.421660e-002" type="0"/>
    <Peak1D F1="3.699407" intensity="1.467378e+001" type="0"/>
    <Peak1D F1="3.665063" intensity="2.404706e-002" type="0"/>
    <Peak1D F1="3.660040" intensity="3.063693e-002" type="0"/>
    <Peak1D F1="3.649238" intensity="2.317725e-001" type="0"/>
    <Peak1D F1="3.600419" intensity="1.272015e-002" type="0"/>
    <Peak1D F1="3.581351" intensity="5.165989e-003" type="0"/>
    <Peak1D F1="3.517200" intensity="7.629184e-002" type="0"/>
    <Peak1D F1="3.436825" intensity="5.086839e-003" type="0"/>
    <Peak1D F1="3.339518" intensity="4.914829e-003" type="0"/>
    <Peak1D F1="2.959542" intensity="8.709207e-003" type="0"/>
    <Peak1D F1="2.941468" intensity="1.194302e-002" type="0"/>
    <Peak1D F1="2.935283" intensity="1.381319e-002" type="0"/>
    <Peak1D F1="2.917272" intensity="9.840505e-003" type="0"/>
    <Peak1D F1="2.801360" intensity="1.212585e-002" type="0"/>
    <Peak1D F1="2.789975" intensity="1.452283e-002" type="0"/>
    <Peak1D F1="2.776044" intensity="2.384442e-002" type="0"/>
    <Peak1D F1="2.761105" intensity="2.080084e-002" type="0"/>
    <Peak1D F1="2.752396" intensity="2.719378e-002" type="0"/>
    <Peak1D F1="2.649790" intensity="1.000162e-002" type="0"/>
    <Peak1D F1="2.619279" intensity="1.288796e-002" type="0"/>
    <Peak1D F1="2.608288" intensity="1.213544e-002" type="0"/>
    <Peak1D F1="2.597658" intensity="1.143823e-002" type="0"/>
    <Peak1D F1="2.525660" intensity="1.386582e-002" type="0"/>
    <Peak1D F1="2.474494" intensity="2.109379e-002" type="0"/>
    <Peak1D F1="2.435017" intensity="3.160807e-001" type="0"/>
    <Peak1D F1="2.430240" intensity="3.357272e-001" type="0"/>
    <Peak1D F1="2.421849" intensity="1.767557e-001" type="0"/>
    <Peak1D F1="2.414862" intensity="3.557960e-001" type="0"/>
    <Peak1D F1="2.409217" intensity="3.699126e-001" type="0"/>
    <Peak1D F1="2.385555" intensity="5.159863e-001" type="0"/>
    <Peak1D F1="2.381943" intensity="4.767448e-001" type="0"/>
    <Peak1D F1="2.361027" intensity="6.014093e-001" type="0"/>
    <Peak1D F1="2.352217" intensity="4.084395e-001" type="0"/>
    <Peak1D F1="2.329189" intensity="6.342613e-001" type="0"/>
    <Peak1D F1="2.321716" intensity="3.740852e-001" type="0"/>
    <Peak1D F1="2.318555" intensity="3.266119e-001" type="0"/>
    <Peak1D F1="2.309320" intensity="4.878196e-001" type="0"/>
    <Peak1D F1="2.305842" intensity="4.434694e-001" type="0"/>
    <Peak1D F1="2.299059" intensity="5.805131e-001" type="0"/>
    <Peak1D F1="2.279049" intensity="3.645338e-001" type="0"/>
    <Peak1D F1="2.249501" intensity="6.099057e-001" type="0"/>
    <Peak1D F1="2.234893" intensity="1.420949e-001" type="0"/>
    <Peak1D F1="2.227382" intensity="6.969755e-001" type="0"/>
    <Peak1D F1="2.223226" intensity="7.062719e-001" type="0"/>
    <Peak1D F1="2.200614" intensity="8.946434e-001" type="0"/>
    <Peak1D F1="2.193102" intensity="1.867570e-001" type="0"/>
    <Peak1D F1="2.179134" intensity="4.843037e-001" type="0"/>
    <Peak1D F1="2.174496" intensity="4.793172e-001" type="0"/>
    <Peak1D F1="2.167344" intensity="1.688416e-001" type="0"/>
    <Peak1D F1="2.152084" intensity="6.086133e-001" type="0"/>
    <Peak1D F1="2.145282" intensity="4.325705e-001" type="0"/>
    <Peak1D F1="2.114991" intensity="4.640461e+000" type="0"/>
    <Peak1D F1="2.106649" intensity="3.651520e+000" type="0"/>
    <Peak1D F1="2.104455" intensity="3.900743e+000" type="0"/>
    <Peak1D F1="2.095423" intensity="1.446768e+001" type="0"/>
    <Peak1D F1="2.083818" intensity="3.910396e+000" type="0"/>
    <Peak1D F1="2.076695" intensity="7.154573e+000" type="0"/>
    <Peak1D F1="2.060972" intensity="4.442515e-001" type="0"/>
    <Peak1D F1="2.055464" intensity="3.891484e-001" type="0"/>
    <Peak1D F1="2.051553" intensity="3.838688e-001" type="0"/>
    <Peak1D F1="2.045631" intensity="4.143341e-001" type="0"/>
    <Peak1D F1="2.026728" intensity="1.957745e-001" type="0"/>
    <Peak1D F1="2.013124" intensity="9.451718e-002" type="0"/>
    <Peak1D F1="1.984504" intensity="3.283067e-001" type="0"/>
    <Peak1D F1="1.979837" intensity="2.741195e-001" type="0"/>
    <Peak1D F1="1.967789" intensity="3.597098e-001" type="0"/>
    <Peak1D F1="1.962634" intensity="5.028253e-001" type="0"/>
    <Peak1D F1="1.957108" intensity="6.377411e-001" type="0"/>
    <Peak1D F1="1.952587" intensity="6.218396e-001" type="0"/>
    <Peak1D F1="1.947783" intensity="6.271191e-001" type="0"/>
    <Peak1D F1="1.940256" intensity="9.822049e-001" type="0"/>
    <Peak1D F1="1.935952" intensity="1.014104e+000" type="0"/>
    <Peak1D F1="1.931532" intensity="1.060139e+000" type="0"/>
    <Peak1D F1="1.924947" intensity="1.078541e+000" type="0"/>
    <Peak1D F1="1.919613" intensity="1.045187e+000" type="0"/>
    <Peak1D F1="1.909962" intensity="7.293856e+000" type="0"/>
    <Peak1D F1="1.898809" intensity="6.114846e+000" type="0"/>
    <Peak1D F1="1.890373" intensity="1.500000e+001" type="0"/>
    <Peak1D F1="1.881594" intensity="5.407074e+000" type="0"/>
    <Peak1D F1="1.879460" intensity="5.404211e+000" type="0"/>
    <Peak1D F1="1.870979" intensity="4.651151e+000" type="0"/>
    <Peak1D F1="1.859057" intensity="6.135230e-001" type="0"/>
    <Peak1D F1="1.848809" intensity="3.877193e-001" type="0"/>
    <Peak1D F1="1.840353" intensity="3.609658e-001" type="0"/>
    <Peak1D F1="1.831650" intensity="1.788343e-001" type="0"/>
    <Peak1D F1="1.820821" intensity="1.450779e-001" type="0"/>
    <Peak1D F1="1.810511" intensity="8.281745e-002" type="0"/>
    <Peak1D F1="1.794819" intensity="7.499409e-002" type="0"/>
    <Peak1D F1="1.779646" intensity="7.039621e-002" type="0"/>
    <Peak1D F1="1.773319" intensity="6.765801e-002" type="0"/>
    <Peak1D F1="1.759380" intensity="7.831568e-002" type="0"/>
    <Peak1D F1="1.744206" intensity="2.020240e-001" type="0"/>
    <Peak1D F1="1.728510" intensity="2.713896e-001" type="0"/>
    <Peak1D F1="1.723243" intensity="2.696033e-001" type="0"/>
    <Peak1D F1="1.716149" intensity="3.048185e-001" type="0"/>
    <Peak1D F1="1.712401" intensity="2.198707e-001" type="0"/>
    <Peak1D F1="1.707299" intensity="3.473290e-001" type="0"/>
    <Peak1D F1="1.700327" intensity="5.392500e-001" type="0"/>
    <Peak1D F1="1.696696" intensity="4.893685e-001" type="0"/>
    <Peak1D F1="1.688754" intensity="3.877698e-001" type="0"/>
    <Peak1D F1="1.681007" intensity="1.153331e+000" type="0"/>
    <Peak1D F1="1.676285" intensity="7.158311e-001" type="0"/>
    <Peak1D F1="1.670297" intensity="7.763586e-001" type="0"/>
    <Peak1D F1="1.657439" intensity="1.100197e+000" type="0"/>
    <Peak1D F1="1.652899" intensity="8.902383e-001" type="0"/>
    <Peak1D F1="1.641730" intensity="6.493652e-001" type="0"/>
    <Peak1D F1="1.637164" intensity="7.482620e-001" type="0"/>
    <Peak1D F1="1.632648" intensity="5.090885e-001" type="0"/>
    <Peak1D F1="1.625910" intensity="3.318679e-001" type="0"/>
    <Peak1D F1="1.621361" intensity="3.532959e-001" type="0"/>
    <Peak1D F1="1.616881" intensity="3.364120e-001" type="0"/>
    <Peak1D F1="1.599296" intensity="1.208487e-001" type="0"/>
    <Peak1D F1="1.584695" intensity="1.193362e-001" type="0"/>
    <Peak1D F1="1.568700" intensity="1.064154e-001" type="0"/>
    <Peak1D F1="1.553123" intensity="1.063190e-001" type="0"/>
    <Peak1D F1="1.534763" intensity="3.310414e-001" type="0"/>
    <Peak1D F1="1.519188" intensity="2.370405e-001" type="0"/>
    <Peak1D F1="1.511968" intensity="2.860744e-001" type="0"/>
    <Peak1D F1="1.500759" intensity="5.606077e-001" type="0"/>
    <Peak1D F1="1.491858" intensity="1.980343e-001" type="0"/>
    <Peak1D F1="1.483251" intensity="6.655987e-001" type="0"/>
    <Peak1D F1="1.470343" intensity="4.600892e-001" type="0"/>
    <Peak1D F1="1.453547" intensity="4.648120e-001" type="0"/>
    <Peak1D F1="1.441792" intensity="1.023390e-001" type="0"/>
    <Peak1D F1="1.435695" intensity="1.468306e-001" type="0"/>
    <Peak1D F1="1.423712" intensity="1.611125e-001" type="0"/>
    <Peak1D F1="1.403216" intensity="4.166668e-002" type="0"/>
    <Peak1D F1="1.372398" intensity="3.191934e-002" type="0"/>
    <Peak1D F1="1.353286" intensity="2.601146e-002" type="0"/>
    <Peak1D F1="1.338576" intensity="2.694874e-002" type="0"/>
    <Peak1D F1="1.325255" intensity="2.275105e-002" type="0"/>
    <Peak1D F1="1.261394" intensity="2.602793e-002" type="0"/>
    <Peak1D F1="1.234190" intensity="3.792722e-002" type="0"/>
    <Peak1D F1="1.183501" intensity="8.341124e-002" type="0"/>
    <Peak1D F1="1.109017" intensity="8.618078e-003" type="0"/>
    <Peak1D F1="1.081965" intensity="9.097519e-003" type="0"/>
    <Peak1D F1="1.046337" intensity="7.990178e-003" type="0"/>
    <Peak1D F1="1.001398" intensity="6.584068e-003" type="0"/>
    <Peak1D F1="0.993446" intensity="6.394245e-003" type="0"/>
    <Peak1D F1="0.958206" intensity="6.534508e-003" type="0"/>
    <Peak1D F1="0.809287" intensity="2.530308e-002" type="0"/>
    <Peak1D F1="0.791661" intensity="1.467275e-002" type="0"/>
    <Peak1D F1="0.781224" intensity="1.018865e-002" type="0"/>
    <Peak1D F1="0.760283" intensity="9.486565e-003" type="0"/>
    <Peak1D F1="0.737508" intensity="7.735624e-003" type="0"/>
    <Peak1D F1="0.654503" intensity="4.947648e-003" type="0"/>
    <Peak1D F1="0.607432" intensity="5.049784e-003" type="0"/>
    <Peak1D F1="0.585483" intensity="5.131009e-003" type="0"/>
    <Peak1D F1="0.575530" intensity="5.203265e-003" type="0"/>
    <Peak1D F1="0.494830" intensity="5.127310e-003" type="0"/>
    <Peak1D F1="0.476630" intensity="5.102669e-003" type="0"/>
    <Peak1D F1="0.405618" intensity="4.992669e-003" type="0"/>
    <Peak1D F1="0.369063" intensity="4.996074e-003" type="0"/>
    <Peak1D F1="0.049757" intensity="7.824240e-003" type="0"/>
    <Peak1D F1="-0.000152" intensity="1.333483e-001" type="0"/>
    <Peak1D F1="-3.600698" intensity="5.341124e-003" type="0"/>
  </PeakList1D>
</PeakList>
