<?xml version="1.0" encoding="UTF-8"?>
<PeakList>
  <PeakList1D>
    <PeakList1DHeader creator="nmr" date="2021-10-26T23:36:15.912+03:00" expNo="10" name="ID-450-B-26.10.21" owner="" procNo="1" source="//132.72.8.180/400b/Milo/Milo">
      <PeakPickDetails>F1=16.103130ppm, F2=-3.925915ppm, MI=0.00cm, MAXI=10000.00cm, PC=1.000
      </PeakPickDetails>
    </PeakList1DHeader>
    <Peak1D F1="11.980587" intensity="2.937574e-003" type="0"/>
    <Peak1D F1="10.401997" intensity="2.861322e-003" type="0"/>
    <Peak1D F1="10.141406" intensity="7.130390e-003" type="0"/>
    <Peak1D F1="10.091950" intensity="3.619042e-001" type="0"/>
    <Peak1D F1="10.041425" intensity="6.066229e-003" type="0"/>
    <Peak1D F1="9.864154" intensity="2.969418e-003" type="0"/>
    <Peak1D F1="8.577467" intensity="3.058102e-003" type="0"/>
    <Peak1D F1="8.532218" intensity="3.390644e-003" type="0"/>
    <Peak1D F1="8.452709" intensity="3.565294e-003" type="0"/>
    <Peak1D F1="8.389336" intensity="8.078828e-003" type="0"/>
    <Peak1D F1="8.367089" intensity="2.149482e-002" type="0"/>
    <Peak1D F1="8.361274" intensity="1.862796e-002" type="0"/>
    <Peak1D F1="8.343632" intensity="1.278588e-001" type="0"/>
    <Peak1D F1="8.339583" intensity="2.693242e-001" type="0"/>
    <Peak1D F1="8.322230" intensity="1.756182e-001" type="0"/>
    <Peak1D F1="8.317949" intensity="2.738233e-001" type="0"/>
    <Peak1D F1="8.289760" intensity="1.269104e-002" type="0"/>
    <Peak1D F1="8.267033" intensity="1.469332e-002" type="0"/>
    <Peak1D F1="8.247403" intensity="2.349929e-002" type="0"/>
    <Peak1D F1="8.225784" intensity="3.966168e-002" type="0"/>
    <Peak1D F1="8.211175" intensity="1.756709e-001" type="0"/>
    <Peak1D F1="8.205724" intensity="1.288982e-001" type="0"/>
    <Peak1D F1="8.193637" intensity="1.267837e-001" type="0"/>
    <Peak1D F1="8.189197" intensity="1.985902e-001" type="0"/>
    <Peak1D F1="8.183309" intensity="1.377282e-001" type="0"/>
    <Peak1D F1="8.159926" intensity="1.485548e+000" type="0"/>
    <Peak1D F1="8.155059" intensity="3.679028e+000" type="0"/>
    <Peak1D F1="8.150306" intensity="1.281245e+000" type="0"/>
    <Peak1D F1="8.142739" intensity="7.051762e-001" type="0"/>
    <Peak1D F1="8.137916" intensity="2.266244e+000" type="0"/>
    <Peak1D F1="8.133126" intensity="3.706229e+000" type="0"/>
    <Peak1D F1="8.127127" intensity="6.525088e-001" type="0"/>
    <Peak1D F1="8.110155" intensity="4.952344e-002" type="0"/>
    <Peak1D F1="8.105004" intensity="6.175551e-002" type="0"/>
    <Peak1D F1="8.088217" intensity="4.700821e-002" type="0"/>
    <Peak1D F1="8.083250" intensity="5.606890e-002" type="0"/>
    <Peak1D F1="8.070608" intensity="1.124995e-002" type="0"/>
    <Peak1D F1="8.048371" intensity="1.056309e-002" type="0"/>
    <Peak1D F1="8.019984" intensity="3.376036e-001" type="0"/>
    <Peak1D F1="8.015116" intensity="9.928959e-002" type="0"/>
    <Peak1D F1="7.998127" intensity="2.767035e-001" type="0"/>
    <Peak1D F1="7.992786" intensity="3.635797e-002" type="0"/>
    <Peak1D F1="7.970075" intensity="5.097904e-003" type="0"/>
    <Peak1D F1="7.945326" intensity="1.352274e-002" type="0"/>
    <Peak1D F1="7.940338" intensity="1.259819e-002" type="0"/>
    <Peak1D F1="7.924299" intensity="1.541892e-002" type="0"/>
    <Peak1D F1="7.917694" intensity="1.362181e-002" type="0"/>
    <Peak1D F1="7.897931" intensity="4.715258e-003" type="0"/>
    <Peak1D F1="7.885165" intensity="3.207475e-003" type="0"/>
    <Peak1D F1="7.879022" intensity="4.724072e-003" type="0"/>
    <Peak1D F1="7.857963" intensity="3.189909e-003" type="0"/>
    <Peak1D F1="7.683205" intensity="1.740827e-002" type="0"/>
    <Peak1D F1="7.679440" intensity="1.698538e-002" type="0"/>
    <Peak1D F1="7.661181" intensity="1.817958e-002" type="0"/>
    <Peak1D F1="7.641991" intensity="1.105312e-002" type="0"/>
    <Peak1D F1="7.609233" intensity="2.422705e-002" type="0"/>
    <Peak1D F1="7.585937" intensity="2.638776e-002" type="0"/>
    <Peak1D F1="7.571112" intensity="2.047830e-002" type="0"/>
    <Peak1D F1="7.548616" intensity="3.142679e-002" type="0"/>
    <Peak1D F1="7.528436" intensity="2.117459e-001" type="0"/>
    <Peak1D F1="7.506041" intensity="2.884200e-001" type="0"/>
    <Peak1D F1="7.499266" intensity="1.454031e-001" type="0"/>
    <Peak1D F1="7.479053" intensity="3.887176e+000" type="0"/>
    <Peak1D F1="7.457285" intensity="3.529637e+000" type="0"/>
    <Peak1D F1="7.451644" intensity="4.687813e-001" type="0"/>
    <Peak1D F1="7.439374" intensity="2.229194e-001" type="0"/>
    <Peak1D F1="7.432474" intensity="9.343458e-002" type="0"/>
    <Peak1D F1="7.429182" intensity="9.693847e-002" type="0"/>
    <Peak1D F1="7.410583" intensity="6.103415e-002" type="0"/>
    <Peak1D F1="7.407214" intensity="6.857667e-002" type="0"/>
    <Peak1D F1="7.384060" intensity="1.690447e-002" type="0"/>
    <Peak1D F1="7.354613" intensity="1.885333e-002" type="0"/>
    <Peak1D F1="7.329464" intensity="3.641132e-002" type="0"/>
    <Peak1D F1="7.315127" intensity="5.210246e-002" type="0"/>
    <Peak1D F1="7.309276" intensity="5.786979e-002" type="0"/>
    <Peak1D F1="7.299780" intensity="4.727983e-002" type="0"/>
    <Peak1D F1="7.294858" intensity="5.601674e-002" type="0"/>
    <Peak1D F1="7.271888" intensity="4.686479e-002" type="0"/>
    <Peak1D F1="7.247908" intensity="2.952695e-001" type="0"/>
    <Peak1D F1="7.198021" intensity="1.637869e+001" type="0"/>
    <Peak1D F1="7.173884" intensity="3.426781e-002" type="0"/>
    <Peak1D F1="7.147963" intensity="2.745423e-001" type="0"/>
    <Peak1D F1="7.129437" intensity="5.666588e-003" type="0"/>
    <Peak1D F1="7.103400" intensity="4.255573e-003" type="0"/>
    <Peak1D F1="7.097861" intensity="5.672099e-003" type="0"/>
    <Peak1D F1="7.057221" intensity="3.311109e-003" type="0"/>
    <Peak1D F1="7.016022" intensity="5.682147e-003" type="0"/>
    <Peak1D F1="6.996495" intensity="5.826990e-003" type="0"/>
    <Peak1D F1="6.933877" intensity="8.647185e-002" type="0"/>
    <Peak1D F1="6.885144" intensity="2.228366e-002" type="0"/>
    <Peak1D F1="6.867822" intensity="3.032697e-002" type="0"/>
    <Peak1D F1="6.862338" intensity="4.273549e-002" type="0"/>
    <Peak1D F1="6.854380" intensity="4.058022e-002" type="0"/>
    <Peak1D F1="6.846160" intensity="5.483311e-002" type="0"/>
    <Peak1D F1="6.838813" intensity="6.608696e-002" type="0"/>
    <Peak1D F1="6.831939" intensity="8.919614e-002" type="0"/>
    <Peak1D F1="6.825843" intensity="9.159998e-002" type="0"/>
    <Peak1D F1="6.815527" intensity="7.667755e-002" type="0"/>
    <Peak1D F1="6.809666" intensity="9.498978e-002" type="0"/>
    <Peak1D F1="6.803424" intensity="7.142077e-002" type="0"/>
    <Peak1D F1="6.787152" intensity="3.699723e-002" type="0"/>
    <Peak1D F1="6.757108" intensity="4.624861e-003" type="0"/>
    <Peak1D F1="6.603534" intensity="3.245547e-003" type="0"/>
    <Peak1D F1="6.307751" intensity="8.030269e-003" type="0"/>
    <Peak1D F1="6.287071" intensity="7.046012e-003" type="0"/>
    <Peak1D F1="6.240197" intensity="5.952522e-003" type="0"/>
    <Peak1D F1="6.213985" intensity="1.852499e-002" type="0"/>
    <Peak1D F1="6.191724" intensity="5.104319e-003" type="0"/>
    <Peak1D F1="6.159993" intensity="5.425254e-003" type="0"/>
    <Peak1D F1="6.155412" intensity="5.460976e-003" type="0"/>
    <Peak1D F1="6.116433" intensity="2.248351e-002" type="0"/>
    <Peak1D F1="6.069527" intensity="5.053857e-002" type="0"/>
    <Peak1D F1="6.065622" intensity="7.335045e-002" type="0"/>
    <Peak1D F1="6.019584" intensity="1.915240e+000" type="0"/>
    <Peak1D F1="6.015679" intensity="4.981864e+000" type="0"/>
    <Peak1D F1="5.970020" intensity="4.485457e-002" type="0"/>
    <Peak1D F1="5.965626" intensity="7.094828e-002" type="0"/>
    <Peak1D F1="5.868200" intensity="4.625423e-002" type="0"/>
    <Peak1D F1="5.855529" intensity="4.508618e-002" type="0"/>
    <Peak1D F1="5.813792" intensity="1.566966e-002" type="0"/>
    <Peak1D F1="5.808122" intensity="7.646677e-003" type="0"/>
    <Peak1D F1="5.593599" intensity="2.881163e-003" type="0"/>
    <Peak1D F1="5.523592" intensity="4.766315e-003" type="0"/>
    <Peak1D F1="5.514330" intensity="4.695014e-003" type="0"/>
    <Peak1D F1="5.503675" intensity="3.919058e-003" type="0"/>
    <Peak1D F1="5.451181" intensity="3.435647e-003" type="0"/>
    <Peak1D F1="5.434768" intensity="5.861169e-003" type="0"/>
    <Peak1D F1="5.389595" intensity="1.433077e-001" type="0"/>
    <Peak1D F1="5.349719" intensity="8.204829e-002" type="0"/>
    <Peak1D F1="5.272227" intensity="2.372831e-002" type="0"/>
    <Peak1D F1="5.229853" intensity="1.821322e-002" type="0"/>
    <Peak1D F1="5.216911" intensity="1.610983e-002" type="0"/>
    <Peak1D F1="5.175818" intensity="1.530749e-002" type="0"/>
    <Peak1D F1="5.165752" intensity="1.181911e-002" type="0"/>
    <Peak1D F1="5.151269" intensity="1.094930e-002" type="0"/>
    <Peak1D F1="5.133489" intensity="1.034560e-002" type="0"/>
    <Peak1D F1="5.092606" intensity="8.572697e-003" type="0"/>
    <Peak1D F1="5.057642" intensity="7.619778e-003" type="0"/>
    <Peak1D F1="5.042750" intensity="6.748527e-003" type="0"/>
    <Peak1D F1="4.998172" intensity="4.737006e-003" type="0"/>
    <Peak1D F1="4.971956" intensity="1.285690e-002" type="0"/>
    <Peak1D F1="4.949910" intensity="1.268102e-002" type="0"/>
    <Peak1D F1="4.917152" intensity="4.263177e-003" type="0"/>
    <Peak1D F1="4.905474" intensity="6.563338e-003" type="0"/>
    <Peak1D F1="4.891932" intensity="7.712964e-003" type="0"/>
    <Peak1D F1="4.884902" intensity="8.178835e-003" type="0"/>
    <Peak1D F1="4.868986" intensity="7.971158e-003" type="0"/>
    <Peak1D F1="4.842375" intensity="3.935346e-002" type="0"/>
    <Peak1D F1="4.819804" intensity="5.067877e-002" type="0"/>
    <Peak1D F1="4.792565" intensity="2.041284e+000" type="0"/>
    <Peak1D F1="4.769807" intensity="2.078632e+000" type="0"/>
    <Peak1D F1="4.742734" intensity="5.595398e-002" type="0"/>
    <Peak1D F1="4.732789" intensity="5.654640e-002" type="0"/>
    <Peak1D F1="4.719894" intensity="6.612717e-002" type="0"/>
    <Peak1D F1="4.682764" intensity="2.214103e+000" type="0"/>
    <Peak1D F1="4.632428" intensity="5.249891e-002" type="0"/>
    <Peak1D F1="4.610171" intensity="1.819714e-002" type="0"/>
    <Peak1D F1="4.586071" intensity="1.520781e-002" type="0"/>
    <Peak1D F1="4.508388" intensity="2.986359e-003" type="0"/>
    <Peak1D F1="4.488296" intensity="4.144128e-003" type="0"/>
    <Peak1D F1="4.472509" intensity="3.002796e-003" type="0"/>
    <Peak1D F1="4.384886" intensity="3.134800e-003" type="0"/>
    <Peak1D F1="3.876265" intensity="8.099921e-002" type="0"/>
    <Peak1D F1="3.813107" intensity="3.557677e-002" type="0"/>
    <Peak1D F1="3.809342" intensity="6.496999e-002" type="0"/>
    <Peak1D F1="3.752628" intensity="1.437238e-001" type="0"/>
    <Peak1D F1="3.748632" intensity="2.256730e-001" type="0"/>
    <Peak1D F1="3.744319" intensity="6.262787e-002" type="0"/>
    <Peak1D F1="3.702654" intensity="5.824531e+000" type="0"/>
    <Peak1D F1="3.698825" intensity="1.500000e+001" type="0"/>
    <Peak1D F1="3.653056" intensity="1.395803e-001" type="0"/>
    <Peak1D F1="3.648776" intensity="2.159315e-001" type="0"/>
    <Peak1D F1="3.611892" intensity="4.483787e-003" type="0"/>
    <Peak1D F1="3.598711" intensity="6.565684e-003" type="0"/>
    <Peak1D F1="3.538024" intensity="3.714462e-003" type="0"/>
    <Peak1D F1="3.520226" intensity="3.286437e-002" type="0"/>
    <Peak1D F1="3.516558" intensity="7.920073e-002" type="0"/>
    <Peak1D F1="2.955656" intensity="5.330222e-003" type="0"/>
    <Peak1D F1="2.942337" intensity="1.107132e-002" type="0"/>
    <Peak1D F1="2.935805" intensity="9.307931e-003" type="0"/>
    <Peak1D F1="2.924478" intensity="7.325336e-003" type="0"/>
    <Peak1D F1="2.917899" intensity="7.919016e-003" type="0"/>
    <Peak1D F1="2.791787" intensity="6.231942e-003" type="0"/>
    <Peak1D F1="2.768866" intensity="1.602366e-002" type="0"/>
    <Peak1D F1="2.756314" intensity="1.406604e-002" type="0"/>
    <Peak1D F1="2.737127" intensity="1.944396e-002" type="0"/>
    <Peak1D F1="2.728111" intensity="1.833563e-002" type="0"/>
    <Peak1D F1="2.720319" intensity="1.743560e-002" type="0"/>
    <Peak1D F1="2.706732" intensity="1.669982e-002" type="0"/>
    <Peak1D F1="2.676453" intensity="6.986354e-003" type="0"/>
    <Peak1D F1="2.622852" intensity="2.267798e-002" type="0"/>
    <Peak1D F1="2.547582" intensity="1.041324e-002" type="0"/>
    <Peak1D F1="2.536699" intensity="8.583322e-003" type="0"/>
    <Peak1D F1="2.511856" intensity="6.041815e-003" type="0"/>
    <Peak1D F1="2.434904" intensity="3.727726e-001" type="0"/>
    <Peak1D F1="2.430069" intensity="3.568128e-001" type="0"/>
    <Peak1D F1="2.414304" intensity="4.180178e-001" type="0"/>
    <Peak1D F1="2.409184" intensity="3.722771e-001" type="0"/>
    <Peak1D F1="2.385464" intensity="6.141941e-001" type="0"/>
    <Peak1D F1="2.381907" intensity="5.407218e-001" type="0"/>
    <Peak1D F1="2.369940" intensity="3.731423e-001" type="0"/>
    <Peak1D F1="2.364835" intensity="6.029641e-001" type="0"/>
    <Peak1D F1="2.360864" intensity="6.583831e-001" type="0"/>
    <Peak1D F1="2.353845" intensity="5.136834e-001" type="0"/>
    <Peak1D F1="2.330500" intensity="7.794676e-001" type="0"/>
    <Peak1D F1="2.322926" intensity="4.580428e-001" type="0"/>
    <Peak1D F1="2.319788" intensity="3.939674e-001" type="0"/>
    <Peak1D F1="2.310644" intensity="6.011736e-001" type="0"/>
    <Peak1D F1="2.307078" intensity="5.228127e-001" type="0"/>
    <Peak1D F1="2.300238" intensity="7.183206e-001" type="0"/>
    <Peak1D F1="2.288700" intensity="1.710559e-001" type="0"/>
    <Peak1D F1="2.280347" intensity="4.479576e-001" type="0"/>
    <Peak1D F1="2.254443" intensity="2.750647e-001" type="0"/>
    <Peak1D F1="2.249684" intensity="6.151702e-001" type="0"/>
    <Peak1D F1="2.227610" intensity="8.530927e-001" type="0"/>
    <Peak1D F1="2.223392" intensity="7.089416e-001" type="0"/>
    <Peak1D F1="2.205504" intensity="4.431725e-001" type="0"/>
    <Peak1D F1="2.200686" intensity="8.768162e-001" type="0"/>
    <Peak1D F1="2.193067" intensity="1.738594e-001" type="0"/>
    <Peak1D F1="2.179372" intensity="5.696569e-001" type="0"/>
    <Peak1D F1="2.174682" intensity="4.680163e-001" type="0"/>
    <Peak1D F1="2.152005" intensity="5.910325e-001" type="0"/>
    <Peak1D F1="2.145933" intensity="2.903032e-001" type="0"/>
    <Peak1D F1="2.115803" intensity="3.222322e+000" type="0"/>
    <Peak1D F1="2.100452" intensity="6.992649e+000" type="0"/>
    <Peak1D F1="2.096123" intensity="9.615581e+000" type="0"/>
    <Peak1D F1="2.083984" intensity="2.819328e+000" type="0"/>
    <Peak1D F1="2.077663" intensity="4.481149e+000" type="0"/>
    <Peak1D F1="2.069853" intensity="6.992364e-001" type="0"/>
    <Peak1D F1="2.061384" intensity="3.108342e-001" type="0"/>
    <Peak1D F1="2.055804" intensity="2.911323e-001" type="0"/>
    <Peak1D F1="2.050395" intensity="3.299976e-001" type="0"/>
    <Peak1D F1="2.046401" intensity="2.911148e-001" type="0"/>
    <Peak1D F1="2.028234" intensity="1.412635e-001" type="0"/>
    <Peak1D F1="2.019499" intensity="9.248281e-002" type="0"/>
    <Peak1D F1="2.011833" intensity="8.048941e-002" type="0"/>
    <Peak1D F1="1.999851" intensity="1.097979e-001" type="0"/>
    <Peak1D F1="1.988483" intensity="3.025446e-001" type="0"/>
    <Peak1D F1="1.984282" intensity="3.916641e-001" type="0"/>
    <Peak1D F1="1.967344" intensity="4.514845e-001" type="0"/>
    <Peak1D F1="1.962451" intensity="6.025521e-001" type="0"/>
    <Peak1D F1="1.956809" intensity="6.905069e-001" type="0"/>
    <Peak1D F1="1.952451" intensity="6.528201e-001" type="0"/>
    <Peak1D F1="1.945361" intensity="6.278746e-001" type="0"/>
    <Peak1D F1="1.940163" intensity="9.043935e-001" type="0"/>
    <Peak1D F1="1.931952" intensity="9.182466e-001" type="0"/>
    <Peak1D F1="1.925121" intensity="8.489433e-001" type="0"/>
    <Peak1D F1="1.910239" intensity="4.925735e+000" type="0"/>
    <Peak1D F1="1.900966" intensity="4.275948e+000" type="0"/>
    <Peak1D F1="1.898838" intensity="4.259089e+000" type="0"/>
    <Peak1D F1="1.890636" intensity="9.717870e+000" type="0"/>
    <Peak1D F1="1.882626" intensity="3.891601e+000" type="0"/>
    <Peak1D F1="1.879587" intensity="3.396892e+000" type="0"/>
    <Peak1D F1="1.871274" intensity="2.927137e+000" type="0"/>
    <Peak1D F1="1.859807" intensity="4.038738e-001" type="0"/>
    <Peak1D F1="1.852954" intensity="2.426203e-001" type="0"/>
    <Peak1D F1="1.849128" intensity="2.559509e-001" type="0"/>
    <Peak1D F1="1.844376" intensity="2.088035e-001" type="0"/>
    <Peak1D F1="1.840856" intensity="2.367161e-001" type="0"/>
    <Peak1D F1="1.832979" intensity="1.336908e-001" type="0"/>
    <Peak1D F1="1.823712" intensity="1.009300e-001" type="0"/>
    <Peak1D F1="1.810877" intensity="6.244465e-002" type="0"/>
    <Peak1D F1="1.800399" intensity="5.754936e-002" type="0"/>
    <Peak1D F1="1.794367" intensity="5.968233e-002" type="0"/>
    <Peak1D F1="1.777493" intensity="4.937745e-002" type="0"/>
    <Peak1D F1="1.759141" intensity="5.096676e-002" type="0"/>
    <Peak1D F1="1.744222" intensity="2.003310e-001" type="0"/>
    <Peak1D F1="1.728318" intensity="2.904456e-001" type="0"/>
    <Peak1D F1="1.723212" intensity="2.552663e-001" type="0"/>
    <Peak1D F1="1.715946" intensity="3.405061e-001" type="0"/>
    <Peak1D F1="1.711354" intensity="2.444385e-001" type="0"/>
    <Peak1D F1="1.707230" intensity="3.537319e-001" type="0"/>
    <Peak1D F1="1.700123" intensity="6.362513e-001" type="0"/>
    <Peak1D F1="1.696499" intensity="5.260616e-001" type="0"/>
    <Peak1D F1="1.690647" intensity="4.053807e-001" type="0"/>
    <Peak1D F1="1.688450" intensity="4.382656e-001" type="0"/>
    <Peak1D F1="1.680831" intensity="1.380899e+000" type="0"/>
    <Peak1D F1="1.675824" intensity="8.066738e-001" type="0"/>
    <Peak1D F1="1.672724" intensity="8.105804e-001" type="0"/>
    <Peak1D F1="1.670135" intensity="8.552054e-001" type="0"/>
    <Peak1D F1="1.657254" intensity="1.295183e+000" type="0"/>
    <Peak1D F1="1.652650" intensity="1.009198e+000" type="0"/>
    <Peak1D F1="1.641357" intensity="7.554392e-001" type="0"/>
    <Peak1D F1="1.636834" intensity="8.900259e-001" type="0"/>
    <Peak1D F1="1.632360" intensity="5.932842e-001" type="0"/>
    <Peak1D F1="1.625403" intensity="3.871182e-001" type="0"/>
    <Peak1D F1="1.620873" intensity="4.538118e-001" type="0"/>
    <Peak1D F1="1.616582" intensity="4.282550e-001" type="0"/>
    <Peak1D F1="1.606581" intensity="2.153275e-001" type="0"/>
    <Peak1D F1="1.586818" intensity="2.269987e-001" type="0"/>
    <Peak1D F1="1.570283" intensity="2.096738e-001" type="0"/>
    <Peak1D F1="1.552129" intensity="1.819465e-001" type="0"/>
    <Peak1D F1="1.534855" intensity="3.821376e-001" type="0"/>
    <Peak1D F1="1.519392" intensity="2.737958e-001" type="0"/>
    <Peak1D F1="1.511985" intensity="3.204870e-001" type="0"/>
    <Peak1D F1="1.500924" intensity="6.576144e-001" type="0"/>
    <Peak1D F1="1.483512" intensity="7.850888e-001" type="0"/>
    <Peak1D F1="1.470654" intensity="5.704310e-001" type="0"/>
    <Peak1D F1="1.453820" intensity="5.777451e-001" type="0"/>
    <Peak1D F1="1.441575" intensity="1.100028e-001" type="0"/>
    <Peak1D F1="1.435616" intensity="1.685492e-001" type="0"/>
    <Peak1D F1="1.429999" intensity="1.152736e-001" type="0"/>
    <Peak1D F1="1.423707" intensity="1.746828e-001" type="0"/>
    <Peak1D F1="1.403371" intensity="3.249026e-002" type="0"/>
    <Peak1D F1="1.372825" intensity="1.978339e-002" type="0"/>
    <Peak1D F1="1.354492" intensity="2.017031e-002" type="0"/>
    <Peak1D F1="1.342143" intensity="2.070452e-002" type="0"/>
    <Peak1D F1="1.323578" intensity="1.922824e-002" type="0"/>
    <Peak1D F1="1.308226" intensity="2.106237e-002" type="0"/>
    <Peak1D F1="1.293828" intensity="2.154378e-002" type="0"/>
    <Peak1D F1="1.232413" intensity="4.697272e-002" type="0"/>
    <Peak1D F1="1.185209" intensity="2.496815e-001" type="0"/>
    <Peak1D F1="1.067511" intensity="1.425015e-002" type="0"/>
    <Peak1D F1="1.039670" intensity="1.614712e-002" type="0"/>
    <Peak1D F1="1.008651" intensity="1.417627e-002" type="0"/>
    <Peak1D F1="0.932592" intensity="9.756462e-003" type="0"/>
    <Peak1D F1="0.879095" intensity="1.100933e-002" type="0"/>
    <Peak1D F1="0.824144" intensity="3.149007e-002" type="0"/>
    <Peak1D F1="0.808065" intensity="5.902535e-002" type="0"/>
    <Peak1D F1="0.790354" intensity="4.939926e-002" type="0"/>
    <Peak1D F1="0.772252" intensity="6.722976e-002" type="0"/>
    <Peak1D F1="0.755074" intensity="6.715646e-002" type="0"/>
    <Peak1D F1="0.735135" intensity="3.997079e-002" type="0"/>
    <Peak1D F1="0.675983" intensity="6.469332e-003" type="0"/>
    <Peak1D F1="0.644507" intensity="5.626207e-003" type="0"/>
    <Peak1D F1="0.593896" intensity="5.109691e-003" type="0"/>
    <Peak1D F1="0.554286" intensity="3.934901e-003" type="0"/>
    <Peak1D F1="0.540307" intensity="3.919238e-003" type="0"/>
    <Peak1D F1="0.504137" intensity="4.189873e-003" type="0"/>
    <Peak1D F1="0.474704" intensity="4.371788e-003" type="0"/>
    <Peak1D F1="0.454071" intensity="4.267179e-003" type="0"/>
    <Peak1D F1="0.433429" intensity="4.582694e-003" type="0"/>
    <Peak1D F1="0.429115" intensity="4.262591e-003" type="0"/>
    <Peak1D F1="0.367056" intensity="3.643247e-003" type="0"/>
    <Peak1D F1="0.338766" intensity="3.224718e-003" type="0"/>
    <Peak1D F1="0.268136" intensity="2.991910e-003" type="0"/>
    <Peak1D F1="0.235828" intensity="3.112016e-003" type="0"/>
    <Peak1D F1="0.189956" intensity="3.079871e-003" type="0"/>
    <Peak1D F1="-0.000152" intensity="5.423100e-002" type="0"/>
    <Peak1D F1="-0.044766" intensity="2.970522e-003" type="0"/>
    <Peak1D F1="-2.737511" intensity="2.955353e-003" type="0"/>
  </PeakList1D>
</PeakList>
