<?xml version="1.0" encoding="UTF-8"?>
<PeakList>
  <PeakList1D>
    <PeakList1DHeader creator="nmr" date="2021-08-02T13:49:40.269+03:00" expNo="10" name="ID-420-A" owner="" procNo="1" source="//132.72.8.180/400b/Milo/Milo">
      <PeakPickDetails>F1=16.101000ppm, F2=-3.928045ppm, MI=0.00cm, MAXI=10000.00cm, PC=1.000
      </PeakPickDetails>
    </PeakList1DHeader>
    <Peak1D F1="15.650177" intensity="6.985422e-003" type="0"/>
    <Peak1D F1="14.333439" intensity="6.284360e-003" type="0"/>
    <Peak1D F1="13.282053" intensity="6.731640e-003" type="0"/>
    <Peak1D F1="11.400459" intensity="6.124479e-003" type="0"/>
    <Peak1D F1="10.314677" intensity="1.227326e-002" type="0"/>
    <Peak1D F1="10.202307" intensity="6.256224e-003" type="0"/>
    <Peak1D F1="10.144231" intensity="3.682546e-002" type="0"/>
    <Peak1D F1="10.124758" intensity="2.006623e-002" type="0"/>
    <Peak1D F1="10.093914" intensity="2.461311e+000" type="0"/>
    <Peak1D F1="10.061728" intensity="1.687304e-002" type="0"/>
    <Peak1D F1="10.044291" intensity="2.843815e-002" type="0"/>
    <Peak1D F1="9.867201" intensity="1.328678e-002" type="0"/>
    <Peak1D F1="8.551223" intensity="7.903405e-003" type="0"/>
    <Peak1D F1="8.530940" intensity="1.018935e-002" type="0"/>
    <Peak1D F1="8.426806" intensity="7.066358e-003" type="0"/>
    <Peak1D F1="8.392192" intensity="2.980774e-002" type="0"/>
    <Peak1D F1="8.370463" intensity="4.309198e-002" type="0"/>
    <Peak1D F1="8.341730" intensity="1.660395e+000" type="0"/>
    <Peak1D F1="8.337190" intensity="5.787348e-001" type="0"/>
    <Peak1D F1="8.319913" intensity="1.891600e+000" type="0"/>
    <Peak1D F1="8.291491" intensity="2.566816e-002" type="0"/>
    <Peak1D F1="8.270024" intensity="3.739405e-002" type="0"/>
    <Peak1D F1="8.248368" intensity="2.779180e-002" type="0"/>
    <Peak1D F1="8.229131" intensity="3.310662e-002" type="0"/>
    <Peak1D F1="8.213627" intensity="9.451336e-002" type="0"/>
    <Peak1D F1="8.208838" intensity="7.267025e-002" type="0"/>
    <Peak1D F1="8.191630" intensity="9.751151e-002" type="0"/>
    <Peak1D F1="8.186393" intensity="6.914960e-002" type="0"/>
    <Peak1D F1="8.176520" intensity="4.528792e-002" type="0"/>
    <Peak1D F1="8.163493" intensity="3.015597e-001" type="0"/>
    <Peak1D F1="8.157882" intensity="2.087062e+000" type="0"/>
    <Peak1D F1="8.153157" intensity="7.750439e-001" type="0"/>
    <Peak1D F1="8.140608" intensity="7.448263e-001" type="0"/>
    <Peak1D F1="8.136015" intensity="2.185983e+000" type="0"/>
    <Peak1D F1="8.130358" intensity="4.203506e-001" type="0"/>
    <Peak1D F1="8.107957" intensity="4.827737e-002" type="0"/>
    <Peak1D F1="8.086786" intensity="3.167327e-002" type="0"/>
    <Peak1D F1="8.071429" intensity="3.625678e-002" type="0"/>
    <Peak1D F1="8.050013" intensity="3.756320e-002" type="0"/>
    <Peak1D F1="8.039226" intensity="2.692197e-002" type="0"/>
    <Peak1D F1="8.025754" intensity="3.261235e-001" type="0"/>
    <Peak1D F1="8.020672" intensity="2.165988e+000" type="0"/>
    <Peak1D F1="8.015838" intensity="6.579438e-001" type="0"/>
    <Peak1D F1="8.003483" intensity="6.422783e-001" type="0"/>
    <Peak1D F1="7.999045" intensity="1.783976e+000" type="0"/>
    <Peak1D F1="7.993905" intensity="2.505788e-001" type="0"/>
    <Peak1D F1="7.971086" intensity="2.726855e-002" type="0"/>
    <Peak1D F1="7.949068" intensity="2.742506e-002" type="0"/>
    <Peak1D F1="7.828947" intensity="1.073788e-002" type="0"/>
    <Peak1D F1="7.808603" intensity="1.368086e-002" type="0"/>
    <Peak1D F1="7.681589" intensity="8.423220e-003" type="0"/>
    <Peak1D F1="7.661918" intensity="1.182582e-002" type="0"/>
    <Peak1D F1="7.606501" intensity="6.990348e-002" type="0"/>
    <Peak1D F1="7.601584" intensity="9.513197e-002" type="0"/>
    <Peak1D F1="7.596535" intensity="6.474972e-002" type="0"/>
    <Peak1D F1="7.587487" intensity="1.016664e-001" type="0"/>
    <Peak1D F1="7.582111" intensity="6.782199e-002" type="0"/>
    <Peak1D F1="7.570717" intensity="2.133699e-002" type="0"/>
    <Peak1D F1="7.528144" intensity="8.925657e-002" type="0"/>
    <Peak1D F1="7.506340" intensity="1.432766e-001" type="0"/>
    <Peak1D F1="7.480777" intensity="2.083678e+000" type="0"/>
    <Peak1D F1="7.476066" intensity="6.978772e-001" type="0"/>
    <Peak1D F1="7.458804" intensity="1.964282e+000" type="0"/>
    <Peak1D F1="7.441546" intensity="8.963493e-002" type="0"/>
    <Peak1D F1="7.434162" intensity="3.462307e-002" type="0"/>
    <Peak1D F1="7.409524" intensity="3.015786e-002" type="0"/>
    <Peak1D F1="7.394139" intensity="1.041583e-002" type="0"/>
    <Peak1D F1="7.368634" intensity="1.012684e-002" type="0"/>
    <Peak1D F1="7.360155" intensity="1.063680e-002" type="0"/>
    <Peak1D F1="7.326172" intensity="1.073145e-002" type="0"/>
    <Peak1D F1="7.315342" intensity="1.903395e-002" type="0"/>
    <Peak1D F1="7.309982" intensity="2.208119e-002" type="0"/>
    <Peak1D F1="7.295676" intensity="2.634751e-002" type="0"/>
    <Peak1D F1="7.273438" intensity="2.123418e-002" type="0"/>
    <Peak1D F1="7.246262" intensity="1.267945e-001" type="0"/>
    <Peak1D F1="7.213515" intensity="1.545308e-001" type="0"/>
    <Peak1D F1="7.196052" intensity="8.181182e+000" type="0"/>
    <Peak1D F1="7.146362" intensity="9.673274e-002" type="0"/>
    <Peak1D F1="7.018504" intensity="1.725414e-002" type="0"/>
    <Peak1D F1="7.012282" intensity="3.051182e-002" type="0"/>
    <Peak1D F1="6.996245" intensity="3.117881e-002" type="0"/>
    <Peak1D F1="6.990084" intensity="5.490797e-002" type="0"/>
    <Peak1D F1="6.984910" intensity="2.633696e-002" type="0"/>
    <Peak1D F1="6.974283" intensity="1.563425e-002" type="0"/>
    <Peak1D F1="6.967888" intensity="2.693705e-002" type="0"/>
    <Peak1D F1="6.962264" intensity="1.394782e-002" type="0"/>
    <Peak1D F1="6.932163" intensity="4.337499e-002" type="0"/>
    <Peak1D F1="6.886708" intensity="1.168921e-002" type="0"/>
    <Peak1D F1="6.882508" intensity="9.757479e-003" type="0"/>
    <Peak1D F1="6.863288" intensity="1.314158e-002" type="0"/>
    <Peak1D F1="6.857797" intensity="1.486358e-002" type="0"/>
    <Peak1D F1="6.852067" intensity="1.589409e-002" type="0"/>
    <Peak1D F1="6.841602" intensity="3.270997e-002" type="0"/>
    <Peak1D F1="6.835941" intensity="5.315889e-002" type="0"/>
    <Peak1D F1="6.829715" intensity="4.532887e-002" type="0"/>
    <Peak1D F1="6.819168" intensity="5.031538e-002" type="0"/>
    <Peak1D F1="6.813218" intensity="8.244117e-002" type="0"/>
    <Peak1D F1="6.807283" intensity="5.194956e-002" type="0"/>
    <Peak1D F1="6.796501" intensity="2.590284e-002" type="0"/>
    <Peak1D F1="6.791023" intensity="3.768203e-002" type="0"/>
    <Peak1D F1="6.313426" intensity="1.229791e-002" type="0"/>
    <Peak1D F1="6.215209" intensity="1.993910e-002" type="0"/>
    <Peak1D F1="6.116791" intensity="1.029371e-001" type="0"/>
    <Peak1D F1="6.095490" intensity="1.740231e-002" type="0"/>
    <Peak1D F1="6.067104" intensity="6.326017e-002" type="0"/>
    <Peak1D F1="6.016757" intensity="4.616339e+000" type="0"/>
    <Peak1D F1="5.966947" intensity="4.481205e-002" type="0"/>
    <Peak1D F1="5.865786" intensity="3.005506e-002" type="0"/>
    <Peak1D F1="5.852864" intensity="2.606572e-002" type="0"/>
    <Peak1D F1="5.815077" intensity="1.401620e-002" type="0"/>
    <Peak1D F1="5.511615" intensity="8.008218e-003" type="0"/>
    <Peak1D F1="5.476334" intensity="7.370736e-003" type="0"/>
    <Peak1D F1="5.437452" intensity="7.764173e-003" type="0"/>
    <Peak1D F1="5.387865" intensity="6.046361e-002" type="0"/>
    <Peak1D F1="5.357138" intensity="4.267510e-002" type="0"/>
    <Peak1D F1="5.349691" intensity="4.127770e-002" type="0"/>
    <Peak1D F1="5.161813" intensity="6.316410e-003" type="0"/>
    <Peak1D F1="5.146983" intensity="6.313896e-003" type="0"/>
    <Peak1D F1="5.057526" intensity="6.636964e-003" type="0"/>
    <Peak1D F1="5.018693" intensity="6.271583e-003" type="0"/>
    <Peak1D F1="4.971196" intensity="9.314686e-003" type="0"/>
    <Peak1D F1="4.948371" intensity="1.108306e-002" type="0"/>
    <Peak1D F1="4.905895" intensity="9.394825e-003" type="0"/>
    <Peak1D F1="4.843058" intensity="3.530784e-002" type="0"/>
    <Peak1D F1="4.819147" intensity="3.491654e-002" type="0"/>
    <Peak1D F1="4.792001" intensity="1.103037e+000" type="0"/>
    <Peak1D F1="4.769195" intensity="1.128876e+000" type="0"/>
    <Peak1D F1="4.743383" intensity="4.751024e-002" type="0"/>
    <Peak1D F1="4.719075" intensity="5.678461e-002" type="0"/>
    <Peak1D F1="4.681492" intensity="5.732280e-002" type="0"/>
    <Peak1D F1="4.636867" intensity="4.726529e-002" type="0"/>
    <Peak1D F1="4.608779" intensity="4.017118e-002" type="0"/>
    <Peak1D F1="4.583562" intensity="2.846933e-002" type="0"/>
    <Peak1D F1="4.547153" intensity="2.054990e-002" type="0"/>
    <Peak1D F1="4.541688" intensity="1.778103e-002" type="0"/>
    <Peak1D F1="4.485749" intensity="1.070252e-002" type="0"/>
    <Peak1D F1="4.438540" intensity="1.316061e-002" type="0"/>
    <Peak1D F1="4.418225" intensity="9.526971e-003" type="0"/>
    <Peak1D F1="4.409571" intensity="1.147851e-002" type="0"/>
    <Peak1D F1="4.338069" intensity="6.422735e-003" type="0"/>
    <Peak1D F1="3.958480" intensity="9.760255e-003" type="0"/>
    <Peak1D F1="3.936259" intensity="8.693379e-003" type="0"/>
    <Peak1D F1="3.877400" intensity="7.057419e-002" type="0"/>
    <Peak1D F1="3.844090" intensity="7.657009e-002" type="0"/>
    <Peak1D F1="3.821712" intensity="4.251521e-002" type="0"/>
    <Peak1D F1="3.810491" intensity="3.223667e-001" type="0"/>
    <Peak1D F1="3.799403" intensity="1.875647e-002" type="0"/>
    <Peak1D F1="3.773375" intensity="1.726633e-002" type="0"/>
    <Peak1D F1="3.750422" intensity="2.003238e-001" type="0"/>
    <Peak1D F1="3.744798" intensity="1.895217e-001" type="0"/>
    <Peak1D F1="3.720355" intensity="4.988759e-002" type="0"/>
    <Peak1D F1="3.699892" intensity="1.409902e+001" type="0"/>
    <Peak1D F1="3.650373" intensity="1.598025e-001" type="0"/>
    <Peak1D F1="3.619516" intensity="1.021200e-002" type="0"/>
    <Peak1D F1="3.603298" intensity="7.069286e-003" type="0"/>
    <Peak1D F1="3.594422" intensity="6.883939e-003" type="0"/>
    <Peak1D F1="3.537956" intensity="7.225517e-003" type="0"/>
    <Peak1D F1="3.517818" intensity="7.253850e-002" type="0"/>
    <Peak1D F1="3.419153" intensity="8.197222e-003" type="0"/>
    <Peak1D F1="2.769384" intensity="7.366988e-003" type="0"/>
    <Peak1D F1="2.747588" intensity="9.670733e-003" type="0"/>
    <Peak1D F1="2.734061" intensity="1.095698e-002" type="0"/>
    <Peak1D F1="2.708139" intensity="9.796071e-003" type="0"/>
    <Peak1D F1="2.458018" intensity="1.298369e-002" type="0"/>
    <Peak1D F1="2.436932" intensity="1.634763e-001" type="0"/>
    <Peak1D F1="2.432255" intensity="1.880080e-001" type="0"/>
    <Peak1D F1="2.423573" intensity="9.794607e-002" type="0"/>
    <Peak1D F1="2.416096" intensity="1.930336e-001" type="0"/>
    <Peak1D F1="2.411373" intensity="1.868412e-001" type="0"/>
    <Peak1D F1="2.387652" intensity="2.903947e-001" type="0"/>
    <Peak1D F1="2.383995" intensity="2.666601e-001" type="0"/>
    <Peak1D F1="2.363122" intensity="3.466775e-001" type="0"/>
    <Peak1D F1="2.352146" intensity="2.167328e-001" type="0"/>
    <Peak1D F1="2.329378" intensity="3.677484e-001" type="0"/>
    <Peak1D F1="2.321936" intensity="2.198658e-001" type="0"/>
    <Peak1D F1="2.318562" intensity="1.879319e-001" type="0"/>
    <Peak1D F1="2.309542" intensity="2.741396e-001" type="0"/>
    <Peak1D F1="2.306145" intensity="2.410152e-001" type="0"/>
    <Peak1D F1="2.299184" intensity="3.425722e-001" type="0"/>
    <Peak1D F1="2.279056" intensity="2.255626e-001" type="0"/>
    <Peak1D F1="2.266567" intensity="6.034393e-002" type="0"/>
    <Peak1D F1="2.251724" intensity="3.742565e-001" type="0"/>
    <Peak1D F1="2.236245" intensity="8.923016e-002" type="0"/>
    <Peak1D F1="2.229569" intensity="4.220712e-001" type="0"/>
    <Peak1D F1="2.225491" intensity="4.214936e-001" type="0"/>
    <Peak1D F1="2.202869" intensity="5.393624e-001" type="0"/>
    <Peak1D F1="2.195418" intensity="1.127788e-001" type="0"/>
    <Peak1D F1="2.181360" intensity="3.024601e-001" type="0"/>
    <Peak1D F1="2.176573" intensity="3.087756e-001" type="0"/>
    <Peak1D F1="2.167187" intensity="1.516453e-001" type="0"/>
    <Peak1D F1="2.154307" intensity="4.091604e-001" type="0"/>
    <Peak1D F1="2.147573" intensity="3.337950e-001" type="0"/>
    <Peak1D F1="2.116739" intensity="4.381919e+000" type="0"/>
    <Peak1D F1="2.108061" intensity="3.338938e+000" type="0"/>
    <Peak1D F1="2.097155" intensity="1.428896e+001" type="0"/>
    <Peak1D F1="2.085443" intensity="3.748790e+000" type="0"/>
    <Peak1D F1="2.078290" intensity="7.188700e+000" type="0"/>
    <Peak1D F1="2.062508" intensity="4.251406e-001" type="0"/>
    <Peak1D F1="2.056939" intensity="3.718304e-001" type="0"/>
    <Peak1D F1="2.053042" intensity="3.793189e-001" type="0"/>
    <Peak1D F1="2.050982" intensity="3.817024e-001" type="0"/>
    <Peak1D F1="2.047781" intensity="3.620554e-001" type="0"/>
    <Peak1D F1="2.029241" intensity="1.591884e-001" type="0"/>
    <Peak1D F1="2.011182" intensity="6.765253e-002" type="0"/>
    <Peak1D F1="1.986432" intensity="2.168464e-001" type="0"/>
    <Peak1D F1="1.981609" intensity="2.001469e-001" type="0"/>
    <Peak1D F1="1.969809" intensity="2.475009e-001" type="0"/>
    <Peak1D F1="1.964304" intensity="3.571372e-001" type="0"/>
    <Peak1D F1="1.959157" intensity="4.156200e-001" type="0"/>
    <Peak1D F1="1.954331" intensity="4.092270e-001" type="0"/>
    <Peak1D F1="1.949454" intensity="4.298618e-001" type="0"/>
    <Peak1D F1="1.942095" intensity="6.430538e-001" type="0"/>
    <Peak1D F1="1.932968" intensity="8.022631e-001" type="0"/>
    <Peak1D F1="1.925890" intensity="8.624460e-001" type="0"/>
    <Peak1D F1="1.920832" intensity="8.172184e-001" type="0"/>
    <Peak1D F1="1.911052" intensity="7.164719e+000" type="0"/>
    <Peak1D F1="1.899823" intensity="5.872645e+000" type="0"/>
    <Peak1D F1="1.891426" intensity="1.500000e+001" type="0"/>
    <Peak1D F1="1.882454" intensity="5.223376e+000" type="0"/>
    <Peak1D F1="1.880687" intensity="5.368800e+000" type="0"/>
    <Peak1D F1="1.872012" intensity="4.705123e+000" type="0"/>
    <Peak1D F1="1.860105" intensity="5.808354e-001" type="0"/>
    <Peak1D F1="1.849770" intensity="3.605214e-001" type="0"/>
    <Peak1D F1="1.842030" intensity="2.961589e-001" type="0"/>
    <Peak1D F1="1.833356" intensity="1.547423e-001" type="0"/>
    <Peak1D F1="1.822703" intensity="1.150064e-001" type="0"/>
    <Peak1D F1="1.808563" intensity="6.273643e-002" type="0"/>
    <Peak1D F1="1.760010" intensity="6.018426e-002" type="0"/>
    <Peak1D F1="1.745223" intensity="1.395896e-001" type="0"/>
    <Peak1D F1="1.729745" intensity="1.654262e-001" type="0"/>
    <Peak1D F1="1.724391" intensity="1.941108e-001" type="0"/>
    <Peak1D F1="1.717346" intensity="1.926311e-001" type="0"/>
    <Peak1D F1="1.708487" intensity="2.103181e-001" type="0"/>
    <Peak1D F1="1.701622" intensity="3.197320e-001" type="0"/>
    <Peak1D F1="1.697661" intensity="2.868655e-001" type="0"/>
    <Peak1D F1="1.689114" intensity="2.148530e-001" type="0"/>
    <Peak1D F1="1.681634" intensity="7.177784e-001" type="0"/>
    <Peak1D F1="1.676781" intensity="3.796957e-001" type="0"/>
    <Peak1D F1="1.671372" intensity="4.210611e-001" type="0"/>
    <Peak1D F1="1.658065" intensity="6.084431e-001" type="0"/>
    <Peak1D F1="1.653476" intensity="5.166071e-001" type="0"/>
    <Peak1D F1="1.642124" intensity="3.373006e-001" type="0"/>
    <Peak1D F1="1.637593" intensity="4.136999e-001" type="0"/>
    <Peak1D F1="1.633180" intensity="3.084329e-001" type="0"/>
    <Peak1D F1="1.626284" intensity="1.513275e-001" type="0"/>
    <Peak1D F1="1.621718" intensity="1.852854e-001" type="0"/>
    <Peak1D F1="1.617540" intensity="1.874001e-001" type="0"/>
    <Peak1D F1="1.567549" intensity="3.861954e-002" type="0"/>
    <Peak1D F1="1.535633" intensity="1.845491e-001" type="0"/>
    <Peak1D F1="1.520157" intensity="1.295336e-001" type="0"/>
    <Peak1D F1="1.512963" intensity="1.565458e-001" type="0"/>
    <Peak1D F1="1.501599" intensity="3.201859e-001" type="0"/>
    <Peak1D F1="1.492859" intensity="1.137422e-001" type="0"/>
    <Peak1D F1="1.483890" intensity="4.041582e-001" type="0"/>
    <Peak1D F1="1.471175" intensity="2.865196e-001" type="0"/>
    <Peak1D F1="1.454018" intensity="2.890511e-001" type="0"/>
    <Peak1D F1="1.442433" intensity="5.902117e-002" type="0"/>
    <Peak1D F1="1.436500" intensity="8.663038e-002" type="0"/>
    <Peak1D F1="1.424352" intensity="9.764537e-002" type="0"/>
    <Peak1D F1="1.403401" intensity="2.307589e-002" type="0"/>
    <Peak1D F1="1.373708" intensity="1.591334e-002" type="0"/>
    <Peak1D F1="1.357160" intensity="1.626267e-002" type="0"/>
    <Peak1D F1="1.321559" intensity="1.836341e-002" type="0"/>
    <Peak1D F1="1.232140" intensity="5.215780e-002" type="0"/>
    <Peak1D F1="1.183526" intensity="1.227222e-001" type="0"/>
    <Peak1D F1="1.084087" intensity="7.748547e-003" type="0"/>
    <Peak1D F1="1.029190" intensity="8.752950e-003" type="0"/>
    <Peak1D F1="1.000781" intensity="9.956134e-003" type="0"/>
    <Peak1D F1="0.979419" intensity="6.682411e-003" type="0"/>
    <Peak1D F1="0.963599" intensity="8.036030e-003" type="0"/>
    <Peak1D F1="0.919099" intensity="6.927597e-003" type="0"/>
    <Peak1D F1="0.889838" intensity="6.458825e-003" type="0"/>
    <Peak1D F1="0.880340" intensity="7.609136e-003" type="0"/>
    <Peak1D F1="0.824440" intensity="2.181076e-002" type="0"/>
    <Peak1D F1="0.809308" intensity="3.698229e-002" type="0"/>
    <Peak1D F1="0.794056" intensity="2.413869e-002" type="0"/>
    <Peak1D F1="0.773146" intensity="2.194265e-002" type="0"/>
    <Peak1D F1="0.756686" intensity="2.505150e-002" type="0"/>
    <Peak1D F1="0.735806" intensity="1.755074e-002" type="0"/>
    <Peak1D F1="0.634708" intensity="6.405703e-003" type="0"/>
    <Peak1D F1="0.449082" intensity="6.387427e-003" type="0"/>
    <Peak1D F1="0.435372" intensity="7.055628e-003" type="0"/>
    <Peak1D F1="0.181233" intensity="1.053624e-002" type="0"/>
    <Peak1D F1="0.085541" intensity="1.163696e-002" type="0"/>
    <Peak1D F1="0.050764" intensity="7.715289e-003" type="0"/>
    <Peak1D F1="0.042466" intensity="7.697253e-003" type="0"/>
    <Peak1D F1="-0.000155" intensity="3.236331e-001" type="0"/>
    <Peak1D F1="-0.024294" intensity="7.099975e-003" type="0"/>
    <Peak1D F1="-0.032798" intensity="6.464816e-003" type="0"/>
    <Peak1D F1="-0.047385" intensity="6.890900e-003" type="0"/>
    <Peak1D F1="-3.250085" intensity="7.240360e-003" type="0"/>
    <Peak1D F1="-3.541705" intensity="6.299644e-003" type="0"/>
    <Peak1D F1="-3.657502" intensity="7.103984e-003" type="0"/>
    <Peak1D F1="-3.686939" intensity="6.683189e-003" type="0"/>
  </PeakList1D>
</PeakList>
