<?xml version="1.0" encoding="UTF-8"?>
<PeakList>
  <PeakList1D>
    <PeakList1DHeader creator="nmr" date="2021-08-02T17:51:59.449+03:00" expNo="10" name="ID-421-H" owner="" procNo="1" source="//132.72.8.180/400b/Milo/Milo">
      <PeakPickDetails>F1=16.101040ppm, F2=-3.928005ppm, MI=0.00cm, MAXI=10000.00cm, PC=1.000
      </PeakPickDetails>
    </PeakList1DHeader>
    <Peak1D F1="14.316999" intensity="3.963954e-003" type="0"/>
    <Peak1D F1="13.177791" intensity="3.988695e-003" type="0"/>
    <Peak1D F1="10.093164" intensity="2.511115e-002" type="0"/>
    <Peak1D F1="8.404378" intensity="4.571117e-003" type="0"/>
    <Peak1D F1="8.385939" intensity="4.859089e-003" type="0"/>
    <Peak1D F1="8.370332" intensity="9.243754e-003" type="0"/>
    <Peak1D F1="8.363901" intensity="1.092743e-002" type="0"/>
    <Peak1D F1="8.341395" intensity="2.718395e-002" type="0"/>
    <Peak1D F1="8.337404" intensity="1.995162e-002" type="0"/>
    <Peak1D F1="8.319652" intensity="2.218683e-002" type="0"/>
    <Peak1D F1="8.220899" intensity="5.493591e-002" type="0"/>
    <Peak1D F1="8.208377" intensity="9.231554e-002" type="0"/>
    <Peak1D F1="8.202995" intensity="9.637965e-002" type="0"/>
    <Peak1D F1="8.199224" intensity="1.058168e-001" type="0"/>
    <Peak1D F1="8.186182" intensity="1.236562e-001" type="0"/>
    <Peak1D F1="8.180536" intensity="1.057637e-001" type="0"/>
    <Peak1D F1="8.163861" intensity="3.586515e-001" type="0"/>
    <Peak1D F1="8.158110" intensity="2.142330e+000" type="0"/>
    <Peak1D F1="8.152546" intensity="1.686643e+000" type="0"/>
    <Peak1D F1="8.147295" intensity="5.742101e-001" type="0"/>
    <Peak1D F1="8.140970" intensity="7.939520e-001" type="0"/>
    <Peak1D F1="8.136017" intensity="2.422338e+000" type="0"/>
    <Peak1D F1="8.130204" intensity="1.453519e+000" type="0"/>
    <Peak1D F1="8.124144" intensity="2.915925e-001" type="0"/>
    <Peak1D F1="8.108232" intensity="4.608410e-002" type="0"/>
    <Peak1D F1="8.099162" intensity="6.679116e-002" type="0"/>
    <Peak1D F1="8.092815" intensity="3.932076e-002" type="0"/>
    <Peak1D F1="8.086104" intensity="4.026752e-002" type="0"/>
    <Peak1D F1="8.080397" intensity="2.855304e-002" type="0"/>
    <Peak1D F1="8.074732" intensity="1.020231e-002" type="0"/>
    <Peak1D F1="8.042789" intensity="1.036095e-001" type="0"/>
    <Peak1D F1="8.023926" intensity="1.084166e-001" type="0"/>
    <Peak1D F1="7.998340" intensity="2.143086e-002" type="0"/>
    <Peak1D F1="7.943599" intensity="9.119685e-003" type="0"/>
    <Peak1D F1="7.927137" intensity="7.714624e-003" type="0"/>
    <Peak1D F1="7.920174" intensity="8.794188e-003" type="0"/>
    <Peak1D F1="7.835582" intensity="7.250102e-003" type="0"/>
    <Peak1D F1="7.817907" intensity="2.026541e-002" type="0"/>
    <Peak1D F1="7.797906" intensity="2.427902e-002" type="0"/>
    <Peak1D F1="7.777041" intensity="1.792433e-002" type="0"/>
    <Peak1D F1="7.739996" intensity="5.502063e-003" type="0"/>
    <Peak1D F1="7.720175" intensity="6.580941e-003" type="0"/>
    <Peak1D F1="7.681093" intensity="1.206070e-002" type="0"/>
    <Peak1D F1="7.659069" intensity="1.248174e-002" type="0"/>
    <Peak1D F1="7.645440" intensity="6.193907e-003" type="0"/>
    <Peak1D F1="7.605528" intensity="5.525307e-002" type="0"/>
    <Peak1D F1="7.584594" intensity="5.344417e-002" type="0"/>
    <Peak1D F1="7.573195" intensity="2.474812e-002" type="0"/>
    <Peak1D F1="7.550748" intensity="3.115313e-002" type="0"/>
    <Peak1D F1="7.530016" intensity="6.550460e-002" type="0"/>
    <Peak1D F1="7.519884" intensity="6.241239e-002" type="0"/>
    <Peak1D F1="7.498545" intensity="1.378367e-001" type="0"/>
    <Peak1D F1="7.479876" intensity="2.249259e+000" type="0"/>
    <Peak1D F1="7.458117" intensity="2.264331e+000" type="0"/>
    <Peak1D F1="7.440255" intensity="3.561139e-001" type="0"/>
    <Peak1D F1="7.433853" intensity="1.241583e-001" type="0"/>
    <Peak1D F1="7.413159" intensity="9.284667e-002" type="0"/>
    <Peak1D F1="7.389665" intensity="3.282641e-002" type="0"/>
    <Peak1D F1="7.370381" intensity="1.735593e-002" type="0"/>
    <Peak1D F1="7.360822" intensity="1.096264e-002" type="0"/>
    <Peak1D F1="7.350495" intensity="2.167344e-002" type="0"/>
    <Peak1D F1="7.341869" intensity="1.093886e-002" type="0"/>
    <Peak1D F1="7.330801" intensity="1.509345e-002" type="0"/>
    <Peak1D F1="7.323631" intensity="2.298051e-002" type="0"/>
    <Peak1D F1="7.295578" intensity="1.123889e-002" type="0"/>
    <Peak1D F1="7.271758" intensity="1.881238e-002" type="0"/>
    <Peak1D F1="7.246002" intensity="1.623902e-001" type="0"/>
    <Peak1D F1="7.196047" intensity="8.998021e+000" type="0"/>
    <Peak1D F1="7.145938" intensity="1.442716e-001" type="0"/>
    <Peak1D F1="7.075995" intensity="5.846896e-003" type="0"/>
    <Peak1D F1="7.052126" intensity="7.755584e-002" type="0"/>
    <Peak1D F1="7.032678" intensity="8.757482e-002" type="0"/>
    <Peak1D F1="7.022453" intensity="1.549198e-001" type="0"/>
    <Peak1D F1="6.999115" intensity="3.759860e-002" type="0"/>
    <Peak1D F1="6.973737" intensity="4.373690e-002" type="0"/>
    <Peak1D F1="6.948253" intensity="1.400073e-001" type="0"/>
    <Peak1D F1="6.932330" intensity="1.245126e-001" type="0"/>
    <Peak1D F1="6.826399" intensity="5.481814e-003" type="0"/>
    <Peak1D F1="6.313683" intensity="7.002258e-003" type="0"/>
    <Peak1D F1="6.216299" intensity="9.265012e-003" type="0"/>
    <Peak1D F1="6.117599" intensity="9.840200e-002" type="0"/>
    <Peak1D F1="6.067741" intensity="5.027011e-002" type="0"/>
    <Peak1D F1="6.062976" intensity="3.271117e-002" type="0"/>
    <Peak1D F1="6.017668" intensity="3.075983e+000" type="0"/>
    <Peak1D F1="6.012963" intensity="1.389735e+000" type="0"/>
    <Peak1D F1="5.967749" intensity="4.288025e-002" type="0"/>
    <Peak1D F1="5.963037" intensity="2.810996e-002" type="0"/>
    <Peak1D F1="5.927177" intensity="2.893689e-002" type="0"/>
    <Peak1D F1="5.915712" intensity="3.043476e-002" type="0"/>
    <Peak1D F1="5.816146" intensity="8.468694e-003" type="0"/>
    <Peak1D F1="5.776957" intensity="1.406428e-002" type="0"/>
    <Peak1D F1="5.769384" intensity="1.367852e-002" type="0"/>
    <Peak1D F1="5.627929" intensity="1.378762e-002" type="0"/>
    <Peak1D F1="5.600649" intensity="1.490946e-002" type="0"/>
    <Peak1D F1="5.530805" intensity="5.478262e-003" type="0"/>
    <Peak1D F1="5.490600" intensity="9.712308e-003" type="0"/>
    <Peak1D F1="5.428613" intensity="6.748813e-003" type="0"/>
    <Peak1D F1="5.397682" intensity="6.365893e-003" type="0"/>
    <Peak1D F1="5.354777" intensity="1.352216e-001" type="0"/>
    <Peak1D F1="5.348187" intensity="1.743960e-001" type="0"/>
    <Peak1D F1="5.312835" intensity="4.845170e-003" type="0"/>
    <Peak1D F1="5.298147" intensity="4.032917e-003" type="0"/>
    <Peak1D F1="5.275003" intensity="5.198867e-003" type="0"/>
    <Peak1D F1="5.111250" intensity="5.734880e-003" type="0"/>
    <Peak1D F1="5.084655" intensity="4.982997e-003" type="0"/>
    <Peak1D F1="5.023307" intensity="8.031091e-003" type="0"/>
    <Peak1D F1="5.002477" intensity="7.831486e-003" type="0"/>
    <Peak1D F1="4.986156" intensity="7.268643e-003" type="0"/>
    <Peak1D F1="4.970489" intensity="1.274374e-002" type="0"/>
    <Peak1D F1="4.947051" intensity="1.164295e-002" type="0"/>
    <Peak1D F1="4.890818" intensity="1.560509e-002" type="0"/>
    <Peak1D F1="4.870018" intensity="1.672060e-002" type="0"/>
    <Peak1D F1="4.854865" intensity="2.105591e-002" type="0"/>
    <Peak1D F1="4.840670" intensity="4.054236e-002" type="0"/>
    <Peak1D F1="4.818514" intensity="4.928428e-002" type="0"/>
    <Peak1D F1="4.791250" intensity="1.453605e+000" type="0"/>
    <Peak1D F1="4.768494" intensity="1.479331e+000" type="0"/>
    <Peak1D F1="4.740918" intensity="6.985844e-002" type="0"/>
    <Peak1D F1="4.718591" intensity="8.886552e-002" type="0"/>
    <Peak1D F1="4.677041" intensity="1.077603e-001" type="0"/>
    <Peak1D F1="4.607882" intensity="5.787687e-002" type="0"/>
    <Peak1D F1="4.584910" intensity="4.183453e-002" type="0"/>
    <Peak1D F1="4.464750" intensity="1.161752e-002" type="0"/>
    <Peak1D F1="4.419660" intensity="8.859807e-003" type="0"/>
    <Peak1D F1="4.407514" intensity="8.454165e-003" type="0"/>
    <Peak1D F1="4.361411" intensity="5.462924e-003" type="0"/>
    <Peak1D F1="4.323731" intensity="4.461626e-003" type="0"/>
    <Peak1D F1="4.256866" intensity="4.446487e-003" type="0"/>
    <Peak1D F1="3.988696" intensity="5.008121e-003" type="0"/>
    <Peak1D F1="3.947525" intensity="5.685187e-003" type="0"/>
    <Peak1D F1="3.877901" intensity="5.235340e-002" type="0"/>
    <Peak1D F1="3.873557" intensity="2.470981e-002" type="0"/>
    <Peak1D F1="3.861642" intensity="7.765854e-003" type="0"/>
    <Peak1D F1="3.844067" intensity="6.452449e-002" type="0"/>
    <Peak1D F1="3.822628" intensity="4.231492e-002" type="0"/>
    <Peak1D F1="3.811124" intensity="3.076449e-001" type="0"/>
    <Peak1D F1="3.806793" intensity="8.920320e-002" type="0"/>
    <Peak1D F1="3.750537" intensity="1.603509e-001" type="0"/>
    <Peak1D F1="3.745449" intensity="2.316191e-001" type="0"/>
    <Peak1D F1="3.700483" intensity="9.457672e+000" type="0"/>
    <Peak1D F1="3.696056" intensity="4.280329e+000" type="0"/>
    <Peak1D F1="3.650547" intensity="1.442450e-001" type="0"/>
    <Peak1D F1="3.646040" intensity="8.677162e-002" type="0"/>
    <Peak1D F1="3.616494" intensity="5.116465e-003" type="0"/>
    <Peak1D F1="3.595107" intensity="4.407581e-003" type="0"/>
    <Peak1D F1="3.518306" intensity="5.064570e-002" type="0"/>
    <Peak1D F1="3.513799" intensity="2.359315e-002" type="0"/>
    <Peak1D F1="2.958703" intensity="1.024705e-002" type="0"/>
    <Peak1D F1="2.941896" intensity="2.076167e-002" type="0"/>
    <Peak1D F1="2.935247" intensity="2.049515e-002" type="0"/>
    <Peak1D F1="2.924106" intensity="1.140844e-002" type="0"/>
    <Peak1D F1="2.918132" intensity="1.138985e-002" type="0"/>
    <Peak1D F1="2.858904" intensity="5.482177e-003" type="0"/>
    <Peak1D F1="2.826658" intensity="4.985794e-003" type="0"/>
    <Peak1D F1="2.781695" intensity="1.174727e-002" type="0"/>
    <Peak1D F1="2.752318" intensity="2.537266e-002" type="0"/>
    <Peak1D F1="2.734560" intensity="2.023078e-002" type="0"/>
    <Peak1D F1="2.722868" intensity="2.282444e-002" type="0"/>
    <Peak1D F1="2.701946" intensity="6.191279e-001" type="0"/>
    <Peak1D F1="2.651223" intensity="1.689368e-002" type="0"/>
    <Peak1D F1="2.641451" intensity="8.937255e-003" type="0"/>
    <Peak1D F1="2.622290" intensity="1.067020e-002" type="0"/>
    <Peak1D F1="2.596968" intensity="2.206817e-002" type="0"/>
    <Peak1D F1="2.572850" intensity="9.602885e-002" type="0"/>
    <Peak1D F1="2.545384" intensity="3.343358e-002" type="0"/>
    <Peak1D F1="2.523567" intensity="3.624525e-002" type="0"/>
    <Peak1D F1="2.513551" intensity="9.887129e-002" type="0"/>
    <Peak1D F1="2.466999" intensity="3.460091e-002" type="0"/>
    <Peak1D F1="2.453773" intensity="5.046961e-002" type="0"/>
    <Peak1D F1="2.430869" intensity="6.866945e-001" type="0"/>
    <Peak1D F1="2.423810" intensity="4.222404e-001" type="0"/>
    <Peak1D F1="2.417053" intensity="3.167414e-001" type="0"/>
    <Peak1D F1="2.410423" intensity="3.452264e-001" type="0"/>
    <Peak1D F1="2.386593" intensity="3.866587e-001" type="0"/>
    <Peak1D F1="2.382848" intensity="3.914645e-001" type="0"/>
    <Peak1D F1="2.371470" intensity="3.685829e-001" type="0"/>
    <Peak1D F1="2.365852" intensity="3.936764e-001" type="0"/>
    <Peak1D F1="2.362320" intensity="4.624821e-001" type="0"/>
    <Peak1D F1="2.351205" intensity="3.701620e-001" type="0"/>
    <Peak1D F1="2.328334" intensity="5.276623e-001" type="0"/>
    <Peak1D F1="2.320884" intensity="3.409186e-001" type="0"/>
    <Peak1D F1="2.309856" intensity="8.147447e-001" type="0"/>
    <Peak1D F1="2.298103" intensity="5.338507e-001" type="0"/>
    <Peak1D F1="2.278419" intensity="4.011358e-001" type="0"/>
    <Peak1D F1="2.251575" intensity="7.363159e-001" type="0"/>
    <Peak1D F1="2.235859" intensity="1.470444e-001" type="0"/>
    <Peak1D F1="2.228826" intensity="4.443555e-001" type="0"/>
    <Peak1D F1="2.224492" intensity="5.108278e-001" type="0"/>
    <Peak1D F1="2.217521" intensity="2.317719e-001" type="0"/>
    <Peak1D F1="2.201935" intensity="5.808734e-001" type="0"/>
    <Peak1D F1="2.194757" intensity="3.273401e-001" type="0"/>
    <Peak1D F1="2.187225" intensity="1.463656e-001" type="0"/>
    <Peak1D F1="2.180548" intensity="3.362599e-001" type="0"/>
    <Peak1D F1="2.175854" intensity="3.905509e-001" type="0"/>
    <Peak1D F1="2.168588" intensity="2.534275e-001" type="0"/>
    <Peak1D F1="2.153348" intensity="4.575371e-001" type="0"/>
    <Peak1D F1="2.145913" intensity="5.420535e-001" type="0"/>
    <Peak1D F1="2.141913" intensity="4.318357e-001" type="0"/>
    <Peak1D F1="2.133156" intensity="4.140050e-001" type="0"/>
    <Peak1D F1="2.115376" intensity="4.542299e+000" type="0"/>
    <Peak1D F1="2.113266" intensity="4.416605e+000" type="0"/>
    <Peak1D F1="2.107857" intensity="4.049479e+000" type="0"/>
    <Peak1D F1="2.105459" intensity="4.166459e+000" type="0"/>
    <Peak1D F1="2.095869" intensity="1.474038e+001" type="0"/>
    <Peak1D F1="2.092200" intensity="1.024821e+001" type="0"/>
    <Peak1D F1="2.084532" intensity="4.724744e+000" type="0"/>
    <Peak1D F1="2.076994" intensity="7.090638e+000" type="0"/>
    <Peak1D F1="2.056203" intensity="4.320233e-001" type="0"/>
    <Peak1D F1="2.052069" intensity="4.163389e-001" type="0"/>
    <Peak1D F1="2.046230" intensity="4.624372e-001" type="0"/>
    <Peak1D F1="2.041709" intensity="3.818343e-001" type="0"/>
    <Peak1D F1="2.027232" intensity="1.948554e-001" type="0"/>
    <Peak1D F1="1.985572" intensity="2.703191e-001" type="0"/>
    <Peak1D F1="1.980687" intensity="2.689078e-001" type="0"/>
    <Peak1D F1="1.968841" intensity="3.256779e-001" type="0"/>
    <Peak1D F1="1.963813" intensity="4.211518e-001" type="0"/>
    <Peak1D F1="1.958325" intensity="5.758578e-001" type="0"/>
    <Peak1D F1="1.953110" intensity="5.633413e-001" type="0"/>
    <Peak1D F1="1.947898" intensity="6.345727e-001" type="0"/>
    <Peak1D F1="1.941197" intensity="8.120123e-001" type="0"/>
    <Peak1D F1="1.936249" intensity="7.703198e-001" type="0"/>
    <Peak1D F1="1.929419" intensity="1.031799e+000" type="0"/>
    <Peak1D F1="1.925636" intensity="1.183968e+000" type="0"/>
    <Peak1D F1="1.920549" intensity="1.170084e+000" type="0"/>
    <Peak1D F1="1.910162" intensity="7.090063e+000" type="0"/>
    <Peak1D F1="1.898656" intensity="6.884921e+000" type="0"/>
    <Peak1D F1="1.890822" intensity="1.500000e+001" type="0"/>
    <Peak1D F1="1.884329" intensity="5.098608e+000" type="0"/>
    <Peak1D F1="1.879845" intensity="6.486728e+000" type="0"/>
    <Peak1D F1="1.870972" intensity="4.831759e+000" type="0"/>
    <Peak1D F1="1.857872" intensity="6.309898e-001" type="0"/>
    <Peak1D F1="1.849509" intensity="3.795081e-001" type="0"/>
    <Peak1D F1="1.840998" intensity="3.504042e-001" type="0"/>
    <Peak1D F1="1.830041" intensity="1.698650e-001" type="0"/>
    <Peak1D F1="1.821107" intensity="1.282298e-001" type="0"/>
    <Peak1D F1="1.808714" intensity="5.650768e-002" type="0"/>
    <Peak1D F1="1.794921" intensity="4.985633e-002" type="0"/>
    <Peak1D F1="1.774842" intensity="5.418329e-002" type="0"/>
    <Peak1D F1="1.758764" intensity="7.870678e-002" type="0"/>
    <Peak1D F1="1.744808" intensity="1.506275e-001" type="0"/>
    <Peak1D F1="1.741449" intensity="1.489311e-001" type="0"/>
    <Peak1D F1="1.729206" intensity="1.949738e-001" type="0"/>
    <Peak1D F1="1.724087" intensity="2.245159e-001" type="0"/>
    <Peak1D F1="1.716737" intensity="2.192644e-001" type="0"/>
    <Peak1D F1="1.713443" intensity="2.018793e-001" type="0"/>
    <Peak1D F1="1.708060" intensity="2.622798e-001" type="0"/>
    <Peak1D F1="1.700897" intensity="3.757717e-001" type="0"/>
    <Peak1D F1="1.697360" intensity="4.217040e-001" type="0"/>
    <Peak1D F1="1.691867" intensity="3.005697e-001" type="0"/>
    <Peak1D F1="1.688821" intensity="3.217096e-001" type="0"/>
    <Peak1D F1="1.681176" intensity="8.967212e-001" type="0"/>
    <Peak1D F1="1.676679" intensity="6.226509e-001" type="0"/>
    <Peak1D F1="1.670638" intensity="6.184152e-001" type="0"/>
    <Peak1D F1="1.657367" intensity="8.680383e-001" type="0"/>
    <Peak1D F1="1.653235" intensity="7.306690e-001" type="0"/>
    <Peak1D F1="1.641805" intensity="5.342690e-001" type="0"/>
    <Peak1D F1="1.637234" intensity="5.892279e-001" type="0"/>
    <Peak1D F1="1.632853" intensity="4.231742e-001" type="0"/>
    <Peak1D F1="1.626070" intensity="2.629434e-001" type="0"/>
    <Peak1D F1="1.621312" intensity="2.842405e-001" type="0"/>
    <Peak1D F1="1.617074" intensity="2.564927e-001" type="0"/>
    <Peak1D F1="1.585694" intensity="7.492336e-002" type="0"/>
    <Peak1D F1="1.576686" intensity="7.505688e-002" type="0"/>
    <Peak1D F1="1.550643" intensity="8.255400e-002" type="0"/>
    <Peak1D F1="1.539798" intensity="1.109528e-001" type="0"/>
    <Peak1D F1="1.534785" intensity="2.424179e-001" type="0"/>
    <Peak1D F1="1.519377" intensity="1.704003e-001" type="0"/>
    <Peak1D F1="1.512109" intensity="2.024536e-001" type="0"/>
    <Peak1D F1="1.500255" intensity="4.289775e-001" type="0"/>
    <Peak1D F1="1.482949" intensity="5.186744e-001" type="0"/>
    <Peak1D F1="1.469853" intensity="3.521568e-001" type="0"/>
    <Peak1D F1="1.453035" intensity="3.585555e-001" type="0"/>
    <Peak1D F1="1.441523" intensity="7.893868e-002" type="0"/>
    <Peak1D F1="1.435624" intensity="1.094472e-001" type="0"/>
    <Peak1D F1="1.429976" intensity="6.262574e-002" type="0"/>
    <Peak1D F1="1.423402" intensity="1.209414e-001" type="0"/>
    <Peak1D F1="1.372811" intensity="2.198271e-002" type="0"/>
    <Peak1D F1="1.339685" intensity="2.166670e-002" type="0"/>
    <Peak1D F1="1.326689" intensity="1.861230e-002" type="0"/>
    <Peak1D F1="1.237743" intensity="4.198926e-002" type="0"/>
    <Peak1D F1="1.184767" intensity="1.333202e-001" type="0"/>
    <Peak1D F1="1.152532" intensity="1.832344e-002" type="0"/>
    <Peak1D F1="1.135788" intensity="1.244792e-002" type="0"/>
    <Peak1D F1="1.117358" intensity="9.855576e-003" type="0"/>
    <Peak1D F1="1.102674" intensity="8.906328e-003" type="0"/>
    <Peak1D F1="1.038105" intensity="7.321526e-003" type="0"/>
    <Peak1D F1="1.031207" intensity="7.334591e-003" type="0"/>
    <Peak1D F1="1.013768" intensity="7.347611e-003" type="0"/>
    <Peak1D F1="0.914123" intensity="5.749870e-003" type="0"/>
    <Peak1D F1="0.825515" intensity="1.925775e-002" type="0"/>
    <Peak1D F1="0.809724" intensity="3.571457e-002" type="0"/>
    <Peak1D F1="0.793268" intensity="2.144278e-002" type="0"/>
    <Peak1D F1="0.773130" intensity="1.687760e-002" type="0"/>
    <Peak1D F1="0.767267" intensity="1.524937e-002" type="0"/>
    <Peak1D F1="0.725774" intensity="5.615607e-003" type="0"/>
    <Peak1D F1="0.683183" intensity="4.932278e-003" type="0"/>
    <Peak1D F1="0.662586" intensity="3.955820e-003" type="0"/>
    <Peak1D F1="0.595238" intensity="4.454941e-003" type="0"/>
    <Peak1D F1="0.549760" intensity="4.298636e-003" type="0"/>
    <Peak1D F1="0.432889" intensity="4.115432e-003" type="0"/>
    <Peak1D F1="0.316882" intensity="4.042889e-003" type="0"/>
    <Peak1D F1="0.145111" intensity="4.233070e-003" type="0"/>
    <Peak1D F1="0.050165" intensity="7.479473e-003" type="0"/>
    <Peak1D F1="-0.000157" intensity="3.014136e-001" type="0"/>
    <Peak1D F1="-0.009516" intensity="1.300821e-002" type="0"/>
    <Peak1D F1="-0.049891" intensity="5.755517e-003" type="0"/>
    <Peak1D F1="-0.065071" intensity="4.146515e-003" type="0"/>
    <Peak1D F1="-3.828966" intensity="5.836965e-003" type="0"/>
  </PeakList1D>
</PeakList>
