<?xml version="1.0" encoding="UTF-8"?>
<PeakList>
  <PeakList1D>
    <PeakList1DHeader creator="nmr" date="2021-04-18T21:28:12.613+03:00" expNo="10" name="ID-355-Crude" owner="" procNo="1" source="//132.72.8.180/400b/Milo/Milo">
      <PeakPickDetails>F1=16.100660ppm, F2=-3.928385ppm, MI=0.00cm, MAXI=10000.00cm, PC=1.000
      </PeakPickDetails>
    </PeakList1DHeader>
    <Peak1D F1="13.380309" intensity="4.752705e-003" type="0"/>
    <Peak1D F1="12.535597" intensity="4.829763e-003" type="0"/>
    <Peak1D F1="11.599396" intensity="5.119368e-003" type="0"/>
    <Peak1D F1="10.094335" intensity="5.078048e-003" type="0"/>
    <Peak1D F1="8.417909" intensity="6.858288e-003" type="0"/>
    <Peak1D F1="8.402721" intensity="5.191218e-003" type="0"/>
    <Peak1D F1="8.370429" intensity="1.302062e-002" type="0"/>
    <Peak1D F1="8.364798" intensity="1.557589e-002" type="0"/>
    <Peak1D F1="8.348146" intensity="1.564843e-002" type="0"/>
    <Peak1D F1="8.343515" intensity="1.658104e-002" type="0"/>
    <Peak1D F1="8.314163" intensity="6.673606e-003" type="0"/>
    <Peak1D F1="8.253178" intensity="4.199531e-002" type="0"/>
    <Peak1D F1="8.232253" intensity="1.782956e-001" type="0"/>
    <Peak1D F1="8.210373" intensity="3.352130e-001" type="0"/>
    <Peak1D F1="8.188425" intensity="2.305641e-001" type="0"/>
    <Peak1D F1="8.163862" intensity="6.000436e-001" type="0"/>
    <Peak1D F1="8.158406" intensity="3.586429e+000" type="0"/>
    <Peak1D F1="8.153563" intensity="1.665237e+000" type="0"/>
    <Peak1D F1="8.136654" intensity="3.841334e+000" type="0"/>
    <Peak1D F1="8.130941" intensity="1.092728e+000" type="0"/>
    <Peak1D F1="8.108415" intensity="1.089642e-001" type="0"/>
    <Peak1D F1="8.104287" intensity="1.140801e-001" type="0"/>
    <Peak1D F1="8.086790" intensity="6.153304e-002" type="0"/>
    <Peak1D F1="8.057294" intensity="1.804951e-002" type="0"/>
    <Peak1D F1="8.038257" intensity="1.452327e-002" type="0"/>
    <Peak1D F1="8.021482" intensity="9.969768e-003" type="0"/>
    <Peak1D F1="7.944198" intensity="1.566730e-002" type="0"/>
    <Peak1D F1="7.929081" intensity="1.219819e-002" type="0"/>
    <Peak1D F1="7.921061" intensity="1.263485e-002" type="0"/>
    <Peak1D F1="7.754776" intensity="7.656110e-003" type="0"/>
    <Peak1D F1="7.713561" intensity="5.362288e-003" type="0"/>
    <Peak1D F1="7.681139" intensity="1.352847e-002" type="0"/>
    <Peak1D F1="7.662488" intensity="1.620454e-002" type="0"/>
    <Peak1D F1="7.644411" intensity="7.909356e-003" type="0"/>
    <Peak1D F1="7.622610" intensity="1.187589e-001" type="0"/>
    <Peak1D F1="7.600899" intensity="1.249481e-001" type="0"/>
    <Peak1D F1="7.587306" intensity="2.668322e-002" type="0"/>
    <Peak1D F1="7.579384" intensity="2.327036e-002" type="0"/>
    <Peak1D F1="7.568737" intensity="2.623192e-002" type="0"/>
    <Peak1D F1="7.547085" intensity="3.720761e-002" type="0"/>
    <Peak1D F1="7.529841" intensity="1.997377e-001" type="0"/>
    <Peak1D F1="7.507862" intensity="2.846060e-001" type="0"/>
    <Peak1D F1="7.480194" intensity="3.591348e+000" type="0"/>
    <Peak1D F1="7.458296" intensity="3.488847e+000" type="0"/>
    <Peak1D F1="7.439877" intensity="4.791710e-001" type="0"/>
    <Peak1D F1="7.408431" intensity="6.151690e-002" type="0"/>
    <Peak1D F1="7.390376" intensity="1.121161e-002" type="0"/>
    <Peak1D F1="7.374538" intensity="5.973932e-003" type="0"/>
    <Peak1D F1="7.331729" intensity="1.173897e-002" type="0"/>
    <Peak1D F1="7.323452" intensity="1.305505e-002" type="0"/>
    <Peak1D F1="7.316822" intensity="1.170800e-002" type="0"/>
    <Peak1D F1="7.281086" intensity="1.966770e-001" type="0"/>
    <Peak1D F1="7.275209" intensity="2.077936e-001" type="0"/>
    <Peak1D F1="7.245915" intensity="8.780426e-002" type="0"/>
    <Peak1D F1="7.231251" intensity="2.710869e-002" type="0"/>
    <Peak1D F1="7.195845" intensity="5.336792e+000" type="0"/>
    <Peak1D F1="7.156564" intensity="8.457813e-003" type="0"/>
    <Peak1D F1="7.145886" intensity="7.938768e-002" type="0"/>
    <Peak1D F1="7.093313" intensity="7.706875e-003" type="0"/>
    <Peak1D F1="7.066196" intensity="2.848122e-002" type="0"/>
    <Peak1D F1="7.054787" intensity="1.952159e-001" type="0"/>
    <Peak1D F1="7.049249" intensity="3.650228e-001" type="0"/>
    <Peak1D F1="7.043733" intensity="2.006649e-001" type="0"/>
    <Peak1D F1="7.035815" intensity="2.179533e-002" type="0"/>
    <Peak1D F1="7.029265" intensity="1.596241e-002" type="0"/>
    <Peak1D F1="7.010488" intensity="1.799782e-002" type="0"/>
    <Peak1D F1="6.979105" intensity="1.608764e-002" type="0"/>
    <Peak1D F1="6.973518" intensity="1.860602e-002" type="0"/>
    <Peak1D F1="6.931805" intensity="2.699970e-002" type="0"/>
    <Peak1D F1="6.883039" intensity="4.607647e-003" type="0"/>
    <Peak1D F1="6.858590" intensity="1.210993e-002" type="0"/>
    <Peak1D F1="6.830348" intensity="1.094748e-001" type="0"/>
    <Peak1D F1="6.824457" intensity="1.285525e-001" type="0"/>
    <Peak1D F1="6.814654" intensity="3.948522e-001" type="0"/>
    <Peak1D F1="6.809285" intensity="3.756107e-001" type="0"/>
    <Peak1D F1="6.780690" intensity="5.234158e-003" type="0"/>
    <Peak1D F1="6.760003" intensity="8.555799e-003" type="0"/>
    <Peak1D F1="6.659558" intensity="1.513836e-002" type="0"/>
    <Peak1D F1="6.654086" intensity="1.565053e-002" type="0"/>
    <Peak1D F1="6.639540" intensity="5.256612e-002" type="0"/>
    <Peak1D F1="6.633926" intensity="9.707619e-002" type="0"/>
    <Peak1D F1="6.628048" intensity="5.048840e-002" type="0"/>
    <Peak1D F1="6.594927" intensity="8.503737e-003" type="0"/>
    <Peak1D F1="6.589138" intensity="1.674248e-002" type="0"/>
    <Peak1D F1="6.579831" intensity="5.339696e-002" type="0"/>
    <Peak1D F1="6.573830" intensity="9.508879e-002" type="0"/>
    <Peak1D F1="6.568050" intensity="9.880716e-002" type="0"/>
    <Peak1D F1="6.562394" intensity="1.002561e-001" type="0"/>
    <Peak1D F1="6.556933" intensity="5.514496e-002" type="0"/>
    <Peak1D F1="6.542257" intensity="1.626163e-002" type="0"/>
    <Peak1D F1="6.521105" intensity="3.901672e-002" type="0"/>
    <Peak1D F1="6.515577" intensity="9.545249e-002" type="0"/>
    <Peak1D F1="6.510392" intensity="1.867204e-001" type="0"/>
    <Peak1D F1="6.504845" intensity="2.370699e-001" type="0"/>
    <Peak1D F1="6.499034" intensity="1.087599e-001" type="0"/>
    <Peak1D F1="6.475514" intensity="7.796356e-003" type="0"/>
    <Peak1D F1="6.470170" intensity="7.950169e-003" type="0"/>
    <Peak1D F1="6.463056" intensity="6.779829e-003" type="0"/>
    <Peak1D F1="6.448731" intensity="4.734279e-003" type="0"/>
    <Peak1D F1="6.412762" intensity="9.214793e-003" type="0"/>
    <Peak1D F1="6.398268" intensity="5.380144e-003" type="0"/>
    <Peak1D F1="6.351703" intensity="2.362168e-002" type="0"/>
    <Peak1D F1="6.345389" intensity="2.109194e-002" type="0"/>
    <Peak1D F1="6.216715" intensity="1.043191e-002" type="0"/>
    <Peak1D F1="6.210486" intensity="7.084562e-003" type="0"/>
    <Peak1D F1="6.163108" intensity="4.957521e-003" type="0"/>
    <Peak1D F1="6.117269" intensity="3.844054e-002" type="0"/>
    <Peak1D F1="6.067514" intensity="7.908918e-002" type="0"/>
    <Peak1D F1="6.017610" intensity="5.026664e+000" type="0"/>
    <Peak1D F1="5.991370" intensity="1.591621e-002" type="0"/>
    <Peak1D F1="5.986560" intensity="1.358542e-002" type="0"/>
    <Peak1D F1="5.977671" intensity="7.438704e-003" type="0"/>
    <Peak1D F1="5.967537" intensity="7.782108e-002" type="0"/>
    <Peak1D F1="5.960730" intensity="3.452365e-002" type="0"/>
    <Peak1D F1="5.955020" intensity="2.357410e-002" type="0"/>
    <Peak1D F1="5.923713" intensity="3.356662e-002" type="0"/>
    <Peak1D F1="5.912527" intensity="3.338624e-002" type="0"/>
    <Peak1D F1="5.820433" intensity="7.552261e-003" type="0"/>
    <Peak1D F1="5.815936" intensity="1.147433e-002" type="0"/>
    <Peak1D F1="5.793285" intensity="5.499203e-002" type="0"/>
    <Peak1D F1="5.786633" intensity="5.637489e-002" type="0"/>
    <Peak1D F1="5.622158" intensity="6.159608e-002" type="0"/>
    <Peak1D F1="5.610676" intensity="7.960209e-003" type="0"/>
    <Peak1D F1="5.595045" intensity="5.820713e-002" type="0"/>
    <Peak1D F1="5.560266" intensity="9.176769e-003" type="0"/>
    <Peak1D F1="5.533823" intensity="1.209823e-002" type="0"/>
    <Peak1D F1="5.487872" intensity="2.685644e-002" type="0"/>
    <Peak1D F1="5.440440" intensity="3.523789e-002" type="0"/>
    <Peak1D F1="5.413962" intensity="9.580409e-003" type="0"/>
    <Peak1D F1="5.353096" intensity="1.704610e-001" type="0"/>
    <Peak1D F1="5.305214" intensity="9.216301e-003" type="0"/>
    <Peak1D F1="5.298657" intensity="7.421439e-003" type="0"/>
    <Peak1D F1="5.281181" intensity="1.565520e-002" type="0"/>
    <Peak1D F1="5.231028" intensity="7.396534e-001" type="0"/>
    <Peak1D F1="5.181354" intensity="1.401692e-002" type="0"/>
    <Peak1D F1="5.121474" intensity="4.757752e-003" type="0"/>
    <Peak1D F1="5.109372" intensity="4.782857e-003" type="0"/>
    <Peak1D F1="4.968950" intensity="1.037524e-002" type="0"/>
    <Peak1D F1="4.946394" intensity="1.389634e-002" type="0"/>
    <Peak1D F1="4.914747" intensity="5.077478e-003" type="0"/>
    <Peak1D F1="4.889153" intensity="1.280866e-002" type="0"/>
    <Peak1D F1="4.872010" intensity="2.171094e-002" type="0"/>
    <Peak1D F1="4.852324" intensity="3.234711e-002" type="0"/>
    <Peak1D F1="4.823998" intensity="1.477437e-001" type="0"/>
    <Peak1D F1="4.790527" intensity="1.664913e+000" type="0"/>
    <Peak1D F1="4.767681" intensity="1.681747e+000" type="0"/>
    <Peak1D F1="4.740217" intensity="4.508196e-002" type="0"/>
    <Peak1D F1="4.731462" intensity="5.140947e-002" type="0"/>
    <Peak1D F1="4.717940" intensity="5.019917e-002" type="0"/>
    <Peak1D F1="4.682190" intensity="2.086430e+000" type="0"/>
    <Peak1D F1="4.632082" intensity="4.174530e-002" type="0"/>
    <Peak1D F1="4.607702" intensity="1.240171e-002" type="0"/>
    <Peak1D F1="4.584868" intensity="1.066356e-002" type="0"/>
    <Peak1D F1="4.347653" intensity="5.139861e-003" type="0"/>
    <Peak1D F1="4.086886" intensity="1.088787e-002" type="0"/>
    <Peak1D F1="4.006568" intensity="6.224490e-003" type="0"/>
    <Peak1D F1="3.967008" intensity="1.456960e-002" type="0"/>
    <Peak1D F1="3.956397" intensity="1.640479e-002" type="0"/>
    <Peak1D F1="3.927338" intensity="1.458835e-002" type="0"/>
    <Peak1D F1="3.889616" intensity="6.576289e-003" type="0"/>
    <Peak1D F1="3.878381" intensity="9.538494e-002" type="0"/>
    <Peak1D F1="3.828780" intensity="1.117333e+000" type="0"/>
    <Peak1D F1="3.811477" intensity="1.408491e-001" type="0"/>
    <Peak1D F1="3.798376" intensity="1.047629e-001" type="0"/>
    <Peak1D F1="3.789726" intensity="1.101656e+000" type="0"/>
    <Peak1D F1="3.783921" intensity="2.739743e-001" type="0"/>
    <Peak1D F1="3.775373" intensity="1.221862e+000" type="0"/>
    <Peak1D F1="3.759241" intensity="7.304735e-001" type="0"/>
    <Peak1D F1="3.749109" intensity="2.720503e+000" type="0"/>
    <Peak1D F1="3.735504" intensity="1.599615e-001" type="0"/>
    <Peak1D F1="3.723129" intensity="1.482204e-001" type="0"/>
    <Peak1D F1="3.700799" intensity="1.500000e+001" type="0"/>
    <Peak1D F1="3.684833" intensity="2.359604e-001" type="0"/>
    <Peak1D F1="3.660593" intensity="3.110818e-002" type="0"/>
    <Peak1D F1="3.650790" intensity="2.389891e-001" type="0"/>
    <Peak1D F1="3.632427" intensity="3.244773e-002" type="0"/>
    <Peak1D F1="3.614960" intensity="1.062907e-002" type="0"/>
    <Peak1D F1="3.597253" intensity="1.344494e-001" type="0"/>
    <Peak1D F1="3.582390" intensity="1.013616e-002" type="0"/>
    <Peak1D F1="3.567412" intensity="1.628610e-002" type="0"/>
    <Peak1D F1="3.518518" intensity="7.707511e-002" type="0"/>
    <Peak1D F1="3.416086" intensity="4.664055e-003" type="0"/>
    <Peak1D F1="3.171015" intensity="6.768049e-003" type="0"/>
    <Peak1D F1="3.154435" intensity="6.679060e-003" type="0"/>
    <Peak1D F1="3.138119" intensity="4.912130e-003" type="0"/>
    <Peak1D F1="3.075780" intensity="9.848226e-003" type="0"/>
    <Peak1D F1="2.953769" intensity="7.075006e-003" type="0"/>
    <Peak1D F1="2.943305" intensity="9.316657e-003" type="0"/>
    <Peak1D F1="2.935965" intensity="1.164942e-002" type="0"/>
    <Peak1D F1="2.924315" intensity="7.066452e-003" type="0"/>
    <Peak1D F1="2.810017" intensity="5.352866e-003" type="0"/>
    <Peak1D F1="2.789782" intensity="1.123553e-002" type="0"/>
    <Peak1D F1="2.778890" intensity="1.031930e-002" type="0"/>
    <Peak1D F1="2.754367" intensity="2.759531e-002" type="0"/>
    <Peak1D F1="2.732454" intensity="3.067874e-002" type="0"/>
    <Peak1D F1="2.715113" intensity="1.794552e-002" type="0"/>
    <Peak1D F1="2.709344" intensity="1.510313e-002" type="0"/>
    <Peak1D F1="2.648056" intensity="7.300349e-003" type="0"/>
    <Peak1D F1="2.640748" intensity="6.315154e-003" type="0"/>
    <Peak1D F1="2.625681" intensity="1.073993e-002" type="0"/>
    <Peak1D F1="2.617737" intensity="1.074325e-002" type="0"/>
    <Peak1D F1="2.550564" intensity="1.039550e-001" type="0"/>
    <Peak1D F1="2.542086" intensity="1.007926e-001" type="0"/>
    <Peak1D F1="2.505383" intensity="1.911891e-002" type="0"/>
    <Peak1D F1="2.494932" intensity="2.011296e-002" type="0"/>
    <Peak1D F1="2.485038" intensity="2.314614e-002" type="0"/>
    <Peak1D F1="2.438253" intensity="3.352520e-001" type="0"/>
    <Peak1D F1="2.433522" intensity="3.844988e-001" type="0"/>
    <Peak1D F1="2.416962" intensity="3.725381e-001" type="0"/>
    <Peak1D F1="2.412348" intensity="4.190032e-001" type="0"/>
    <Peak1D F1="2.388793" intensity="5.474523e-001" type="0"/>
    <Peak1D F1="2.384881" intensity="5.232812e-001" type="0"/>
    <Peak1D F1="2.367943" intensity="5.002756e-001" type="0"/>
    <Peak1D F1="2.364193" intensity="6.294885e-001" type="0"/>
    <Peak1D F1="2.350614" intensity="3.721738e-001" type="0"/>
    <Peak1D F1="2.327800" intensity="6.489693e-001" type="0"/>
    <Peak1D F1="2.320259" intensity="3.963125e-001" type="0"/>
    <Peak1D F1="2.317172" intensity="3.848712e-001" type="0"/>
    <Peak1D F1="2.307835" intensity="5.330809e-001" type="0"/>
    <Peak1D F1="2.297704" intensity="6.272537e-001" type="0"/>
    <Peak1D F1="2.277028" intensity="3.665079e-001" type="0"/>
    <Peak1D F1="2.252933" intensity="5.941939e-001" type="0"/>
    <Peak1D F1="2.230682" intensity="6.927426e-001" type="0"/>
    <Peak1D F1="2.226918" intensity="6.981030e-001" type="0"/>
    <Peak1D F1="2.204093" intensity="8.940385e-001" type="0"/>
    <Peak1D F1="2.189887" intensity="1.017420e-001" type="0"/>
    <Peak1D F1="2.182650" intensity="4.528837e-001" type="0"/>
    <Peak1D F1="2.177954" intensity="4.621892e-001" type="0"/>
    <Peak1D F1="2.155423" intensity="5.762738e-001" type="0"/>
    <Peak1D F1="2.147127" intensity="3.650070e-001" type="0"/>
    <Peak1D F1="2.116862" intensity="4.242485e+000" type="0"/>
    <Peak1D F1="2.097164" intensity="1.340467e+001" type="0"/>
    <Peak1D F1="2.086119" intensity="3.673656e+000" type="0"/>
    <Peak1D F1="2.078440" intensity="6.743363e+000" type="0"/>
    <Peak1D F1="2.057054" intensity="3.533603e-001" type="0"/>
    <Peak1D F1="2.052514" intensity="3.475330e-001" type="0"/>
    <Peak1D F1="2.047514" intensity="3.784055e-001" type="0"/>
    <Peak1D F1="2.028644" intensity="1.723826e-001" type="0"/>
    <Peak1D F1="1.986875" intensity="3.103808e-001" type="0"/>
    <Peak1D F1="1.982499" intensity="2.613089e-001" type="0"/>
    <Peak1D F1="1.970230" intensity="3.613261e-001" type="0"/>
    <Peak1D F1="1.965148" intensity="4.707931e-001" type="0"/>
    <Peak1D F1="1.959366" intensity="6.255789e-001" type="0"/>
    <Peak1D F1="1.954977" intensity="6.017076e-001" type="0"/>
    <Peak1D F1="1.949334" intensity="6.149908e-001" type="0"/>
    <Peak1D F1="1.941977" intensity="8.320859e-001" type="0"/>
    <Peak1D F1="1.932914" intensity="9.713369e-001" type="0"/>
    <Peak1D F1="1.925809" intensity="9.013779e-001" type="0"/>
    <Peak1D F1="1.920741" intensity="1.008554e+000" type="0"/>
    <Peak1D F1="1.910775" intensity="6.753248e+000" type="0"/>
    <Peak1D F1="1.899693" intensity="5.784327e+000" type="0"/>
    <Peak1D F1="1.891256" intensity="1.382304e+001" type="0"/>
    <Peak1D F1="1.880924" intensity="5.258399e+000" type="0"/>
    <Peak1D F1="1.871842" intensity="4.434909e+000" type="0"/>
    <Peak1D F1="1.859506" intensity="5.663893e-001" type="0"/>
    <Peak1D F1="1.849823" intensity="3.307698e-001" type="0"/>
    <Peak1D F1="1.841415" intensity="3.264281e-001" type="0"/>
    <Peak1D F1="1.833385" intensity="1.575286e-001" type="0"/>
    <Peak1D F1="1.821823" intensity="1.185764e-001" type="0"/>
    <Peak1D F1="1.808205" intensity="5.662075e-002" type="0"/>
    <Peak1D F1="1.793551" intensity="4.934846e-002" type="0"/>
    <Peak1D F1="1.777769" intensity="4.568772e-002" type="0"/>
    <Peak1D F1="1.759848" intensity="5.853270e-002" type="0"/>
    <Peak1D F1="1.744798" intensity="1.838494e-001" type="0"/>
    <Peak1D F1="1.729107" intensity="2.494396e-001" type="0"/>
    <Peak1D F1="1.723879" intensity="2.465880e-001" type="0"/>
    <Peak1D F1="1.716571" intensity="2.941373e-001" type="0"/>
    <Peak1D F1="1.707831" intensity="3.206793e-001" type="0"/>
    <Peak1D F1="1.700797" intensity="5.074597e-001" type="0"/>
    <Peak1D F1="1.696719" intensity="4.556510e-001" type="0"/>
    <Peak1D F1="1.686443" intensity="3.982940e-001" type="0"/>
    <Peak1D F1="1.679955" intensity="1.278542e+000" type="0"/>
    <Peak1D F1="1.670511" intensity="7.590203e-001" type="0"/>
    <Peak1D F1="1.655899" intensity="1.091561e+000" type="0"/>
    <Peak1D F1="1.639120" intensity="6.470904e-001" type="0"/>
    <Peak1D F1="1.635035" intensity="7.099558e-001" type="0"/>
    <Peak1D F1="1.624040" intensity="2.860635e-001" type="0"/>
    <Peak1D F1="1.618980" intensity="3.638188e-001" type="0"/>
    <Peak1D F1="1.599763" intensity="1.049588e-001" type="0"/>
    <Peak1D F1="1.583637" intensity="1.064009e-001" type="0"/>
    <Peak1D F1="1.545471" intensity="1.106692e+000" type="0"/>
    <Peak1D F1="1.535184" intensity="6.708946e-001" type="0"/>
    <Peak1D F1="1.519136" intensity="3.266041e-001" type="0"/>
    <Peak1D F1="1.512162" intensity="3.332424e-001" type="0"/>
    <Peak1D F1="1.500065" intensity="6.192058e-001" type="0"/>
    <Peak1D F1="1.482713" intensity="7.441758e-001" type="0"/>
    <Peak1D F1="1.469834" intensity="5.025676e-001" type="0"/>
    <Peak1D F1="1.453212" intensity="4.868258e-001" type="0"/>
    <Peak1D F1="1.440674" intensity="9.212784e-002" type="0"/>
    <Peak1D F1="1.435275" intensity="1.274434e-001" type="0"/>
    <Peak1D F1="1.422980" intensity="1.570268e-001" type="0"/>
    <Peak1D F1="1.400084" intensity="3.035876e-002" type="0"/>
    <Peak1D F1="1.370373" intensity="2.522541e-002" type="0"/>
    <Peak1D F1="1.353658" intensity="3.411904e-002" type="0"/>
    <Peak1D F1="1.341497" intensity="3.028496e-002" type="0"/>
    <Peak1D F1="1.309701" intensity="2.505247e-002" type="0"/>
    <Peak1D F1="1.261825" intensity="4.742262e-002" type="0"/>
    <Peak1D F1="1.234144" intensity="7.857749e-002" type="0"/>
    <Peak1D F1="1.216409" intensity="7.536936e-002" type="0"/>
    <Peak1D F1="1.183270" intensity="2.095742e-001" type="0"/>
    <Peak1D F1="1.108912" intensity="9.191534e-003" type="0"/>
    <Peak1D F1="1.101698" intensity="9.055703e-003" type="0"/>
    <Peak1D F1="1.048732" intensity="6.998269e-003" type="0"/>
    <Peak1D F1="1.026246" intensity="7.279600e-003" type="0"/>
    <Peak1D F1="1.005389" intensity="6.238037e-003" type="0"/>
    <Peak1D F1="0.948167" intensity="5.923261e-003" type="0"/>
    <Peak1D F1="0.916065" intensity="6.325113e-003" type="0"/>
    <Peak1D F1="0.890409" intensity="5.589690e-003" type="0"/>
    <Peak1D F1="0.825399" intensity="3.003908e-002" type="0"/>
    <Peak1D F1="0.809876" intensity="5.956998e-002" type="0"/>
    <Peak1D F1="0.792165" intensity="2.931158e-002" type="0"/>
    <Peak1D F1="0.774404" intensity="1.642958e-002" type="0"/>
    <Peak1D F1="0.763610" intensity="1.517148e-002" type="0"/>
    <Peak1D F1="0.710095" intensity="7.828319e-003" type="0"/>
    <Peak1D F1="0.692649" intensity="5.948083e-003" type="0"/>
    <Peak1D F1="0.662139" intensity="5.069952e-003" type="0"/>
    <Peak1D F1="0.618096" intensity="5.421420e-003" type="0"/>
    <Peak1D F1="0.561757" intensity="4.857156e-003" type="0"/>
    <Peak1D F1="0.491872" intensity="4.827957e-003" type="0"/>
    <Peak1D F1="0.450261" intensity="6.111890e-003" type="0"/>
    <Peak1D F1="0.417761" intensity="6.087440e-003" type="0"/>
    <Peak1D F1="0.357256" intensity="6.493418e-003" type="0"/>
    <Peak1D F1="0.347683" intensity="6.359028e-003" type="0"/>
    <Peak1D F1="0.336766" intensity="5.900539e-003" type="0"/>
    <Peak1D F1="0.282250" intensity="5.359016e-003" type="0"/>
    <Peak1D F1="0.144051" intensity="6.511914e-003" type="0"/>
    <Peak1D F1="0.049356" intensity="1.313238e-002" type="0"/>
    <Peak1D F1="-0.000155" intensity="7.062666e-001" type="0"/>
    <Peak1D F1="-0.025869" intensity="7.905985e-003" type="0"/>
    <Peak1D F1="-0.050443" intensity="1.251071e-002" type="0"/>
    <Peak1D F1="-3.728918" intensity="4.872130e-003" type="0"/>
    <Peak1D F1="-3.802305" intensity="5.041905e-003" type="0"/>
  </PeakList1D>
</PeakList>
