<?xml version="1.0" encoding="UTF-8"?>
<PeakList>
  <PeakList1D>
    <PeakList1DHeader creator="nmr" date="2021-10-28T18:09:13.494+03:00" expNo="10" name="ID_451_B" owner="" procNo="1" source="//132.72.8.180/400b/Milo/Milo">
      <PeakPickDetails>F1=16.149290ppm, F2=-3.879756ppm, MI=0.00cm, MAXI=10000.00cm, PC=1.000
      </PeakPickDetails>
    </PeakList1DHeader>
    <Peak1D F1="15.601725" intensity="8.141206e-004" type="0"/>
    <Peak1D F1="12.784025" intensity="7.998528e-004" type="0"/>
    <Peak1D F1="10.303293" intensity="1.097320e-003" type="0"/>
    <Peak1D F1="10.133570" intensity="3.640011e-003" type="0"/>
    <Peak1D F1="10.115331" intensity="2.019168e-003" type="0"/>
    <Peak1D F1="10.084238" intensity="1.945290e-001" type="0"/>
    <Peak1D F1="10.033499" intensity="3.870925e-003" type="0"/>
    <Peak1D F1="9.856826" intensity="1.259604e-003" type="0"/>
    <Peak1D F1="8.540739" intensity="9.199500e-004" type="0"/>
    <Peak1D F1="8.519087" intensity="9.098645e-004" type="0"/>
    <Peak1D F1="8.430687" intensity="1.039038e-003" type="0"/>
    <Peak1D F1="8.404253" intensity="1.679044e-003" type="0"/>
    <Peak1D F1="8.375874" intensity="3.761649e-003" type="0"/>
    <Peak1D F1="8.353668" intensity="5.553277e-003" type="0"/>
    <Peak1D F1="8.343514" intensity="9.040554e-003" type="0"/>
    <Peak1D F1="8.325861" intensity="1.396153e-001" type="0"/>
    <Peak1D F1="8.304196" intensity="1.553539e-001" type="0"/>
    <Peak1D F1="8.275464" intensity="6.031236e-003" type="0"/>
    <Peak1D F1="8.253277" intensity="9.106798e-003" type="0"/>
    <Peak1D F1="8.226097" intensity="1.524920e-002" type="0"/>
    <Peak1D F1="8.220301" intensity="1.443256e-002" type="0"/>
    <Peak1D F1="8.205867" intensity="4.537158e-002" type="0"/>
    <Peak1D F1="8.198832" intensity="7.543273e-002" type="0"/>
    <Peak1D F1="8.193159" intensity="9.146768e-002" type="0"/>
    <Peak1D F1="8.176750" intensity="1.203086e-001" type="0"/>
    <Peak1D F1="8.171499" intensity="1.097927e-001" type="0"/>
    <Peak1D F1="8.159139" intensity="8.396649e-002" type="0"/>
    <Peak1D F1="8.154087" intensity="1.233810e-001" type="0"/>
    <Peak1D F1="8.131709" intensity="1.670867e+000" type="0"/>
    <Peak1D F1="8.122589" intensity="6.944712e-001" type="0"/>
    <Peak1D F1="8.110274" intensity="1.676974e+000" type="0"/>
    <Peak1D F1="8.101164" intensity="6.450768e-001" type="0"/>
    <Peak1D F1="8.094130" intensity="1.832215e-001" type="0"/>
    <Peak1D F1="8.081401" intensity="4.940941e-002" type="0"/>
    <Peak1D F1="8.072175" intensity="4.877486e-002" type="0"/>
    <Peak1D F1="8.059482" intensity="4.276859e-002" type="0"/>
    <Peak1D F1="8.053638" intensity="2.922484e-002" type="0"/>
    <Peak1D F1="8.021850" intensity="1.762974e-001" type="0"/>
    <Peak1D F1="8.001007" intensity="1.382446e-001" type="0"/>
    <Peak1D F1="7.971730" intensity="4.364138e-003" type="0"/>
    <Peak1D F1="7.950229" intensity="3.819674e-003" type="0"/>
    <Peak1D F1="7.922357" intensity="6.204565e-003" type="0"/>
    <Peak1D F1="7.917830" intensity="6.079235e-003" type="0"/>
    <Peak1D F1="7.900880" intensity="1.080084e-002" type="0"/>
    <Peak1D F1="7.895140" intensity="8.428692e-003" type="0"/>
    <Peak1D F1="7.884853" intensity="3.997012e-003" type="0"/>
    <Peak1D F1="7.878309" intensity="5.289203e-003" type="0"/>
    <Peak1D F1="7.857008" intensity="6.884953e-003" type="0"/>
    <Peak1D F1="7.839426" intensity="1.053990e-002" type="0"/>
    <Peak1D F1="7.822496" intensity="2.521613e-002" type="0"/>
    <Peak1D F1="7.804465" intensity="3.609981e-002" type="0"/>
    <Peak1D F1="7.786647" intensity="2.375316e-002" type="0"/>
    <Peak1D F1="7.782568" intensity="2.316335e-002" type="0"/>
    <Peak1D F1="7.768361" intensity="3.164446e-002" type="0"/>
    <Peak1D F1="7.764603" intensity="3.261605e-002" type="0"/>
    <Peak1D F1="7.747644" intensity="5.420077e-002" type="0"/>
    <Peak1D F1="7.733584" intensity="4.498276e-002" type="0"/>
    <Peak1D F1="7.720447" intensity="3.519284e-002" type="0"/>
    <Peak1D F1="7.702949" intensity="1.982426e-002" type="0"/>
    <Peak1D F1="7.698553" intensity="1.968788e-002" type="0"/>
    <Peak1D F1="7.678564" intensity="1.110586e-002" type="0"/>
    <Peak1D F1="7.668937" intensity="1.071248e-002" type="0"/>
    <Peak1D F1="7.660465" intensity="1.272653e-002" type="0"/>
    <Peak1D F1="7.639427" intensity="1.996454e-002" type="0"/>
    <Peak1D F1="7.616595" intensity="8.842117e-002" type="0"/>
    <Peak1D F1="7.594703" intensity="8.131716e-002" type="0"/>
    <Peak1D F1="7.578097" intensity="3.476496e-002" type="0"/>
    <Peak1D F1="7.569819" intensity="3.181740e-002" type="0"/>
    <Peak1D F1="7.548903" intensity="4.251059e-002" type="0"/>
    <Peak1D F1="7.527205" intensity="1.239977e-001" type="0"/>
    <Peak1D F1="7.521923" intensity="1.322293e-001" type="0"/>
    <Peak1D F1="7.504575" intensity="1.502387e-001" type="0"/>
    <Peak1D F1="7.499503" intensity="1.505359e-001" type="0"/>
    <Peak1D F1="7.492706" intensity="1.735712e-001" type="0"/>
    <Peak1D F1="7.478355" intensity="1.659064e+000" type="0"/>
    <Peak1D F1="7.456395" intensity="1.606743e+000" type="0"/>
    <Peak1D F1="7.424864" intensity="7.768763e-002" type="0"/>
    <Peak1D F1="7.404692" intensity="7.366897e-002" type="0"/>
    <Peak1D F1="7.391854" intensity="5.125957e-002" type="0"/>
    <Peak1D F1="7.383528" intensity="7.783979e-002" type="0"/>
    <Peak1D F1="7.377669" intensity="7.728209e-002" type="0"/>
    <Peak1D F1="7.373276" intensity="7.527643e-002" type="0"/>
    <Peak1D F1="7.360937" intensity="6.095667e-002" type="0"/>
    <Peak1D F1="7.358430" intensity="6.156167e-002" type="0"/>
    <Peak1D F1="7.356231" intensity="6.018654e-002" type="0"/>
    <Peak1D F1="7.353687" intensity="6.017869e-002" type="0"/>
    <Peak1D F1="7.337866" intensity="3.733025e-002" type="0"/>
    <Peak1D F1="7.334836" intensity="3.643147e-002" type="0"/>
    <Peak1D F1="7.310761" intensity="2.102439e-002" type="0"/>
    <Peak1D F1="7.302940" intensity="2.491674e-002" type="0"/>
    <Peak1D F1="7.292701" intensity="8.953709e-002" type="0"/>
    <Peak1D F1="7.269502" intensity="3.613349e-002" type="0"/>
    <Peak1D F1="7.244175" intensity="3.312536e+000" type="0"/>
    <Peak1D F1="7.242910" intensity="3.803483e+000" type="0"/>
    <Peak1D F1="7.216940" intensity="4.339402e-003" type="0"/>
    <Peak1D F1="7.194428" intensity="6.407432e-002" type="0"/>
    <Peak1D F1="7.192718" intensity="8.628014e-002" type="0"/>
    <Peak1D F1="7.167012" intensity="2.936067e-002" type="0"/>
    <Peak1D F1="7.158997" intensity="1.340636e-002" type="0"/>
    <Peak1D F1="7.149083" intensity="6.996232e-002" type="0"/>
    <Peak1D F1="7.131085" intensity="7.079225e-002" type="0"/>
    <Peak1D F1="7.121904" intensity="5.438297e-002" type="0"/>
    <Peak1D F1="7.114091" intensity="3.782527e-002" type="0"/>
    <Peak1D F1="7.103431" intensity="8.208202e-002" type="0"/>
    <Peak1D F1="7.084979" intensity="3.842518e-002" type="0"/>
    <Peak1D F1="7.064807" intensity="1.043299e-002" type="0"/>
    <Peak1D F1="7.045683" intensity="1.519190e-002" type="0"/>
    <Peak1D F1="7.036529" intensity="1.120975e-002" type="0"/>
    <Peak1D F1="7.022203" intensity="1.284862e-002" type="0"/>
    <Peak1D F1="7.016548" intensity="1.342726e-002" type="0"/>
    <Peak1D F1="6.987117" intensity="3.219989e-002" type="0"/>
    <Peak1D F1="6.977450" intensity="8.061355e-002" type="0"/>
    <Peak1D F1="6.966105" intensity="3.213818e-002" type="0"/>
    <Peak1D F1="6.954874" intensity="7.623827e-002" type="0"/>
    <Peak1D F1="6.949970" intensity="7.729720e-002" type="0"/>
    <Peak1D F1="6.939850" intensity="3.191733e-002" type="0"/>
    <Peak1D F1="6.928683" intensity="6.501622e-002" type="0"/>
    <Peak1D F1="6.912912" intensity="1.721966e-002" type="0"/>
    <Peak1D F1="6.903072" intensity="7.951528e-003" type="0"/>
    <Peak1D F1="6.893391" intensity="1.088903e-002" type="0"/>
    <Peak1D F1="6.878045" intensity="2.921066e-003" type="0"/>
    <Peak1D F1="6.460023" intensity="1.024279e-002" type="0"/>
    <Peak1D F1="6.245600" intensity="1.425980e-003" type="0"/>
    <Peak1D F1="6.239118" intensity="1.643321e-003" type="0"/>
    <Peak1D F1="6.195865" intensity="8.827399e-003" type="0"/>
    <Peak1D F1="6.191209" intensity="4.903759e-003" type="0"/>
    <Peak1D F1="6.150282" intensity="5.363999e-003" type="0"/>
    <Peak1D F1="6.103658" intensity="5.786616e-002" type="0"/>
    <Peak1D F1="6.097310" intensity="5.897891e-002" type="0"/>
    <Peak1D F1="6.076802" intensity="1.368502e-002" type="0"/>
    <Peak1D F1="6.046997" intensity="6.651217e-002" type="0"/>
    <Peak1D F1="5.997395" intensity="2.956390e+000" type="0"/>
    <Peak1D F1="5.980179" intensity="4.834853e-002" type="0"/>
    <Peak1D F1="5.968559" intensity="4.288388e-002" type="0"/>
    <Peak1D F1="5.947075" intensity="6.551500e-002" type="0"/>
    <Peak1D F1="5.929783" intensity="3.087767e-003" type="0"/>
    <Peak1D F1="5.914449" intensity="2.884217e-003" type="0"/>
    <Peak1D F1="5.900601" intensity="1.670622e-003" type="0"/>
    <Peak1D F1="5.871325" intensity="3.549550e-003" type="0"/>
    <Peak1D F1="5.863016" intensity="3.211876e-003" type="0"/>
    <Peak1D F1="5.814284" intensity="1.112068e-002" type="0"/>
    <Peak1D F1="5.807045" intensity="1.219537e-002" type="0"/>
    <Peak1D F1="5.795724" intensity="1.502798e-002" type="0"/>
    <Peak1D F1="5.756270" intensity="7.643732e-003" type="0"/>
    <Peak1D F1="5.739201" intensity="7.735656e-003" type="0"/>
    <Peak1D F1="5.714424" intensity="9.575265e-003" type="0"/>
    <Peak1D F1="5.698469" intensity="1.133244e-002" type="0"/>
    <Peak1D F1="5.671669" intensity="9.706357e-003" type="0"/>
    <Peak1D F1="5.653886" intensity="2.663706e-003" type="0"/>
    <Peak1D F1="5.639033" intensity="3.453342e-003" type="0"/>
    <Peak1D F1="5.610369" intensity="2.822726e-003" type="0"/>
    <Peak1D F1="5.599096" intensity="2.242698e-003" type="0"/>
    <Peak1D F1="5.563199" intensity="3.721941e-003" type="0"/>
    <Peak1D F1="5.499891" intensity="1.219257e-002" type="0"/>
    <Peak1D F1="5.493586" intensity="1.148704e-002" type="0"/>
    <Peak1D F1="5.446736" intensity="1.507665e-002" type="0"/>
    <Peak1D F1="5.427694" intensity="4.627724e-003" type="0"/>
    <Peak1D F1="5.377264" intensity="6.207263e-003" type="0"/>
    <Peak1D F1="5.335001" intensity="2.536306e-001" type="0"/>
    <Peak1D F1="5.328466" intensity="2.541159e-001" type="0"/>
    <Peak1D F1="5.284904" intensity="5.093026e-003" type="0"/>
    <Peak1D F1="5.277393" intensity="5.855695e-003" type="0"/>
    <Peak1D F1="5.249833" intensity="7.048916e-003" type="0"/>
    <Peak1D F1="5.242926" intensity="1.301271e-002" type="0"/>
    <Peak1D F1="5.235523" intensity="5.896347e-003" type="0"/>
    <Peak1D F1="5.004987" intensity="3.083505e-003" type="0"/>
    <Peak1D F1="4.983160" intensity="3.884922e-003" type="0"/>
    <Peak1D F1="4.934243" intensity="2.620279e-002" type="0"/>
    <Peak1D F1="4.913220" intensity="2.781741e-002" type="0"/>
    <Peak1D F1="4.896610" intensity="8.868333e-003" type="0"/>
    <Peak1D F1="4.874789" intensity="3.009586e-002" type="0"/>
    <Peak1D F1="4.853502" intensity="2.853214e-002" type="0"/>
    <Peak1D F1="4.825513" intensity="7.759395e-001" type="0"/>
    <Peak1D F1="4.803716" intensity="7.865530e-001" type="0"/>
    <Peak1D F1="4.774806" intensity="3.799059e-002" type="0"/>
    <Peak1D F1="4.752888" intensity="5.541806e-002" type="0"/>
    <Peak1D F1="4.708416" intensity="1.207529e-001" type="0"/>
    <Peak1D F1="4.641897" intensity="2.488545e-002" type="0"/>
    <Peak1D F1="4.619821" intensity="1.799353e-002" type="0"/>
    <Peak1D F1="4.517213" intensity="2.884303e-003" type="0"/>
    <Peak1D F1="4.502270" intensity="1.779629e-003" type="0"/>
    <Peak1D F1="4.337621" intensity="1.577921e-003" type="0"/>
    <Peak1D F1="4.325998" intensity="2.187959e-003" type="0"/>
    <Peak1D F1="4.296556" intensity="1.823596e-003" type="0"/>
    <Peak1D F1="4.284921" intensity="1.467119e-003" type="0"/>
    <Peak1D F1="4.272134" intensity="2.164971e-003" type="0"/>
    <Peak1D F1="4.133459" intensity="7.782968e-003" type="0"/>
    <Peak1D F1="4.127977" intensity="8.236254e-003" type="0"/>
    <Peak1D F1="4.120267" intensity="8.700006e-003" type="0"/>
    <Peak1D F1="4.113835" intensity="9.181892e-003" type="0"/>
    <Peak1D F1="4.105397" intensity="1.146200e-002" type="0"/>
    <Peak1D F1="4.085879" intensity="4.009480e-003" type="0"/>
    <Peak1D F1="3.861257" intensity="4.537324e-002" type="0"/>
    <Peak1D F1="3.820861" intensity="2.696114e-003" type="0"/>
    <Peak1D F1="3.795547" intensity="1.126300e-002" type="0"/>
    <Peak1D F1="3.786767" intensity="1.187603e-002" type="0"/>
    <Peak1D F1="3.776659" intensity="8.520517e-003" type="0"/>
    <Peak1D F1="3.764763" intensity="6.131115e-003" type="0"/>
    <Peak1D F1="3.755410" intensity="7.572491e-003" type="0"/>
    <Peak1D F1="3.733466" intensity="1.733284e-001" type="0"/>
    <Peak1D F1="3.683817" intensity="8.593231e+000" type="0"/>
    <Peak1D F1="3.667165" intensity="5.518245e-002" type="0"/>
    <Peak1D F1="3.657649" intensity="1.922610e-002" type="0"/>
    <Peak1D F1="3.647115" intensity="2.386993e-002" type="0"/>
    <Peak1D F1="3.633511" intensity="2.004242e-001" type="0"/>
    <Peak1D F1="3.605414" intensity="1.105073e-001" type="0"/>
    <Peak1D F1="3.578510" intensity="5.028884e-002" type="0"/>
    <Peak1D F1="3.564403" intensity="3.862697e-002" type="0"/>
    <Peak1D F1="3.545407" intensity="7.728177e-003" type="0"/>
    <Peak1D F1="3.501588" intensity="5.608866e-002" type="0"/>
    <Peak1D F1="3.491359" intensity="1.643597e-002" type="0"/>
    <Peak1D F1="3.467167" intensity="2.323021e-002" type="0"/>
    <Peak1D F1="3.451932" intensity="3.207127e-002" type="0"/>
    <Peak1D F1="3.445097" intensity="2.902325e-002" type="0"/>
    <Peak1D F1="3.431069" intensity="3.268217e-002" type="0"/>
    <Peak1D F1="3.413089" intensity="1.966924e-002" type="0"/>
    <Peak1D F1="3.398449" intensity="1.769312e-002" type="0"/>
    <Peak1D F1="3.377581" intensity="1.791100e-002" type="0"/>
    <Peak1D F1="3.349790" intensity="7.731938e-003" type="0"/>
    <Peak1D F1="3.264845" intensity="1.212680e-003" type="0"/>
    <Peak1D F1="3.246680" intensity="1.869921e-003" type="0"/>
    <Peak1D F1="3.223037" intensity="2.750415e-003" type="0"/>
    <Peak1D F1="3.207048" intensity="4.318809e-003" type="0"/>
    <Peak1D F1="3.192768" intensity="4.094132e-003" type="0"/>
    <Peak1D F1="3.177108" intensity="2.548613e-003" type="0"/>
    <Peak1D F1="3.128343" intensity="1.345423e-002" type="0"/>
    <Peak1D F1="3.114764" intensity="2.528658e-003" type="0"/>
    <Peak1D F1="3.095761" intensity="3.897394e-003" type="0"/>
    <Peak1D F1="3.083614" intensity="3.420390e-003" type="0"/>
    <Peak1D F1="3.072554" intensity="3.604915e-003" type="0"/>
    <Peak1D F1="2.974472" intensity="2.070125e-003" type="0"/>
    <Peak1D F1="2.958514" intensity="1.334612e-002" type="0"/>
    <Peak1D F1="2.951872" intensity="1.245151e-002" type="0"/>
    <Peak1D F1="2.940195" intensity="1.942995e-002" type="0"/>
    <Peak1D F1="2.933494" intensity="1.694950e-002" type="0"/>
    <Peak1D F1="2.921144" intensity="1.023188e-002" type="0"/>
    <Peak1D F1="2.915194" intensity="1.440318e-002" type="0"/>
    <Peak1D F1="2.894543" intensity="6.351866e-003" type="0"/>
    <Peak1D F1="2.793447" intensity="2.080862e-002" type="0"/>
    <Peak1D F1="2.785638" intensity="2.026167e-002" type="0"/>
    <Peak1D F1="2.779602" intensity="2.296777e-002" type="0"/>
    <Peak1D F1="2.766335" intensity="2.510164e-002" type="0"/>
    <Peak1D F1="2.755981" intensity="2.411433e-002" type="0"/>
    <Peak1D F1="2.731991" intensity="1.682546e-002" type="0"/>
    <Peak1D F1="2.721221" intensity="8.783743e-003" type="0"/>
    <Peak1D F1="2.707384" intensity="1.110512e-002" type="0"/>
    <Peak1D F1="2.686892" intensity="1.323032e-002" type="0"/>
    <Peak1D F1="2.679414" intensity="9.617864e-003" type="0"/>
    <Peak1D F1="2.666421" intensity="6.026777e-003" type="0"/>
    <Peak1D F1="2.658173" intensity="1.125893e-002" type="0"/>
    <Peak1D F1="2.636366" intensity="6.840932e-003" type="0"/>
    <Peak1D F1="2.607962" intensity="1.383882e-003" type="0"/>
    <Peak1D F1="2.587761" intensity="2.004419e-003" type="0"/>
    <Peak1D F1="2.565845" intensity="2.977046e-003" type="0"/>
    <Peak1D F1="2.541724" intensity="3.688553e-003" type="0"/>
    <Peak1D F1="2.518510" intensity="6.103372e-003" type="0"/>
    <Peak1D F1="2.494650" intensity="6.855165e-003" type="0"/>
    <Peak1D F1="2.464045" intensity="1.417817e-002" type="0"/>
    <Peak1D F1="2.457783" intensity="1.465581e-002" type="0"/>
    <Peak1D F1="2.437504" intensity="3.818868e-002" type="0"/>
    <Peak1D F1="2.429749" intensity="3.325064e-002" type="0"/>
    <Peak1D F1="2.417035" intensity="4.173822e-002" type="0"/>
    <Peak1D F1="2.396926" intensity="1.954195e-001" type="0"/>
    <Peak1D F1="2.390142" intensity="1.854629e-001" type="0"/>
    <Peak1D F1="2.378164" intensity="3.554845e-001" type="0"/>
    <Peak1D F1="2.355906" intensity="3.867218e-001" type="0"/>
    <Peak1D F1="2.350132" intensity="4.993075e-001" type="0"/>
    <Peak1D F1="2.340394" intensity="3.284232e-001" type="0"/>
    <Peak1D F1="2.329357" intensity="5.614692e-001" type="0"/>
    <Peak1D F1="2.308652" intensity="2.110800e-001" type="0"/>
    <Peak1D F1="2.278142" intensity="1.141377e-001" type="0"/>
    <Peak1D F1="2.271581" intensity="1.204189e-001" type="0"/>
    <Peak1D F1="2.258374" intensity="1.392695e-001" type="0"/>
    <Peak1D F1="2.252838" intensity="1.337312e-001" type="0"/>
    <Peak1D F1="2.239517" intensity="1.357366e-001" type="0"/>
    <Peak1D F1="2.229342" intensity="7.456408e-002" type="0"/>
    <Peak1D F1="2.221109" intensity="1.089006e-001" type="0"/>
    <Peak1D F1="2.211168" intensity="2.463701e-001" type="0"/>
    <Peak1D F1="2.201685" intensity="9.562670e-002" type="0"/>
    <Peak1D F1="2.188180" intensity="3.791148e-001" type="0"/>
    <Peak1D F1="2.185536" intensity="3.429239e-001" type="0"/>
    <Peak1D F1="2.162527" intensity="4.544474e-001" type="0"/>
    <Peak1D F1="2.147655" intensity="2.319510e-001" type="0"/>
    <Peak1D F1="2.139642" intensity="3.901621e-001" type="0"/>
    <Peak1D F1="2.135538" intensity="3.855874e-001" type="0"/>
    <Peak1D F1="2.128149" intensity="5.419403e-001" type="0"/>
    <Peak1D F1="2.121616" intensity="4.470315e-001" type="0"/>
    <Peak1D F1="2.098046" intensity="5.224110e+000" type="0"/>
    <Peak1D F1="2.089614" intensity="4.541943e+000" type="0"/>
    <Peak1D F1="2.078892" intensity="1.500000e+001" type="0"/>
    <Peak1D F1="2.068947" intensity="4.566023e+000" type="0"/>
    <Peak1D F1="2.067206" intensity="4.419092e+000" type="0"/>
    <Peak1D F1="2.060164" intensity="7.811487e+000" type="0"/>
    <Peak1D F1="2.038771" intensity="4.691305e-001" type="0"/>
    <Peak1D F1="2.034383" intensity="4.639124e-001" type="0"/>
    <Peak1D F1="2.028745" intensity="5.845586e-001" type="0"/>
    <Peak1D F1="2.010356" intensity="2.937499e-001" type="0"/>
    <Peak1D F1="1.993170" intensity="1.481147e-001" type="0"/>
    <Peak1D F1="1.986745" intensity="1.570522e-001" type="0"/>
    <Peak1D F1="1.984797" intensity="1.673755e-001" type="0"/>
    <Peak1D F1="1.980134" intensity="1.710462e-001" type="0"/>
    <Peak1D F1="1.974841" intensity="1.855311e-001" type="0"/>
    <Peak1D F1="1.968922" intensity="1.996966e-001" type="0"/>
    <Peak1D F1="1.951235" intensity="5.354263e-001" type="0"/>
    <Peak1D F1="1.934994" intensity="2.897426e+000" type="0"/>
    <Peak1D F1="1.923071" intensity="1.035319e+000" type="0"/>
    <Peak1D F1="1.915973" intensity="1.282785e+000" type="0"/>
    <Peak1D F1="1.912217" intensity="1.300112e+000" type="0"/>
    <Peak1D F1="1.901484" intensity="8.048463e+000" type="0"/>
    <Peak1D F1="1.891412" intensity="7.117615e+000" type="0"/>
    <Peak1D F1="1.890616" intensity="7.114098e+000" type="0"/>
    <Peak1D F1="1.881920" intensity="1.499017e+001" type="0"/>
    <Peak1D F1="1.872135" intensity="6.352407e+000" type="0"/>
    <Peak1D F1="1.862627" intensity="5.109935e+000" type="0"/>
    <Peak1D F1="1.850207" intensity="7.778068e-001" type="0"/>
    <Peak1D F1="1.844047" intensity="4.311107e-001" type="0"/>
    <Peak1D F1="1.840199" intensity="4.803773e-001" type="0"/>
    <Peak1D F1="1.831686" intensity="4.880107e-001" type="0"/>
    <Peak1D F1="1.822255" intensity="2.633299e-001" type="0"/>
    <Peak1D F1="1.812832" intensity="2.135165e-001" type="0"/>
    <Peak1D F1="1.800436" intensity="1.129467e-001" type="0"/>
    <Peak1D F1="1.784923" intensity="8.863721e-002" type="0"/>
    <Peak1D F1="1.770418" intensity="7.345875e-002" type="0"/>
    <Peak1D F1="1.764703" intensity="7.587467e-002" type="0"/>
    <Peak1D F1="1.750491" intensity="8.129694e-002" type="0"/>
    <Peak1D F1="1.736001" intensity="1.155217e-001" type="0"/>
    <Peak1D F1="1.732813" intensity="1.161829e-001" type="0"/>
    <Peak1D F1="1.720566" intensity="1.932627e-001" type="0"/>
    <Peak1D F1="1.715453" intensity="2.405620e-001" type="0"/>
    <Peak1D F1="1.701519" intensity="3.685404e-001" type="0"/>
    <Peak1D F1="1.694989" intensity="3.949886e-001" type="0"/>
    <Peak1D F1="1.677811" intensity="5.588462e-001" type="0"/>
    <Peak1D F1="1.661415" intensity="4.453624e-001" type="0"/>
    <Peak1D F1="1.656808" intensity="4.482935e-001" type="0"/>
    <Peak1D F1="1.645525" intensity="3.497386e-001" type="0"/>
    <Peak1D F1="1.640146" intensity="3.134804e-001" type="0"/>
    <Peak1D F1="1.624578" intensity="2.172810e-001" type="0"/>
    <Peak1D F1="1.609654" intensity="1.822615e-001" type="0"/>
    <Peak1D F1="1.598257" intensity="7.552946e-002" type="0"/>
    <Peak1D F1="1.588489" intensity="5.424391e-002" type="0"/>
    <Peak1D F1="1.577346" intensity="4.952622e-002" type="0"/>
    <Peak1D F1="1.559471" intensity="4.737413e-002" type="0"/>
    <Peak1D F1="1.551069" intensity="5.485661e-002" type="0"/>
    <Peak1D F1="1.544962" intensity="7.148693e-002" type="0"/>
    <Peak1D F1="1.537609" intensity="1.018206e-001" type="0"/>
    <Peak1D F1="1.528394" intensity="1.309768e-001" type="0"/>
    <Peak1D F1="1.510795" intensity="2.413167e-001" type="0"/>
    <Peak1D F1="1.493576" intensity="2.233086e-001" type="0"/>
    <Peak1D F1="1.481544" intensity="2.114538e-001" type="0"/>
    <Peak1D F1="1.463910" intensity="1.966083e-001" type="0"/>
    <Peak1D F1="1.445493" intensity="5.652821e-002" type="0"/>
    <Peak1D F1="1.429973" intensity="5.233348e-002" type="0"/>
    <Peak1D F1="1.411802" intensity="1.941656e-002" type="0"/>
    <Peak1D F1="1.380537" intensity="1.162924e-002" type="0"/>
    <Peak1D F1="1.348676" intensity="1.810287e-002" type="0"/>
    <Peak1D F1="1.302611" intensity="8.175020e-003" type="0"/>
    <Peak1D F1="1.255258" intensity="1.173018e-002" type="0"/>
    <Peak1D F1="1.223298" intensity="1.908312e-002" type="0"/>
    <Peak1D F1="1.207131" intensity="1.802746e-002" type="0"/>
    <Peak1D F1="1.177564" intensity="3.775970e-002" type="0"/>
    <Peak1D F1="1.156922" intensity="9.794689e-003" type="0"/>
    <Peak1D F1="1.131434" intensity="6.430028e-003" type="0"/>
    <Peak1D F1="1.069335" intensity="3.747875e-003" type="0"/>
    <Peak1D F1="0.878855" intensity="2.593979e-003" type="0"/>
    <Peak1D F1="0.871924" intensity="2.605953e-003" type="0"/>
    <Peak1D F1="0.813021" intensity="6.566948e-003" type="0"/>
    <Peak1D F1="0.797401" intensity="1.243221e-002" type="0"/>
    <Peak1D F1="0.780540" intensity="8.828399e-003" type="0"/>
    <Peak1D F1="0.770824" intensity="9.935359e-003" type="0"/>
    <Peak1D F1="0.751180" intensity="9.596810e-003" type="0"/>
    <Peak1D F1="0.733344" intensity="6.328926e-003" type="0"/>
    <Peak1D F1="0.693076" intensity="1.994612e-003" type="0"/>
    <Peak1D F1="0.669533" intensity="1.824779e-003" type="0"/>
    <Peak1D F1="0.647150" intensity="1.837908e-003" type="0"/>
    <Peak1D F1="0.593421" intensity="1.309416e-003" type="0"/>
    <Peak1D F1="0.528060" intensity="1.210827e-003" type="0"/>
    <Peak1D F1="0.524050" intensity="1.080608e-003" type="0"/>
    <Peak1D F1="0.496781" intensity="1.009674e-003" type="0"/>
    <Peak1D F1="0.485756" intensity="1.114667e-003" type="0"/>
    <Peak1D F1="0.462479" intensity="1.035392e-003" type="0"/>
    <Peak1D F1="0.426621" intensity="9.133250e-004" type="0"/>
    <Peak1D F1="0.355422" intensity="7.982391e-004" type="0"/>
    <Peak1D F1="0.327123" intensity="8.801724e-004" type="0"/>
    <Peak1D F1="0.110291" intensity="9.199058e-004" type="0"/>
    <Peak1D F1="0.050265" intensity="1.100531e-003" type="0"/>
    <Peak1D F1="-0.000153" intensity="4.866519e-002" type="0"/>
    <Peak1D F1="-0.026801" intensity="9.501596e-004" type="0"/>
    <Peak1D F1="-0.050428" intensity="1.189610e-003" type="0"/>
    <Peak1D F1="-0.085934" intensity="7.858241e-004" type="0"/>
    <Peak1D F1="-3.061436" intensity="8.153876e-004" type="0"/>
  </PeakList1D>
</PeakList>
