<?xml version="1.0" encoding="UTF-8"?>
<PeakList>
  <PeakList1D>
    <PeakList1DHeader creator="nmr" date="2021-08-02T19:39:09.718+03:00" expNo="20" name="ID-421-J" owner="" procNo="1" source="//132.72.8.180/400b/Milo/Milo">
      <PeakPickDetails>F1=16.099079ppm, F2=-3.929966ppm, MI=0.00cm, MAXI=10000.00cm, PC=1.000
      </PeakPickDetails>
    </PeakList1DHeader>
    <Peak1D F1="13.630828" intensity="5.093268e-003" type="0"/>
    <Peak1D F1="12.164406" intensity="5.008354e-003" type="0"/>
    <Peak1D F1="11.139570" intensity="5.203602e-003" type="0"/>
    <Peak1D F1="10.094023" intensity="1.839275e-002" type="0"/>
    <Peak1D F1="8.844046" intensity="9.412710e-002" type="0"/>
    <Peak1D F1="8.494121" intensity="9.538366e-003" type="0"/>
    <Peak1D F1="8.474883" intensity="1.184521e-002" type="0"/>
    <Peak1D F1="8.422964" intensity="5.612817e-003" type="0"/>
    <Peak1D F1="8.380767" intensity="5.756322e-003" type="0"/>
    <Peak1D F1="8.372237" intensity="7.629883e-003" type="0"/>
    <Peak1D F1="8.365773" intensity="7.889124e-003" type="0"/>
    <Peak1D F1="8.342235" intensity="2.096195e-002" type="0"/>
    <Peak1D F1="8.320906" intensity="1.790456e-002" type="0"/>
    <Peak1D F1="8.296878" intensity="5.223576e-002" type="0"/>
    <Peak1D F1="8.276347" intensity="6.768664e-002" type="0"/>
    <Peak1D F1="8.259032" intensity="2.199618e-002" type="0"/>
    <Peak1D F1="8.254590" intensity="2.197243e-002" type="0"/>
    <Peak1D F1="8.229739" intensity="8.819878e-002" type="0"/>
    <Peak1D F1="8.209409" intensity="6.796248e-002" type="0"/>
    <Peak1D F1="8.187298" intensity="7.428821e-002" type="0"/>
    <Peak1D F1="8.165224" intensity="2.636301e-001" type="0"/>
    <Peak1D F1="8.159606" intensity="1.761575e+000" type="0"/>
    <Peak1D F1="8.154785" intensity="7.802714e-001" type="0"/>
    <Peak1D F1="8.142365" intensity="6.244594e-001" type="0"/>
    <Peak1D F1="8.137727" intensity="1.880536e+000" type="0"/>
    <Peak1D F1="8.132289" intensity="4.668871e-001" type="0"/>
    <Peak1D F1="8.109641" intensity="3.535651e-002" type="0"/>
    <Peak1D F1="8.087514" intensity="3.151857e-002" type="0"/>
    <Peak1D F1="8.065988" intensity="8.765404e-003" type="0"/>
    <Peak1D F1="8.054371" intensity="3.871040e-002" type="0"/>
    <Peak1D F1="8.035853" intensity="4.214465e-002" type="0"/>
    <Peak1D F1="8.020261" intensity="2.098719e-002" type="0"/>
    <Peak1D F1="7.998511" intensity="1.748947e-002" type="0"/>
    <Peak1D F1="7.980154" intensity="9.429202e-003" type="0"/>
    <Peak1D F1="7.955674" intensity="7.012507e-002" type="0"/>
    <Peak1D F1="7.935070" intensity="6.148330e-002" type="0"/>
    <Peak1D F1="7.922678" intensity="1.149488e-002" type="0"/>
    <Peak1D F1="7.888833" intensity="4.112493e-002" type="0"/>
    <Peak1D F1="7.871135" intensity="4.795517e-002" type="0"/>
    <Peak1D F1="7.857635" intensity="1.552558e-002" type="0"/>
    <Peak1D F1="7.836823" intensity="5.773133e-002" type="0"/>
    <Peak1D F1="7.818488" intensity="7.580239e-002" type="0"/>
    <Peak1D F1="7.809144" intensity="6.295481e-002" type="0"/>
    <Peak1D F1="7.796535" intensity="7.135490e-002" type="0"/>
    <Peak1D F1="7.788231" intensity="9.743383e-002" type="0"/>
    <Peak1D F1="7.774500" intensity="5.471448e-002" type="0"/>
    <Peak1D F1="7.758183" intensity="2.212520e-002" type="0"/>
    <Peak1D F1="7.731242" intensity="6.604103e-002" type="0"/>
    <Peak1D F1="7.710235" intensity="3.947899e-002" type="0"/>
    <Peak1D F1="7.693785" intensity="1.053401e-002" type="0"/>
    <Peak1D F1="7.686033" intensity="1.685602e-002" type="0"/>
    <Peak1D F1="7.658096" intensity="1.636559e-002" type="0"/>
    <Peak1D F1="7.634512" intensity="2.015228e-002" type="0"/>
    <Peak1D F1="7.608169" intensity="2.746753e-002" type="0"/>
    <Peak1D F1="7.595737" intensity="1.787595e-002" type="0"/>
    <Peak1D F1="7.586432" intensity="2.708823e-002" type="0"/>
    <Peak1D F1="7.574677" intensity="4.016663e-002" type="0"/>
    <Peak1D F1="7.569403" intensity="4.287075e-002" type="0"/>
    <Peak1D F1="7.556065" intensity="6.121761e-002" type="0"/>
    <Peak1D F1="7.552918" intensity="6.988834e-002" type="0"/>
    <Peak1D F1="7.536170" intensity="7.267504e-002" type="0"/>
    <Peak1D F1="7.532904" intensity="6.659203e-002" type="0"/>
    <Peak1D F1="7.521819" intensity="5.080191e-002" type="0"/>
    <Peak1D F1="7.517960" intensity="5.169582e-002" type="0"/>
    <Peak1D F1="7.508605" intensity="5.059729e-002" type="0"/>
    <Peak1D F1="7.504380" intensity="5.303205e-002" type="0"/>
    <Peak1D F1="7.480594" intensity="1.745393e+000" type="0"/>
    <Peak1D F1="7.475848" intensity="6.047662e-001" type="0"/>
    <Peak1D F1="7.458614" intensity="1.715962e+000" type="0"/>
    <Peak1D F1="7.452957" intensity="3.478746e-001" type="0"/>
    <Peak1D F1="7.445018" intensity="1.674820e-001" type="0"/>
    <Peak1D F1="7.440783" intensity="2.070979e-001" type="0"/>
    <Peak1D F1="7.430701" intensity="8.403234e-002" type="0"/>
    <Peak1D F1="7.409036" intensity="4.284105e-002" type="0"/>
    <Peak1D F1="7.395801" intensity="1.034655e-002" type="0"/>
    <Peak1D F1="7.348758" intensity="5.300894e-003" type="0"/>
    <Peak1D F1="7.332504" intensity="1.271540e-002" type="0"/>
    <Peak1D F1="7.324854" intensity="1.616948e-002" type="0"/>
    <Peak1D F1="7.300401" intensity="8.821017e-003" type="0"/>
    <Peak1D F1="7.274344" intensity="1.695843e-002" type="0"/>
    <Peak1D F1="7.244092" intensity="2.073629e-001" type="0"/>
    <Peak1D F1="7.194207" intensity="1.387473e+001" type="0"/>
    <Peak1D F1="7.171529" intensity="3.098977e-002" type="0"/>
    <Peak1D F1="7.144134" intensity="2.040498e-001" type="0"/>
    <Peak1D F1="7.094035" intensity="1.367817e-002" type="0"/>
    <Peak1D F1="6.930187" intensity="7.317051e-002" type="0"/>
    <Peak1D F1="6.312832" intensity="1.218881e-002" type="0"/>
    <Peak1D F1="6.217115" intensity="6.620048e-003" type="0"/>
    <Peak1D F1="6.117978" intensity="1.335169e-001" type="0"/>
    <Peak1D F1="6.104320" intensity="9.587145e-003" type="0"/>
    <Peak1D F1="6.068820" intensity="3.316778e-002" type="0"/>
    <Peak1D F1="6.018760" intensity="2.155619e+000" type="0"/>
    <Peak1D F1="5.992052" intensity="1.434331e-002" type="0"/>
    <Peak1D F1="5.968886" intensity="3.136390e-002" type="0"/>
    <Peak1D F1="5.946005" intensity="5.222517e-003" type="0"/>
    <Peak1D F1="5.817114" intensity="7.049908e-003" type="0"/>
    <Peak1D F1="5.779106" intensity="5.142898e-003" type="0"/>
    <Peak1D F1="5.490574" intensity="5.866194e-003" type="0"/>
    <Peak1D F1="5.439815" intensity="7.248963e-003" type="0"/>
    <Peak1D F1="5.406306" intensity="5.818464e-003" type="0"/>
    <Peak1D F1="5.357586" intensity="8.673006e-002" type="0"/>
    <Peak1D F1="5.350135" intensity="8.634727e-002" type="0"/>
    <Peak1D F1="5.332038" intensity="7.108774e-003" type="0"/>
    <Peak1D F1="5.308798" intensity="5.131995e-003" type="0"/>
    <Peak1D F1="5.204671" intensity="5.273496e-003" type="0"/>
    <Peak1D F1="5.128628" intensity="6.381327e-003" type="0"/>
    <Peak1D F1="4.968905" intensity="9.313220e-003" type="0"/>
    <Peak1D F1="4.954973" intensity="5.387996e-003" type="0"/>
    <Peak1D F1="4.945585" intensity="8.596025e-003" type="0"/>
    <Peak1D F1="4.913397" intensity="8.121317e-003" type="0"/>
    <Peak1D F1="4.896329" intensity="1.207745e-002" type="0"/>
    <Peak1D F1="4.868042" intensity="1.371654e-002" type="0"/>
    <Peak1D F1="4.839602" intensity="2.588059e-002" type="0"/>
    <Peak1D F1="4.816691" intensity="3.092419e-002" type="0"/>
    <Peak1D F1="4.789790" intensity="8.932151e-001" type="0"/>
    <Peak1D F1="4.766952" intensity="9.123923e-001" type="0"/>
    <Peak1D F1="4.739827" intensity="4.444962e-002" type="0"/>
    <Peak1D F1="4.717479" intensity="5.203829e-002" type="0"/>
    <Peak1D F1="4.690539" intensity="4.958924e-002" type="0"/>
    <Peak1D F1="4.664029" intensity="5.227818e-002" type="0"/>
    <Peak1D F1="4.641321" intensity="4.506093e-002" type="0"/>
    <Peak1D F1="4.574255" intensity="2.235802e-002" type="0"/>
    <Peak1D F1="4.476721" intensity="1.042598e-002" type="0"/>
    <Peak1D F1="4.457637" intensity="7.680514e-003" type="0"/>
    <Peak1D F1="4.445554" intensity="8.680103e-003" type="0"/>
    <Peak1D F1="4.429963" intensity="7.630944e-003" type="0"/>
    <Peak1D F1="4.421143" intensity="6.302569e-003" type="0"/>
    <Peak1D F1="4.373370" intensity="6.554435e-003" type="0"/>
    <Peak1D F1="3.878881" intensity="3.428818e-002" type="0"/>
    <Peak1D F1="3.862309" intensity="9.430651e-003" type="0"/>
    <Peak1D F1="3.844472" intensity="1.091847e-001" type="0"/>
    <Peak1D F1="3.823621" intensity="6.280336e-002" type="0"/>
    <Peak1D F1="3.811936" intensity="4.372200e-001" type="0"/>
    <Peak1D F1="3.795372" intensity="9.813021e-003" type="0"/>
    <Peak1D F1="3.768262" intensity="2.291984e-002" type="0"/>
    <Peak1D F1="3.751121" intensity="1.103887e-001" type="0"/>
    <Peak1D F1="3.745578" intensity="2.361569e-001" type="0"/>
    <Peak1D F1="3.701300" intensity="6.616407e+000" type="0"/>
    <Peak1D F1="3.651484" intensity="9.527909e-002" type="0"/>
    <Peak1D F1="3.601521" intensity="8.058721e-003" type="0"/>
    <Peak1D F1="3.519074" intensity="3.502396e-002" type="0"/>
    <Peak1D F1="3.462257" intensity="5.328809e-003" type="0"/>
    <Peak1D F1="3.419343" intensity="5.831577e-002" type="0"/>
    <Peak1D F1="2.962229" intensity="6.076610e-003" type="0"/>
    <Peak1D F1="2.953085" intensity="6.301194e-003" type="0"/>
    <Peak1D F1="2.942364" intensity="1.213118e-002" type="0"/>
    <Peak1D F1="2.935478" intensity="1.398222e-002" type="0"/>
    <Peak1D F1="2.924540" intensity="7.050172e-003" type="0"/>
    <Peak1D F1="2.828054" intensity="6.328560e-003" type="0"/>
    <Peak1D F1="2.483180" intensity="1.005870e-002" type="0"/>
    <Peak1D F1="2.438102" intensity="1.473762e-001" type="0"/>
    <Peak1D F1="2.433634" intensity="1.741737e-001" type="0"/>
    <Peak1D F1="2.416988" intensity="1.810862e-001" type="0"/>
    <Peak1D F1="2.412750" intensity="1.876557e-001" type="0"/>
    <Peak1D F1="2.389019" intensity="2.613434e-001" type="0"/>
    <Peak1D F1="2.384946" intensity="2.375628e-001" type="0"/>
    <Peak1D F1="2.368237" intensity="2.339096e-001" type="0"/>
    <Peak1D F1="2.364316" intensity="2.947862e-001" type="0"/>
    <Peak1D F1="2.349764" intensity="1.710688e-001" type="0"/>
    <Peak1D F1="2.326735" intensity="3.039593e-001" type="0"/>
    <Peak1D F1="2.319475" intensity="1.953056e-001" type="0"/>
    <Peak1D F1="2.316137" intensity="1.755129e-001" type="0"/>
    <Peak1D F1="2.306880" intensity="2.419069e-001" type="0"/>
    <Peak1D F1="2.303519" intensity="2.146598e-001" type="0"/>
    <Peak1D F1="2.296710" intensity="2.956050e-001" type="0"/>
    <Peak1D F1="2.276730" intensity="1.926439e-001" type="0"/>
    <Peak1D F1="2.252911" intensity="3.103904e-001" type="0"/>
    <Peak1D F1="2.237538" intensity="8.911087e-002" type="0"/>
    <Peak1D F1="2.230800" intensity="3.446391e-001" type="0"/>
    <Peak1D F1="2.226817" intensity="3.483472e-001" type="0"/>
    <Peak1D F1="2.204105" intensity="4.488045e-001" type="0"/>
    <Peak1D F1="2.195999" intensity="8.795661e-002" type="0"/>
    <Peak1D F1="2.182683" intensity="2.606982e-001" type="0"/>
    <Peak1D F1="2.177857" intensity="2.602822e-001" type="0"/>
    <Peak1D F1="2.155531" intensity="3.602567e-001" type="0"/>
    <Peak1D F1="2.147163" intensity="3.604884e-001" type="0"/>
    <Peak1D F1="2.138731" intensity="2.500441e-001" type="0"/>
    <Peak1D F1="2.116914" intensity="4.479167e+000" type="0"/>
    <Peak1D F1="2.097300" intensity="1.443265e+001" type="0"/>
    <Peak1D F1="2.085588" intensity="3.800804e+000" type="0"/>
    <Peak1D F1="2.078410" intensity="7.159787e+000" type="0"/>
    <Peak1D F1="2.062772" intensity="4.052507e-001" type="0"/>
    <Peak1D F1="2.056950" intensity="3.569172e-001" type="0"/>
    <Peak1D F1="2.053378" intensity="3.640725e-001" type="0"/>
    <Peak1D F1="2.047643" intensity="3.862070e-001" type="0"/>
    <Peak1D F1="2.028854" intensity="1.720952e-001" type="0"/>
    <Peak1D F1="1.987361" intensity="1.841100e-001" type="0"/>
    <Peak1D F1="1.982572" intensity="1.599702e-001" type="0"/>
    <Peak1D F1="1.970665" intensity="2.179924e-001" type="0"/>
    <Peak1D F1="1.965256" intensity="2.831311e-001" type="0"/>
    <Peak1D F1="1.960011" intensity="3.939050e-001" type="0"/>
    <Peak1D F1="1.954960" intensity="3.650202e-001" type="0"/>
    <Peak1D F1="1.949839" intensity="4.082497e-001" type="0"/>
    <Peak1D F1="1.942019" intensity="5.997955e-001" type="0"/>
    <Peak1D F1="1.937466" intensity="5.228813e-001" type="0"/>
    <Peak1D F1="1.932945" intensity="7.817704e-001" type="0"/>
    <Peak1D F1="1.925939" intensity="9.008079e-001" type="0"/>
    <Peak1D F1="1.920999" intensity="9.259089e-001" type="0"/>
    <Peak1D F1="1.911085" intensity="7.222061e+000" type="0"/>
    <Peak1D F1="1.899835" intensity="5.980707e+000" type="0"/>
    <Peak1D F1="1.891484" intensity="1.500000e+001" type="0"/>
    <Peak1D F1="1.882680" intensity="5.232827e+000" type="0"/>
    <Peak1D F1="1.880692" intensity="5.378151e+000" type="0"/>
    <Peak1D F1="1.872024" intensity="4.663071e+000" type="0"/>
    <Peak1D F1="1.860101" intensity="5.888394e-001" type="0"/>
    <Peak1D F1="1.849856" intensity="3.517159e-001" type="0"/>
    <Peak1D F1="1.841863" intensity="3.277903e-001" type="0"/>
    <Peak1D F1="1.833047" intensity="1.525027e-001" type="0"/>
    <Peak1D F1="1.822332" intensity="1.214940e-001" type="0"/>
    <Peak1D F1="1.810999" intensity="5.483439e-002" type="0"/>
    <Peak1D F1="1.791477" intensity="4.748327e-002" type="0"/>
    <Peak1D F1="1.773973" intensity="3.791472e-002" type="0"/>
    <Peak1D F1="1.759855" intensity="5.465809e-002" type="0"/>
    <Peak1D F1="1.745027" intensity="1.209378e-001" type="0"/>
    <Peak1D F1="1.729569" intensity="1.482872e-001" type="0"/>
    <Peak1D F1="1.724383" intensity="1.760281e-001" type="0"/>
    <Peak1D F1="1.717233" intensity="1.670441e-001" type="0"/>
    <Peak1D F1="1.708265" intensity="1.932400e-001" type="0"/>
    <Peak1D F1="1.701404" intensity="2.761706e-001" type="0"/>
    <Peak1D F1="1.697064" intensity="2.404265e-001" type="0"/>
    <Peak1D F1="1.687216" intensity="2.102895e-001" type="0"/>
    <Peak1D F1="1.680740" intensity="6.352960e-001" type="0"/>
    <Peak1D F1="1.674591" intensity="3.341123e-001" type="0"/>
    <Peak1D F1="1.671183" intensity="3.753786e-001" type="0"/>
    <Peak1D F1="1.656921" intensity="5.434936e-001" type="0"/>
    <Peak1D F1="1.640561" intensity="3.215901e-001" type="0"/>
    <Peak1D F1="1.636048" intensity="3.590116e-001" type="0"/>
    <Peak1D F1="1.632315" intensity="3.088305e-001" type="0"/>
    <Peak1D F1="1.624587" intensity="1.617536e-001" type="0"/>
    <Peak1D F1="1.620100" intensity="1.971655e-001" type="0"/>
    <Peak1D F1="1.616855" intensity="1.943209e-001" type="0"/>
    <Peak1D F1="1.567508" intensity="8.173295e-002" type="0"/>
    <Peak1D F1="1.549565" intensity="8.336762e-002" type="0"/>
    <Peak1D F1="1.534603" intensity="2.004887e-001" type="0"/>
    <Peak1D F1="1.519475" intensity="1.532349e-001" type="0"/>
    <Peak1D F1="1.511992" intensity="1.684116e-001" type="0"/>
    <Peak1D F1="1.500433" intensity="3.030873e-001" type="0"/>
    <Peak1D F1="1.482761" intensity="3.722887e-001" type="0"/>
    <Peak1D F1="1.470118" intensity="2.559443e-001" type="0"/>
    <Peak1D F1="1.453241" intensity="2.531120e-001" type="0"/>
    <Peak1D F1="1.441068" intensity="7.067966e-002" type="0"/>
    <Peak1D F1="1.435363" intensity="8.788443e-002" type="0"/>
    <Peak1D F1="1.423057" intensity="9.621827e-002" type="0"/>
    <Peak1D F1="1.405364" intensity="3.240297e-002" type="0"/>
    <Peak1D F1="1.368136" intensity="2.071590e-002" type="0"/>
    <Peak1D F1="1.326009" intensity="1.888947e-002" type="0"/>
    <Peak1D F1="1.309373" intensity="1.784238e-002" type="0"/>
    <Peak1D F1="1.276086" intensity="2.642931e-002" type="0"/>
    <Peak1D F1="1.236494" intensity="4.112710e-002" type="0"/>
    <Peak1D F1="1.186198" intensity="1.137501e-001" type="0"/>
    <Peak1D F1="1.153176" intensity="1.662819e-002" type="0"/>
    <Peak1D F1="1.134060" intensity="1.257514e-002" type="0"/>
    <Peak1D F1="1.093916" intensity="8.207663e-003" type="0"/>
    <Peak1D F1="1.068179" intensity="8.065782e-003" type="0"/>
    <Peak1D F1="1.049375" intensity="7.443273e-003" type="0"/>
    <Peak1D F1="1.029028" intensity="7.843029e-003" type="0"/>
    <Peak1D F1="0.988506" intensity="6.086061e-003" type="0"/>
    <Peak1D F1="0.964694" intensity="6.450602e-003" type="0"/>
    <Peak1D F1="0.916835" intensity="5.172554e-003" type="0"/>
    <Peak1D F1="0.894646" intensity="5.742865e-003" type="0"/>
    <Peak1D F1="0.826529" intensity="1.893696e-002" type="0"/>
    <Peak1D F1="0.810849" intensity="3.446502e-002" type="0"/>
    <Peak1D F1="0.792830" intensity="2.067088e-002" type="0"/>
    <Peak1D F1="0.782313" intensity="1.427848e-002" type="0"/>
    <Peak1D F1="0.758728" intensity="1.434294e-002" type="0"/>
    <Peak1D F1="0.698802" intensity="6.078962e-003" type="0"/>
    <Peak1D F1="0.686885" intensity="5.313830e-003" type="0"/>
    <Peak1D F1="0.629790" intensity="5.511391e-003" type="0"/>
    <Peak1D F1="0.581481" intensity="5.725319e-003" type="0"/>
    <Peak1D F1="0.574363" intensity="5.421722e-003" type="0"/>
    <Peak1D F1="0.513825" intensity="5.938186e-003" type="0"/>
    <Peak1D F1="0.468854" intensity="4.960697e-003" type="0"/>
    <Peak1D F1="0.443299" intensity="4.920916e-003" type="0"/>
    <Peak1D F1="0.435912" intensity="5.993103e-003" type="0"/>
    <Peak1D F1="0.224795" intensity="4.814675e-003" type="0"/>
    <Peak1D F1="0.196633" intensity="5.061633e-003" type="0"/>
    <Peak1D F1="0.049685" intensity="9.057718e-003" type="0"/>
    <Peak1D F1="0.018273" intensity="8.038849e-003" type="0"/>
    <Peak1D F1="-0.000154" intensity="3.860551e-001" type="0"/>
    <Peak1D F1="-0.009159" intensity="1.537450e-002" type="0"/>
    <Peak1D F1="-0.020356" intensity="5.838193e-003" type="0"/>
    <Peak1D F1="-0.049482" intensity="5.538876e-003" type="0"/>
    <Peak1D F1="-3.136567" intensity="5.847828e-003" type="0"/>
    <Peak1D F1="-3.251697" intensity="4.908577e-003" type="0"/>
    <Peak1D F1="-3.400752" intensity="4.834743e-003" type="0"/>
    <Peak1D F1="-3.424140" intensity="5.084835e-003" type="0"/>
    <Peak1D F1="-3.499135" intensity="5.925003e-003" type="0"/>
    <Peak1D F1="-3.686349" intensity="5.293834e-003" type="0"/>
    <Peak1D F1="-3.714818" intensity="6.003225e-003" type="0"/>
  </PeakList1D>
</PeakList>
