<?xml version="1.0" encoding="UTF-8"?>
<PeakList>
  <PeakList1D>
    <PeakList1DHeader creator="nmr" date="2021-08-01T15:48:20.154+03:00" expNo="20" name="ID-419-F" owner="" procNo="1" source="//132.72.8.180/400b/Milo/Milo">
      <PeakPickDetails>F1=16.098909ppm, F2=-3.930136ppm, MI=0.00cm, MAXI=10000.00cm, PC=1.000
      </PeakPickDetails>
    </PeakList1DHeader>
    <Peak1D F1="13.022970" intensity="1.113142e-002" type="0"/>
    <Peak1D F1="10.822517" intensity="1.149711e-002" type="0"/>
    <Peak1D F1="10.093928" intensity="1.054433e-001" type="0"/>
    <Peak1D F1="9.126421" intensity="1.078762e-002" type="0"/>
    <Peak1D F1="8.370309" intensity="1.209302e-002" type="0"/>
    <Peak1D F1="8.343108" intensity="7.237364e-002" type="0"/>
    <Peak1D F1="8.321277" intensity="7.843653e-002" type="0"/>
    <Peak1D F1="8.275740" intensity="1.339755e-002" type="0"/>
    <Peak1D F1="8.227746" intensity="7.487482e-002" type="0"/>
    <Peak1D F1="8.209465" intensity="1.716036e-001" type="0"/>
    <Peak1D F1="8.188080" intensity="1.557976e-001" type="0"/>
    <Peak1D F1="8.159920" intensity="1.909232e+000" type="0"/>
    <Peak1D F1="8.155430" intensity="1.970200e+000" type="0"/>
    <Peak1D F1="8.137950" intensity="2.269528e+000" type="0"/>
    <Peak1D F1="8.133651" intensity="1.680920e+000" type="0"/>
    <Peak1D F1="8.105325" intensity="7.145537e-002" type="0"/>
    <Peak1D F1="8.088534" intensity="4.626236e-002" type="0"/>
    <Peak1D F1="8.067656" intensity="1.959890e-001" type="0"/>
    <Peak1D F1="8.048854" intensity="2.194404e-001" type="0"/>
    <Peak1D F1="8.020147" intensity="1.159431e-001" type="0"/>
    <Peak1D F1="7.998796" intensity="1.006810e-001" type="0"/>
    <Peak1D F1="7.947299" intensity="1.195793e-002" type="0"/>
    <Peak1D F1="7.924620" intensity="1.214335e-002" type="0"/>
    <Peak1D F1="7.893001" intensity="1.077344e-002" type="0"/>
    <Peak1D F1="7.830171" intensity="7.035156e-002" type="0"/>
    <Peak1D F1="7.811195" intensity="9.094045e-002" type="0"/>
    <Peak1D F1="7.790571" intensity="1.334075e-002" type="0"/>
    <Peak1D F1="7.684472" intensity="1.403367e-002" type="0"/>
    <Peak1D F1="7.661219" intensity="1.900147e-002" type="0"/>
    <Peak1D F1="7.634012" intensity="6.101140e-002" type="0"/>
    <Peak1D F1="7.613108" intensity="8.029034e-002" type="0"/>
    <Peak1D F1="7.584889" intensity="1.439246e-001" type="0"/>
    <Peak1D F1="7.564108" intensity="1.182248e-001" type="0"/>
    <Peak1D F1="7.540874" intensity="8.688649e-002" type="0"/>
    <Peak1D F1="7.528563" intensity="8.346099e-002" type="0"/>
    <Peak1D F1="7.519770" intensity="1.258243e-001" type="0"/>
    <Peak1D F1="7.503727" intensity="1.176315e-001" type="0"/>
    <Peak1D F1="7.480031" intensity="2.523023e+000" type="0"/>
    <Peak1D F1="7.458534" intensity="2.503040e+000" type="0"/>
    <Peak1D F1="7.440191" intensity="3.281122e-001" type="0"/>
    <Peak1D F1="7.408340" intensity="5.007463e-002" type="0"/>
    <Peak1D F1="7.394635" intensity="1.174101e-002" type="0"/>
    <Peak1D F1="7.357038" intensity="1.216060e-002" type="0"/>
    <Peak1D F1="7.322906" intensity="2.142856e-002" type="0"/>
    <Peak1D F1="7.293487" intensity="2.117144e-002" type="0"/>
    <Peak1D F1="7.254045" intensity="2.241019e-001" type="0"/>
    <Peak1D F1="7.243466" intensity="2.451193e-001" type="0"/>
    <Peak1D F1="7.235929" intensity="2.481353e-001" type="0"/>
    <Peak1D F1="7.194670" intensity="1.208872e+001" type="0"/>
    <Peak1D F1="7.167631" intensity="1.439511e-001" type="0"/>
    <Peak1D F1="7.143913" intensity="3.048948e-001" type="0"/>
    <Peak1D F1="7.062545" intensity="1.308623e-002" type="0"/>
    <Peak1D F1="6.930659" intensity="6.303483e-002" type="0"/>
    <Peak1D F1="6.312702" intensity="1.734557e-002" type="0"/>
    <Peak1D F1="6.117670" intensity="1.870459e-001" type="0"/>
    <Peak1D F1="6.066327" intensity="4.877030e-002" type="0"/>
    <Peak1D F1="6.018449" intensity="2.565994e+000" type="0"/>
    <Peak1D F1="6.015595" intensity="2.167852e+000" type="0"/>
    <Peak1D F1="5.966187" intensity="4.016567e-002" type="0"/>
    <Peak1D F1="5.947508" intensity="2.114544e-002" type="0"/>
    <Peak1D F1="5.936529" intensity="2.149337e-002" type="0"/>
    <Peak1D F1="5.800772" intensity="3.026534e-002" type="0"/>
    <Peak1D F1="5.648038" intensity="3.115311e-002" type="0"/>
    <Peak1D F1="5.620487" intensity="2.997765e-002" type="0"/>
    <Peak1D F1="5.554667" intensity="1.119656e-002" type="0"/>
    <Peak1D F1="5.490410" intensity="1.735633e-002" type="0"/>
    <Peak1D F1="5.428117" intensity="1.252556e-002" type="0"/>
    <Peak1D F1="5.410023" intensity="1.164979e-002" type="0"/>
    <Peak1D F1="5.352038" intensity="1.459491e-001" type="0"/>
    <Peak1D F1="5.311486" intensity="1.220757e-002" type="0"/>
    <Peak1D F1="4.968469" intensity="1.335802e-002" type="0"/>
    <Peak1D F1="4.943641" intensity="1.254069e-002" type="0"/>
    <Peak1D F1="4.906622" intensity="1.613008e-002" type="0"/>
    <Peak1D F1="4.888121" intensity="2.461050e-002" type="0"/>
    <Peak1D F1="4.872220" intensity="3.271878e-002" type="0"/>
    <Peak1D F1="4.851276" intensity="3.571464e-002" type="0"/>
    <Peak1D F1="4.839344" intensity="5.208186e-002" type="0"/>
    <Peak1D F1="4.816005" intensity="5.254798e-002" type="0"/>
    <Peak1D F1="4.789663" intensity="1.475095e+000" type="0"/>
    <Peak1D F1="4.766823" intensity="1.501797e+000" type="0"/>
    <Peak1D F1="4.740409" intensity="6.894153e-002" type="0"/>
    <Peak1D F1="4.716714" intensity="7.112107e-002" type="0"/>
    <Peak1D F1="4.688737" intensity="5.896430e-002" type="0"/>
    <Peak1D F1="4.657897" intensity="5.808759e-002" type="0"/>
    <Peak1D F1="4.583043" intensity="4.705440e-002" type="0"/>
    <Peak1D F1="4.494223" intensity="2.445504e-002" type="0"/>
    <Peak1D F1="4.471854" intensity="2.180775e-002" type="0"/>
    <Peak1D F1="4.439840" intensity="1.654088e-002" type="0"/>
    <Peak1D F1="4.393263" intensity="1.748153e-002" type="0"/>
    <Peak1D F1="4.329421" intensity="1.167270e-002" type="0"/>
    <Peak1D F1="3.878592" intensity="4.051150e-002" type="0"/>
    <Peak1D F1="3.861547" intensity="1.453993e-002" type="0"/>
    <Peak1D F1="3.844639" intensity="9.968411e-002" type="0"/>
    <Peak1D F1="3.823459" intensity="6.169458e-002" type="0"/>
    <Peak1D F1="3.812066" intensity="5.500408e-001" type="0"/>
    <Peak1D F1="3.745833" intensity="3.397556e-001" type="0"/>
    <Peak1D F1="3.701266" intensity="8.050789e+000" type="0"/>
    <Peak1D F1="3.698825" intensity="6.820818e+000" type="0"/>
    <Peak1D F1="3.648987" intensity="1.309727e-001" type="0"/>
    <Peak1D F1="3.519275" intensity="4.535804e-002" type="0"/>
    <Peak1D F1="2.942471" intensity="1.448986e-002" type="0"/>
    <Peak1D F1="2.743634" intensity="1.764151e-002" type="0"/>
    <Peak1D F1="2.732470" intensity="1.709754e-002" type="0"/>
    <Peak1D F1="2.615988" intensity="1.309176e-002" type="0"/>
    <Peak1D F1="2.535271" intensity="1.103114e-002" type="0"/>
    <Peak1D F1="2.472935" intensity="2.118918e-002" type="0"/>
    <Peak1D F1="2.434310" intensity="2.761446e-001" type="0"/>
    <Peak1D F1="2.429253" intensity="2.228698e-001" type="0"/>
    <Peak1D F1="2.413486" intensity="3.072079e-001" type="0"/>
    <Peak1D F1="2.389056" intensity="4.137333e-001" type="0"/>
    <Peak1D F1="2.384205" intensity="4.516714e-001" type="0"/>
    <Peak1D F1="2.377139" intensity="9.353365e-001" type="0"/>
    <Peak1D F1="2.364412" intensity="4.730842e-001" type="0"/>
    <Peak1D F1="2.346816" intensity="4.294145e-001" type="0"/>
    <Peak1D F1="2.337759" intensity="2.906103e-001" type="0"/>
    <Peak1D F1="2.326414" intensity="6.238891e-001" type="0"/>
    <Peak1D F1="2.314558" intensity="6.794674e-001" type="0"/>
    <Peak1D F1="2.307643" intensity="6.259236e-001" type="0"/>
    <Peak1D F1="2.296680" intensity="5.079014e-001" type="0"/>
    <Peak1D F1="2.276558" intensity="3.209682e-001" type="0"/>
    <Peak1D F1="2.253808" intensity="3.637530e-001" type="0"/>
    <Peak1D F1="2.248501" intensity="2.915733e-001" type="0"/>
    <Peak1D F1="2.227108" intensity="5.086387e-001" type="0"/>
    <Peak1D F1="2.204867" intensity="4.835527e-001" type="0"/>
    <Peak1D F1="2.199455" intensity="3.572451e-001" type="0"/>
    <Peak1D F1="2.183357" intensity="2.799173e-001" type="0"/>
    <Peak1D F1="2.178574" intensity="3.698898e-001" type="0"/>
    <Peak1D F1="2.173177" intensity="2.216727e-001" type="0"/>
    <Peak1D F1="2.156436" intensity="3.778778e-001" type="0"/>
    <Peak1D F1="2.144451" intensity="4.147981e-001" type="0"/>
    <Peak1D F1="2.114616" intensity="4.825817e+000" type="0"/>
    <Peak1D F1="2.108930" intensity="3.904742e+000" type="0"/>
    <Peak1D F1="2.096924" intensity="1.339617e+001" type="0"/>
    <Peak1D F1="2.095165" intensity="1.348317e+001" type="0"/>
    <Peak1D F1="2.077993" intensity="7.242900e+000" type="0"/>
    <Peak1D F1="2.053984" intensity="4.351766e-001" type="0"/>
    <Peak1D F1="2.048145" intensity="4.446751e-001" type="0"/>
    <Peak1D F1="2.028341" intensity="1.963400e-001" type="0"/>
    <Peak1D F1="1.987572" intensity="3.074961e-001" type="0"/>
    <Peak1D F1="1.960083" intensity="5.365043e-001" type="0"/>
    <Peak1D F1="1.955894" intensity="5.582370e-001" type="0"/>
    <Peak1D F1="1.951049" intensity="6.078089e-001" type="0"/>
    <Peak1D F1="1.937433" intensity="3.573414e+000" type="0"/>
    <Peak1D F1="1.923251" intensity="1.049928e+000" type="0"/>
    <Peak1D F1="1.921461" intensity="1.043985e+000" type="0"/>
    <Peak1D F1="1.910313" intensity="7.310887e+000" type="0"/>
    <Peak1D F1="1.899421" intensity="7.091777e+000" type="0"/>
    <Peak1D F1="1.890933" intensity="1.500000e+001" type="0"/>
    <Peak1D F1="1.882028" intensity="6.428531e+000" type="0"/>
    <Peak1D F1="1.880575" intensity="6.473774e+000" type="0"/>
    <Peak1D F1="1.871491" intensity="5.123186e+000" type="0"/>
    <Peak1D F1="1.859710" intensity="7.166802e-001" type="0"/>
    <Peak1D F1="1.849673" intensity="4.040417e-001" type="0"/>
    <Peak1D F1="1.841036" intensity="3.762262e-001" type="0"/>
    <Peak1D F1="1.832657" intensity="2.106980e-001" type="0"/>
    <Peak1D F1="1.821512" intensity="1.560646e-001" type="0"/>
    <Peak1D F1="1.809013" intensity="9.283957e-002" type="0"/>
    <Peak1D F1="1.790256" intensity="8.965356e-002" type="0"/>
    <Peak1D F1="1.779216" intensity="8.688478e-002" type="0"/>
    <Peak1D F1="1.759593" intensity="9.339563e-002" type="0"/>
    <Peak1D F1="1.744831" intensity="1.725680e-001" type="0"/>
    <Peak1D F1="1.723932" intensity="2.432799e-001" type="0"/>
    <Peak1D F1="1.716321" intensity="2.508815e-001" type="0"/>
    <Peak1D F1="1.700174" intensity="4.250513e-001" type="0"/>
    <Peak1D F1="1.679816" intensity="9.975952e-001" type="0"/>
    <Peak1D F1="1.670947" intensity="6.307030e-001" type="0"/>
    <Peak1D F1="1.656085" intensity="9.242840e-001" type="0"/>
    <Peak1D F1="1.639499" intensity="5.544785e-001" type="0"/>
    <Peak1D F1="1.635250" intensity="6.288828e-001" type="0"/>
    <Peak1D F1="1.623448" intensity="2.724315e-001" type="0"/>
    <Peak1D F1="1.619337" intensity="3.202861e-001" type="0"/>
    <Peak1D F1="1.591276" intensity="9.240483e-002" type="0"/>
    <Peak1D F1="1.568800" intensity="8.498158e-002" type="0"/>
    <Peak1D F1="1.534501" intensity="2.680071e-001" type="0"/>
    <Peak1D F1="1.518913" intensity="2.087488e-001" type="0"/>
    <Peak1D F1="1.511941" intensity="2.350163e-001" type="0"/>
    <Peak1D F1="1.500088" intensity="4.916553e-001" type="0"/>
    <Peak1D F1="1.482706" intensity="6.062405e-001" type="0"/>
    <Peak1D F1="1.469680" intensity="4.179550e-001" type="0"/>
    <Peak1D F1="1.453124" intensity="4.134026e-001" type="0"/>
    <Peak1D F1="1.435100" intensity="1.266987e-001" type="0"/>
    <Peak1D F1="1.422844" intensity="1.507635e-001" type="0"/>
    <Peak1D F1="1.402572" intensity="4.943679e-002" type="0"/>
    <Peak1D F1="1.371244" intensity="3.730662e-002" type="0"/>
    <Peak1D F1="1.345085" intensity="4.056134e-002" type="0"/>
    <Peak1D F1="1.326081" intensity="4.353022e-002" type="0"/>
    <Peak1D F1="1.310439" intensity="3.806815e-002" type="0"/>
    <Peak1D F1="1.184052" intensity="1.323404e-001" type="0"/>
    <Peak1D F1="1.152470" intensity="2.549048e-002" type="0"/>
    <Peak1D F1="1.129339" intensity="2.307348e-002" type="0"/>
    <Peak1D F1="1.119775" intensity="1.865892e-002" type="0"/>
    <Peak1D F1="1.097452" intensity="1.574514e-002" type="0"/>
    <Peak1D F1="1.081833" intensity="1.583686e-002" type="0"/>
    <Peak1D F1="1.061994" intensity="1.658080e-002" type="0"/>
    <Peak1D F1="1.026586" intensity="1.351009e-002" type="0"/>
    <Peak1D F1="0.873561" intensity="1.218042e-002" type="0"/>
    <Peak1D F1="0.827723" intensity="2.462006e-002" type="0"/>
    <Peak1D F1="0.810289" intensity="4.273565e-002" type="0"/>
    <Peak1D F1="0.795746" intensity="2.758875e-002" type="0"/>
    <Peak1D F1="0.575145" intensity="1.122972e-002" type="0"/>
    <Peak1D F1="0.461190" intensity="1.119685e-002" type="0"/>
    <Peak1D F1="0.390252" intensity="1.257036e-002" type="0"/>
    <Peak1D F1="0.309655" intensity="1.084116e-002" type="0"/>
    <Peak1D F1="0.068971" intensity="1.130733e-002" type="0"/>
    <Peak1D F1="-0.000156" intensity="1.968672e-001" type="0"/>
    <Peak1D F1="-0.024448" intensity="1.160583e-002" type="0"/>
    <Peak1D F1="-1.487562" intensity="1.073582e-002" type="0"/>
    <Peak1D F1="-2.941530" intensity="1.120448e-002" type="0"/>
  </PeakList1D>
</PeakList>
