<?xml version="1.0" encoding="UTF-8"?>
<PeakList>
  <PeakList1D>
    <PeakList1DHeader creator="nmr" date="2021-10-27T00:15:13.748+03:00" expNo="10" name="ID-450-C-26.10.21" owner="" procNo="1" source="//132.72.8.180/400b/Milo/Milo">
      <PeakPickDetails>F1=16.101940ppm, F2=-3.927105ppm, MI=0.00cm, MAXI=10000.00cm, PC=1.000
      </PeakPickDetails>
    </PeakList1DHeader>
    <Peak1D F1="10.312514" intensity="1.189909e-002" type="0"/>
    <Peak1D F1="10.185108" intensity="3.720479e-003" type="0"/>
    <Peak1D F1="10.178310" intensity="3.978321e-003" type="0"/>
    <Peak1D F1="10.141850" intensity="3.588502e-002" type="0"/>
    <Peak1D F1="10.122304" intensity="1.979782e-002" type="0"/>
    <Peak1D F1="10.091543" intensity="1.949311e+000" type="0"/>
    <Peak1D F1="10.059229" intensity="9.795545e-003" type="0"/>
    <Peak1D F1="10.041403" intensity="2.995986e-002" type="0"/>
    <Peak1D F1="9.864757" intensity="1.078548e-002" type="0"/>
    <Peak1D F1="8.733906" intensity="2.000459e-003" type="0"/>
    <Peak1D F1="8.618363" intensity="2.314169e-003" type="0"/>
    <Peak1D F1="8.548142" intensity="6.143171e-003" type="0"/>
    <Peak1D F1="8.530996" intensity="6.541566e-003" type="0"/>
    <Peak1D F1="8.480209" intensity="3.767559e-003" type="0"/>
    <Peak1D F1="8.470065" intensity="4.492296e-003" type="0"/>
    <Peak1D F1="8.418247" intensity="7.879454e-003" type="0"/>
    <Peak1D F1="8.388948" intensity="3.147205e-002" type="0"/>
    <Peak1D F1="8.367351" intensity="4.878788e-002" type="0"/>
    <Peak1D F1="8.339270" intensity="1.333230e+000" type="0"/>
    <Peak1D F1="8.317501" intensity="1.512221e+000" type="0"/>
    <Peak1D F1="8.288893" intensity="2.709104e-002" type="0"/>
    <Peak1D F1="8.267435" intensity="3.234461e-002" type="0"/>
    <Peak1D F1="8.245937" intensity="2.365979e-002" type="0"/>
    <Peak1D F1="8.223302" intensity="4.264382e-002" type="0"/>
    <Peak1D F1="8.211133" intensity="1.567971e-001" type="0"/>
    <Peak1D F1="8.205088" intensity="1.173635e-001" type="0"/>
    <Peak1D F1="8.189220" intensity="1.769215e-001" type="0"/>
    <Peak1D F1="8.182867" intensity="1.240892e-001" type="0"/>
    <Peak1D F1="8.171703" intensity="8.964305e-002" type="0"/>
    <Peak1D F1="8.159993" intensity="4.885717e-001" type="0"/>
    <Peak1D F1="8.154521" intensity="2.791285e+000" type="0"/>
    <Peak1D F1="8.149904" intensity="1.065483e+000" type="0"/>
    <Peak1D F1="8.137121" intensity="1.069178e+000" type="0"/>
    <Peak1D F1="8.132669" intensity="2.925958e+000" type="0"/>
    <Peak1D F1="8.126873" intensity="5.593175e-001" type="0"/>
    <Peak1D F1="8.104607" intensity="5.940136e-002" type="0"/>
    <Peak1D F1="8.082594" intensity="5.416803e-002" type="0"/>
    <Peak1D F1="8.069694" intensity="4.055270e-002" type="0"/>
    <Peak1D F1="8.047989" intensity="4.139569e-002" type="0"/>
    <Peak1D F1="8.024420" intensity="3.068780e-001" type="0"/>
    <Peak1D F1="8.019455" intensity="1.688181e+000" type="0"/>
    <Peak1D F1="8.014869" intensity="5.402088e-001" type="0"/>
    <Peak1D F1="8.002212" intensity="5.338129e-001" type="0"/>
    <Peak1D F1="7.997893" intensity="1.402027e+000" type="0"/>
    <Peak1D F1="7.992998" intensity="2.098779e-001" type="0"/>
    <Peak1D F1="7.969414" intensity="2.742497e-002" type="0"/>
    <Peak1D F1="7.947420" intensity="2.417604e-002" type="0"/>
    <Peak1D F1="7.924008" intensity="1.126191e-002" type="0"/>
    <Peak1D F1="7.917379" intensity="1.152303e-002" type="0"/>
    <Peak1D F1="7.897808" intensity="4.237688e-003" type="0"/>
    <Peak1D F1="7.879820" intensity="3.383558e-003" type="0"/>
    <Peak1D F1="7.856811" intensity="2.966280e-003" type="0"/>
    <Peak1D F1="7.809334" intensity="6.960249e-003" type="0"/>
    <Peak1D F1="7.791336" intensity="5.095722e-003" type="0"/>
    <Peak1D F1="7.785010" intensity="4.046843e-003" type="0"/>
    <Peak1D F1="7.757226" intensity="2.540339e-003" type="0"/>
    <Peak1D F1="7.714831" intensity="5.012024e-003" type="0"/>
    <Peak1D F1="7.692326" intensity="5.077096e-003" type="0"/>
    <Peak1D F1="7.683814" intensity="1.456186e-002" type="0"/>
    <Peak1D F1="7.661007" intensity="1.554641e-002" type="0"/>
    <Peak1D F1="7.641866" intensity="9.027386e-003" type="0"/>
    <Peak1D F1="7.624007" intensity="1.054733e-002" type="0"/>
    <Peak1D F1="7.607631" intensity="1.624641e-002" type="0"/>
    <Peak1D F1="7.594767" intensity="1.506013e-002" type="0"/>
    <Peak1D F1="7.585746" intensity="1.787034e-002" type="0"/>
    <Peak1D F1="7.571452" intensity="2.001823e-002" type="0"/>
    <Peak1D F1="7.548522" intensity="3.077463e-002" type="0"/>
    <Peak1D F1="7.528081" intensity="1.901567e-001" type="0"/>
    <Peak1D F1="7.505707" intensity="2.556016e-001" type="0"/>
    <Peak1D F1="7.478917" intensity="2.800570e+000" type="0"/>
    <Peak1D F1="7.456986" intensity="2.680799e+000" type="0"/>
    <Peak1D F1="7.438697" intensity="1.424364e-001" type="0"/>
    <Peak1D F1="7.429000" intensity="7.079514e-002" type="0"/>
    <Peak1D F1="7.406940" intensity="5.734512e-002" type="0"/>
    <Peak1D F1="7.383478" intensity="1.442066e-002" type="0"/>
    <Peak1D F1="7.353745" intensity="1.776982e-002" type="0"/>
    <Peak1D F1="7.329279" intensity="3.026816e-002" type="0"/>
    <Peak1D F1="7.314019" intensity="4.437041e-002" type="0"/>
    <Peak1D F1="7.308482" intensity="5.382740e-002" type="0"/>
    <Peak1D F1="7.293933" intensity="5.859848e-002" type="0"/>
    <Peak1D F1="7.288715" intensity="4.388757e-002" type="0"/>
    <Peak1D F1="7.271942" intensity="3.854638e-002" type="0"/>
    <Peak1D F1="7.246830" intensity="1.372424e-001" type="0"/>
    <Peak1D F1="7.196806" intensity="7.300389e+000" type="0"/>
    <Peak1D F1="7.146759" intensity="1.130978e-001" type="0"/>
    <Peak1D F1="7.131909" intensity="5.783047e-003" type="0"/>
    <Peak1D F1="7.103618" intensity="5.450254e-003" type="0"/>
    <Peak1D F1="7.034968" intensity="3.149885e-003" type="0"/>
    <Peak1D F1="7.014973" intensity="4.998417e-003" type="0"/>
    <Peak1D F1="6.998910" intensity="8.185467e-003" type="0"/>
    <Peak1D F1="6.932736" intensity="3.955077e-002" type="0"/>
    <Peak1D F1="6.916645" intensity="6.253275e-003" type="0"/>
    <Peak1D F1="6.903059" intensity="9.764167e-003" type="0"/>
    <Peak1D F1="6.890073" intensity="1.466774e-002" type="0"/>
    <Peak1D F1="6.883790" intensity="2.133129e-002" type="0"/>
    <Peak1D F1="6.867319" intensity="3.245679e-002" type="0"/>
    <Peak1D F1="6.861297" intensity="4.292241e-002" type="0"/>
    <Peak1D F1="6.854780" intensity="4.613062e-002" type="0"/>
    <Peak1D F1="6.848402" intensity="5.252338e-002" type="0"/>
    <Peak1D F1="6.839297" intensity="6.331421e-002" type="0"/>
    <Peak1D F1="6.832724" intensity="7.825464e-002" type="0"/>
    <Peak1D F1="6.826356" intensity="7.665319e-002" type="0"/>
    <Peak1D F1="6.816988" intensity="6.848539e-002" type="0"/>
    <Peak1D F1="6.810702" intensity="9.133377e-002" type="0"/>
    <Peak1D F1="6.804643" intensity="6.191364e-002" type="0"/>
    <Peak1D F1="6.794542" intensity="3.407424e-002" type="0"/>
    <Peak1D F1="6.788472" intensity="4.056851e-002" type="0"/>
    <Peak1D F1="6.782662" intensity="2.356318e-002" type="0"/>
    <Peak1D F1="6.756154" intensity="4.493532e-003" type="0"/>
    <Peak1D F1="6.685012" intensity="2.188343e-003" type="0"/>
    <Peak1D F1="6.628583" intensity="3.179890e-003" type="0"/>
    <Peak1D F1="6.604556" intensity="3.012431e-003" type="0"/>
    <Peak1D F1="6.308688" intensity="7.742665e-003" type="0"/>
    <Peak1D F1="6.288737" intensity="5.483291e-003" type="0"/>
    <Peak1D F1="6.284968" intensity="6.157100e-003" type="0"/>
    <Peak1D F1="6.218169" intensity="7.310158e-003" type="0"/>
    <Peak1D F1="6.213140" intensity="1.299905e-002" type="0"/>
    <Peak1D F1="6.207804" intensity="7.660231e-003" type="0"/>
    <Peak1D F1="6.153878" intensity="5.107888e-003" type="0"/>
    <Peak1D F1="6.115160" intensity="2.918820e-002" type="0"/>
    <Peak1D F1="6.094223" intensity="1.050464e-002" type="0"/>
    <Peak1D F1="6.064466" intensity="8.903953e-002" type="0"/>
    <Peak1D F1="6.014526" intensity="5.052696e+000" type="0"/>
    <Peak1D F1="5.964454" intensity="7.701795e-002" type="0"/>
    <Peak1D F1="5.884324" intensity="2.739863e-003" type="0"/>
    <Peak1D F1="5.863584" intensity="4.431548e-002" type="0"/>
    <Peak1D F1="5.850781" intensity="4.428186e-002" type="0"/>
    <Peak1D F1="5.818508" intensity="7.624581e-003" type="0"/>
    <Peak1D F1="5.812967" intensity="1.504790e-002" type="0"/>
    <Peak1D F1="5.807687" intensity="7.460181e-003" type="0"/>
    <Peak1D F1="5.632782" intensity="2.107940e-003" type="0"/>
    <Peak1D F1="5.524704" intensity="4.998318e-003" type="0"/>
    <Peak1D F1="5.513093" intensity="4.165785e-003" type="0"/>
    <Peak1D F1="5.503598" intensity="4.027641e-003" type="0"/>
    <Peak1D F1="5.439312" intensity="4.864601e-003" type="0"/>
    <Peak1D F1="5.414640" intensity="5.168498e-003" type="0"/>
    <Peak1D F1="5.388724" intensity="1.242785e-001" type="0"/>
    <Peak1D F1="5.350430" intensity="4.822319e-002" type="0"/>
    <Peak1D F1="5.272789" intensity="1.658123e-002" type="0"/>
    <Peak1D F1="5.215266" intensity="1.724207e-002" type="0"/>
    <Peak1D F1="5.200394" intensity="1.613162e-002" type="0"/>
    <Peak1D F1="5.174228" intensity="1.672792e-002" type="0"/>
    <Peak1D F1="5.149953" intensity="1.216508e-002" type="0"/>
    <Peak1D F1="5.018567" intensity="3.890219e-003" type="0"/>
    <Peak1D F1="4.995204" intensity="4.910408e-003" type="0"/>
    <Peak1D F1="4.970786" intensity="9.207346e-003" type="0"/>
    <Peak1D F1="4.947672" intensity="9.726677e-003" type="0"/>
    <Peak1D F1="4.931558" intensity="4.049454e-003" type="0"/>
    <Peak1D F1="4.914955" intensity="4.473136e-003" type="0"/>
    <Peak1D F1="4.906172" intensity="6.555002e-003" type="0"/>
    <Peak1D F1="4.885960" intensity="9.650366e-003" type="0"/>
    <Peak1D F1="4.868700" intensity="8.388042e-003" type="0"/>
    <Peak1D F1="4.841474" intensity="3.053613e-002" type="0"/>
    <Peak1D F1="4.818460" intensity="3.867331e-002" type="0"/>
    <Peak1D F1="4.791488" intensity="1.366249e+000" type="0"/>
    <Peak1D F1="4.768722" intensity="1.389639e+000" type="0"/>
    <Peak1D F1="4.741241" intensity="4.637320e-002" type="0"/>
    <Peak1D F1="4.731397" intensity="4.059596e-002" type="0"/>
    <Peak1D F1="4.718661" intensity="5.809884e-002" type="0"/>
    <Peak1D F1="4.681741" intensity="9.074519e-001" type="0"/>
    <Peak1D F1="4.632490" intensity="3.365835e-002" type="0"/>
    <Peak1D F1="4.608145" intensity="1.495659e-002" type="0"/>
    <Peak1D F1="4.595953" intensity="9.400637e-003" type="0"/>
    <Peak1D F1="4.585059" intensity="1.311016e-002" type="0"/>
    <Peak1D F1="4.577747" intensity="7.152222e-003" type="0"/>
    <Peak1D F1="4.538905" intensity="3.479951e-003" type="0"/>
    <Peak1D F1="4.514128" intensity="3.882335e-003" type="0"/>
    <Peak1D F1="4.503571" intensity="2.973981e-003" type="0"/>
    <Peak1D F1="4.481753" intensity="4.047954e-003" type="0"/>
    <Peak1D F1="4.470872" intensity="3.707482e-003" type="0"/>
    <Peak1D F1="4.286266" intensity="2.350239e-003" type="0"/>
    <Peak1D F1="4.264544" intensity="2.776612e-003" type="0"/>
    <Peak1D F1="4.244997" intensity="2.291786e-003" type="0"/>
    <Peak1D F1="4.051169" intensity="2.267197e-003" type="0"/>
    <Peak1D F1="4.028277" intensity="3.064375e-003" type="0"/>
    <Peak1D F1="3.924810" intensity="2.751166e-003" type="0"/>
    <Peak1D F1="3.912746" intensity="2.356838e-003" type="0"/>
    <Peak1D F1="3.875466" intensity="8.139870e-002" type="0"/>
    <Peak1D F1="3.849132" intensity="4.807133e-003" type="0"/>
    <Peak1D F1="3.842541" intensity="5.523808e-003" type="0"/>
    <Peak1D F1="3.808319" intensity="5.520634e-002" type="0"/>
    <Peak1D F1="3.797708" intensity="1.719608e-002" type="0"/>
    <Peak1D F1="3.789421" intensity="1.694038e-002" type="0"/>
    <Peak1D F1="3.747948" intensity="2.605791e-001" type="0"/>
    <Peak1D F1="3.698024" intensity="1.500000e+001" type="0"/>
    <Peak1D F1="3.647924" intensity="2.387291e-001" type="0"/>
    <Peak1D F1="3.621599" intensity="5.420144e-003" type="0"/>
    <Peak1D F1="3.612541" intensity="4.242709e-003" type="0"/>
    <Peak1D F1="3.603769" intensity="3.846105e-003" type="0"/>
    <Peak1D F1="3.594183" intensity="3.484372e-003" type="0"/>
    <Peak1D F1="3.565126" intensity="3.203230e-003" type="0"/>
    <Peak1D F1="3.537721" intensity="3.219105e-003" type="0"/>
    <Peak1D F1="3.515803" intensity="7.996061e-002" type="0"/>
    <Peak1D F1="3.487164" intensity="2.909361e-003" type="0"/>
    <Peak1D F1="3.470029" intensity="2.192197e-003" type="0"/>
    <Peak1D F1="3.422562" intensity="2.494482e-003" type="0"/>
    <Peak1D F1="3.130764" intensity="8.053050e-003" type="0"/>
    <Peak1D F1="3.110560" intensity="2.068253e-003" type="0"/>
    <Peak1D F1="3.087284" intensity="2.725249e-003" type="0"/>
    <Peak1D F1="3.080534" intensity="2.621370e-003" type="0"/>
    <Peak1D F1="2.958828" intensity="4.188475e-003" type="0"/>
    <Peak1D F1="2.942102" intensity="7.312830e-003" type="0"/>
    <Peak1D F1="2.922562" intensity="5.193621e-003" type="0"/>
    <Peak1D F1="2.906431" intensity="4.499964e-003" type="0"/>
    <Peak1D F1="2.894577" intensity="4.068145e-003" type="0"/>
    <Peak1D F1="2.852918" intensity="3.112051e-003" type="0"/>
    <Peak1D F1="2.837209" intensity="2.776864e-003" type="0"/>
    <Peak1D F1="2.806467" intensity="5.358142e-003" type="0"/>
    <Peak1D F1="2.784189" intensity="6.156195e-003" type="0"/>
    <Peak1D F1="2.767551" intensity="1.314699e-002" type="0"/>
    <Peak1D F1="2.753378" intensity="1.365769e-002" type="0"/>
    <Peak1D F1="2.746463" intensity="1.531960e-002" type="0"/>
    <Peak1D F1="2.738740" intensity="1.587992e-002" type="0"/>
    <Peak1D F1="2.719469" intensity="1.414125e-002" type="0"/>
    <Peak1D F1="2.704751" intensity="1.214822e-002" type="0"/>
    <Peak1D F1="2.674169" intensity="4.435090e-003" type="0"/>
    <Peak1D F1="2.649673" intensity="6.546082e-003" type="0"/>
    <Peak1D F1="2.619463" intensity="1.358261e-002" type="0"/>
    <Peak1D F1="2.603167" intensity="1.938369e-002" type="0"/>
    <Peak1D F1="2.554013" intensity="7.150538e-003" type="0"/>
    <Peak1D F1="2.508567" intensity="5.231099e-003" type="0"/>
    <Peak1D F1="2.480919" intensity="1.289956e-002" type="0"/>
    <Peak1D F1="2.435254" intensity="2.406648e-001" type="0"/>
    <Peak1D F1="2.430609" intensity="2.687728e-001" type="0"/>
    <Peak1D F1="2.422146" intensity="1.416783e-001" type="0"/>
    <Peak1D F1="2.414583" intensity="2.712478e-001" type="0"/>
    <Peak1D F1="2.409625" intensity="2.728222e-001" type="0"/>
    <Peak1D F1="2.385994" intensity="4.122636e-001" type="0"/>
    <Peak1D F1="2.382049" intensity="3.850539e-001" type="0"/>
    <Peak1D F1="2.365129" intensity="3.885945e-001" type="0"/>
    <Peak1D F1="2.361360" intensity="4.887542e-001" type="0"/>
    <Peak1D F1="2.352644" intensity="3.193224e-001" type="0"/>
    <Peak1D F1="2.329741" intensity="5.151591e-001" type="0"/>
    <Peak1D F1="2.322302" intensity="3.045377e-001" type="0"/>
    <Peak1D F1="2.319040" intensity="2.666952e-001" type="0"/>
    <Peak1D F1="2.309801" intensity="3.903525e-001" type="0"/>
    <Peak1D F1="2.306622" intensity="3.517432e-001" type="0"/>
    <Peak1D F1="2.299656" intensity="4.678707e-001" type="0"/>
    <Peak1D F1="2.279346" intensity="2.866140e-001" type="0"/>
    <Peak1D F1="2.264375" intensity="6.554632e-002" type="0"/>
    <Peak1D F1="2.250264" intensity="4.843059e-001" type="0"/>
    <Peak1D F1="2.228141" intensity="5.728109e-001" type="0"/>
    <Peak1D F1="2.224116" intensity="5.744184e-001" type="0"/>
    <Peak1D F1="2.201421" intensity="7.106946e-001" type="0"/>
    <Peak1D F1="2.193796" intensity="1.345538e-001" type="0"/>
    <Peak1D F1="2.179952" intensity="3.792156e-001" type="0"/>
    <Peak1D F1="2.175245" intensity="3.767742e-001" type="0"/>
    <Peak1D F1="2.152864" intensity="4.445868e-001" type="0"/>
    <Peak1D F1="2.145779" intensity="2.147526e-001" type="0"/>
    <Peak1D F1="2.115617" intensity="2.067818e+000" type="0"/>
    <Peak1D F1="2.096036" intensity="6.402722e+000" type="0"/>
    <Peak1D F1="2.084426" intensity="1.776263e+000" type="0"/>
    <Peak1D F1="2.077265" intensity="3.204004e+000" type="0"/>
    <Peak1D F1="2.055835" intensity="1.812333e-001" type="0"/>
    <Peak1D F1="2.051976" intensity="1.808296e-001" type="0"/>
    <Peak1D F1="2.046285" intensity="1.951590e-001" type="0"/>
    <Peak1D F1="2.027716" intensity="1.024599e-001" type="0"/>
    <Peak1D F1="2.019998" intensity="6.649055e-002" type="0"/>
    <Peak1D F1="2.013545" intensity="5.988134e-002" type="0"/>
    <Peak1D F1="1.999487" intensity="8.813854e-002" type="0"/>
    <Peak1D F1="1.984584" intensity="2.778027e-001" type="0"/>
    <Peak1D F1="1.968132" intensity="2.937867e-001" type="0"/>
    <Peak1D F1="1.963137" intensity="4.007111e-001" type="0"/>
    <Peak1D F1="1.957389" intensity="4.715704e-001" type="0"/>
    <Peak1D F1="1.953066" intensity="4.433021e-001" type="0"/>
    <Peak1D F1="1.947875" intensity="4.462366e-001" type="0"/>
    <Peak1D F1="1.940611" intensity="6.300270e-001" type="0"/>
    <Peak1D F1="1.931668" intensity="6.402783e-001" type="0"/>
    <Peak1D F1="1.925171" intensity="5.527325e-001" type="0"/>
    <Peak1D F1="1.918969" intensity="6.019393e-001" type="0"/>
    <Peak1D F1="1.910002" intensity="3.339164e+000" type="0"/>
    <Peak1D F1="1.898870" intensity="2.847284e+000" type="0"/>
    <Peak1D F1="1.890390" intensity="6.638656e+000" type="0"/>
    <Peak1D F1="1.879928" intensity="2.471391e+000" type="0"/>
    <Peak1D F1="1.871046" intensity="2.097749e+000" type="0"/>
    <Peak1D F1="1.858930" intensity="2.800038e-001" type="0"/>
    <Peak1D F1="1.848783" intensity="1.793178e-001" type="0"/>
    <Peak1D F1="1.840545" intensity="1.680170e-001" type="0"/>
    <Peak1D F1="1.830666" intensity="9.122697e-002" type="0"/>
    <Peak1D F1="1.821072" intensity="7.801379e-002" type="0"/>
    <Peak1D F1="1.805483" intensity="4.693612e-002" type="0"/>
    <Peak1D F1="1.795275" intensity="4.587035e-002" type="0"/>
    <Peak1D F1="1.779268" intensity="3.888267e-002" type="0"/>
    <Peak1D F1="1.772856" intensity="3.823578e-002" type="0"/>
    <Peak1D F1="1.765791" intensity="3.827624e-002" type="0"/>
    <Peak1D F1="1.758716" intensity="4.219486e-002" type="0"/>
    <Peak1D F1="1.744287" intensity="1.456186e-001" type="0"/>
    <Peak1D F1="1.728560" intensity="2.064609e-001" type="0"/>
    <Peak1D F1="1.723297" intensity="1.887523e-001" type="0"/>
    <Peak1D F1="1.716174" intensity="2.439176e-001" type="0"/>
    <Peak1D F1="1.707347" intensity="2.542788e-001" type="0"/>
    <Peak1D F1="1.700399" intensity="4.230124e-001" type="0"/>
    <Peak1D F1="1.696430" intensity="3.905897e-001" type="0"/>
    <Peak1D F1="1.687515" intensity="3.016337e-001" type="0"/>
    <Peak1D F1="1.680329" intensity="9.732611e-001" type="0"/>
    <Peak1D F1="1.675532" intensity="5.427674e-001" type="0"/>
    <Peak1D F1="1.670201" intensity="6.009067e-001" type="0"/>
    <Peak1D F1="1.656776" intensity="8.681577e-001" type="0"/>
    <Peak1D F1="1.652316" intensity="7.324425e-001" type="0"/>
    <Peak1D F1="1.640577" intensity="5.008731e-001" type="0"/>
    <Peak1D F1="1.636321" intensity="6.106772e-001" type="0"/>
    <Peak1D F1="1.631991" intensity="4.719979e-001" type="0"/>
    <Peak1D F1="1.624708" intensity="2.696290e-001" type="0"/>
    <Peak1D F1="1.620265" intensity="3.209628e-001" type="0"/>
    <Peak1D F1="1.616333" intensity="3.250249e-001" type="0"/>
    <Peak1D F1="1.592882" intensity="1.462530e-001" type="0"/>
    <Peak1D F1="1.550479" intensity="9.571070e-002" type="0"/>
    <Peak1D F1="1.534680" intensity="2.655616e-001" type="0"/>
    <Peak1D F1="1.519333" intensity="1.988749e-001" type="0"/>
    <Peak1D F1="1.512001" intensity="2.280958e-001" type="0"/>
    <Peak1D F1="1.500360" intensity="4.508126e-001" type="0"/>
    <Peak1D F1="1.491940" intensity="1.714628e-001" type="0"/>
    <Peak1D F1="1.482921" intensity="5.545175e-001" type="0"/>
    <Peak1D F1="1.470171" intensity="3.995164e-001" type="0"/>
    <Peak1D F1="1.452854" intensity="4.076358e-001" type="0"/>
    <Peak1D F1="1.441119" intensity="8.292848e-002" type="0"/>
    <Peak1D F1="1.435287" intensity="1.195905e-001" type="0"/>
    <Peak1D F1="1.430556" intensity="8.957563e-002" type="0"/>
    <Peak1D F1="1.423375" intensity="1.270731e-001" type="0"/>
    <Peak1D F1="1.403187" intensity="2.483964e-002" type="0"/>
    <Peak1D F1="1.371459" intensity="1.728287e-002" type="0"/>
    <Peak1D F1="1.351966" intensity="1.748571e-002" type="0"/>
    <Peak1D F1="1.343480" intensity="1.786433e-002" type="0"/>
    <Peak1D F1="1.322124" intensity="1.704034e-002" type="0"/>
    <Peak1D F1="1.308999" intensity="1.815009e-002" type="0"/>
    <Peak1D F1="1.234086" intensity="4.973791e-002" type="0"/>
    <Peak1D F1="1.184072" intensity="2.795197e-001" type="0"/>
    <Peak1D F1="1.067349" intensity="1.300461e-002" type="0"/>
    <Peak1D F1="1.038218" intensity="1.595397e-002" type="0"/>
    <Peak1D F1="1.016970" intensity="1.340994e-002" type="0"/>
    <Peak1D F1="0.937375" intensity="8.901665e-003" type="0"/>
    <Peak1D F1="0.823519" intensity="3.356176e-002" type="0"/>
    <Peak1D F1="0.807679" intensity="6.276830e-002" type="0"/>
    <Peak1D F1="0.790105" intensity="5.053726e-002" type="0"/>
    <Peak1D F1="0.780756" intensity="5.501264e-002" type="0"/>
    <Peak1D F1="0.772466" intensity="6.924917e-002" type="0"/>
    <Peak1D F1="0.754247" intensity="6.849545e-002" type="0"/>
    <Peak1D F1="0.735245" intensity="4.074515e-002" type="0"/>
    <Peak1D F1="0.716251" intensity="1.527335e-002" type="0"/>
    <Peak1D F1="0.572007" intensity="3.604323e-003" type="0"/>
    <Peak1D F1="0.566209" intensity="3.566994e-003" type="0"/>
    <Peak1D F1="0.558641" intensity="3.294894e-003" type="0"/>
    <Peak1D F1="0.501519" intensity="2.768974e-003" type="0"/>
    <Peak1D F1="0.448890" intensity="2.817824e-003" type="0"/>
    <Peak1D F1="0.417342" intensity="2.634261e-003" type="0"/>
    <Peak1D F1="0.401940" intensity="2.391645e-003" type="0"/>
    <Peak1D F1="0.370670" intensity="2.431544e-003" type="0"/>
    <Peak1D F1="0.349450" intensity="2.287699e-003" type="0"/>
    <Peak1D F1="0.339148" intensity="2.170422e-003" type="0"/>
    <Peak1D F1="0.329641" intensity="2.160568e-003" type="0"/>
    <Peak1D F1="0.306330" intensity="2.460569e-003" type="0"/>
    <Peak1D F1="0.252267" intensity="2.241037e-003" type="0"/>
    <Peak1D F1="-0.000158" intensity="3.266527e-002" type="0"/>
    <Peak1D F1="-3.333989" intensity="2.005714e-003" type="0"/>
  </PeakList1D>
</PeakList>
