<?xml version="1.0" encoding="UTF-8"?>
<PeakList>
  <PeakList1D>
    <PeakList1DHeader creator="nmr" date="2021-08-11T17:30:03.487+03:00" expNo="10" name="ID-427-C-Redo-11.8.21" owner="" procNo="1" source="//132.72.8.180/400b/Milo/Milo">
      <PeakPickDetails>F1=16.126400ppm, F2=-3.902646ppm, MI=0.00cm, MAXI=10000.00cm, PC=1.000
      </PeakPickDetails>
    </PeakList1DHeader>
    <Peak1D F1="13.008313" intensity="1.840631e-003" type="0"/>
    <Peak1D F1="12.079117" intensity="1.888431e-003" type="0"/>
    <Peak1D F1="10.310936" intensity="1.260221e-002" type="0"/>
    <Peak1D F1="10.244788" intensity="2.107523e-003" type="0"/>
    <Peak1D F1="10.143751" intensity="3.622880e-002" type="0"/>
    <Peak1D F1="10.120602" intensity="2.491104e-002" type="0"/>
    <Peak1D F1="10.093770" intensity="1.291980e+000" type="0"/>
    <Peak1D F1="10.090324" intensity="2.111729e+000" type="0"/>
    <Peak1D F1="10.058443" intensity="1.175638e-002" type="0"/>
    <Peak1D F1="10.044499" intensity="3.235096e-002" type="0"/>
    <Peak1D F1="10.040308" intensity="2.865518e-002" type="0"/>
    <Peak1D F1="9.863829" intensity="1.056834e-002" type="0"/>
    <Peak1D F1="8.563098" intensity="2.342324e-003" type="0"/>
    <Peak1D F1="8.547490" intensity="7.895702e-003" type="0"/>
    <Peak1D F1="8.525336" intensity="8.625991e-003" type="0"/>
    <Peak1D F1="8.387896" intensity="3.256378e-002" type="0"/>
    <Peak1D F1="8.383352" intensity="3.366009e-002" type="0"/>
    <Peak1D F1="8.366342" intensity="4.680138e-002" type="0"/>
    <Peak1D F1="8.361962" intensity="4.668561e-002" type="0"/>
    <Peak1D F1="8.338311" intensity="9.550402e-001" type="0"/>
    <Peak1D F1="8.333886" intensity="1.560981e+000" type="0"/>
    <Peak1D F1="8.316626" intensity="1.332577e+000" type="0"/>
    <Peak1D F1="8.312364" intensity="1.633483e+000" type="0"/>
    <Peak1D F1="8.288677" intensity="2.850671e-002" type="0"/>
    <Peak1D F1="8.283827" intensity="3.013410e-002" type="0"/>
    <Peak1D F1="8.267075" intensity="3.402125e-002" type="0"/>
    <Peak1D F1="8.262311" intensity="2.720792e-002" type="0"/>
    <Peak1D F1="8.239800" intensity="1.442544e-002" type="0"/>
    <Peak1D F1="8.226113" intensity="2.267740e-002" type="0"/>
    <Peak1D F1="8.206382" intensity="2.541842e-002" type="0"/>
    <Peak1D F1="8.199675" intensity="2.549018e-002" type="0"/>
    <Peak1D F1="8.192698" intensity="2.393558e-002" type="0"/>
    <Peak1D F1="8.177359" intensity="2.829343e-002" type="0"/>
    <Peak1D F1="8.149682" intensity="4.095824e-001" type="0"/>
    <Peak1D F1="8.144567" intensity="6.723266e-001" type="0"/>
    <Peak1D F1="8.127578" intensity="5.720814e-001" type="0"/>
    <Peak1D F1="8.122484" intensity="6.970891e-001" type="0"/>
    <Peak1D F1="8.104280" intensity="4.624453e-002" type="0"/>
    <Peak1D F1="8.095082" intensity="2.760065e-002" type="0"/>
    <Peak1D F1="8.073110" intensity="4.869605e-002" type="0"/>
    <Peak1D F1="8.053983" intensity="4.686496e-002" type="0"/>
    <Peak1D F1="8.051198" intensity="4.592255e-002" type="0"/>
    <Peak1D F1="8.026371" intensity="1.245740e+000" type="0"/>
    <Peak1D F1="8.023184" intensity="2.045184e+000" type="0"/>
    <Peak1D F1="8.018585" intensity="7.155297e-001" type="0"/>
    <Peak1D F1="8.004426" intensity="1.372430e+000" type="0"/>
    <Peak1D F1="8.001159" intensity="1.775515e+000" type="0"/>
    <Peak1D F1="7.996213" intensity="2.561758e-001" type="0"/>
    <Peak1D F1="7.976628" intensity="3.295183e-002" type="0"/>
    <Peak1D F1="7.971809" intensity="3.293094e-002" type="0"/>
    <Peak1D F1="7.954655" intensity="3.037032e-002" type="0"/>
    <Peak1D F1="7.951134" intensity="2.467247e-002" type="0"/>
    <Peak1D F1="7.934050" intensity="2.234563e-003" type="0"/>
    <Peak1D F1="7.908357" intensity="3.665400e-003" type="0"/>
    <Peak1D F1="7.811654" intensity="7.905826e-003" type="0"/>
    <Peak1D F1="7.793495" intensity="7.476320e-003" type="0"/>
    <Peak1D F1="7.681440" intensity="3.657865e-003" type="0"/>
    <Peak1D F1="7.663382" intensity="3.527971e-003" type="0"/>
    <Peak1D F1="7.619902" intensity="5.770800e-003" type="0"/>
    <Peak1D F1="7.608527" intensity="8.003073e-003" type="0"/>
    <Peak1D F1="7.600022" intensity="7.292497e-003" type="0"/>
    <Peak1D F1="7.585342" intensity="1.009198e-002" type="0"/>
    <Peak1D F1="7.562112" intensity="1.281525e-002" type="0"/>
    <Peak1D F1="7.534140" intensity="2.540110e-002" type="0"/>
    <Peak1D F1="7.530015" intensity="2.555829e-002" type="0"/>
    <Peak1D F1="7.507283" intensity="5.693831e-002" type="0"/>
    <Peak1D F1="7.480673" intensity="8.091678e-001" type="0"/>
    <Peak1D F1="7.461885" intensity="5.589241e-001" type="0"/>
    <Peak1D F1="7.459485" intensity="6.610147e-001" type="0"/>
    <Peak1D F1="7.430691" intensity="1.671991e-002" type="0"/>
    <Peak1D F1="7.412536" intensity="1.529017e-002" type="0"/>
    <Peak1D F1="7.373410" intensity="1.073884e-002" type="0"/>
    <Peak1D F1="7.333184" intensity="7.098304e-003" type="0"/>
    <Peak1D F1="7.270708" intensity="1.097300e-001" type="0"/>
    <Peak1D F1="7.255068" intensity="2.074352e-001" type="0"/>
    <Peak1D F1="7.239379" intensity="2.023120e-001" type="0"/>
    <Peak1D F1="7.220960" intensity="2.994421e+000" type="0"/>
    <Peak1D F1="7.194246" intensity="9.296319e-003" type="0"/>
    <Peak1D F1="7.186711" intensity="7.045461e-003" type="0"/>
    <Peak1D F1="7.181958" intensity="6.396667e-003" type="0"/>
    <Peak1D F1="7.170660" intensity="5.275118e-002" type="0"/>
    <Peak1D F1="7.149428" intensity="1.927484e-003" type="0"/>
    <Peak1D F1="7.003908" intensity="2.572863e-003" type="0"/>
    <Peak1D F1="6.956516" intensity="1.584022e-002" type="0"/>
    <Peak1D F1="6.896279" intensity="5.240447e-003" type="0"/>
    <Peak1D F1="6.891414" intensity="4.728844e-003" type="0"/>
    <Peak1D F1="6.873052" intensity="6.378193e-003" type="0"/>
    <Peak1D F1="6.852586" intensity="7.686893e-003" type="0"/>
    <Peak1D F1="6.829049" intensity="1.243549e-002" type="0"/>
    <Peak1D F1="6.810436" intensity="5.111820e-002" type="0"/>
    <Peak1D F1="6.804422" intensity="6.046499e-002" type="0"/>
    <Peak1D F1="6.794254" intensity="4.038202e-002" type="0"/>
    <Peak1D F1="6.787833" intensity="8.568578e-002" type="0"/>
    <Peak1D F1="6.781853" intensity="9.857398e-002" type="0"/>
    <Peak1D F1="6.765261" intensity="4.168402e-002" type="0"/>
    <Peak1D F1="6.759283" intensity="4.592232e-002" type="0"/>
    <Peak1D F1="6.732398" intensity="2.587692e-003" type="0"/>
    <Peak1D F1="6.729117" intensity="1.866506e-003" type="0"/>
    <Peak1D F1="6.329931" intensity="2.499256e-003" type="0"/>
    <Peak1D F1="6.324767" intensity="2.315742e-003" type="0"/>
    <Peak1D F1="6.302992" intensity="1.850133e-003" type="0"/>
    <Peak1D F1="6.203351" intensity="7.686778e-003" type="0"/>
    <Peak1D F1="6.111986" intensity="1.054765e-002" type="0"/>
    <Peak1D F1="6.059696" intensity="4.330354e-002" type="0"/>
    <Peak1D F1="6.054862" intensity="3.571691e-002" type="0"/>
    <Peak1D F1="6.052201" intensity="3.021906e-002" type="0"/>
    <Peak1D F1="6.037522" intensity="1.882288e-002" type="0"/>
    <Peak1D F1="6.009962" intensity="1.466838e+000" type="0"/>
    <Peak1D F1="6.004922" intensity="2.463948e+000" type="0"/>
    <Peak1D F1="6.002675" intensity="1.510062e+000" type="0"/>
    <Peak1D F1="5.960239" intensity="5.734367e-002" type="0"/>
    <Peak1D F1="5.954896" intensity="5.216863e-002" type="0"/>
    <Peak1D F1="5.952286" intensity="4.322650e-002" type="0"/>
    <Peak1D F1="5.924685" intensity="6.281324e-002" type="0"/>
    <Peak1D F1="5.912185" intensity="6.603795e-002" type="0"/>
    <Peak1D F1="5.807748" intensity="1.198190e-002" type="0"/>
    <Peak1D F1="5.802926" intensity="1.169124e-002" type="0"/>
    <Peak1D F1="5.773861" intensity="3.788535e-003" type="0"/>
    <Peak1D F1="5.630894" intensity="2.238113e-003" type="0"/>
    <Peak1D F1="5.411163" intensity="6.765250e-003" type="0"/>
    <Peak1D F1="5.346097" intensity="1.835605e-002" type="0"/>
    <Peak1D F1="5.263324" intensity="2.704259e-003" type="0"/>
    <Peak1D F1="4.992148" intensity="2.704132e-003" type="0"/>
    <Peak1D F1="4.970798" intensity="2.213339e-003" type="0"/>
    <Peak1D F1="4.898386" intensity="2.707846e-003" type="0"/>
    <Peak1D F1="4.879181" intensity="4.485065e-003" type="0"/>
    <Peak1D F1="4.862948" intensity="8.997646e-003" type="0"/>
    <Peak1D F1="4.849927" intensity="6.542602e-003" type="0"/>
    <Peak1D F1="4.841039" intensity="1.092877e-002" type="0"/>
    <Peak1D F1="4.813516" intensity="4.610456e-001" type="0"/>
    <Peak1D F1="4.791258" intensity="4.644130e-001" type="0"/>
    <Peak1D F1="4.763383" intensity="1.226528e-002" type="0"/>
    <Peak1D F1="4.741968" intensity="2.063841e-002" type="0"/>
    <Peak1D F1="4.692990" intensity="4.652869e-001" type="0"/>
    <Peak1D F1="4.644494" intensity="1.102473e-002" type="0"/>
    <Peak1D F1="4.608883" intensity="2.581501e-003" type="0"/>
    <Peak1D F1="3.894794" intensity="1.866700e-003" type="0"/>
    <Peak1D F1="3.873358" intensity="2.455889e-002" type="0"/>
    <Peak1D F1="3.868735" intensity="4.168123e-002" type="0"/>
    <Peak1D F1="3.839188" intensity="5.703497e-003" type="0"/>
    <Peak1D F1="3.806520" intensity="2.436267e-002" type="0"/>
    <Peak1D F1="3.801785" intensity="3.367881e-002" type="0"/>
    <Peak1D F1="3.793683" intensity="7.801443e-003" type="0"/>
    <Peak1D F1="3.745700" intensity="1.310257e-001" type="0"/>
    <Peak1D F1="3.741283" intensity="1.171524e-001" type="0"/>
    <Peak1D F1="3.739058" intensity="1.036088e-001" type="0"/>
    <Peak1D F1="3.695975" intensity="4.574984e+000" type="0"/>
    <Peak1D F1="3.691324" intensity="7.652891e+000" type="0"/>
    <Peak1D F1="3.664979" intensity="2.122352e-002" type="0"/>
    <Peak1D F1="3.656045" intensity="1.768121e-002" type="0"/>
    <Peak1D F1="3.646246" intensity="1.323534e-001" type="0"/>
    <Peak1D F1="3.641313" intensity="1.109352e-001" type="0"/>
    <Peak1D F1="3.639007" intensity="8.109288e-002" type="0"/>
    <Peak1D F1="3.620419" intensity="3.433655e-003" type="0"/>
    <Peak1D F1="3.595338" intensity="4.531832e-003" type="0"/>
    <Peak1D F1="3.590178" intensity="5.278652e-003" type="0"/>
    <Peak1D F1="3.546712" intensity="3.433883e-003" type="0"/>
    <Peak1D F1="3.513718" intensity="2.464687e-002" type="0"/>
    <Peak1D F1="3.509065" intensity="4.078567e-002" type="0"/>
    <Peak1D F1="3.434703" intensity="2.438887e-003" type="0"/>
    <Peak1D F1="3.418674" intensity="2.846023e-003" type="0"/>
    <Peak1D F1="3.401673" intensity="2.026582e-003" type="0"/>
    <Peak1D F1="3.376056" intensity="1.839320e-003" type="0"/>
    <Peak1D F1="3.261361" intensity="1.979199e-003" type="0"/>
    <Peak1D F1="3.153050" intensity="2.839507e-003" type="0"/>
    <Peak1D F1="3.107348" intensity="4.714216e-003" type="0"/>
    <Peak1D F1="3.099526" intensity="4.173910e-003" type="0"/>
    <Peak1D F1="3.083700" intensity="4.539394e-003" type="0"/>
    <Peak1D F1="2.942963" intensity="2.104761e-003" type="0"/>
    <Peak1D F1="2.868764" intensity="2.825041e-003" type="0"/>
    <Peak1D F1="2.778676" intensity="6.464924e-003" type="0"/>
    <Peak1D F1="2.753513" intensity="7.985604e-003" type="0"/>
    <Peak1D F1="2.731840" intensity="5.928435e-003" type="0"/>
    <Peak1D F1="2.719822" intensity="5.334614e-003" type="0"/>
    <Peak1D F1="2.649434" intensity="3.049011e-003" type="0"/>
    <Peak1D F1="2.570588" intensity="3.497732e-003" type="0"/>
    <Peak1D F1="2.523934" intensity="4.913155e-003" type="0"/>
    <Peak1D F1="2.418452" intensity="8.546330e-002" type="0"/>
    <Peak1D F1="2.415278" intensity="8.521873e-002" type="0"/>
    <Peak1D F1="2.402995" intensity="7.615972e-002" type="0"/>
    <Peak1D F1="2.397693" intensity="1.022454e-001" type="0"/>
    <Peak1D F1="2.394378" intensity="9.682151e-002" type="0"/>
    <Peak1D F1="2.369968" intensity="2.191004e-001" type="0"/>
    <Peak1D F1="2.360708" intensity="1.300352e-001" type="0"/>
    <Peak1D F1="2.348304" intensity="2.997811e-001" type="0"/>
    <Peak1D F1="2.328536" intensity="1.398354e-001" type="0"/>
    <Peak1D F1="2.318125" intensity="1.885272e-001" type="0"/>
    <Peak1D F1="2.298870" intensity="1.089321e-001" type="0"/>
    <Peak1D F1="2.268906" intensity="6.572493e-002" type="0"/>
    <Peak1D F1="2.249995" intensity="1.133197e-001" type="0"/>
    <Peak1D F1="2.236853" intensity="1.098475e-001" type="0"/>
    <Peak1D F1="2.231119" intensity="1.383029e-001" type="0"/>
    <Peak1D F1="2.208774" intensity="1.850472e-001" type="0"/>
    <Peak1D F1="2.204702" intensity="1.864174e-001" type="0"/>
    <Peak1D F1="2.188045" intensity="1.670425e-001" type="0"/>
    <Peak1D F1="2.182136" intensity="2.334366e-001" type="0"/>
    <Peak1D F1="2.159814" intensity="2.911884e-001" type="0"/>
    <Peak1D F1="2.156641" intensity="3.040556e-001" type="0"/>
    <Peak1D F1="2.139363" intensity="5.230480e-001" type="0"/>
    <Peak1D F1="2.131343" intensity="5.084518e-001" type="0"/>
    <Peak1D F1="2.109171" intensity="5.844854e+000" type="0"/>
    <Peak1D F1="2.107095" intensity="5.712503e+000" type="0"/>
    <Peak1D F1="2.098859" intensity="6.137505e+000" type="0"/>
    <Peak1D F1="2.093906" intensity="1.131945e+001" type="0"/>
    <Peak1D F1="2.089583" intensity="1.500000e+001" type="0"/>
    <Peak1D F1="2.075214" intensity="6.464524e+000" type="0"/>
    <Peak1D F1="2.071235" intensity="7.242645e+000" type="0"/>
    <Peak1D F1="2.055023" intensity="5.456360e-001" type="0"/>
    <Peak1D F1="2.044184" intensity="5.599377e-001" type="0"/>
    <Peak1D F1="2.040778" intensity="4.739463e-001" type="0"/>
    <Peak1D F1="2.025533" intensity="2.063115e-001" type="0"/>
    <Peak1D F1="1.971351" intensity="1.932438e-001" type="0"/>
    <Peak1D F1="1.955001" intensity="3.375894e-001" type="0"/>
    <Peak1D F1="1.949115" intensity="4.241554e-001" type="0"/>
    <Peak1D F1="1.941326" intensity="6.047919e-001" type="0"/>
    <Peak1D F1="1.937967" intensity="6.401192e-001" type="0"/>
    <Peak1D F1="1.926467" intensity="1.191586e+000" type="0"/>
    <Peak1D F1="1.922753" intensity="1.428341e+000" type="0"/>
    <Peak1D F1="1.907129" intensity="7.878384e+000" type="0"/>
    <Peak1D F1="1.898679" intensity="8.019258e+000" type="0"/>
    <Peak1D F1="1.895927" intensity="8.297950e+000" type="0"/>
    <Peak1D F1="1.892060" intensity="1.142898e+001" type="0"/>
    <Peak1D F1="1.888149" intensity="1.482350e+001" type="0"/>
    <Peak1D F1="1.880711" intensity="6.869165e+000" type="0"/>
    <Peak1D F1="1.877184" intensity="6.328740e+000" type="0"/>
    <Peak1D F1="1.868649" intensity="4.831124e+000" type="0"/>
    <Peak1D F1="1.858907" intensity="8.052726e-001" type="0"/>
    <Peak1D F1="1.857072" intensity="8.151618e-001" type="0"/>
    <Peak1D F1="1.855130" intensity="8.234904e-001" type="0"/>
    <Peak1D F1="1.846981" intensity="5.617993e-001" type="0"/>
    <Peak1D F1="1.842756" intensity="5.789165e-001" type="0"/>
    <Peak1D F1="1.838358" intensity="4.758946e-001" type="0"/>
    <Peak1D F1="1.831473" intensity="3.329841e-001" type="0"/>
    <Peak1D F1="1.757457" intensity="5.917527e-002" type="0"/>
    <Peak1D F1="1.740739" intensity="9.849828e-002" type="0"/>
    <Peak1D F1="1.721043" intensity="1.368311e-001" type="0"/>
    <Peak1D F1="1.700292" intensity="2.142075e-001" type="0"/>
    <Peak1D F1="1.688990" intensity="1.695635e-001" type="0"/>
    <Peak1D F1="1.678091" intensity="3.632732e-001" type="0"/>
    <Peak1D F1="1.656258" intensity="2.211228e-001" type="0"/>
    <Peak1D F1="1.652095" intensity="2.146230e-001" type="0"/>
    <Peak1D F1="1.641988" intensity="1.012168e-001" type="0"/>
    <Peak1D F1="1.636258" intensity="9.756406e-002" type="0"/>
    <Peak1D F1="1.619220" intensity="3.654047e-002" type="0"/>
    <Peak1D F1="1.615582" intensity="4.024494e-002" type="0"/>
    <Peak1D F1="1.593649" intensity="1.559658e-002" type="0"/>
    <Peak1D F1="1.584424" intensity="1.726163e-002" type="0"/>
    <Peak1D F1="1.560325" intensity="2.037164e-002" type="0"/>
    <Peak1D F1="1.544237" intensity="4.641620e-002" type="0"/>
    <Peak1D F1="1.535254" intensity="4.342094e-002" type="0"/>
    <Peak1D F1="1.527560" intensity="6.960399e-002" type="0"/>
    <Peak1D F1="1.509384" intensity="1.382574e-001" type="0"/>
    <Peak1D F1="1.491778" intensity="1.461915e-001" type="0"/>
    <Peak1D F1="1.479259" intensity="1.173718e-001" type="0"/>
    <Peak1D F1="1.462352" intensity="1.140061e-001" type="0"/>
    <Peak1D F1="1.444129" intensity="3.402275e-002" type="0"/>
    <Peak1D F1="1.433822" intensity="2.374823e-002" type="0"/>
    <Peak1D F1="1.375949" intensity="4.885028e-003" type="0"/>
    <Peak1D F1="1.365782" intensity="4.482748e-003" type="0"/>
    <Peak1D F1="1.350306" intensity="3.403657e-003" type="0"/>
    <Peak1D F1="1.335100" intensity="3.801214e-003" type="0"/>
    <Peak1D F1="1.318972" intensity="3.603565e-003" type="0"/>
    <Peak1D F1="1.232003" intensity="1.710635e-002" type="0"/>
    <Peak1D F1="1.179457" intensity="3.215173e-002" type="0"/>
    <Peak1D F1="1.029259" intensity="1.803269e-003" type="0"/>
    <Peak1D F1="0.830154" intensity="2.539934e-003" type="0"/>
    <Peak1D F1="0.802741" intensity="9.604425e-003" type="0"/>
    <Peak1D F1="0.787119" intensity="5.823603e-003" type="0"/>
    <Peak1D F1="0.775897" intensity="4.745845e-003" type="0"/>
    <Peak1D F1="0.756135" intensity="5.135882e-003" type="0"/>
    <Peak1D F1="0.734487" intensity="3.284639e-003" type="0"/>
    <Peak1D F1="0.395473" intensity="2.073983e-003" type="0"/>
    <Peak1D F1="0.179433" intensity="6.507745e-003" type="0"/>
    <Peak1D F1="0.078461" intensity="5.383979e-003" type="0"/>
    <Peak1D F1="0.056811" intensity="2.461836e-003" type="0"/>
    <Peak1D F1="0.037615" intensity="5.305681e-003" type="0"/>
    <Peak1D F1="-0.000154" intensity="8.503720e-002" type="0"/>
    <Peak1D F1="-0.026893" intensity="3.467252e-003" type="0"/>
  </PeakList1D>
</PeakList>
