<?xml version="1.0" encoding="UTF-8"?>
<PeakList>
  <PeakList1D>
    <PeakList1DHeader creator="nmr" date="2021-08-06T17:16:55.860+03:00" expNo="10" name="ID_422_k" owner="" procNo="1" source="//132.72.8.180/400b/Milo/Milo">
      <PeakPickDetails>F1=16.152470ppm, F2=-3.876577ppm, MI=0.00cm, MAXI=10000.00cm, PC=1.000
      </PeakPickDetails>
    </PeakList1DHeader>
    <Peak1D F1="16.099871" intensity="2.111776e-003" type="0"/>
    <Peak1D F1="16.007456" intensity="2.124715e-003" type="0"/>
    <Peak1D F1="15.925155" intensity="1.847352e-003" type="0"/>
    <Peak1D F1="15.837955" intensity="1.956564e-003" type="0"/>
    <Peak1D F1="15.806928" intensity="2.089541e-003" type="0"/>
    <Peak1D F1="15.787367" intensity="1.917713e-003" type="0"/>
    <Peak1D F1="15.759643" intensity="1.726507e-003" type="0"/>
    <Peak1D F1="15.658343" intensity="1.950977e-003" type="0"/>
    <Peak1D F1="12.168851" intensity="1.933821e-003" type="0"/>
    <Peak1D F1="11.940236" intensity="3.495734e-003" type="0"/>
    <Peak1D F1="11.739424" intensity="1.657032e-003" type="0"/>
    <Peak1D F1="11.508398" intensity="1.625437e-003" type="0"/>
    <Peak1D F1="11.392316" intensity="1.694570e-003" type="0"/>
    <Peak1D F1="11.288639" intensity="1.748103e-003" type="0"/>
    <Peak1D F1="11.216326" intensity="1.604449e-003" type="0"/>
    <Peak1D F1="11.072599" intensity="1.756751e-003" type="0"/>
    <Peak1D F1="10.945510" intensity="1.670319e-003" type="0"/>
    <Peak1D F1="10.599843" intensity="1.612023e-003" type="0"/>
    <Peak1D F1="10.162402" intensity="1.612634e-003" type="0"/>
    <Peak1D F1="10.141782" intensity="2.063484e-003" type="0"/>
    <Peak1D F1="10.115666" intensity="2.943336e-003" type="0"/>
    <Peak1D F1="10.091849" intensity="3.862970e-002" type="0"/>
    <Peak1D F1="10.073961" intensity="7.845884e-002" type="0"/>
    <Peak1D F1="10.065950" intensity="8.570929e-002" type="0"/>
    <Peak1D F1="10.043815" intensity="2.419710e-003" type="0"/>
    <Peak1D F1="10.017317" intensity="1.949939e-003" type="0"/>
    <Peak1D F1="8.333591" intensity="3.222987e-002" type="0"/>
    <Peak1D F1="8.314004" intensity="9.081350e-002" type="0"/>
    <Peak1D F1="8.305602" intensity="9.394817e-002" type="0"/>
    <Peak1D F1="8.300633" intensity="5.761509e-002" type="0"/>
    <Peak1D F1="8.292738" intensity="7.128612e-002" type="0"/>
    <Peak1D F1="8.283879" intensity="6.851303e-002" type="0"/>
    <Peak1D F1="8.266559" intensity="6.928764e-003" type="0"/>
    <Peak1D F1="8.216608" intensity="6.390158e-002" type="0"/>
    <Peak1D F1="8.191421" intensity="2.215026e-001" type="0"/>
    <Peak1D F1="8.177567" intensity="3.013446e-001" type="0"/>
    <Peak1D F1="8.170856" intensity="3.211494e-001" type="0"/>
    <Peak1D F1="8.156687" intensity="2.661236e-001" type="0"/>
    <Peak1D F1="8.140100" intensity="5.935915e-001" type="0"/>
    <Peak1D F1="8.119451" intensity="1.654292e+000" type="0"/>
    <Peak1D F1="8.114735" intensity="1.605028e+000" type="0"/>
    <Peak1D F1="8.109631" intensity="1.905883e+000" type="0"/>
    <Peak1D F1="8.103811" intensity="1.349863e+000" type="0"/>
    <Peak1D F1="8.100564" intensity="1.443115e+000" type="0"/>
    <Peak1D F1="8.098037" intensity="1.421660e+000" type="0"/>
    <Peak1D F1="8.092469" intensity="1.268534e+000" type="0"/>
    <Peak1D F1="8.088107" intensity="1.297186e+000" type="0"/>
    <Peak1D F1="8.038432" intensity="4.087129e-002" type="0"/>
    <Peak1D F1="8.028773" intensity="6.638927e-002" type="0"/>
    <Peak1D F1="8.024137" intensity="5.474555e-002" type="0"/>
    <Peak1D F1="8.013955" intensity="1.140081e-001" type="0"/>
    <Peak1D F1="8.007075" intensity="1.425796e-001" type="0"/>
    <Peak1D F1="7.996885" intensity="5.979184e-002" type="0"/>
    <Peak1D F1="7.991849" intensity="9.066188e-002" type="0"/>
    <Peak1D F1="7.985583" intensity="7.844072e-002" type="0"/>
    <Peak1D F1="7.954507" intensity="8.632682e-003" type="0"/>
    <Peak1D F1="7.927256" intensity="8.131756e-003" type="0"/>
    <Peak1D F1="7.905915" intensity="1.138012e-002" type="0"/>
    <Peak1D F1="7.900606" intensity="9.904903e-003" type="0"/>
    <Peak1D F1="7.879596" intensity="7.469539e-003" type="0"/>
    <Peak1D F1="7.855989" intensity="3.081395e-003" type="0"/>
    <Peak1D F1="7.824654" intensity="3.338277e-002" type="0"/>
    <Peak1D F1="7.804166" intensity="8.327101e-002" type="0"/>
    <Peak1D F1="7.791616" intensity="7.737464e-002" type="0"/>
    <Peak1D F1="7.785056" intensity="1.063788e-001" type="0"/>
    <Peak1D F1="7.778878" intensity="7.811753e-002" type="0"/>
    <Peak1D F1="7.764162" intensity="5.984414e-002" type="0"/>
    <Peak1D F1="7.757407" intensity="5.100017e-002" type="0"/>
    <Peak1D F1="7.712132" intensity="6.204926e-003" type="0"/>
    <Peak1D F1="7.663640" intensity="1.590239e-002" type="0"/>
    <Peak1D F1="7.646295" intensity="1.235839e-002" type="0"/>
    <Peak1D F1="7.615755" intensity="1.491255e-001" type="0"/>
    <Peak1D F1="7.612272" intensity="1.602408e-001" type="0"/>
    <Peak1D F1="7.605639" intensity="1.350930e-001" type="0"/>
    <Peak1D F1="7.594433" intensity="1.554564e-001" type="0"/>
    <Peak1D F1="7.532228" intensity="2.108235e-001" type="0"/>
    <Peak1D F1="7.528811" intensity="2.110236e-001" type="0"/>
    <Peak1D F1="7.504522" intensity="4.100518e-001" type="0"/>
    <Peak1D F1="7.496637" intensity="4.304235e-001" type="0"/>
    <Peak1D F1="7.485025" intensity="9.823801e-001" type="0"/>
    <Peak1D F1="7.481452" intensity="1.079098e+000" type="0"/>
    <Peak1D F1="7.469890" intensity="1.898031e+000" type="0"/>
    <Peak1D F1="7.463987" intensity="2.379377e+000" type="0"/>
    <Peak1D F1="7.447825" intensity="1.532875e+000" type="0"/>
    <Peak1D F1="7.442016" intensity="1.428286e+000" type="0"/>
    <Peak1D F1="7.421396" intensity="1.282827e-001" type="0"/>
    <Peak1D F1="7.414913" intensity="1.278675e-001" type="0"/>
    <Peak1D F1="7.403800" intensity="8.237407e-002" type="0"/>
    <Peak1D F1="7.392595" intensity="5.504686e-002" type="0"/>
    <Peak1D F1="7.375554" intensity="3.173671e-002" type="0"/>
    <Peak1D F1="7.366187" intensity="2.781598e-002" type="0"/>
    <Peak1D F1="7.357437" intensity="2.802070e-002" type="0"/>
    <Peak1D F1="7.344731" intensity="2.490314e-002" type="0"/>
    <Peak1D F1="7.313844" intensity="5.083903e-002" type="0"/>
    <Peak1D F1="7.296559" intensity="2.907064e-001" type="0"/>
    <Peak1D F1="7.282076" intensity="4.179174e-002" type="0"/>
    <Peak1D F1="7.246978" intensity="1.368617e+001" type="0"/>
    <Peak1D F1="7.220294" intensity="4.293098e-002" type="0"/>
    <Peak1D F1="7.217422" intensity="4.332318e-002" type="0"/>
    <Peak1D F1="7.206101" intensity="4.267802e-002" type="0"/>
    <Peak1D F1="7.196231" intensity="2.739241e-001" type="0"/>
    <Peak1D F1="7.181505" intensity="1.369111e-002" type="0"/>
    <Peak1D F1="7.159122" intensity="7.142351e-003" type="0"/>
    <Peak1D F1="7.146282" intensity="8.953045e-003" type="0"/>
    <Peak1D F1="7.129370" intensity="3.870074e-003" type="0"/>
    <Peak1D F1="7.116931" intensity="2.509577e-003" type="0"/>
    <Peak1D F1="7.094728" intensity="4.987560e-003" type="0"/>
    <Peak1D F1="7.088077" intensity="5.877633e-003" type="0"/>
    <Peak1D F1="7.066283" intensity="7.036906e-003" type="0"/>
    <Peak1D F1="7.038176" intensity="1.334680e-002" type="0"/>
    <Peak1D F1="7.017148" intensity="3.767428e-002" type="0"/>
    <Peak1D F1="6.993449" intensity="1.240648e-001" type="0"/>
    <Peak1D F1="6.981400" intensity="2.122831e-001" type="0"/>
    <Peak1D F1="6.969502" intensity="2.012190e-001" type="0"/>
    <Peak1D F1="6.948219" intensity="1.360013e-001" type="0"/>
    <Peak1D F1="6.940880" intensity="1.297105e-001" type="0"/>
    <Peak1D F1="6.910697" intensity="7.742991e-002" type="0"/>
    <Peak1D F1="6.888732" intensity="1.190213e-001" type="0"/>
    <Peak1D F1="6.879613" intensity="1.105253e-001" type="0"/>
    <Peak1D F1="6.862103" intensity="6.213148e-002" type="0"/>
    <Peak1D F1="6.781991" intensity="2.693019e-003" type="0"/>
    <Peak1D F1="6.757302" intensity="4.561408e-003" type="0"/>
    <Peak1D F1="6.707534" intensity="3.065906e-003" type="0"/>
    <Peak1D F1="6.178689" intensity="5.281705e-003" type="0"/>
    <Peak1D F1="6.099645" intensity="8.183283e-003" type="0"/>
    <Peak1D F1="6.093517" intensity="5.307305e-003" type="0"/>
    <Peak1D F1="6.085539" intensity="1.014948e-002" type="0"/>
    <Peak1D F1="6.078840" intensity="1.124079e-002" type="0"/>
    <Peak1D F1="6.060065" intensity="2.293032e-002" type="0"/>
    <Peak1D F1="6.030415" intensity="5.571059e-002" type="0"/>
    <Peak1D F1="6.009259" intensity="6.411465e-001" type="0"/>
    <Peak1D F1="5.989609" intensity="1.482417e+000" type="0"/>
    <Peak1D F1="5.980233" intensity="1.747689e+000" type="0"/>
    <Peak1D F1="5.962673" intensity="2.959243e-002" type="0"/>
    <Peak1D F1="5.942080" intensity="2.536801e-002" type="0"/>
    <Peak1D F1="5.939162" intensity="2.517033e-002" type="0"/>
    <Peak1D F1="5.930921" intensity="4.146843e-002" type="0"/>
    <Peak1D F1="5.915240" intensity="1.016137e-002" type="0"/>
    <Peak1D F1="5.875269" intensity="1.973712e-003" type="0"/>
    <Peak1D F1="5.775002" intensity="9.399479e-002" type="0"/>
    <Peak1D F1="5.640731" intensity="2.288746e-002" type="0"/>
    <Peak1D F1="5.628459" intensity="5.118765e-002" type="0"/>
    <Peak1D F1="5.623943" intensity="5.082252e-002" type="0"/>
    <Peak1D F1="5.614118" intensity="3.108894e-002" type="0"/>
    <Peak1D F1="5.601733" intensity="5.390094e-002" type="0"/>
    <Peak1D F1="5.596884" intensity="4.851101e-002" type="0"/>
    <Peak1D F1="5.556455" intensity="2.794334e-003" type="0"/>
    <Peak1D F1="5.525534" intensity="2.908135e-003" type="0"/>
    <Peak1D F1="5.458426" intensity="4.610628e-002" type="0"/>
    <Peak1D F1="5.435466" intensity="1.210062e-001" type="0"/>
    <Peak1D F1="5.406093" intensity="5.936044e-002" type="0"/>
    <Peak1D F1="5.364677" intensity="1.979394e-002" type="0"/>
    <Peak1D F1="5.334722" intensity="1.171042e-001" type="0"/>
    <Peak1D F1="5.322704" intensity="1.934811e-001" type="0"/>
    <Peak1D F1="5.315306" intensity="2.727255e-001" type="0"/>
    <Peak1D F1="5.308285" intensity="1.556251e-001" type="0"/>
    <Peak1D F1="5.265372" intensity="4.814443e-003" type="0"/>
    <Peak1D F1="5.211454" intensity="2.978877e-003" type="0"/>
    <Peak1D F1="5.001861" intensity="1.735394e-003" type="0"/>
    <Peak1D F1="4.981716" intensity="2.571776e-003" type="0"/>
    <Peak1D F1="4.933623" intensity="8.142053e-003" type="0"/>
    <Peak1D F1="4.913091" intensity="1.515197e-002" type="0"/>
    <Peak1D F1="4.902386" intensity="3.756949e-002" type="0"/>
    <Peak1D F1="4.893904" intensity="6.973900e-002" type="0"/>
    <Peak1D F1="4.880519" intensity="6.444617e-002" type="0"/>
    <Peak1D F1="4.872615" intensity="1.039892e-001" type="0"/>
    <Peak1D F1="4.852389" intensity="5.390374e-002" type="0"/>
    <Peak1D F1="4.824265" intensity="1.068658e+000" type="0"/>
    <Peak1D F1="4.802732" intensity="1.100648e+000" type="0"/>
    <Peak1D F1="4.780858" intensity="2.052004e-002" type="0"/>
    <Peak1D F1="4.773904" intensity="2.279862e-002" type="0"/>
    <Peak1D F1="4.758667" intensity="1.629637e-002" type="0"/>
    <Peak1D F1="4.753033" intensity="1.998641e-002" type="0"/>
    <Peak1D F1="4.729239" intensity="1.776816e-003" type="0"/>
    <Peak1D F1="4.719019" intensity="1.594816e-003" type="0"/>
    <Peak1D F1="4.662344" intensity="4.633649e-003" type="0"/>
    <Peak1D F1="4.640809" intensity="9.722189e-003" type="0"/>
    <Peak1D F1="4.619406" intensity="6.714827e-003" type="0"/>
    <Peak1D F1="4.584559" intensity="2.721617e-003" type="0"/>
    <Peak1D F1="4.552567" intensity="2.500011e-003" type="0"/>
    <Peak1D F1="4.498995" intensity="2.990243e-003" type="0"/>
    <Peak1D F1="4.450323" intensity="3.596746e-003" type="0"/>
    <Peak1D F1="4.438715" intensity="3.996923e-003" type="0"/>
    <Peak1D F1="4.346884" intensity="5.511119e-003" type="0"/>
    <Peak1D F1="4.325031" intensity="6.289798e-003" type="0"/>
    <Peak1D F1="4.305873" intensity="6.635586e-003" type="0"/>
    <Peak1D F1="4.256584" intensity="7.963772e-003" type="0"/>
    <Peak1D F1="4.204293" intensity="1.152372e-002" type="0"/>
    <Peak1D F1="4.187088" intensity="1.128709e-002" type="0"/>
    <Peak1D F1="4.120446" intensity="1.154241e-002" type="0"/>
    <Peak1D F1="4.087295" intensity="1.237567e-002" type="0"/>
    <Peak1D F1="4.076752" intensity="1.271107e-002" type="0"/>
    <Peak1D F1="4.059641" intensity="1.338795e-002" type="0"/>
    <Peak1D F1="4.010461" intensity="1.589272e-002" type="0"/>
    <Peak1D F1="3.905235" intensity="1.939916e-002" type="0"/>
    <Peak1D F1="3.888729" intensity="2.298919e-002" type="0"/>
    <Peak1D F1="3.872339" intensity="3.701861e-002" type="0"/>
    <Peak1D F1="3.864437" intensity="3.399172e-002" type="0"/>
    <Peak1D F1="3.853313" intensity="4.527554e-002" type="0"/>
    <Peak1D F1="3.844265" intensity="4.941123e-002" type="0"/>
    <Peak1D F1="3.805506" intensity="3.196332e-002" type="0"/>
    <Peak1D F1="3.786898" intensity="3.968713e-002" type="0"/>
    <Peak1D F1="3.777933" intensity="4.196823e-002" type="0"/>
    <Peak1D F1="3.745497" intensity="1.094130e-001" type="0"/>
    <Peak1D F1="3.736234" intensity="7.958951e-002" type="0"/>
    <Peak1D F1="3.728393" intensity="1.121483e-001" type="0"/>
    <Peak1D F1="3.724944" intensity="9.716344e-002" type="0"/>
    <Peak1D F1="3.717049" intensity="1.497535e-001" type="0"/>
    <Peak1D F1="3.694833" intensity="2.081792e+000" type="0"/>
    <Peak1D F1="3.683032" intensity="1.578060e+000" type="0"/>
    <Peak1D F1="3.675822" intensity="4.618553e+000" type="0"/>
    <Peak1D F1="3.666766" intensity="5.296489e+000" type="0"/>
    <Peak1D F1="3.648065" intensity="1.674003e-001" type="0"/>
    <Peak1D F1="3.645586" intensity="1.542991e-001" type="0"/>
    <Peak1D F1="3.631527" intensity="1.510872e-001" type="0"/>
    <Peak1D F1="3.628331" intensity="1.554416e-001" type="0"/>
    <Peak1D F1="3.622748" intensity="1.598558e-001" type="0"/>
    <Peak1D F1="3.617412" intensity="1.406214e-001" type="0"/>
    <Peak1D F1="3.603633" intensity="4.634020e-002" type="0"/>
    <Peak1D F1="3.528177" intensity="4.318167e-002" type="0"/>
    <Peak1D F1="3.522213" intensity="4.350931e-002" type="0"/>
    <Peak1D F1="3.512644" intensity="5.168461e-002" type="0"/>
    <Peak1D F1="3.493472" intensity="5.992401e-002" type="0"/>
    <Peak1D F1="3.484561" intensity="6.987665e-002" type="0"/>
    <Peak1D F1="3.472820" intensity="6.564321e-002" type="0"/>
    <Peak1D F1="3.465461" intensity="6.416192e-002" type="0"/>
    <Peak1D F1="3.435247" intensity="3.475086e-002" type="0"/>
    <Peak1D F1="3.385358" intensity="1.341119e-001" type="0"/>
    <Peak1D F1="3.359681" intensity="2.965729e-001" type="0"/>
    <Peak1D F1="3.347344" intensity="3.715815e-001" type="0"/>
    <Peak1D F1="3.321481" intensity="2.899996e-002" type="0"/>
    <Peak1D F1="3.314185" intensity="2.862805e-002" type="0"/>
    <Peak1D F1="3.299160" intensity="2.704504e-002" type="0"/>
    <Peak1D F1="3.267347" intensity="2.222006e-002" type="0"/>
    <Peak1D F1="3.251526" intensity="2.632901e-002" type="0"/>
    <Peak1D F1="3.244752" intensity="2.605268e-002" type="0"/>
    <Peak1D F1="3.222444" intensity="1.585921e-002" type="0"/>
    <Peak1D F1="3.181737" intensity="1.380254e-002" type="0"/>
    <Peak1D F1="3.168783" intensity="1.383511e-002" type="0"/>
    <Peak1D F1="3.122249" intensity="1.445220e-002" type="0"/>
    <Peak1D F1="3.016409" intensity="4.941731e-003" type="0"/>
    <Peak1D F1="2.993384" intensity="4.760747e-003" type="0"/>
    <Peak1D F1="2.945040" intensity="2.380180e-002" type="0"/>
    <Peak1D F1="2.933833" intensity="2.316161e-002" type="0"/>
    <Peak1D F1="2.927644" intensity="3.021091e-002" type="0"/>
    <Peak1D F1="2.909520" intensity="1.432391e-002" type="0"/>
    <Peak1D F1="2.744967" intensity="4.658462e-002" type="0"/>
    <Peak1D F1="2.705248" intensity="7.827708e-003" type="0"/>
    <Peak1D F1="2.686473" intensity="1.398455e-002" type="0"/>
    <Peak1D F1="2.679611" intensity="9.749059e-003" type="0"/>
    <Peak1D F1="2.656992" intensity="2.948177e-003" type="0"/>
    <Peak1D F1="2.625913" intensity="1.032134e-002" type="0"/>
    <Peak1D F1="2.605102" intensity="2.074897e-002" type="0"/>
    <Peak1D F1="2.578018" intensity="1.748177e-001" type="0"/>
    <Peak1D F1="2.562822" intensity="3.354936e-001" type="0"/>
    <Peak1D F1="2.556205" intensity="3.492124e-001" type="0"/>
    <Peak1D F1="2.536898" intensity="1.254936e-001" type="0"/>
    <Peak1D F1="2.531222" intensity="1.249676e-001" type="0"/>
    <Peak1D F1="2.516173" intensity="2.464497e-001" type="0"/>
    <Peak1D F1="2.508985" intensity="1.872157e-001" type="0"/>
    <Peak1D F1="2.500417" intensity="3.113800e-001" type="0"/>
    <Peak1D F1="2.493397" intensity="3.279409e-001" type="0"/>
    <Peak1D F1="2.470289" intensity="3.787172e-002" type="0"/>
    <Peak1D F1="2.437323" intensity="3.359079e-002" type="0"/>
    <Peak1D F1="2.385529" intensity="5.332292e-001" type="0"/>
    <Peak1D F1="2.378536" intensity="5.449070e-001" type="0"/>
    <Peak1D F1="2.358000" intensity="8.614073e-001" type="0"/>
    <Peak1D F1="2.349273" intensity="7.075487e-001" type="0"/>
    <Peak1D F1="2.337290" intensity="8.545638e-001" type="0"/>
    <Peak1D F1="2.329045" intensity="9.438583e-001" type="0"/>
    <Peak1D F1="2.309641" intensity="5.232843e-001" type="0"/>
    <Peak1D F1="2.291587" intensity="2.747491e-001" type="0"/>
    <Peak1D F1="2.274555" intensity="4.929283e-001" type="0"/>
    <Peak1D F1="2.265607" intensity="5.028546e-001" type="0"/>
    <Peak1D F1="2.259217" intensity="4.504814e-001" type="0"/>
    <Peak1D F1="2.250791" intensity="4.682850e-001" type="0"/>
    <Peak1D F1="2.219227" intensity="3.696216e-001" type="0"/>
    <Peak1D F1="2.214887" intensity="3.741103e-001" type="0"/>
    <Peak1D F1="2.205233" intensity="3.773273e-001" type="0"/>
    <Peak1D F1="2.197023" intensity="3.157441e-001" type="0"/>
    <Peak1D F1="2.185184" intensity="2.970328e-001" type="0"/>
    <Peak1D F1="2.174732" intensity="3.744680e-001" type="0"/>
    <Peak1D F1="2.170892" intensity="3.721966e-001" type="0"/>
    <Peak1D F1="2.162424" intensity="4.471218e-001" type="0"/>
    <Peak1D F1="2.158486" intensity="4.352905e-001" type="0"/>
    <Peak1D F1="2.148557" intensity="4.825382e-001" type="0"/>
    <Peak1D F1="2.136873" intensity="6.570469e-001" type="0"/>
    <Peak1D F1="2.088525" intensity="8.996252e+000" type="0"/>
    <Peak1D F1="2.079505" intensity="1.023069e+001" type="0"/>
    <Peak1D F1="2.077166" intensity="1.003519e+001" type="0"/>
    <Peak1D F1="2.069625" intensity="1.410453e+001" type="0"/>
    <Peak1D F1="2.060668" intensity="1.354585e+001" type="0"/>
    <Peak1D F1="2.053349" intensity="7.533150e+000" type="0"/>
    <Peak1D F1="2.042816" intensity="5.565403e+000" type="0"/>
    <Peak1D F1="1.992206" intensity="2.889652e-001" type="0"/>
    <Peak1D F1="1.910789" intensity="3.808665e+000" type="0"/>
    <Peak1D F1="1.892480" intensity="1.068146e+001" type="0"/>
    <Peak1D F1="1.886873" intensity="1.263529e+001" type="0"/>
    <Peak1D F1="1.875579" intensity="1.500000e+001" type="0"/>
    <Peak1D F1="1.867717" intensity="1.392180e+001" type="0"/>
    <Peak1D F1="1.858020" intensity="6.797790e+000" type="0"/>
    <Peak1D F1="1.848862" intensity="3.791747e+000" type="0"/>
    <Peak1D F1="1.838274" intensity="1.014531e+000" type="0"/>
    <Peak1D F1="1.826435" intensity="6.667791e-001" type="0"/>
    <Peak1D F1="1.818537" intensity="5.080826e-001" type="0"/>
    <Peak1D F1="1.800127" intensity="2.336998e-001" type="0"/>
    <Peak1D F1="1.776300" intensity="1.400443e-001" type="0"/>
    <Peak1D F1="1.702523" intensity="6.290407e-001" type="0"/>
    <Peak1D F1="1.698449" intensity="6.221808e-001" type="0"/>
    <Peak1D F1="1.683252" intensity="9.137932e-001" type="0"/>
    <Peak1D F1="1.678215" intensity="8.864577e-001" type="0"/>
    <Peak1D F1="1.670803" intensity="8.295287e-001" type="0"/>
    <Peak1D F1="1.663622" intensity="8.565091e-001" type="0"/>
    <Peak1D F1="1.659449" intensity="8.025926e-001" type="0"/>
    <Peak1D F1="1.654450" intensity="7.180545e-001" type="0"/>
    <Peak1D F1="1.646887" intensity="6.376753e-001" type="0"/>
    <Peak1D F1="1.632510" intensity="5.077028e-001" type="0"/>
    <Peak1D F1="1.627521" intensity="4.802608e-001" type="0"/>
    <Peak1D F1="1.624914" intensity="4.749368e-001" type="0"/>
    <Peak1D F1="1.620800" intensity="4.624905e-001" type="0"/>
    <Peak1D F1="1.604271" intensity="3.227493e-001" type="0"/>
    <Peak1D F1="1.598384" intensity="2.958985e-001" type="0"/>
    <Peak1D F1="1.588469" intensity="2.137533e-001" type="0"/>
    <Peak1D F1="1.569235" intensity="1.891266e-001" type="0"/>
    <Peak1D F1="1.552858" intensity="2.058243e-001" type="0"/>
    <Peak1D F1="1.543088" intensity="2.250199e-001" type="0"/>
    <Peak1D F1="1.529712" intensity="2.874945e-001" type="0"/>
    <Peak1D F1="1.524618" intensity="2.981298e-001" type="0"/>
    <Peak1D F1="1.519652" intensity="3.107188e-001" type="0"/>
    <Peak1D F1="1.502165" intensity="4.156759e-001" type="0"/>
    <Peak1D F1="1.489852" intensity="4.198854e-001" type="0"/>
    <Peak1D F1="1.478604" intensity="3.377271e-001" type="0"/>
    <Peak1D F1="1.473858" intensity="3.519554e-001" type="0"/>
    <Peak1D F1="1.455639" intensity="2.616142e-001" type="0"/>
    <Peak1D F1="1.436896" intensity="1.031344e-001" type="0"/>
    <Peak1D F1="1.425864" intensity="9.394163e-002" type="0"/>
    <Peak1D F1="1.420862" intensity="8.483509e-002" type="0"/>
    <Peak1D F1="1.399865" intensity="5.732434e-002" type="0"/>
    <Peak1D F1="1.372575" intensity="6.521298e-002" type="0"/>
    <Peak1D F1="1.354895" intensity="5.924778e-002" type="0"/>
    <Peak1D F1="1.174970" intensity="9.703320e-002" type="0"/>
    <Peak1D F1="1.063279" intensity="1.666203e-002" type="0"/>
    <Peak1D F1="1.016805" intensity="1.513163e-002" type="0"/>
    <Peak1D F1="1.003446" intensity="1.482981e-002" type="0"/>
    <Peak1D F1="0.923640" intensity="1.197847e-002" type="0"/>
    <Peak1D F1="0.892636" intensity="1.073439e-002" type="0"/>
    <Peak1D F1="0.874488" intensity="1.041317e-002" type="0"/>
    <Peak1D F1="0.854981" intensity="1.049780e-002" type="0"/>
    <Peak1D F1="0.785129" intensity="3.028380e-002" type="0"/>
    <Peak1D F1="0.767512" intensity="2.851746e-002" type="0"/>
    <Peak1D F1="0.686582" intensity="8.819900e-003" type="0"/>
    <Peak1D F1="0.667135" intensity="1.032334e-002" type="0"/>
    <Peak1D F1="0.647863" intensity="9.926492e-003" type="0"/>
    <Peak1D F1="0.548470" intensity="5.087437e-003" type="0"/>
    <Peak1D F1="0.525707" intensity="4.616708e-003" type="0"/>
    <Peak1D F1="0.508065" intensity="4.232812e-003" type="0"/>
    <Peak1D F1="0.490417" intensity="4.051438e-003" type="0"/>
    <Peak1D F1="0.481142" intensity="3.940389e-003" type="0"/>
    <Peak1D F1="0.418181" intensity="3.908684e-003" type="0"/>
    <Peak1D F1="0.402783" intensity="3.389813e-003" type="0"/>
    <Peak1D F1="0.368951" intensity="3.207013e-003" type="0"/>
    <Peak1D F1="0.333755" intensity="2.975612e-003" type="0"/>
    <Peak1D F1="0.318862" intensity="2.950900e-003" type="0"/>
    <Peak1D F1="0.313713" intensity="2.974561e-003" type="0"/>
    <Peak1D F1="0.262330" intensity="2.292707e-003" type="0"/>
    <Peak1D F1="0.233882" intensity="2.875682e-003" type="0"/>
    <Peak1D F1="0.225021" intensity="2.978938e-003" type="0"/>
    <Peak1D F1="0.219354" intensity="2.394411e-003" type="0"/>
    <Peak1D F1="0.177241" intensity="2.224992e-003" type="0"/>
    <Peak1D F1="0.159939" intensity="1.911355e-003" type="0"/>
    <Peak1D F1="0.149548" intensity="2.113174e-003" type="0"/>
    <Peak1D F1="0.093702" intensity="1.796531e-003" type="0"/>
    <Peak1D F1="0.080424" intensity="1.801152e-003" type="0"/>
    <Peak1D F1="0.044211" intensity="3.060654e-003" type="0"/>
    <Peak1D F1="0.012456" intensity="5.704061e-002" type="0"/>
    <Peak1D F1="-0.000151" intensity="1.046387e-001" type="0"/>
    <Peak1D F1="-0.005705" intensity="9.518428e-002" type="0"/>
    <Peak1D F1="-0.024857" intensity="3.296214e-003" type="0"/>
    <Peak1D F1="-0.036177" intensity="4.115817e-003" type="0"/>
    <Peak1D F1="-0.090225" intensity="1.788968e-003" type="0"/>
    <Peak1D F1="-0.122845" intensity="1.683588e-003" type="0"/>
    <Peak1D F1="-0.147915" intensity="1.953488e-003" type="0"/>
    <Peak1D F1="-0.154461" intensity="1.819894e-003" type="0"/>
    <Peak1D F1="-0.172952" intensity="1.730310e-003" type="0"/>
    <Peak1D F1="-3.145565" intensity="1.802040e-003" type="0"/>
    <Peak1D F1="-3.306793" intensity="1.656973e-003" type="0"/>
    <Peak1D F1="-3.310168" intensity="1.643647e-003" type="0"/>
    <Peak1D F1="-3.329527" intensity="2.084338e-003" type="0"/>
    <Peak1D F1="-3.362593" intensity="1.719193e-003" type="0"/>
    <Peak1D F1="-3.377307" intensity="1.752918e-003" type="0"/>
    <Peak1D F1="-3.414894" intensity="1.965572e-003" type="0"/>
    <Peak1D F1="-3.460680" intensity="2.161734e-003" type="0"/>
    <Peak1D F1="-3.472011" intensity="1.936942e-003" type="0"/>
    <Peak1D F1="-3.499787" intensity="1.796862e-003" type="0"/>
    <Peak1D F1="-3.548159" intensity="1.896574e-003" type="0"/>
    <Peak1D F1="-3.588127" intensity="2.187986e-003" type="0"/>
    <Peak1D F1="-3.629833" intensity="1.861576e-003" type="0"/>
    <Peak1D F1="-3.670108" intensity="1.978895e-003" type="0"/>
    <Peak1D F1="-3.685298" intensity="2.121696e-003" type="0"/>
    <Peak1D F1="-3.770647" intensity="1.929641e-003" type="0"/>
    <Peak1D F1="-3.812412" intensity="1.949500e-003" type="0"/>
  </PeakList1D>
</PeakList>
