<?xml version="1.0" encoding="UTF-8"?>
<PeakList>
  <PeakList1D>
    <PeakList1DHeader creator="nmr" date="2021-04-13T16:22:29.545+03:00" expNo="20" name="ID-339-Crude-13.04.21" owner="" procNo="1" source="//132.72.8.180/400b/Milo/Milo">
      <PeakPickDetails>F1=16.189520ppm, F2=-3.839527ppm, MI=0.00cm, MAXI=10000.00cm, PC=1.000
      </PeakPickDetails>
    </PeakList1DHeader>
    <Peak1D F1="14.113171" intensity="1.494460e+001" type="0"/>
    <Peak1D F1="-1.116204" intensity="1.500000e+001" type="0"/>
    <Peak1D F1="-2.250463" intensity="1.453907e+001" type="0"/>
  </PeakList1D>
</PeakList>
