<?xml version="1.0" encoding="UTF-8"?>
<PeakList>
  <PeakList1D>
    <PeakList1DHeader creator="nmr" date="2021-08-02T21:48:25.865+03:00" expNo="20" name="ID-421-M" owner="" procNo="1" source="//132.72.8.180/400b/Milo/Milo">
      <PeakPickDetails>F1=16.099859ppm, F2=-3.929186ppm, MI=0.00cm, MAXI=10000.00cm, PC=1.000
      </PeakPickDetails>
    </PeakList1DHeader>
    <Peak1D F1="11.457981" intensity="4.496272e-003" type="0"/>
    <Peak1D F1="10.093833" intensity="3.695481e-002" type="0"/>
    <Peak1D F1="8.393128" intensity="4.650958e-003" type="0"/>
    <Peak1D F1="8.364285" intensity="8.514295e-003" type="0"/>
    <Peak1D F1="8.341206" intensity="3.460065e-002" type="0"/>
    <Peak1D F1="8.319634" intensity="3.064637e-002" type="0"/>
    <Peak1D F1="8.245876" intensity="1.974382e-002" type="0"/>
    <Peak1D F1="8.228541" intensity="6.215996e-002" type="0"/>
    <Peak1D F1="8.208192" intensity="1.506216e-001" type="0"/>
    <Peak1D F1="8.186681" intensity="1.446804e-001" type="0"/>
    <Peak1D F1="8.163442" intensity="3.591778e-001" type="0"/>
    <Peak1D F1="8.158081" intensity="2.233078e+000" type="0"/>
    <Peak1D F1="8.153258" intensity="1.061848e+000" type="0"/>
    <Peak1D F1="8.140714" intensity="7.936431e-001" type="0"/>
    <Peak1D F1="8.136236" intensity="2.452719e+000" type="0"/>
    <Peak1D F1="8.130737" intensity="6.776980e-001" type="0"/>
    <Peak1D F1="8.111793" intensity="1.420918e-001" type="0"/>
    <Peak1D F1="8.101783" intensity="5.327654e-002" type="0"/>
    <Peak1D F1="8.090422" intensity="1.449349e-001" type="0"/>
    <Peak1D F1="8.040913" intensity="7.387587e-003" type="0"/>
    <Peak1D F1="8.019645" intensity="3.543306e-002" type="0"/>
    <Peak1D F1="8.014904" intensity="1.313753e-002" type="0"/>
    <Peak1D F1="7.998162" intensity="3.006554e-002" type="0"/>
    <Peak1D F1="7.948034" intensity="9.649792e-003" type="0"/>
    <Peak1D F1="7.927505" intensity="9.694191e-003" type="0"/>
    <Peak1D F1="7.921078" intensity="1.151720e-002" type="0"/>
    <Peak1D F1="7.913265" intensity="7.942231e-003" type="0"/>
    <Peak1D F1="7.895715" intensity="1.079321e-002" type="0"/>
    <Peak1D F1="7.882946" intensity="4.535215e-002" type="0"/>
    <Peak1D F1="7.875873" intensity="3.912473e-002" type="0"/>
    <Peak1D F1="7.861415" intensity="4.711279e-002" type="0"/>
    <Peak1D F1="7.854386" intensity="4.200855e-002" type="0"/>
    <Peak1D F1="7.835719" intensity="1.416211e-002" type="0"/>
    <Peak1D F1="7.818941" intensity="7.912089e-003" type="0"/>
    <Peak1D F1="7.803640" intensity="1.201959e-002" type="0"/>
    <Peak1D F1="7.781696" intensity="8.361971e-003" type="0"/>
    <Peak1D F1="7.680604" intensity="1.501095e-002" type="0"/>
    <Peak1D F1="7.662845" intensity="3.560356e-002" type="0"/>
    <Peak1D F1="7.641845" intensity="8.563034e-002" type="0"/>
    <Peak1D F1="7.630565" intensity="4.632444e-002" type="0"/>
    <Peak1D F1="7.623987" intensity="6.368493e-002" type="0"/>
    <Peak1D F1="7.620256" intensity="7.365461e-002" type="0"/>
    <Peak1D F1="7.608721" intensity="7.647533e-002" type="0"/>
    <Peak1D F1="7.586091" intensity="4.679517e-002" type="0"/>
    <Peak1D F1="7.575319" intensity="2.493974e-002" type="0"/>
    <Peak1D F1="7.553270" intensity="2.744854e-002" type="0"/>
    <Peak1D F1="7.542872" intensity="5.227152e-002" type="0"/>
    <Peak1D F1="7.530234" intensity="6.200388e-002" type="0"/>
    <Peak1D F1="7.525848" intensity="5.607789e-002" type="0"/>
    <Peak1D F1="7.520386" intensity="7.400463e-002" type="0"/>
    <Peak1D F1="7.508821" intensity="8.278106e-002" type="0"/>
    <Peak1D F1="7.503766" intensity="7.945483e-002" type="0"/>
    <Peak1D F1="7.485769" intensity="3.699964e-001" type="0"/>
    <Peak1D F1="7.480072" intensity="2.369528e+000" type="0"/>
    <Peak1D F1="7.475301" intensity="7.593893e-001" type="0"/>
    <Peak1D F1="7.462669" intensity="1.084405e+000" type="0"/>
    <Peak1D F1="7.458115" intensity="2.288844e+000" type="0"/>
    <Peak1D F1="7.440612" intensity="3.290820e-001" type="0"/>
    <Peak1D F1="7.429967" intensity="5.153110e-002" type="0"/>
    <Peak1D F1="7.408032" intensity="3.979060e-002" type="0"/>
    <Peak1D F1="7.378526" intensity="5.826931e-003" type="0"/>
    <Peak1D F1="7.345371" intensity="7.833543e-003" type="0"/>
    <Peak1D F1="7.323865" intensity="2.644254e-002" type="0"/>
    <Peak1D F1="7.315877" intensity="2.051500e-002" type="0"/>
    <Peak1D F1="7.298464" intensity="1.332288e-002" type="0"/>
    <Peak1D F1="7.273117" intensity="2.609808e-002" type="0"/>
    <Peak1D F1="7.244892" intensity="3.673002e-001" type="0"/>
    <Peak1D F1="7.233022" intensity="4.392213e-002" type="0"/>
    <Peak1D F1="7.194994" intensity="2.094669e+001" type="0"/>
    <Peak1D F1="7.164748" intensity="1.883562e-002" type="0"/>
    <Peak1D F1="7.144771" intensity="2.952244e-001" type="0"/>
    <Peak1D F1="7.094839" intensity="1.158807e-002" type="0"/>
    <Peak1D F1="6.958531" intensity="1.359060e-001" type="0"/>
    <Peak1D F1="6.937082" intensity="1.314275e-001" type="0"/>
    <Peak1D F1="6.930968" intensity="1.291082e-001" type="0"/>
    <Peak1D F1="6.917045" intensity="1.867479e-002" type="0"/>
    <Peak1D F1="6.911539" intensity="4.300845e-002" type="0"/>
    <Peak1D F1="6.896739" intensity="5.238687e-002" type="0"/>
    <Peak1D F1="6.890142" intensity="4.924171e-002" type="0"/>
    <Peak1D F1="6.875524" intensity="5.484257e-002" type="0"/>
    <Peak1D F1="6.870667" intensity="9.619804e-002" type="0"/>
    <Peak1D F1="6.849346" intensity="8.644198e-002" type="0"/>
    <Peak1D F1="6.830651" intensity="9.190923e-003" type="0"/>
    <Peak1D F1="6.770078" intensity="6.700428e-003" type="0"/>
    <Peak1D F1="6.748863" intensity="6.153313e-003" type="0"/>
    <Peak1D F1="6.706233" intensity="1.471424e-002" type="0"/>
    <Peak1D F1="6.672207" intensity="6.110014e-003" type="0"/>
    <Peak1D F1="6.313548" intensity="6.531226e-003" type="0"/>
    <Peak1D F1="6.216628" intensity="6.408497e-003" type="0"/>
    <Peak1D F1="6.117868" intensity="1.117288e-001" type="0"/>
    <Peak1D F1="6.068388" intensity="3.944074e-002" type="0"/>
    <Peak1D F1="6.017971" intensity="2.207842e+000" type="0"/>
    <Peak1D F1="5.967752" intensity="3.227660e-002" type="0"/>
    <Peak1D F1="5.929089" intensity="1.444646e-002" type="0"/>
    <Peak1D F1="5.918183" intensity="1.345068e-002" type="0"/>
    <Peak1D F1="5.785593" intensity="1.468577e-002" type="0"/>
    <Peak1D F1="5.776779" intensity="1.496378e-002" type="0"/>
    <Peak1D F1="5.733215" intensity="5.527776e-003" type="0"/>
    <Peak1D F1="5.631170" intensity="1.592114e-002" type="0"/>
    <Peak1D F1="5.603413" intensity="1.601936e-002" type="0"/>
    <Peak1D F1="5.486835" intensity="1.379578e-002" type="0"/>
    <Peak1D F1="5.410680" intensity="8.147496e-003" type="0"/>
    <Peak1D F1="5.398823" intensity="7.066526e-003" type="0"/>
    <Peak1D F1="5.355676" intensity="1.604137e-001" type="0"/>
    <Peak1D F1="5.348238" intensity="1.549374e-001" type="0"/>
    <Peak1D F1="5.309167" intensity="5.163402e-003" type="0"/>
    <Peak1D F1="5.298736" intensity="4.971517e-003" type="0"/>
    <Peak1D F1="5.100430" intensity="5.835875e-003" type="0"/>
    <Peak1D F1="5.084320" intensity="6.396707e-003" type="0"/>
    <Peak1D F1="4.969629" intensity="9.099102e-003" type="0"/>
    <Peak1D F1="4.946593" intensity="1.127943e-002" type="0"/>
    <Peak1D F1="4.916804" intensity="6.337456e-003" type="0"/>
    <Peak1D F1="4.890351" intensity="1.320657e-002" type="0"/>
    <Peak1D F1="4.869224" intensity="1.776895e-002" type="0"/>
    <Peak1D F1="4.852950" intensity="1.997704e-002" type="0"/>
    <Peak1D F1="4.840626" intensity="3.513332e-002" type="0"/>
    <Peak1D F1="4.818130" intensity="4.312313e-002" type="0"/>
    <Peak1D F1="4.790625" intensity="1.248087e+000" type="0"/>
    <Peak1D F1="4.767837" intensity="1.272296e+000" type="0"/>
    <Peak1D F1="4.740232" intensity="5.299072e-002" type="0"/>
    <Peak1D F1="4.717610" intensity="6.417837e-002" type="0"/>
    <Peak1D F1="4.660621" intensity="7.132932e-002" type="0"/>
    <Peak1D F1="4.607250" intensity="5.185601e-002" type="0"/>
    <Peak1D F1="4.585871" intensity="3.702078e-002" type="0"/>
    <Peak1D F1="4.352205" intensity="5.347519e-003" type="0"/>
    <Peak1D F1="4.344934" intensity="5.273652e-003" type="0"/>
    <Peak1D F1="4.321292" intensity="5.395541e-003" type="0"/>
    <Peak1D F1="4.219116" intensity="4.991377e-003" type="0"/>
    <Peak1D F1="3.978064" intensity="7.238140e-003" type="0"/>
    <Peak1D F1="3.948990" intensity="9.470053e-003" type="0"/>
    <Peak1D F1="3.877662" intensity="4.745086e-002" type="0"/>
    <Peak1D F1="3.860457" intensity="9.065317e-003" type="0"/>
    <Peak1D F1="3.843538" intensity="5.167745e-002" type="0"/>
    <Peak1D F1="3.827180" intensity="5.761949e-001" type="0"/>
    <Peak1D F1="3.811053" intensity="3.707533e-001" type="0"/>
    <Peak1D F1="3.796224" intensity="1.843513e-001" type="0"/>
    <Peak1D F1="3.791998" intensity="1.845696e-001" type="0"/>
    <Peak1D F1="3.778860" intensity="1.423264e-001" type="0"/>
    <Peak1D F1="3.771045" intensity="4.098861e-001" type="0"/>
    <Peak1D F1="3.750753" intensity="1.353501e-001" type="0"/>
    <Peak1D F1="3.744954" intensity="2.252146e-001" type="0"/>
    <Peak1D F1="3.722833" intensity="6.243142e-002" type="0"/>
    <Peak1D F1="3.700526" intensity="6.796435e+000" type="0"/>
    <Peak1D F1="3.650337" intensity="1.029661e-001" type="0"/>
    <Peak1D F1="3.627150" intensity="5.620281e-003" type="0"/>
    <Peak1D F1="3.615494" intensity="5.694723e-003" type="0"/>
    <Peak1D F1="3.518272" intensity="3.620040e-002" type="0"/>
    <Peak1D F1="3.417352" intensity="1.682546e-002" type="0"/>
    <Peak1D F1="3.175146" intensity="4.356195e-003" type="0"/>
    <Peak1D F1="3.128176" intensity="7.501193e-003" type="0"/>
    <Peak1D F1="2.960010" intensity="1.109645e-002" type="0"/>
    <Peak1D F1="2.952550" intensity="9.959053e-003" type="0"/>
    <Peak1D F1="2.941840" intensity="2.178083e-002" type="0"/>
    <Peak1D F1="2.935223" intensity="2.094516e-002" type="0"/>
    <Peak1D F1="2.924102" intensity="1.114644e-002" type="0"/>
    <Peak1D F1="2.916149" intensity="1.135727e-002" type="0"/>
    <Peak1D F1="2.734047" intensity="1.142650e-002" type="0"/>
    <Peak1D F1="2.710593" intensity="9.204299e-003" type="0"/>
    <Peak1D F1="2.692723" intensity="5.856641e-003" type="0"/>
    <Peak1D F1="2.638395" intensity="5.293972e-003" type="0"/>
    <Peak1D F1="2.573000" intensity="6.586492e-003" type="0"/>
    <Peak1D F1="2.549405" intensity="8.653436e-003" type="0"/>
    <Peak1D F1="2.521325" intensity="6.716709e-003" type="0"/>
    <Peak1D F1="2.475883" intensity="1.364818e-002" type="0"/>
    <Peak1D F1="2.436147" intensity="2.055190e-001" type="0"/>
    <Peak1D F1="2.431594" intensity="2.367466e-001" type="0"/>
    <Peak1D F1="2.415311" intensity="2.565984e-001" type="0"/>
    <Peak1D F1="2.410673" intensity="2.613511e-001" type="0"/>
    <Peak1D F1="2.387118" intensity="3.465742e-001" type="0"/>
    <Peak1D F1="2.362214" intensity="3.890890e-001" type="0"/>
    <Peak1D F1="2.350795" intensity="2.568787e-001" type="0"/>
    <Peak1D F1="2.327868" intensity="4.194304e-001" type="0"/>
    <Peak1D F1="2.320514" intensity="2.491522e-001" type="0"/>
    <Peak1D F1="2.317119" intensity="2.295596e-001" type="0"/>
    <Peak1D F1="2.308116" intensity="3.489825e-001" type="0"/>
    <Peak1D F1="2.304742" intensity="2.948236e-001" type="0"/>
    <Peak1D F1="2.297691" intensity="3.956601e-001" type="0"/>
    <Peak1D F1="2.277711" intensity="2.518644e-001" type="0"/>
    <Peak1D F1="2.275013" intensity="2.342081e-001" type="0"/>
    <Peak1D F1="2.265237" intensity="6.374915e-002" type="0"/>
    <Peak1D F1="2.250977" intensity="3.864866e-001" type="0"/>
    <Peak1D F1="2.236230" intensity="1.064430e-001" type="0"/>
    <Peak1D F1="2.228781" intensity="4.344662e-001" type="0"/>
    <Peak1D F1="2.224779" intensity="4.472653e-001" type="0"/>
    <Peak1D F1="2.202054" intensity="5.652037e-001" type="0"/>
    <Peak1D F1="2.194548" intensity="1.217692e-001" type="0"/>
    <Peak1D F1="2.180673" intensity="3.130656e-001" type="0"/>
    <Peak1D F1="2.176091" intensity="3.119197e-001" type="0"/>
    <Peak1D F1="2.165355" intensity="1.574949e-001" type="0"/>
    <Peak1D F1="2.153385" intensity="4.251270e-001" type="0"/>
    <Peak1D F1="2.145733" intensity="4.075796e-001" type="0"/>
    <Peak1D F1="2.133154" intensity="3.190722e-001" type="0"/>
    <Peak1D F1="2.115436" intensity="4.466952e+000" type="0"/>
    <Peak1D F1="2.095703" intensity="1.423493e+001" type="0"/>
    <Peak1D F1="2.084320" intensity="3.737591e+000" type="0"/>
    <Peak1D F1="2.076961" intensity="7.033776e+000" type="0"/>
    <Peak1D F1="2.069623" intensity="1.078832e+000" type="0"/>
    <Peak1D F1="2.061378" intensity="4.321851e-001" type="0"/>
    <Peak1D F1="2.055915" intensity="3.606763e-001" type="0"/>
    <Peak1D F1="2.050210" intensity="3.751773e-001" type="0"/>
    <Peak1D F1="2.045979" intensity="3.918234e-001" type="0"/>
    <Peak1D F1="2.027065" intensity="1.822367e-001" type="0"/>
    <Peak1D F1="2.020436" intensity="1.139669e-001" type="0"/>
    <Peak1D F1="1.985853" intensity="2.330423e-001" type="0"/>
    <Peak1D F1="1.969281" intensity="2.736013e-001" type="0"/>
    <Peak1D F1="1.958524" intensity="4.825678e-001" type="0"/>
    <Peak1D F1="1.953497" intensity="4.594479e-001" type="0"/>
    <Peak1D F1="1.948176" intensity="4.965044e-001" type="0"/>
    <Peak1D F1="1.941239" intensity="7.510157e-001" type="0"/>
    <Peak1D F1="1.932070" intensity="8.800839e-001" type="0"/>
    <Peak1D F1="1.925397" intensity="9.424138e-001" type="0"/>
    <Peak1D F1="1.920435" intensity="9.472569e-001" type="0"/>
    <Peak1D F1="1.910338" intensity="7.237042e+000" type="0"/>
    <Peak1D F1="1.899111" intensity="5.950250e+000" type="0"/>
    <Peak1D F1="1.890836" intensity="1.500000e+001" type="0"/>
    <Peak1D F1="1.882196" intensity="5.129045e+000" type="0"/>
    <Peak1D F1="1.880109" intensity="5.450789e+000" type="0"/>
    <Peak1D F1="1.871317" intensity="4.698330e+000" type="0"/>
    <Peak1D F1="1.859345" intensity="5.922611e-001" type="0"/>
    <Peak1D F1="1.849046" intensity="3.464214e-001" type="0"/>
    <Peak1D F1="1.840849" intensity="3.340820e-001" type="0"/>
    <Peak1D F1="1.833038" intensity="1.516307e-001" type="0"/>
    <Peak1D F1="1.821240" intensity="1.268064e-001" type="0"/>
    <Peak1D F1="1.809738" intensity="6.108151e-002" type="0"/>
    <Peak1D F1="1.791642" intensity="5.886253e-002" type="0"/>
    <Peak1D F1="1.759128" intensity="6.588644e-002" type="0"/>
    <Peak1D F1="1.745116" intensity="1.421350e-001" type="0"/>
    <Peak1D F1="1.729499" intensity="1.911655e-001" type="0"/>
    <Peak1D F1="1.724052" intensity="2.070159e-001" type="0"/>
    <Peak1D F1="1.717131" intensity="2.145899e-001" type="0"/>
    <Peak1D F1="1.708321" intensity="2.450097e-001" type="0"/>
    <Peak1D F1="1.701267" intensity="3.730465e-001" type="0"/>
    <Peak1D F1="1.697492" intensity="3.319698e-001" type="0"/>
    <Peak1D F1="1.689187" intensity="2.764702e-001" type="0"/>
    <Peak1D F1="1.681656" intensity="8.349947e-001" type="0"/>
    <Peak1D F1="1.676847" intensity="4.742170e-001" type="0"/>
    <Peak1D F1="1.671097" intensity="5.265602e-001" type="0"/>
    <Peak1D F1="1.658186" intensity="7.502608e-001" type="0"/>
    <Peak1D F1="1.653505" intensity="6.333260e-001" type="0"/>
    <Peak1D F1="1.642379" intensity="4.549344e-001" type="0"/>
    <Peak1D F1="1.637685" intensity="5.002244e-001" type="0"/>
    <Peak1D F1="1.633073" intensity="3.712001e-001" type="0"/>
    <Peak1D F1="1.626573" intensity="2.284655e-001" type="0"/>
    <Peak1D F1="1.621768" intensity="2.390575e-001" type="0"/>
    <Peak1D F1="1.617449" intensity="2.301956e-001" type="0"/>
    <Peak1D F1="1.602279" intensity="7.754175e-002" type="0"/>
    <Peak1D F1="1.586899" intensity="7.271235e-002" type="0"/>
    <Peak1D F1="1.570106" intensity="6.870794e-002" type="0"/>
    <Peak1D F1="1.549345" intensity="7.215551e-002" type="0"/>
    <Peak1D F1="1.534952" intensity="2.336141e-001" type="0"/>
    <Peak1D F1="1.519633" intensity="1.703314e-001" type="0"/>
    <Peak1D F1="1.512244" intensity="2.010484e-001" type="0"/>
    <Peak1D F1="1.500820" intensity="3.898222e-001" type="0"/>
    <Peak1D F1="1.491897" intensity="1.470774e-001" type="0"/>
    <Peak1D F1="1.483288" intensity="4.734173e-001" type="0"/>
    <Peak1D F1="1.470482" intensity="3.251758e-001" type="0"/>
    <Peak1D F1="1.453617" intensity="3.254484e-001" type="0"/>
    <Peak1D F1="1.441785" intensity="7.850401e-002" type="0"/>
    <Peak1D F1="1.435740" intensity="1.089607e-001" type="0"/>
    <Peak1D F1="1.423773" intensity="1.180320e-001" type="0"/>
    <Peak1D F1="1.403185" intensity="3.491431e-002" type="0"/>
    <Peak1D F1="1.361501" intensity="2.386811e-002" type="0"/>
    <Peak1D F1="1.351533" intensity="2.330795e-002" type="0"/>
    <Peak1D F1="1.339790" intensity="2.648067e-002" type="0"/>
    <Peak1D F1="1.321744" intensity="2.626837e-002" type="0"/>
    <Peak1D F1="1.309798" intensity="2.842296e-002" type="0"/>
    <Peak1D F1="1.294591" intensity="2.979200e-002" type="0"/>
    <Peak1D F1="1.264252" intensity="3.797980e-002" type="0"/>
    <Peak1D F1="1.237499" intensity="6.082221e-002" type="0"/>
    <Peak1D F1="1.186054" intensity="1.768524e-001" type="0"/>
    <Peak1D F1="1.155405" intensity="2.095495e-002" type="0"/>
    <Peak1D F1="1.092810" intensity="1.025603e-002" type="0"/>
    <Peak1D F1="1.058361" intensity="9.574750e-003" type="0"/>
    <Peak1D F1="1.044927" intensity="9.502487e-003" type="0"/>
    <Peak1D F1="1.030825" intensity="8.597104e-003" type="0"/>
    <Peak1D F1="0.954119" intensity="6.949769e-003" type="0"/>
    <Peak1D F1="0.928147" intensity="7.424559e-003" type="0"/>
    <Peak1D F1="0.879188" intensity="6.851608e-003" type="0"/>
    <Peak1D F1="0.825876" intensity="2.647517e-002" type="0"/>
    <Peak1D F1="0.810088" intensity="4.968704e-002" type="0"/>
    <Peak1D F1="0.791718" intensity="2.500444e-002" type="0"/>
    <Peak1D F1="0.782469" intensity="1.950092e-002" type="0"/>
    <Peak1D F1="0.699806" intensity="5.343302e-003" type="0"/>
    <Peak1D F1="0.655543" intensity="4.383356e-003" type="0"/>
    <Peak1D F1="0.628825" intensity="4.624239e-003" type="0"/>
    <Peak1D F1="0.602869" intensity="4.494976e-003" type="0"/>
    <Peak1D F1="0.591913" intensity="5.462514e-003" type="0"/>
    <Peak1D F1="0.527153" intensity="4.628947e-003" type="0"/>
    <Peak1D F1="0.433254" intensity="4.831335e-003" type="0"/>
    <Peak1D F1="0.383541" intensity="4.839102e-003" type="0"/>
    <Peak1D F1="0.321528" intensity="4.311327e-003" type="0"/>
    <Peak1D F1="0.061817" intensity="4.601171e-003" type="0"/>
    <Peak1D F1="0.050053" intensity="1.358021e-002" type="0"/>
    <Peak1D F1="0.017203" intensity="1.128939e-002" type="0"/>
    <Peak1D F1="0.008601" intensity="2.947885e-002" type="0"/>
    <Peak1D F1="-0.000153" intensity="6.687961e-001" type="0"/>
    <Peak1D F1="-0.009347" intensity="2.642692e-002" type="0"/>
    <Peak1D F1="-0.050299" intensity="1.197280e-002" type="0"/>
    <Peak1D F1="-3.688520" intensity="4.557576e-003" type="0"/>
  </PeakList1D>
</PeakList>
