<?xml version="1.0" encoding="UTF-8"?>
<PeakList>
  <PeakList1D>
    <PeakList1DHeader creator="nmr" date="2021-08-21T20:45:49.557+03:00" expNo="20" name="ID-427-C-21.8.21" owner="" procNo="1" source="//132.72.8.180/400b/Milo/Milo">
      <PeakPickDetails>F1=16.141371ppm, F2=-3.887675ppm, MI=0.00cm, MAXI=10000.00cm, PC=1.000
      </PeakPickDetails>
    </PeakList1DHeader>
    <Peak1D F1="13.566185" intensity="9.612254e-004" type="0"/>
    <Peak1D F1="12.419168" intensity="9.360892e-004" type="0"/>
    <Peak1D F1="12.270967" intensity="1.352286e-003" type="0"/>
    <Peak1D F1="12.245831" intensity="1.016175e-003" type="0"/>
    <Peak1D F1="11.928715" intensity="1.162585e-003" type="0"/>
    <Peak1D F1="11.773563" intensity="9.747147e-004" type="0"/>
    <Peak1D F1="11.761041" intensity="9.362802e-004" type="0"/>
    <Peak1D F1="11.611584" intensity="9.656846e-004" type="0"/>
    <Peak1D F1="11.372254" intensity="9.511128e-004" type="0"/>
    <Peak1D F1="10.541517" intensity="9.648463e-004" type="0"/>
    <Peak1D F1="10.489704" intensity="9.510742e-004" type="0"/>
    <Peak1D F1="10.468972" intensity="9.872561e-004" type="0"/>
    <Peak1D F1="10.317373" intensity="5.761813e-003" type="0"/>
    <Peak1D F1="10.311307" intensity="6.762577e-003" type="0"/>
    <Peak1D F1="10.263237" intensity="1.415793e-003" type="0"/>
    <Peak1D F1="10.227166" intensity="2.316707e-003" type="0"/>
    <Peak1D F1="10.146959" intensity="2.591230e-002" type="0"/>
    <Peak1D F1="10.140558" intensity="1.965215e-002" type="0"/>
    <Peak1D F1="10.134420" intensity="1.738388e-002" type="0"/>
    <Peak1D F1="10.128653" intensity="2.298425e-002" type="0"/>
    <Peak1D F1="10.121573" intensity="2.261980e-002" type="0"/>
    <Peak1D F1="10.097156" intensity="9.888312e-001" type="0"/>
    <Peak1D F1="10.090663" intensity="1.168250e+000" type="0"/>
    <Peak1D F1="10.085028" intensity="5.804657e-001" type="0"/>
    <Peak1D F1="10.058602" intensity="1.225330e-002" type="0"/>
    <Peak1D F1="10.047025" intensity="2.184268e-002" type="0"/>
    <Peak1D F1="10.040784" intensity="1.452652e-002" type="0"/>
    <Peak1D F1="10.030424" intensity="9.248793e-003" type="0"/>
    <Peak1D F1="9.870748" intensity="5.082018e-003" type="0"/>
    <Peak1D F1="9.863903" intensity="6.144302e-003" type="0"/>
    <Peak1D F1="8.547523" intensity="4.946556e-003" type="0"/>
    <Peak1D F1="8.525912" intensity="5.202788e-003" type="0"/>
    <Peak1D F1="8.390135" intensity="2.401260e-002" type="0"/>
    <Peak1D F1="8.383249" intensity="2.124031e-002" type="0"/>
    <Peak1D F1="8.368537" intensity="3.744511e-002" type="0"/>
    <Peak1D F1="8.360877" intensity="3.643723e-002" type="0"/>
    <Peak1D F1="8.340067" intensity="7.038289e-001" type="0"/>
    <Peak1D F1="8.332994" intensity="8.745205e-001" type="0"/>
    <Peak1D F1="8.327814" intensity="6.409708e-001" type="0"/>
    <Peak1D F1="8.318521" intensity="1.044757e+000" type="0"/>
    <Peak1D F1="8.311339" intensity="9.953967e-001" type="0"/>
    <Peak1D F1="8.305505" intensity="5.938175e-001" type="0"/>
    <Peak1D F1="8.268608" intensity="2.577842e-002" type="0"/>
    <Peak1D F1="8.261285" intensity="1.851551e-002" type="0"/>
    <Peak1D F1="8.253800" intensity="1.537442e-002" type="0"/>
    <Peak1D F1="8.250325" intensity="1.565327e-002" type="0"/>
    <Peak1D F1="8.234912" intensity="1.974958e-002" type="0"/>
    <Peak1D F1="8.229639" intensity="2.161847e-002" type="0"/>
    <Peak1D F1="8.225223" intensity="2.224585e-002" type="0"/>
    <Peak1D F1="8.215902" intensity="2.207701e-002" type="0"/>
    <Peak1D F1="8.210490" intensity="2.577875e-002" type="0"/>
    <Peak1D F1="8.206080" intensity="2.988025e-002" type="0"/>
    <Peak1D F1="8.198558" intensity="3.324033e-002" type="0"/>
    <Peak1D F1="8.189042" intensity="2.934714e-002" type="0"/>
    <Peak1D F1="8.176754" intensity="3.889265e-002" type="0"/>
    <Peak1D F1="8.169107" intensity="3.185882e-002" type="0"/>
    <Peak1D F1="8.148664" intensity="3.615905e-001" type="0"/>
    <Peak1D F1="8.143611" intensity="3.231561e-001" type="0"/>
    <Peak1D F1="8.140345" intensity="4.493881e-001" type="0"/>
    <Peak1D F1="8.135271" intensity="3.417506e-001" type="0"/>
    <Peak1D F1="8.131786" intensity="4.049213e-001" type="0"/>
    <Peak1D F1="8.126802" intensity="6.211303e-001" type="0"/>
    <Peak1D F1="8.118443" intensity="5.228239e-001" type="0"/>
    <Peak1D F1="8.112442" intensity="3.182206e-001" type="0"/>
    <Peak1D F1="8.081746" intensity="4.856727e-002" type="0"/>
    <Peak1D F1="8.076634" intensity="4.968008e-002" type="0"/>
    <Peak1D F1="8.071408" intensity="3.780806e-002" type="0"/>
    <Peak1D F1="8.059560" intensity="6.267834e-002" type="0"/>
    <Peak1D F1="8.052308" intensity="9.294419e-002" type="0"/>
    <Peak1D F1="8.044103" intensity="1.220010e-001" type="0"/>
    <Peak1D F1="8.037302" intensity="2.511885e-001" type="0"/>
    <Peak1D F1="8.032136" intensity="1.074508e+000" type="0"/>
    <Peak1D F1="8.026769" intensity="1.485587e+000" type="0"/>
    <Peak1D F1="8.021730" intensity="9.672716e-001" type="0"/>
    <Peak1D F1="8.018041" intensity="6.643825e-001" type="0"/>
    <Peak1D F1="8.015587" intensity="6.036097e-001" type="0"/>
    <Peak1D F1="8.010105" intensity="1.143348e+000" type="0"/>
    <Peak1D F1="8.004691" intensity="1.193088e+000" type="0"/>
    <Peak1D F1="8.000411" intensity="6.312432e-001" type="0"/>
    <Peak1D F1="7.982175" intensity="3.743054e-002" type="0"/>
    <Peak1D F1="7.976733" intensity="3.134103e-002" type="0"/>
    <Peak1D F1="7.971551" intensity="2.121199e-002" type="0"/>
    <Peak1D F1="7.959814" intensity="2.183096e-002" type="0"/>
    <Peak1D F1="7.954504" intensity="1.862993e-002" type="0"/>
    <Peak1D F1="7.949481" intensity="1.408548e-002" type="0"/>
    <Peak1D F1="7.942916" intensity="2.208809e-002" type="0"/>
    <Peak1D F1="7.935058" intensity="2.743986e-002" type="0"/>
    <Peak1D F1="7.929355" intensity="2.193945e-002" type="0"/>
    <Peak1D F1="7.920975" intensity="3.207938e-002" type="0"/>
    <Peak1D F1="7.912952" intensity="3.026759e-002" type="0"/>
    <Peak1D F1="7.906620" intensity="1.967078e-002" type="0"/>
    <Peak1D F1="7.849771" intensity="2.191782e-003" type="0"/>
    <Peak1D F1="7.820256" intensity="5.012614e-003" type="0"/>
    <Peak1D F1="7.816036" intensity="5.642516e-003" type="0"/>
    <Peak1D F1="7.797855" intensity="5.039517e-003" type="0"/>
    <Peak1D F1="7.792588" intensity="3.904861e-003" type="0"/>
    <Peak1D F1="7.684583" intensity="3.165041e-003" type="0"/>
    <Peak1D F1="7.666214" intensity="3.339435e-003" type="0"/>
    <Peak1D F1="7.615233" intensity="1.892810e-002" type="0"/>
    <Peak1D F1="7.593035" intensity="2.157551e-002" type="0"/>
    <Peak1D F1="7.570116" intensity="1.336008e-002" type="0"/>
    <Peak1D F1="7.545304" intensity="3.134714e-002" type="0"/>
    <Peak1D F1="7.538978" intensity="3.912694e-002" type="0"/>
    <Peak1D F1="7.533698" intensity="3.411355e-002" type="0"/>
    <Peak1D F1="7.522820" intensity="4.336226e-002" type="0"/>
    <Peak1D F1="7.515994" intensity="5.484962e-002" type="0"/>
    <Peak1D F1="7.509919" intensity="5.627373e-002" type="0"/>
    <Peak1D F1="7.494178" intensity="1.401541e-001" type="0"/>
    <Peak1D F1="7.488546" intensity="4.621963e-001" type="0"/>
    <Peak1D F1="7.483161" intensity="6.341767e-001" type="0"/>
    <Peak1D F1="7.478454" intensity="4.719677e-001" type="0"/>
    <Peak1D F1="7.473141" intensity="3.597902e-001" type="0"/>
    <Peak1D F1="7.466565" intensity="5.252784e-001" type="0"/>
    <Peak1D F1="7.461368" intensity="5.779895e-001" type="0"/>
    <Peak1D F1="7.443450" intensity="7.080109e-002" type="0"/>
    <Peak1D F1="7.441111" intensity="7.558389e-002" type="0"/>
    <Peak1D F1="7.437227" intensity="8.463445e-002" type="0"/>
    <Peak1D F1="7.435483" intensity="8.549700e-002" type="0"/>
    <Peak1D F1="7.418586" intensity="6.979309e-002" type="0"/>
    <Peak1D F1="7.414907" intensity="7.520660e-002" type="0"/>
    <Peak1D F1="7.376702" intensity="1.436798e-002" type="0"/>
    <Peak1D F1="7.335248" intensity="1.420168e-002" type="0"/>
    <Peak1D F1="7.310173" intensity="2.537577e-002" type="0"/>
    <Peak1D F1="7.285317" intensity="1.703361e-001" type="0"/>
    <Peak1D F1="7.271145" intensity="1.163715e-001" type="0"/>
    <Peak1D F1="7.265816" intensity="1.794496e-001" type="0"/>
    <Peak1D F1="7.260814" intensity="1.957949e-001" type="0"/>
    <Peak1D F1="7.255650" intensity="1.884732e-001" type="0"/>
    <Peak1D F1="7.236575" intensity="6.847748e+000" type="0"/>
    <Peak1D F1="7.202662" intensity="1.642799e-002" type="0"/>
    <Peak1D F1="7.185419" intensity="1.263858e-001" type="0"/>
    <Peak1D F1="7.159003" intensity="1.264024e-003" type="0"/>
    <Peak1D F1="7.107932" intensity="2.015862e-002" type="0"/>
    <Peak1D F1="7.101831" intensity="2.772277e-002" type="0"/>
    <Peak1D F1="7.085798" intensity="2.533934e-002" type="0"/>
    <Peak1D F1="7.081079" intensity="2.706154e-002" type="0"/>
    <Peak1D F1="6.971820" intensity="3.424124e-002" type="0"/>
    <Peak1D F1="6.852108" intensity="5.238801e-003" type="0"/>
    <Peak1D F1="6.805537" intensity="3.658621e-002" type="0"/>
    <Peak1D F1="6.799692" intensity="3.802396e-002" type="0"/>
    <Peak1D F1="6.796143" intensity="3.962350e-002" type="0"/>
    <Peak1D F1="6.789050" intensity="5.261143e-002" type="0"/>
    <Peak1D F1="6.782944" intensity="6.960254e-002" type="0"/>
    <Peak1D F1="6.777152" intensity="6.296708e-002" type="0"/>
    <Peak1D F1="6.773920" intensity="6.459799e-002" type="0"/>
    <Peak1D F1="6.766680" intensity="6.751544e-002" type="0"/>
    <Peak1D F1="6.760271" intensity="6.578744e-002" type="0"/>
    <Peak1D F1="6.381577" intensity="1.040527e-003" type="0"/>
    <Peak1D F1="6.325448" intensity="6.530628e-003" type="0"/>
    <Peak1D F1="6.309758" intensity="2.846049e-003" type="0"/>
    <Peak1D F1="6.297479" intensity="2.696380e-003" type="0"/>
    <Peak1D F1="6.288557" intensity="2.263868e-003" type="0"/>
    <Peak1D F1="6.261530" intensity="2.988404e-003" type="0"/>
    <Peak1D F1="6.204384" intensity="5.959022e-002" type="0"/>
    <Peak1D F1="6.197598" intensity="6.060677e-002" type="0"/>
    <Peak1D F1="6.147810" intensity="7.388036e-003" type="0"/>
    <Peak1D F1="6.142498" intensity="7.273480e-003" type="0"/>
    <Peak1D F1="6.136298" intensity="7.937902e-003" type="0"/>
    <Peak1D F1="6.118016" intensity="2.973959e-002" type="0"/>
    <Peak1D F1="6.111280" intensity="3.295629e-002" type="0"/>
    <Peak1D F1="6.098806" intensity="1.303558e-001" type="0"/>
    <Peak1D F1="6.092412" intensity="1.632305e-001" type="0"/>
    <Peak1D F1="6.086758" intensity="9.398066e-002" type="0"/>
    <Peak1D F1="6.058499" intensity="3.389904e-002" type="0"/>
    <Peak1D F1="6.053339" intensity="5.303513e-002" type="0"/>
    <Peak1D F1="6.047406" intensity="6.211777e-002" type="0"/>
    <Peak1D F1="6.038495" intensity="1.333329e-001" type="0"/>
    <Peak1D F1="6.032000" intensity="1.553991e-001" type="0"/>
    <Peak1D F1="6.026139" intensity="9.993777e-002" type="0"/>
    <Peak1D F1="6.021849" intensity="8.906988e-002" type="0"/>
    <Peak1D F1="6.008914" intensity="8.557913e-001" type="0"/>
    <Peak1D F1="6.000761" intensity="8.157911e-001" type="0"/>
    <Peak1D F1="5.993328" intensity="3.832844e-001" type="0"/>
    <Peak1D F1="5.987872" intensity="3.015257e-001" type="0"/>
    <Peak1D F1="5.959595" intensity="2.031449e-002" type="0"/>
    <Peak1D F1="5.950928" intensity="1.398058e-002" type="0"/>
    <Peak1D F1="5.937862" intensity="2.438565e-002" type="0"/>
    <Peak1D F1="5.925083" intensity="1.923331e-002" type="0"/>
    <Peak1D F1="5.888791" intensity="2.989154e-003" type="0"/>
    <Peak1D F1="5.824635" intensity="4.056560e-003" type="0"/>
    <Peak1D F1="5.812953" intensity="4.411642e-003" type="0"/>
    <Peak1D F1="5.806746" intensity="5.861793e-003" type="0"/>
    <Peak1D F1="5.774286" intensity="3.669295e-003" type="0"/>
    <Peak1D F1="5.730098" intensity="1.045260e-003" type="0"/>
    <Peak1D F1="5.692722" intensity="1.001712e-003" type="0"/>
    <Peak1D F1="5.635329" intensity="1.824930e-003" type="0"/>
    <Peak1D F1="5.612213" intensity="1.614945e-003" type="0"/>
    <Peak1D F1="5.426444" intensity="1.091697e-002" type="0"/>
    <Peak1D F1="5.396593" intensity="2.557789e-003" type="0"/>
    <Peak1D F1="5.373097" intensity="1.894641e-003" type="0"/>
    <Peak1D F1="5.346194" intensity="3.609095e-002" type="0"/>
    <Peak1D F1="5.339153" intensity="3.233144e-002" type="0"/>
    <Peak1D F1="5.182082" intensity="1.350375e-003" type="0"/>
    <Peak1D F1="5.003915" intensity="3.805194e-003" type="0"/>
    <Peak1D F1="4.982986" intensity="3.972627e-003" type="0"/>
    <Peak1D F1="4.932310" intensity="4.309118e-003" type="0"/>
    <Peak1D F1="4.925066" intensity="4.281049e-003" type="0"/>
    <Peak1D F1="4.897591" intensity="7.830498e-003" type="0"/>
    <Peak1D F1="4.874887" intensity="1.395820e-002" type="0"/>
    <Peak1D F1="4.852143" intensity="1.563055e-002" type="0"/>
    <Peak1D F1="4.825030" intensity="4.915994e-001" type="0"/>
    <Peak1D F1="4.803023" intensity="5.091774e-001" type="0"/>
    <Peak1D F1="4.774634" intensity="1.628431e-002" type="0"/>
    <Peak1D F1="4.752903" intensity="1.526614e-002" type="0"/>
    <Peak1D F1="4.696483" intensity="7.978575e-003" type="0"/>
    <Peak1D F1="4.655834" intensity="7.551068e-003" type="0"/>
    <Peak1D F1="4.641143" intensity="9.791799e-003" type="0"/>
    <Peak1D F1="4.619274" intensity="9.132524e-003" type="0"/>
    <Peak1D F1="4.528063" intensity="5.910786e-003" type="0"/>
    <Peak1D F1="4.513216" intensity="5.686525e-003" type="0"/>
    <Peak1D F1="4.480158" intensity="4.834307e-003" type="0"/>
    <Peak1D F1="4.449773" intensity="4.167175e-003" type="0"/>
    <Peak1D F1="4.405378" intensity="3.546585e-003" type="0"/>
    <Peak1D F1="4.383509" intensity="3.741381e-003" type="0"/>
    <Peak1D F1="4.323088" intensity="2.581717e-003" type="0"/>
    <Peak1D F1="4.286956" intensity="1.986432e-003" type="0"/>
    <Peak1D F1="4.234287" intensity="1.533487e-003" type="0"/>
    <Peak1D F1="4.226943" intensity="1.643712e-003" type="0"/>
    <Peak1D F1="4.215902" intensity="1.424548e-003" type="0"/>
    <Peak1D F1="4.171218" intensity="1.152100e-003" type="0"/>
    <Peak1D F1="4.108415" intensity="9.649203e-004" type="0"/>
    <Peak1D F1="4.021517" intensity="1.621025e-003" type="0"/>
    <Peak1D F1="3.991531" intensity="1.068956e-003" type="0"/>
    <Peak1D F1="3.923648" intensity="1.939368e-003" type="0"/>
    <Peak1D F1="3.918281" intensity="1.792878e-003" type="0"/>
    <Peak1D F1="3.880619" intensity="4.623363e-003" type="0"/>
    <Peak1D F1="3.873624" intensity="1.567522e-002" type="0"/>
    <Peak1D F1="3.866002" intensity="1.580323e-002" type="0"/>
    <Peak1D F1="3.858072" intensity="9.519056e-003" type="0"/>
    <Peak1D F1="3.853249" intensity="8.802271e-003" type="0"/>
    <Peak1D F1="3.846065" intensity="2.938306e-002" type="0"/>
    <Peak1D F1="3.839428" intensity="2.900344e-002" type="0"/>
    <Peak1D F1="3.814744" intensity="2.294825e-002" type="0"/>
    <Peak1D F1="3.807171" intensity="8.853120e-002" type="0"/>
    <Peak1D F1="3.799721" intensity="8.340863e-002" type="0"/>
    <Peak1D F1="3.787898" intensity="3.368280e-002" type="0"/>
    <Peak1D F1="3.775955" intensity="1.754002e-002" type="0"/>
    <Peak1D F1="3.753400" intensity="2.323653e-001" type="0"/>
    <Peak1D F1="3.746193" intensity="3.570728e-001" type="0"/>
    <Peak1D F1="3.738661" intensity="2.225903e-001" type="0"/>
    <Peak1D F1="3.735371" intensity="1.766211e-001" type="0"/>
    <Peak1D F1="3.726263" intensity="2.386265e-001" type="0"/>
    <Peak1D F1="3.719066" intensity="2.650190e-001" type="0"/>
    <Peak1D F1="3.708419" intensity="5.525433e-001" type="0"/>
    <Peak1D F1="3.701854" intensity="6.996894e-001" type="0"/>
    <Peak1D F1="3.696228" intensity="2.920989e+000" type="0"/>
    <Peak1D F1="3.688632" intensity="2.752342e+000" type="0"/>
    <Peak1D F1="3.681744" intensity="1.256285e+000" type="0"/>
    <Peak1D F1="3.676586" intensity="9.841206e-001" type="0"/>
    <Peak1D F1="3.665143" intensity="1.407361e-001" type="0"/>
    <Peak1D F1="3.658637" intensity="1.267217e-001" type="0"/>
    <Peak1D F1="3.647047" intensity="9.088497e-002" type="0"/>
    <Peak1D F1="3.638739" intensity="4.805524e-002" type="0"/>
    <Peak1D F1="3.631514" intensity="3.241728e-002" type="0"/>
    <Peak1D F1="3.626673" intensity="3.302166e-002" type="0"/>
    <Peak1D F1="3.584924" intensity="2.569796e-003" type="0"/>
    <Peak1D F1="3.570807" intensity="2.507557e-003" type="0"/>
    <Peak1D F1="3.562830" intensity="2.945508e-003" type="0"/>
    <Peak1D F1="3.513945" intensity="1.676572e-002" type="0"/>
    <Peak1D F1="3.506036" intensity="1.989914e-002" type="0"/>
    <Peak1D F1="3.498650" intensity="1.324598e-002" type="0"/>
    <Peak1D F1="3.494081" intensity="1.004029e-002" type="0"/>
    <Peak1D F1="3.488008" intensity="7.586586e-003" type="0"/>
    <Peak1D F1="3.454723" intensity="3.312385e-001" type="0"/>
    <Peak1D F1="3.448469" intensity="4.510305e-001" type="0"/>
    <Peak1D F1="3.442934" intensity="2.478729e-001" type="0"/>
    <Peak1D F1="3.438812" intensity="1.937914e-001" type="0"/>
    <Peak1D F1="3.403935" intensity="6.294927e-003" type="0"/>
    <Peak1D F1="3.398433" intensity="5.690538e-003" type="0"/>
    <Peak1D F1="3.267097" intensity="1.105723e-003" type="0"/>
    <Peak1D F1="2.944874" intensity="8.126849e-003" type="0"/>
    <Peak1D F1="2.938639" intensity="7.158487e-003" type="0"/>
    <Peak1D F1="2.748269" intensity="6.487334e-003" type="0"/>
    <Peak1D F1="2.725460" intensity="3.524526e-003" type="0"/>
    <Peak1D F1="2.515641" intensity="3.900733e-003" type="0"/>
    <Peak1D F1="2.489521" intensity="4.479336e-003" type="0"/>
    <Peak1D F1="2.399940" intensity="1.021830e-001" type="0"/>
    <Peak1D F1="2.395470" intensity="1.077731e-001" type="0"/>
    <Peak1D F1="2.390765" intensity="1.162220e-001" type="0"/>
    <Peak1D F1="2.380666" intensity="1.628548e-001" type="0"/>
    <Peak1D F1="2.377861" intensity="1.644839e-001" type="0"/>
    <Peak1D F1="2.372802" intensity="1.476657e-001" type="0"/>
    <Peak1D F1="2.368392" intensity="1.527513e-001" type="0"/>
    <Peak1D F1="2.358346" intensity="2.951932e-001" type="0"/>
    <Peak1D F1="2.350745" intensity="2.867627e-001" type="0"/>
    <Peak1D F1="2.338030" intensity="2.429538e-001" type="0"/>
    <Peak1D F1="2.329101" intensity="2.667685e-001" type="0"/>
    <Peak1D F1="2.308038" intensity="1.217364e-001" type="0"/>
    <Peak1D F1="2.254025" intensity="1.054783e-001" type="0"/>
    <Peak1D F1="2.248315" intensity="1.113522e-001" type="0"/>
    <Peak1D F1="2.232675" intensity="1.331521e-001" type="0"/>
    <Peak1D F1="2.222818" intensity="1.221849e-001" type="0"/>
    <Peak1D F1="2.209832" intensity="1.571755e-001" type="0"/>
    <Peak1D F1="2.205605" intensity="1.744468e-001" type="0"/>
    <Peak1D F1="2.200337" intensity="1.731886e-001" type="0"/>
    <Peak1D F1="2.195815" intensity="1.800193e-001" type="0"/>
    <Peak1D F1="2.183813" intensity="2.348320e-001" type="0"/>
    <Peak1D F1="2.174080" intensity="2.202347e-001" type="0"/>
    <Peak1D F1="2.161658" intensity="2.820675e-001" type="0"/>
    <Peak1D F1="2.156982" intensity="3.158203e-001" type="0"/>
    <Peak1D F1="2.143872" intensity="5.186335e-001" type="0"/>
    <Peak1D F1="2.113674" intensity="3.545730e+000" type="0"/>
    <Peak1D F1="2.106190" intensity="5.752955e+000" type="0"/>
    <Peak1D F1="2.103967" intensity="5.991100e+000" type="0"/>
    <Peak1D F1="2.094269" intensity="1.269621e+001" type="0"/>
    <Peak1D F1="2.086984" intensity="1.376570e+001" type="0"/>
    <Peak1D F1="2.075596" intensity="1.162066e+001" type="0"/>
    <Peak1D F1="2.068662" intensity="8.001011e+000" type="0"/>
    <Peak1D F1="1.943770" intensity="6.449142e-001" type="0"/>
    <Peak1D F1="1.928576" intensity="1.285881e+000" type="0"/>
    <Peak1D F1="1.921971" intensity="1.597870e+000" type="0"/>
    <Peak1D F1="1.913071" intensity="5.130238e+000" type="0"/>
    <Peak1D F1="1.910972" intensity="4.930201e+000" type="0"/>
    <Peak1D F1="1.905957" intensity="7.768500e+000" type="0"/>
    <Peak1D F1="1.904569" intensity="7.774467e+000" type="0"/>
    <Peak1D F1="1.894086" intensity="1.446529e+001" type="0"/>
    <Peak1D F1="1.887251" intensity="1.500000e+001" type="0"/>
    <Peak1D F1="1.882984" intensity="1.135725e+001" type="0"/>
    <Peak1D F1="1.876332" intensity="1.012356e+001" type="0"/>
    <Peak1D F1="1.870049" intensity="6.248976e+000" type="0"/>
    <Peak1D F1="1.845705" intensity="8.205140e-001" type="0"/>
    <Peak1D F1="1.826570" intensity="3.423346e-001" type="0"/>
    <Peak1D F1="1.761786" intensity="6.995716e-002" type="0"/>
    <Peak1D F1="1.756236" intensity="7.234520e-002" type="0"/>
    <Peak1D F1="1.742850" intensity="1.048340e-001" type="0"/>
    <Peak1D F1="1.736016" intensity="1.080639e-001" type="0"/>
    <Peak1D F1="1.733317" intensity="1.087991e-001" type="0"/>
    <Peak1D F1="1.726864" intensity="1.459368e-001" type="0"/>
    <Peak1D F1="1.720414" intensity="1.717978e-001" type="0"/>
    <Peak1D F1="1.716328" intensity="1.712242e-001" type="0"/>
    <Peak1D F1="1.705371" intensity="2.555886e-001" type="0"/>
    <Peak1D F1="1.700734" intensity="2.753928e-001" type="0"/>
    <Peak1D F1="1.680992" intensity="3.851527e-001" type="0"/>
    <Peak1D F1="1.676565" intensity="3.377973e-001" type="0"/>
    <Peak1D F1="1.668118" intensity="2.441054e-001" type="0"/>
    <Peak1D F1="1.662528" intensity="2.714229e-001" type="0"/>
    <Peak1D F1="1.657789" intensity="2.682049e-001" type="0"/>
    <Peak1D F1="1.652801" intensity="2.050238e-001" type="0"/>
    <Peak1D F1="1.636907" intensity="1.204876e-001" type="0"/>
    <Peak1D F1="1.630677" intensity="9.108190e-002" type="0"/>
    <Peak1D F1="1.621524" intensity="7.294334e-002" type="0"/>
    <Peak1D F1="1.615448" intensity="6.230216e-002" type="0"/>
    <Peak1D F1="1.592638" intensity="3.657233e-002" type="0"/>
    <Peak1D F1="1.572863" intensity="3.462726e-002" type="0"/>
    <Peak1D F1="1.565692" intensity="3.352719e-002" type="0"/>
    <Peak1D F1="1.551687" intensity="4.966535e-002" type="0"/>
    <Peak1D F1="1.546405" intensity="5.497722e-002" type="0"/>
    <Peak1D F1="1.533843" intensity="8.552814e-002" type="0"/>
    <Peak1D F1="1.526166" intensity="7.412075e-002" type="0"/>
    <Peak1D F1="1.513909" intensity="1.385769e-001" type="0"/>
    <Peak1D F1="1.497590" intensity="1.407212e-001" type="0"/>
    <Peak1D F1="1.486902" intensity="1.330086e-001" type="0"/>
    <Peak1D F1="1.466422" intensity="1.180789e-001" type="0"/>
    <Peak1D F1="1.448967" intensity="4.648234e-002" type="0"/>
    <Peak1D F1="1.441804" intensity="3.935080e-002" type="0"/>
    <Peak1D F1="1.374712" intensity="1.335997e-002" type="0"/>
    <Peak1D F1="1.325117" intensity="1.205868e-002" type="0"/>
    <Peak1D F1="1.317152" intensity="1.186880e-002" type="0"/>
    <Peak1D F1="1.310796" intensity="1.173769e-002" type="0"/>
    <Peak1D F1="1.180564" intensity="4.512265e-002" type="0"/>
    <Peak1D F1="1.157143" intensity="1.975288e-002" type="0"/>
    <Peak1D F1="1.150730" intensity="1.654936e-002" type="0"/>
    <Peak1D F1="1.029258" intensity="5.459842e-003" type="0"/>
    <Peak1D F1="0.980893" intensity="4.153020e-003" type="0"/>
    <Peak1D F1="0.931557" intensity="3.382584e-003" type="0"/>
    <Peak1D F1="0.909337" intensity="3.224322e-003" type="0"/>
    <Peak1D F1="0.802368" intensity="1.385821e-002" type="0"/>
    <Peak1D F1="0.757829" intensity="9.506434e-003" type="0"/>
    <Peak1D F1="0.664126" intensity="2.313609e-003" type="0"/>
    <Peak1D F1="0.646541" intensity="1.884716e-003" type="0"/>
    <Peak1D F1="0.607946" intensity="1.731206e-003" type="0"/>
    <Peak1D F1="0.596245" intensity="1.603277e-003" type="0"/>
    <Peak1D F1="0.541422" intensity="1.540010e-003" type="0"/>
    <Peak1D F1="0.511299" intensity="1.440811e-003" type="0"/>
    <Peak1D F1="0.472568" intensity="1.452570e-003" type="0"/>
    <Peak1D F1="0.444634" intensity="1.230554e-003" type="0"/>
    <Peak1D F1="0.399386" intensity="1.401072e-003" type="0"/>
    <Peak1D F1="0.325821" intensity="1.351596e-003" type="0"/>
    <Peak1D F1="0.308596" intensity="1.077998e-003" type="0"/>
    <Peak1D F1="0.220037" intensity="1.193264e-003" type="0"/>
    <Peak1D F1="0.213693" intensity="1.204124e-003" type="0"/>
    <Peak1D F1="0.184379" intensity="3.793699e-003" type="0"/>
    <Peak1D F1="0.178400" intensity="4.616211e-003" type="0"/>
    <Peak1D F1="0.160357" intensity="1.276951e-003" type="0"/>
    <Peak1D F1="0.150047" intensity="1.405243e-003" type="0"/>
    <Peak1D F1="0.133168" intensity="1.133720e-003" type="0"/>
    <Peak1D F1="0.083290" intensity="3.572680e-003" type="0"/>
    <Peak1D F1="0.076203" intensity="3.905037e-003" type="0"/>
    <Peak1D F1="0.055525" intensity="5.535926e-003" type="0"/>
    <Peak1D F1="0.049853" intensity="4.577508e-003" type="0"/>
    <Peak1D F1="0.040997" intensity="5.721670e-003" type="0"/>
    <Peak1D F1="0.034670" intensity="5.635473e-003" type="0"/>
    <Peak1D F1="0.005758" intensity="1.779268e-001" type="0"/>
    <Peak1D F1="-0.000150" intensity="2.034250e-001" type="0"/>
    <Peak1D F1="-0.027269" intensity="5.680043e-003" type="0"/>
    <Peak1D F1="-0.043820" intensity="4.506945e-003" type="0"/>
    <Peak1D F1="-0.149152" intensity="1.173442e-003" type="0"/>
    <Peak1D F1="-2.754252" intensity="9.993024e-004" type="0"/>
    <Peak1D F1="-3.217571" intensity="1.007117e-003" type="0"/>
    <Peak1D F1="-3.334684" intensity="1.055445e-003" type="0"/>
    <Peak1D F1="-3.503350" intensity="9.368608e-004" type="0"/>
    <Peak1D F1="-3.570551" intensity="1.008164e-003" type="0"/>
  </PeakList1D>
</PeakList>
