<?xml version="1.0" encoding="UTF-8"?>
<PeakList>
  <PeakList1D>
    <PeakList1DHeader creator="nmr" date="2021-10-26T10:02:06.055+03:00" expNo="20" name="ID_449_A" owner="" procNo="1" source="//132.72.8.180/400b/Milo/Milo">
      <PeakPickDetails>F1=16.137650ppm, F2=-3.891396ppm, MI=0.00cm, MAXI=10000.00cm, PC=1.000
      </PeakPickDetails>
    </PeakList1DHeader>
    <Peak1D F1="15.546806" intensity="8.789221e-004" type="0"/>
    <Peak1D F1="12.531281" intensity="8.606621e-004" type="0"/>
    <Peak1D F1="10.703238" intensity="8.886738e-004" type="0"/>
    <Peak1D F1="10.382845" intensity="2.045132e-003" type="0"/>
    <Peak1D F1="10.132780" intensity="9.068237e-004" type="0"/>
    <Peak1D F1="10.083257" intensity="4.142586e-002" type="0"/>
    <Peak1D F1="9.735384" intensity="8.687701e-004" type="0"/>
    <Peak1D F1="9.727061" intensity="8.633629e-004" type="0"/>
    <Peak1D F1="8.346441" intensity="1.003125e-002" type="0"/>
    <Peak1D F1="8.340169" intensity="1.094473e-002" type="0"/>
    <Peak1D F1="8.326305" intensity="3.294295e-002" type="0"/>
    <Peak1D F1="8.304691" intensity="3.417306e-002" type="0"/>
    <Peak1D F1="8.252579" intensity="6.250774e-003" type="0"/>
    <Peak1D F1="8.231838" intensity="1.728171e-002" type="0"/>
    <Peak1D F1="8.212062" intensity="2.445248e-002" type="0"/>
    <Peak1D F1="8.197132" intensity="6.897184e-002" type="0"/>
    <Peak1D F1="8.193151" intensity="5.950170e-002" type="0"/>
    <Peak1D F1="8.184058" intensity="8.594003e-002" type="0"/>
    <Peak1D F1="8.179857" intensity="6.777902e-002" type="0"/>
    <Peak1D F1="8.175450" intensity="8.694565e-002" type="0"/>
    <Peak1D F1="8.167157" intensity="6.154690e-002" type="0"/>
    <Peak1D F1="8.162434" intensity="9.733363e-002" type="0"/>
    <Peak1D F1="8.139737" intensity="4.880974e-001" type="0"/>
    <Peak1D F1="8.134253" intensity="2.915911e+000" type="0"/>
    <Peak1D F1="8.129982" intensity="1.105223e+000" type="0"/>
    <Peak1D F1="8.124130" intensity="4.960858e-001" type="0"/>
    <Peak1D F1="8.117098" intensity="1.236548e+000" type="0"/>
    <Peak1D F1="8.112468" intensity="3.108635e+000" type="0"/>
    <Peak1D F1="8.107139" intensity="5.773442e-001" type="0"/>
    <Peak1D F1="8.102337" intensity="3.967459e-001" type="0"/>
    <Peak1D F1="8.096017" intensity="2.007211e-001" type="0"/>
    <Peak1D F1="8.084297" intensity="6.346488e-002" type="0"/>
    <Peak1D F1="8.062571" intensity="5.717758e-002" type="0"/>
    <Peak1D F1="8.046615" intensity="6.825901e-003" type="0"/>
    <Peak1D F1="8.019460" intensity="3.747161e-002" type="0"/>
    <Peak1D F1="8.002357" intensity="1.161909e-002" type="0"/>
    <Peak1D F1="7.997884" intensity="3.007895e-002" type="0"/>
    <Peak1D F1="7.976338" intensity="4.348163e-003" type="0"/>
    <Peak1D F1="7.954525" intensity="4.328620e-003" type="0"/>
    <Peak1D F1="7.948395" intensity="1.622802e-003" type="0"/>
    <Peak1D F1="7.924698" intensity="8.961039e-003" type="0"/>
    <Peak1D F1="7.919761" intensity="9.329795e-003" type="0"/>
    <Peak1D F1="7.903439" intensity="1.452233e-002" type="0"/>
    <Peak1D F1="7.896821" intensity="1.118489e-002" type="0"/>
    <Peak1D F1="7.881012" intensity="4.056822e-003" type="0"/>
    <Peak1D F1="7.860411" intensity="3.343708e-003" type="0"/>
    <Peak1D F1="7.839067" intensity="2.815998e-003" type="0"/>
    <Peak1D F1="7.741870" intensity="1.594724e-003" type="0"/>
    <Peak1D F1="7.677141" intensity="1.196025e-002" type="0"/>
    <Peak1D F1="7.657831" intensity="1.275595e-002" type="0"/>
    <Peak1D F1="7.645910" intensity="1.268193e-002" type="0"/>
    <Peak1D F1="7.623884" intensity="1.447741e-002" type="0"/>
    <Peak1D F1="7.609426" intensity="2.306068e-002" type="0"/>
    <Peak1D F1="7.587870" intensity="2.766497e-002" type="0"/>
    <Peak1D F1="7.565926" intensity="1.638912e-002" type="0"/>
    <Peak1D F1="7.536857" intensity="5.640439e-002" type="0"/>
    <Peak1D F1="7.532122" intensity="4.137246e-002" type="0"/>
    <Peak1D F1="7.526024" intensity="8.190177e-002" type="0"/>
    <Peak1D F1="7.514806" intensity="7.313699e-002" type="0"/>
    <Peak1D F1="7.504090" intensity="2.069339e-001" type="0"/>
    <Peak1D F1="7.491306" intensity="1.512777e-001" type="0"/>
    <Peak1D F1="7.481917" intensity="6.029021e-001" type="0"/>
    <Peak1D F1="7.476330" intensity="2.938308e+000" type="0"/>
    <Peak1D F1="7.454360" intensity="2.765323e+000" type="0"/>
    <Peak1D F1="7.448704" intensity="5.249252e-001" type="0"/>
    <Peak1D F1="7.432383" intensity="4.432514e-002" type="0"/>
    <Peak1D F1="7.426194" intensity="8.061795e-002" type="0"/>
    <Peak1D F1="7.409548" intensity="4.265833e-002" type="0"/>
    <Peak1D F1="7.404387" intensity="6.675810e-002" type="0"/>
    <Peak1D F1="7.371661" intensity="1.818992e-002" type="0"/>
    <Peak1D F1="7.354302" intensity="2.304243e-002" type="0"/>
    <Peak1D F1="7.330752" intensity="3.531497e-002" type="0"/>
    <Peak1D F1="7.311503" intensity="4.317635e-002" type="0"/>
    <Peak1D F1="7.304677" intensity="5.171692e-002" type="0"/>
    <Peak1D F1="7.281849" intensity="2.419476e-001" type="0"/>
    <Peak1D F1="7.274761" intensity="9.505145e-002" type="0"/>
    <Peak1D F1="7.269283" intensity="1.297615e-001" type="0"/>
    <Peak1D F1="7.265049" intensity="1.084379e-001" type="0"/>
    <Peak1D F1="7.253569" intensity="2.132092e-001" type="0"/>
    <Peak1D F1="7.248314" intensity="2.610124e-001" type="0"/>
    <Peak1D F1="7.231884" intensity="1.064755e+001" type="0"/>
    <Peak1D F1="7.208354" intensity="5.049951e-002" type="0"/>
    <Peak1D F1="7.203528" intensity="3.717833e-002" type="0"/>
    <Peak1D F1="7.192256" intensity="1.991819e-002" type="0"/>
    <Peak1D F1="7.181813" intensity="1.819701e-001" type="0"/>
    <Peak1D F1="7.166490" intensity="1.595855e-002" type="0"/>
    <Peak1D F1="7.147776" intensity="1.612060e-002" type="0"/>
    <Peak1D F1="7.131241" intensity="5.379639e-003" type="0"/>
    <Peak1D F1="7.121864" intensity="3.871698e-003" type="0"/>
    <Peak1D F1="7.111881" intensity="4.998295e-003" type="0"/>
    <Peak1D F1="7.096368" intensity="1.182164e-002" type="0"/>
    <Peak1D F1="7.080502" intensity="9.830534e-003" type="0"/>
    <Peak1D F1="7.066690" intensity="5.128510e-003" type="0"/>
    <Peak1D F1="7.046570" intensity="7.525827e-003" type="0"/>
    <Peak1D F1="7.028308" intensity="6.533255e-003" type="0"/>
    <Peak1D F1="7.022719" intensity="5.999358e-003" type="0"/>
    <Peak1D F1="6.998058" intensity="4.371334e-003" type="0"/>
    <Peak1D F1="6.967134" intensity="5.761538e-002" type="0"/>
    <Peak1D F1="6.917203" intensity="1.356637e-003" type="0"/>
    <Peak1D F1="6.887839" intensity="2.851046e-003" type="0"/>
    <Peak1D F1="6.871684" intensity="6.276031e-003" type="0"/>
    <Peak1D F1="6.865592" intensity="6.836799e-003" type="0"/>
    <Peak1D F1="6.855206" intensity="7.132527e-003" type="0"/>
    <Peak1D F1="6.848650" intensity="1.146539e-002" type="0"/>
    <Peak1D F1="6.842798" intensity="8.994001e-003" type="0"/>
    <Peak1D F1="6.827039" intensity="2.120243e-002" type="0"/>
    <Peak1D F1="6.821284" intensity="3.208630e-002" type="0"/>
    <Peak1D F1="6.815779" intensity="1.971654e-002" type="0"/>
    <Peak1D F1="6.804736" intensity="3.538611e-002" type="0"/>
    <Peak1D F1="6.798982" intensity="7.476526e-002" type="0"/>
    <Peak1D F1="6.793220" intensity="6.732366e-002" type="0"/>
    <Peak1D F1="6.787486" intensity="3.120778e-002" type="0"/>
    <Peak1D F1="6.782092" intensity="2.900799e-002" type="0"/>
    <Peak1D F1="6.776456" intensity="7.143334e-002" type="0"/>
    <Peak1D F1="6.770593" intensity="8.880732e-002" type="0"/>
    <Peak1D F1="6.764761" intensity="4.684215e-002" type="0"/>
    <Peak1D F1="6.753922" intensity="2.953259e-002" type="0"/>
    <Peak1D F1="6.747987" intensity="4.498216e-002" type="0"/>
    <Peak1D F1="6.742233" intensity="2.888212e-002" type="0"/>
    <Peak1D F1="6.725614" intensity="1.315168e-002" type="0"/>
    <Peak1D F1="6.709713" intensity="9.878732e-003" type="0"/>
    <Peak1D F1="6.658221" intensity="8.843586e-004" type="0"/>
    <Peak1D F1="6.589166" intensity="1.260075e-003" type="0"/>
    <Peak1D F1="6.566090" intensity="3.307040e-003" type="0"/>
    <Peak1D F1="6.550202" intensity="1.414156e-003" type="0"/>
    <Peak1D F1="6.544979" intensity="2.031578e-003" type="0"/>
    <Peak1D F1="6.313168" intensity="1.799452e-003" type="0"/>
    <Peak1D F1="6.308551" intensity="2.559302e-003" type="0"/>
    <Peak1D F1="6.291456" intensity="2.270407e-003" type="0"/>
    <Peak1D F1="6.286475" intensity="2.415488e-003" type="0"/>
    <Peak1D F1="6.255877" intensity="1.045496e-003" type="0"/>
    <Peak1D F1="6.238252" intensity="1.479987e-003" type="0"/>
    <Peak1D F1="6.232804" intensity="2.024852e-003" type="0"/>
    <Peak1D F1="6.226655" intensity="1.311933e-003" type="0"/>
    <Peak1D F1="6.205028" intensity="6.567334e-003" type="0"/>
    <Peak1D F1="6.199749" intensity="1.122783e-002" type="0"/>
    <Peak1D F1="6.194555" intensity="6.705526e-003" type="0"/>
    <Peak1D F1="6.073954" intensity="4.132510e-002" type="0"/>
    <Peak1D F1="6.051020" intensity="1.028320e-001" type="0"/>
    <Peak1D F1="6.039792" intensity="4.184043e-002" type="0"/>
    <Peak1D F1="6.001153" intensity="4.101194e+000" type="0"/>
    <Peak1D F1="5.961151" intensity="6.908013e-003" type="0"/>
    <Peak1D F1="5.951136" intensity="6.862905e-002" type="0"/>
    <Peak1D F1="5.922599" intensity="6.174845e-002" type="0"/>
    <Peak1D F1="5.910374" intensity="6.139938e-002" type="0"/>
    <Peak1D F1="5.804755" intensity="4.518422e-003" type="0"/>
    <Peak1D F1="5.799607" intensity="9.448884e-003" type="0"/>
    <Peak1D F1="5.794354" intensity="4.831830e-003" type="0"/>
    <Peak1D F1="5.774252" intensity="9.000307e-003" type="0"/>
    <Peak1D F1="5.505618" intensity="1.177897e-003" type="0"/>
    <Peak1D F1="5.433216" intensity="9.077141e-004" type="0"/>
    <Peak1D F1="5.418495" intensity="3.330231e-002" type="0"/>
    <Peak1D F1="5.380307" intensity="1.700959e-003" type="0"/>
    <Peak1D F1="5.358639" intensity="2.573598e-003" type="0"/>
    <Peak1D F1="5.329490" intensity="8.671588e-002" type="0"/>
    <Peak1D F1="5.273979" intensity="2.577925e-003" type="0"/>
    <Peak1D F1="4.995218" intensity="6.138268e-003" type="0"/>
    <Peak1D F1="4.973510" intensity="6.051831e-003" type="0"/>
    <Peak1D F1="4.921535" intensity="2.921551e-003" type="0"/>
    <Peak1D F1="4.892735" intensity="7.316812e-003" type="0"/>
    <Peak1D F1="4.866043" intensity="3.389483e-002" type="0"/>
    <Peak1D F1="4.843605" intensity="3.824221e-002" type="0"/>
    <Peak1D F1="4.816091" intensity="1.285145e+000" type="0"/>
    <Peak1D F1="4.794065" intensity="1.301417e+000" type="0"/>
    <Peak1D F1="4.765309" intensity="4.776441e-002" type="0"/>
    <Peak1D F1="4.757556" intensity="4.716564e-002" type="0"/>
    <Peak1D F1="4.743453" intensity="4.874939e-002" type="0"/>
    <Peak1D F1="4.707442" intensity="1.472512e+000" type="0"/>
    <Peak1D F1="4.657438" intensity="3.432467e-002" type="0"/>
    <Peak1D F1="4.632475" intensity="1.111600e-002" type="0"/>
    <Peak1D F1="4.610495" intensity="9.063718e-003" type="0"/>
    <Peak1D F1="4.592164" intensity="3.455399e-003" type="0"/>
    <Peak1D F1="4.571562" intensity="1.883415e-003" type="0"/>
    <Peak1D F1="4.509424" intensity="1.031076e-003" type="0"/>
    <Peak1D F1="3.863878" intensity="6.352155e-002" type="0"/>
    <Peak1D F1="3.793456" intensity="6.274216e-003" type="0"/>
    <Peak1D F1="3.785127" intensity="1.035339e-002" type="0"/>
    <Peak1D F1="3.768418" intensity="9.983292e-003" type="0"/>
    <Peak1D F1="3.763027" intensity="1.024744e-002" type="0"/>
    <Peak1D F1="3.758231" intensity="1.375457e-002" type="0"/>
    <Peak1D F1="3.754423" intensity="1.456077e-002" type="0"/>
    <Peak1D F1="3.736374" intensity="2.378735e-001" type="0"/>
    <Peak1D F1="3.686455" intensity="1.182503e+001" type="0"/>
    <Peak1D F1="3.646559" intensity="1.684628e-002" type="0"/>
    <Peak1D F1="3.636383" intensity="2.043136e-001" type="0"/>
    <Peak1D F1="3.621657" intensity="5.130013e-003" type="0"/>
    <Peak1D F1="3.616580" intensity="3.139962e-003" type="0"/>
    <Peak1D F1="3.611717" intensity="2.981847e-003" type="0"/>
    <Peak1D F1="3.595980" intensity="2.218467e-003" type="0"/>
    <Peak1D F1="3.576481" intensity="1.374609e-003" type="0"/>
    <Peak1D F1="3.535629" intensity="2.768739e-003" type="0"/>
    <Peak1D F1="3.504210" intensity="6.381055e-002" type="0"/>
    <Peak1D F1="3.356582" intensity="1.908092e-003" type="0"/>
    <Peak1D F1="3.309540" intensity="4.843843e-002" type="0"/>
    <Peak1D F1="3.299735" intensity="4.794896e-002" type="0"/>
    <Peak1D F1="2.957690" intensity="3.206497e-003" type="0"/>
    <Peak1D F1="2.950234" intensity="3.779681e-003" type="0"/>
    <Peak1D F1="2.938793" intensity="7.114848e-003" type="0"/>
    <Peak1D F1="2.932460" intensity="7.579484e-003" type="0"/>
    <Peak1D F1="2.920791" intensity="4.368223e-003" type="0"/>
    <Peak1D F1="2.913499" intensity="4.489974e-003" type="0"/>
    <Peak1D F1="2.822298" intensity="1.593091e-003" type="0"/>
    <Peak1D F1="2.795383" intensity="2.819068e-003" type="0"/>
    <Peak1D F1="2.771509" intensity="1.419510e-002" type="0"/>
    <Peak1D F1="2.758698" intensity="1.638470e-002" type="0"/>
    <Peak1D F1="2.746735" intensity="1.951733e-002" type="0"/>
    <Peak1D F1="2.734224" intensity="1.987102e-002" type="0"/>
    <Peak1D F1="2.724595" intensity="1.599714e-002" type="0"/>
    <Peak1D F1="2.712041" intensity="1.377954e-002" type="0"/>
    <Peak1D F1="2.676857" intensity="1.749064e-003" type="0"/>
    <Peak1D F1="2.620204" intensity="1.097715e-003" type="0"/>
    <Peak1D F1="2.607845" intensity="1.036481e-003" type="0"/>
    <Peak1D F1="2.590391" intensity="1.154118e-003" type="0"/>
    <Peak1D F1="2.570912" intensity="1.372191e-003" type="0"/>
    <Peak1D F1="2.547713" intensity="2.374510e-003" type="0"/>
    <Peak1D F1="2.520084" intensity="4.893010e-003" type="0"/>
    <Peak1D F1="2.498756" intensity="6.385898e-003" type="0"/>
    <Peak1D F1="2.457389" intensity="1.254750e-002" type="0"/>
    <Peak1D F1="2.441972" intensity="2.007305e-002" type="0"/>
    <Peak1D F1="2.435361" intensity="2.000094e-002" type="0"/>
    <Peak1D F1="2.406219" intensity="2.476560e-001" type="0"/>
    <Peak1D F1="2.402593" intensity="2.902164e-001" type="0"/>
    <Peak1D F1="2.396447" intensity="2.469669e-001" type="0"/>
    <Peak1D F1="2.391705" intensity="2.100051e-001" type="0"/>
    <Peak1D F1="2.385311" intensity="3.170217e-001" type="0"/>
    <Peak1D F1="2.381371" intensity="3.413321e-001" type="0"/>
    <Peak1D F1="2.375242" intensity="3.954604e-001" type="0"/>
    <Peak1D F1="2.353420" intensity="9.450348e-001" type="0"/>
    <Peak1D F1="2.343902" intensity="6.311375e-001" type="0"/>
    <Peak1D F1="2.341679" intensity="6.613528e-001" type="0"/>
    <Peak1D F1="2.332170" intensity="7.459673e-001" type="0"/>
    <Peak1D F1="2.322306" intensity="5.788530e-001" type="0"/>
    <Peak1D F1="2.302228" intensity="3.063786e-001" type="0"/>
    <Peak1D F1="2.282504" intensity="6.238123e-002" type="0"/>
    <Peak1D F1="2.276595" intensity="7.034061e-002" type="0"/>
    <Peak1D F1="2.269776" intensity="8.214039e-002" type="0"/>
    <Peak1D F1="2.262456" intensity="8.645513e-002" type="0"/>
    <Peak1D F1="2.257005" intensity="8.021377e-002" type="0"/>
    <Peak1D F1="2.243047" intensity="1.185619e-001" type="0"/>
    <Peak1D F1="2.229147" intensity="9.413244e-002" type="0"/>
    <Peak1D F1="2.218346" intensity="4.390792e-001" type="0"/>
    <Peak1D F1="2.211412" intensity="1.492648e-001" type="0"/>
    <Peak1D F1="2.204402" intensity="1.240306e-001" type="0"/>
    <Peak1D F1="2.195821" intensity="6.201423e-001" type="0"/>
    <Peak1D F1="2.191581" intensity="6.029391e-001" type="0"/>
    <Peak1D F1="2.179897" intensity="1.618473e-001" type="0"/>
    <Peak1D F1="2.169661" intensity="8.659421e-001" type="0"/>
    <Peak1D F1="2.161127" intensity="1.858172e-001" type="0"/>
    <Peak1D F1="2.147469" intensity="5.004583e-001" type="0"/>
    <Peak1D F1="2.143518" intensity="5.446498e-001" type="0"/>
    <Peak1D F1="2.131946" intensity="5.383103e-001" type="0"/>
    <Peak1D F1="2.120626" intensity="7.109296e-001" type="0"/>
    <Peak1D F1="2.102153" intensity="4.883443e+000" type="0"/>
    <Peak1D F1="2.082563" intensity="1.465183e+001" type="0"/>
    <Peak1D F1="2.070895" intensity="4.170418e+000" type="0"/>
    <Peak1D F1="2.063686" intensity="7.565982e+000" type="0"/>
    <Peak1D F1="2.048354" intensity="5.330160e-001" type="0"/>
    <Peak1D F1="2.042689" intensity="4.045933e-001" type="0"/>
    <Peak1D F1="2.038239" intensity="4.203165e-001" type="0"/>
    <Peak1D F1="2.032712" intensity="4.877294e-001" type="0"/>
    <Peak1D F1="2.013492" intensity="2.549570e-001" type="0"/>
    <Peak1D F1="1.960770" intensity="3.906693e-001" type="0"/>
    <Peak1D F1="1.952500" intensity="4.755418e-001" type="0"/>
    <Peak1D F1="1.943145" intensity="5.940273e-001" type="0"/>
    <Peak1D F1="1.939789" intensity="6.415912e-001" type="0"/>
    <Peak1D F1="1.933012" intensity="9.370841e-001" type="0"/>
    <Peak1D F1="1.924249" intensity="9.977083e-001" type="0"/>
    <Peak1D F1="1.921455" intensity="1.042182e+000" type="0"/>
    <Peak1D F1="1.917326" intensity="1.499697e+000" type="0"/>
    <Peak1D F1="1.912202" intensity="1.384972e+000" type="0"/>
    <Peak1D F1="1.902660" intensity="7.760600e+000" type="0"/>
    <Peak1D F1="1.891515" intensity="6.731276e+000" type="0"/>
    <Peak1D F1="1.883058" intensity="1.500000e+001" type="0"/>
    <Peak1D F1="1.872615" intensity="5.862568e+000" type="0"/>
    <Peak1D F1="1.863612" intensity="4.959405e+000" type="0"/>
    <Peak1D F1="1.851379" intensity="6.943473e-001" type="0"/>
    <Peak1D F1="1.841429" intensity="4.375644e-001" type="0"/>
    <Peak1D F1="1.833164" intensity="3.973802e-001" type="0"/>
    <Peak1D F1="1.825570" intensity="1.876384e-001" type="0"/>
    <Peak1D F1="1.822887" intensity="1.903526e-001" type="0"/>
    <Peak1D F1="1.813738" intensity="1.560531e-001" type="0"/>
    <Peak1D F1="1.801377" intensity="7.651196e-002" type="0"/>
    <Peak1D F1="1.794950" intensity="7.088226e-002" type="0"/>
    <Peak1D F1="1.787310" intensity="6.582895e-002" type="0"/>
    <Peak1D F1="1.778424" intensity="6.491025e-002" type="0"/>
    <Peak1D F1="1.772335" intensity="6.242399e-002" type="0"/>
    <Peak1D F1="1.763241" intensity="5.333052e-002" type="0"/>
    <Peak1D F1="1.751278" intensity="7.366324e-002" type="0"/>
    <Peak1D F1="1.736895" intensity="1.571887e-001" type="0"/>
    <Peak1D F1="1.721055" intensity="2.225873e-001" type="0"/>
    <Peak1D F1="1.715316" intensity="2.723785e-001" type="0"/>
    <Peak1D F1="1.709364" intensity="2.925415e-001" type="0"/>
    <Peak1D F1="1.699078" intensity="5.944829e-001" type="0"/>
    <Peak1D F1="1.694063" intensity="6.713036e-001" type="0"/>
    <Peak1D F1="1.690261" intensity="5.659521e-001" type="0"/>
    <Peak1D F1="1.684131" intensity="3.661292e-001" type="0"/>
    <Peak1D F1="1.674947" intensity="1.153041e+000" type="0"/>
    <Peak1D F1="1.669379" intensity="8.159288e-001" type="0"/>
    <Peak1D F1="1.656228" intensity="7.122408e-001" type="0"/>
    <Peak1D F1="1.651253" intensity="6.185104e-001" type="0"/>
    <Peak1D F1="1.646695" intensity="4.797371e-001" type="0"/>
    <Peak1D F1="1.640387" intensity="3.796712e-001" type="0"/>
    <Peak1D F1="1.630718" intensity="2.331744e-001" type="0"/>
    <Peak1D F1="1.624779" intensity="2.349411e-001" type="0"/>
    <Peak1D F1="1.609539" intensity="1.776638e-001" type="0"/>
    <Peak1D F1="1.596412" intensity="5.264454e-002" type="0"/>
    <Peak1D F1="1.585812" intensity="5.231319e-002" type="0"/>
    <Peak1D F1="1.568816" intensity="4.021513e-002" type="0"/>
    <Peak1D F1="1.563778" intensity="4.599971e-002" type="0"/>
    <Peak1D F1="1.554935" intensity="4.942605e-002" type="0"/>
    <Peak1D F1="1.549591" intensity="5.826394e-002" type="0"/>
    <Peak1D F1="1.540172" intensity="1.217963e-001" type="0"/>
    <Peak1D F1="1.534124" intensity="1.268719e-001" type="0"/>
    <Peak1D F1="1.525534" intensity="2.313395e-001" type="0"/>
    <Peak1D F1="1.518500" intensity="9.676030e-002" type="0"/>
    <Peak1D F1="1.511030" intensity="2.854468e-001" type="0"/>
    <Peak1D F1="1.506564" intensity="4.297159e-001" type="0"/>
    <Peak1D F1="1.488773" intensity="4.773914e-001" type="0"/>
    <Peak1D F1="1.477107" intensity="4.160980e-001" type="0"/>
    <Peak1D F1="1.459359" intensity="3.388479e-001" type="0"/>
    <Peak1D F1="1.441531" intensity="1.173843e-001" type="0"/>
    <Peak1D F1="1.434823" intensity="6.357689e-002" type="0"/>
    <Peak1D F1="1.429062" intensity="6.736244e-002" type="0"/>
    <Peak1D F1="1.425301" intensity="6.803527e-002" type="0"/>
    <Peak1D F1="1.408599" intensity="1.624238e-002" type="0"/>
    <Peak1D F1="1.391135" intensity="1.009256e-002" type="0"/>
    <Peak1D F1="1.374538" intensity="9.350067e-003" type="0"/>
    <Peak1D F1="1.347467" intensity="9.489080e-003" type="0"/>
    <Peak1D F1="1.329295" intensity="8.742686e-003" type="0"/>
    <Peak1D F1="1.315586" intensity="8.345117e-003" type="0"/>
    <Peak1D F1="1.298172" intensity="7.362503e-003" type="0"/>
    <Peak1D F1="1.286840" intensity="6.097735e-003" type="0"/>
    <Peak1D F1="1.223550" intensity="1.273168e-002" type="0"/>
    <Peak1D F1="1.207022" intensity="1.205840e-002" type="0"/>
    <Peak1D F1="1.192288" intensity="1.674649e-002" type="0"/>
    <Peak1D F1="1.177845" intensity="3.366489e-002" type="0"/>
    <Peak1D F1="1.157351" intensity="8.096788e-003" type="0"/>
    <Peak1D F1="1.133370" intensity="4.726944e-003" type="0"/>
    <Peak1D F1="1.118601" intensity="3.978326e-003" type="0"/>
    <Peak1D F1="1.067789" intensity="2.529002e-003" type="0"/>
    <Peak1D F1="1.038163" intensity="3.407804e-003" type="0"/>
    <Peak1D F1="1.017665" intensity="2.753952e-003" type="0"/>
    <Peak1D F1="0.999552" intensity="2.405645e-003" type="0"/>
    <Peak1D F1="0.973215" intensity="2.340800e-003" type="0"/>
    <Peak1D F1="0.962541" intensity="1.949036e-003" type="0"/>
    <Peak1D F1="0.951798" intensity="1.989762e-003" type="0"/>
    <Peak1D F1="0.939906" intensity="1.893361e-003" type="0"/>
    <Peak1D F1="0.919347" intensity="2.049638e-003" type="0"/>
    <Peak1D F1="0.848585" intensity="2.270194e-003" type="0"/>
    <Peak1D F1="0.814645" intensity="4.780880e-003" type="0"/>
    <Peak1D F1="0.798701" intensity="9.138609e-003" type="0"/>
    <Peak1D F1="0.780701" intensity="7.072046e-003" type="0"/>
    <Peak1D F1="0.764797" intensity="1.115548e-002" type="0"/>
    <Peak1D F1="0.746445" intensity="1.213097e-002" type="0"/>
    <Peak1D F1="0.727593" intensity="8.147261e-003" type="0"/>
    <Peak1D F1="0.708476" intensity="3.047222e-003" type="0"/>
    <Peak1D F1="0.673806" intensity="1.236710e-003" type="0"/>
    <Peak1D F1="0.645238" intensity="1.540015e-003" type="0"/>
    <Peak1D F1="0.626983" intensity="1.071082e-003" type="0"/>
    <Peak1D F1="0.586048" intensity="1.233253e-003" type="0"/>
    <Peak1D F1="0.568929" intensity="1.020723e-003" type="0"/>
    <Peak1D F1="0.562592" intensity="1.024585e-003" type="0"/>
    <Peak1D F1="0.522494" intensity="9.976951e-004" type="0"/>
    <Peak1D F1="0.496916" intensity="9.812315e-004" type="0"/>
    <Peak1D F1="0.482556" intensity="9.049008e-004" type="0"/>
    <Peak1D F1="0.238086" intensity="8.895993e-004" type="0"/>
    <Peak1D F1="0.050356" intensity="9.322079e-004" type="0"/>
    <Peak1D F1="0.009586" intensity="2.810072e-003" type="0"/>
    <Peak1D F1="-0.000150" intensity="4.975932e-002" type="0"/>
    <Peak1D F1="-0.027266" intensity="1.140320e-003" type="0"/>
    <Peak1D F1="-0.050657" intensity="1.170866e-003" type="0"/>
    <Peak1D F1="-1.842844" intensity="9.005178e-004" type="0"/>
    <Peak1D F1="-3.581738" intensity="9.525600e-004" type="0"/>
  </PeakList1D>
</PeakList>
