<?xml version="1.0" encoding="UTF-8"?>
<PeakList>
  <PeakList1D>
    <PeakList1DHeader creator="nmr" date="2021-08-11T14:55:29.606+03:00" expNo="20" name="ID-427-A-11.8.21" owner="" procNo="1" source="//132.72.8.180/400b/Milo/Milo">
      <PeakPickDetails>F1=16.141109ppm, F2=-3.887937ppm, MI=0.00cm, MAXI=10000.00cm, PC=1.000
      </PeakPickDetails>
    </PeakList1DHeader>
    <Peak1D F1="15.739047" intensity="1.295052e-003" type="0"/>
    <Peak1D F1="12.653440" intensity="1.290761e-003" type="0"/>
    <Peak1D F1="11.928500" intensity="1.661891e-003" type="0"/>
    <Peak1D F1="11.248883" intensity="1.327079e-003" type="0"/>
    <Peak1D F1="10.084918" intensity="5.212978e-003" type="0"/>
    <Peak1D F1="8.396654" intensity="1.428421e-003" type="0"/>
    <Peak1D F1="8.342179" intensity="6.824770e-003" type="0"/>
    <Peak1D F1="8.329822" intensity="9.703853e-003" type="0"/>
    <Peak1D F1="8.307903" intensity="6.926252e-003" type="0"/>
    <Peak1D F1="8.280647" intensity="4.225625e-003" type="0"/>
    <Peak1D F1="8.196280" intensity="4.723433e-002" type="0"/>
    <Peak1D F1="8.190447" intensity="5.118858e-002" type="0"/>
    <Peak1D F1="8.181214" intensity="7.004848e-002" type="0"/>
    <Peak1D F1="8.174494" intensity="7.990152e-002" type="0"/>
    <Peak1D F1="8.168303" intensity="7.704046e-002" type="0"/>
    <Peak1D F1="8.159117" intensity="8.835637e-002" type="0"/>
    <Peak1D F1="8.140107" intensity="8.271377e-001" type="0"/>
    <Peak1D F1="8.136029" intensity="1.294470e+000" type="0"/>
    <Peak1D F1="8.131434" intensity="8.615297e-001" type="0"/>
    <Peak1D F1="8.127257" intensity="8.071981e-001" type="0"/>
    <Peak1D F1="8.122643" intensity="7.674081e-001" type="0"/>
    <Peak1D F1="8.118472" intensity="1.177919e+000" type="0"/>
    <Peak1D F1="8.114060" intensity="1.370239e+000" type="0"/>
    <Peak1D F1="8.105393" intensity="6.927251e-001" type="0"/>
    <Peak1D F1="8.086248" intensity="9.326725e-002" type="0"/>
    <Peak1D F1="8.081901" intensity="8.432629e-002" type="0"/>
    <Peak1D F1="8.068686" intensity="3.886648e-002" type="0"/>
    <Peak1D F1="8.022631" intensity="9.096239e-003" type="0"/>
    <Peak1D F1="8.000407" intensity="3.887719e-003" type="0"/>
    <Peak1D F1="7.905051" intensity="6.000081e-003" type="0"/>
    <Peak1D F1="7.898699" intensity="5.774721e-003" type="0"/>
    <Peak1D F1="7.867600" intensity="5.416035e-003" type="0"/>
    <Peak1D F1="7.850213" intensity="6.461606e-003" type="0"/>
    <Peak1D F1="7.813437" intensity="3.633333e-003" type="0"/>
    <Peak1D F1="7.798460" intensity="3.972907e-003" type="0"/>
    <Peak1D F1="7.772749" intensity="6.881040e-003" type="0"/>
    <Peak1D F1="7.756312" intensity="7.045622e-003" type="0"/>
    <Peak1D F1="7.712493" intensity="6.437473e-003" type="0"/>
    <Peak1D F1="7.694599" intensity="1.036941e-002" type="0"/>
    <Peak1D F1="7.648736" intensity="1.761991e-002" type="0"/>
    <Peak1D F1="7.617289" intensity="8.322053e-002" type="0"/>
    <Peak1D F1="7.599762" intensity="9.274849e-002" type="0"/>
    <Peak1D F1="7.563282" intensity="1.182286e-001" type="0"/>
    <Peak1D F1="7.547964" intensity="1.417057e-001" type="0"/>
    <Peak1D F1="7.529371" intensity="8.724234e-002" type="0"/>
    <Peak1D F1="7.507978" intensity="1.695052e-001" type="0"/>
    <Peak1D F1="7.494844" intensity="2.181255e-001" type="0"/>
    <Peak1D F1="7.476272" intensity="1.551706e+000" type="0"/>
    <Peak1D F1="7.472528" intensity="1.251002e+000" type="0"/>
    <Peak1D F1="7.455060" intensity="1.461204e+000" type="0"/>
    <Peak1D F1="7.454468" intensity="1.456938e+000" type="0"/>
    <Peak1D F1="7.423930" intensity="1.530407e-001" type="0"/>
    <Peak1D F1="7.402288" intensity="1.079003e-001" type="0"/>
    <Peak1D F1="7.383545" intensity="4.140310e-002" type="0"/>
    <Peak1D F1="7.336580" intensity="1.467208e-002" type="0"/>
    <Peak1D F1="7.329043" intensity="8.250367e-003" type="0"/>
    <Peak1D F1="7.304222" intensity="1.951315e-002" type="0"/>
    <Peak1D F1="7.299379" intensity="1.884841e-002" type="0"/>
    <Peak1D F1="7.285244" intensity="1.721111e-001" type="0"/>
    <Peak1D F1="7.269559" intensity="3.796664e-002" type="0"/>
    <Peak1D F1="7.235629" intensity="8.632266e+000" type="0"/>
    <Peak1D F1="7.214061" intensity="1.994585e-002" type="0"/>
    <Peak1D F1="7.205084" intensity="1.210574e-002" type="0"/>
    <Peak1D F1="7.185283" intensity="1.629486e-001" type="0"/>
    <Peak1D F1="7.163744" intensity="2.851847e-003" type="0"/>
    <Peak1D F1="7.140123" intensity="1.348522e-003" type="0"/>
    <Peak1D F1="6.970869" intensity="4.587027e-002" type="0"/>
    <Peak1D F1="6.652100" intensity="1.560885e-003" type="0"/>
    <Peak1D F1="6.637069" intensity="1.561119e-003" type="0"/>
    <Peak1D F1="6.201159" intensity="4.708927e-003" type="0"/>
    <Peak1D F1="6.113950" intensity="8.440703e-003" type="0"/>
    <Peak1D F1="6.096240" intensity="5.698070e-003" type="0"/>
    <Peak1D F1="6.074769" intensity="7.695792e-003" type="0"/>
    <Peak1D F1="6.056108" intensity="3.802042e-002" type="0"/>
    <Peak1D F1="6.052114" intensity="3.943336e-002" type="0"/>
    <Peak1D F1="6.040919" intensity="4.379299e-002" type="0"/>
    <Peak1D F1="6.005904" intensity="1.181377e+000" type="0"/>
    <Peak1D F1="6.002204" intensity="2.148420e+000" type="0"/>
    <Peak1D F1="5.993542" intensity="3.442933e-001" type="0"/>
    <Peak1D F1="5.956148" intensity="3.446737e-002" type="0"/>
    <Peak1D F1="5.952314" intensity="2.733977e-002" type="0"/>
    <Peak1D F1="5.924757" intensity="2.777080e-002" type="0"/>
    <Peak1D F1="5.912287" intensity="2.765370e-002" type="0"/>
    <Peak1D F1="5.881052" intensity="1.624280e-003" type="0"/>
    <Peak1D F1="5.873856" intensity="1.822956e-003" type="0"/>
    <Peak1D F1="5.860176" intensity="1.819506e-003" type="0"/>
    <Peak1D F1="5.844185" intensity="1.733875e-003" type="0"/>
    <Peak1D F1="5.800166" intensity="7.065479e-003" type="0"/>
    <Peak1D F1="5.779273" intensity="2.385124e-003" type="0"/>
    <Peak1D F1="5.744231" intensity="9.244828e-003" type="0"/>
    <Peak1D F1="5.645039" intensity="1.474098e-003" type="0"/>
    <Peak1D F1="5.577351" intensity="6.251050e-003" type="0"/>
    <Peak1D F1="5.550670" intensity="5.707244e-003" type="0"/>
    <Peak1D F1="5.501067" intensity="5.317561e-003" type="0"/>
    <Peak1D F1="5.460662" intensity="4.258231e-002" type="0"/>
    <Peak1D F1="5.430688" intensity="2.371405e-002" type="0"/>
    <Peak1D F1="5.384289" intensity="1.757386e-002" type="0"/>
    <Peak1D F1="5.335042" intensity="2.018355e-001" type="0"/>
    <Peak1D F1="5.329856" intensity="2.055044e-001" type="0"/>
    <Peak1D F1="5.282052" intensity="3.637732e-003" type="0"/>
    <Peak1D F1="4.997864" intensity="6.344196e-003" type="0"/>
    <Peak1D F1="4.976269" intensity="7.642825e-003" type="0"/>
    <Peak1D F1="4.927617" intensity="1.583865e-002" type="0"/>
    <Peak1D F1="4.906067" intensity="2.665444e-002" type="0"/>
    <Peak1D F1="4.892683" intensity="3.922022e-002" type="0"/>
    <Peak1D F1="4.886329" intensity="2.648157e-002" type="0"/>
    <Peak1D F1="4.870388" intensity="6.814448e-002" type="0"/>
    <Peak1D F1="4.847132" intensity="5.060213e-002" type="0"/>
    <Peak1D F1="4.819126" intensity="9.474871e-001" type="0"/>
    <Peak1D F1="4.797174" intensity="9.677382e-001" type="0"/>
    <Peak1D F1="4.768981" intensity="4.549134e-002" type="0"/>
    <Peak1D F1="4.757923" intensity="3.417015e-002" type="0"/>
    <Peak1D F1="4.746677" intensity="5.126401e-002" type="0"/>
    <Peak1D F1="4.702488" intensity="4.335359e-002" type="0"/>
    <Peak1D F1="4.635206" intensity="3.553201e-002" type="0"/>
    <Peak1D F1="4.613654" intensity="3.031329e-002" type="0"/>
    <Peak1D F1="4.562313" intensity="1.481306e-002" type="0"/>
    <Peak1D F1="4.421601" intensity="4.915739e-003" type="0"/>
    <Peak1D F1="4.290964" intensity="1.514835e-003" type="0"/>
    <Peak1D F1="4.255495" intensity="1.357016e-003" type="0"/>
    <Peak1D F1="4.061998" intensity="3.828858e-003" type="0"/>
    <Peak1D F1="4.044138" intensity="1.082809e-002" type="0"/>
    <Peak1D F1="4.026243" intensity="1.071610e-002" type="0"/>
    <Peak1D F1="4.008265" intensity="2.861609e-003" type="0"/>
    <Peak1D F1="3.868586" intensity="1.885936e-002" type="0"/>
    <Peak1D F1="3.864992" intensity="3.328171e-002" type="0"/>
    <Peak1D F1="3.837631" intensity="6.341272e-003" type="0"/>
    <Peak1D F1="3.802539" intensity="1.419662e-002" type="0"/>
    <Peak1D F1="3.799112" intensity="2.165229e-002" type="0"/>
    <Peak1D F1="3.791960" intensity="1.051094e-002" type="0"/>
    <Peak1D F1="3.741302" intensity="1.087355e-001" type="0"/>
    <Peak1D F1="3.737602" intensity="9.650601e-002" type="0"/>
    <Peak1D F1="3.728799" intensity="4.465505e-002" type="0"/>
    <Peak1D F1="3.691148" intensity="3.620234e+000" type="0"/>
    <Peak1D F1="3.687588" intensity="6.515977e+000" type="0"/>
    <Peak1D F1="3.679247" intensity="1.065143e+000" type="0"/>
    <Peak1D F1="3.641330" intensity="1.053776e-001" type="0"/>
    <Peak1D F1="3.637690" intensity="8.298163e-002" type="0"/>
    <Peak1D F1="3.595932" intensity="5.733528e-003" type="0"/>
    <Peak1D F1="3.560264" intensity="3.851817e-003" type="0"/>
    <Peak1D F1="3.508824" intensity="2.264043e-002" type="0"/>
    <Peak1D F1="3.505347" intensity="3.716201e-002" type="0"/>
    <Peak1D F1="3.457290" intensity="5.555900e-003" type="0"/>
    <Peak1D F1="3.431226" intensity="6.122822e-003" type="0"/>
    <Peak1D F1="3.402492" intensity="5.217760e-003" type="0"/>
    <Peak1D F1="3.378983" intensity="6.212283e-003" type="0"/>
    <Peak1D F1="3.362517" intensity="5.887370e-003" type="0"/>
    <Peak1D F1="3.255720" intensity="4.003340e-003" type="0"/>
    <Peak1D F1="3.251188" intensity="3.964507e-003" type="0"/>
    <Peak1D F1="2.952583" intensity="5.765724e-003" type="0"/>
    <Peak1D F1="2.941267" intensity="9.775277e-003" type="0"/>
    <Peak1D F1="2.934851" intensity="9.960906e-003" type="0"/>
    <Peak1D F1="2.917843" intensity="6.817353e-003" type="0"/>
    <Peak1D F1="2.898167" intensity="2.723910e-003" type="0"/>
    <Peak1D F1="2.776759" intensity="7.615047e-003" type="0"/>
    <Peak1D F1="2.740979" intensity="1.269051e-002" type="0"/>
    <Peak1D F1="2.715775" intensity="7.923672e-003" type="0"/>
    <Peak1D F1="2.683161" intensity="4.523656e-003" type="0"/>
    <Peak1D F1="2.676159" intensity="2.877693e-003" type="0"/>
    <Peak1D F1="2.653975" intensity="4.940428e-003" type="0"/>
    <Peak1D F1="2.632015" intensity="4.923199e-003" type="0"/>
    <Peak1D F1="2.619549" intensity="3.445871e-003" type="0"/>
    <Peak1D F1="2.591749" intensity="6.683982e-003" type="0"/>
    <Peak1D F1="2.539930" intensity="2.528549e-002" type="0"/>
    <Peak1D F1="2.516611" intensity="2.440014e-002" type="0"/>
    <Peak1D F1="2.495021" intensity="2.579142e-002" type="0"/>
    <Peak1D F1="2.469797" intensity="2.143817e-002" type="0"/>
    <Peak1D F1="2.437981" intensity="2.287249e-002" type="0"/>
    <Peak1D F1="2.400388" intensity="1.746275e-001" type="0"/>
    <Peak1D F1="2.395141" intensity="1.857454e-001" type="0"/>
    <Peak1D F1="2.377801" intensity="3.371841e-001" type="0"/>
    <Peak1D F1="2.375402" intensity="3.491440e-001" type="0"/>
    <Peak1D F1="2.354235" intensity="5.557692e-001" type="0"/>
    <Peak1D F1="2.347561" intensity="4.567926e-001" type="0"/>
    <Peak1D F1="2.335305" intensity="4.550303e-001" type="0"/>
    <Peak1D F1="2.333277" intensity="4.544399e-001" type="0"/>
    <Peak1D F1="2.326237" intensity="4.957277e-001" type="0"/>
    <Peak1D F1="2.305517" intensity="2.407143e-001" type="0"/>
    <Peak1D F1="2.273884" intensity="1.002028e-001" type="0"/>
    <Peak1D F1="2.260332" intensity="1.287047e-001" type="0"/>
    <Peak1D F1="2.241153" intensity="1.244266e-001" type="0"/>
    <Peak1D F1="2.220919" intensity="1.519699e-001" type="0"/>
    <Peak1D F1="2.215833" intensity="1.919400e-001" type="0"/>
    <Peak1D F1="2.208697" intensity="1.267912e-001" type="0"/>
    <Peak1D F1="2.193614" intensity="3.184973e-001" type="0"/>
    <Peak1D F1="2.189297" intensity="2.839724e-001" type="0"/>
    <Peak1D F1="2.171910" intensity="2.663136e-001" type="0"/>
    <Peak1D F1="2.167153" intensity="3.538960e-001" type="0"/>
    <Peak1D F1="2.144909" intensity="3.779565e-001" type="0"/>
    <Peak1D F1="2.140503" intensity="3.969975e-001" type="0"/>
    <Peak1D F1="2.133431" intensity="5.265537e-001" type="0"/>
    <Peak1D F1="2.129903" intensity="5.469189e-001" type="0"/>
    <Peak1D F1="2.099388" intensity="5.358587e+000" type="0"/>
    <Peak1D F1="2.097278" intensity="5.060670e+000" type="0"/>
    <Peak1D F1="2.095263" intensity="4.947278e+000" type="0"/>
    <Peak1D F1="2.079872" intensity="1.451451e+001" type="0"/>
    <Peak1D F1="2.068375" intensity="6.930261e+000" type="0"/>
    <Peak1D F1="2.063147" intensity="7.566532e+000" type="0"/>
    <Peak1D F1="2.061562" intensity="8.001092e+000" type="0"/>
    <Peak1D F1="2.034141" intensity="7.408344e-001" type="0"/>
    <Peak1D F1="2.015437" intensity="3.314065e-001" type="0"/>
    <Peak1D F1="1.994357" intensity="1.822225e-001" type="0"/>
    <Peak1D F1="1.987854" intensity="1.804213e-001" type="0"/>
    <Peak1D F1="1.970458" intensity="2.421899e-001" type="0"/>
    <Peak1D F1="1.953231" intensity="5.168238e-001" type="0"/>
    <Peak1D F1="1.943909" intensity="5.834226e-001" type="0"/>
    <Peak1D F1="1.934688" intensity="8.502898e-001" type="0"/>
    <Peak1D F1="1.933221" intensity="8.436289e-001" type="0"/>
    <Peak1D F1="1.924695" intensity="1.163226e+000" type="0"/>
    <Peak1D F1="1.920995" intensity="1.338647e+000" type="0"/>
    <Peak1D F1="1.917635" intensity="1.570651e+000" type="0"/>
    <Peak1D F1="1.916337" intensity="1.536595e+000" type="0"/>
    <Peak1D F1="1.903057" intensity="7.544359e+000" type="0"/>
    <Peak1D F1="1.893758" intensity="8.352343e+000" type="0"/>
    <Peak1D F1="1.891939" intensity="8.182069e+000" type="0"/>
    <Peak1D F1="1.890972" intensity="8.189248e+000" type="0"/>
    <Peak1D F1="1.883197" intensity="1.500000e+001" type="0"/>
    <Peak1D F1="1.875151" intensity="8.805759e+000" type="0"/>
    <Peak1D F1="1.872273" intensity="7.215818e+000" type="0"/>
    <Peak1D F1="1.865815" intensity="5.632781e+000" type="0"/>
    <Peak1D F1="1.864313" intensity="5.629446e+000" type="0"/>
    <Peak1D F1="1.836634" intensity="5.563003e-001" type="0"/>
    <Peak1D F1="1.825511" intensity="3.368817e-001" type="0"/>
    <Peak1D F1="1.816670" intensity="2.373157e-001" type="0"/>
    <Peak1D F1="1.752525" intensity="9.406148e-002" type="0"/>
    <Peak1D F1="1.734977" intensity="1.409651e-001" type="0"/>
    <Peak1D F1="1.714705" intensity="2.532655e-001" type="0"/>
    <Peak1D F1="1.702152" intensity="4.003206e-001" type="0"/>
    <Peak1D F1="1.698697" intensity="4.245272e-001" type="0"/>
    <Peak1D F1="1.695170" intensity="4.360136e-001" type="0"/>
    <Peak1D F1="1.678401" intensity="6.924531e-001" type="0"/>
    <Peak1D F1="1.674841" intensity="6.092474e-001" type="0"/>
    <Peak1D F1="1.658406" intensity="5.057374e-001" type="0"/>
    <Peak1D F1="1.654206" intensity="4.911365e-001" type="0"/>
    <Peak1D F1="1.647585" intensity="3.907658e-001" type="0"/>
    <Peak1D F1="1.642376" intensity="3.754782e-001" type="0"/>
    <Peak1D F1="1.639031" intensity="3.521021e-001" type="0"/>
    <Peak1D F1="1.632173" intensity="2.677643e-001" type="0"/>
    <Peak1D F1="1.626470" intensity="2.489736e-001" type="0"/>
    <Peak1D F1="1.614323" intensity="1.913672e-001" type="0"/>
    <Peak1D F1="1.611487" intensity="1.931868e-001" type="0"/>
    <Peak1D F1="1.578760" intensity="7.233538e-002" type="0"/>
    <Peak1D F1="1.561180" intensity="6.156827e-002" type="0"/>
    <Peak1D F1="1.553552" intensity="6.919762e-002" type="0"/>
    <Peak1D F1="1.547346" intensity="8.067812e-002" type="0"/>
    <Peak1D F1="1.542437" intensity="8.782659e-002" type="0"/>
    <Peak1D F1="1.527753" intensity="1.505502e-001" type="0"/>
    <Peak1D F1="1.508543" intensity="2.557710e-001" type="0"/>
    <Peak1D F1="1.491682" intensity="2.604246e-001" type="0"/>
    <Peak1D F1="1.479312" intensity="2.309440e-001" type="0"/>
    <Peak1D F1="1.461557" intensity="2.009581e-001" type="0"/>
    <Peak1D F1="1.443797" intensity="7.329875e-002" type="0"/>
    <Peak1D F1="1.438014" intensity="5.522237e-002" type="0"/>
    <Peak1D F1="1.431232" intensity="5.325319e-002" type="0"/>
    <Peak1D F1="1.427184" intensity="5.609837e-002" type="0"/>
    <Peak1D F1="1.370446" intensity="1.915829e-002" type="0"/>
    <Peak1D F1="1.353883" intensity="1.873683e-002" type="0"/>
    <Peak1D F1="1.338482" intensity="1.806449e-002" type="0"/>
    <Peak1D F1="1.322235" intensity="1.622364e-002" type="0"/>
    <Peak1D F1="1.301720" intensity="1.365397e-002" type="0"/>
    <Peak1D F1="1.221664" intensity="1.807898e-002" type="0"/>
    <Peak1D F1="1.198482" intensity="2.685733e-002" type="0"/>
    <Peak1D F1="1.194933" intensity="3.423809e-002" type="0"/>
    <Peak1D F1="1.180544" intensity="4.748476e-002" type="0"/>
    <Peak1D F1="1.177116" intensity="5.698117e-002" type="0"/>
    <Peak1D F1="1.162680" intensity="2.240938e-002" type="0"/>
    <Peak1D F1="1.159226" intensity="2.677432e-002" type="0"/>
    <Peak1D F1="1.145292" intensity="1.467953e-002" type="0"/>
    <Peak1D F1="1.127431" intensity="1.107811e-002" type="0"/>
    <Peak1D F1="1.076353" intensity="7.202469e-003" type="0"/>
    <Peak1D F1="1.039598" intensity="6.677354e-003" type="0"/>
    <Peak1D F1="1.017440" intensity="6.753948e-003" type="0"/>
    <Peak1D F1="0.978923" intensity="5.596265e-003" type="0"/>
    <Peak1D F1="0.948243" intensity="5.477374e-003" type="0"/>
    <Peak1D F1="0.891208" intensity="5.535732e-003" type="0"/>
    <Peak1D F1="0.884932" intensity="4.514695e-003" type="0"/>
    <Peak1D F1="0.852342" intensity="4.845271e-003" type="0"/>
    <Peak1D F1="0.803225" intensity="1.097958e-002" type="0"/>
    <Peak1D F1="0.783090" intensity="7.926660e-003" type="0"/>
    <Peak1D F1="0.756425" intensity="6.822125e-003" type="0"/>
    <Peak1D F1="0.741672" intensity="5.035773e-003" type="0"/>
    <Peak1D F1="0.646124" intensity="3.445600e-003" type="0"/>
    <Peak1D F1="0.612536" intensity="3.089194e-003" type="0"/>
    <Peak1D F1="0.593826" intensity="3.121826e-003" type="0"/>
    <Peak1D F1="0.583149" intensity="3.214208e-003" type="0"/>
    <Peak1D F1="0.505026" intensity="2.354466e-003" type="0"/>
    <Peak1D F1="0.474710" intensity="2.272116e-003" type="0"/>
    <Peak1D F1="0.434313" intensity="2.264713e-003" type="0"/>
    <Peak1D F1="0.402874" intensity="2.164369e-003" type="0"/>
    <Peak1D F1="0.377490" intensity="2.542394e-003" type="0"/>
    <Peak1D F1="0.338754" intensity="1.847625e-003" type="0"/>
    <Peak1D F1="0.235743" intensity="2.063646e-003" type="0"/>
    <Peak1D F1="0.218737" intensity="2.141656e-003" type="0"/>
    <Peak1D F1="0.172572" intensity="1.688590e-003" type="0"/>
    <Peak1D F1="0.144669" intensity="1.648745e-003" type="0"/>
    <Peak1D F1="0.123667" intensity="1.539548e-003" type="0"/>
    <Peak1D F1="0.053814" intensity="1.426317e-003" type="0"/>
    <Peak1D F1="-0.000148" intensity="2.990731e-002" type="0"/>
    <Peak1D F1="-0.023571" intensity="1.683540e-003" type="0"/>
    <Peak1D F1="-0.040260" intensity="1.591298e-003" type="0"/>
    <Peak1D F1="-0.073323" intensity="1.344622e-003" type="0"/>
    <Peak1D F1="-3.135099" intensity="1.314404e-003" type="0"/>
    <Peak1D F1="-3.279031" intensity="1.401312e-003" type="0"/>
    <Peak1D F1="-3.304966" intensity="1.364714e-003" type="0"/>
    <Peak1D F1="-3.366574" intensity="1.386108e-003" type="0"/>
    <Peak1D F1="-3.392992" intensity="1.573640e-003" type="0"/>
    <Peak1D F1="-3.403964" intensity="1.470019e-003" type="0"/>
    <Peak1D F1="-3.477165" intensity="1.548698e-003" type="0"/>
    <Peak1D F1="-3.530699" intensity="1.407520e-003" type="0"/>
    <Peak1D F1="-3.588975" intensity="1.633962e-003" type="0"/>
    <Peak1D F1="-3.613408" intensity="1.373710e-003" type="0"/>
    <Peak1D F1="-3.638921" intensity="1.500056e-003" type="0"/>
    <Peak1D F1="-3.671977" intensity="1.486155e-003" type="0"/>
    <Peak1D F1="-3.733638" intensity="1.422324e-003" type="0"/>
  </PeakList1D>
</PeakList>
