<?xml version="1.0" encoding="UTF-8"?>
<PeakList>
  <PeakList1D>
    <PeakList1DHeader creator="nmr" date="2021-08-11T15:18:37.166+03:00" expNo="20" name="ID-427-B-11.8.21" owner="" procNo="1" source="//132.72.8.180/400b/Milo/Milo">
      <PeakPickDetails>F1=16.133801ppm, F2=-3.895245ppm, MI=0.00cm, MAXI=10000.00cm, PC=1.000
      </PeakPickDetails>
    </PeakList1DHeader>
    <Peak1D F1="11.619709" intensity="1.578038e-003" type="0"/>
    <Peak1D F1="10.085972" intensity="2.940879e-003" type="0"/>
    <Peak1D F1="8.408760" intensity="2.221856e-003" type="0"/>
    <Peak1D F1="8.398570" intensity="2.349121e-003" type="0"/>
    <Peak1D F1="8.388726" intensity="2.306314e-003" type="0"/>
    <Peak1D F1="8.371634" intensity="2.203488e-003" type="0"/>
    <Peak1D F1="8.327800" intensity="1.054829e-002" type="0"/>
    <Peak1D F1="8.312616" intensity="7.499605e-003" type="0"/>
    <Peak1D F1="8.277979" intensity="5.596750e-003" type="0"/>
    <Peak1D F1="8.218462" intensity="8.347143e-002" type="0"/>
    <Peak1D F1="8.215765" intensity="8.504778e-002" type="0"/>
    <Peak1D F1="8.196854" intensity="1.520016e-001" type="0"/>
    <Peak1D F1="8.182123" intensity="1.153078e-001" type="0"/>
    <Peak1D F1="8.177832" intensity="1.218818e-001" type="0"/>
    <Peak1D F1="8.143466" intensity="9.591797e-001" type="0"/>
    <Peak1D F1="8.138783" intensity="1.274002e+000" type="0"/>
    <Peak1D F1="8.133168" intensity="1.079147e+000" type="0"/>
    <Peak1D F1="8.126943" intensity="8.400509e-001" type="0"/>
    <Peak1D F1="8.121689" intensity="1.354162e+000" type="0"/>
    <Peak1D F1="8.116739" intensity="1.349181e+000" type="0"/>
    <Peak1D F1="8.112703" intensity="1.010054e+000" type="0"/>
    <Peak1D F1="8.102333" intensity="3.958942e-001" type="0"/>
    <Peak1D F1="8.082830" intensity="8.814860e-002" type="0"/>
    <Peak1D F1="8.080056" intensity="8.438761e-002" type="0"/>
    <Peak1D F1="8.026343" intensity="9.468512e-003" type="0"/>
    <Peak1D F1="8.021015" intensity="9.106744e-003" type="0"/>
    <Peak1D F1="7.998407" intensity="4.514726e-003" type="0"/>
    <Peak1D F1="7.906283" intensity="1.192048e-002" type="0"/>
    <Peak1D F1="7.877833" intensity="5.477989e-002" type="0"/>
    <Peak1D F1="7.872660" intensity="5.638646e-002" type="0"/>
    <Peak1D F1="7.867587" intensity="5.858045e-002" type="0"/>
    <Peak1D F1="7.860343" intensity="6.385524e-002" type="0"/>
    <Peak1D F1="7.855998" intensity="7.244591e-002" type="0"/>
    <Peak1D F1="7.851003" intensity="7.487371e-002" type="0"/>
    <Peak1D F1="7.845885" intensity="6.449421e-002" type="0"/>
    <Peak1D F1="7.833382" intensity="2.202266e-002" type="0"/>
    <Peak1D F1="7.829178" intensity="2.408420e-002" type="0"/>
    <Peak1D F1="7.791150" intensity="2.169620e-002" type="0"/>
    <Peak1D F1="7.786046" intensity="1.754592e-002" type="0"/>
    <Peak1D F1="7.773932" intensity="1.817086e-002" type="0"/>
    <Peak1D F1="7.769240" intensity="2.027134e-002" type="0"/>
    <Peak1D F1="7.717907" intensity="5.577175e-002" type="0"/>
    <Peak1D F1="7.696236" intensity="8.112697e-002" type="0"/>
    <Peak1D F1="7.687530" intensity="1.489901e-001" type="0"/>
    <Peak1D F1="7.685661" intensity="1.401005e-001" type="0"/>
    <Peak1D F1="7.679924" intensity="1.018908e-001" type="0"/>
    <Peak1D F1="7.665864" intensity="1.640900e-001" type="0"/>
    <Peak1D F1="7.658196" intensity="8.381636e-002" type="0"/>
    <Peak1D F1="7.637763" intensity="5.895036e-002" type="0"/>
    <Peak1D F1="7.617513" intensity="9.334765e-002" type="0"/>
    <Peak1D F1="7.588812" intensity="6.220719e-002" type="0"/>
    <Peak1D F1="7.565994" intensity="4.828073e-002" type="0"/>
    <Peak1D F1="7.549854" intensity="7.622326e-002" type="0"/>
    <Peak1D F1="7.527680" intensity="1.144462e-001" type="0"/>
    <Peak1D F1="7.507468" intensity="2.086841e-001" type="0"/>
    <Peak1D F1="7.505470" intensity="2.085606e-001" type="0"/>
    <Peak1D F1="7.487261" intensity="3.850757e-001" type="0"/>
    <Peak1D F1="7.478390" intensity="1.345992e+000" type="0"/>
    <Peak1D F1="7.477363" intensity="1.414436e+000" type="0"/>
    <Peak1D F1="7.474129" intensity="1.376494e+000" type="0"/>
    <Peak1D F1="7.456439" intensity="1.324995e+000" type="0"/>
    <Peak1D F1="7.452178" intensity="1.121154e+000" type="0"/>
    <Peak1D F1="7.431187" intensity="6.549057e-002" type="0"/>
    <Peak1D F1="7.424508" intensity="5.680740e-002" type="0"/>
    <Peak1D F1="7.409729" intensity="2.684627e-002" type="0"/>
    <Peak1D F1="7.402064" intensity="2.679572e-002" type="0"/>
    <Peak1D F1="7.352846" intensity="4.919778e-003" type="0"/>
    <Peak1D F1="7.277720" intensity="1.942502e-001" type="0"/>
    <Peak1D F1="7.262568" intensity="3.466516e-002" type="0"/>
    <Peak1D F1="7.254256" intensity="5.020918e-002" type="0"/>
    <Peak1D F1="7.228511" intensity="1.107314e+001" type="0"/>
    <Peak1D F1="7.204994" intensity="1.970952e-002" type="0"/>
    <Peak1D F1="7.196348" intensity="1.250508e-002" type="0"/>
    <Peak1D F1="7.186827" intensity="1.674253e-002" type="0"/>
    <Peak1D F1="7.178195" intensity="1.831999e-001" type="0"/>
    <Peak1D F1="6.963842" intensity="6.154850e-002" type="0"/>
    <Peak1D F1="6.950121" intensity="4.319782e-002" type="0"/>
    <Peak1D F1="6.945297" intensity="3.197083e-002" type="0"/>
    <Peak1D F1="6.932416" intensity="3.643361e-002" type="0"/>
    <Peak1D F1="6.928453" intensity="4.105737e-002" type="0"/>
    <Peak1D F1="6.901086" intensity="5.580631e-002" type="0"/>
    <Peak1D F1="6.895778" intensity="4.790587e-002" type="0"/>
    <Peak1D F1="6.884197" intensity="9.999003e-002" type="0"/>
    <Peak1D F1="6.879261" intensity="9.901472e-002" type="0"/>
    <Peak1D F1="6.861367" intensity="8.871385e-002" type="0"/>
    <Peak1D F1="6.854417" intensity="7.316128e-002" type="0"/>
    <Peak1D F1="6.848976" intensity="7.705697e-002" type="0"/>
    <Peak1D F1="6.843806" intensity="1.377662e-001" type="0"/>
    <Peak1D F1="6.838778" intensity="1.589728e-001" type="0"/>
    <Peak1D F1="6.832196" intensity="1.302780e-001" type="0"/>
    <Peak1D F1="6.827185" intensity="9.142102e-002" type="0"/>
    <Peak1D F1="6.822163" intensity="1.180821e-001" type="0"/>
    <Peak1D F1="6.816967" intensity="1.105297e-001" type="0"/>
    <Peak1D F1="6.772726" intensity="2.318199e-003" type="0"/>
    <Peak1D F1="6.761790" intensity="3.688223e-003" type="0"/>
    <Peak1D F1="6.757274" intensity="2.926442e-003" type="0"/>
    <Peak1D F1="6.735605" intensity="2.278608e-003" type="0"/>
    <Peak1D F1="6.696453" intensity="1.242877e-002" type="0"/>
    <Peak1D F1="6.691412" intensity="1.062283e-002" type="0"/>
    <Peak1D F1="6.656617" intensity="2.690379e-003" type="0"/>
    <Peak1D F1="6.202288" intensity="8.220429e-003" type="0"/>
    <Peak1D F1="6.174325" intensity="4.690427e-003" type="0"/>
    <Peak1D F1="6.114075" intensity="7.153406e-003" type="0"/>
    <Peak1D F1="6.088506" intensity="9.255951e-003" type="0"/>
    <Peak1D F1="6.057987" intensity="3.505605e-002" type="0"/>
    <Peak1D F1="6.054119" intensity="2.972187e-002" type="0"/>
    <Peak1D F1="6.048584" intensity="3.204554e-002" type="0"/>
    <Peak1D F1="6.037635" intensity="3.982138e-002" type="0"/>
    <Peak1D F1="6.008617" intensity="1.428776e+000" type="0"/>
    <Peak1D F1="6.004348" intensity="1.923667e+000" type="0"/>
    <Peak1D F1="5.998722" intensity="1.169350e+000" type="0"/>
    <Peak1D F1="5.958490" intensity="3.263219e-002" type="0"/>
    <Peak1D F1="5.954428" intensity="3.140198e-002" type="0"/>
    <Peak1D F1="5.948741" intensity="4.012071e-002" type="0"/>
    <Peak1D F1="5.939336" intensity="1.933749e-002" type="0"/>
    <Peak1D F1="5.914107" intensity="3.789101e-003" type="0"/>
    <Peak1D F1="5.802413" intensity="6.963603e-003" type="0"/>
    <Peak1D F1="5.782875" intensity="2.862407e-002" type="0"/>
    <Peak1D F1="5.745589" intensity="1.259508e-002" type="0"/>
    <Peak1D F1="5.663177" intensity="2.225760e-003" type="0"/>
    <Peak1D F1="5.632689" intensity="2.467390e-002" type="0"/>
    <Peak1D F1="5.606545" intensity="2.524510e-002" type="0"/>
    <Peak1D F1="5.569289" intensity="3.763011e-003" type="0"/>
    <Peak1D F1="5.558244" intensity="2.247511e-003" type="0"/>
    <Peak1D F1="5.541144" intensity="4.654977e-003" type="0"/>
    <Peak1D F1="5.501187" intensity="1.125607e-002" type="0"/>
    <Peak1D F1="5.464468" intensity="6.841744e-002" type="0"/>
    <Peak1D F1="5.434240" intensity="2.219054e-002" type="0"/>
    <Peak1D F1="5.385136" intensity="2.740600e-002" type="0"/>
    <Peak1D F1="5.335182" intensity="2.446630e-001" type="0"/>
    <Peak1D F1="5.290094" intensity="5.691176e-003" type="0"/>
    <Peak1D F1="5.285603" intensity="5.855530e-003" type="0"/>
    <Peak1D F1="5.263855" intensity="4.606207e-003" type="0"/>
    <Peak1D F1="5.259464" intensity="4.625961e-003" type="0"/>
    <Peak1D F1="5.101540" intensity="2.102137e-003" type="0"/>
    <Peak1D F1="4.995531" intensity="5.203455e-003" type="0"/>
    <Peak1D F1="4.973858" intensity="5.985072e-003" type="0"/>
    <Peak1D F1="4.965786" intensity="1.908943e-003" type="0"/>
    <Peak1D F1="4.923135" intensity="1.493793e-002" type="0"/>
    <Peak1D F1="4.901656" intensity="3.303828e-002" type="0"/>
    <Peak1D F1="4.889671" intensity="3.165919e-002" type="0"/>
    <Peak1D F1="4.882286" intensity="2.532677e-002" type="0"/>
    <Peak1D F1="4.866825" intensity="5.728365e-002" type="0"/>
    <Peak1D F1="4.843706" intensity="4.600015e-002" type="0"/>
    <Peak1D F1="4.831945" intensity="4.046607e-002" type="0"/>
    <Peak1D F1="4.816170" intensity="1.028126e+000" type="0"/>
    <Peak1D F1="4.794110" intensity="1.051095e+000" type="0"/>
    <Peak1D F1="4.766028" intensity="4.767093e-002" type="0"/>
    <Peak1D F1="4.743776" intensity="6.726312e-002" type="0"/>
    <Peak1D F1="4.699457" intensity="1.211126e-001" type="0"/>
    <Peak1D F1="4.632878" intensity="3.552175e-002" type="0"/>
    <Peak1D F1="4.609871" intensity="2.348348e-002" type="0"/>
    <Peak1D F1="4.496164" intensity="4.148127e-003" type="0"/>
    <Peak1D F1="4.466688" intensity="3.190742e-003" type="0"/>
    <Peak1D F1="4.404608" intensity="1.918308e-003" type="0"/>
    <Peak1D F1="4.343777" intensity="1.747574e-003" type="0"/>
    <Peak1D F1="4.256631" intensity="1.610128e-003" type="0"/>
    <Peak1D F1="3.991380" intensity="1.996660e-003" type="0"/>
    <Peak1D F1="3.959289" intensity="2.930916e-003" type="0"/>
    <Peak1D F1="3.929356" intensity="3.775709e-003" type="0"/>
    <Peak1D F1="3.870748" intensity="2.711055e-002" type="0"/>
    <Peak1D F1="3.866660" intensity="3.441061e-002" type="0"/>
    <Peak1D F1="3.861248" intensity="2.325848e-002" type="0"/>
    <Peak1D F1="3.822424" intensity="1.204778e-001" type="0"/>
    <Peak1D F1="3.818688" intensity="1.543876e-001" type="0"/>
    <Peak1D F1="3.813682" intensity="1.002779e-001" type="0"/>
    <Peak1D F1="3.799571" intensity="6.509999e-002" type="0"/>
    <Peak1D F1="3.789768" intensity="1.723689e-001" type="0"/>
    <Peak1D F1="3.785892" intensity="2.924763e-001" type="0"/>
    <Peak1D F1="3.781310" intensity="3.164045e-001" type="0"/>
    <Peak1D F1="3.776062" intensity="1.963513e-001" type="0"/>
    <Peak1D F1="3.768958" intensity="1.683392e-001" type="0"/>
    <Peak1D F1="3.764446" intensity="3.041028e-001" type="0"/>
    <Peak1D F1="3.759154" intensity="3.539190e-001" type="0"/>
    <Peak1D F1="3.756849" intensity="4.492680e-001" type="0"/>
    <Peak1D F1="3.752430" intensity="4.581698e-001" type="0"/>
    <Peak1D F1="3.746428" intensity="2.915259e-001" type="0"/>
    <Peak1D F1="3.742953" intensity="1.570044e-001" type="0"/>
    <Peak1D F1="3.739028" intensity="1.316285e-001" type="0"/>
    <Peak1D F1="3.733844" intensity="1.184373e-001" type="0"/>
    <Peak1D F1="3.728887" intensity="5.338889e-002" type="0"/>
    <Peak1D F1="3.693339" intensity="4.296759e+000" type="0"/>
    <Peak1D F1="3.689221" intensity="5.945311e+000" type="0"/>
    <Peak1D F1="3.683786" intensity="3.640273e+000" type="0"/>
    <Peak1D F1="3.643178" intensity="1.028831e-001" type="0"/>
    <Peak1D F1="3.639437" intensity="8.500540e-002" type="0"/>
    <Peak1D F1="3.633852" intensity="7.491545e-002" type="0"/>
    <Peak1D F1="3.612481" intensity="5.551983e-003" type="0"/>
    <Peak1D F1="3.607673" intensity="5.017248e-003" type="0"/>
    <Peak1D F1="3.573890" intensity="4.254598e-003" type="0"/>
    <Peak1D F1="3.550946" intensity="2.783509e-003" type="0"/>
    <Peak1D F1="3.535859" intensity="3.355032e-003" type="0"/>
    <Peak1D F1="3.510973" intensity="2.472399e-002" type="0"/>
    <Peak1D F1="3.506992" intensity="3.338920e-002" type="0"/>
    <Peak1D F1="3.501569" intensity="2.082038e-002" type="0"/>
    <Peak1D F1="3.473569" intensity="3.417297e-003" type="0"/>
    <Peak1D F1="3.465163" intensity="3.803034e-003" type="0"/>
    <Peak1D F1="3.451381" intensity="3.672569e-003" type="0"/>
    <Peak1D F1="3.395740" intensity="5.628029e-003" type="0"/>
    <Peak1D F1="3.389714" intensity="5.399445e-003" type="0"/>
    <Peak1D F1="3.373691" intensity="7.344836e-003" type="0"/>
    <Peak1D F1="3.356840" intensity="7.955907e-003" type="0"/>
    <Peak1D F1="3.239553" intensity="1.571434e-002" type="0"/>
    <Peak1D F1="3.094084" intensity="3.260498e-003" type="0"/>
    <Peak1D F1="3.015174" intensity="2.650206e-003" type="0"/>
    <Peak1D F1="2.993132" intensity="2.065593e-003" type="0"/>
    <Peak1D F1="2.953090" intensity="8.225243e-003" type="0"/>
    <Peak1D F1="2.936707" intensity="1.059140e-002" type="0"/>
    <Peak1D F1="2.919196" intensity="7.443615e-003" type="0"/>
    <Peak1D F1="2.899447" intensity="3.031430e-003" type="0"/>
    <Peak1D F1="2.813119" intensity="3.997298e-003" type="0"/>
    <Peak1D F1="2.791588" intensity="1.164984e-002" type="0"/>
    <Peak1D F1="2.782744" intensity="1.150182e-002" type="0"/>
    <Peak1D F1="2.756201" intensity="1.984691e-002" type="0"/>
    <Peak1D F1="2.729654" intensity="2.169811e-002" type="0"/>
    <Peak1D F1="2.709134" intensity="1.400269e-002" type="0"/>
    <Peak1D F1="2.677902" intensity="9.520826e-003" type="0"/>
    <Peak1D F1="2.648131" intensity="7.200168e-003" type="0"/>
    <Peak1D F1="2.616054" intensity="6.359589e-003" type="0"/>
    <Peak1D F1="2.544784" intensity="3.499442e-002" type="0"/>
    <Peak1D F1="2.517761" intensity="2.485511e-002" type="0"/>
    <Peak1D F1="2.495279" intensity="2.259597e-002" type="0"/>
    <Peak1D F1="2.476207" intensity="2.419161e-002" type="0"/>
    <Peak1D F1="2.464545" intensity="2.507355e-002" type="0"/>
    <Peak1D F1="2.443489" intensity="3.257961e-002" type="0"/>
    <Peak1D F1="2.405493" intensity="2.035631e-001" type="0"/>
    <Peak1D F1="2.399996" intensity="2.133706e-001" type="0"/>
    <Peak1D F1="2.394186" intensity="2.138291e-001" type="0"/>
    <Peak1D F1="2.389537" intensity="2.356158e-001" type="0"/>
    <Peak1D F1="2.384320" intensity="2.517201e-001" type="0"/>
    <Peak1D F1="2.372414" intensity="3.314876e-001" type="0"/>
    <Peak1D F1="2.362318" intensity="3.403448e-001" type="0"/>
    <Peak1D F1="2.352587" intensity="5.956531e-001" type="0"/>
    <Peak1D F1="2.342030" intensity="5.114336e-001" type="0"/>
    <Peak1D F1="2.331604" intensity="4.567163e-001" type="0"/>
    <Peak1D F1="2.321754" intensity="4.372101e-001" type="0"/>
    <Peak1D F1="2.301543" intensity="2.360316e-001" type="0"/>
    <Peak1D F1="2.284193" intensity="1.103322e-001" type="0"/>
    <Peak1D F1="2.281016" intensity="1.113598e-001" type="0"/>
    <Peak1D F1="2.265561" intensity="1.391678e-001" type="0"/>
    <Peak1D F1="2.245324" intensity="1.251038e-001" type="0"/>
    <Peak1D F1="2.227022" intensity="1.846662e-001" type="0"/>
    <Peak1D F1="2.221589" intensity="1.919776e-001" type="0"/>
    <Peak1D F1="2.213748" intensity="1.610778e-001" type="0"/>
    <Peak1D F1="2.204406" intensity="2.310510e-001" type="0"/>
    <Peak1D F1="2.199444" intensity="3.178415e-001" type="0"/>
    <Peak1D F1="2.194547" intensity="2.928239e-001" type="0"/>
    <Peak1D F1="2.187082" intensity="2.189244e-001" type="0"/>
    <Peak1D F1="2.178252" intensity="3.278712e-001" type="0"/>
    <Peak1D F1="2.172639" intensity="3.482977e-001" type="0"/>
    <Peak1D F1="2.165143" intensity="3.020964e-001" type="0"/>
    <Peak1D F1="2.150797" intensity="4.228441e-001" type="0"/>
    <Peak1D F1="2.146005" intensity="4.357395e-001" type="0"/>
    <Peak1D F1="2.137543" intensity="5.981977e-001" type="0"/>
    <Peak1D F1="2.133854" intensity="6.132597e-001" type="0"/>
    <Peak1D F1="2.129320" intensity="6.895960e-001" type="0"/>
    <Peak1D F1="2.103575" intensity="5.672152e+000" type="0"/>
    <Peak1D F1="2.098348" intensity="6.311068e+000" type="0"/>
    <Peak1D F1="2.095676" intensity="6.514112e+000" type="0"/>
    <Peak1D F1="2.087619" intensity="1.285342e+001" type="0"/>
    <Peak1D F1="2.084271" intensity="1.500000e+001" type="0"/>
    <Peak1D F1="2.079544" intensity="1.224281e+001" type="0"/>
    <Peak1D F1="2.069315" intensity="7.921744e+000" type="0"/>
    <Peak1D F1="2.067540" intensity="7.906622e+000" type="0"/>
    <Peak1D F1="2.066147" intensity="7.762489e+000" type="0"/>
    <Peak1D F1="2.044432" intensity="7.621301e-001" type="0"/>
    <Peak1D F1="2.038585" intensity="7.522077e-001" type="0"/>
    <Peak1D F1="2.035437" intensity="6.741120e-001" type="0"/>
    <Peak1D F1="2.019880" intensity="3.264455e-001" type="0"/>
    <Peak1D F1="1.990862" intensity="1.848813e-001" type="0"/>
    <Peak1D F1="1.969719" intensity="3.279179e-001" type="0"/>
    <Peak1D F1="1.963861" intensity="3.583607e-001" type="0"/>
    <Peak1D F1="1.948450" intensity="6.613039e-001" type="0"/>
    <Peak1D F1="1.945679" intensity="6.553243e-001" type="0"/>
    <Peak1D F1="1.936987" intensity="8.761952e-001" type="0"/>
    <Peak1D F1="1.934596" intensity="8.779981e-001" type="0"/>
    <Peak1D F1="1.922354" intensity="1.544119e+000" type="0"/>
    <Peak1D F1="1.919370" intensity="1.763160e+000" type="0"/>
    <Peak1D F1="1.914280" intensity="1.811019e+000" type="0"/>
    <Peak1D F1="1.904757" intensity="7.407106e+000" type="0"/>
    <Peak1D F1="1.898242" intensity="8.357274e+000" type="0"/>
    <Peak1D F1="1.895624" intensity="8.381843e+000" type="0"/>
    <Peak1D F1="1.888292" intensity="1.368147e+001" type="0"/>
    <Peak1D F1="1.884848" intensity="1.464587e+001" type="0"/>
    <Peak1D F1="1.880449" intensity="1.180121e+001" type="0"/>
    <Peak1D F1="1.873465" intensity="7.198946e+000" type="0"/>
    <Peak1D F1="1.868728" intensity="6.310571e+000" type="0"/>
    <Peak1D F1="1.851568" intensity="9.158116e-001" type="0"/>
    <Peak1D F1="1.843675" intensity="6.022177e-001" type="0"/>
    <Peak1D F1="1.838752" intensity="5.959575e-001" type="0"/>
    <Peak1D F1="1.830566" intensity="4.064718e-001" type="0"/>
    <Peak1D F1="1.819344" intensity="2.370234e-001" type="0"/>
    <Peak1D F1="1.779022" intensity="8.481712e-002" type="0"/>
    <Peak1D F1="1.753088" intensity="9.556517e-002" type="0"/>
    <Peak1D F1="1.736606" intensity="1.434119e-001" type="0"/>
    <Peak1D F1="1.718262" intensity="2.362092e-001" type="0"/>
    <Peak1D F1="1.715085" intensity="2.425974e-001" type="0"/>
    <Peak1D F1="1.712842" intensity="2.425901e-001" type="0"/>
    <Peak1D F1="1.696941" intensity="4.798875e-001" type="0"/>
    <Peak1D F1="1.677506" intensity="7.410614e-001" type="0"/>
    <Peak1D F1="1.674852" intensity="7.638654e-001" type="0"/>
    <Peak1D F1="1.658293" intensity="5.662795e-001" type="0"/>
    <Peak1D F1="1.654349" intensity="5.751482e-001" type="0"/>
    <Peak1D F1="1.643217" intensity="4.132275e-001" type="0"/>
    <Peak1D F1="1.638789" intensity="3.949414e-001" type="0"/>
    <Peak1D F1="1.627532" intensity="2.419212e-001" type="0"/>
    <Peak1D F1="1.622357" intensity="1.980385e-001" type="0"/>
    <Peak1D F1="1.615214" intensity="1.932124e-001" type="0"/>
    <Peak1D F1="1.564462" intensity="6.128743e-002" type="0"/>
    <Peak1D F1="1.543310" intensity="9.302273e-002" type="0"/>
    <Peak1D F1="1.526818" intensity="1.530048e-001" type="0"/>
    <Peak1D F1="1.508334" intensity="2.873348e-001" type="0"/>
    <Peak1D F1="1.489507" intensity="2.957303e-001" type="0"/>
    <Peak1D F1="1.478365" intensity="2.593406e-001" type="0"/>
    <Peak1D F1="1.459215" intensity="2.227737e-001" type="0"/>
    <Peak1D F1="1.441013" intensity="7.727335e-002" type="0"/>
    <Peak1D F1="1.433299" intensity="5.384987e-002" type="0"/>
    <Peak1D F1="1.430017" intensity="5.294210e-002" type="0"/>
    <Peak1D F1="1.427052" intensity="5.359726e-002" type="0"/>
    <Peak1D F1="1.391801" intensity="1.866334e-002" type="0"/>
    <Peak1D F1="1.367442" intensity="2.169469e-002" type="0"/>
    <Peak1D F1="1.344174" intensity="2.396378e-002" type="0"/>
    <Peak1D F1="1.320626" intensity="2.606242e-002" type="0"/>
    <Peak1D F1="1.277403" intensity="1.450661e-002" type="0"/>
    <Peak1D F1="1.272608" intensity="1.501027e-002" type="0"/>
    <Peak1D F1="1.228944" intensity="2.502446e-002" type="0"/>
    <Peak1D F1="1.180663" intensity="5.051271e-002" type="0"/>
    <Peak1D F1="1.100730" intensity="5.543616e-003" type="0"/>
    <Peak1D F1="1.063017" intensity="4.586905e-003" type="0"/>
    <Peak1D F1="1.040117" intensity="4.260585e-003" type="0"/>
    <Peak1D F1="1.017056" intensity="4.456841e-003" type="0"/>
    <Peak1D F1="1.001139" intensity="4.046716e-003" type="0"/>
    <Peak1D F1="0.963791" intensity="3.829082e-003" type="0"/>
    <Peak1D F1="0.922931" intensity="3.556631e-003" type="0"/>
    <Peak1D F1="0.902089" intensity="3.327029e-003" type="0"/>
    <Peak1D F1="0.881507" intensity="3.291203e-003" type="0"/>
    <Peak1D F1="0.804306" intensity="1.880589e-002" type="0"/>
    <Peak1D F1="0.786712" intensity="1.246853e-002" type="0"/>
    <Peak1D F1="0.763088" intensity="8.143089e-003" type="0"/>
    <Peak1D F1="0.698998" intensity="2.677006e-003" type="0"/>
    <Peak1D F1="0.651533" intensity="2.422122e-003" type="0"/>
    <Peak1D F1="0.600471" intensity="2.300075e-003" type="0"/>
    <Peak1D F1="0.561875" intensity="1.706930e-003" type="0"/>
    <Peak1D F1="0.526062" intensity="2.133664e-003" type="0"/>
    <Peak1D F1="0.512522" intensity="1.778506e-003" type="0"/>
    <Peak1D F1="0.479359" intensity="1.720433e-003" type="0"/>
    <Peak1D F1="0.467229" intensity="1.623487e-003" type="0"/>
    <Peak1D F1="0.456363" intensity="1.795983e-003" type="0"/>
    <Peak1D F1="0.381331" intensity="1.609098e-003" type="0"/>
    <Peak1D F1="0.284105" intensity="1.607944e-003" type="0"/>
    <Peak1D F1="-0.000152" intensity="3.008533e-002" type="0"/>
    <Peak1D F1="-3.344268" intensity="1.676193e-003" type="0"/>
    <Peak1D F1="-3.494841" intensity="1.843097e-003" type="0"/>
  </PeakList1D>
</PeakList>
