<?xml version="1.0" encoding="UTF-8"?>
<PeakList>
  <PeakList1D>
    <PeakList1DHeader creator="nmr" date="2021-08-11T18:34:05.001+03:00" expNo="20" name="ID-427-E-11.8.21" owner="" procNo="1" source="//132.72.8.180/400b/Milo/Milo">
      <PeakPickDetails>F1=16.142170ppm, F2=-3.886876ppm, MI=0.00cm, MAXI=10000.00cm, PC=1.000
      </PeakPickDetails>
    </PeakList1DHeader>
    <Peak1D F1="14.695276" intensity="1.491197e-003" type="0"/>
    <Peak1D F1="10.084478" intensity="4.047617e-003" type="0"/>
    <Peak1D F1="8.432440" intensity="2.042127e-003" type="0"/>
    <Peak1D F1="8.415668" intensity="2.519080e-003" type="0"/>
    <Peak1D F1="8.342220" intensity="8.342220e-003" type="0"/>
    <Peak1D F1="8.323423" intensity="1.275161e-002" type="0"/>
    <Peak1D F1="8.310182" intensity="1.026394e-002" type="0"/>
    <Peak1D F1="8.278003" intensity="7.146121e-003" type="0"/>
    <Peak1D F1="8.259921" intensity="1.255946e-002" type="0"/>
    <Peak1D F1="8.229514" intensity="7.873223e-002" type="0"/>
    <Peak1D F1="8.209127" intensity="1.143155e-001" type="0"/>
    <Peak1D F1="8.195547" intensity="1.046380e-001" type="0"/>
    <Peak1D F1="8.184246" intensity="9.223910e-002" type="0"/>
    <Peak1D F1="8.179066" intensity="9.059127e-002" type="0"/>
    <Peak1D F1="8.167102" intensity="9.279969e-002" type="0"/>
    <Peak1D F1="8.162717" intensity="9.000876e-002" type="0"/>
    <Peak1D F1="8.157943" intensity="8.681651e-002" type="0"/>
    <Peak1D F1="8.138313" intensity="1.152106e+000" type="0"/>
    <Peak1D F1="8.134655" intensity="1.301314e+000" type="0"/>
    <Peak1D F1="8.130117" intensity="9.021710e-001" type="0"/>
    <Peak1D F1="8.116930" intensity="1.856130e+000" type="0"/>
    <Peak1D F1="8.113136" intensity="1.533304e+000" type="0"/>
    <Peak1D F1="8.067436" intensity="4.989112e-002" type="0"/>
    <Peak1D F1="8.045333" intensity="1.478387e-002" type="0"/>
    <Peak1D F1="8.022656" intensity="5.472595e-003" type="0"/>
    <Peak1D F1="7.999563" intensity="3.755743e-003" type="0"/>
    <Peak1D F1="7.923244" intensity="6.118004e-003" type="0"/>
    <Peak1D F1="7.902565" intensity="8.591399e-003" type="0"/>
    <Peak1D F1="7.842320" intensity="2.431179e-003" type="0"/>
    <Peak1D F1="7.816628" intensity="2.561165e-003" type="0"/>
    <Peak1D F1="7.794132" intensity="2.605596e-003" type="0"/>
    <Peak1D F1="7.706662" intensity="1.725588e-002" type="0"/>
    <Peak1D F1="7.678559" intensity="4.484168e-002" type="0"/>
    <Peak1D F1="7.662064" intensity="3.529626e-002" type="0"/>
    <Peak1D F1="7.639511" intensity="3.689375e-002" type="0"/>
    <Peak1D F1="7.626052" intensity="6.001945e-002" type="0"/>
    <Peak1D F1="7.618322" intensity="8.029985e-002" type="0"/>
    <Peak1D F1="7.604052" intensity="8.913956e-002" type="0"/>
    <Peak1D F1="7.598421" intensity="1.042258e-001" type="0"/>
    <Peak1D F1="7.576502" intensity="9.511434e-002" type="0"/>
    <Peak1D F1="7.555135" intensity="9.272116e-002" type="0"/>
    <Peak1D F1="7.543470" intensity="8.826440e-002" type="0"/>
    <Peak1D F1="7.536780" intensity="9.242974e-002" type="0"/>
    <Peak1D F1="7.522674" intensity="1.740173e-001" type="0"/>
    <Peak1D F1="7.515827" intensity="1.674733e-001" type="0"/>
    <Peak1D F1="7.504173" intensity="2.429922e-001" type="0"/>
    <Peak1D F1="7.496711" intensity="2.709713e-001" type="0"/>
    <Peak1D F1="7.477726" intensity="1.687486e+000" type="0"/>
    <Peak1D F1="7.465417" intensity="1.014619e+000" type="0"/>
    <Peak1D F1="7.458461" intensity="1.552078e+000" type="0"/>
    <Peak1D F1="7.456629" intensity="1.616807e+000" type="0"/>
    <Peak1D F1="7.445429" intensity="7.280313e-001" type="0"/>
    <Peak1D F1="7.406613" intensity="1.074581e-001" type="0"/>
    <Peak1D F1="7.383206" intensity="3.066403e-002" type="0"/>
    <Peak1D F1="7.359675" intensity="2.348577e-002" type="0"/>
    <Peak1D F1="7.286450" intensity="2.106675e-001" type="0"/>
    <Peak1D F1="7.271406" intensity="1.125347e-001" type="0"/>
    <Peak1D F1="7.253060" intensity="1.447924e-001" type="0"/>
    <Peak1D F1="7.237031" intensity="7.662224e+000" type="0"/>
    <Peak1D F1="7.206651" intensity="2.389496e-002" type="0"/>
    <Peak1D F1="7.186556" intensity="1.387984e-001" type="0"/>
    <Peak1D F1="7.143195" intensity="2.696657e-002" type="0"/>
    <Peak1D F1="7.123545" intensity="3.402984e-002" type="0"/>
    <Peak1D F1="7.100495" intensity="2.964667e-002" type="0"/>
    <Peak1D F1="7.081280" intensity="3.053622e-002" type="0"/>
    <Peak1D F1="7.056044" intensity="5.514455e-002" type="0"/>
    <Peak1D F1="7.033808" intensity="7.007808e-002" type="0"/>
    <Peak1D F1="7.016283" intensity="4.381296e-002" type="0"/>
    <Peak1D F1="7.013092" intensity="4.316532e-002" type="0"/>
    <Peak1D F1="6.972264" intensity="4.283145e-002" type="0"/>
    <Peak1D F1="6.888715" intensity="3.336117e-003" type="0"/>
    <Peak1D F1="6.482275" intensity="1.654088e-003" type="0"/>
    <Peak1D F1="6.200052" intensity="7.756519e-003" type="0"/>
    <Peak1D F1="6.112975" intensity="1.767075e-002" type="0"/>
    <Peak1D F1="6.102068" intensity="1.843845e-002" type="0"/>
    <Peak1D F1="6.055332" intensity="8.104980e-002" type="0"/>
    <Peak1D F1="6.035593" intensity="4.571092e-002" type="0"/>
    <Peak1D F1="6.005379" intensity="1.615340e+000" type="0"/>
    <Peak1D F1="6.001837" intensity="1.658986e+000" type="0"/>
    <Peak1D F1="5.985756" intensity="6.137667e-001" type="0"/>
    <Peak1D F1="5.955593" intensity="7.242925e-002" type="0"/>
    <Peak1D F1="5.943811" intensity="4.847280e-002" type="0"/>
    <Peak1D F1="5.935700" intensity="3.009101e-002" type="0"/>
    <Peak1D F1="5.820729" intensity="1.634069e-002" type="0"/>
    <Peak1D F1="5.798612" intensity="5.845061e-003" type="0"/>
    <Peak1D F1="5.780724" intensity="1.961076e-002" type="0"/>
    <Peak1D F1="5.773972" intensity="2.460681e-002" type="0"/>
    <Peak1D F1="5.655344" intensity="1.167126e-002" type="0"/>
    <Peak1D F1="5.628839" intensity="1.232750e-002" type="0"/>
    <Peak1D F1="5.500394" intensity="2.623449e-003" type="0"/>
    <Peak1D F1="5.457318" intensity="1.732931e-002" type="0"/>
    <Peak1D F1="5.417568" intensity="6.715426e-003" type="0"/>
    <Peak1D F1="5.381238" intensity="9.952350e-003" type="0"/>
    <Peak1D F1="5.333011" intensity="1.439859e-001" type="0"/>
    <Peak1D F1="5.169460" intensity="5.534634e-003" type="0"/>
    <Peak1D F1="5.153941" intensity="5.425303e-003" type="0"/>
    <Peak1D F1="5.000105" intensity="4.462604e-003" type="0"/>
    <Peak1D F1="4.978829" intensity="5.198400e-003" type="0"/>
    <Peak1D F1="4.928784" intensity="9.717479e-003" type="0"/>
    <Peak1D F1="4.908542" intensity="1.590413e-002" type="0"/>
    <Peak1D F1="4.890372" intensity="3.439096e-002" type="0"/>
    <Peak1D F1="4.870924" intensity="3.097888e-002" type="0"/>
    <Peak1D F1="4.862199" intensity="3.861944e-002" type="0"/>
    <Peak1D F1="4.849103" intensity="3.381183e-002" type="0"/>
    <Peak1D F1="4.821787" intensity="1.078971e+000" type="0"/>
    <Peak1D F1="4.799934" intensity="1.111441e+000" type="0"/>
    <Peak1D F1="4.771538" intensity="3.016171e-002" type="0"/>
    <Peak1D F1="4.750672" intensity="4.676021e-002" type="0"/>
    <Peak1D F1="4.705307" intensity="1.519099e+000" type="0"/>
    <Peak1D F1="4.655264" intensity="3.124339e-002" type="0"/>
    <Peak1D F1="4.638049" intensity="9.547212e-003" type="0"/>
    <Peak1D F1="4.616668" intensity="7.034171e-003" type="0"/>
    <Peak1D F1="4.596477" intensity="2.237620e-003" type="0"/>
    <Peak1D F1="4.339679" intensity="2.460914e-003" type="0"/>
    <Peak1D F1="4.124651" intensity="1.586778e-003" type="0"/>
    <Peak1D F1="4.071662" intensity="5.031921e-003" type="0"/>
    <Peak1D F1="3.867769" intensity="2.548708e-002" type="0"/>
    <Peak1D F1="3.864400" intensity="2.664659e-002" type="0"/>
    <Peak1D F1="3.849186" intensity="1.111592e-002" type="0"/>
    <Peak1D F1="3.836639" intensity="5.449341e-003" type="0"/>
    <Peak1D F1="3.797960" intensity="2.108059e-002" type="0"/>
    <Peak1D F1="3.785907" intensity="1.594634e-002" type="0"/>
    <Peak1D F1="3.740527" intensity="1.229265e-001" type="0"/>
    <Peak1D F1="3.737297" intensity="1.118168e-001" type="0"/>
    <Peak1D F1="3.721468" intensity="7.723868e-002" type="0"/>
    <Peak1D F1="3.690403" intensity="4.751254e+000" type="0"/>
    <Peak1D F1="3.686944" intensity="5.027604e+000" type="0"/>
    <Peak1D F1="3.671528" intensity="1.820996e+000" type="0"/>
    <Peak1D F1="3.640836" intensity="1.079944e-001" type="0"/>
    <Peak1D F1="3.637436" intensity="9.500340e-002" type="0"/>
    <Peak1D F1="3.621373" intensity="4.328722e-002" type="0"/>
    <Peak1D F1="3.581659" intensity="3.106046e-003" type="0"/>
    <Peak1D F1="3.507986" intensity="3.173909e-002" type="0"/>
    <Peak1D F1="3.504697" intensity="3.416666e-002" type="0"/>
    <Peak1D F1="3.489298" intensity="1.817694e-002" type="0"/>
    <Peak1D F1="3.342329" intensity="5.113547e-002" type="0"/>
    <Peak1D F1="3.285322" intensity="1.796677e-003" type="0"/>
    <Peak1D F1="2.953704" intensity="8.789734e-003" type="0"/>
    <Peak1D F1="2.940957" intensity="1.435556e-002" type="0"/>
    <Peak1D F1="2.921522" intensity="1.202717e-002" type="0"/>
    <Peak1D F1="2.902912" intensity="1.090604e-002" type="0"/>
    <Peak1D F1="2.875096" intensity="1.099273e-002" type="0"/>
    <Peak1D F1="2.811535" intensity="6.151602e-003" type="0"/>
    <Peak1D F1="2.789793" intensity="1.454323e-002" type="0"/>
    <Peak1D F1="2.777627" intensity="1.468351e-002" type="0"/>
    <Peak1D F1="2.763945" intensity="1.876996e-002" type="0"/>
    <Peak1D F1="2.753600" intensity="1.869957e-002" type="0"/>
    <Peak1D F1="2.742986" intensity="1.487232e-002" type="0"/>
    <Peak1D F1="2.732179" intensity="1.361703e-002" type="0"/>
    <Peak1D F1="2.704542" intensity="9.353342e-003" type="0"/>
    <Peak1D F1="2.684298" intensity="1.171753e-002" type="0"/>
    <Peak1D F1="2.677502" intensity="1.074368e-002" type="0"/>
    <Peak1D F1="2.654827" intensity="1.229993e-002" type="0"/>
    <Peak1D F1="2.634921" intensity="8.402545e-003" type="0"/>
    <Peak1D F1="2.532885" intensity="2.377453e-002" type="0"/>
    <Peak1D F1="2.506541" intensity="2.503533e-002" type="0"/>
    <Peak1D F1="2.485040" intensity="2.357925e-002" type="0"/>
    <Peak1D F1="2.404619" intensity="2.087330e-001" type="0"/>
    <Peak1D F1="2.399081" intensity="2.259092e-001" type="0"/>
    <Peak1D F1="2.393558" intensity="2.283040e-001" type="0"/>
    <Peak1D F1="2.378541" intensity="4.900813e-001" type="0"/>
    <Peak1D F1="2.356272" intensity="7.971925e-001" type="0"/>
    <Peak1D F1="2.349194" intensity="6.938722e-001" type="0"/>
    <Peak1D F1="2.336503" intensity="7.045379e-001" type="0"/>
    <Peak1D F1="2.327900" intensity="7.907795e-001" type="0"/>
    <Peak1D F1="2.306902" intensity="3.602147e-001" type="0"/>
    <Peak1D F1="2.279483" intensity="1.122665e-001" type="0"/>
    <Peak1D F1="2.260921" intensity="1.454351e-001" type="0"/>
    <Peak1D F1="2.243897" intensity="1.653384e-001" type="0"/>
    <Peak1D F1="2.225774" intensity="1.480122e-001" type="0"/>
    <Peak1D F1="2.219637" intensity="2.357401e-001" type="0"/>
    <Peak1D F1="2.215378" intensity="2.138418e-001" type="0"/>
    <Peak1D F1="2.193045" intensity="4.613739e-001" type="0"/>
    <Peak1D F1="2.170839" intensity="5.343282e-001" type="0"/>
    <Peak1D F1="2.144425" intensity="6.057045e-001" type="0"/>
    <Peak1D F1="2.132252" intensity="7.176932e-001" type="0"/>
    <Peak1D F1="2.101614" intensity="5.410231e+000" type="0"/>
    <Peak1D F1="2.082363" intensity="1.487568e+001" type="0"/>
    <Peak1D F1="2.066398" intensity="1.166023e+001" type="0"/>
    <Peak1D F1="2.016666" intensity="5.204837e-001" type="0"/>
    <Peak1D F1="1.997192" intensity="3.124378e-001" type="0"/>
    <Peak1D F1="1.955821" intensity="7.186207e-001" type="0"/>
    <Peak1D F1="1.941980" intensity="7.912506e-001" type="0"/>
    <Peak1D F1="1.916929" intensity="1.786945e+000" type="0"/>
    <Peak1D F1="1.903452" intensity="7.417159e+000" type="0"/>
    <Peak1D F1="1.886101" intensity="1.462529e+001" type="0"/>
    <Peak1D F1="1.883761" intensity="1.500000e+001" type="0"/>
    <Peak1D F1="1.876012" intensity="1.099735e+001" type="0"/>
    <Peak1D F1="1.837987" intensity="7.359115e-001" type="0"/>
    <Peak1D F1="1.781288" intensity="7.491924e-002" type="0"/>
    <Peak1D F1="1.775777" intensity="7.442502e-002" type="0"/>
    <Peak1D F1="1.753186" intensity="8.788239e-002" type="0"/>
    <Peak1D F1="1.737291" intensity="1.463177e-001" type="0"/>
    <Peak1D F1="1.714909" intensity="2.957686e-001" type="0"/>
    <Peak1D F1="1.711252" intensity="2.814904e-001" type="0"/>
    <Peak1D F1="1.699259" intensity="5.437303e-001" type="0"/>
    <Peak1D F1="1.695271" intensity="5.914935e-001" type="0"/>
    <Peak1D F1="1.678236" intensity="8.962032e-001" type="0"/>
    <Peak1D F1="1.660894" intensity="6.891768e-001" type="0"/>
    <Peak1D F1="1.657388" intensity="6.759455e-001" type="0"/>
    <Peak1D F1="1.641695" intensity="4.453244e-001" type="0"/>
    <Peak1D F1="1.613767" intensity="2.020977e-001" type="0"/>
    <Peak1D F1="1.570319" intensity="5.117152e-002" type="0"/>
    <Peak1D F1="1.555506" intensity="5.600523e-002" type="0"/>
    <Peak1D F1="1.543293" intensity="9.730752e-002" type="0"/>
    <Peak1D F1="1.527336" intensity="2.058401e-001" type="0"/>
    <Peak1D F1="1.509659" intensity="3.320337e-001" type="0"/>
    <Peak1D F1="1.492197" intensity="3.502451e-001" type="0"/>
    <Peak1D F1="1.480620" intensity="3.455879e-001" type="0"/>
    <Peak1D F1="1.462984" intensity="2.653336e-001" type="0"/>
    <Peak1D F1="1.445666" intensity="1.004844e-001" type="0"/>
    <Peak1D F1="1.432265" intensity="6.399580e-002" type="0"/>
    <Peak1D F1="1.428076" intensity="6.639893e-002" type="0"/>
    <Peak1D F1="1.397233" intensity="2.090551e-002" type="0"/>
    <Peak1D F1="1.369895" intensity="2.347864e-002" type="0"/>
    <Peak1D F1="1.330346" intensity="1.191268e-002" type="0"/>
    <Peak1D F1="1.228718" intensity="2.149157e-002" type="0"/>
    <Peak1D F1="1.181582" intensity="3.948177e-002" type="0"/>
    <Peak1D F1="1.086028" intensity="2.188150e-003" type="0"/>
    <Peak1D F1="1.014247" intensity="2.012967e-003" type="0"/>
    <Peak1D F1="0.982668" intensity="1.765690e-003" type="0"/>
    <Peak1D F1="0.973842" intensity="1.976359e-003" type="0"/>
    <Peak1D F1="0.965148" intensity="1.903515e-003" type="0"/>
    <Peak1D F1="0.802391" intensity="1.811458e-002" type="0"/>
    <Peak1D F1="0.788173" intensity="1.215983e-002" type="0"/>
    <Peak1D F1="0.049554" intensity="1.862648e-003" type="0"/>
    <Peak1D F1="-0.000150" intensity="3.601078e-002" type="0"/>
    <Peak1D F1="-0.010698" intensity="1.203165e-002" type="0"/>
    <Peak1D F1="-1.883419" intensity="1.562991e-003" type="0"/>
    <Peak1D F1="-2.356612" intensity="1.522417e-003" type="0"/>
  </PeakList1D>
</PeakList>
