<?xml version="1.0" encoding="UTF-8"?>
<PeakList>
  <PeakList1D>
    <PeakList1DHeader creator="nmr" date="2021-08-09T15:45:57.968+03:00" expNo="10" name="ID-428-C" owner="" procNo="1" source="//132.72.8.180/400b/Milo/Milo">
      <PeakPickDetails>F1=16.189520ppm, F2=-3.839527ppm, MI=0.00cm, MAXI=10000.00cm, PC=1.000
      </PeakPickDetails>
    </PeakList1DHeader>
    <Peak1D F1="14.597670" intensity="4.830690e-003" type="0"/>
    <Peak1D F1="14.408781" intensity="4.469380e-003" type="0"/>
    <Peak1D F1="12.597785" intensity="4.430221e-003" type="0"/>
    <Peak1D F1="10.182848" intensity="3.143718e-002" type="0"/>
    <Peak1D F1="10.083023" intensity="4.703920e-003" type="0"/>
    <Peak1D F1="8.430898" intensity="2.067348e-002" type="0"/>
    <Peak1D F1="8.408655" intensity="2.487346e-002" type="0"/>
    <Peak1D F1="8.346622" intensity="5.211747e-003" type="0"/>
    <Peak1D F1="8.297974" intensity="1.045281e-002" type="0"/>
    <Peak1D F1="8.290835" intensity="9.937831e-003" type="0"/>
    <Peak1D F1="8.274566" intensity="1.324148e-002" type="0"/>
    <Peak1D F1="8.247111" intensity="2.560513e-001" type="0"/>
    <Peak1D F1="8.242025" intensity="4.448521e-001" type="0"/>
    <Peak1D F1="8.225033" intensity="3.359910e-001" type="0"/>
    <Peak1D F1="8.220144" intensity="4.225239e-001" type="0"/>
    <Peak1D F1="8.191766" intensity="1.250601e-002" type="0"/>
    <Peak1D F1="8.170318" intensity="7.370736e-003" type="0"/>
    <Peak1D F1="8.124054" intensity="5.215054e-003" type="0"/>
    <Peak1D F1="8.109152" intensity="2.672236e-002" type="0"/>
    <Peak1D F1="8.087975" intensity="2.432258e-002" type="0"/>
    <Peak1D F1="7.596581" intensity="1.355217e-002" type="0"/>
    <Peak1D F1="7.569380" intensity="2.074061e-001" type="0"/>
    <Peak1D F1="7.553299" intensity="4.073100e-001" type="0"/>
    <Peak1D F1="7.547649" intensity="3.004548e-001" type="0"/>
    <Peak1D F1="7.531294" intensity="3.458045e-001" type="0"/>
    <Peak1D F1="7.503559" intensity="1.070167e-002" type="0"/>
    <Peak1D F1="7.498565" intensity="8.710045e-003" type="0"/>
    <Peak1D F1="7.482377" intensity="7.484543e-003" type="0"/>
    <Peak1D F1="7.416701" intensity="4.922871e-003" type="0"/>
    <Peak1D F1="7.407117" intensity="5.912824e-003" type="0"/>
    <Peak1D F1="7.389299" intensity="6.260670e-003" type="0"/>
    <Peak1D F1="7.334495" intensity="1.612319e-001" type="0"/>
    <Peak1D F1="7.284435" intensity="1.144216e+001" type="0"/>
    <Peak1D F1="7.254907" intensity="2.707793e-002" type="0"/>
    <Peak1D F1="7.234449" intensity="2.085231e-001" type="0"/>
    <Peak1D F1="7.185422" intensity="6.140506e-003" type="0"/>
    <Peak1D F1="7.020419" intensity="6.383522e-002" type="0"/>
    <Peak1D F1="6.206065" intensity="4.577830e-002" type="0"/>
    <Peak1D F1="6.156170" intensity="7.918306e-003" type="0"/>
    <Peak1D F1="6.105967" intensity="6.213764e-001" type="0"/>
    <Peak1D F1="6.056176" intensity="1.099300e-002" type="0"/>
    <Peak1D F1="5.503902" intensity="9.019377e-003" type="0"/>
    <Peak1D F1="5.442165" intensity="1.220318e-001" type="0"/>
    <Peak1D F1="5.221610" intensity="5.538233e-003" type="0"/>
    <Peak1D F1="4.933189" intensity="5.957312e-003" type="0"/>
    <Peak1D F1="4.905854" intensity="4.866461e-003" type="0"/>
    <Peak1D F1="4.880655" intensity="9.077852e-002" type="0"/>
    <Peak1D F1="4.858018" intensity="9.266412e-002" type="0"/>
    <Peak1D F1="4.808297" intensity="5.496975e-003" type="0"/>
    <Peak1D F1="4.758970" intensity="1.374774e-001" type="0"/>
    <Peak1D F1="4.712042" intensity="4.461135e-003" type="0"/>
    <Peak1D F1="4.147823" intensity="1.057534e-002" type="0"/>
    <Peak1D F1="4.130072" intensity="8.374159e-003" type="0"/>
    <Peak1D F1="3.966134" intensity="1.135938e-002" type="0"/>
    <Peak1D F1="3.947606" intensity="4.517657e-003" type="0"/>
    <Peak1D F1="3.932241" intensity="2.148689e-002" type="0"/>
    <Peak1D F1="3.911103" intensity="1.754775e-002" type="0"/>
    <Peak1D F1="3.899592" intensity="1.449381e-001" type="0"/>
    <Peak1D F1="3.838895" intensity="3.159253e-002" type="0"/>
    <Peak1D F1="3.833270" intensity="7.629471e-002" type="0"/>
    <Peak1D F1="3.788853" intensity="1.905914e+000" type="0"/>
    <Peak1D F1="3.738956" intensity="3.462524e-002" type="0"/>
    <Peak1D F1="3.713374" intensity="5.292093e-003" type="0"/>
    <Peak1D F1="3.683102" intensity="5.870812e-003" type="0"/>
    <Peak1D F1="3.663275" intensity="6.153111e-003" type="0"/>
    <Peak1D F1="3.624441" intensity="6.868281e-003" type="0"/>
    <Peak1D F1="3.607963" intensity="1.312511e-002" type="0"/>
    <Peak1D F1="3.560591" intensity="8.315905e-003" type="0"/>
    <Peak1D F1="3.553928" intensity="7.465810e-003" type="0"/>
    <Peak1D F1="3.542942" intensity="8.454052e-003" type="0"/>
    <Peak1D F1="3.522467" intensity="8.594613e-003" type="0"/>
    <Peak1D F1="3.503791" intensity="1.006924e-002" type="0"/>
    <Peak1D F1="3.446018" intensity="7.375962e-003" type="0"/>
    <Peak1D F1="3.423265" intensity="4.960607e-003" type="0"/>
    <Peak1D F1="3.396905" intensity="5.513895e-003" type="0"/>
    <Peak1D F1="3.374825" intensity="5.154491e-003" type="0"/>
    <Peak1D F1="2.648596" intensity="8.839718e-002" type="0"/>
    <Peak1D F1="2.636920" intensity="8.266227e-002" type="0"/>
    <Peak1D F1="2.610500" intensity="9.758138e-003" type="0"/>
    <Peak1D F1="2.597652" intensity="9.205502e-003" type="0"/>
    <Peak1D F1="2.586461" intensity="8.207476e-003" type="0"/>
    <Peak1D F1="2.566479" intensity="5.777685e-003" type="0"/>
    <Peak1D F1="2.526338" intensity="5.178430e-002" type="0"/>
    <Peak1D F1="2.519750" intensity="6.046455e-002" type="0"/>
    <Peak1D F1="2.499990" intensity="8.949500e-002" type="0"/>
    <Peak1D F1="2.494181" intensity="6.276718e-002" type="0"/>
    <Peak1D F1="2.480656" intensity="6.309153e-002" type="0"/>
    <Peak1D F1="2.474359" intensity="6.513979e-002" type="0"/>
    <Peak1D F1="2.451110" intensity="5.816800e-002" type="0"/>
    <Peak1D F1="2.441989" intensity="5.006912e-002" type="0"/>
    <Peak1D F1="2.418088" intensity="5.954260e-002" type="0"/>
    <Peak1D F1="2.396428" intensity="8.007810e-002" type="0"/>
    <Peak1D F1="2.381853" intensity="6.979650e-002" type="0"/>
    <Peak1D F1="2.375325" intensity="6.171866e-002" type="0"/>
    <Peak1D F1="2.365673" intensity="5.522996e-002" type="0"/>
    <Peak1D F1="2.345093" intensity="8.622719e-002" type="0"/>
    <Peak1D F1="2.339508" intensity="6.428540e-002" type="0"/>
    <Peak1D F1="2.326721" intensity="4.396661e-002" type="0"/>
    <Peak1D F1="2.316814" intensity="5.261056e-002" type="0"/>
    <Peak1D F1="2.313205" intensity="5.318802e-002" type="0"/>
    <Peak1D F1="2.290273" intensity="7.382106e-002" type="0"/>
    <Peak1D F1="2.268604" intensity="6.932755e-002" type="0"/>
    <Peak1D F1="2.263558" intensity="7.710154e-002" type="0"/>
    <Peak1D F1="2.253747" intensity="1.299277e-001" type="0"/>
    <Peak1D F1="2.234184" intensity="3.340588e-001" type="0"/>
    <Peak1D F1="2.203762" intensity="4.593020e+000" type="0"/>
    <Peak1D F1="2.195395" intensity="3.701148e+000" type="0"/>
    <Peak1D F1="2.184509" intensity="1.438210e+001" type="0"/>
    <Peak1D F1="2.174532" intensity="3.859111e+000" type="0"/>
    <Peak1D F1="2.172805" intensity="3.942069e+000" type="0"/>
    <Peak1D F1="2.165734" intensity="7.295894e+000" type="0"/>
    <Peak1D F1="2.144427" intensity="3.768455e-001" type="0"/>
    <Peak1D F1="2.140145" intensity="3.780312e-001" type="0"/>
    <Peak1D F1="2.134890" intensity="4.222258e-001" type="0"/>
    <Peak1D F1="2.116506" intensity="1.800321e-001" type="0"/>
    <Peak1D F1="2.082610" intensity="7.624020e-002" type="0"/>
    <Peak1D F1="2.061398" intensity="1.700456e-001" type="0"/>
    <Peak1D F1="2.048008" intensity="2.216148e-001" type="0"/>
    <Peak1D F1="2.036574" intensity="2.998375e-001" type="0"/>
    <Peak1D F1="2.029331" intensity="4.347970e-001" type="0"/>
    <Peak1D F1="2.020380" intensity="6.707439e-001" type="0"/>
    <Peak1D F1="2.013828" intensity="9.153813e-001" type="0"/>
    <Peak1D F1="2.008890" intensity="8.556485e-001" type="0"/>
    <Peak1D F1="1.999119" intensity="7.243383e+000" type="0"/>
    <Peak1D F1="1.988005" intensity="6.222166e+000" type="0"/>
    <Peak1D F1="1.979446" intensity="1.500000e+001" type="0"/>
    <Peak1D F1="1.969503" intensity="5.625377e+000" type="0"/>
    <Peak1D F1="1.960161" intensity="4.801353e+000" type="0"/>
    <Peak1D F1="1.948147" intensity="6.230531e-001" type="0"/>
    <Peak1D F1="1.937867" intensity="3.662211e-001" type="0"/>
    <Peak1D F1="1.929859" intensity="3.575726e-001" type="0"/>
    <Peak1D F1="1.920374" intensity="1.522883e-001" type="0"/>
    <Peak1D F1="1.910427" intensity="1.167360e-001" type="0"/>
    <Peak1D F1="1.884947" intensity="3.026807e-002" type="0"/>
    <Peak1D F1="1.848195" intensity="3.458116e-002" type="0"/>
    <Peak1D F1="1.829168" intensity="6.859101e-002" type="0"/>
    <Peak1D F1="1.812317" intensity="9.112193e-002" type="0"/>
    <Peak1D F1="1.796222" intensity="8.087612e-002" type="0"/>
    <Peak1D F1="1.776956" intensity="8.267762e-002" type="0"/>
    <Peak1D F1="1.770405" intensity="1.383818e-001" type="0"/>
    <Peak1D F1="1.760152" intensity="1.055225e-001" type="0"/>
    <Peak1D F1="1.751567" intensity="1.330423e-001" type="0"/>
    <Peak1D F1="1.747281" intensity="1.299821e-001" type="0"/>
    <Peak1D F1="1.742105" intensity="1.371157e-001" type="0"/>
    <Peak1D F1="1.736502" intensity="1.104875e-001" type="0"/>
    <Peak1D F1="1.730803" intensity="1.252303e-001" type="0"/>
    <Peak1D F1="1.715480" intensity="7.957166e-002" type="0"/>
    <Peak1D F1="1.688069" intensity="3.915861e-002" type="0"/>
    <Peak1D F1="1.677493" intensity="4.406592e-002" type="0"/>
    <Peak1D F1="1.629429" intensity="1.177043e+000" type="0"/>
    <Peak1D F1="1.589769" intensity="5.555103e-002" type="0"/>
    <Peak1D F1="1.579700" intensity="4.624150e-002" type="0"/>
    <Peak1D F1="1.573156" intensity="5.530087e-002" type="0"/>
    <Peak1D F1="1.559699" intensity="3.381722e-002" type="0"/>
    <Peak1D F1="1.542371" intensity="3.557500e-002" type="0"/>
    <Peak1D F1="1.524864" intensity="1.312774e-002" type="0"/>
    <Peak1D F1="1.512971" intensity="1.413924e-002" type="0"/>
    <Peak1D F1="1.480895" intensity="7.597343e-003" type="0"/>
    <Peak1D F1="1.457806" intensity="6.925075e-003" type="0"/>
    <Peak1D F1="1.432859" intensity="5.695805e-003" type="0"/>
    <Peak1D F1="1.419751" intensity="5.183074e-003" type="0"/>
    <Peak1D F1="1.368994" intensity="6.604994e-003" type="0"/>
    <Peak1D F1="1.357638" intensity="8.564532e-003" type="0"/>
    <Peak1D F1="1.294059" intensity="3.849281e-002" type="0"/>
    <Peak1D F1="1.276416" intensity="6.717675e-002" type="0"/>
    <Peak1D F1="1.258541" intensity="2.022455e-002" type="0"/>
    <Peak1D F1="1.240612" intensity="6.853877e-003" type="0"/>
    <Peak1D F1="1.185204" intensity="5.597315e-003" type="0"/>
    <Peak1D F1="1.105878" intensity="5.927641e-003" type="0"/>
    <Peak1D F1="1.061194" intensity="4.827815e-003" type="0"/>
    <Peak1D F1="1.046008" intensity="4.866429e-003" type="0"/>
    <Peak1D F1="0.950224" intensity="4.603708e-003" type="0"/>
    <Peak1D F1="0.917571" intensity="2.514055e-002" type="0"/>
    <Peak1D F1="0.901137" intensity="6.606719e-002" type="0"/>
    <Peak1D F1="0.883613" intensity="3.023620e-002" type="0"/>
    <Peak1D F1="0.847379" intensity="7.236124e-003" type="0"/>
    <Peak1D F1="0.818458" intensity="5.155784e-003" type="0"/>
    <Peak1D F1="0.791083" intensity="4.693929e-003" type="0"/>
    <Peak1D F1="0.268460" intensity="4.585795e-003" type="0"/>
    <Peak1D F1="0.087376" intensity="1.535725e-002" type="0"/>
    <Peak1D F1="-3.310147" intensity="4.853436e-003" type="0"/>
    <Peak1D F1="-3.396520" intensity="4.392054e-003" type="0"/>
    <Peak1D F1="-3.624389" intensity="6.112943e-003" type="0"/>
  </PeakList1D>
</PeakList>
