<?xml version="1.0" encoding="UTF-8"?>
<PeakList>
  <PeakList1D>
    <PeakList1DHeader creator="nmr" date="2021-08-21T17:59:28.845+03:00" expNo="10" name="ID-420-A-21.8.21" owner="" procNo="1" source="//132.72.8.180/400b/Milo/Milo">
      <PeakPickDetails>F1=16.143259ppm, F2=-3.885787ppm, MI=0.00cm, MAXI=10000.00cm, PC=1.000
      </PeakPickDetails>
    </PeakList1DHeader>
    <Peak1D F1="15.857640" intensity="8.741942e-004" type="0"/>
    <Peak1D F1="15.638821" intensity="7.778035e-004" type="0"/>
    <Peak1D F1="15.613506" intensity="7.853681e-004" type="0"/>
    <Peak1D F1="12.297592" intensity="8.374272e-004" type="0"/>
    <Peak1D F1="12.234616" intensity="8.408524e-004" type="0"/>
    <Peak1D F1="12.040563" intensity="8.389030e-004" type="0"/>
    <Peak1D F1="11.683153" intensity="8.142941e-004" type="0"/>
    <Peak1D F1="11.089005" intensity="7.856718e-004" type="0"/>
    <Peak1D F1="10.312206" intensity="7.349142e-003" type="0"/>
    <Peak1D F1="10.222072" intensity="1.338927e-003" type="0"/>
    <Peak1D F1="10.190920" intensity="2.615675e-003" type="0"/>
    <Peak1D F1="10.141935" intensity="2.041154e-002" type="0"/>
    <Peak1D F1="10.122340" intensity="1.478402e-002" type="0"/>
    <Peak1D F1="10.091334" intensity="1.297387e+000" type="0"/>
    <Peak1D F1="10.059500" intensity="1.378801e-002" type="0"/>
    <Peak1D F1="10.041769" intensity="1.848712e-002" type="0"/>
    <Peak1D F1="10.028352" intensity="4.939000e-003" type="0"/>
    <Peak1D F1="9.864612" intensity="6.852153e-003" type="0"/>
    <Peak1D F1="8.542979" intensity="3.973904e-003" type="0"/>
    <Peak1D F1="8.525110" intensity="4.510502e-003" type="0"/>
    <Peak1D F1="8.494128" intensity="8.468222e-004" type="0"/>
    <Peak1D F1="8.384014" intensity="1.881930e-002" type="0"/>
    <Peak1D F1="8.365724" intensity="2.605537e-002" type="0"/>
    <Peak1D F1="8.333325" intensity="9.171672e-001" type="0"/>
    <Peak1D F1="8.315331" intensity="8.708001e-001" type="0"/>
    <Peak1D F1="8.311824" intensity="1.031688e+000" type="0"/>
    <Peak1D F1="8.264849" intensity="2.013274e-002" type="0"/>
    <Peak1D F1="8.230523" intensity="1.252883e-002" type="0"/>
    <Peak1D F1="8.226676" intensity="1.132378e-002" type="0"/>
    <Peak1D F1="8.221335" intensity="1.132798e-002" type="0"/>
    <Peak1D F1="8.203117" intensity="1.705160e-002" type="0"/>
    <Peak1D F1="8.194837" intensity="1.757262e-002" type="0"/>
    <Peak1D F1="8.181259" intensity="2.040369e-002" type="0"/>
    <Peak1D F1="8.174166" intensity="2.224902e-002" type="0"/>
    <Peak1D F1="8.144015" intensity="3.190724e-001" type="0"/>
    <Peak1D F1="8.140560" intensity="4.861696e-001" type="0"/>
    <Peak1D F1="8.135919" intensity="2.654600e-001" type="0"/>
    <Peak1D F1="8.123022" intensity="5.043101e-001" type="0"/>
    <Peak1D F1="8.118641" intensity="5.353009e-001" type="0"/>
    <Peak1D F1="8.077604" intensity="3.731124e-002" type="0"/>
    <Peak1D F1="8.072708" intensity="3.175441e-002" type="0"/>
    <Peak1D F1="8.055448" intensity="4.123521e-002" type="0"/>
    <Peak1D F1="8.044674" intensity="7.573838e-002" type="0"/>
    <Peak1D F1="8.027511" intensity="1.380840e+000" type="0"/>
    <Peak1D F1="8.022644" intensity="7.373155e-001" type="0"/>
    <Peak1D F1="8.005522" intensity="1.177995e+000" type="0"/>
    <Peak1D F1="7.977207" intensity="2.881516e-002" type="0"/>
    <Peak1D F1="7.955643" intensity="1.814507e-002" type="0"/>
    <Peak1D F1="7.935012" intensity="7.116561e-003" type="0"/>
    <Peak1D F1="7.913034" intensity="7.722642e-003" type="0"/>
    <Peak1D F1="7.853953" intensity="3.549651e-003" type="0"/>
    <Peak1D F1="7.831789" intensity="3.709872e-003" type="0"/>
    <Peak1D F1="7.817249" intensity="5.298047e-003" type="0"/>
    <Peak1D F1="7.798112" intensity="4.302510e-003" type="0"/>
    <Peak1D F1="7.688063" intensity="2.776236e-003" type="0"/>
    <Peak1D F1="7.665817" intensity="3.018140e-003" type="0"/>
    <Peak1D F1="7.615782" intensity="9.171491e-003" type="0"/>
    <Peak1D F1="7.594543" intensity="1.018893e-002" type="0"/>
    <Peak1D F1="7.539264" intensity="2.360513e-002" type="0"/>
    <Peak1D F1="7.519054" intensity="3.018916e-002" type="0"/>
    <Peak1D F1="7.510077" intensity="3.917019e-002" type="0"/>
    <Peak1D F1="7.497430" intensity="7.175651e-002" type="0"/>
    <Peak1D F1="7.483480" intensity="6.176180e-001" type="0"/>
    <Peak1D F1="7.462193" intensity="5.801193e-001" type="0"/>
    <Peak1D F1="7.435946" intensity="6.460604e-002" type="0"/>
    <Peak1D F1="7.415458" intensity="5.724391e-002" type="0"/>
    <Peak1D F1="7.381577" intensity="7.258769e-003" type="0"/>
    <Peak1D F1="7.364954" intensity="7.223807e-003" type="0"/>
    <Peak1D F1="7.336536" intensity="1.201128e-002" type="0"/>
    <Peak1D F1="7.287566" intensity="1.660732e-001" type="0"/>
    <Peak1D F1="7.262120" intensity="1.613353e-001" type="0"/>
    <Peak1D F1="7.257353" intensity="1.508273e-001" type="0"/>
    <Peak1D F1="7.238076" intensity="7.407326e+000" type="0"/>
    <Peak1D F1="7.187621" intensity="1.324381e-001" type="0"/>
    <Peak1D F1="7.123000" intensity="1.025381e-003" type="0"/>
    <Peak1D F1="7.101989" intensity="5.582376e-003" type="0"/>
    <Peak1D F1="7.081526" intensity="6.123921e-003" type="0"/>
    <Peak1D F1="7.034053" intensity="8.024073e-004" type="0"/>
    <Peak1D F1="6.973314" intensity="3.915411e-002" type="0"/>
    <Peak1D F1="6.871888" intensity="1.826829e-003" type="0"/>
    <Peak1D F1="6.849244" intensity="2.918982e-003" type="0"/>
    <Peak1D F1="6.823366" intensity="6.276183e-003" type="0"/>
    <Peak1D F1="6.801017" intensity="3.397683e-002" type="0"/>
    <Peak1D F1="6.795613" intensity="3.695392e-002" type="0"/>
    <Peak1D F1="6.789790" intensity="2.591420e-002" type="0"/>
    <Peak1D F1="6.783738" intensity="3.406944e-002" type="0"/>
    <Peak1D F1="6.778455" intensity="6.054812e-002" type="0"/>
    <Peak1D F1="6.773023" intensity="6.742306e-002" type="0"/>
    <Peak1D F1="6.767159" intensity="4.472675e-002" type="0"/>
    <Peak1D F1="6.761714" intensity="4.154522e-002" type="0"/>
    <Peak1D F1="6.756212" intensity="4.492270e-002" type="0"/>
    <Peak1D F1="6.750561" intensity="4.147539e-002" type="0"/>
    <Peak1D F1="6.715272" intensity="1.236114e-003" type="0"/>
    <Peak1D F1="6.326683" intensity="9.806158e-003" type="0"/>
    <Peak1D F1="6.255414" intensity="1.765141e-003" type="0"/>
    <Peak1D F1="6.233510" intensity="2.072165e-003" type="0"/>
    <Peak1D F1="6.205023" intensity="4.533627e-002" type="0"/>
    <Peak1D F1="6.143287" intensity="3.786880e-003" type="0"/>
    <Peak1D F1="6.112236" intensity="2.468278e-002" type="0"/>
    <Peak1D F1="6.093025" intensity="1.286022e-001" type="0"/>
    <Peak1D F1="6.050922" intensity="3.850102e-002" type="0"/>
    <Peak1D F1="6.048011" intensity="4.301689e-002" type="0"/>
    <Peak1D F1="6.032297" intensity="3.857464e-002" type="0"/>
    <Peak1D F1="6.005132" intensity="7.263898e-001" type="0"/>
    <Peak1D F1="6.001208" intensity="1.124516e+000" type="0"/>
    <Peak1D F1="5.985678" intensity="1.769809e-001" type="0"/>
    <Peak1D F1="5.955236" intensity="1.765989e-002" type="0"/>
    <Peak1D F1="5.951079" intensity="1.701142e-002" type="0"/>
    <Peak1D F1="5.938162" intensity="1.748804e-002" type="0"/>
    <Peak1D F1="5.925969" intensity="1.560147e-002" type="0"/>
    <Peak1D F1="5.890560" intensity="1.982245e-003" type="0"/>
    <Peak1D F1="5.878425" intensity="1.858904e-003" type="0"/>
    <Peak1D F1="5.860637" intensity="1.429588e-003" type="0"/>
    <Peak1D F1="5.826617" intensity="1.812415e-003" type="0"/>
    <Peak1D F1="5.799227" intensity="4.361096e-003" type="0"/>
    <Peak1D F1="5.794197" intensity="3.127170e-003" type="0"/>
    <Peak1D F1="5.636494" intensity="1.027002e-003" type="0"/>
    <Peak1D F1="5.426810" intensity="5.505113e-003" type="0"/>
    <Peak1D F1="5.399628" intensity="1.953322e-003" type="0"/>
    <Peak1D F1="5.374421" intensity="1.937392e-003" type="0"/>
    <Peak1D F1="5.339573" intensity="1.579584e-002" type="0"/>
    <Peak1D F1="5.261854" intensity="8.524262e-004" type="0"/>
    <Peak1D F1="5.220075" intensity="8.901416e-004" type="0"/>
    <Peak1D F1="5.165329" intensity="8.871489e-004" type="0"/>
    <Peak1D F1="5.053265" intensity="8.147173e-004" type="0"/>
    <Peak1D F1="5.005554" intensity="2.924097e-003" type="0"/>
    <Peak1D F1="4.983526" intensity="3.089450e-003" type="0"/>
    <Peak1D F1="4.926076" intensity="2.371203e-003" type="0"/>
    <Peak1D F1="4.896387" intensity="4.017274e-003" type="0"/>
    <Peak1D F1="4.875653" intensity="1.069426e-002" type="0"/>
    <Peak1D F1="4.854079" intensity="1.157243e-002" type="0"/>
    <Peak1D F1="4.826607" intensity="4.299139e-001" type="0"/>
    <Peak1D F1="4.804636" intensity="4.374365e-001" type="0"/>
    <Peak1D F1="4.776008" intensity="1.142287e-002" type="0"/>
    <Peak1D F1="4.754124" intensity="1.094089e-002" type="0"/>
    <Peak1D F1="4.710072" intensity="4.258024e-003" type="0"/>
    <Peak1D F1="4.690996" intensity="4.343491e-003" type="0"/>
    <Peak1D F1="4.643934" intensity="5.978440e-003" type="0"/>
    <Peak1D F1="4.620722" intensity="6.041752e-003" type="0"/>
    <Peak1D F1="4.593201" intensity="3.929142e-003" type="0"/>
    <Peak1D F1="4.571469" intensity="3.942119e-003" type="0"/>
    <Peak1D F1="4.521352" intensity="4.194566e-003" type="0"/>
    <Peak1D F1="4.500109" intensity="4.314508e-003" type="0"/>
    <Peak1D F1="4.406558" intensity="3.668868e-003" type="0"/>
    <Peak1D F1="4.318731" intensity="1.891236e-003" type="0"/>
    <Peak1D F1="4.308903" intensity="1.860478e-003" type="0"/>
    <Peak1D F1="4.262748" intensity="1.713112e-003" type="0"/>
    <Peak1D F1="4.117400" intensity="1.108178e-003" type="0"/>
    <Peak1D F1="4.073874" intensity="1.021797e-003" type="0"/>
    <Peak1D F1="4.059602" intensity="1.171803e-003" type="0"/>
    <Peak1D F1="4.033652" intensity="9.645556e-004" type="0"/>
    <Peak1D F1="3.922727" intensity="1.267856e-003" type="0"/>
    <Peak1D F1="3.881274" intensity="2.389074e-003" type="0"/>
    <Peak1D F1="3.866472" intensity="1.955942e-002" type="0"/>
    <Peak1D F1="3.851684" intensity="5.583833e-003" type="0"/>
    <Peak1D F1="3.839732" intensity="4.513759e-002" type="0"/>
    <Peak1D F1="3.803864" intensity="4.888740e-002" type="0"/>
    <Peak1D F1="3.800188" intensity="7.170621e-002" type="0"/>
    <Peak1D F1="3.746546" intensity="2.466998e-001" type="0"/>
    <Peak1D F1="3.739055" intensity="1.442682e-001" type="0"/>
    <Peak1D F1="3.719297" intensity="7.547436e-002" type="0"/>
    <Peak1D F1="3.702186" intensity="4.771181e-001" type="0"/>
    <Peak1D F1="3.692665" intensity="2.304219e+000" type="0"/>
    <Peak1D F1="3.689044" intensity="3.735171e+000" type="0"/>
    <Peak1D F1="3.674543" intensity="5.800234e-001" type="0"/>
    <Peak1D F1="3.659322" intensity="1.167640e-001" type="0"/>
    <Peak1D F1="3.642818" intensity="6.331280e-002" type="0"/>
    <Peak1D F1="3.638777" intensity="5.985069e-002" type="0"/>
    <Peak1D F1="3.624493" intensity="1.865776e-002" type="0"/>
    <Peak1D F1="3.563102" intensity="2.355044e-003" type="0"/>
    <Peak1D F1="3.542298" intensity="1.497104e-003" type="0"/>
    <Peak1D F1="3.518419" intensity="3.589019e-003" type="0"/>
    <Peak1D F1="3.510191" intensity="1.340782e-002" type="0"/>
    <Peak1D F1="3.506753" intensity="2.038760e-002" type="0"/>
    <Peak1D F1="3.471892" intensity="3.296725e-003" type="0"/>
    <Peak1D F1="3.448463" intensity="9.101893e-002" type="0"/>
    <Peak1D F1="3.399547" intensity="8.706756e-004" type="0"/>
    <Peak1D F1="2.957226" intensity="1.548321e-003" type="0"/>
    <Peak1D F1="2.945551" intensity="3.321815e-003" type="0"/>
    <Peak1D F1="2.938264" intensity="3.705408e-003" type="0"/>
    <Peak1D F1="2.927763" intensity="1.928991e-003" type="0"/>
    <Peak1D F1="2.780596" intensity="1.964975e-003" type="0"/>
    <Peak1D F1="2.768753" intensity="2.528370e-003" type="0"/>
    <Peak1D F1="2.743631" intensity="4.519921e-003" type="0"/>
    <Peak1D F1="2.721846" intensity="2.691978e-003" type="0"/>
    <Peak1D F1="2.516815" intensity="1.879212e-003" type="0"/>
    <Peak1D F1="2.484735" intensity="2.737497e-003" type="0"/>
    <Peak1D F1="2.410661" intensity="6.048265e-002" type="0"/>
    <Peak1D F1="2.405693" intensity="6.520075e-002" type="0"/>
    <Peak1D F1="2.400143" intensity="6.572162e-002" type="0"/>
    <Peak1D F1="2.389427" intensity="9.046365e-002" type="0"/>
    <Peak1D F1="2.382503" intensity="1.292551e-001" type="0"/>
    <Peak1D F1="2.372267" intensity="8.489002e-002" type="0"/>
    <Peak1D F1="2.359383" intensity="2.445359e-001" type="0"/>
    <Peak1D F1="2.351486" intensity="2.077744e-001" type="0"/>
    <Peak1D F1="2.338594" intensity="2.184721e-001" type="0"/>
    <Peak1D F1="2.330904" intensity="2.279631e-001" type="0"/>
    <Peak1D F1="2.309595" intensity="1.010887e-001" type="0"/>
    <Peak1D F1="2.266008" intensity="5.027955e-002" type="0"/>
    <Peak1D F1="2.248092" intensity="1.022896e-001" type="0"/>
    <Peak1D F1="2.226395" intensity="9.815631e-002" type="0"/>
    <Peak1D F1="2.221290" intensity="9.584634e-002" type="0"/>
    <Peak1D F1="2.213716" intensity="7.207885e-002" type="0"/>
    <Peak1D F1="2.198971" intensity="1.650479e-001" type="0"/>
    <Peak1D F1="2.194874" intensity="1.435415e-001" type="0"/>
    <Peak1D F1="2.177087" intensity="1.832966e-001" type="0"/>
    <Peak1D F1="2.172609" intensity="1.970475e-001" type="0"/>
    <Peak1D F1="2.137112" intensity="4.720628e-001" type="0"/>
    <Peak1D F1="2.106436" intensity="5.091860e+000" type="0"/>
    <Peak1D F1="2.104074" intensity="4.803587e+000" type="0"/>
    <Peak1D F1="2.086939" intensity="1.443269e+001" type="0"/>
    <Peak1D F1="2.070362" intensity="8.844523e+000" type="0"/>
    <Peak1D F1="2.068845" intensity="8.785152e+000" type="0"/>
    <Peak1D F1="1.957639" intensity="2.731298e-001" type="0"/>
    <Peak1D F1="1.937536" intensity="5.871152e-001" type="0"/>
    <Peak1D F1="1.924763" intensity="1.111470e+000" type="0"/>
    <Peak1D F1="1.921971" intensity="1.344176e+000" type="0"/>
    <Peak1D F1="1.907368" intensity="7.169749e+000" type="0"/>
    <Peak1D F1="1.897974" intensity="8.250566e+000" type="0"/>
    <Peak1D F1="1.894954" intensity="8.406733e+000" type="0"/>
    <Peak1D F1="1.887661" intensity="1.500000e+001" type="0"/>
    <Peak1D F1="1.880414" intensity="9.492090e+000" type="0"/>
    <Peak1D F1="1.876593" intensity="8.147595e+000" type="0"/>
    <Peak1D F1="1.870431" intensity="6.478018e+000" type="0"/>
    <Peak1D F1="1.756801" intensity="6.685260e-002" type="0"/>
    <Peak1D F1="1.739285" intensity="1.029090e-001" type="0"/>
    <Peak1D F1="1.720638" intensity="1.621186e-001" type="0"/>
    <Peak1D F1="1.702785" intensity="2.306065e-001" type="0"/>
    <Peak1D F1="1.699942" intensity="2.303741e-001" type="0"/>
    <Peak1D F1="1.682641" intensity="3.335997e-001" type="0"/>
    <Peak1D F1="1.662370" intensity="2.185950e-001" type="0"/>
    <Peak1D F1="1.658177" intensity="2.067398e-001" type="0"/>
    <Peak1D F1="1.636044" intensity="8.049840e-002" type="0"/>
    <Peak1D F1="1.630710" intensity="7.333691e-002" type="0"/>
    <Peak1D F1="1.615338" intensity="5.301228e-002" type="0"/>
    <Peak1D F1="1.574846" intensity="2.606987e-002" type="0"/>
    <Peak1D F1="1.548326" intensity="4.303243e-002" type="0"/>
    <Peak1D F1="1.533252" intensity="7.494610e-002" type="0"/>
    <Peak1D F1="1.514464" intensity="1.274669e-001" type="0"/>
    <Peak1D F1="1.497387" intensity="1.309179e-001" type="0"/>
    <Peak1D F1="1.485203" intensity="1.206705e-001" type="0"/>
    <Peak1D F1="1.467198" intensity="1.101647e-001" type="0"/>
    <Peak1D F1="1.450099" intensity="4.142536e-002" type="0"/>
    <Peak1D F1="1.437528" intensity="2.864834e-002" type="0"/>
    <Peak1D F1="1.433257" intensity="2.930633e-002" type="0"/>
    <Peak1D F1="1.338526" intensity="9.765995e-003" type="0"/>
    <Peak1D F1="1.316619" intensity="1.008483e-002" type="0"/>
    <Peak1D F1="1.306160" intensity="9.418155e-003" type="0"/>
    <Peak1D F1="1.296028" intensity="9.379186e-003" type="0"/>
    <Peak1D F1="1.230715" intensity="1.365250e-002" type="0"/>
    <Peak1D F1="1.211891" intensity="1.344454e-002" type="0"/>
    <Peak1D F1="1.196521" intensity="1.507331e-002" type="0"/>
    <Peak1D F1="1.180582" intensity="2.173338e-002" type="0"/>
    <Peak1D F1="1.171088" intensity="1.669160e-002" type="0"/>
    <Peak1D F1="1.167200" intensity="1.805610e-002" type="0"/>
    <Peak1D F1="1.151145" intensity="1.392553e-002" type="0"/>
    <Peak1D F1="1.060276" intensity="4.792985e-003" type="0"/>
    <Peak1D F1="1.039317" intensity="5.438471e-003" type="0"/>
    <Peak1D F1="1.022083" intensity="5.647840e-003" type="0"/>
    <Peak1D F1="0.936671" intensity="3.517181e-003" type="0"/>
    <Peak1D F1="0.894313" intensity="3.195977e-003" type="0"/>
    <Peak1D F1="0.869760" intensity="3.312342e-003" type="0"/>
    <Peak1D F1="0.851195" intensity="3.349144e-003" type="0"/>
    <Peak1D F1="0.800892" intensity="6.613348e-003" type="0"/>
    <Peak1D F1="0.787352" intensity="5.118488e-003" type="0"/>
    <Peak1D F1="0.753254" intensity="4.398965e-003" type="0"/>
    <Peak1D F1="0.647008" intensity="2.232875e-003" type="0"/>
    <Peak1D F1="0.612606" intensity="1.974268e-003" type="0"/>
    <Peak1D F1="0.567244" intensity="1.771587e-003" type="0"/>
    <Peak1D F1="0.532823" intensity="1.825165e-003" type="0"/>
    <Peak1D F1="0.504929" intensity="1.780077e-003" type="0"/>
    <Peak1D F1="0.458152" intensity="1.342733e-003" type="0"/>
    <Peak1D F1="0.437077" intensity="1.340870e-003" type="0"/>
    <Peak1D F1="0.422610" intensity="1.440178e-003" type="0"/>
    <Peak1D F1="0.397532" intensity="1.394339e-003" type="0"/>
    <Peak1D F1="0.329948" intensity="1.435637e-003" type="0"/>
    <Peak1D F1="0.320544" intensity="1.386103e-003" type="0"/>
    <Peak1D F1="0.309866" intensity="1.274299e-003" type="0"/>
    <Peak1D F1="0.288186" intensity="9.266415e-004" type="0"/>
    <Peak1D F1="0.272749" intensity="1.141260e-003" type="0"/>
    <Peak1D F1="0.247764" intensity="1.113590e-003" type="0"/>
    <Peak1D F1="0.229055" intensity="1.223104e-003" type="0"/>
    <Peak1D F1="0.200566" intensity="1.156282e-003" type="0"/>
    <Peak1D F1="0.178288" intensity="4.445687e-003" type="0"/>
    <Peak1D F1="0.145107" intensity="1.559722e-003" type="0"/>
    <Peak1D F1="0.108836" intensity="1.245141e-003" type="0"/>
    <Peak1D F1="0.075394" intensity="4.191228e-003" type="0"/>
    <Peak1D F1="0.050126" intensity="3.811093e-003" type="0"/>
    <Peak1D F1="0.034286" intensity="5.102104e-003" type="0"/>
    <Peak1D F1="-0.000155" intensity="1.784462e-001" type="0"/>
    <Peak1D F1="-0.050685" intensity="3.162347e-003" type="0"/>
    <Peak1D F1="-0.097464" intensity="1.021153e-003" type="0"/>
    <Peak1D F1="-0.149389" intensity="1.090335e-003" type="0"/>
    <Peak1D F1="-3.384971" intensity="7.836868e-004" type="0"/>
    <Peak1D F1="-3.603517" intensity="9.158258e-004" type="0"/>
  </PeakList1D>
</PeakList>
