<?xml version="1.0" encoding="UTF-8"?>
<PeakList>
  <PeakList1D>
    <PeakList1DHeader creator="nmr" date="2021-04-18T16:03:26.033+03:00" expNo="20" name="ID-350-Crude" owner="" procNo="1" source="//132.72.8.180/400b/Milo/Milo">
      <PeakPickDetails>F1=16.099979ppm, F2=-3.929066ppm, MI=0.00cm, MAXI=10000.00cm, PC=1.000
      </PeakPickDetails>
    </PeakList1DHeader>
    <Peak1D F1="10.093163" intensity="1.745003e-002" type="0"/>
    <Peak1D F1="8.362706" intensity="1.416623e-002" type="0"/>
    <Peak1D F1="8.342056" intensity="2.355085e-002" type="0"/>
    <Peak1D F1="8.320653" intensity="1.559967e-002" type="0"/>
    <Peak1D F1="8.266442" intensity="2.251926e-002" type="0"/>
    <Peak1D F1="8.240070" intensity="1.045801e-001" type="0"/>
    <Peak1D F1="8.218890" intensity="1.612400e-001" type="0"/>
    <Peak1D F1="8.207657" intensity="1.179756e-001" type="0"/>
    <Peak1D F1="8.199564" intensity="1.581260e-001" type="0"/>
    <Peak1D F1="8.185676" intensity="1.391350e-001" type="0"/>
    <Peak1D F1="8.179797" intensity="1.181715e-001" type="0"/>
    <Peak1D F1="8.173971" intensity="1.489802e-001" type="0"/>
    <Peak1D F1="8.163252" intensity="5.981807e-001" type="0"/>
    <Peak1D F1="8.157593" intensity="3.348523e+000" type="0"/>
    <Peak1D F1="8.152677" intensity="1.821105e+000" type="0"/>
    <Peak1D F1="8.135788" intensity="3.610082e+000" type="0"/>
    <Peak1D F1="8.130164" intensity="1.319990e+000" type="0"/>
    <Peak1D F1="8.107094" intensity="1.658409e-001" type="0"/>
    <Peak1D F1="8.085312" intensity="5.272480e-002" type="0"/>
    <Peak1D F1="8.059945" intensity="2.110673e-002" type="0"/>
    <Peak1D F1="8.050551" intensity="2.272847e-002" type="0"/>
    <Peak1D F1="8.036927" intensity="2.535885e-002" type="0"/>
    <Peak1D F1="8.020432" intensity="3.103744e-002" type="0"/>
    <Peak1D F1="7.998552" intensity="9.139930e-002" type="0"/>
    <Peak1D F1="7.987483" intensity="1.427742e-001" type="0"/>
    <Peak1D F1="7.973881" intensity="2.492303e-001" type="0"/>
    <Peak1D F1="7.942423" intensity="2.688568e-002" type="0"/>
    <Peak1D F1="7.920533" intensity="2.368331e-002" type="0"/>
    <Peak1D F1="7.741077" intensity="5.001543e-002" type="0"/>
    <Peak1D F1="7.728128" intensity="1.288341e-001" type="0"/>
    <Peak1D F1="7.710891" intensity="7.116157e-002" type="0"/>
    <Peak1D F1="7.680028" intensity="2.394041e-002" type="0"/>
    <Peak1D F1="7.647967" intensity="7.614525e-002" type="0"/>
    <Peak1D F1="7.626516" intensity="7.590036e-002" type="0"/>
    <Peak1D F1="7.617260" intensity="3.137967e-002" type="0"/>
    <Peak1D F1="7.608880" intensity="3.410833e-002" type="0"/>
    <Peak1D F1="7.594930" intensity="3.153466e-002" type="0"/>
    <Peak1D F1="7.587073" intensity="4.384365e-002" type="0"/>
    <Peak1D F1="7.557655" intensity="9.755755e-002" type="0"/>
    <Peak1D F1="7.535597" intensity="1.131194e-001" type="0"/>
    <Peak1D F1="7.525179" intensity="1.639672e-001" type="0"/>
    <Peak1D F1="7.515280" intensity="1.535139e-001" type="0"/>
    <Peak1D F1="7.502544" intensity="3.313228e-001" type="0"/>
    <Peak1D F1="7.492605" intensity="3.703631e-001" type="0"/>
    <Peak1D F1="7.479726" intensity="3.290992e+000" type="0"/>
    <Peak1D F1="7.457977" intensity="3.343270e+000" type="0"/>
    <Peak1D F1="7.439592" intensity="5.900453e-001" type="0"/>
    <Peak1D F1="7.407844" intensity="5.839354e-002" type="0"/>
    <Peak1D F1="7.370664" intensity="1.912634e-002" type="0"/>
    <Peak1D F1="7.351876" intensity="3.019499e-001" type="0"/>
    <Peak1D F1="7.339142" intensity="2.918334e-001" type="0"/>
    <Peak1D F1="7.320667" intensity="3.364050e-002" type="0"/>
    <Peak1D F1="7.286111" intensity="9.818679e-002" type="0"/>
    <Peak1D F1="7.276988" intensity="1.414978e-001" type="0"/>
    <Peak1D F1="7.272905" intensity="1.519894e-001" type="0"/>
    <Peak1D F1="7.264919" intensity="8.502770e-002" type="0"/>
    <Peak1D F1="7.245318" intensity="1.599278e-001" type="0"/>
    <Peak1D F1="7.235694" intensity="2.763606e-001" type="0"/>
    <Peak1D F1="7.223728" intensity="2.146514e-001" type="0"/>
    <Peak1D F1="7.194937" intensity="4.710082e+000" type="0"/>
    <Peak1D F1="7.168004" intensity="2.653194e-002" type="0"/>
    <Peak1D F1="7.144660" intensity="7.798012e-002" type="0"/>
    <Peak1D F1="7.042471" intensity="1.229995e-002" type="0"/>
    <Peak1D F1="6.930849" intensity="2.815960e-002" type="0"/>
    <Peak1D F1="6.674066" intensity="1.071625e-002" type="0"/>
    <Peak1D F1="6.583568" intensity="9.859590e-003" type="0"/>
    <Peak1D F1="6.215594" intensity="1.667034e-002" type="0"/>
    <Peak1D F1="6.117072" intensity="8.410556e-002" type="0"/>
    <Peak1D F1="6.067196" intensity="8.700269e-002" type="0"/>
    <Peak1D F1="6.040939" intensity="6.470036e-002" type="0"/>
    <Peak1D F1="6.017067" intensity="5.013322e+000" type="0"/>
    <Peak1D F1="5.966807" intensity="6.388147e-002" type="0"/>
    <Peak1D F1="5.949901" intensity="4.803855e-002" type="0"/>
    <Peak1D F1="5.937803" intensity="4.599047e-002" type="0"/>
    <Peak1D F1="5.820200" intensity="4.542389e-002" type="0"/>
    <Peak1D F1="5.814900" intensity="4.850776e-002" type="0"/>
    <Peak1D F1="5.662709" intensity="3.784522e-002" type="0"/>
    <Peak1D F1="5.635931" intensity="3.809046e-002" type="0"/>
    <Peak1D F1="5.506370" intensity="8.074128e-003" type="0"/>
    <Peak1D F1="5.488830" intensity="2.788670e-002" type="0"/>
    <Peak1D F1="5.466147" intensity="2.690369e-002" type="0"/>
    <Peak1D F1="5.449488" intensity="1.562725e-002" type="0"/>
    <Peak1D F1="5.436544" intensity="1.125029e-002" type="0"/>
    <Peak1D F1="5.395452" intensity="1.772238e-002" type="0"/>
    <Peak1D F1="5.351202" intensity="1.982884e-001" type="0"/>
    <Peak1D F1="5.291273" intensity="9.330687e-002" type="0"/>
    <Peak1D F1="5.280587" intensity="5.431537e-002" type="0"/>
    <Peak1D F1="5.248622" intensity="7.968785e-002" type="0"/>
    <Peak1D F1="5.230039" intensity="2.917847e+000" type="0"/>
    <Peak1D F1="5.179782" intensity="4.262078e-002" type="0"/>
    <Peak1D F1="5.059035" intensity="7.639759e-003" type="0"/>
    <Peak1D F1="5.005453" intensity="1.492540e-002" type="0"/>
    <Peak1D F1="4.968026" intensity="9.250050e-003" type="0"/>
    <Peak1D F1="4.946505" intensity="1.123483e-002" type="0"/>
    <Peak1D F1="4.879325" intensity="9.347256e-003" type="0"/>
    <Peak1D F1="4.871617" intensity="1.909276e-002" type="0"/>
    <Peak1D F1="4.853595" intensity="4.421579e-002" type="0"/>
    <Peak1D F1="4.833575" intensity="5.262103e-002" type="0"/>
    <Peak1D F1="4.817191" intensity="4.135622e-002" type="0"/>
    <Peak1D F1="4.790051" intensity="1.480473e+000" type="0"/>
    <Peak1D F1="4.767231" intensity="1.517013e+000" type="0"/>
    <Peak1D F1="4.740307" intensity="5.279632e-002" type="0"/>
    <Peak1D F1="4.727647" intensity="6.055107e-002" type="0"/>
    <Peak1D F1="4.715487" intensity="4.165744e-002" type="0"/>
    <Peak1D F1="4.677734" intensity="2.409368e+000" type="0"/>
    <Peak1D F1="4.626697" intensity="3.704956e-002" type="0"/>
    <Peak1D F1="4.605696" intensity="1.421490e-002" type="0"/>
    <Peak1D F1="4.583552" intensity="1.109690e-002" type="0"/>
    <Peak1D F1="4.346869" intensity="2.619024e-002" type="0"/>
    <Peak1D F1="4.081358" intensity="1.376802e-002" type="0"/>
    <Peak1D F1="3.951077" intensity="1.748463e-002" type="0"/>
    <Peak1D F1="3.877575" intensity="7.898187e-002" type="0"/>
    <Peak1D F1="3.843785" intensity="3.317491e-002" type="0"/>
    <Peak1D F1="3.821316" intensity="3.554502e-002" type="0"/>
    <Peak1D F1="3.810740" intensity="2.679628e-001" type="0"/>
    <Peak1D F1="3.795672" intensity="2.780409e-002" type="0"/>
    <Peak1D F1="3.750331" intensity="2.653981e-001" type="0"/>
    <Peak1D F1="3.745036" intensity="2.052990e-001" type="0"/>
    <Peak1D F1="3.700131" intensity="1.500000e+001" type="0"/>
    <Peak1D F1="3.672865" intensity="4.987540e-002" type="0"/>
    <Peak1D F1="3.664006" intensity="2.991436e-002" type="0"/>
    <Peak1D F1="3.649820" intensity="1.976966e-001" type="0"/>
    <Peak1D F1="3.631980" intensity="1.590688e-002" type="0"/>
    <Peak1D F1="3.600302" intensity="1.158831e-002" type="0"/>
    <Peak1D F1="3.517951" intensity="8.243663e-002" type="0"/>
    <Peak1D F1="3.065749" intensity="1.767997e-002" type="0"/>
    <Peak1D F1="2.934984" intensity="1.460431e-002" type="0"/>
    <Peak1D F1="2.917746" intensity="9.002597e-003" type="0"/>
    <Peak1D F1="2.797180" intensity="1.036911e-002" type="0"/>
    <Peak1D F1="2.786283" intensity="1.242280e-002" type="0"/>
    <Peak1D F1="2.758624" intensity="2.860129e-002" type="0"/>
    <Peak1D F1="2.746921" intensity="2.299693e-002" type="0"/>
    <Peak1D F1="2.738481" intensity="2.799578e-002" type="0"/>
    <Peak1D F1="2.642564" intensity="1.199167e-002" type="0"/>
    <Peak1D F1="2.618347" intensity="1.932453e-002" type="0"/>
    <Peak1D F1="2.577468" intensity="3.477852e-002" type="0"/>
    <Peak1D F1="2.543019" intensity="1.773423e-001" type="0"/>
    <Peak1D F1="2.531645" intensity="1.683394e-001" type="0"/>
    <Peak1D F1="2.493350" intensity="3.712248e-002" type="0"/>
    <Peak1D F1="2.483310" intensity="3.394620e-002" type="0"/>
    <Peak1D F1="2.460102" intensity="5.751254e-002" type="0"/>
    <Peak1D F1="2.437093" intensity="3.435053e-001" type="0"/>
    <Peak1D F1="2.432550" intensity="3.956589e-001" type="0"/>
    <Peak1D F1="2.410255" intensity="1.489550e+000" type="0"/>
    <Peak1D F1="2.387671" intensity="5.492198e-001" type="0"/>
    <Peak1D F1="2.383824" intensity="5.376019e-001" type="0"/>
    <Peak1D F1="2.363034" intensity="6.408591e-001" type="0"/>
    <Peak1D F1="2.349927" intensity="6.424342e-001" type="0"/>
    <Peak1D F1="2.336157" intensity="4.296202e-001" type="0"/>
    <Peak1D F1="2.325904" intensity="8.376721e-001" type="0"/>
    <Peak1D F1="2.315476" intensity="6.572455e-001" type="0"/>
    <Peak1D F1="2.307284" intensity="1.021442e+000" type="0"/>
    <Peak1D F1="2.297143" intensity="6.646158e-001" type="0"/>
    <Peak1D F1="2.276769" intensity="3.709629e-001" type="0"/>
    <Peak1D F1="2.251992" intensity="5.815188e-001" type="0"/>
    <Peak1D F1="2.229799" intensity="6.797120e-001" type="0"/>
    <Peak1D F1="2.225963" intensity="6.926116e-001" type="0"/>
    <Peak1D F1="2.203155" intensity="8.395291e-001" type="0"/>
    <Peak1D F1="2.181691" intensity="4.482712e-001" type="0"/>
    <Peak1D F1="2.176941" intensity="4.626053e-001" type="0"/>
    <Peak1D F1="2.154543" intensity="5.721532e-001" type="0"/>
    <Peak1D F1="2.146084" intensity="4.078131e-001" type="0"/>
    <Peak1D F1="2.115508" intensity="3.947474e+000" type="0"/>
    <Peak1D F1="2.096013" intensity="1.232021e+001" type="0"/>
    <Peak1D F1="2.077472" intensity="6.325475e+000" type="0"/>
    <Peak1D F1="2.056611" intensity="3.651778e-001" type="0"/>
    <Peak1D F1="2.051834" intensity="3.411318e-001" type="0"/>
    <Peak1D F1="2.046498" intensity="3.340425e-001" type="0"/>
    <Peak1D F1="2.039863" intensity="3.172535e-001" type="0"/>
    <Peak1D F1="2.027484" intensity="1.650279e-001" type="0"/>
    <Peak1D F1="1.986435" intensity="3.201557e-001" type="0"/>
    <Peak1D F1="1.969697" intensity="3.780012e-001" type="0"/>
    <Peak1D F1="1.964269" intensity="4.907186e-001" type="0"/>
    <Peak1D F1="1.958875" intensity="6.364386e-001" type="0"/>
    <Peak1D F1="1.954174" intensity="6.388794e-001" type="0"/>
    <Peak1D F1="1.949034" intensity="6.513038e-001" type="0"/>
    <Peak1D F1="1.941668" intensity="8.690031e-001" type="0"/>
    <Peak1D F1="1.932149" intensity="9.883615e-001" type="0"/>
    <Peak1D F1="1.925367" intensity="9.385477e-001" type="0"/>
    <Peak1D F1="1.920239" intensity="9.922673e-001" type="0"/>
    <Peak1D F1="1.910364" intensity="6.158843e+000" type="0"/>
    <Peak1D F1="1.899452" intensity="5.427416e+000" type="0"/>
    <Peak1D F1="1.890774" intensity="1.274008e+001" type="0"/>
    <Peak1D F1="1.880823" intensity="5.024624e+000" type="0"/>
    <Peak1D F1="1.871517" intensity="4.186848e+000" type="0"/>
    <Peak1D F1="1.859162" intensity="5.693690e-001" type="0"/>
    <Peak1D F1="1.849336" intensity="3.189698e-001" type="0"/>
    <Peak1D F1="1.840695" intensity="2.616969e-001" type="0"/>
    <Peak1D F1="1.821665" intensity="1.138882e-001" type="0"/>
    <Peak1D F1="1.798402" intensity="6.681289e-002" type="0"/>
    <Peak1D F1="1.779938" intensity="6.428777e-002" type="0"/>
    <Peak1D F1="1.759399" intensity="6.339847e-002" type="0"/>
    <Peak1D F1="1.744488" intensity="1.761126e-001" type="0"/>
    <Peak1D F1="1.728786" intensity="2.376158e-001" type="0"/>
    <Peak1D F1="1.723666" intensity="2.392074e-001" type="0"/>
    <Peak1D F1="1.716453" intensity="2.862439e-001" type="0"/>
    <Peak1D F1="1.707589" intensity="3.284087e-001" type="0"/>
    <Peak1D F1="1.700558" intensity="4.970011e-001" type="0"/>
    <Peak1D F1="1.696635" intensity="4.664787e-001" type="0"/>
    <Peak1D F1="1.686769" intensity="4.025551e-001" type="0"/>
    <Peak1D F1="1.680060" intensity="1.219300e+000" type="0"/>
    <Peak1D F1="1.670634" intensity="7.734426e-001" type="0"/>
    <Peak1D F1="1.656106" intensity="1.082835e+000" type="0"/>
    <Peak1D F1="1.639881" intensity="6.538606e-001" type="0"/>
    <Peak1D F1="1.635646" intensity="7.136815e-001" type="0"/>
    <Peak1D F1="1.624593" intensity="3.244498e-001" type="0"/>
    <Peak1D F1="1.619577" intensity="3.582777e-001" type="0"/>
    <Peak1D F1="1.600124" intensity="9.294195e-002" type="0"/>
    <Peak1D F1="1.584883" intensity="8.925293e-002" type="0"/>
    <Peak1D F1="1.534943" intensity="5.718877e-001" type="0"/>
    <Peak1D F1="1.519244" intensity="2.832283e-001" type="0"/>
    <Peak1D F1="1.512044" intensity="2.666816e-001" type="0"/>
    <Peak1D F1="1.500025" intensity="5.551450e-001" type="0"/>
    <Peak1D F1="1.482724" intensity="6.638691e-001" type="0"/>
    <Peak1D F1="1.469779" intensity="4.450215e-001" type="0"/>
    <Peak1D F1="1.452972" intensity="4.486663e-001" type="0"/>
    <Peak1D F1="1.441180" intensity="8.707355e-002" type="0"/>
    <Peak1D F1="1.435258" intensity="1.183709e-001" type="0"/>
    <Peak1D F1="1.423127" intensity="1.431630e-001" type="0"/>
    <Peak1D F1="1.353404" intensity="2.470392e-002" type="0"/>
    <Peak1D F1="1.328469" intensity="2.397471e-002" type="0"/>
    <Peak1D F1="1.231891" intensity="3.608257e-002" type="0"/>
    <Peak1D F1="1.184151" intensity="1.122338e-001" type="0"/>
    <Peak1D F1="1.151210" intensity="1.179258e-002" type="0"/>
    <Peak1D F1="1.139546" intensity="1.087476e-002" type="0"/>
    <Peak1D F1="0.921911" intensity="7.738303e-003" type="0"/>
    <Peak1D F1="0.858938" intensity="7.644747e-003" type="0"/>
    <Peak1D F1="0.810421" intensity="2.724891e-002" type="0"/>
    <Peak1D F1="0.378723" intensity="8.645752e-003" type="0"/>
    <Peak1D F1="0.362087" intensity="9.722208e-003" type="0"/>
    <Peak1D F1="0.049362" intensity="1.147854e-002" type="0"/>
    <Peak1D F1="0.017183" intensity="1.088526e-002" type="0"/>
    <Peak1D F1="-0.000149" intensity="5.123230e-001" type="0"/>
    <Peak1D F1="-0.024221" intensity="8.539900e-003" type="0"/>
    <Peak1D F1="-2.852424" intensity="7.945611e-003" type="0"/>
    <Peak1D F1="-3.374943" intensity="7.793869e-003" type="0"/>
  </PeakList1D>
</PeakList>
