<?xml version="1.0" encoding="UTF-8"?>
<PeakList>
  <PeakList1D>
    <PeakList1DHeader creator="nmr" date="2021-08-02T15:40:41.387+03:00" expNo="20" name="ID-420-E" owner="" procNo="1" source="//132.72.8.180/400b/Milo/Milo">
      <PeakPickDetails>F1=16.099100ppm, F2=-3.929945ppm, MI=0.00cm, MAXI=10000.00cm, PC=1.000
      </PeakPickDetails>
    </PeakList1DHeader>
    <Peak1D F1="13.766238" intensity="9.593448e-003" type="0"/>
    <Peak1D F1="13.091040" intensity="9.659882e-003" type="0"/>
    <Peak1D F1="12.831279" intensity="9.571140e-003" type="0"/>
    <Peak1D F1="12.272447" intensity="9.794874e-003" type="0"/>
    <Peak1D F1="10.093806" intensity="3.965952e-002" type="0"/>
    <Peak1D F1="9.993464" intensity="9.616301e-003" type="0"/>
    <Peak1D F1="9.136331" intensity="9.984245e-003" type="0"/>
    <Peak1D F1="8.342575" intensity="3.137616e-002" type="0"/>
    <Peak1D F1="8.321602" intensity="3.314935e-002" type="0"/>
    <Peak1D F1="8.250067" intensity="1.729742e-002" type="0"/>
    <Peak1D F1="8.230561" intensity="4.631247e-002" type="0"/>
    <Peak1D F1="8.208390" intensity="1.162798e-001" type="0"/>
    <Peak1D F1="8.187330" intensity="1.116853e-001" type="0"/>
    <Peak1D F1="8.160054" intensity="2.112947e+000" type="0"/>
    <Peak1D F1="8.138061" intensity="2.378528e+000" type="0"/>
    <Peak1D F1="8.112642" intensity="2.361247e-001" type="0"/>
    <Peak1D F1="8.092426" intensity="2.427007e-001" type="0"/>
    <Peak1D F1="8.042220" intensity="1.199166e-002" type="0"/>
    <Peak1D F1="8.020471" intensity="3.568875e-002" type="0"/>
    <Peak1D F1="7.998937" intensity="3.116332e-002" type="0"/>
    <Peak1D F1="7.949251" intensity="1.253179e-002" type="0"/>
    <Peak1D F1="7.924164" intensity="1.267701e-002" type="0"/>
    <Peak1D F1="7.880509" intensity="2.857939e-002" type="0"/>
    <Peak1D F1="7.870787" intensity="2.482727e-002" type="0"/>
    <Peak1D F1="7.859404" intensity="3.257938e-002" type="0"/>
    <Peak1D F1="7.840948" intensity="1.337959e-002" type="0"/>
    <Peak1D F1="7.815062" intensity="1.103836e-002" type="0"/>
    <Peak1D F1="7.794885" intensity="1.430476e-002" type="0"/>
    <Peak1D F1="7.758693" intensity="1.037788e-002" type="0"/>
    <Peak1D F1="7.685743" intensity="1.690152e-002" type="0"/>
    <Peak1D F1="7.661476" intensity="4.907910e-002" type="0"/>
    <Peak1D F1="7.640551" intensity="7.608729e-002" type="0"/>
    <Peak1D F1="7.629925" intensity="1.356696e-001" type="0"/>
    <Peak1D F1="7.610075" intensity="1.697096e-001" type="0"/>
    <Peak1D F1="7.586666" intensity="4.334831e-002" type="0"/>
    <Peak1D F1="7.574429" intensity="3.084537e-002" type="0"/>
    <Peak1D F1="7.554542" intensity="2.797268e-002" type="0"/>
    <Peak1D F1="7.537766" intensity="4.719121e-002" type="0"/>
    <Peak1D F1="7.528204" intensity="5.658053e-002" type="0"/>
    <Peak1D F1="7.520511" intensity="7.904492e-002" type="0"/>
    <Peak1D F1="7.504769" intensity="8.905702e-002" type="0"/>
    <Peak1D F1="7.498676" intensity="9.497640e-002" type="0"/>
    <Peak1D F1="7.480532" intensity="2.640261e+000" type="0"/>
    <Peak1D F1="7.458888" intensity="2.497449e+000" type="0"/>
    <Peak1D F1="7.440467" intensity="3.402783e-001" type="0"/>
    <Peak1D F1="7.408736" intensity="1.013063e-001" type="0"/>
    <Peak1D F1="7.398986" intensity="6.123362e-002" type="0"/>
    <Peak1D F1="7.381906" intensity="1.857359e-001" type="0"/>
    <Peak1D F1="7.361126" intensity="1.513873e-001" type="0"/>
    <Peak1D F1="7.341785" intensity="1.832603e-002" type="0"/>
    <Peak1D F1="7.325225" intensity="3.137401e-002" type="0"/>
    <Peak1D F1="7.285078" intensity="1.928026e-002" type="0"/>
    <Peak1D F1="7.273339" intensity="2.661732e-002" type="0"/>
    <Peak1D F1="7.254318" intensity="3.711202e-002" type="0"/>
    <Peak1D F1="7.244794" intensity="2.157531e-001" type="0"/>
    <Peak1D F1="7.218061" intensity="5.853456e-002" type="0"/>
    <Peak1D F1="7.194241" intensity="1.993529e+001" type="0"/>
    <Peak1D F1="7.153636" intensity="2.081285e-002" type="0"/>
    <Peak1D F1="7.144122" intensity="3.701971e-001" type="0"/>
    <Peak1D F1="6.930281" intensity="1.024262e-001" type="0"/>
    <Peak1D F1="6.709682" intensity="1.045310e-002" type="0"/>
    <Peak1D F1="6.313730" intensity="1.587553e-002" type="0"/>
    <Peak1D F1="6.118099" intensity="1.651629e-001" type="0"/>
    <Peak1D F1="6.067888" intensity="3.146220e-002" type="0"/>
    <Peak1D F1="6.041491" intensity="3.102165e-002" type="0"/>
    <Peak1D F1="6.018871" intensity="2.638278e+000" type="0"/>
    <Peak1D F1="5.968789" intensity="5.122619e-002" type="0"/>
    <Peak1D F1="5.949795" intensity="2.663607e-002" type="0"/>
    <Peak1D F1="5.939339" intensity="2.780654e-002" type="0"/>
    <Peak1D F1="5.806150" intensity="1.133247e-002" type="0"/>
    <Peak1D F1="5.652880" intensity="1.254521e-002" type="0"/>
    <Peak1D F1="5.626049" intensity="1.145288e-002" type="0"/>
    <Peak1D F1="5.491518" intensity="9.534196e-003" type="0"/>
    <Peak1D F1="5.357288" intensity="1.434487e-001" type="0"/>
    <Peak1D F1="5.350360" intensity="1.452298e-001" type="0"/>
    <Peak1D F1="5.306900" intensity="9.421596e-003" type="0"/>
    <Peak1D F1="5.120552" intensity="1.056444e-002" type="0"/>
    <Peak1D F1="4.968727" intensity="1.105649e-002" type="0"/>
    <Peak1D F1="4.947502" intensity="1.331797e-002" type="0"/>
    <Peak1D F1="4.849559" intensity="2.119253e-002" type="0"/>
    <Peak1D F1="4.839683" intensity="3.398547e-002" type="0"/>
    <Peak1D F1="4.816257" intensity="4.617389e-002" type="0"/>
    <Peak1D F1="4.789960" intensity="1.479692e+000" type="0"/>
    <Peak1D F1="4.767115" intensity="1.512196e+000" type="0"/>
    <Peak1D F1="4.740185" intensity="6.672357e-002" type="0"/>
    <Peak1D F1="4.717787" intensity="7.150265e-002" type="0"/>
    <Peak1D F1="4.672232" intensity="5.442212e-002" type="0"/>
    <Peak1D F1="4.659637" intensity="5.397400e-002" type="0"/>
    <Peak1D F1="4.636439" intensity="5.374081e-002" type="0"/>
    <Peak1D F1="4.632358" intensity="4.859203e-002" type="0"/>
    <Peak1D F1="4.625857" intensity="4.856476e-002" type="0"/>
    <Peak1D F1="4.606694" intensity="4.887514e-002" type="0"/>
    <Peak1D F1="4.585454" intensity="4.083455e-002" type="0"/>
    <Peak1D F1="4.568404" intensity="3.653384e-002" type="0"/>
    <Peak1D F1="4.465821" intensity="2.010359e-002" type="0"/>
    <Peak1D F1="4.450617" intensity="1.649600e-002" type="0"/>
    <Peak1D F1="4.433476" intensity="1.632886e-002" type="0"/>
    <Peak1D F1="4.413655" intensity="1.268184e-002" type="0"/>
    <Peak1D F1="4.385520" intensity="1.444037e-002" type="0"/>
    <Peak1D F1="4.368601" intensity="1.261960e-002" type="0"/>
    <Peak1D F1="4.334042" intensity="1.164501e-002" type="0"/>
    <Peak1D F1="4.183440" intensity="9.459985e-003" type="0"/>
    <Peak1D F1="3.945801" intensity="1.122899e-002" type="0"/>
    <Peak1D F1="3.923812" intensity="9.826717e-003" type="0"/>
    <Peak1D F1="3.879030" intensity="3.798196e-002" type="0"/>
    <Peak1D F1="3.844907" intensity="9.953973e-002" type="0"/>
    <Peak1D F1="3.823934" intensity="6.006679e-002" type="0"/>
    <Peak1D F1="3.812253" intensity="5.068983e-001" type="0"/>
    <Peak1D F1="3.745993" intensity="2.875695e-001" type="0"/>
    <Peak1D F1="3.730460" intensity="2.778438e-002" type="0"/>
    <Peak1D F1="3.701530" intensity="8.174640e+000" type="0"/>
    <Peak1D F1="3.651656" intensity="1.640226e-001" type="0"/>
    <Peak1D F1="3.518995" intensity="4.461898e-002" type="0"/>
    <Peak1D F1="3.419833" intensity="1.161760e-002" type="0"/>
    <Peak1D F1="2.941969" intensity="2.009523e-002" type="0"/>
    <Peak1D F1="2.936601" intensity="1.856489e-002" type="0"/>
    <Peak1D F1="2.926725" intensity="9.725725e-003" type="0"/>
    <Peak1D F1="2.751698" intensity="1.199846e-002" type="0"/>
    <Peak1D F1="2.744631" intensity="1.134513e-002" type="0"/>
    <Peak1D F1="2.516315" intensity="1.020955e-002" type="0"/>
    <Peak1D F1="2.503899" intensity="1.158755e-002" type="0"/>
    <Peak1D F1="2.483294" intensity="1.244243e-002" type="0"/>
    <Peak1D F1="2.434446" intensity="2.544792e-001" type="0"/>
    <Peak1D F1="2.413639" intensity="2.861741e-001" type="0"/>
    <Peak1D F1="2.389184" intensity="3.806310e-001" type="0"/>
    <Peak1D F1="2.386168" intensity="3.745415e-001" type="0"/>
    <Peak1D F1="2.365170" intensity="4.174180e-001" type="0"/>
    <Peak1D F1="2.349997" intensity="2.750249e-001" type="0"/>
    <Peak1D F1="2.327001" intensity="4.831423e-001" type="0"/>
    <Peak1D F1="2.319799" intensity="3.039110e-001" type="0"/>
    <Peak1D F1="2.316242" intensity="2.797518e-001" type="0"/>
    <Peak1D F1="2.307244" intensity="3.840998e-001" type="0"/>
    <Peak1D F1="2.296954" intensity="4.719708e-001" type="0"/>
    <Peak1D F1="2.276803" intensity="2.870276e-001" type="0"/>
    <Peak1D F1="2.253814" intensity="3.797635e-001" type="0"/>
    <Peak1D F1="2.231363" intensity="4.254322e-001" type="0"/>
    <Peak1D F1="2.227980" intensity="5.041639e-001" type="0"/>
    <Peak1D F1="2.204798" intensity="5.485597e-001" type="0"/>
    <Peak1D F1="2.183435" intensity="3.068315e-001" type="0"/>
    <Peak1D F1="2.178962" intensity="3.445567e-001" type="0"/>
    <Peak1D F1="2.156206" intensity="3.937450e-001" type="0"/>
    <Peak1D F1="2.145683" intensity="3.198808e-001" type="0"/>
    <Peak1D F1="2.116676" intensity="4.612036e+000" type="0"/>
    <Peak1D F1="2.106852" intensity="3.983427e+000" type="0"/>
    <Peak1D F1="2.097054" intensity="1.404269e+001" type="0"/>
    <Peak1D F1="2.086187" intensity="4.237372e+000" type="0"/>
    <Peak1D F1="2.078451" intensity="7.392776e+000" type="0"/>
    <Peak1D F1="2.047576" intensity="4.863184e-001" type="0"/>
    <Peak1D F1="2.028609" intensity="2.279928e-001" type="0"/>
    <Peak1D F1="1.987735" intensity="2.475104e-001" type="0"/>
    <Peak1D F1="1.970863" intensity="2.922753e-001" type="0"/>
    <Peak1D F1="1.959707" intensity="4.800688e-001" type="0"/>
    <Peak1D F1="1.949165" intensity="4.864060e-001" type="0"/>
    <Peak1D F1="1.940882" intensity="6.374983e-001" type="0"/>
    <Peak1D F1="1.932604" intensity="8.750948e-001" type="0"/>
    <Peak1D F1="1.926220" intensity="9.161705e-001" type="0"/>
    <Peak1D F1="1.921189" intensity="9.834209e-001" type="0"/>
    <Peak1D F1="1.910690" intensity="7.283888e+000" type="0"/>
    <Peak1D F1="1.900189" intensity="6.533769e+000" type="0"/>
    <Peak1D F1="1.891380" intensity="1.500000e+001" type="0"/>
    <Peak1D F1="1.881151" intensity="6.055727e+000" type="0"/>
    <Peak1D F1="1.872028" intensity="4.981670e+000" type="0"/>
    <Peak1D F1="1.860473" intensity="7.234105e-001" type="0"/>
    <Peak1D F1="1.850516" intensity="4.281797e-001" type="0"/>
    <Peak1D F1="1.841735" intensity="4.239028e-001" type="0"/>
    <Peak1D F1="1.833012" intensity="2.217236e-001" type="0"/>
    <Peak1D F1="1.823072" intensity="1.655530e-001" type="0"/>
    <Peak1D F1="1.810826" intensity="8.001293e-002" type="0"/>
    <Peak1D F1="1.789553" intensity="6.863988e-002" type="0"/>
    <Peak1D F1="1.774613" intensity="6.645244e-002" type="0"/>
    <Peak1D F1="1.760684" intensity="7.899604e-002" type="0"/>
    <Peak1D F1="1.744826" intensity="1.569919e-001" type="0"/>
    <Peak1D F1="1.729517" intensity="1.954253e-001" type="0"/>
    <Peak1D F1="1.724513" intensity="2.227073e-001" type="0"/>
    <Peak1D F1="1.717054" intensity="2.276565e-001" type="0"/>
    <Peak1D F1="1.708535" intensity="2.551013e-001" type="0"/>
    <Peak1D F1="1.701111" intensity="3.845682e-001" type="0"/>
    <Peak1D F1="1.697558" intensity="3.484612e-001" type="0"/>
    <Peak1D F1="1.687319" intensity="3.128898e-001" type="0"/>
    <Peak1D F1="1.680599" intensity="9.631845e-001" type="0"/>
    <Peak1D F1="1.674814" intensity="5.239121e-001" type="0"/>
    <Peak1D F1="1.671226" intensity="5.606195e-001" type="0"/>
    <Peak1D F1="1.656545" intensity="8.344008e-001" type="0"/>
    <Peak1D F1="1.652107" intensity="7.088357e-001" type="0"/>
    <Peak1D F1="1.640448" intensity="5.007111e-001" type="0"/>
    <Peak1D F1="1.636061" intensity="5.631543e-001" type="0"/>
    <Peak1D F1="1.624761" intensity="2.362421e-001" type="0"/>
    <Peak1D F1="1.620019" intensity="2.871113e-001" type="0"/>
    <Peak1D F1="1.565280" intensity="6.566287e-002" type="0"/>
    <Peak1D F1="1.534693" intensity="2.373583e-001" type="0"/>
    <Peak1D F1="1.519217" intensity="1.810284e-001" type="0"/>
    <Peak1D F1="1.512400" intensity="2.037147e-001" type="0"/>
    <Peak1D F1="1.500440" intensity="4.383143e-001" type="0"/>
    <Peak1D F1="1.482907" intensity="5.415507e-001" type="0"/>
    <Peak1D F1="1.470126" intensity="3.773390e-001" type="0"/>
    <Peak1D F1="1.453321" intensity="3.772995e-001" type="0"/>
    <Peak1D F1="1.441267" intensity="8.494083e-002" type="0"/>
    <Peak1D F1="1.435717" intensity="1.136910e-001" type="0"/>
    <Peak1D F1="1.423221" intensity="1.392867e-001" type="0"/>
    <Peak1D F1="1.387104" intensity="3.382720e-002" type="0"/>
    <Peak1D F1="1.362797" intensity="5.894251e-002" type="0"/>
    <Peak1D F1="1.353592" intensity="3.839314e-002" type="0"/>
    <Peak1D F1="1.314085" intensity="2.566158e+000" type="0"/>
    <Peak1D F1="1.280306" intensity="5.003200e-001" type="0"/>
    <Peak1D F1="1.265605" intensity="2.177115e+000" type="0"/>
    <Peak1D F1="1.238762" intensity="1.218701e-001" type="0"/>
    <Peak1D F1="1.220538" intensity="1.436508e-001" type="0"/>
    <Peak1D F1="1.215490" intensity="1.355271e-001" type="0"/>
    <Peak1D F1="1.195049" intensity="8.283868e-002" type="0"/>
    <Peak1D F1="1.184926" intensity="1.006594e-001" type="0"/>
    <Peak1D F1="1.155947" intensity="3.448719e-002" type="0"/>
    <Peak1D F1="1.105723" intensity="1.946298e-002" type="0"/>
    <Peak1D F1="1.082869" intensity="1.294999e-002" type="0"/>
    <Peak1D F1="1.064052" intensity="1.219497e-002" type="0"/>
    <Peak1D F1="1.049096" intensity="1.253656e-002" type="0"/>
    <Peak1D F1="1.031836" intensity="1.220285e-002" type="0"/>
    <Peak1D F1="0.997211" intensity="1.330607e-002" type="0"/>
    <Peak1D F1="0.963185" intensity="9.965174e-003" type="0"/>
    <Peak1D F1="0.946088" intensity="9.786717e-003" type="0"/>
    <Peak1D F1="0.907562" intensity="1.051519e-002" type="0"/>
    <Peak1D F1="0.875234" intensity="1.146566e-002" type="0"/>
    <Peak1D F1="0.824747" intensity="2.346649e-002" type="0"/>
    <Peak1D F1="0.810887" intensity="2.882569e-002" type="0"/>
    <Peak1D F1="0.792750" intensity="2.126274e-002" type="0"/>
    <Peak1D F1="0.764156" intensity="1.508807e-002" type="0"/>
    <Peak1D F1="0.713053" intensity="1.120378e-002" type="0"/>
    <Peak1D F1="0.628259" intensity="9.425757e-003" type="0"/>
    <Peak1D F1="0.589741" intensity="1.006437e-002" type="0"/>
    <Peak1D F1="0.554654" intensity="1.110405e-002" type="0"/>
    <Peak1D F1="0.477433" intensity="1.028889e-002" type="0"/>
    <Peak1D F1="0.360715" intensity="9.286193e-003" type="0"/>
    <Peak1D F1="0.348782" intensity="9.955397e-003" type="0"/>
    <Peak1D F1="0.212920" intensity="9.861769e-003" type="0"/>
    <Peak1D F1="0.049232" intensity="1.061670e-002" type="0"/>
    <Peak1D F1="0.033436" intensity="1.056094e-002" type="0"/>
    <Peak1D F1="-0.000155" intensity="3.445856e-001" type="0"/>
    <Peak1D F1="-0.050922" intensity="1.190161e-002" type="0"/>
    <Peak1D F1="-1.674235" intensity="9.560522e-003" type="0"/>
    <Peak1D F1="-3.066998" intensity="9.444679e-003" type="0"/>
    <Peak1D F1="-3.328291" intensity="1.092954e-002" type="0"/>
    <Peak1D F1="-3.697041" intensity="9.839859e-003" type="0"/>
  </PeakList1D>
</PeakList>
