<?xml version="1.0" encoding="UTF-8"?>
<PeakList>
  <PeakList1D>
    <PeakList1DHeader creator="nmr" date="2021-04-18T19:41:58.562+03:00" expNo="20" name="ID-352-Crude" owner="" procNo="1" source="//132.72.8.180/400b/Milo/Milo">
      <PeakPickDetails>F1=16.102329ppm, F2=-3.926716ppm, MI=0.00cm, MAXI=10000.00cm, PC=1.000
      </PeakPickDetails>
    </PeakList1DHeader>
    <Peak1D F1="14.608264" intensity="3.905140e-003" type="0"/>
    <Peak1D F1="11.063972" intensity="3.638407e-003" type="0"/>
    <Peak1D F1="10.093610" intensity="3.673603e-003" type="0"/>
    <Peak1D F1="8.843265" intensity="1.401037e-001" type="0"/>
    <Peak1D F1="8.536556" intensity="4.424417e-003" type="0"/>
    <Peak1D F1="8.493766" intensity="6.827115e-002" type="0"/>
    <Peak1D F1="8.474994" intensity="6.708568e-002" type="0"/>
    <Peak1D F1="8.418105" intensity="7.470395e-003" type="0"/>
    <Peak1D F1="8.406603" intensity="5.269147e-003" type="0"/>
    <Peak1D F1="8.398502" intensity="4.118240e-003" type="0"/>
    <Peak1D F1="8.365022" intensity="1.189811e-002" type="0"/>
    <Peak1D F1="8.348100" intensity="1.897510e-002" type="0"/>
    <Peak1D F1="8.326782" intensity="1.525243e-002" type="0"/>
    <Peak1D F1="8.295991" intensity="8.006659e-002" type="0"/>
    <Peak1D F1="8.282725" intensity="8.038437e-002" type="0"/>
    <Peak1D F1="8.275538" intensity="1.100149e-001" type="0"/>
    <Peak1D F1="8.259915" intensity="1.211903e-001" type="0"/>
    <Peak1D F1="8.237325" intensity="1.534165e-001" type="0"/>
    <Peak1D F1="8.223679" intensity="6.354921e-002" type="0"/>
    <Peak1D F1="8.207489" intensity="9.227520e-002" type="0"/>
    <Peak1D F1="8.185769" intensity="7.634162e-002" type="0"/>
    <Peak1D F1="8.157781" intensity="2.306484e+000" type="0"/>
    <Peak1D F1="8.152873" intensity="1.041891e+000" type="0"/>
    <Peak1D F1="8.136119" intensity="2.330939e+000" type="0"/>
    <Peak1D F1="8.130130" intensity="6.823599e-001" type="0"/>
    <Peak1D F1="8.107441" intensity="4.994553e-002" type="0"/>
    <Peak1D F1="8.085838" intensity="3.660111e-002" type="0"/>
    <Peak1D F1="8.067681" intensity="1.467344e-002" type="0"/>
    <Peak1D F1="8.055439" intensity="6.263519e-002" type="0"/>
    <Peak1D F1="8.036329" intensity="7.211667e-002" type="0"/>
    <Peak1D F1="8.016205" intensity="1.486234e-002" type="0"/>
    <Peak1D F1="7.979103" intensity="4.880372e-002" type="0"/>
    <Peak1D F1="7.955706" intensity="1.379941e-001" type="0"/>
    <Peak1D F1="7.935102" intensity="8.612101e-002" type="0"/>
    <Peak1D F1="7.905388" intensity="3.373178e-002" type="0"/>
    <Peak1D F1="7.887416" intensity="9.504546e-002" type="0"/>
    <Peak1D F1="7.869837" intensity="7.943702e-002" type="0"/>
    <Peak1D F1="7.835071" intensity="1.112185e-001" type="0"/>
    <Peak1D F1="7.815686" intensity="1.528912e-001" type="0"/>
    <Peak1D F1="7.800540" intensity="1.319041e-001" type="0"/>
    <Peak1D F1="7.794763" intensity="1.277182e-001" type="0"/>
    <Peak1D F1="7.781716" intensity="1.301217e-001" type="0"/>
    <Peak1D F1="7.769550" intensity="7.781770e-002" type="0"/>
    <Peak1D F1="7.742461" intensity="1.035790e-001" type="0"/>
    <Peak1D F1="7.731999" intensity="8.359507e-002" type="0"/>
    <Peak1D F1="7.722101" intensity="5.639683e-002" type="0"/>
    <Peak1D F1="7.709854" intensity="7.120745e-002" type="0"/>
    <Peak1D F1="7.681727" intensity="2.945163e-002" type="0"/>
    <Peak1D F1="7.660067" intensity="3.366144e-002" type="0"/>
    <Peak1D F1="7.635524" intensity="8.802574e-002" type="0"/>
    <Peak1D F1="7.613450" intensity="9.039947e-002" type="0"/>
    <Peak1D F1="7.593522" intensity="2.973188e-002" type="0"/>
    <Peak1D F1="7.587112" intensity="2.753290e-002" type="0"/>
    <Peak1D F1="7.574807" intensity="7.746497e-002" type="0"/>
    <Peak1D F1="7.552983" intensity="1.150700e-001" type="0"/>
    <Peak1D F1="7.537852" intensity="1.162002e-001" type="0"/>
    <Peak1D F1="7.521276" intensity="8.471077e-002" type="0"/>
    <Peak1D F1="7.503717" intensity="1.127576e-001" type="0"/>
    <Peak1D F1="7.480117" intensity="2.388286e+000" type="0"/>
    <Peak1D F1="7.458147" intensity="2.363564e+000" type="0"/>
    <Peak1D F1="7.440446" intensity="4.596254e-001" type="0"/>
    <Peak1D F1="7.408607" intensity="6.134153e-002" type="0"/>
    <Peak1D F1="7.361317" intensity="6.846051e-003" type="0"/>
    <Peak1D F1="7.356194" intensity="8.649648e-003" type="0"/>
    <Peak1D F1="7.324636" intensity="1.619239e-002" type="0"/>
    <Peak1D F1="7.290235" intensity="8.335399e-003" type="0"/>
    <Peak1D F1="7.272883" intensity="1.421030e-002" type="0"/>
    <Peak1D F1="7.246799" intensity="6.546945e-002" type="0"/>
    <Peak1D F1="7.221857" intensity="3.202923e-002" type="0"/>
    <Peak1D F1="7.196941" intensity="3.960291e+000" type="0"/>
    <Peak1D F1="7.146818" intensity="5.065901e-002" type="0"/>
    <Peak1D F1="7.087660" intensity="8.045831e-003" type="0"/>
    <Peak1D F1="7.049765" intensity="5.557321e-003" type="0"/>
    <Peak1D F1="7.033856" intensity="4.293557e-003" type="0"/>
    <Peak1D F1="6.932879" intensity="1.922036e-002" type="0"/>
    <Peak1D F1="6.216820" intensity="1.187392e-002" type="0"/>
    <Peak1D F1="6.210049" intensity="1.020938e-002" type="0"/>
    <Peak1D F1="6.117001" intensity="5.590064e-002" type="0"/>
    <Peak1D F1="6.110065" intensity="2.204562e-002" type="0"/>
    <Peak1D F1="6.086374" intensity="5.022475e-003" type="0"/>
    <Peak1D F1="6.067149" intensity="4.398786e-002" type="0"/>
    <Peak1D F1="6.017136" intensity="3.125497e+000" type="0"/>
    <Peak1D F1="5.998221" intensity="3.340438e-002" type="0"/>
    <Peak1D F1="5.967261" intensity="3.991102e-002" type="0"/>
    <Peak1D F1="5.953199" intensity="3.883123e-002" type="0"/>
    <Peak1D F1="5.946760" intensity="3.657682e-002" type="0"/>
    <Peak1D F1="5.897037" intensity="4.244102e-003" type="0"/>
    <Peak1D F1="5.864417" intensity="3.735472e-003" type="0"/>
    <Peak1D F1="5.807203" intensity="3.685185e-002" type="0"/>
    <Peak1D F1="5.780877" intensity="3.790715e-002" type="0"/>
    <Peak1D F1="5.746005" intensity="6.475030e-003" type="0"/>
    <Peak1D F1="5.717561" intensity="6.685518e-003" type="0"/>
    <Peak1D F1="5.706411" intensity="5.683589e-003" type="0"/>
    <Peak1D F1="5.666656" intensity="3.821523e-003" type="0"/>
    <Peak1D F1="5.634356" intensity="4.629491e-003" type="0"/>
    <Peak1D F1="5.593306" intensity="4.833062e-003" type="0"/>
    <Peak1D F1="5.570724" intensity="4.337301e-003" type="0"/>
    <Peak1D F1="5.542161" intensity="1.027810e-002" type="0"/>
    <Peak1D F1="5.490665" intensity="1.635291e-002" type="0"/>
    <Peak1D F1="5.472703" intensity="5.584024e-003" type="0"/>
    <Peak1D F1="5.449714" intensity="9.993974e-003" type="0"/>
    <Peak1D F1="5.440799" intensity="6.275216e-003" type="0"/>
    <Peak1D F1="5.396456" intensity="5.798119e-003" type="0"/>
    <Peak1D F1="5.355723" intensity="1.579116e-001" type="0"/>
    <Peak1D F1="5.349035" intensity="1.521711e-001" type="0"/>
    <Peak1D F1="5.330799" intensity="1.251300e-002" type="0"/>
    <Peak1D F1="5.306190" intensity="1.291878e-002" type="0"/>
    <Peak1D F1="5.280664" intensity="2.411252e-002" type="0"/>
    <Peak1D F1="5.273529" intensity="9.720093e-003" type="0"/>
    <Peak1D F1="5.256965" intensity="7.807722e-003" type="0"/>
    <Peak1D F1="5.230735" intensity="1.432414e+000" type="0"/>
    <Peak1D F1="5.180777" intensity="2.002263e-002" type="0"/>
    <Peak1D F1="5.148968" intensity="4.222528e-003" type="0"/>
    <Peak1D F1="5.034265" intensity="8.668294e-003" type="0"/>
    <Peak1D F1="5.014918" intensity="9.670192e-003" type="0"/>
    <Peak1D F1="5.006156" intensity="1.496745e-002" type="0"/>
    <Peak1D F1="4.988881" intensity="9.268949e-003" type="0"/>
    <Peak1D F1="4.970626" intensity="1.457444e-002" type="0"/>
    <Peak1D F1="4.947626" intensity="1.406912e-002" type="0"/>
    <Peak1D F1="4.929590" intensity="9.167763e-003" type="0"/>
    <Peak1D F1="4.899684" intensity="9.861206e-003" type="0"/>
    <Peak1D F1="4.892537" intensity="9.816532e-003" type="0"/>
    <Peak1D F1="4.873012" intensity="1.443247e-002" type="0"/>
    <Peak1D F1="4.853913" intensity="2.025471e-002" type="0"/>
    <Peak1D F1="4.840770" intensity="3.114551e-002" type="0"/>
    <Peak1D F1="4.818874" intensity="3.458461e-002" type="0"/>
    <Peak1D F1="4.791624" intensity="1.274838e+000" type="0"/>
    <Peak1D F1="4.768814" intensity="1.301392e+000" type="0"/>
    <Peak1D F1="4.741205" intensity="5.828274e-002" type="0"/>
    <Peak1D F1="4.684971" intensity="2.409697e-001" type="0"/>
    <Peak1D F1="4.607235" intensity="2.699896e-002" type="0"/>
    <Peak1D F1="4.585891" intensity="1.820177e-002" type="0"/>
    <Peak1D F1="4.493659" intensity="4.039997e-003" type="0"/>
    <Peak1D F1="4.444818" intensity="4.258773e-003" type="0"/>
    <Peak1D F1="3.948674" intensity="3.979952e-003" type="0"/>
    <Peak1D F1="3.877801" intensity="4.693917e-002" type="0"/>
    <Peak1D F1="3.844609" intensity="3.300279e-002" type="0"/>
    <Peak1D F1="3.821817" intensity="1.921109e-002" type="0"/>
    <Peak1D F1="3.811087" intensity="1.660822e-001" type="0"/>
    <Peak1D F1="3.750009" intensity="1.471521e-001" type="0"/>
    <Peak1D F1="3.745542" intensity="1.151996e-001" type="0"/>
    <Peak1D F1="3.700273" intensity="9.448965e+000" type="0"/>
    <Peak1D F1="3.662786" intensity="1.679977e-002" type="0"/>
    <Peak1D F1="3.650246" intensity="1.240385e-001" type="0"/>
    <Peak1D F1="3.554381" intensity="3.957965e-003" type="0"/>
    <Peak1D F1="3.518123" intensity="4.990847e-002" type="0"/>
    <Peak1D F1="2.942056" intensity="8.123599e-003" type="0"/>
    <Peak1D F1="2.935773" intensity="8.748642e-003" type="0"/>
    <Peak1D F1="2.924943" intensity="4.295501e-003" type="0"/>
    <Peak1D F1="2.868167" intensity="1.088765e-002" type="0"/>
    <Peak1D F1="2.845347" intensity="2.006958e-002" type="0"/>
    <Peak1D F1="2.826149" intensity="1.595950e-002" type="0"/>
    <Peak1D F1="2.818983" intensity="1.514145e-002" type="0"/>
    <Peak1D F1="2.794080" intensity="6.498166e-003" type="0"/>
    <Peak1D F1="2.761367" intensity="4.385800e-003" type="0"/>
    <Peak1D F1="2.747791" intensity="4.789984e-003" type="0"/>
    <Peak1D F1="2.735565" intensity="5.528002e-003" type="0"/>
    <Peak1D F1="2.728639" intensity="4.905947e-003" type="0"/>
    <Peak1D F1="2.618738" intensity="1.228923e-002" type="0"/>
    <Peak1D F1="2.597287" intensity="1.678548e-002" type="0"/>
    <Peak1D F1="2.554995" intensity="2.065043e-002" type="0"/>
    <Peak1D F1="2.505435" intensity="1.785830e-002" type="0"/>
    <Peak1D F1="2.481574" intensity="2.269544e-002" type="0"/>
    <Peak1D F1="2.454933" intensity="2.856364e-002" type="0"/>
    <Peak1D F1="2.436456" intensity="2.401011e-001" type="0"/>
    <Peak1D F1="2.432432" intensity="2.466052e-001" type="0"/>
    <Peak1D F1="2.415753" intensity="2.740932e-001" type="0"/>
    <Peak1D F1="2.411256" intensity="2.747821e-001" type="0"/>
    <Peak1D F1="2.387593" intensity="3.952751e-001" type="0"/>
    <Peak1D F1="2.383571" intensity="3.578871e-001" type="0"/>
    <Peak1D F1="2.363006" intensity="4.185029e-001" type="0"/>
    <Peak1D F1="2.350731" intensity="2.805946e-001" type="0"/>
    <Peak1D F1="2.328387" intensity="4.669731e-001" type="0"/>
    <Peak1D F1="2.320388" intensity="2.793975e-001" type="0"/>
    <Peak1D F1="2.307984" intensity="3.774099e-001" type="0"/>
    <Peak1D F1="2.297801" intensity="4.240752e-001" type="0"/>
    <Peak1D F1="2.277371" intensity="2.778158e-001" type="0"/>
    <Peak1D F1="2.251579" intensity="3.823982e-001" type="0"/>
    <Peak1D F1="2.229228" intensity="5.102442e-001" type="0"/>
    <Peak1D F1="2.225586" intensity="4.451171e-001" type="0"/>
    <Peak1D F1="2.202759" intensity="5.528538e-001" type="0"/>
    <Peak1D F1="2.180969" intensity="3.461370e-001" type="0"/>
    <Peak1D F1="2.176482" intensity="3.100794e-001" type="0"/>
    <Peak1D F1="2.167311" intensity="1.496545e-001" type="0"/>
    <Peak1D F1="2.154069" intensity="4.424417e-001" type="0"/>
    <Peak1D F1="2.146716" intensity="3.825110e-001" type="0"/>
    <Peak1D F1="2.116856" intensity="4.830406e+000" type="0"/>
    <Peak1D F1="2.096982" intensity="1.486493e+001" type="0"/>
    <Peak1D F1="2.085099" intensity="4.140678e+000" type="0"/>
    <Peak1D F1="2.078321" intensity="7.317052e+000" type="0"/>
    <Peak1D F1="2.056597" intensity="3.744879e-001" type="0"/>
    <Peak1D F1="2.052445" intensity="3.781982e-001" type="0"/>
    <Peak1D F1="2.050484" intensity="3.822883e-001" type="0"/>
    <Peak1D F1="2.047428" intensity="3.782285e-001" type="0"/>
    <Peak1D F1="2.028905" intensity="1.717320e-001" type="0"/>
    <Peak1D F1="1.985552" intensity="2.335012e-001" type="0"/>
    <Peak1D F1="1.958146" intensity="4.943380e-001" type="0"/>
    <Peak1D F1="1.953314" intensity="5.119408e-001" type="0"/>
    <Peak1D F1="1.948832" intensity="5.356637e-001" type="0"/>
    <Peak1D F1="1.941137" intensity="7.562621e-001" type="0"/>
    <Peak1D F1="1.932364" intensity="9.824530e-001" type="0"/>
    <Peak1D F1="1.925306" intensity="1.025812e+000" type="0"/>
    <Peak1D F1="1.920027" intensity="1.001189e+000" type="0"/>
    <Peak1D F1="1.910689" intensity="7.465524e+000" type="0"/>
    <Peak1D F1="1.900876" intensity="6.583930e+000" type="0"/>
    <Peak1D F1="1.899592" intensity="6.552670e+000" type="0"/>
    <Peak1D F1="1.891115" intensity="1.500000e+001" type="0"/>
    <Peak1D F1="1.882701" intensity="6.015419e+000" type="0"/>
    <Peak1D F1="1.871835" intensity="4.816232e+000" type="0"/>
    <Peak1D F1="1.860013" intensity="6.235501e-001" type="0"/>
    <Peak1D F1="1.849456" intensity="3.545615e-001" type="0"/>
    <Peak1D F1="1.841525" intensity="3.181440e-001" type="0"/>
    <Peak1D F1="1.822506" intensity="1.309764e-001" type="0"/>
    <Peak1D F1="1.759741" intensity="5.461093e-002" type="0"/>
    <Peak1D F1="1.743809" intensity="1.534696e-001" type="0"/>
    <Peak1D F1="1.728039" intensity="1.959177e-001" type="0"/>
    <Peak1D F1="1.723580" intensity="2.054786e-001" type="0"/>
    <Peak1D F1="1.715771" intensity="2.176356e-001" type="0"/>
    <Peak1D F1="1.706977" intensity="2.535641e-001" type="0"/>
    <Peak1D F1="1.700022" intensity="3.728261e-001" type="0"/>
    <Peak1D F1="1.696094" intensity="3.321947e-001" type="0"/>
    <Peak1D F1="1.686277" intensity="2.921725e-001" type="0"/>
    <Peak1D F1="1.679686" intensity="8.895190e-001" type="0"/>
    <Peak1D F1="1.670133" intensity="5.569350e-001" type="0"/>
    <Peak1D F1="1.655823" intensity="8.169806e-001" type="0"/>
    <Peak1D F1="1.639382" intensity="5.019299e-001" type="0"/>
    <Peak1D F1="1.635492" intensity="5.531167e-001" type="0"/>
    <Peak1D F1="1.623734" intensity="2.671838e-001" type="0"/>
    <Peak1D F1="1.619201" intensity="3.158590e-001" type="0"/>
    <Peak1D F1="1.599593" intensity="1.211697e-001" type="0"/>
    <Peak1D F1="1.588966" intensity="1.277956e-001" type="0"/>
    <Peak1D F1="1.551476" intensity="1.113393e-001" type="0"/>
    <Peak1D F1="1.534442" intensity="2.527079e-001" type="0"/>
    <Peak1D F1="1.519259" intensity="1.837930e-001" type="0"/>
    <Peak1D F1="1.511968" intensity="2.000398e-001" type="0"/>
    <Peak1D F1="1.500237" intensity="4.071423e-001" type="0"/>
    <Peak1D F1="1.482921" intensity="4.920572e-001" type="0"/>
    <Peak1D F1="1.469966" intensity="3.410544e-001" type="0"/>
    <Peak1D F1="1.453362" intensity="3.443112e-001" type="0"/>
    <Peak1D F1="1.440824" intensity="7.568386e-002" type="0"/>
    <Peak1D F1="1.435183" intensity="1.005876e-001" type="0"/>
    <Peak1D F1="1.423170" intensity="1.193844e-001" type="0"/>
    <Peak1D F1="1.401930" intensity="3.523542e-002" type="0"/>
    <Peak1D F1="1.377680" intensity="1.894333e-002" type="0"/>
    <Peak1D F1="1.341712" intensity="1.386730e-002" type="0"/>
    <Peak1D F1="1.323406" intensity="1.249707e-002" type="0"/>
    <Peak1D F1="1.308083" intensity="1.401938e-002" type="0"/>
    <Peak1D F1="1.255872" intensity="2.377916e-002" type="0"/>
    <Peak1D F1="1.234681" intensity="3.402055e-002" type="0"/>
    <Peak1D F1="1.183829" intensity="1.175303e-001" type="0"/>
    <Peak1D F1="1.122258" intensity="7.623614e-003" type="0"/>
    <Peak1D F1="1.057802" intensity="4.372061e-003" type="0"/>
    <Peak1D F1="1.044543" intensity="4.857138e-003" type="0"/>
    <Peak1D F1="1.013016" intensity="6.030306e-003" type="0"/>
    <Peak1D F1="0.973317" intensity="5.105370e-003" type="0"/>
    <Peak1D F1="0.935666" intensity="3.928938e-003" type="0"/>
    <Peak1D F1="0.924417" intensity="5.315052e-003" type="0"/>
    <Peak1D F1="0.909150" intensity="4.832978e-003" type="0"/>
    <Peak1D F1="0.882689" intensity="6.072218e-003" type="0"/>
    <Peak1D F1="0.868230" intensity="4.321831e-003" type="0"/>
    <Peak1D F1="0.827363" intensity="1.509509e-002" type="0"/>
    <Peak1D F1="0.809866" intensity="2.623975e-002" type="0"/>
    <Peak1D F1="0.791642" intensity="1.445953e-002" type="0"/>
    <Peak1D F1="0.782864" intensity="1.055807e-002" type="0"/>
    <Peak1D F1="0.760035" intensity="9.892275e-003" type="0"/>
    <Peak1D F1="0.746078" intensity="8.295256e-003" type="0"/>
    <Peak1D F1="0.739891" intensity="5.599917e-003" type="0"/>
    <Peak1D F1="0.715412" intensity="4.744993e-003" type="0"/>
    <Peak1D F1="0.694593" intensity="4.303012e-003" type="0"/>
    <Peak1D F1="0.686277" intensity="4.278837e-003" type="0"/>
    <Peak1D F1="0.658542" intensity="5.055198e-003" type="0"/>
    <Peak1D F1="0.613539" intensity="5.276936e-003" type="0"/>
    <Peak1D F1="0.576347" intensity="4.028745e-003" type="0"/>
    <Peak1D F1="0.560711" intensity="4.257239e-003" type="0"/>
    <Peak1D F1="0.483122" intensity="4.134409e-003" type="0"/>
    <Peak1D F1="0.458462" intensity="3.989458e-003" type="0"/>
    <Peak1D F1="0.379658" intensity="5.012297e-003" type="0"/>
    <Peak1D F1="0.369434" intensity="4.459079e-003" type="0"/>
    <Peak1D F1="0.360046" intensity="4.062905e-003" type="0"/>
    <Peak1D F1="0.310173" intensity="4.371124e-003" type="0"/>
    <Peak1D F1="0.276642" intensity="5.036076e-003" type="0"/>
    <Peak1D F1="0.169865" intensity="3.653514e-003" type="0"/>
    <Peak1D F1="0.074892" intensity="3.612685e-003" type="0"/>
    <Peak1D F1="0.051076" intensity="6.598403e-003" type="0"/>
    <Peak1D F1="-0.000157" intensity="3.455124e-001" type="0"/>
    <Peak1D F1="-0.049099" intensity="5.530228e-003" type="0"/>
    <Peak1D F1="-2.914664" intensity="3.830610e-003" type="0"/>
    <Peak1D F1="-3.199149" intensity="3.803455e-003" type="0"/>
    <Peak1D F1="-3.282944" intensity="4.519125e-003" type="0"/>
    <Peak1D F1="-3.336663" intensity="3.751679e-003" type="0"/>
    <Peak1D F1="-3.439069" intensity="3.842932e-003" type="0"/>
    <Peak1D F1="-3.458275" intensity="4.738652e-003" type="0"/>
    <Peak1D F1="-3.553276" intensity="3.817152e-003" type="0"/>
    <Peak1D F1="-3.562632" intensity="3.623480e-003" type="0"/>
    <Peak1D F1="-3.602926" intensity="4.644013e-003" type="0"/>
    <Peak1D F1="-3.669019" intensity="5.330222e-003" type="0"/>
    <Peak1D F1="-3.710414" intensity="3.782603e-003" type="0"/>
    <Peak1D F1="-3.841598" intensity="3.805646e-003" type="0"/>
  </PeakList1D>
</PeakList>
