<?xml version="1.0" encoding="UTF-8"?>
<PeakList>
  <PeakList1D>
    <PeakList1DHeader creator="nmr" date="2021-08-10T10:56:02.558+03:00" expNo="20" name="ID-429-B" owner="" procNo="1" source="//132.72.8.180/400b/Milo/Milo">
      <PeakPickDetails>F1=16.107189ppm, F2=-3.921856ppm, MI=0.00cm, MAXI=10000.00cm, PC=1.000
      </PeakPickDetails>
    </PeakList1DHeader>
    <Peak1D F1="12.078359" intensity="3.179592e-003" type="0"/>
    <Peak1D F1="10.386001" intensity="3.581980e-003" type="0"/>
    <Peak1D F1="10.313780" intensity="1.358687e-002" type="0"/>
    <Peak1D F1="10.194983" intensity="4.206556e-003" type="0"/>
    <Peak1D F1="10.143445" intensity="4.529886e-002" type="0"/>
    <Peak1D F1="10.123999" intensity="2.290059e-002" type="0"/>
    <Peak1D F1="10.093271" intensity="2.530207e+000" type="0"/>
    <Peak1D F1="10.061308" intensity="1.438489e-002" type="0"/>
    <Peak1D F1="10.043192" intensity="3.795073e-002" type="0"/>
    <Peak1D F1="9.866336" intensity="1.378841e-002" type="0"/>
    <Peak1D F1="8.966394" intensity="3.575903e-003" type="0"/>
    <Peak1D F1="8.607535" intensity="6.887889e-003" type="0"/>
    <Peak1D F1="8.549391" intensity="7.867388e-003" type="0"/>
    <Peak1D F1="8.531254" intensity="9.722784e-003" type="0"/>
    <Peak1D F1="8.390062" intensity="4.073211e-002" type="0"/>
    <Peak1D F1="8.368137" intensity="4.716938e-002" type="0"/>
    <Peak1D F1="8.339833" intensity="1.731666e+000" type="0"/>
    <Peak1D F1="8.318226" intensity="1.910069e+000" type="0"/>
    <Peak1D F1="8.289346" intensity="3.294538e-002" type="0"/>
    <Peak1D F1="8.268326" intensity="3.522382e-002" type="0"/>
    <Peak1D F1="8.220113" intensity="3.931215e-002" type="0"/>
    <Peak1D F1="8.192891" intensity="7.830736e-002" type="0"/>
    <Peak1D F1="8.170754" intensity="9.019405e-002" type="0"/>
    <Peak1D F1="8.154785" intensity="3.506195e-001" type="0"/>
    <Peak1D F1="8.143013" intensity="2.400033e-001" type="0"/>
    <Peak1D F1="8.137152" intensity="3.173040e-001" type="0"/>
    <Peak1D F1="8.132782" intensity="4.021660e-001" type="0"/>
    <Peak1D F1="8.126552" intensity="2.076868e-001" type="0"/>
    <Peak1D F1="8.121937" intensity="2.057333e-001" type="0"/>
    <Peak1D F1="8.071809" intensity="5.689526e-002" type="0"/>
    <Peak1D F1="8.050083" intensity="5.561351e-002" type="0"/>
    <Peak1D F1="8.021828" intensity="2.248989e+000" type="0"/>
    <Peak1D F1="8.017377" intensity="7.638838e-001" type="0"/>
    <Peak1D F1="8.000002" intensity="2.021586e+000" type="0"/>
    <Peak1D F1="7.995041" intensity="2.895388e-001" type="0"/>
    <Peak1D F1="7.970630" intensity="4.364714e-002" type="0"/>
    <Peak1D F1="7.950140" intensity="4.064115e-002" type="0"/>
    <Peak1D F1="7.920623" intensity="2.717499e-002" type="0"/>
    <Peak1D F1="7.898866" intensity="2.909531e-002" type="0"/>
    <Peak1D F1="7.878188" intensity="2.830784e-002" type="0"/>
    <Peak1D F1="7.857453" intensity="2.271647e-002" type="0"/>
    <Peak1D F1="7.843099" intensity="1.253372e-002" type="0"/>
    <Peak1D F1="7.828106" intensity="1.942914e-002" type="0"/>
    <Peak1D F1="7.811771" intensity="2.573464e-002" type="0"/>
    <Peak1D F1="7.784418" intensity="7.103170e-002" type="0"/>
    <Peak1D F1="7.766397" intensity="1.356961e-001" type="0"/>
    <Peak1D F1="7.748520" intensity="7.900162e-002" type="0"/>
    <Peak1D F1="7.700323" intensity="5.721485e-003" type="0"/>
    <Peak1D F1="7.676176" intensity="5.622557e-003" type="0"/>
    <Peak1D F1="7.654565" intensity="1.002469e-002" type="0"/>
    <Peak1D F1="7.630692" intensity="1.927069e-002" type="0"/>
    <Peak1D F1="7.618121" intensity="2.432408e-002" type="0"/>
    <Peak1D F1="7.597764" intensity="2.446799e-002" type="0"/>
    <Peak1D F1="7.587996" intensity="2.688804e-002" type="0"/>
    <Peak1D F1="7.563030" intensity="5.359468e-002" type="0"/>
    <Peak1D F1="7.541161" intensity="4.113708e-002" type="0"/>
    <Peak1D F1="7.527279" intensity="3.614200e-002" type="0"/>
    <Peak1D F1="7.521988" intensity="4.016712e-002" type="0"/>
    <Peak1D F1="7.499807" intensity="5.046308e-002" type="0"/>
    <Peak1D F1="7.480911" intensity="3.411084e-001" type="0"/>
    <Peak1D F1="7.459370" intensity="3.109170e-001" type="0"/>
    <Peak1D F1="7.445581" intensity="5.352405e-002" type="0"/>
    <Peak1D F1="7.418884" intensity="7.556410e-002" type="0"/>
    <Peak1D F1="7.414111" intensity="7.176962e-002" type="0"/>
    <Peak1D F1="7.400529" intensity="1.277116e-001" type="0"/>
    <Peak1D F1="7.398383" intensity="1.384283e-001" type="0"/>
    <Peak1D F1="7.393484" intensity="9.547507e-002" type="0"/>
    <Peak1D F1="7.382912" intensity="1.266643e-001" type="0"/>
    <Peak1D F1="7.380113" intensity="1.453386e-001" type="0"/>
    <Peak1D F1="7.364635" intensity="9.093748e-002" type="0"/>
    <Peak1D F1="7.359963" intensity="7.575560e-002" type="0"/>
    <Peak1D F1="7.349922" intensity="4.412369e-002" type="0"/>
    <Peak1D F1="7.321845" intensity="1.171596e-001" type="0"/>
    <Peak1D F1="7.300266" intensity="1.050946e-001" type="0"/>
    <Peak1D F1="7.251626" intensity="5.816425e-002" type="0"/>
    <Peak1D F1="7.201844" intensity="2.952394e+000" type="0"/>
    <Peak1D F1="7.167345" intensity="2.939778e-002" type="0"/>
    <Peak1D F1="7.151190" intensity="1.342266e-001" type="0"/>
    <Peak1D F1="7.148507" intensity="1.376202e-001" type="0"/>
    <Peak1D F1="7.130021" intensity="2.210682e-001" type="0"/>
    <Peak1D F1="7.111598" intensity="1.078968e-001" type="0"/>
    <Peak1D F1="7.089438" intensity="1.025532e-002" type="0"/>
    <Peak1D F1="7.048161" intensity="1.158580e-002" type="0"/>
    <Peak1D F1="7.021255" intensity="2.752355e-002" type="0"/>
    <Peak1D F1="6.998564" intensity="1.245358e-001" type="0"/>
    <Peak1D F1="6.977247" intensity="1.399126e-001" type="0"/>
    <Peak1D F1="6.974397" intensity="1.268238e-001" type="0"/>
    <Peak1D F1="6.950781" intensity="9.761390e-002" type="0"/>
    <Peak1D F1="6.937732" intensity="2.170398e-002" type="0"/>
    <Peak1D F1="6.901248" intensity="5.934324e-003" type="0"/>
    <Peak1D F1="6.881519" intensity="3.495121e-003" type="0"/>
    <Peak1D F1="6.867932" intensity="3.629224e-003" type="0"/>
    <Peak1D F1="6.828930" intensity="4.446844e-003" type="0"/>
    <Peak1D F1="6.775322" intensity="4.798987e-003" type="0"/>
    <Peak1D F1="6.212712" intensity="7.904089e-003" type="0"/>
    <Peak1D F1="6.115143" intensity="3.080500e-002" type="0"/>
    <Peak1D F1="6.064005" intensity="5.031409e-002" type="0"/>
    <Peak1D F1="6.013914" intensity="2.996411e+000" type="0"/>
    <Peak1D F1="5.990054" intensity="1.501678e-002" type="0"/>
    <Peak1D F1="5.977077" intensity="1.186411e-002" type="0"/>
    <Peak1D F1="5.964121" intensity="4.534237e-002" type="0"/>
    <Peak1D F1="5.812390" intensity="1.384590e-002" type="0"/>
    <Peak1D F1="5.785445" intensity="4.966140e-003" type="0"/>
    <Peak1D F1="5.758349" intensity="5.377893e-003" type="0"/>
    <Peak1D F1="5.742289" intensity="3.728767e-003" type="0"/>
    <Peak1D F1="5.701906" intensity="5.464335e-003" type="0"/>
    <Peak1D F1="5.676125" intensity="5.829522e-003" type="0"/>
    <Peak1D F1="5.604338" intensity="9.872034e-003" type="0"/>
    <Peak1D F1="5.579984" intensity="4.659473e-003" type="0"/>
    <Peak1D F1="5.532596" intensity="1.191519e-002" type="0"/>
    <Peak1D F1="5.492048" intensity="4.863297e-003" type="0"/>
    <Peak1D F1="5.465423" intensity="5.637905e-003" type="0"/>
    <Peak1D F1="5.434655" intensity="6.962875e-003" type="0"/>
    <Peak1D F1="5.420487" intensity="3.585428e-002" type="0"/>
    <Peak1D F1="5.406225" intensity="6.236541e-003" type="0"/>
    <Peak1D F1="5.357267" intensity="1.894554e-002" type="0"/>
    <Peak1D F1="5.288521" intensity="1.951135e-002" type="0"/>
    <Peak1D F1="5.216538" intensity="6.954689e-002" type="0"/>
    <Peak1D F1="5.050378" intensity="3.730662e-003" type="0"/>
    <Peak1D F1="4.898531" intensity="6.343845e-003" type="0"/>
    <Peak1D F1="4.868503" intensity="7.612648e-003" type="0"/>
    <Peak1D F1="4.847793" intensity="1.210212e-002" type="0"/>
    <Peak1D F1="4.823671" intensity="8.137662e-003" type="0"/>
    <Peak1D F1="4.798082" intensity="1.782571e-001" type="0"/>
    <Peak1D F1="4.775357" intensity="1.724695e-001" type="0"/>
    <Peak1D F1="4.746766" intensity="7.367211e-003" type="0"/>
    <Peak1D F1="4.731418" intensity="8.847926e-003" type="0"/>
    <Peak1D F1="4.682309" intensity="2.584311e-001" type="0"/>
    <Peak1D F1="4.631624" intensity="1.457933e-002" type="0"/>
    <Peak1D F1="4.613991" intensity="9.374293e-003" type="0"/>
    <Peak1D F1="4.569887" intensity="4.009320e-003" type="0"/>
    <Peak1D F1="4.518599" intensity="3.252384e-003" type="0"/>
    <Peak1D F1="4.495697" intensity="1.074996e-002" type="0"/>
    <Peak1D F1="4.481579" intensity="1.010891e-002" type="0"/>
    <Peak1D F1="4.410996" intensity="3.755069e-003" type="0"/>
    <Peak1D F1="4.402423" intensity="3.313157e-003" type="0"/>
    <Peak1D F1="4.035596" intensity="4.874118e-003" type="0"/>
    <Peak1D F1="4.017510" intensity="4.474735e-003" type="0"/>
    <Peak1D F1="3.875489" intensity="4.822745e-002" type="0"/>
    <Peak1D F1="3.843630" intensity="1.191902e-002" type="0"/>
    <Peak1D F1="3.808567" intensity="8.063810e-002" type="0"/>
    <Peak1D F1="3.792195" intensity="5.744733e-002" type="0"/>
    <Peak1D F1="3.771597" intensity="5.768468e-002" type="0"/>
    <Peak1D F1="3.748094" intensity="1.663110e-001" type="0"/>
    <Peak1D F1="3.731995" intensity="2.674039e-002" type="0"/>
    <Peak1D F1="3.698074" intensity="9.223825e+000" type="0"/>
    <Peak1D F1="3.648304" intensity="1.433350e-001" type="0"/>
    <Peak1D F1="3.597840" intensity="5.653709e-003" type="0"/>
    <Peak1D F1="3.590632" intensity="4.368406e-003" type="0"/>
    <Peak1D F1="3.559489" intensity="5.608732e-003" type="0"/>
    <Peak1D F1="3.515840" intensity="5.076485e-002" type="0"/>
    <Peak1D F1="3.462590" intensity="5.544261e-003" type="0"/>
    <Peak1D F1="3.448032" intensity="5.438472e-003" type="0"/>
    <Peak1D F1="3.414888" intensity="7.808117e-003" type="0"/>
    <Peak1D F1="3.393741" intensity="6.773784e-003" type="0"/>
    <Peak1D F1="3.382454" intensity="6.825496e-003" type="0"/>
    <Peak1D F1="3.318805" intensity="3.873853e-003" type="0"/>
    <Peak1D F1="3.292058" intensity="4.921785e-003" type="0"/>
    <Peak1D F1="3.233232" intensity="3.788427e-003" type="0"/>
    <Peak1D F1="3.173061" intensity="5.329412e-003" type="0"/>
    <Peak1D F1="3.130525" intensity="1.073001e-002" type="0"/>
    <Peak1D F1="3.042118" intensity="4.807794e-003" type="0"/>
    <Peak1D F1="3.037724" intensity="4.617698e-003" type="0"/>
    <Peak1D F1="3.011374" intensity="3.674410e-003" type="0"/>
    <Peak1D F1="2.973266" intensity="3.918129e-003" type="0"/>
    <Peak1D F1="2.936353" intensity="7.243735e-003" type="0"/>
    <Peak1D F1="2.915649" intensity="9.350262e-003" type="0"/>
    <Peak1D F1="2.901267" intensity="7.039780e-003" type="0"/>
    <Peak1D F1="2.892779" intensity="7.640860e-003" type="0"/>
    <Peak1D F1="2.877630" intensity="7.291058e-003" type="0"/>
    <Peak1D F1="2.838665" intensity="1.120823e-002" type="0"/>
    <Peak1D F1="2.784234" intensity="1.639436e-002" type="0"/>
    <Peak1D F1="2.768283" intensity="1.506009e-002" type="0"/>
    <Peak1D F1="2.760547" intensity="1.505648e-002" type="0"/>
    <Peak1D F1="2.737111" intensity="1.014708e-002" type="0"/>
    <Peak1D F1="2.679748" intensity="4.808169e-003" type="0"/>
    <Peak1D F1="2.657729" intensity="5.783284e-003" type="0"/>
    <Peak1D F1="2.626327" intensity="5.427398e-003" type="0"/>
    <Peak1D F1="2.521910" intensity="4.335154e-003" type="0"/>
    <Peak1D F1="2.432014" intensity="3.192887e-002" type="0"/>
    <Peak1D F1="2.411365" intensity="3.454795e-002" type="0"/>
    <Peak1D F1="2.407340" intensity="3.362712e-002" type="0"/>
    <Peak1D F1="2.383301" intensity="4.907127e-002" type="0"/>
    <Peak1D F1="2.357476" intensity="7.876421e-002" type="0"/>
    <Peak1D F1="2.334463" intensity="6.825342e-002" type="0"/>
    <Peak1D F1="2.325896" intensity="4.018430e-002" type="0"/>
    <Peak1D F1="2.303734" intensity="6.705580e-002" type="0"/>
    <Peak1D F1="2.284142" intensity="5.051121e-002" type="0"/>
    <Peak1D F1="2.274416" intensity="4.739744e-002" type="0"/>
    <Peak1D F1="2.254504" intensity="9.670819e-002" type="0"/>
    <Peak1D F1="2.246783" intensity="7.680374e-002" type="0"/>
    <Peak1D F1="2.237547" intensity="5.911196e-002" type="0"/>
    <Peak1D F1="2.224687" intensity="7.771511e-002" type="0"/>
    <Peak1D F1="2.221621" intensity="7.397952e-002" type="0"/>
    <Peak1D F1="2.197910" intensity="9.845479e-002" type="0"/>
    <Peak1D F1="2.164321" intensity="1.717152e-001" type="0"/>
    <Peak1D F1="2.144793" intensity="4.159942e-001" type="0"/>
    <Peak1D F1="2.136222" intensity="3.194810e-001" type="0"/>
    <Peak1D F1="2.114348" intensity="5.128613e+000" type="0"/>
    <Peak1D F1="2.104269" intensity="4.821533e+000" type="0"/>
    <Peak1D F1="2.094728" intensity="1.473907e+001" type="0"/>
    <Peak1D F1="2.083199" intensity="4.616730e+000" type="0"/>
    <Peak1D F1="2.076227" intensity="7.411253e+000" type="0"/>
    <Peak1D F1="2.060387" intensity="4.811702e-001" type="0"/>
    <Peak1D F1="2.054989" intensity="4.370585e-001" type="0"/>
    <Peak1D F1="2.051502" intensity="4.320175e-001" type="0"/>
    <Peak1D F1="2.049093" intensity="4.650612e-001" type="0"/>
    <Peak1D F1="2.045660" intensity="4.394118e-001" type="0"/>
    <Peak1D F1="2.026402" intensity="1.869237e-001" type="0"/>
    <Peak1D F1="2.002584" intensity="7.124475e-002" type="0"/>
    <Peak1D F1="1.980001" intensity="9.774707e-002" type="0"/>
    <Peak1D F1="1.959634" intensity="2.431528e-001" type="0"/>
    <Peak1D F1="1.938416" intensity="7.747436e-001" type="0"/>
    <Peak1D F1="1.928447" intensity="8.226165e-001" type="0"/>
    <Peak1D F1="1.925025" intensity="9.554911e-001" type="0"/>
    <Peak1D F1="1.923654" intensity="9.426827e-001" type="0"/>
    <Peak1D F1="1.919735" intensity="9.289930e-001" type="0"/>
    <Peak1D F1="1.909592" intensity="7.358621e+000" type="0"/>
    <Peak1D F1="1.898871" intensity="7.148996e+000" type="0"/>
    <Peak1D F1="1.890363" intensity="1.500000e+001" type="0"/>
    <Peak1D F1="1.881894" intensity="6.459621e+000" type="0"/>
    <Peak1D F1="1.879609" intensity="6.072378e+000" type="0"/>
    <Peak1D F1="1.870885" intensity="4.908574e+000" type="0"/>
    <Peak1D F1="1.859268" intensity="6.869575e-001" type="0"/>
    <Peak1D F1="1.851374" intensity="3.895083e-001" type="0"/>
    <Peak1D F1="1.849144" intensity="4.096122e-001" type="0"/>
    <Peak1D F1="1.840703" intensity="3.635235e-001" type="0"/>
    <Peak1D F1="1.832145" intensity="1.845473e-001" type="0"/>
    <Peak1D F1="1.821115" intensity="1.365877e-001" type="0"/>
    <Peak1D F1="1.758692" intensity="4.690974e-002" type="0"/>
    <Peak1D F1="1.740834" intensity="8.436099e-002" type="0"/>
    <Peak1D F1="1.723312" intensity="1.130029e-001" type="0"/>
    <Peak1D F1="1.701497" intensity="1.009572e-001" type="0"/>
    <Peak1D F1="1.680581" intensity="1.310532e-001" type="0"/>
    <Peak1D F1="1.672536" intensity="1.277528e-001" type="0"/>
    <Peak1D F1="1.659360" intensity="1.813354e-001" type="0"/>
    <Peak1D F1="1.637863" intensity="2.590840e-001" type="0"/>
    <Peak1D F1="1.630972" intensity="2.539381e-001" type="0"/>
    <Peak1D F1="1.625865" intensity="2.476767e-001" type="0"/>
    <Peak1D F1="1.617013" intensity="2.314632e-001" type="0"/>
    <Peak1D F1="1.537350" intensity="4.609719e-002" type="0"/>
    <Peak1D F1="1.522021" intensity="3.395756e-002" type="0"/>
    <Peak1D F1="1.514617" intensity="3.577444e-002" type="0"/>
    <Peak1D F1="1.503487" intensity="6.826616e-002" type="0"/>
    <Peak1D F1="1.486154" intensity="7.349847e-002" type="0"/>
    <Peak1D F1="1.473377" intensity="5.644283e-002" type="0"/>
    <Peak1D F1="1.456726" intensity="5.722094e-002" type="0"/>
    <Peak1D F1="1.440019" intensity="3.169969e-002" type="0"/>
    <Peak1D F1="1.426124" intensity="2.232288e-002" type="0"/>
    <Peak1D F1="1.420256" intensity="1.941445e-002" type="0"/>
    <Peak1D F1="1.369820" intensity="8.789496e-003" type="0"/>
    <Peak1D F1="1.358212" intensity="8.563827e-003" type="0"/>
    <Peak1D F1="1.337550" intensity="7.311757e-003" type="0"/>
    <Peak1D F1="1.328551" intensity="7.496549e-003" type="0"/>
    <Peak1D F1="1.229977" intensity="1.837628e-002" type="0"/>
    <Peak1D F1="1.182750" intensity="3.926908e-002" type="0"/>
    <Peak1D F1="1.107232" intensity="5.090415e-003" type="0"/>
    <Peak1D F1="1.070996" intensity="4.249113e-003" type="0"/>
    <Peak1D F1="1.035394" intensity="3.944465e-003" type="0"/>
    <Peak1D F1="0.973324" intensity="4.268273e-003" type="0"/>
    <Peak1D F1="0.921025" intensity="3.701883e-003" type="0"/>
    <Peak1D F1="0.905547" intensity="4.315870e-003" type="0"/>
    <Peak1D F1="0.868198" intensity="4.073473e-003" type="0"/>
    <Peak1D F1="0.807538" intensity="1.241403e-002" type="0"/>
    <Peak1D F1="0.791446" intensity="8.388597e-003" type="0"/>
    <Peak1D F1="0.779452" intensity="1.026971e-002" type="0"/>
    <Peak1D F1="0.760936" intensity="1.257947e-002" type="0"/>
    <Peak1D F1="0.742101" intensity="9.614011e-003" type="0"/>
    <Peak1D F1="0.672889" intensity="3.373428e-003" type="0"/>
    <Peak1D F1="0.620660" intensity="4.632473e-003" type="0"/>
    <Peak1D F1="0.506656" intensity="3.574940e-003" type="0"/>
    <Peak1D F1="-0.000159" intensity="4.941373e-002" type="0"/>
    <Peak1D F1="-3.456025" intensity="3.599570e-003" type="0"/>
    <Peak1D F1="-3.467459" intensity="3.306756e-003" type="0"/>
    <Peak1D F1="-3.564644" intensity="3.413603e-003" type="0"/>
    <Peak1D F1="-3.661682" intensity="3.318191e-003" type="0"/>
    <Peak1D F1="-3.697091" intensity="3.459630e-003" type="0"/>
  </PeakList1D>
</PeakList>
