<?xml version="1.0" encoding="UTF-8"?>
<PeakList>
  <PeakList1D>
    <PeakList1DHeader creator="nmr" date="2021-08-03T09:20:43.845+03:00" expNo="10" name="ID-420-O" owner="" procNo="1" source="//132.72.8.180/400b/Milo/Milo">
      <PeakPickDetails>F1=16.097870ppm, F2=-3.931175ppm, MI=0.00cm, MAXI=10000.00cm, PC=1.000
      </PeakPickDetails>
    </PeakList1DHeader>
    <Peak1D F1="10.093844" intensity="4.205755e-002" type="0"/>
    <Peak1D F1="8.372181" intensity="1.044281e-002" type="0"/>
    <Peak1D F1="8.366053" intensity="1.037111e-002" type="0"/>
    <Peak1D F1="8.342502" intensity="3.179307e-002" type="0"/>
    <Peak1D F1="8.320555" intensity="3.378608e-002" type="0"/>
    <Peak1D F1="8.298862" intensity="7.236046e-003" type="0"/>
    <Peak1D F1="8.270625" intensity="1.342607e-002" type="0"/>
    <Peak1D F1="8.238447" intensity="3.499263e-002" type="0"/>
    <Peak1D F1="8.222209" intensity="4.759412e-002" type="0"/>
    <Peak1D F1="8.217537" intensity="5.502092e-002" type="0"/>
    <Peak1D F1="8.209269" intensity="1.009163e-001" type="0"/>
    <Peak1D F1="8.204802" intensity="7.876047e-002" type="0"/>
    <Peak1D F1="8.187068" intensity="1.372134e-001" type="0"/>
    <Peak1D F1="8.165287" intensity="4.129604e-001" type="0"/>
    <Peak1D F1="8.159531" intensity="2.083012e+000" type="0"/>
    <Peak1D F1="8.154795" intensity="1.007446e+000" type="0"/>
    <Peak1D F1="8.142319" intensity="7.945305e-001" type="0"/>
    <Peak1D F1="8.137622" intensity="2.236388e+000" type="0"/>
    <Peak1D F1="8.132379" intensity="5.272771e-001" type="0"/>
    <Peak1D F1="8.117167" intensity="4.378344e-002" type="0"/>
    <Peak1D F1="8.109963" intensity="4.905467e-002" type="0"/>
    <Peak1D F1="8.087903" intensity="4.057486e-002" type="0"/>
    <Peak1D F1="8.019807" intensity="3.375844e-002" type="0"/>
    <Peak1D F1="7.998425" intensity="2.956504e-002" type="0"/>
    <Peak1D F1="7.944663" intensity="1.241582e-002" type="0"/>
    <Peak1D F1="7.922889" intensity="1.612495e-002" type="0"/>
    <Peak1D F1="7.902328" intensity="1.028233e-002" type="0"/>
    <Peak1D F1="7.870968" intensity="6.917580e-003" type="0"/>
    <Peak1D F1="7.843334" intensity="7.756059e-003" type="0"/>
    <Peak1D F1="7.822239" intensity="7.401539e-003" type="0"/>
    <Peak1D F1="7.810276" intensity="7.655512e-003" type="0"/>
    <Peak1D F1="7.758093" intensity="6.569318e-003" type="0"/>
    <Peak1D F1="7.719791" intensity="2.227649e-002" type="0"/>
    <Peak1D F1="7.709778" intensity="2.904202e-002" type="0"/>
    <Peak1D F1="7.703194" intensity="6.505501e-002" type="0"/>
    <Peak1D F1="7.687499" intensity="7.974745e-002" type="0"/>
    <Peak1D F1="7.682272" intensity="8.146325e-002" type="0"/>
    <Peak1D F1="7.666440" intensity="5.345189e-002" type="0"/>
    <Peak1D F1="7.616465" intensity="1.836555e-002" type="0"/>
    <Peak1D F1="7.607614" intensity="4.052322e-002" type="0"/>
    <Peak1D F1="7.586438" intensity="4.002026e-002" type="0"/>
    <Peak1D F1="7.553786" intensity="2.815775e-002" type="0"/>
    <Peak1D F1="7.540900" intensity="4.112170e-002" type="0"/>
    <Peak1D F1="7.529557" intensity="6.025639e-002" type="0"/>
    <Peak1D F1="7.514174" intensity="8.095314e-002" type="0"/>
    <Peak1D F1="7.508021" intensity="8.230271e-002" type="0"/>
    <Peak1D F1="7.480141" intensity="2.000921e+000" type="0"/>
    <Peak1D F1="7.475599" intensity="6.761924e-001" type="0"/>
    <Peak1D F1="7.458292" intensity="1.903762e+000" type="0"/>
    <Peak1D F1="7.452383" intensity="2.836628e-001" type="0"/>
    <Peak1D F1="7.439531" intensity="1.918728e-001" type="0"/>
    <Peak1D F1="7.430750" intensity="4.684895e-002" type="0"/>
    <Peak1D F1="7.408337" intensity="4.048029e-002" type="0"/>
    <Peak1D F1="7.324955" intensity="2.343394e-002" type="0"/>
    <Peak1D F1="7.304961" intensity="9.283585e-003" type="0"/>
    <Peak1D F1="7.290380" intensity="1.129185e-002" type="0"/>
    <Peak1D F1="7.242604" intensity="1.068418e-001" type="0"/>
    <Peak1D F1="7.192981" intensity="5.697926e+000" type="0"/>
    <Peak1D F1="7.172420" intensity="1.545589e-002" type="0"/>
    <Peak1D F1="7.143489" intensity="1.674479e-001" type="0"/>
    <Peak1D F1="7.123184" intensity="1.958824e-001" type="0"/>
    <Peak1D F1="7.101191" intensity="1.053193e-001" type="0"/>
    <Peak1D F1="7.095568" intensity="2.125347e-002" type="0"/>
    <Peak1D F1="7.063711" intensity="1.922871e-002" type="0"/>
    <Peak1D F1="7.044229" intensity="3.333283e-002" type="0"/>
    <Peak1D F1="7.037622" intensity="7.480289e-002" type="0"/>
    <Peak1D F1="7.027608" intensity="4.545554e-002" type="0"/>
    <Peak1D F1="7.015418" intensity="1.268833e-001" type="0"/>
    <Peak1D F1="6.993355" intensity="6.180442e-002" type="0"/>
    <Peak1D F1="6.929104" intensity="3.257326e-002" type="0"/>
    <Peak1D F1="6.847823" intensity="6.087355e-003" type="0"/>
    <Peak1D F1="6.217535" intensity="6.185343e-003" type="0"/>
    <Peak1D F1="6.117762" intensity="7.123157e-002" type="0"/>
    <Peak1D F1="6.107938" intensity="6.925638e-003" type="0"/>
    <Peak1D F1="6.068441" intensity="5.180287e-002" type="0"/>
    <Peak1D F1="6.018697" intensity="2.658036e+000" type="0"/>
    <Peak1D F1="5.996968" intensity="6.310627e-003" type="0"/>
    <Peak1D F1="5.968826" intensity="4.721247e-002" type="0"/>
    <Peak1D F1="5.895205" intensity="1.082126e-002" type="0"/>
    <Peak1D F1="5.882843" intensity="1.421853e-002" type="0"/>
    <Peak1D F1="5.817451" intensity="6.892524e-003" type="0"/>
    <Peak1D F1="5.602196" intensity="6.802768e-003" type="0"/>
    <Peak1D F1="5.411384" intensity="6.349637e-003" type="0"/>
    <Peak1D F1="5.394968" intensity="7.656187e-003" type="0"/>
    <Peak1D F1="5.357391" intensity="1.061329e-001" type="0"/>
    <Peak1D F1="5.349759" intensity="9.863229e-002" type="0"/>
    <Peak1D F1="5.308252" intensity="8.069371e-003" type="0"/>
    <Peak1D F1="5.268444" intensity="6.470629e-003" type="0"/>
    <Peak1D F1="4.982030" intensity="7.909087e-003" type="0"/>
    <Peak1D F1="4.967325" intensity="1.037133e-002" type="0"/>
    <Peak1D F1="4.946273" intensity="9.590928e-003" type="0"/>
    <Peak1D F1="4.886012" intensity="1.306621e-002" type="0"/>
    <Peak1D F1="4.865508" intensity="1.542873e-002" type="0"/>
    <Peak1D F1="4.837989" intensity="3.401025e-002" type="0"/>
    <Peak1D F1="4.814737" intensity="4.704125e-002" type="0"/>
    <Peak1D F1="4.788607" intensity="1.060889e+000" type="0"/>
    <Peak1D F1="4.765756" intensity="1.077119e+000" type="0"/>
    <Peak1D F1="4.739220" intensity="5.451532e-002" type="0"/>
    <Peak1D F1="4.715506" intensity="6.479713e-002" type="0"/>
    <Peak1D F1="4.662786" intensity="6.748921e-002" type="0"/>
    <Peak1D F1="4.619474" intensity="4.810201e-002" type="0"/>
    <Peak1D F1="4.391621" intensity="6.975769e-003" type="0"/>
    <Peak1D F1="4.365644" intensity="6.332916e-003" type="0"/>
    <Peak1D F1="3.980338" intensity="9.787712e-003" type="0"/>
    <Peak1D F1="3.957199" intensity="1.188603e-002" type="0"/>
    <Peak1D F1="3.895166" intensity="6.499574e-003" type="0"/>
    <Peak1D F1="3.878569" intensity="4.461688e-002" type="0"/>
    <Peak1D F1="3.861250" intensity="8.171448e-003" type="0"/>
    <Peak1D F1="3.844291" intensity="4.515845e-002" type="0"/>
    <Peak1D F1="3.823857" intensity="3.258325e-002" type="0"/>
    <Peak1D F1="3.811682" intensity="2.266823e-001" type="0"/>
    <Peak1D F1="3.750862" intensity="1.586597e-001" type="0"/>
    <Peak1D F1="3.745455" intensity="1.486771e-001" type="0"/>
    <Peak1D F1="3.701182" intensity="8.092449e+000" type="0"/>
    <Peak1D F1="3.680398" intensity="2.638514e-002" type="0"/>
    <Peak1D F1="3.651378" intensity="1.509553e-001" type="0"/>
    <Peak1D F1="3.634479" intensity="1.014775e-002" type="0"/>
    <Peak1D F1="3.518881" intensity="4.063596e-002" type="0"/>
    <Peak1D F1="3.419134" intensity="6.384248e-003" type="0"/>
    <Peak1D F1="3.162853" intensity="6.074462e-003" type="0"/>
    <Peak1D F1="2.960533" intensity="1.049518e-002" type="0"/>
    <Peak1D F1="2.953093" intensity="8.980922e-003" type="0"/>
    <Peak1D F1="2.942200" intensity="1.902155e-002" type="0"/>
    <Peak1D F1="2.935364" intensity="1.955727e-002" type="0"/>
    <Peak1D F1="2.923762" intensity="1.041686e-002" type="0"/>
    <Peak1D F1="2.917544" intensity="1.110615e-002" type="0"/>
    <Peak1D F1="2.753195" intensity="8.381933e-003" type="0"/>
    <Peak1D F1="2.608497" intensity="6.097935e-003" type="0"/>
    <Peak1D F1="2.534944" intensity="7.146770e-003" type="0"/>
    <Peak1D F1="2.438589" intensity="1.845482e-001" type="0"/>
    <Peak1D F1="2.434266" intensity="2.113264e-001" type="0"/>
    <Peak1D F1="2.417272" intensity="2.307425e-001" type="0"/>
    <Peak1D F1="2.412930" intensity="2.264092e-001" type="0"/>
    <Peak1D F1="2.389368" intensity="3.241671e-001" type="0"/>
    <Peak1D F1="2.385568" intensity="2.859060e-001" type="0"/>
    <Peak1D F1="2.381082" intensity="2.223092e-001" type="0"/>
    <Peak1D F1="2.368647" intensity="2.894884e-001" type="0"/>
    <Peak1D F1="2.364751" intensity="3.482557e-001" type="0"/>
    <Peak1D F1="2.348978" intensity="2.078498e-001" type="0"/>
    <Peak1D F1="2.326053" intensity="3.686238e-001" type="0"/>
    <Peak1D F1="2.318799" intensity="2.470388e-001" type="0"/>
    <Peak1D F1="2.315450" intensity="2.285365e-001" type="0"/>
    <Peak1D F1="2.306176" intensity="2.933767e-001" type="0"/>
    <Peak1D F1="2.296072" intensity="3.530677e-001" type="0"/>
    <Peak1D F1="2.275831" intensity="2.089178e-001" type="0"/>
    <Peak1D F1="2.253708" intensity="3.603744e-001" type="0"/>
    <Peak1D F1="2.231516" intensity="4.152462e-001" type="0"/>
    <Peak1D F1="2.227404" intensity="4.062418e-001" type="0"/>
    <Peak1D F1="2.204780" intensity="5.335481e-001" type="0"/>
    <Peak1D F1="2.197762" intensity="1.050648e-001" type="0"/>
    <Peak1D F1="2.183353" intensity="3.008046e-001" type="0"/>
    <Peak1D F1="2.178652" intensity="3.053362e-001" type="0"/>
    <Peak1D F1="2.156212" intensity="3.736127e-001" type="0"/>
    <Peak1D F1="2.150426" intensity="3.572110e-001" type="0"/>
    <Peak1D F1="2.116708" intensity="1.660477e+000" type="0"/>
    <Peak1D F1="2.100762" intensity="1.500000e+001" type="0"/>
    <Peak1D F1="2.085627" intensity="1.313716e+000" type="0"/>
    <Peak1D F1="2.078313" intensity="2.206297e+000" type="0"/>
    <Peak1D F1="2.057269" intensity="1.603064e-001" type="0"/>
    <Peak1D F1="2.051019" intensity="3.779335e-001" type="0"/>
    <Peak1D F1="2.040050" intensity="1.348460e-001" type="0"/>
    <Peak1D F1="2.029024" intensity="8.725210e-002" type="0"/>
    <Peak1D F1="2.021974" intensity="7.871392e-002" type="0"/>
    <Peak1D F1="1.991940" intensity="1.590122e-001" type="0"/>
    <Peak1D F1="1.987790" intensity="2.026015e-001" type="0"/>
    <Peak1D F1="1.983191" intensity="1.701552e-001" type="0"/>
    <Peak1D F1="1.970983" intensity="2.317014e-001" type="0"/>
    <Peak1D F1="1.965984" intensity="2.902942e-001" type="0"/>
    <Peak1D F1="1.960115" intensity="3.533220e-001" type="0"/>
    <Peak1D F1="1.955764" intensity="3.406732e-001" type="0"/>
    <Peak1D F1="1.950588" intensity="3.418761e-001" type="0"/>
    <Peak1D F1="1.942432" intensity="4.455802e-001" type="0"/>
    <Peak1D F1="1.938117" intensity="4.356231e-001" type="0"/>
    <Peak1D F1="1.933310" intensity="4.785571e-001" type="0"/>
    <Peak1D F1="1.925783" intensity="4.129983e-001" type="0"/>
    <Peak1D F1="1.921044" intensity="5.118178e-001" type="0"/>
    <Peak1D F1="1.910864" intensity="2.335796e+000" type="0"/>
    <Peak1D F1="1.899604" intensity="1.945620e+000" type="0"/>
    <Peak1D F1="1.891331" intensity="4.627378e+000" type="0"/>
    <Peak1D F1="1.882728" intensity="1.655005e+000" type="0"/>
    <Peak1D F1="1.880513" intensity="1.707095e+000" type="0"/>
    <Peak1D F1="1.871840" intensity="1.426908e+000" type="0"/>
    <Peak1D F1="1.860054" intensity="2.127408e-001" type="0"/>
    <Peak1D F1="1.849591" intensity="1.317293e-001" type="0"/>
    <Peak1D F1="1.841708" intensity="1.350706e-001" type="0"/>
    <Peak1D F1="1.830873" intensity="7.910824e-002" type="0"/>
    <Peak1D F1="1.821681" intensity="6.461147e-002" type="0"/>
    <Peak1D F1="1.788599" intensity="3.863462e-002" type="0"/>
    <Peak1D F1="1.758920" intensity="4.578008e-002" type="0"/>
    <Peak1D F1="1.745408" intensity="1.175715e-001" type="0"/>
    <Peak1D F1="1.729695" intensity="1.688787e-001" type="0"/>
    <Peak1D F1="1.724349" intensity="1.541463e-001" type="0"/>
    <Peak1D F1="1.717139" intensity="1.953009e-001" type="0"/>
    <Peak1D F1="1.708588" intensity="2.058663e-001" type="0"/>
    <Peak1D F1="1.701391" intensity="3.259305e-001" type="0"/>
    <Peak1D F1="1.697317" intensity="2.821649e-001" type="0"/>
    <Peak1D F1="1.686612" intensity="2.650189e-001" type="0"/>
    <Peak1D F1="1.680423" intensity="7.318550e-001" type="0"/>
    <Peak1D F1="1.674050" intensity="4.001271e-001" type="0"/>
    <Peak1D F1="1.670989" intensity="4.407020e-001" type="0"/>
    <Peak1D F1="1.656522" intensity="6.152312e-001" type="0"/>
    <Peak1D F1="1.643811" intensity="2.729852e-001" type="0"/>
    <Peak1D F1="1.639767" intensity="3.604946e-001" type="0"/>
    <Peak1D F1="1.635223" intensity="4.085696e-001" type="0"/>
    <Peak1D F1="1.623977" intensity="1.717256e-001" type="0"/>
    <Peak1D F1="1.618989" intensity="2.137575e-001" type="0"/>
    <Peak1D F1="1.585576" intensity="7.698468e-002" type="0"/>
    <Peak1D F1="1.534246" intensity="2.244646e-001" type="0"/>
    <Peak1D F1="1.518650" intensity="1.842948e-001" type="0"/>
    <Peak1D F1="1.511717" intensity="2.027589e-001" type="0"/>
    <Peak1D F1="1.499995" intensity="3.555197e-001" type="0"/>
    <Peak1D F1="1.482319" intensity="4.369005e-001" type="0"/>
    <Peak1D F1="1.469772" intensity="3.029494e-001" type="0"/>
    <Peak1D F1="1.452835" intensity="2.961364e-001" type="0"/>
    <Peak1D F1="1.440228" intensity="7.991891e-002" type="0"/>
    <Peak1D F1="1.434890" intensity="1.013347e-001" type="0"/>
    <Peak1D F1="1.422813" intensity="1.114565e-001" type="0"/>
    <Peak1D F1="1.327183" intensity="2.896947e-002" type="0"/>
    <Peak1D F1="1.270416" intensity="4.738782e-002" type="0"/>
    <Peak1D F1="1.236093" intensity="7.664108e-002" type="0"/>
    <Peak1D F1="1.214450" intensity="8.063791e-002" type="0"/>
    <Peak1D F1="1.185693" intensity="1.919797e-001" type="0"/>
    <Peak1D F1="1.105403" intensity="1.000731e-002" type="0"/>
    <Peak1D F1="1.092976" intensity="7.480984e-003" type="0"/>
    <Peak1D F1="1.070240" intensity="8.098437e-003" type="0"/>
    <Peak1D F1="1.043355" intensity="8.672626e-003" type="0"/>
    <Peak1D F1="1.038044" intensity="7.719361e-003" type="0"/>
    <Peak1D F1="0.990726" intensity="8.782175e-003" type="0"/>
    <Peak1D F1="0.972105" intensity="6.531904e-003" type="0"/>
    <Peak1D F1="0.934945" intensity="6.871897e-003" type="0"/>
    <Peak1D F1="0.894745" intensity="7.816404e-003" type="0"/>
    <Peak1D F1="0.825940" intensity="3.277883e-002" type="0"/>
    <Peak1D F1="0.810824" intensity="5.441440e-002" type="0"/>
    <Peak1D F1="0.796118" intensity="2.741516e-002" type="0"/>
    <Peak1D F1="0.710464" intensity="6.212515e-003" type="0"/>
    <Peak1D F1="0.049521" intensity="7.952333e-003" type="0"/>
    <Peak1D F1="-0.000156" intensity="3.557695e-001" type="0"/>
    <Peak1D F1="-0.049989" intensity="9.417521e-003" type="0"/>
    <Peak1D F1="-2.551980" intensity="6.161933e-003" type="0"/>
    <Peak1D F1="-3.562962" intensity="6.070901e-003" type="0"/>
  </PeakList1D>
</PeakList>
