<?xml version="1.0" encoding="UTF-8"?>
<PeakList>
  <PeakList1D>
    <PeakList1DHeader creator="nmr" date="2021-08-11T21:19:23.420+03:00" expNo="10" name="ID-427-K-11.8.21" owner="" procNo="1" source="//132.72.8.180/400b/Milo/Milo">
      <PeakPickDetails>F1=16.136280ppm, F2=-3.892766ppm, MI=0.00cm, MAXI=10000.00cm, PC=1.000
      </PeakPickDetails>
    </PeakList1DHeader>
    <Peak1D F1="15.830682" intensity="1.109890e-003" type="0"/>
    <Peak1D F1="13.758242" intensity="9.866187e-004" type="0"/>
    <Peak1D F1="12.951004" intensity="1.080424e-003" type="0"/>
    <Peak1D F1="12.685903" intensity="9.766709e-004" type="0"/>
    <Peak1D F1="12.342344" intensity="1.098284e-003" type="0"/>
    <Peak1D F1="11.923507" intensity="1.227264e-003" type="0"/>
    <Peak1D F1="11.834487" intensity="9.854527e-004" type="0"/>
    <Peak1D F1="11.542607" intensity="9.814387e-004" type="0"/>
    <Peak1D F1="11.128877" intensity="1.125843e-003" type="0"/>
    <Peak1D F1="10.966798" intensity="9.754421e-004" type="0"/>
    <Peak1D F1="10.925659" intensity="1.031029e-003" type="0"/>
    <Peak1D F1="10.075765" intensity="4.136398e-003" type="0"/>
    <Peak1D F1="10.068215" intensity="4.383129e-003" type="0"/>
    <Peak1D F1="10.057560" intensity="3.011317e-003" type="0"/>
    <Peak1D F1="8.820578" intensity="4.213708e-003" type="0"/>
    <Peak1D F1="8.663452" intensity="9.987841e-004" type="0"/>
    <Peak1D F1="8.632227" intensity="1.126024e-003" type="0"/>
    <Peak1D F1="8.595884" intensity="1.287208e-003" type="0"/>
    <Peak1D F1="8.563418" intensity="1.960610e-003" type="0"/>
    <Peak1D F1="8.527323" intensity="9.362571e-003" type="0"/>
    <Peak1D F1="8.471566" intensity="1.007228e-001" type="0"/>
    <Peak1D F1="8.400116" intensity="4.013977e-002" type="0"/>
    <Peak1D F1="8.325919" intensity="2.384437e-002" type="0"/>
    <Peak1D F1="8.317237" intensity="2.750514e-002" type="0"/>
    <Peak1D F1="8.310722" intensity="2.662616e-002" type="0"/>
    <Peak1D F1="8.304725" intensity="2.733659e-002" type="0"/>
    <Peak1D F1="8.296677" intensity="2.978722e-002" type="0"/>
    <Peak1D F1="8.274343" intensity="2.481317e-001" type="0"/>
    <Peak1D F1="8.259869" intensity="9.843558e-002" type="0"/>
    <Peak1D F1="8.250676" intensity="1.201588e-001" type="0"/>
    <Peak1D F1="8.244262" intensity="1.522882e-001" type="0"/>
    <Peak1D F1="8.235150" intensity="2.093551e-001" type="0"/>
    <Peak1D F1="8.231399" intensity="2.154953e-001" type="0"/>
    <Peak1D F1="8.223336" intensity="1.557881e-001" type="0"/>
    <Peak1D F1="8.214159" intensity="1.175020e-001" type="0"/>
    <Peak1D F1="8.196804" intensity="6.693328e-002" type="0"/>
    <Peak1D F1="8.180623" intensity="9.466967e-002" type="0"/>
    <Peak1D F1="8.174067" intensity="9.720279e-002" type="0"/>
    <Peak1D F1="8.166588" intensity="1.075210e-001" type="0"/>
    <Peak1D F1="8.161734" intensity="1.172978e-001" type="0"/>
    <Peak1D F1="8.156840" intensity="1.127817e-001" type="0"/>
    <Peak1D F1="8.132647" intensity="1.077644e+000" type="0"/>
    <Peak1D F1="8.127756" intensity="9.983249e-001" type="0"/>
    <Peak1D F1="8.122955" intensity="1.465237e+000" type="0"/>
    <Peak1D F1="8.111443" intensity="2.172478e+000" type="0"/>
    <Peak1D F1="8.106733" intensity="1.499768e+000" type="0"/>
    <Peak1D F1="8.101510" intensity="1.748574e+000" type="0"/>
    <Peak1D F1="8.095152" intensity="1.200522e+000" type="0"/>
    <Peak1D F1="8.090490" intensity="1.132335e+000" type="0"/>
    <Peak1D F1="8.061888" intensity="6.293924e-002" type="0"/>
    <Peak1D F1="8.051701" intensity="3.648225e-002" type="0"/>
    <Peak1D F1="8.044831" intensity="2.735722e-002" type="0"/>
    <Peak1D F1="8.040445" intensity="2.765062e-002" type="0"/>
    <Peak1D F1="8.033522" intensity="1.652514e-002" type="0"/>
    <Peak1D F1="8.022712" intensity="1.378977e-002" type="0"/>
    <Peak1D F1="8.009045" intensity="1.816094e-002" type="0"/>
    <Peak1D F1="8.000291" intensity="1.788677e-002" type="0"/>
    <Peak1D F1="7.986900" intensity="1.793381e-002" type="0"/>
    <Peak1D F1="7.971522" intensity="6.412118e-002" type="0"/>
    <Peak1D F1="7.968889" intensity="6.631337e-002" type="0"/>
    <Peak1D F1="7.964812" intensity="6.386283e-002" type="0"/>
    <Peak1D F1="7.950971" intensity="7.946175e-002" type="0"/>
    <Peak1D F1="7.948242" intensity="8.298732e-002" type="0"/>
    <Peak1D F1="7.944345" intensity="7.946938e-002" type="0"/>
    <Peak1D F1="7.879549" intensity="6.344736e-002" type="0"/>
    <Peak1D F1="7.865993" intensity="9.021553e-002" type="0"/>
    <Peak1D F1="7.861933" intensity="9.127665e-002" type="0"/>
    <Peak1D F1="7.859371" intensity="8.947469e-002" type="0"/>
    <Peak1D F1="7.853798" intensity="8.258978e-002" type="0"/>
    <Peak1D F1="7.813938" intensity="1.544742e-001" type="0"/>
    <Peak1D F1="7.796159" intensity="3.030093e-001" type="0"/>
    <Peak1D F1="7.793445" intensity="3.052398e-001" type="0"/>
    <Peak1D F1="7.789721" intensity="2.752742e-001" type="0"/>
    <Peak1D F1="7.785337" intensity="2.820999e-001" type="0"/>
    <Peak1D F1="7.772584" intensity="3.620856e-001" type="0"/>
    <Peak1D F1="7.769188" intensity="3.421957e-001" type="0"/>
    <Peak1D F1="7.764791" intensity="3.127432e-001" type="0"/>
    <Peak1D F1="7.756331" intensity="3.057542e-001" type="0"/>
    <Peak1D F1="7.747817" intensity="2.581238e-001" type="0"/>
    <Peak1D F1="7.736481" intensity="2.085282e-001" type="0"/>
    <Peak1D F1="7.730692" intensity="1.680416e-001" type="0"/>
    <Peak1D F1="7.712931" intensity="9.655533e-002" type="0"/>
    <Peak1D F1="7.706601" intensity="1.228663e-001" type="0"/>
    <Peak1D F1="7.702691" intensity="1.229440e-001" type="0"/>
    <Peak1D F1="7.681750" intensity="8.611585e-002" type="0"/>
    <Peak1D F1="7.665290" intensity="1.228729e-001" type="0"/>
    <Peak1D F1="7.661204" intensity="1.019363e-001" type="0"/>
    <Peak1D F1="7.643020" intensity="1.365186e-001" type="0"/>
    <Peak1D F1="7.638262" intensity="1.262075e-001" type="0"/>
    <Peak1D F1="7.632629" intensity="8.143030e-002" type="0"/>
    <Peak1D F1="7.615337" intensity="9.371237e-002" type="0"/>
    <Peak1D F1="7.610341" intensity="7.518450e-002" type="0"/>
    <Peak1D F1="7.594812" intensity="7.713614e-002" type="0"/>
    <Peak1D F1="7.588773" intensity="7.438953e-002" type="0"/>
    <Peak1D F1="7.580677" intensity="7.419195e-002" type="0"/>
    <Peak1D F1="7.569913" intensity="9.125042e-002" type="0"/>
    <Peak1D F1="7.563792" intensity="1.001534e-001" type="0"/>
    <Peak1D F1="7.557763" intensity="7.915293e-002" type="0"/>
    <Peak1D F1="7.547450" intensity="9.632905e-002" type="0"/>
    <Peak1D F1="7.541134" intensity="1.135951e-001" type="0"/>
    <Peak1D F1="7.534839" intensity="9.734987e-002" type="0"/>
    <Peak1D F1="7.518811" intensity="1.165581e-001" type="0"/>
    <Peak1D F1="7.512710" intensity="1.203102e-001" type="0"/>
    <Peak1D F1="7.505321" intensity="1.140315e-001" type="0"/>
    <Peak1D F1="7.499115" intensity="1.588801e-001" type="0"/>
    <Peak1D F1="7.490477" intensity="2.141516e-001" type="0"/>
    <Peak1D F1="7.484542" intensity="2.094656e-001" type="0"/>
    <Peak1D F1="7.471023" intensity="1.328771e+000" type="0"/>
    <Peak1D F1="7.464275" intensity="1.958166e+000" type="0"/>
    <Peak1D F1="7.456460" intensity="1.767036e+000" type="0"/>
    <Peak1D F1="7.449800" intensity="1.813654e+000" type="0"/>
    <Peak1D F1="7.442312" intensity="1.941974e+000" type="0"/>
    <Peak1D F1="7.436005" intensity="1.481476e+000" type="0"/>
    <Peak1D F1="7.434881" intensity="1.484525e+000" type="0"/>
    <Peak1D F1="7.412776" intensity="2.712225e-001" type="0"/>
    <Peak1D F1="7.408017" intensity="2.548402e-001" type="0"/>
    <Peak1D F1="7.399156" intensity="2.078489e-001" type="0"/>
    <Peak1D F1="7.392616" intensity="1.918358e-001" type="0"/>
    <Peak1D F1="7.328800" intensity="1.752265e-002" type="0"/>
    <Peak1D F1="7.302125" intensity="2.097401e-002" type="0"/>
    <Peak1D F1="7.294207" intensity="2.306608e-002" type="0"/>
    <Peak1D F1="7.280332" intensity="1.064317e-001" type="0"/>
    <Peak1D F1="7.230926" intensity="6.024226e+000" type="0"/>
    <Peak1D F1="7.202531" intensity="1.213847e-002" type="0"/>
    <Peak1D F1="7.193236" intensity="7.142249e-003" type="0"/>
    <Peak1D F1="7.180348" intensity="9.199382e-002" type="0"/>
    <Peak1D F1="7.128021" intensity="2.469894e-003" type="0"/>
    <Peak1D F1="7.082835" intensity="6.616015e-003" type="0"/>
    <Peak1D F1="7.059738" intensity="2.282331e-003" type="0"/>
    <Peak1D F1="7.051790" intensity="3.485108e-003" type="0"/>
    <Peak1D F1="7.046257" intensity="2.473572e-003" type="0"/>
    <Peak1D F1="7.037020" intensity="2.092182e-003" type="0"/>
    <Peak1D F1="7.030209" intensity="2.852223e-003" type="0"/>
    <Peak1D F1="7.023548" intensity="2.662391e-003" type="0"/>
    <Peak1D F1="7.015951" intensity="1.517652e-003" type="0"/>
    <Peak1D F1="6.966031" intensity="3.149341e-002" type="0"/>
    <Peak1D F1="6.255141" intensity="1.020557e-003" type="0"/>
    <Peak1D F1="6.195574" intensity="8.562024e-003" type="0"/>
    <Peak1D F1="6.190850" intensity="7.584257e-003" type="0"/>
    <Peak1D F1="6.169194" intensity="6.573793e-003" type="0"/>
    <Peak1D F1="6.117098" intensity="4.028579e-002" type="0"/>
    <Peak1D F1="6.073363" intensity="8.994492e-003" type="0"/>
    <Peak1D F1="6.055192" intensity="5.138224e-002" type="0"/>
    <Peak1D F1="6.047285" intensity="3.661833e-002" type="0"/>
    <Peak1D F1="6.037048" intensity="4.360903e-002" type="0"/>
    <Peak1D F1="6.004869" intensity="1.738003e+000" type="0"/>
    <Peak1D F1="5.997073" intensity="2.116382e+000" type="0"/>
    <Peak1D F1="5.990059" intensity="1.029002e+000" type="0"/>
    <Peak1D F1="5.987010" intensity="1.388333e+000" type="0"/>
    <Peak1D F1="5.955012" intensity="6.701774e-002" type="0"/>
    <Peak1D F1="5.947186" intensity="6.951237e-002" type="0"/>
    <Peak1D F1="5.937181" intensity="5.027700e-002" type="0"/>
    <Peak1D F1="5.898900" intensity="4.245731e-002" type="0"/>
    <Peak1D F1="5.858856" intensity="3.716928e-003" type="0"/>
    <Peak1D F1="5.807786" intensity="3.445852e-002" type="0"/>
    <Peak1D F1="5.780856" intensity="3.180127e-002" type="0"/>
    <Peak1D F1="5.743580" intensity="4.007409e-003" type="0"/>
    <Peak1D F1="5.737789" intensity="2.619918e-003" type="0"/>
    <Peak1D F1="5.716668" intensity="3.209163e-003" type="0"/>
    <Peak1D F1="5.664323" intensity="9.932563e-004" type="0"/>
    <Peak1D F1="5.607428" intensity="1.092187e-003" type="0"/>
    <Peak1D F1="5.600166" intensity="1.484026e-003" type="0"/>
    <Peak1D F1="5.538628" intensity="4.973157e-003" type="0"/>
    <Peak1D F1="5.490474" intensity="8.896798e-003" type="0"/>
    <Peak1D F1="5.481953" intensity="7.744329e-003" type="0"/>
    <Peak1D F1="5.449612" intensity="4.458428e-002" type="0"/>
    <Peak1D F1="5.442935" intensity="4.330560e-002" type="0"/>
    <Peak1D F1="5.374707" intensity="1.909352e-002" type="0"/>
    <Peak1D F1="5.366690" intensity="1.900692e-002" type="0"/>
    <Peak1D F1="5.325505" intensity="2.545630e-001" type="0"/>
    <Peak1D F1="5.317959" intensity="2.369831e-001" type="0"/>
    <Peak1D F1="5.276519" intensity="6.672011e-003" type="0"/>
    <Peak1D F1="5.243579" intensity="1.120399e-002" type="0"/>
    <Peak1D F1="5.228502" intensity="9.616807e-003" type="0"/>
    <Peak1D F1="4.988220" intensity="8.462193e-003" type="0"/>
    <Peak1D F1="4.966513" intensity="5.813777e-002" type="0"/>
    <Peak1D F1="4.937860" intensity="5.468048e-002" type="0"/>
    <Peak1D F1="4.915527" intensity="2.209025e-002" type="0"/>
    <Peak1D F1="4.893956" intensity="2.918114e-002" type="0"/>
    <Peak1D F1="4.859227" intensity="4.272935e-002" type="0"/>
    <Peak1D F1="4.836450" intensity="5.125552e-002" type="0"/>
    <Peak1D F1="4.809426" intensity="1.344591e+000" type="0"/>
    <Peak1D F1="4.787531" intensity="1.406003e+000" type="0"/>
    <Peak1D F1="4.758392" intensity="9.326620e-002" type="0"/>
    <Peak1D F1="4.734618" intensity="1.381494e-001" type="0"/>
    <Peak1D F1="4.701078" intensity="2.100391e-001" type="0"/>
    <Peak1D F1="4.604353" intensity="3.670834e-002" type="0"/>
    <Peak1D F1="3.865265" intensity="2.472444e-002" type="0"/>
    <Peak1D F1="3.857545" intensity="3.060550e-002" type="0"/>
    <Peak1D F1="3.847574" intensity="2.041344e-002" type="0"/>
    <Peak1D F1="3.826910" intensity="2.280801e-003" type="0"/>
    <Peak1D F1="3.797605" intensity="1.438697e-002" type="0"/>
    <Peak1D F1="3.789869" intensity="1.204003e-002" type="0"/>
    <Peak1D F1="3.779149" intensity="1.446145e-002" type="0"/>
    <Peak1D F1="3.738182" intensity="1.462380e-001" type="0"/>
    <Peak1D F1="3.730335" intensity="1.052536e-001" type="0"/>
    <Peak1D F1="3.720175" intensity="1.217064e-001" type="0"/>
    <Peak1D F1="3.687889" intensity="5.085582e+000" type="0"/>
    <Peak1D F1="3.680144" intensity="6.199941e+000" type="0"/>
    <Peak1D F1="3.673195" intensity="3.055366e+000" type="0"/>
    <Peak1D F1="3.670132" intensity="4.107213e+000" type="0"/>
    <Peak1D F1="3.638174" intensity="1.399504e-001" type="0"/>
    <Peak1D F1="3.630332" intensity="8.818273e-002" type="0"/>
    <Peak1D F1="3.620179" intensity="9.217052e-002" type="0"/>
    <Peak1D F1="3.586915" intensity="6.161951e-003" type="0"/>
    <Peak1D F1="3.578438" intensity="6.725234e-003" type="0"/>
    <Peak1D F1="3.568226" intensity="8.672957e-003" type="0"/>
    <Peak1D F1="3.556438" intensity="8.389733e-003" type="0"/>
    <Peak1D F1="3.530741" intensity="9.165331e-003" type="0"/>
    <Peak1D F1="3.505588" intensity="3.697781e-002" type="0"/>
    <Peak1D F1="3.497832" intensity="4.340249e-002" type="0"/>
    <Peak1D F1="3.487892" intensity="3.314350e-002" type="0"/>
    <Peak1D F1="3.447038" intensity="1.589864e-002" type="0"/>
    <Peak1D F1="3.438741" intensity="1.661574e-002" type="0"/>
    <Peak1D F1="3.417257" intensity="1.604521e-002" type="0"/>
    <Peak1D F1="3.403459" intensity="1.635478e-002" type="0"/>
    <Peak1D F1="3.394504" intensity="1.606984e-002" type="0"/>
    <Peak1D F1="3.371542" intensity="1.570928e-002" type="0"/>
    <Peak1D F1="2.971852" intensity="8.765973e-003" type="0"/>
    <Peak1D F1="2.943278" intensity="2.552106e-002" type="0"/>
    <Peak1D F1="2.932526" intensity="2.378824e-002" type="0"/>
    <Peak1D F1="2.924661" intensity="2.709148e-002" type="0"/>
    <Peak1D F1="2.907340" intensity="1.691039e-002" type="0"/>
    <Peak1D F1="2.898240" intensity="1.128431e-002" type="0"/>
    <Peak1D F1="2.879591" intensity="1.596457e-002" type="0"/>
    <Peak1D F1="2.862029" intensity="1.874529e-002" type="0"/>
    <Peak1D F1="2.838637" intensity="1.544809e-002" type="0"/>
    <Peak1D F1="2.809281" intensity="1.411534e-002" type="0"/>
    <Peak1D F1="2.772068" intensity="7.978803e-003" type="0"/>
    <Peak1D F1="2.753301" intensity="8.337999e-003" type="0"/>
    <Peak1D F1="2.736697" intensity="5.920502e-003" type="0"/>
    <Peak1D F1="2.715373" intensity="4.714469e-003" type="0"/>
    <Peak1D F1="2.689836" intensity="8.971021e-003" type="0"/>
    <Peak1D F1="2.667021" intensity="1.043313e-002" type="0"/>
    <Peak1D F1="2.644447" intensity="1.525638e-002" type="0"/>
    <Peak1D F1="2.622639" intensity="1.848920e-002" type="0"/>
    <Peak1D F1="2.616751" intensity="1.725550e-002" type="0"/>
    <Peak1D F1="2.600318" intensity="1.049957e-002" type="0"/>
    <Peak1D F1="2.595455" intensity="1.014289e-002" type="0"/>
    <Peak1D F1="2.535021" intensity="2.900001e-002" type="0"/>
    <Peak1D F1="2.526847" intensity="3.010774e-002" type="0"/>
    <Peak1D F1="2.465722" intensity="2.724454e-002" type="0"/>
    <Peak1D F1="2.460973" intensity="2.687112e-002" type="0"/>
    <Peak1D F1="2.433762" intensity="2.999720e-002" type="0"/>
    <Peak1D F1="2.367375" intensity="5.503667e-001" type="0"/>
    <Peak1D F1="2.363738" intensity="5.730132e-001" type="0"/>
    <Peak1D F1="2.343183" intensity="9.315058e-001" type="0"/>
    <Peak1D F1="2.337502" intensity="8.952332e-001" type="0"/>
    <Peak1D F1="2.334053" intensity="8.812952e-001" type="0"/>
    <Peak1D F1="2.325380" intensity="8.143372e-001" type="0"/>
    <Peak1D F1="2.322136" intensity="8.209339e-001" type="0"/>
    <Peak1D F1="2.315782" intensity="8.762274e-001" type="0"/>
    <Peak1D F1="2.295122" intensity="3.893441e-001" type="0"/>
    <Peak1D F1="2.291949" intensity="3.773642e-001" type="0"/>
    <Peak1D F1="2.276799" intensity="1.388734e-001" type="0"/>
    <Peak1D F1="2.262692" intensity="1.733216e-001" type="0"/>
    <Peak1D F1="2.256369" intensity="1.886508e-001" type="0"/>
    <Peak1D F1="2.243545" intensity="1.939499e-001" type="0"/>
    <Peak1D F1="2.236631" intensity="1.814532e-001" type="0"/>
    <Peak1D F1="2.226006" intensity="1.637805e-001" type="0"/>
    <Peak1D F1="2.215641" intensity="2.377061e-001" type="0"/>
    <Peak1D F1="2.205017" intensity="2.434209e-001" type="0"/>
    <Peak1D F1="2.189147" intensity="4.041246e-001" type="0"/>
    <Peak1D F1="2.178691" intensity="3.950076e-001" type="0"/>
    <Peak1D F1="2.167172" intensity="5.548364e-001" type="0"/>
    <Peak1D F1="2.155427" intensity="4.718013e-001" type="0"/>
    <Peak1D F1="2.141543" intensity="6.090582e-001" type="0"/>
    <Peak1D F1="2.132295" intensity="7.066112e-001" type="0"/>
    <Peak1D F1="2.082675" intensity="1.220540e+001" type="0"/>
    <Peak1D F1="2.074928" intensity="1.349654e+001" type="0"/>
    <Peak1D F1="2.064648" intensity="1.265713e+001" type="0"/>
    <Peak1D F1="2.056906" intensity="7.695378e+000" type="0"/>
    <Peak1D F1="2.048720" intensity="4.418973e+000" type="0"/>
    <Peak1D F1="2.015234" intensity="5.076178e-001" type="0"/>
    <Peak1D F1="1.931887" intensity="9.437098e-001" type="0"/>
    <Peak1D F1="1.915782" intensity="1.694014e+000" type="0"/>
    <Peak1D F1="1.912567" intensity="1.767475e+000" type="0"/>
    <Peak1D F1="1.901208" intensity="5.082520e+000" type="0"/>
    <Peak1D F1="1.893730" intensity="8.018672e+000" type="0"/>
    <Peak1D F1="1.882424" intensity="1.385354e+001" type="0"/>
    <Peak1D F1="1.874886" intensity="1.500000e+001" type="0"/>
    <Peak1D F1="1.865756" intensity="1.157314e+001" type="0"/>
    <Peak1D F1="1.857372" intensity="6.225557e+000" type="0"/>
    <Peak1D F1="1.848869" intensity="3.035160e+000" type="0"/>
    <Peak1D F1="1.833653" intensity="8.714991e-001" type="0"/>
    <Peak1D F1="1.825219" intensity="5.697983e-001" type="0"/>
    <Peak1D F1="1.815931" intensity="4.199754e-001" type="0"/>
    <Peak1D F1="1.750491" intensity="1.020853e-001" type="0"/>
    <Peak1D F1="1.733052" intensity="1.572495e-001" type="0"/>
    <Peak1D F1="1.725143" intensity="1.728026e-001" type="0"/>
    <Peak1D F1="1.715987" intensity="2.357048e-001" type="0"/>
    <Peak1D F1="1.705486" intensity="3.470795e-001" type="0"/>
    <Peak1D F1="1.700582" intensity="3.932393e-001" type="0"/>
    <Peak1D F1="1.695599" intensity="4.642484e-001" type="0"/>
    <Peak1D F1="1.689721" intensity="6.835603e-001" type="0"/>
    <Peak1D F1="1.685804" intensity="7.120691e-001" type="0"/>
    <Peak1D F1="1.681889" intensity="7.424715e-001" type="0"/>
    <Peak1D F1="1.665340" intensity="1.144100e+000" type="0"/>
    <Peak1D F1="1.661872" intensity="1.071816e+000" type="0"/>
    <Peak1D F1="1.653243" intensity="8.716921e-001" type="0"/>
    <Peak1D F1="1.645971" intensity="9.152972e-001" type="0"/>
    <Peak1D F1="1.641885" intensity="8.642503e-001" type="0"/>
    <Peak1D F1="1.636699" intensity="7.372630e-001" type="0"/>
    <Peak1D F1="1.631350" intensity="6.349605e-001" type="0"/>
    <Peak1D F1="1.625993" intensity="5.789281e-001" type="0"/>
    <Peak1D F1="1.614296" intensity="3.795378e-001" type="0"/>
    <Peak1D F1="1.605758" intensity="3.145918e-001" type="0"/>
    <Peak1D F1="1.598731" intensity="2.556155e-001" type="0"/>
    <Peak1D F1="1.555570" intensity="9.369577e-002" type="0"/>
    <Peak1D F1="1.533572" intensity="1.288467e-001" type="0"/>
    <Peak1D F1="1.528100" intensity="1.501356e-001" type="0"/>
    <Peak1D F1="1.518426" intensity="2.086378e-001" type="0"/>
    <Peak1D F1="1.512523" intensity="2.225764e-001" type="0"/>
    <Peak1D F1="1.504623" intensity="2.340613e-001" type="0"/>
    <Peak1D F1="1.498973" intensity="3.292762e-001" type="0"/>
    <Peak1D F1="1.493757" intensity="3.680044e-001" type="0"/>
    <Peak1D F1="1.488118" intensity="3.326800e-001" type="0"/>
    <Peak1D F1="1.482285" intensity="3.677405e-001" type="0"/>
    <Peak1D F1="1.475501" intensity="3.905516e-001" type="0"/>
    <Peak1D F1="1.470655" intensity="4.043246e-001" type="0"/>
    <Peak1D F1="1.463829" intensity="3.444595e-001" type="0"/>
    <Peak1D F1="1.458787" intensity="2.908548e-001" type="0"/>
    <Peak1D F1="1.455529" intensity="2.816323e-001" type="0"/>
    <Peak1D F1="1.448452" intensity="3.040488e-001" type="0"/>
    <Peak1D F1="1.441815" intensity="2.548698e-001" type="0"/>
    <Peak1D F1="1.429803" intensity="1.336091e-001" type="0"/>
    <Peak1D F1="1.422595" intensity="1.257519e-001" type="0"/>
    <Peak1D F1="1.412038" intensity="1.012505e-001" type="0"/>
    <Peak1D F1="1.308042" intensity="1.803257e-002" type="0"/>
    <Peak1D F1="1.283300" intensity="1.637279e-002" type="0"/>
    <Peak1D F1="1.218880" intensity="3.058022e-002" type="0"/>
    <Peak1D F1="1.177770" intensity="4.650892e-002" type="0"/>
    <Peak1D F1="1.020169" intensity="6.556660e-003" type="0"/>
    <Peak1D F1="0.960464" intensity="5.953501e-003" type="0"/>
    <Peak1D F1="0.953504" intensity="5.698712e-003" type="0"/>
    <Peak1D F1="0.890837" intensity="5.097329e-003" type="0"/>
    <Peak1D F1="0.879747" intensity="5.318840e-003" type="0"/>
    <Peak1D F1="0.839584" intensity="5.855036e-003" type="0"/>
    <Peak1D F1="0.796408" intensity="1.529047e-002" type="0"/>
    <Peak1D F1="0.787519" intensity="1.386568e-002" type="0"/>
    <Peak1D F1="0.718840" intensity="4.769704e-003" type="0"/>
    <Peak1D F1="0.697568" intensity="4.140472e-003" type="0"/>
    <Peak1D F1="0.669661" intensity="3.500284e-003" type="0"/>
    <Peak1D F1="0.639044" intensity="3.147491e-003" type="0"/>
    <Peak1D F1="0.599782" intensity="2.736524e-003" type="0"/>
    <Peak1D F1="0.566369" intensity="2.414602e-003" type="0"/>
    <Peak1D F1="0.541897" intensity="2.676729e-003" type="0"/>
    <Peak1D F1="0.519243" intensity="2.444359e-003" type="0"/>
    <Peak1D F1="0.490832" intensity="2.442649e-003" type="0"/>
    <Peak1D F1="0.472574" intensity="2.360954e-003" type="0"/>
    <Peak1D F1="0.453546" intensity="2.243160e-003" type="0"/>
    <Peak1D F1="0.441295" intensity="2.092507e-003" type="0"/>
    <Peak1D F1="0.417120" intensity="1.968093e-003" type="0"/>
    <Peak1D F1="0.381741" intensity="2.261783e-003" type="0"/>
    <Peak1D F1="0.370816" intensity="1.759972e-003" type="0"/>
    <Peak1D F1="0.361274" intensity="1.860395e-003" type="0"/>
    <Peak1D F1="0.323042" intensity="1.909110e-003" type="0"/>
    <Peak1D F1="0.309218" intensity="1.732771e-003" type="0"/>
    <Peak1D F1="0.293690" intensity="1.770992e-003" type="0"/>
    <Peak1D F1="0.273928" intensity="1.657953e-003" type="0"/>
    <Peak1D F1="0.255642" intensity="1.658687e-003" type="0"/>
    <Peak1D F1="0.247271" intensity="1.651760e-003" type="0"/>
    <Peak1D F1="0.210792" intensity="1.671215e-003" type="0"/>
    <Peak1D F1="0.169751" intensity="1.686867e-003" type="0"/>
    <Peak1D F1="0.159515" intensity="1.536308e-003" type="0"/>
    <Peak1D F1="0.140149" intensity="1.593078e-003" type="0"/>
    <Peak1D F1="0.113069" intensity="1.510931e-003" type="0"/>
    <Peak1D F1="0.094287" intensity="1.610513e-003" type="0"/>
    <Peak1D F1="0.070256" intensity="1.562925e-003" type="0"/>
    <Peak1D F1="0.054929" intensity="2.352185e-003" type="0"/>
    <Peak1D F1="0.005019" intensity="5.114899e-002" type="0"/>
    <Peak1D F1="-0.000149" intensity="8.387299e-002" type="0"/>
    <Peak1D F1="-0.006069" intensity="5.063381e-002" type="0"/>
    <Peak1D F1="-0.046717" intensity="2.284253e-003" type="0"/>
    <Peak1D F1="-0.091585" intensity="1.142879e-003" type="0"/>
    <Peak1D F1="-0.120470" intensity="1.062057e-003" type="0"/>
    <Peak1D F1="-0.138063" intensity="1.268304e-003" type="0"/>
    <Peak1D F1="-0.170914" intensity="1.007190e-003" type="0"/>
    <Peak1D F1="-0.193847" intensity="1.102789e-003" type="0"/>
    <Peak1D F1="-0.244131" intensity="1.104124e-003" type="0"/>
    <Peak1D F1="-2.736165" intensity="1.000815e-003" type="0"/>
    <Peak1D F1="-3.048304" intensity="1.255391e-003" type="0"/>
    <Peak1D F1="-3.099310" intensity="1.025501e-003" type="0"/>
    <Peak1D F1="-3.142402" intensity="1.136362e-003" type="0"/>
    <Peak1D F1="-3.321795" intensity="1.065398e-003" type="0"/>
    <Peak1D F1="-3.436591" intensity="1.065235e-003" type="0"/>
    <Peak1D F1="-3.475651" intensity="1.040424e-003" type="0"/>
    <Peak1D F1="-3.480895" intensity="1.094128e-003" type="0"/>
    <Peak1D F1="-3.545278" intensity="1.025943e-003" type="0"/>
    <Peak1D F1="-3.578570" intensity="1.159596e-003" type="0"/>
    <Peak1D F1="-3.604254" intensity="1.257465e-003" type="0"/>
    <Peak1D F1="-3.637512" intensity="1.061115e-003" type="0"/>
    <Peak1D F1="-3.660322" intensity="1.012152e-003" type="0"/>
    <Peak1D F1="-3.723694" intensity="1.095781e-003" type="0"/>
    <Peak1D F1="-3.784611" intensity="1.110354e-003" type="0"/>
  </PeakList1D>
</PeakList>
