<?xml version="1.0" encoding="UTF-8"?>
<PeakList>
  <PeakList1D>
    <PeakList1DHeader creator="nmr" date="2021-08-06T16:34:33.150+03:00" expNo="20" name="ID_422_I" owner="" procNo="1" source="//132.72.8.180/400b/Milo/Milo">
      <PeakPickDetails>F1=16.113810ppm, F2=-3.915236ppm, MI=0.00cm, MAXI=10000.00cm, PC=1.000
      </PeakPickDetails>
    </PeakList1DHeader>
    <Peak1D F1="14.403149" intensity="1.743781e-003" type="0"/>
    <Peak1D F1="14.248166" intensity="1.663804e-003" type="0"/>
    <Peak1D F1="11.118113" intensity="1.704987e-003" type="0"/>
    <Peak1D F1="10.311171" intensity="2.712065e-003" type="0"/>
    <Peak1D F1="10.161280" intensity="1.871094e-003" type="0"/>
    <Peak1D F1="10.139695" intensity="9.845849e-003" type="0"/>
    <Peak1D F1="10.131281" intensity="3.876901e-003" type="0"/>
    <Peak1D F1="10.120612" intensity="5.659261e-003" type="0"/>
    <Peak1D F1="10.089996" intensity="5.286644e-001" type="0"/>
    <Peak1D F1="10.040065" intensity="7.646371e-003" type="0"/>
    <Peak1D F1="9.862672" intensity="3.096714e-003" type="0"/>
    <Peak1D F1="9.057989" intensity="2.047666e-003" type="0"/>
    <Peak1D F1="8.978658" intensity="1.882373e-003" type="0"/>
    <Peak1D F1="8.927259" intensity="1.705072e-003" type="0"/>
    <Peak1D F1="8.887946" intensity="1.830002e-003" type="0"/>
    <Peak1D F1="8.865986" intensity="2.009063e-003" type="0"/>
    <Peak1D F1="8.817390" intensity="1.751769e-003" type="0"/>
    <Peak1D F1="8.793023" intensity="1.717302e-003" type="0"/>
    <Peak1D F1="8.782590" intensity="1.750566e-003" type="0"/>
    <Peak1D F1="8.766773" intensity="1.844691e-003" type="0"/>
    <Peak1D F1="8.739191" intensity="1.842078e-003" type="0"/>
    <Peak1D F1="8.698135" intensity="1.836879e-003" type="0"/>
    <Peak1D F1="8.641893" intensity="2.662919e-003" type="0"/>
    <Peak1D F1="8.628100" intensity="2.419994e-003" type="0"/>
    <Peak1D F1="8.599648" intensity="2.385607e-003" type="0"/>
    <Peak1D F1="8.578945" intensity="2.804441e-003" type="0"/>
    <Peak1D F1="8.544533" intensity="3.495626e-003" type="0"/>
    <Peak1D F1="8.526961" intensity="3.979110e-003" type="0"/>
    <Peak1D F1="8.493299" intensity="3.555970e-003" type="0"/>
    <Peak1D F1="8.451445" intensity="3.917591e-003" type="0"/>
    <Peak1D F1="8.448298" intensity="3.977841e-003" type="0"/>
    <Peak1D F1="8.405951" intensity="5.002277e-003" type="0"/>
    <Peak1D F1="8.385866" intensity="1.112141e-002" type="0"/>
    <Peak1D F1="8.362342" intensity="1.837583e-002" type="0"/>
    <Peak1D F1="8.355185" intensity="1.831432e-002" type="0"/>
    <Peak1D F1="8.335732" intensity="3.621497e-001" type="0"/>
    <Peak1D F1="8.314093" intensity="3.999092e-001" type="0"/>
    <Peak1D F1="8.285089" intensity="1.137737e-002" type="0"/>
    <Peak1D F1="8.264281" intensity="1.431985e-002" type="0"/>
    <Peak1D F1="8.215370" intensity="5.527398e-002" type="0"/>
    <Peak1D F1="8.203631" intensity="7.073067e-002" type="0"/>
    <Peak1D F1="8.198508" intensity="8.044310e-002" type="0"/>
    <Peak1D F1="8.193948" intensity="8.142079e-002" type="0"/>
    <Peak1D F1="8.182123" intensity="8.972539e-002" type="0"/>
    <Peak1D F1="8.176156" intensity="8.565099e-002" type="0"/>
    <Peak1D F1="8.154327" intensity="5.621399e-001" type="0"/>
    <Peak1D F1="8.148718" intensity="1.878131e+000" type="0"/>
    <Peak1D F1="8.127019" intensity="1.996568e+000" type="0"/>
    <Peak1D F1="8.120185" intensity="5.733036e-001" type="0"/>
    <Peak1D F1="8.104414" intensity="8.713242e-002" type="0"/>
    <Peak1D F1="8.098798" intensity="4.305903e-002" type="0"/>
    <Peak1D F1="8.075974" intensity="4.154589e-002" type="0"/>
    <Peak1D F1="8.052414" intensity="2.492407e-002" type="0"/>
    <Peak1D F1="8.024858" intensity="7.853412e-002" type="0"/>
    <Peak1D F1="8.019916" intensity="4.588841e-001" type="0"/>
    <Peak1D F1="8.015850" intensity="1.370741e-001" type="0"/>
    <Peak1D F1="8.002521" intensity="1.372578e-001" type="0"/>
    <Peak1D F1="7.998709" intensity="3.774541e-001" type="0"/>
    <Peak1D F1="7.969877" intensity="4.217583e-003" type="0"/>
    <Peak1D F1="7.948116" intensity="5.858256e-003" type="0"/>
    <Peak1D F1="7.939240" intensity="5.294253e-003" type="0"/>
    <Peak1D F1="7.933932" intensity="5.167939e-003" type="0"/>
    <Peak1D F1="7.926780" intensity="3.254736e-003" type="0"/>
    <Peak1D F1="7.917964" intensity="6.716741e-003" type="0"/>
    <Peak1D F1="7.910914" intensity="6.730281e-003" type="0"/>
    <Peak1D F1="7.866859" intensity="2.854186e-003" type="0"/>
    <Peak1D F1="7.846483" intensity="1.191126e-002" type="0"/>
    <Peak1D F1="7.840127" intensity="1.845535e-002" type="0"/>
    <Peak1D F1="7.821637" intensity="3.076206e-002" type="0"/>
    <Peak1D F1="7.816599" intensity="2.971411e-002" type="0"/>
    <Peak1D F1="7.804055" intensity="2.004436e-002" type="0"/>
    <Peak1D F1="7.798768" intensity="1.998218e-002" type="0"/>
    <Peak1D F1="7.779782" intensity="5.044796e-002" type="0"/>
    <Peak1D F1="7.776244" intensity="5.052584e-002" type="0"/>
    <Peak1D F1="7.761973" intensity="8.954020e-002" type="0"/>
    <Peak1D F1="7.758318" intensity="8.891085e-002" type="0"/>
    <Peak1D F1="7.744534" intensity="5.115354e-002" type="0"/>
    <Peak1D F1="7.740035" intensity="5.036954e-002" type="0"/>
    <Peak1D F1="7.713334" intensity="1.751097e-002" type="0"/>
    <Peak1D F1="7.698123" intensity="1.169395e-002" type="0"/>
    <Peak1D F1="7.680200" intensity="1.964076e-002" type="0"/>
    <Peak1D F1="7.661421" intensity="1.382290e-002" type="0"/>
    <Peak1D F1="7.632167" intensity="2.789097e-002" type="0"/>
    <Peak1D F1="7.615642" intensity="2.772987e-002" type="0"/>
    <Peak1D F1="7.609997" intensity="3.719598e-002" type="0"/>
    <Peak1D F1="7.593657" intensity="2.533625e-002" type="0"/>
    <Peak1D F1="7.585709" intensity="1.855982e-002" type="0"/>
    <Peak1D F1="7.571923" intensity="4.004670e-002" type="0"/>
    <Peak1D F1="7.564445" intensity="2.723715e-002" type="0"/>
    <Peak1D F1="7.550189" intensity="4.816552e-002" type="0"/>
    <Peak1D F1="7.541894" intensity="3.195829e-002" type="0"/>
    <Peak1D F1="7.527904" intensity="7.508338e-002" type="0"/>
    <Peak1D F1="7.521184" intensity="1.190354e-001" type="0"/>
    <Peak1D F1="7.505641" intensity="2.641646e-001" type="0"/>
    <Peak1D F1="7.500089" intensity="1.945275e-001" type="0"/>
    <Peak1D F1="7.493240" intensity="2.267731e-001" type="0"/>
    <Peak1D F1="7.483434" intensity="5.110245e-001" type="0"/>
    <Peak1D F1="7.478807" intensity="1.962577e+000" type="0"/>
    <Peak1D F1="7.473981" intensity="7.823119e-001" type="0"/>
    <Peak1D F1="7.466871" intensity="5.766157e-001" type="0"/>
    <Peak1D F1="7.461478" intensity="7.681226e-001" type="0"/>
    <Peak1D F1="7.456864" intensity="1.782427e+000" type="0"/>
    <Peak1D F1="7.450779" intensity="3.598330e-001" type="0"/>
    <Peak1D F1="7.444726" intensity="3.952300e-001" type="0"/>
    <Peak1D F1="7.428888" intensity="8.051849e-002" type="0"/>
    <Peak1D F1="7.411700" intensity="7.112493e-002" type="0"/>
    <Peak1D F1="7.407636" intensity="7.880934e-002" type="0"/>
    <Peak1D F1="7.392825" intensity="1.110930e-001" type="0"/>
    <Peak1D F1="7.373408" intensity="9.635220e-002" type="0"/>
    <Peak1D F1="7.358096" intensity="3.852987e-002" type="0"/>
    <Peak1D F1="7.353820" intensity="3.929741e-002" type="0"/>
    <Peak1D F1="7.334296" intensity="1.886004e-002" type="0"/>
    <Peak1D F1="7.311975" intensity="1.312349e-002" type="0"/>
    <Peak1D F1="7.296257" intensity="4.822582e-003" type="0"/>
    <Peak1D F1="7.272513" intensity="1.413245e-002" type="0"/>
    <Peak1D F1="7.258412" intensity="6.876076e-002" type="0"/>
    <Peak1D F1="7.249520" intensity="1.692854e-002" type="0"/>
    <Peak1D F1="7.245454" intensity="1.537782e-002" type="0"/>
    <Peak1D F1="7.208853" intensity="3.727699e+000" type="0"/>
    <Peak1D F1="7.193898" intensity="1.196804e-002" type="0"/>
    <Peak1D F1="7.181619" intensity="1.859287e-002" type="0"/>
    <Peak1D F1="7.159403" intensity="7.586709e-002" type="0"/>
    <Peak1D F1="7.142848" intensity="1.251735e-001" type="0"/>
    <Peak1D F1="7.123893" intensity="1.686435e-001" type="0"/>
    <Peak1D F1="7.105506" intensity="7.777664e-002" type="0"/>
    <Peak1D F1="7.090564" intensity="1.890739e-002" type="0"/>
    <Peak1D F1="7.071730" intensity="9.471974e-003" type="0"/>
    <Peak1D F1="7.046847" intensity="1.001802e-002" type="0"/>
    <Peak1D F1="7.024601" intensity="1.737780e-002" type="0"/>
    <Peak1D F1="6.993651" intensity="9.267042e-002" type="0"/>
    <Peak1D F1="6.972612" intensity="1.130333e-001" type="0"/>
    <Peak1D F1="6.967164" intensity="1.126758e-001" type="0"/>
    <Peak1D F1="6.945151" intensity="1.034492e-001" type="0"/>
    <Peak1D F1="6.919589" intensity="9.828675e-003" type="0"/>
    <Peak1D F1="6.210391" intensity="1.087258e-002" type="0"/>
    <Peak1D F1="6.162122" intensity="7.881476e-003" type="0"/>
    <Peak1D F1="6.154232" intensity="7.776686e-003" type="0"/>
    <Peak1D F1="6.130009" intensity="3.236880e-003" type="0"/>
    <Peak1D F1="6.114639" intensity="3.675594e-002" type="0"/>
    <Peak1D F1="6.104590" intensity="2.845263e-002" type="0"/>
    <Peak1D F1="6.093903" intensity="6.668777e-003" type="0"/>
    <Peak1D F1="6.061518" intensity="6.183692e-002" type="0"/>
    <Peak1D F1="6.051502" intensity="1.558061e-002" type="0"/>
    <Peak1D F1="6.048150" intensity="1.343353e-002" type="0"/>
    <Peak1D F1="6.011216" intensity="3.501435e+000" type="0"/>
    <Peak1D F1="5.984792" intensity="3.635447e-002" type="0"/>
    <Peak1D F1="5.973125" intensity="3.519699e-002" type="0"/>
    <Peak1D F1="5.961245" intensity="5.558071e-002" type="0"/>
    <Peak1D F1="5.847062" intensity="1.232908e-002" type="0"/>
    <Peak1D F1="5.814183" intensity="3.502850e-002" type="0"/>
    <Peak1D F1="5.792670" intensity="7.930080e-003" type="0"/>
    <Peak1D F1="5.783935" intensity="6.972749e-003" type="0"/>
    <Peak1D F1="5.701190" intensity="1.182572e-002" type="0"/>
    <Peak1D F1="5.674785" intensity="1.154056e-002" type="0"/>
    <Peak1D F1="5.657038" intensity="2.135814e-003" type="0"/>
    <Peak1D F1="5.644002" intensity="6.302530e-003" type="0"/>
    <Peak1D F1="5.606807" intensity="5.843744e-003" type="0"/>
    <Peak1D F1="5.511412" intensity="5.861873e-003" type="0"/>
    <Peak1D F1="5.502882" intensity="4.890135e-003" type="0"/>
    <Peak1D F1="5.478487" intensity="9.243265e-002" type="0"/>
    <Peak1D F1="5.472731" intensity="9.191775e-002" type="0"/>
    <Peak1D F1="5.451506" intensity="3.699080e-002" type="0"/>
    <Peak1D F1="5.445391" intensity="3.711578e-002" type="0"/>
    <Peak1D F1="5.423308" intensity="1.423217e-002" type="0"/>
    <Peak1D F1="5.391583" intensity="2.006166e-002" type="0"/>
    <Peak1D F1="5.348444" intensity="2.017102e-001" type="0"/>
    <Peak1D F1="5.341460" intensity="2.027462e-001" type="0"/>
    <Peak1D F1="5.214780" intensity="3.614952e-003" type="0"/>
    <Peak1D F1="5.192075" intensity="2.266170e-003" type="0"/>
    <Peak1D F1="4.980982" intensity="4.961409e-003" type="0"/>
    <Peak1D F1="4.972841" intensity="2.082376e-003" type="0"/>
    <Peak1D F1="4.957435" intensity="6.521231e-003" type="0"/>
    <Peak1D F1="4.922161" intensity="3.936512e-003" type="0"/>
    <Peak1D F1="4.904800" intensity="1.021104e-002" type="0"/>
    <Peak1D F1="4.883637" intensity="1.339067e-002" type="0"/>
    <Peak1D F1="4.873748" intensity="4.504370e-002" type="0"/>
    <Peak1D F1="4.862838" intensity="2.378414e-002" type="0"/>
    <Peak1D F1="4.851919" intensity="7.071275e-002" type="0"/>
    <Peak1D F1="4.842999" intensity="2.762746e-002" type="0"/>
    <Peak1D F1="4.829125" intensity="3.780677e-002" type="0"/>
    <Peak1D F1="4.801719" intensity="1.026119e+000" type="0"/>
    <Peak1D F1="4.779249" intensity="1.041336e+000" type="0"/>
    <Peak1D F1="4.751588" intensity="4.248045e-002" type="0"/>
    <Peak1D F1="4.728949" intensity="6.019855e-002" type="0"/>
    <Peak1D F1="4.690701" intensity="1.008934e-001" type="0"/>
    <Peak1D F1="4.618786" intensity="3.306235e-002" type="0"/>
    <Peak1D F1="4.596425" intensity="2.234018e-002" type="0"/>
    <Peak1D F1="4.550195" intensity="9.213852e-003" type="0"/>
    <Peak1D F1="4.528008" intensity="7.655342e-003" type="0"/>
    <Peak1D F1="4.485184" intensity="5.347231e-003" type="0"/>
    <Peak1D F1="4.430472" intensity="3.898213e-003" type="0"/>
    <Peak1D F1="4.402850" intensity="3.664870e-003" type="0"/>
    <Peak1D F1="4.379151" intensity="3.071497e-003" type="0"/>
    <Peak1D F1="4.373661" intensity="2.200229e-003" type="0"/>
    <Peak1D F1="4.335695" intensity="1.931856e-003" type="0"/>
    <Peak1D F1="4.179922" intensity="1.753733e-003" type="0"/>
    <Peak1D F1="4.119436" intensity="2.013849e-003" type="0"/>
    <Peak1D F1="3.923362" intensity="2.692565e-003" type="0"/>
    <Peak1D F1="3.890466" intensity="2.897571e-003" type="0"/>
    <Peak1D F1="3.872424" intensity="5.699830e-002" type="0"/>
    <Peak1D F1="3.856103" intensity="4.103575e-003" type="0"/>
    <Peak1D F1="3.840547" intensity="1.473657e-002" type="0"/>
    <Peak1D F1="3.814831" intensity="1.284451e-002" type="0"/>
    <Peak1D F1="3.805495" intensity="7.299685e-002" type="0"/>
    <Peak1D F1="3.796363" intensity="1.302788e-002" type="0"/>
    <Peak1D F1="3.745141" intensity="1.943215e-001" type="0"/>
    <Peak1D F1="3.736018" intensity="4.742658e-002" type="0"/>
    <Peak1D F1="3.731602" intensity="4.019044e-002" type="0"/>
    <Peak1D F1="3.694908" intensity="1.060404e+001" type="0"/>
    <Peak1D F1="3.664477" intensity="1.316174e-002" type="0"/>
    <Peak1D F1="3.656333" intensity="8.589817e-003" type="0"/>
    <Peak1D F1="3.644641" intensity="1.711330e-001" type="0"/>
    <Peak1D F1="3.615064" intensity="5.845209e-003" type="0"/>
    <Peak1D F1="3.602481" intensity="6.468337e-003" type="0"/>
    <Peak1D F1="3.590114" intensity="3.606866e-003" type="0"/>
    <Peak1D F1="3.587196" intensity="3.976926e-003" type="0"/>
    <Peak1D F1="3.576977" intensity="3.684712e-003" type="0"/>
    <Peak1D F1="3.562494" intensity="4.064329e-003" type="0"/>
    <Peak1D F1="3.538064" intensity="3.886087e-003" type="0"/>
    <Peak1D F1="3.512650" intensity="5.921707e-002" type="0"/>
    <Peak1D F1="3.501097" intensity="6.666567e-003" type="0"/>
    <Peak1D F1="3.470360" intensity="4.251191e-003" type="0"/>
    <Peak1D F1="3.453388" intensity="5.519013e-003" type="0"/>
    <Peak1D F1="3.424317" intensity="4.567801e-003" type="0"/>
    <Peak1D F1="3.403764" intensity="1.521342e-001" type="0"/>
    <Peak1D F1="3.374644" intensity="3.318669e-003" type="0"/>
    <Peak1D F1="3.353815" intensity="6.087198e-003" type="0"/>
    <Peak1D F1="3.320861" intensity="2.052573e-003" type="0"/>
    <Peak1D F1="3.302432" intensity="2.368996e-003" type="0"/>
    <Peak1D F1="3.282013" intensity="1.886257e-003" type="0"/>
    <Peak1D F1="3.261636" intensity="2.335501e-003" type="0"/>
    <Peak1D F1="3.254846" intensity="2.339831e-003" type="0"/>
    <Peak1D F1="3.225297" intensity="1.924052e-003" type="0"/>
    <Peak1D F1="3.197497" intensity="2.161508e-003" type="0"/>
    <Peak1D F1="3.175675" intensity="2.317972e-003" type="0"/>
    <Peak1D F1="3.153217" intensity="2.669105e-003" type="0"/>
    <Peak1D F1="3.132389" intensity="2.408318e-003" type="0"/>
    <Peak1D F1="3.111718" intensity="2.194818e-003" type="0"/>
    <Peak1D F1="3.083920" intensity="3.044209e-003" type="0"/>
    <Peak1D F1="3.055507" intensity="3.098814e-003" type="0"/>
    <Peak1D F1="2.988158" intensity="5.567293e-003" type="0"/>
    <Peak1D F1="2.953974" intensity="9.977976e-003" type="0"/>
    <Peak1D F1="2.942165" intensity="1.075011e-002" type="0"/>
    <Peak1D F1="2.933750" intensity="1.136346e-002" type="0"/>
    <Peak1D F1="2.916973" intensity="1.060625e-002" type="0"/>
    <Peak1D F1="2.890382" intensity="8.595454e-003" type="0"/>
    <Peak1D F1="2.874875" intensity="8.687725e-003" type="0"/>
    <Peak1D F1="2.821323" intensity="7.462583e-003" type="0"/>
    <Peak1D F1="2.814464" intensity="8.261999e-003" type="0"/>
    <Peak1D F1="2.804847" intensity="9.611581e-003" type="0"/>
    <Peak1D F1="2.792181" intensity="1.598156e-002" type="0"/>
    <Peak1D F1="2.781914" intensity="1.667977e-002" type="0"/>
    <Peak1D F1="2.768176" intensity="1.896305e-002" type="0"/>
    <Peak1D F1="2.757428" intensity="1.887045e-002" type="0"/>
    <Peak1D F1="2.745678" intensity="1.342113e-002" type="0"/>
    <Peak1D F1="2.735287" intensity="1.091006e-002" type="0"/>
    <Peak1D F1="2.718060" intensity="8.266768e-003" type="0"/>
    <Peak1D F1="2.692642" intensity="5.990357e-003" type="0"/>
    <Peak1D F1="2.659348" intensity="6.420695e-003" type="0"/>
    <Peak1D F1="2.633890" intensity="1.089202e-002" type="0"/>
    <Peak1D F1="2.609663" intensity="1.533335e-002" type="0"/>
    <Peak1D F1="2.602060" intensity="1.631631e-002" type="0"/>
    <Peak1D F1="2.582255" intensity="2.244201e-002" type="0"/>
    <Peak1D F1="2.568622" intensity="3.385421e-002" type="0"/>
    <Peak1D F1="2.548254" intensity="3.571095e-002" type="0"/>
    <Peak1D F1="2.538586" intensity="3.306941e-002" type="0"/>
    <Peak1D F1="2.516113" intensity="2.430608e-002" type="0"/>
    <Peak1D F1="2.494683" intensity="2.480231e-002" type="0"/>
    <Peak1D F1="2.473297" intensity="1.913916e-002" type="0"/>
    <Peak1D F1="2.451514" intensity="1.881154e-002" type="0"/>
    <Peak1D F1="2.424999" intensity="1.776098e-001" type="0"/>
    <Peak1D F1="2.420082" intensity="1.923238e-001" type="0"/>
    <Peak1D F1="2.405005" intensity="2.119213e-001" type="0"/>
    <Peak1D F1="2.399388" intensity="2.119553e-001" type="0"/>
    <Peak1D F1="2.376327" intensity="2.927541e-001" type="0"/>
    <Peak1D F1="2.372253" intensity="2.802916e-001" type="0"/>
    <Peak1D F1="2.359285" intensity="3.637081e-001" type="0"/>
    <Peak1D F1="2.351660" intensity="3.248744e-001" type="0"/>
    <Peak1D F1="2.339640" intensity="3.683683e-001" type="0"/>
    <Peak1D F1="2.331235" intensity="2.214309e-001" type="0"/>
    <Peak1D F1="2.327749" intensity="2.425637e-001" type="0"/>
    <Peak1D F1="2.318864" intensity="2.490058e-001" type="0"/>
    <Peak1D F1="2.308560" intensity="3.208593e-001" type="0"/>
    <Peak1D F1="2.289142" intensity="2.031090e-001" type="0"/>
    <Peak1D F1="2.285839" intensity="1.907315e-001" type="0"/>
    <Peak1D F1="2.250829" intensity="1.108556e-001" type="0"/>
    <Peak1D F1="2.238474" intensity="2.936032e-001" type="0"/>
    <Peak1D F1="2.215626" intensity="3.345724e-001" type="0"/>
    <Peak1D F1="2.212488" intensity="3.669482e-001" type="0"/>
    <Peak1D F1="2.200444" intensity="9.942443e-002" type="0"/>
    <Peak1D F1="2.189734" intensity="4.804738e-001" type="0"/>
    <Peak1D F1="2.167281" intensity="3.008363e-001" type="0"/>
    <Peak1D F1="2.163813" intensity="3.055238e-001" type="0"/>
    <Peak1D F1="2.140678" intensity="6.103818e-001" type="0"/>
    <Peak1D F1="2.110055" intensity="4.770891e+000" type="0"/>
    <Peak1D F1="2.101191" intensity="3.867430e+000" type="0"/>
    <Peak1D F1="2.090485" intensity="1.451654e+001" type="0"/>
    <Peak1D F1="2.079939" intensity="3.921666e+000" type="0"/>
    <Peak1D F1="2.071890" intensity="7.308176e+000" type="0"/>
    <Peak1D F1="2.051670" intensity="3.632883e-001" type="0"/>
    <Peak1D F1="2.046372" intensity="3.581470e-001" type="0"/>
    <Peak1D F1="2.040664" intensity="4.533501e-001" type="0"/>
    <Peak1D F1="2.022120" intensity="1.841654e-001" type="0"/>
    <Peak1D F1="1.998899" intensity="8.443836e-002" type="0"/>
    <Peak1D F1="1.993493" intensity="9.230855e-002" type="0"/>
    <Peak1D F1="1.989679" intensity="9.064024e-002" type="0"/>
    <Peak1D F1="1.976375" intensity="2.432393e-001" type="0"/>
    <Peak1D F1="1.972441" intensity="2.552041e-001" type="0"/>
    <Peak1D F1="1.955374" intensity="4.493483e-001" type="0"/>
    <Peak1D F1="1.948543" intensity="4.862634e-001" type="0"/>
    <Peak1D F1="1.944700" intensity="5.037374e-001" type="0"/>
    <Peak1D F1="1.937344" intensity="6.733891e-001" type="0"/>
    <Peak1D F1="1.926573" intensity="9.992252e-001" type="0"/>
    <Peak1D F1="1.922187" intensity="1.115015e+000" type="0"/>
    <Peak1D F1="1.918226" intensity="9.920334e-001" type="0"/>
    <Peak1D F1="1.907406" intensity="7.588798e+000" type="0"/>
    <Peak1D F1="1.896498" intensity="6.370634e+000" type="0"/>
    <Peak1D F1="1.887897" intensity="1.500000e+001" type="0"/>
    <Peak1D F1="1.877922" intensity="5.836958e+000" type="0"/>
    <Peak1D F1="1.868557" intensity="4.873469e+000" type="0"/>
    <Peak1D F1="1.856091" intensity="6.526568e-001" type="0"/>
    <Peak1D F1="1.846217" intensity="3.834657e-001" type="0"/>
    <Peak1D F1="1.837987" intensity="3.663306e-001" type="0"/>
    <Peak1D F1="1.828216" intensity="1.859964e-001" type="0"/>
    <Peak1D F1="1.818617" intensity="1.614256e-001" type="0"/>
    <Peak1D F1="1.797681" intensity="8.852538e-002" type="0"/>
    <Peak1D F1="1.789595" intensity="8.874630e-002" type="0"/>
    <Peak1D F1="1.782357" intensity="8.111615e-002" type="0"/>
    <Peak1D F1="1.767165" intensity="7.879633e-002" type="0"/>
    <Peak1D F1="1.756237" intensity="1.001280e-001" type="0"/>
    <Peak1D F1="1.742162" intensity="1.560261e-001" type="0"/>
    <Peak1D F1="1.738657" intensity="1.501845e-001" type="0"/>
    <Peak1D F1="1.726528" intensity="2.045385e-001" type="0"/>
    <Peak1D F1="1.721159" intensity="2.401484e-001" type="0"/>
    <Peak1D F1="1.714792" intensity="2.243335e-001" type="0"/>
    <Peak1D F1="1.705026" intensity="2.865393e-001" type="0"/>
    <Peak1D F1="1.699171" intensity="4.484432e-001" type="0"/>
    <Peak1D F1="1.695554" intensity="3.808737e-001" type="0"/>
    <Peak1D F1="1.684103" intensity="4.711328e-001" type="0"/>
    <Peak1D F1="1.677571" intensity="5.086412e-001" type="0"/>
    <Peak1D F1="1.674014" intensity="6.009101e-001" type="0"/>
    <Peak1D F1="1.661116" intensity="5.761642e-001" type="0"/>
    <Peak1D F1="1.650009" intensity="5.288776e-001" type="0"/>
    <Peak1D F1="1.645279" intensity="4.943035e-001" type="0"/>
    <Peak1D F1="1.634807" intensity="2.890419e-001" type="0"/>
    <Peak1D F1="1.629766" intensity="3.014315e-001" type="0"/>
    <Peak1D F1="1.625090" intensity="2.362692e-001" type="0"/>
    <Peak1D F1="1.614991" intensity="1.696171e-001" type="0"/>
    <Peak1D F1="1.585363" intensity="6.520246e-002" type="0"/>
    <Peak1D F1="1.567434" intensity="5.018673e-002" type="0"/>
    <Peak1D F1="1.559089" intensity="4.842991e-002" type="0"/>
    <Peak1D F1="1.548378" intensity="5.756965e-002" type="0"/>
    <Peak1D F1="1.537959" intensity="1.334306e-001" type="0"/>
    <Peak1D F1="1.528377" intensity="8.575043e-002" type="0"/>
    <Peak1D F1="1.521011" intensity="1.311174e-001" type="0"/>
    <Peak1D F1="1.503250" intensity="2.871570e-001" type="0"/>
    <Peak1D F1="1.485952" intensity="3.695296e-001" type="0"/>
    <Peak1D F1="1.473143" intensity="2.715625e-001" type="0"/>
    <Peak1D F1="1.456522" intensity="2.482766e-001" type="0"/>
    <Peak1D F1="1.438440" intensity="9.124704e-002" type="0"/>
    <Peak1D F1="1.427387" intensity="6.690881e-002" type="0"/>
    <Peak1D F1="1.344365" intensity="1.115128e-002" type="0"/>
    <Peak1D F1="1.337691" intensity="1.087746e-002" type="0"/>
    <Peak1D F1="1.317546" intensity="1.037500e-002" type="0"/>
    <Peak1D F1="1.286875" intensity="9.647521e-003" type="0"/>
    <Peak1D F1="1.234400" intensity="1.887741e-002" type="0"/>
    <Peak1D F1="1.183193" intensity="5.828603e-002" type="0"/>
    <Peak1D F1="1.163451" intensity="1.449227e-002" type="0"/>
    <Peak1D F1="1.151147" intensity="1.049221e-002" type="0"/>
    <Peak1D F1="1.114235" intensity="5.957100e-003" type="0"/>
    <Peak1D F1="1.100251" intensity="5.596638e-003" type="0"/>
    <Peak1D F1="1.081835" intensity="5.136894e-003" type="0"/>
    <Peak1D F1="1.042117" intensity="4.868559e-003" type="0"/>
    <Peak1D F1="1.028686" intensity="5.119327e-003" type="0"/>
    <Peak1D F1="1.006711" intensity="4.518426e-003" type="0"/>
    <Peak1D F1="0.960578" intensity="4.275377e-003" type="0"/>
    <Peak1D F1="0.948432" intensity="3.984297e-003" type="0"/>
    <Peak1D F1="0.899398" intensity="3.500164e-003" type="0"/>
    <Peak1D F1="0.865637" intensity="4.116577e-003" type="0"/>
    <Peak1D F1="0.822338" intensity="8.942742e-003" type="0"/>
    <Peak1D F1="0.805966" intensity="1.603850e-002" type="0"/>
    <Peak1D F1="0.788091" intensity="1.088687e-002" type="0"/>
    <Peak1D F1="0.779564" intensity="1.220740e-002" type="0"/>
    <Peak1D F1="0.758957" intensity="1.190791e-002" type="0"/>
    <Peak1D F1="0.740583" intensity="6.533055e-003" type="0"/>
    <Peak1D F1="0.723060" intensity="4.291253e-003" type="0"/>
    <Peak1D F1="0.695836" intensity="2.909970e-003" type="0"/>
    <Peak1D F1="0.685750" intensity="3.523578e-003" type="0"/>
    <Peak1D F1="0.674795" intensity="3.467344e-003" type="0"/>
    <Peak1D F1="0.665231" intensity="3.433695e-003" type="0"/>
    <Peak1D F1="0.640192" intensity="2.961413e-003" type="0"/>
    <Peak1D F1="0.613085" intensity="2.108439e-003" type="0"/>
    <Peak1D F1="0.585509" intensity="2.042904e-003" type="0"/>
    <Peak1D F1="0.565343" intensity="2.054993e-003" type="0"/>
    <Peak1D F1="0.533709" intensity="2.314660e-003" type="0"/>
    <Peak1D F1="0.519588" intensity="2.117000e-003" type="0"/>
    <Peak1D F1="0.494561" intensity="1.954240e-003" type="0"/>
    <Peak1D F1="0.457673" intensity="2.086649e-003" type="0"/>
    <Peak1D F1="0.416720" intensity="1.743779e-003" type="0"/>
    <Peak1D F1="0.395711" intensity="1.979711e-003" type="0"/>
    <Peak1D F1="0.311503" intensity="2.127966e-003" type="0"/>
    <Peak1D F1="0.049774" intensity="3.537832e-003" type="0"/>
    <Peak1D F1="0.025979" intensity="2.244968e-003" type="0"/>
    <Peak1D F1="-0.000153" intensity="1.841319e-001" type="0"/>
    <Peak1D F1="-0.026998" intensity="2.373752e-003" type="0"/>
    <Peak1D F1="-0.049409" intensity="3.271186e-003" type="0"/>
    <Peak1D F1="-0.150702" intensity="1.937226e-003" type="0"/>
    <Peak1D F1="-2.714068" intensity="1.755667e-003" type="0"/>
    <Peak1D F1="-2.774902" intensity="1.886080e-003" type="0"/>
    <Peak1D F1="-3.406621" intensity="1.715128e-003" type="0"/>
    <Peak1D F1="-3.448002" intensity="1.797981e-003" type="0"/>
    <Peak1D F1="-3.553636" intensity="1.793368e-003" type="0"/>
    <Peak1D F1="-3.569819" intensity="1.760974e-003" type="0"/>
    <Peak1D F1="-3.722319" intensity="1.923720e-003" type="0"/>
  </PeakList1D>
</PeakList>
