<?xml version="1.0" encoding="UTF-8"?>
<PeakList>
  <PeakList1D>
    <PeakList1DHeader creator="nmr" date="2021-08-11T20:58:46.478+03:00" expNo="20" name="ID-427-J-11.8.21" owner="" procNo="1" source="//132.72.8.180/400b/Milo/Milo">
      <PeakPickDetails>F1=16.111641ppm, F2=-3.917404ppm, MI=0.00cm, MAXI=10000.00cm, PC=1.000
      </PeakPickDetails>
    </PeakList1DHeader>
    <Peak1D F1="13.912490" intensity="1.380179e-003" type="0"/>
    <Peak1D F1="12.567973" intensity="1.611572e-003" type="0"/>
    <Peak1D F1="11.808140" intensity="1.445947e-003" type="0"/>
    <Peak1D F1="10.085058" intensity="6.194833e-003" type="0"/>
    <Peak1D F1="9.240164" intensity="1.370173e-003" type="0"/>
    <Peak1D F1="9.104255" intensity="1.357158e-003" type="0"/>
    <Peak1D F1="9.018111" intensity="1.362540e-003" type="0"/>
    <Peak1D F1="9.013719" intensity="1.411411e-003" type="0"/>
    <Peak1D F1="8.977745" intensity="1.452892e-003" type="0"/>
    <Peak1D F1="8.876195" intensity="1.653440e-003" type="0"/>
    <Peak1D F1="8.857174" intensity="1.696308e-003" type="0"/>
    <Peak1D F1="8.806855" intensity="1.645395e-003" type="0"/>
    <Peak1D F1="8.718520" intensity="1.921356e-003" type="0"/>
    <Peak1D F1="8.684724" intensity="1.855801e-003" type="0"/>
    <Peak1D F1="8.662913" intensity="1.931545e-003" type="0"/>
    <Peak1D F1="8.654366" intensity="1.975053e-003" type="0"/>
    <Peak1D F1="8.642565" intensity="2.096461e-003" type="0"/>
    <Peak1D F1="8.600265" intensity="1.942205e-003" type="0"/>
    <Peak1D F1="8.560470" intensity="2.151857e-003" type="0"/>
    <Peak1D F1="8.522503" intensity="2.478802e-003" type="0"/>
    <Peak1D F1="8.452534" intensity="3.044416e-003" type="0"/>
    <Peak1D F1="8.397084" intensity="4.517847e-003" type="0"/>
    <Peak1D F1="8.357503" intensity="1.189535e-002" type="0"/>
    <Peak1D F1="8.351141" intensity="1.380765e-002" type="0"/>
    <Peak1D F1="8.332109" intensity="1.694991e-002" type="0"/>
    <Peak1D F1="8.310442" intensity="9.903991e-003" type="0"/>
    <Peak1D F1="8.238702" intensity="2.418734e-002" type="0"/>
    <Peak1D F1="8.213224" intensity="2.046513e-001" type="0"/>
    <Peak1D F1="8.192010" intensity="4.004720e-001" type="0"/>
    <Peak1D F1="8.170361" intensity="2.721530e-001" type="0"/>
    <Peak1D F1="8.165099" intensity="1.564798e-001" type="0"/>
    <Peak1D F1="8.150080" intensity="6.455711e-001" type="0"/>
    <Peak1D F1="8.144845" intensity="2.725439e+000" type="0"/>
    <Peak1D F1="8.137239" intensity="1.142082e+000" type="0"/>
    <Peak1D F1="8.127804" intensity="1.199560e+000" type="0"/>
    <Peak1D F1="8.123071" intensity="2.872658e+000" type="0"/>
    <Peak1D F1="8.115053" intensity="1.096648e+000" type="0"/>
    <Peak1D F1="8.094563" intensity="6.108002e-002" type="0"/>
    <Peak1D F1="8.086802" intensity="7.857887e-002" type="0"/>
    <Peak1D F1="8.072883" intensity="4.504304e-002" type="0"/>
    <Peak1D F1="8.065638" intensity="1.988178e-002" type="0"/>
    <Peak1D F1="8.047563" intensity="8.834949e-003" type="0"/>
    <Peak1D F1="8.037274" intensity="4.609601e-002" type="0"/>
    <Peak1D F1="8.018347" intensity="4.459593e-002" type="0"/>
    <Peak1D F1="7.993965" intensity="3.588774e-003" type="0"/>
    <Peak1D F1="7.934971" intensity="8.052443e-003" type="0"/>
    <Peak1D F1="7.930856" intensity="8.868162e-003" type="0"/>
    <Peak1D F1="7.922738" intensity="5.239232e-003" type="0"/>
    <Peak1D F1="7.914627" intensity="1.095569e-002" type="0"/>
    <Peak1D F1="7.907548" intensity="1.099380e-002" type="0"/>
    <Peak1D F1="7.899298" intensity="3.075132e-003" type="0"/>
    <Peak1D F1="7.856811" intensity="1.202910e-002" type="0"/>
    <Peak1D F1="7.838630" intensity="1.505474e-002" type="0"/>
    <Peak1D F1="7.834072" intensity="1.566560e-002" type="0"/>
    <Peak1D F1="7.816332" intensity="7.902335e-002" type="0"/>
    <Peak1D F1="7.797446" intensity="8.726648e-002" type="0"/>
    <Peak1D F1="7.794185" intensity="8.812659e-002" type="0"/>
    <Peak1D F1="7.773131" intensity="9.420420e-002" type="0"/>
    <Peak1D F1="7.752498" intensity="2.371031e-002" type="0"/>
    <Peak1D F1="7.734329" intensity="2.159955e-002" type="0"/>
    <Peak1D F1="7.713970" intensity="2.444289e-002" type="0"/>
    <Peak1D F1="7.675797" intensity="1.455066e-002" type="0"/>
    <Peak1D F1="7.657411" intensity="1.998435e-002" type="0"/>
    <Peak1D F1="7.637012" intensity="1.134454e-002" type="0"/>
    <Peak1D F1="7.607023" intensity="1.885155e-001" type="0"/>
    <Peak1D F1="7.585389" intensity="1.779247e-001" type="0"/>
    <Peak1D F1="7.577997" intensity="1.030250e-001" type="0"/>
    <Peak1D F1="7.565740" intensity="2.963588e-002" type="0"/>
    <Peak1D F1="7.555601" intensity="7.085345e-002" type="0"/>
    <Peak1D F1="7.549742" intensity="4.615857e-002" type="0"/>
    <Peak1D F1="7.542374" intensity="4.981996e-002" type="0"/>
    <Peak1D F1="7.522583" intensity="2.362356e-001" type="0"/>
    <Peak1D F1="7.500159" intensity="4.079078e-001" type="0"/>
    <Peak1D F1="7.494915" intensity="2.269231e-001" type="0"/>
    <Peak1D F1="7.488630" intensity="1.654604e-001" type="0"/>
    <Peak1D F1="7.474983" intensity="2.913571e+000" type="0"/>
    <Peak1D F1="7.470445" intensity="1.084563e+000" type="0"/>
    <Peak1D F1="7.462234" intensity="1.008047e+000" type="0"/>
    <Peak1D F1="7.461298" intensity="9.929248e-001" type="0"/>
    <Peak1D F1="7.457218" intensity="1.283612e+000" type="0"/>
    <Peak1D F1="7.453082" intensity="2.725416e+000" type="0"/>
    <Peak1D F1="7.446675" intensity="5.548118e-001" type="0"/>
    <Peak1D F1="7.440237" intensity="8.502851e-001" type="0"/>
    <Peak1D F1="7.425035" intensity="9.403731e-002" type="0"/>
    <Peak1D F1="7.415223" intensity="1.135290e-001" type="0"/>
    <Peak1D F1="7.402958" intensity="6.309359e-002" type="0"/>
    <Peak1D F1="7.379839" intensity="2.819041e-002" type="0"/>
    <Peak1D F1="7.351857" intensity="3.028741e-002" type="0"/>
    <Peak1D F1="7.331964" intensity="3.701859e-002" type="0"/>
    <Peak1D F1="7.320385" intensity="1.588085e-002" type="0"/>
    <Peak1D F1="7.313325" intensity="2.786913e-002" type="0"/>
    <Peak1D F1="7.306141" intensity="1.542369e-002" type="0"/>
    <Peak1D F1="7.292086" intensity="3.612303e-003" type="0"/>
    <Peak1D F1="7.268261" intensity="1.541923e-002" type="0"/>
    <Peak1D F1="7.256284" intensity="4.850764e-002" type="0"/>
    <Peak1D F1="7.249444" intensity="1.686360e-002" type="0"/>
    <Peak1D F1="7.243627" intensity="1.377933e-002" type="0"/>
    <Peak1D F1="7.237470" intensity="1.448089e-002" type="0"/>
    <Peak1D F1="7.206550" intensity="2.639948e+000" type="0"/>
    <Peak1D F1="7.170278" intensity="2.588440e-003" type="0"/>
    <Peak1D F1="7.156324" intensity="3.861339e-002" type="0"/>
    <Peak1D F1="7.076906" intensity="1.717119e-003" type="0"/>
    <Peak1D F1="7.047152" intensity="3.002159e-002" type="0"/>
    <Peak1D F1="7.017271" intensity="1.011394e-001" type="0"/>
    <Peak1D F1="7.003607" intensity="5.589592e-002" type="0"/>
    <Peak1D F1="6.993764" intensity="1.661425e-001" type="0"/>
    <Peak1D F1="6.967021" intensity="1.946691e-001" type="0"/>
    <Peak1D F1="6.941297" intensity="1.214807e-001" type="0"/>
    <Peak1D F1="6.926178" intensity="2.971967e-001" type="0"/>
    <Peak1D F1="6.910107" intensity="9.101602e-002" type="0"/>
    <Peak1D F1="6.868206" intensity="6.746104e-003" type="0"/>
    <Peak1D F1="6.837975" intensity="7.976187e-003" type="0"/>
    <Peak1D F1="6.822990" intensity="6.214542e-003" type="0"/>
    <Peak1D F1="6.781324" intensity="1.038032e-002" type="0"/>
    <Peak1D F1="6.761361" intensity="3.347446e-003" type="0"/>
    <Peak1D F1="6.729873" intensity="4.691436e-003" type="0"/>
    <Peak1D F1="6.710962" intensity="3.883758e-003" type="0"/>
    <Peak1D F1="6.604131" intensity="6.723634e-003" type="0"/>
    <Peak1D F1="6.583883" intensity="5.172155e-003" type="0"/>
    <Peak1D F1="6.428859" intensity="1.466815e-003" type="0"/>
    <Peak1D F1="6.212734" intensity="6.703825e-003" type="0"/>
    <Peak1D F1="6.207591" intensity="1.250787e-002" type="0"/>
    <Peak1D F1="6.202421" intensity="7.464317e-003" type="0"/>
    <Peak1D F1="6.150982" intensity="1.518806e-003" type="0"/>
    <Peak1D F1="6.113286" intensity="2.357733e-002" type="0"/>
    <Peak1D F1="6.070975" intensity="1.407910e-002" type="0"/>
    <Peak1D F1="6.058753" intensity="8.576497e-002" type="0"/>
    <Peak1D F1="6.036666" intensity="5.243815e-002" type="0"/>
    <Peak1D F1="6.030200" intensity="5.936076e-002" type="0"/>
    <Peak1D F1="6.009000" intensity="5.047474e+000" type="0"/>
    <Peak1D F1="5.958755" intensity="7.741845e-002" type="0"/>
    <Peak1D F1="5.942566" intensity="7.056787e-003" type="0"/>
    <Peak1D F1="5.926997" intensity="2.754669e-002" type="0"/>
    <Peak1D F1="5.915001" intensity="2.707647e-002" type="0"/>
    <Peak1D F1="5.864004" intensity="1.601329e-003" type="0"/>
    <Peak1D F1="5.812638" intensity="7.880350e-003" type="0"/>
    <Peak1D F1="5.807452" intensity="1.349100e-002" type="0"/>
    <Peak1D F1="5.802658" intensity="7.475158e-003" type="0"/>
    <Peak1D F1="5.777508" intensity="6.642193e-002" type="0"/>
    <Peak1D F1="5.770070" intensity="6.540581e-002" type="0"/>
    <Peak1D F1="5.750680" intensity="1.845068e-002" type="0"/>
    <Peak1D F1="5.743057" intensity="1.796304e-002" type="0"/>
    <Peak1D F1="5.727203" intensity="2.877189e-003" type="0"/>
    <Peak1D F1="5.701177" intensity="4.084629e-003" type="0"/>
    <Peak1D F1="5.692879" intensity="3.951369e-003" type="0"/>
    <Peak1D F1="5.671509" intensity="1.077960e-002" type="0"/>
    <Peak1D F1="5.660391" intensity="9.067956e-003" type="0"/>
    <Peak1D F1="5.627856" intensity="7.253116e-002" type="0"/>
    <Peak1D F1="5.600909" intensity="7.503463e-002" type="0"/>
    <Peak1D F1="5.577732" intensity="5.663054e-003" type="0"/>
    <Peak1D F1="5.557435" intensity="1.219068e-002" type="0"/>
    <Peak1D F1="5.544746" intensity="8.979600e-003" type="0"/>
    <Peak1D F1="5.530035" intensity="1.359064e-002" type="0"/>
    <Peak1D F1="5.511863" intensity="1.787470e-002" type="0"/>
    <Peak1D F1="5.504461" intensity="1.645935e-002" type="0"/>
    <Peak1D F1="5.470157" intensity="9.738728e-002" type="0"/>
    <Peak1D F1="5.464602" intensity="1.000668e-001" type="0"/>
    <Peak1D F1="5.443632" intensity="1.420184e-002" type="0"/>
    <Peak1D F1="5.437372" intensity="1.493448e-002" type="0"/>
    <Peak1D F1="5.429338" intensity="1.664595e-002" type="0"/>
    <Peak1D F1="5.393746" intensity="3.253241e-002" type="0"/>
    <Peak1D F1="5.387257" intensity="3.578228e-002" type="0"/>
    <Peak1D F1="5.371294" intensity="1.913372e-002" type="0"/>
    <Peak1D F1="5.364594" intensity="2.031015e-002" type="0"/>
    <Peak1D F1="5.342095" intensity="3.790486e-001" type="0"/>
    <Peak1D F1="5.335021" intensity="3.799126e-001" type="0"/>
    <Peak1D F1="5.301974" intensity="8.066677e-003" type="0"/>
    <Peak1D F1="5.292198" intensity="1.212433e-002" type="0"/>
    <Peak1D F1="5.283967" intensity="1.313484e-002" type="0"/>
    <Peak1D F1="5.273732" intensity="6.806403e-003" type="0"/>
    <Peak1D F1="5.265118" intensity="7.276759e-003" type="0"/>
    <Peak1D F1="5.239512" intensity="5.420774e-003" type="0"/>
    <Peak1D F1="5.212819" intensity="7.478970e-003" type="0"/>
    <Peak1D F1="5.193713" intensity="5.611328e-003" type="0"/>
    <Peak1D F1="5.173260" intensity="5.149387e-003" type="0"/>
    <Peak1D F1="5.157182" intensity="7.273237e-003" type="0"/>
    <Peak1D F1="5.137066" intensity="8.561844e-003" type="0"/>
    <Peak1D F1="5.120193" intensity="8.780584e-003" type="0"/>
    <Peak1D F1="5.078619" intensity="6.317596e-003" type="0"/>
    <Peak1D F1="4.977252" intensity="1.591625e-002" type="0"/>
    <Peak1D F1="4.954842" intensity="1.712160e-002" type="0"/>
    <Peak1D F1="4.901287" intensity="2.856572e-002" type="0"/>
    <Peak1D F1="4.881062" intensity="4.001645e-002" type="0"/>
    <Peak1D F1="4.870403" intensity="2.955244e-002" type="0"/>
    <Peak1D F1="4.862139" intensity="4.135909e-002" type="0"/>
    <Peak1D F1="4.847915" intensity="7.013531e-002" type="0"/>
    <Peak1D F1="4.841414" intensity="5.537028e-002" type="0"/>
    <Peak1D F1="4.825728" intensity="6.742498e-002" type="0"/>
    <Peak1D F1="4.812544" intensity="6.355993e-002" type="0"/>
    <Peak1D F1="4.798270" intensity="1.569874e+000" type="0"/>
    <Peak1D F1="4.775815" intensity="1.593384e+000" type="0"/>
    <Peak1D F1="4.748139" intensity="6.822746e-002" type="0"/>
    <Peak1D F1="4.725726" intensity="7.292920e-002" type="0"/>
    <Peak1D F1="4.676342" intensity="5.694102e-002" type="0"/>
    <Peak1D F1="4.614759" intensity="5.028089e-002" type="0"/>
    <Peak1D F1="4.592216" intensity="4.314962e-002" type="0"/>
    <Peak1D F1="4.496379" intensity="1.700779e-002" type="0"/>
    <Peak1D F1="4.332696" intensity="6.488127e-003" type="0"/>
    <Peak1D F1="4.293453" intensity="6.077235e-003" type="0"/>
    <Peak1D F1="4.255625" intensity="4.880050e-003" type="0"/>
    <Peak1D F1="4.207510" intensity="4.812308e-003" type="0"/>
    <Peak1D F1="4.183796" intensity="3.909720e-003" type="0"/>
    <Peak1D F1="4.160148" intensity="3.598194e-003" type="0"/>
    <Peak1D F1="4.137919" intensity="3.544179e-003" type="0"/>
    <Peak1D F1="4.106581" intensity="3.085173e-003" type="0"/>
    <Peak1D F1="4.076111" intensity="3.129174e-003" type="0"/>
    <Peak1D F1="4.065293" intensity="2.833869e-003" type="0"/>
    <Peak1D F1="4.011345" intensity="3.402517e-003" type="0"/>
    <Peak1D F1="3.978016" intensity="3.268277e-003" type="0"/>
    <Peak1D F1="3.937266" intensity="3.323869e-003" type="0"/>
    <Peak1D F1="3.918772" intensity="3.735688e-003" type="0"/>
    <Peak1D F1="3.906387" intensity="3.457519e-003" type="0"/>
    <Peak1D F1="3.869874" intensity="8.173899e-002" type="0"/>
    <Peak1D F1="3.838663" intensity="1.275225e-002" type="0"/>
    <Peak1D F1="3.819292" intensity="7.005060e-003" type="0"/>
    <Peak1D F1="3.812128" intensity="1.140903e-002" type="0"/>
    <Peak1D F1="3.802964" intensity="6.424052e-002" type="0"/>
    <Peak1D F1="3.791785" intensity="1.068365e-002" type="0"/>
    <Peak1D F1="3.742123" intensity="2.633983e-001" type="0"/>
    <Peak1D F1="3.692454" intensity="1.500000e+001" type="0"/>
    <Peak1D F1="3.657923" intensity="2.600799e-002" type="0"/>
    <Peak1D F1="3.642197" intensity="2.468035e-001" type="0"/>
    <Peak1D F1="3.609195" intensity="7.443421e-003" type="0"/>
    <Peak1D F1="3.591443" intensity="6.035710e-003" type="0"/>
    <Peak1D F1="3.582022" intensity="6.048501e-003" type="0"/>
    <Peak1D F1="3.559498" intensity="5.969849e-003" type="0"/>
    <Peak1D F1="3.552270" intensity="6.225245e-003" type="0"/>
    <Peak1D F1="3.535641" intensity="5.565271e-003" type="0"/>
    <Peak1D F1="3.510202" intensity="8.443893e-002" type="0"/>
    <Peak1D F1="3.493814" intensity="5.946280e-003" type="0"/>
    <Peak1D F1="3.459384" intensity="5.150835e-003" type="0"/>
    <Peak1D F1="3.391644" intensity="4.271646e-003" type="0"/>
    <Peak1D F1="3.376154" intensity="4.376449e-003" type="0"/>
    <Peak1D F1="3.365365" intensity="4.043558e-003" type="0"/>
    <Peak1D F1="3.344323" intensity="3.599106e-003" type="0"/>
    <Peak1D F1="3.293265" intensity="3.384597e-003" type="0"/>
    <Peak1D F1="3.264055" intensity="3.339883e-003" type="0"/>
    <Peak1D F1="3.244847" intensity="3.525071e-003" type="0"/>
    <Peak1D F1="3.238939" intensity="3.463452e-003" type="0"/>
    <Peak1D F1="3.215991" intensity="3.354163e-003" type="0"/>
    <Peak1D F1="3.162007" intensity="3.883141e-003" type="0"/>
    <Peak1D F1="3.126023" intensity="1.127604e-002" type="0"/>
    <Peak1D F1="3.046315" intensity="6.361694e-003" type="0"/>
    <Peak1D F1="2.990644" intensity="1.016676e-002" type="0"/>
    <Peak1D F1="2.969036" intensity="1.417346e-002" type="0"/>
    <Peak1D F1="2.956659" intensity="2.375389e-002" type="0"/>
    <Peak1D F1="2.949728" intensity="2.688373e-002" type="0"/>
    <Peak1D F1="2.938525" intensity="3.660036e-002" type="0"/>
    <Peak1D F1="2.931512" intensity="3.770796e-002" type="0"/>
    <Peak1D F1="2.920927" intensity="2.570291e-002" type="0"/>
    <Peak1D F1="2.913533" intensity="2.576290e-002" type="0"/>
    <Peak1D F1="2.881866" intensity="9.359752e-003" type="0"/>
    <Peak1D F1="2.853761" intensity="1.029578e-002" type="0"/>
    <Peak1D F1="2.843075" intensity="1.038289e-002" type="0"/>
    <Peak1D F1="2.816197" intensity="1.289704e-002" type="0"/>
    <Peak1D F1="2.804183" intensity="1.610516e-002" type="0"/>
    <Peak1D F1="2.793635" intensity="1.621396e-002" type="0"/>
    <Peak1D F1="2.776432" intensity="2.237126e-002" type="0"/>
    <Peak1D F1="2.768112" intensity="2.372414e-002" type="0"/>
    <Peak1D F1="2.747830" intensity="3.877165e-002" type="0"/>
    <Peak1D F1="2.740894" intensity="3.739292e-002" type="0"/>
    <Peak1D F1="2.729266" intensity="3.664271e-002" type="0"/>
    <Peak1D F1="2.721046" intensity="4.548836e-002" type="0"/>
    <Peak1D F1="2.697412" intensity="2.704018e-001" type="0"/>
    <Peak1D F1="2.659366" intensity="1.573574e-002" type="0"/>
    <Peak1D F1="2.651744" intensity="1.513420e-002" type="0"/>
    <Peak1D F1="2.637318" intensity="1.593627e-002" type="0"/>
    <Peak1D F1="2.629916" intensity="1.932426e-002" type="0"/>
    <Peak1D F1="2.618979" intensity="2.064343e-002" type="0"/>
    <Peak1D F1="2.594786" intensity="7.204634e-002" type="0"/>
    <Peak1D F1="2.570183" intensity="4.641237e-001" type="0"/>
    <Peak1D F1="2.553179" intensity="5.619608e-002" type="0"/>
    <Peak1D F1="2.543077" intensity="1.049353e-001" type="0"/>
    <Peak1D F1="2.521436" intensity="1.691712e-001" type="0"/>
    <Peak1D F1="2.509884" intensity="4.648807e-001" type="0"/>
    <Peak1D F1="2.492259" intensity="4.004413e-002" type="0"/>
    <Peak1D F1="2.460459" intensity="4.854672e-002" type="0"/>
    <Peak1D F1="2.449697" intensity="1.545776e-001" type="0"/>
    <Peak1D F1="2.417259" intensity="1.023578e+000" type="0"/>
    <Peak1D F1="2.401433" intensity="3.427031e-001" type="0"/>
    <Peak1D F1="2.396599" intensity="3.567882e-001" type="0"/>
    <Peak1D F1="2.382409" intensity="2.560709e-001" type="0"/>
    <Peak1D F1="2.372947" intensity="4.486777e-001" type="0"/>
    <Peak1D F1="2.369248" intensity="4.743792e-001" type="0"/>
    <Peak1D F1="2.364607" intensity="4.469245e-001" type="0"/>
    <Peak1D F1="2.357015" intensity="7.852473e-001" type="0"/>
    <Peak1D F1="2.348694" intensity="5.194437e-001" type="0"/>
    <Peak1D F1="2.344218" intensity="4.280659e-001" type="0"/>
    <Peak1D F1="2.337347" intensity="5.799580e-001" type="0"/>
    <Peak1D F1="2.328765" intensity="3.419417e-001" type="0"/>
    <Peak1D F1="2.325338" intensity="3.933833e-001" type="0"/>
    <Peak1D F1="2.316627" intensity="4.157305e-001" type="0"/>
    <Peak1D F1="2.313298" intensity="3.904751e-001" type="0"/>
    <Peak1D F1="2.306348" intensity="7.382876e-001" type="0"/>
    <Peak1D F1="2.288145" intensity="7.460328e-001" type="0"/>
    <Peak1D F1="2.274068" intensity="6.578068e-001" type="0"/>
    <Peak1D F1="2.257579" intensity="2.247701e-001" type="0"/>
    <Peak1D F1="2.248333" intensity="3.588217e-001" type="0"/>
    <Peak1D F1="2.239617" intensity="8.604981e-001" type="0"/>
    <Peak1D F1="2.226048" intensity="1.321914e-001" type="0"/>
    <Peak1D F1="2.213269" intensity="4.898177e-001" type="0"/>
    <Peak1D F1="2.209560" intensity="5.574829e-001" type="0"/>
    <Peak1D F1="2.197459" intensity="1.322319e-001" type="0"/>
    <Peak1D F1="2.186803" intensity="7.030144e-001" type="0"/>
    <Peak1D F1="2.164535" intensity="4.119357e-001" type="0"/>
    <Peak1D F1="2.160957" intensity="4.471372e-001" type="0"/>
    <Peak1D F1="2.151293" intensity="2.028283e-001" type="0"/>
    <Peak1D F1="2.137780" intensity="6.676767e-001" type="0"/>
    <Peak1D F1="2.125208" intensity="3.444490e-001" type="0"/>
    <Peak1D F1="2.107098" intensity="4.627769e+000" type="0"/>
    <Peak1D F1="2.087416" intensity="1.403792e+001" type="0"/>
    <Peak1D F1="2.076389" intensity="3.908365e+000" type="0"/>
    <Peak1D F1="2.068916" intensity="7.304900e+000" type="0"/>
    <Peak1D F1="2.053649" intensity="5.052876e-001" type="0"/>
    <Peak1D F1="2.048916" intensity="4.213126e-001" type="0"/>
    <Peak1D F1="2.042915" intensity="4.130135e-001" type="0"/>
    <Peak1D F1="2.037455" intensity="5.646108e-001" type="0"/>
    <Peak1D F1="2.018443" intensity="2.308876e-001" type="0"/>
    <Peak1D F1="1.991654" intensity="1.553714e-001" type="0"/>
    <Peak1D F1="1.986898" intensity="1.414790e-001" type="0"/>
    <Peak1D F1="1.973855" intensity="3.610437e-001" type="0"/>
    <Peak1D F1="1.969685" intensity="3.896162e-001" type="0"/>
    <Peak1D F1="1.952447" intensity="6.105807e-001" type="0"/>
    <Peak1D F1="1.945730" intensity="6.320403e-001" type="0"/>
    <Peak1D F1="1.942454" intensity="6.627196e-001" type="0"/>
    <Peak1D F1="1.935105" intensity="7.873026e-001" type="0"/>
    <Peak1D F1="1.924148" intensity="1.122397e+000" type="0"/>
    <Peak1D F1="1.919941" intensity="1.181136e+000" type="0"/>
    <Peak1D F1="1.916097" intensity="1.021905e+000" type="0"/>
    <Peak1D F1="1.905039" intensity="7.497457e+000" type="0"/>
    <Peak1D F1="1.894160" intensity="6.216936e+000" type="0"/>
    <Peak1D F1="1.885462" intensity="1.493218e+001" type="0"/>
    <Peak1D F1="1.875236" intensity="5.752234e+000" type="0"/>
    <Peak1D F1="1.866130" intensity="4.875012e+000" type="0"/>
    <Peak1D F1="1.853470" intensity="7.079980e-001" type="0"/>
    <Peak1D F1="1.843893" intensity="4.258870e-001" type="0"/>
    <Peak1D F1="1.835447" intensity="4.089091e-001" type="0"/>
    <Peak1D F1="1.825643" intensity="2.152257e-001" type="0"/>
    <Peak1D F1="1.816318" intensity="1.879986e-001" type="0"/>
    <Peak1D F1="1.803053" intensity="1.065466e-001" type="0"/>
    <Peak1D F1="1.795975" intensity="1.048425e-001" type="0"/>
    <Peak1D F1="1.785982" intensity="9.062645e-002" type="0"/>
    <Peak1D F1="1.774831" intensity="8.818648e-002" type="0"/>
    <Peak1D F1="1.768797" intensity="9.292769e-002" type="0"/>
    <Peak1D F1="1.753704" intensity="1.084501e-001" type="0"/>
    <Peak1D F1="1.746510" intensity="1.004342e-001" type="0"/>
    <Peak1D F1="1.739827" intensity="1.843840e-001" type="0"/>
    <Peak1D F1="1.724070" intensity="2.417848e-001" type="0"/>
    <Peak1D F1="1.718638" intensity="2.512299e-001" type="0"/>
    <Peak1D F1="1.712191" intensity="2.556954e-001" type="0"/>
    <Peak1D F1="1.702440" intensity="3.337169e-001" type="0"/>
    <Peak1D F1="1.696555" intensity="5.954216e-001" type="0"/>
    <Peak1D F1="1.692762" intensity="5.013012e-001" type="0"/>
    <Peak1D F1="1.685835" intensity="3.972725e-001" type="0"/>
    <Peak1D F1="1.681248" intensity="6.482821e-001" type="0"/>
    <Peak1D F1="1.671252" intensity="8.741019e-001" type="0"/>
    <Peak1D F1="1.663405" intensity="7.303131e-001" type="0"/>
    <Peak1D F1="1.658533" intensity="8.429224e-001" type="0"/>
    <Peak1D F1="1.647256" intensity="7.833076e-001" type="0"/>
    <Peak1D F1="1.642522" intensity="7.493026e-001" type="0"/>
    <Peak1D F1="1.631877" intensity="4.183185e-001" type="0"/>
    <Peak1D F1="1.627425" intensity="4.514768e-001" type="0"/>
    <Peak1D F1="1.621895" intensity="3.117661e-001" type="0"/>
    <Peak1D F1="1.612496" intensity="2.516643e-001" type="0"/>
    <Peak1D F1="1.603848" intensity="1.308914e-001" type="0"/>
    <Peak1D F1="1.595825" intensity="1.155241e-001" type="0"/>
    <Peak1D F1="1.592232" intensity="1.094503e-001" type="0"/>
    <Peak1D F1="1.577182" intensity="9.559245e-002" type="0"/>
    <Peak1D F1="1.568079" intensity="9.047326e-002" type="0"/>
    <Peak1D F1="1.556076" intensity="1.135464e-001" type="0"/>
    <Peak1D F1="1.545593" intensity="1.080620e-001" type="0"/>
    <Peak1D F1="1.534607" intensity="2.262183e-001" type="0"/>
    <Peak1D F1="1.525182" intensity="1.756721e-001" type="0"/>
    <Peak1D F1="1.517823" intensity="2.116950e-001" type="0"/>
    <Peak1D F1="1.500064" intensity="4.494086e-001" type="0"/>
    <Peak1D F1="1.482724" intensity="5.775046e-001" type="0"/>
    <Peak1D F1="1.469961" intensity="4.079696e-001" type="0"/>
    <Peak1D F1="1.453352" intensity="3.741625e-001" type="0"/>
    <Peak1D F1="1.435174" intensity="1.427772e-001" type="0"/>
    <Peak1D F1="1.424239" intensity="1.106397e-001" type="0"/>
    <Peak1D F1="1.410055" intensity="4.291545e-002" type="0"/>
    <Peak1D F1="1.395472" intensity="4.221822e-002" type="0"/>
    <Peak1D F1="1.377968" intensity="4.054350e-002" type="0"/>
    <Peak1D F1="1.371734" intensity="4.225078e-002" type="0"/>
    <Peak1D F1="1.346900" intensity="4.494904e-002" type="0"/>
    <Peak1D F1="1.330847" intensity="2.899329e-002" type="0"/>
    <Peak1D F1="1.323973" intensity="3.015591e-002" type="0"/>
    <Peak1D F1="1.310653" intensity="2.406338e-002" type="0"/>
    <Peak1D F1="1.297387" intensity="2.265537e-002" type="0"/>
    <Peak1D F1="1.264018" intensity="2.234540e-002" type="0"/>
    <Peak1D F1="1.231331" intensity="3.542471e-002" type="0"/>
    <Peak1D F1="1.213413" intensity="2.764491e-002" type="0"/>
    <Peak1D F1="1.180241" intensity="4.441209e-002" type="0"/>
    <Peak1D F1="1.161523" intensity="1.856861e-002" type="0"/>
    <Peak1D F1="1.147181" intensity="1.420831e-002" type="0"/>
    <Peak1D F1="1.141594" intensity="1.371607e-002" type="0"/>
    <Peak1D F1="1.135030" intensity="1.241978e-002" type="0"/>
    <Peak1D F1="1.100428" intensity="1.200456e-002" type="0"/>
    <Peak1D F1="1.084592" intensity="1.332074e-002" type="0"/>
    <Peak1D F1="1.018395" intensity="8.465589e-003" type="0"/>
    <Peak1D F1="0.999648" intensity="7.871090e-003" type="0"/>
    <Peak1D F1="0.933852" intensity="6.784286e-003" type="0"/>
    <Peak1D F1="0.895562" intensity="7.061188e-003" type="0"/>
    <Peak1D F1="0.873713" intensity="6.807008e-003" type="0"/>
    <Peak1D F1="0.867016" intensity="7.417637e-003" type="0"/>
    <Peak1D F1="0.855866" intensity="6.915816e-003" type="0"/>
    <Peak1D F1="0.820302" intensity="1.208041e-002" type="0"/>
    <Peak1D F1="0.804584" intensity="2.068022e-002" type="0"/>
    <Peak1D F1="0.787305" intensity="1.271452e-002" type="0"/>
    <Peak1D F1="0.770678" intensity="8.334930e-003" type="0"/>
    <Peak1D F1="0.698674" intensity="5.465417e-003" type="0"/>
    <Peak1D F1="0.663871" intensity="5.441443e-003" type="0"/>
    <Peak1D F1="0.627917" intensity="4.947455e-003" type="0"/>
    <Peak1D F1="0.603519" intensity="4.856262e-003" type="0"/>
    <Peak1D F1="0.573543" intensity="4.454273e-003" type="0"/>
    <Peak1D F1="0.531990" intensity="4.592713e-003" type="0"/>
    <Peak1D F1="0.484475" intensity="4.392579e-003" type="0"/>
    <Peak1D F1="0.458371" intensity="4.159968e-003" type="0"/>
    <Peak1D F1="0.420613" intensity="4.242449e-003" type="0"/>
    <Peak1D F1="0.401981" intensity="3.827987e-003" type="0"/>
    <Peak1D F1="0.372351" intensity="4.028541e-003" type="0"/>
    <Peak1D F1="0.344339" intensity="3.912208e-003" type="0"/>
    <Peak1D F1="0.331440" intensity="3.555920e-003" type="0"/>
    <Peak1D F1="0.314727" intensity="3.770651e-003" type="0"/>
    <Peak1D F1="0.248097" intensity="3.497391e-003" type="0"/>
    <Peak1D F1="0.229627" intensity="3.160514e-003" type="0"/>
    <Peak1D F1="0.191051" intensity="3.105302e-003" type="0"/>
    <Peak1D F1="0.143934" intensity="3.044015e-003" type="0"/>
    <Peak1D F1="0.106785" intensity="2.886024e-003" type="0"/>
    <Peak1D F1="0.082329" intensity="2.890434e-003" type="0"/>
    <Peak1D F1="0.049764" intensity="3.048621e-003" type="0"/>
    <Peak1D F1="-0.000155" intensity="4.874315e-002" type="0"/>
    <Peak1D F1="-0.056946" intensity="2.600554e-003" type="0"/>
    <Peak1D F1="-0.132219" intensity="2.487311e-003" type="0"/>
    <Peak1D F1="-0.161648" intensity="2.667981e-003" type="0"/>
    <Peak1D F1="-0.200620" intensity="2.495725e-003" type="0"/>
    <Peak1D F1="-0.232047" intensity="2.236138e-003" type="0"/>
    <Peak1D F1="-0.254196" intensity="2.104314e-003" type="0"/>
    <Peak1D F1="-0.274067" intensity="1.795580e-003" type="0"/>
    <Peak1D F1="-0.280676" intensity="2.044008e-003" type="0"/>
    <Peak1D F1="-0.316409" intensity="2.095571e-003" type="0"/>
    <Peak1D F1="-0.338326" intensity="2.334634e-003" type="0"/>
    <Peak1D F1="-0.359762" intensity="1.885480e-003" type="0"/>
    <Peak1D F1="-0.376916" intensity="1.732778e-003" type="0"/>
    <Peak1D F1="-0.406726" intensity="1.779371e-003" type="0"/>
    <Peak1D F1="-0.417002" intensity="1.684898e-003" type="0"/>
    <Peak1D F1="-0.422876" intensity="1.645274e-003" type="0"/>
    <Peak1D F1="-0.453280" intensity="2.150994e-003" type="0"/>
    <Peak1D F1="-0.485246" intensity="1.726303e-003" type="0"/>
    <Peak1D F1="-0.512955" intensity="1.766789e-003" type="0"/>
    <Peak1D F1="-0.547794" intensity="1.522340e-003" type="0"/>
    <Peak1D F1="-0.578770" intensity="2.039097e-003" type="0"/>
    <Peak1D F1="-0.614633" intensity="1.656313e-003" type="0"/>
    <Peak1D F1="-0.733838" intensity="1.536343e-003" type="0"/>
    <Peak1D F1="-0.752787" intensity="1.398051e-003" type="0"/>
    <Peak1D F1="-0.761305" intensity="1.569219e-003" type="0"/>
    <Peak1D F1="-0.784658" intensity="1.374667e-003" type="0"/>
    <Peak1D F1="-0.926779" intensity="1.369002e-003" type="0"/>
    <Peak1D F1="-1.086303" intensity="1.347484e-003" type="0"/>
    <Peak1D F1="-3.159306" intensity="1.686100e-003" type="0"/>
    <Peak1D F1="-3.538597" intensity="1.497709e-003" type="0"/>
  </PeakList1D>
</PeakList>
