<?xml version="1.0" encoding="UTF-8"?>
<PeakList>
  <PeakList1D>
    <PeakList1DHeader creator="nmr" date="2021-08-11T23:24:03.789+03:00" expNo="10" name="ID-427-N-11.8.21" owner="" procNo="1" source="//132.72.8.180/400b/Milo/Milo">
      <PeakPickDetails>F1=16.124750ppm, F2=-3.904295ppm, MI=0.00cm, MAXI=10000.00cm, PC=1.000
      </PeakPickDetails>
    </PeakList1DHeader>
    <Peak1D F1="12.896663" intensity="9.529471e-004" type="0"/>
    <Peak1D F1="10.084094" intensity="2.165395e-002" type="0"/>
    <Peak1D F1="8.519648" intensity="1.170932e-003" type="0"/>
    <Peak1D F1="8.494614" intensity="1.018757e-003" type="0"/>
    <Peak1D F1="8.434574" intensity="1.808038e-003" type="0"/>
    <Peak1D F1="8.351116" intensity="1.023870e-002" type="0"/>
    <Peak1D F1="8.344379" intensity="1.185682e-002" type="0"/>
    <Peak1D F1="8.327995" intensity="2.682820e-002" type="0"/>
    <Peak1D F1="8.306640" intensity="2.156837e-002" type="0"/>
    <Peak1D F1="8.266781" intensity="1.414434e-002" type="0"/>
    <Peak1D F1="8.244618" intensity="8.491492e-002" type="0"/>
    <Peak1D F1="8.240354" intensity="8.497380e-002" type="0"/>
    <Peak1D F1="8.222799" intensity="1.112656e-001" type="0"/>
    <Peak1D F1="8.218582" intensity="9.467707e-002" type="0"/>
    <Peak1D F1="8.210441" intensity="7.537831e-002" type="0"/>
    <Peak1D F1="8.205387" intensity="1.032010e-001" type="0"/>
    <Peak1D F1="8.195415" intensity="1.005729e-001" type="0"/>
    <Peak1D F1="8.188616" intensity="1.293889e-001" type="0"/>
    <Peak1D F1="8.183691" intensity="1.074658e-001" type="0"/>
    <Peak1D F1="8.173522" intensity="1.233170e-001" type="0"/>
    <Peak1D F1="8.166924" intensity="1.130572e-001" type="0"/>
    <Peak1D F1="8.162488" intensity="9.971521e-002" type="0"/>
    <Peak1D F1="8.138459" intensity="2.623527e+000" type="0"/>
    <Peak1D F1="8.129325" intensity="8.860070e-001" type="0"/>
    <Peak1D F1="8.116541" intensity="2.835912e+000" type="0"/>
    <Peak1D F1="8.107327" intensity="7.234277e-001" type="0"/>
    <Peak1D F1="8.088869" intensity="9.280693e-002" type="0"/>
    <Peak1D F1="8.066505" intensity="7.065898e-002" type="0"/>
    <Peak1D F1="8.062213" intensity="5.925352e-002" type="0"/>
    <Peak1D F1="8.031374" intensity="3.421739e-002" type="0"/>
    <Peak1D F1="8.012318" intensity="1.825352e-001" type="0"/>
    <Peak1D F1="7.995555" intensity="8.814695e-002" type="0"/>
    <Peak1D F1="7.968411" intensity="4.880501e-002" type="0"/>
    <Peak1D F1="7.945709" intensity="1.094639e-001" type="0"/>
    <Peak1D F1="7.925593" intensity="1.269528e-001" type="0"/>
    <Peak1D F1="7.906652" intensity="3.947106e-002" type="0"/>
    <Peak1D F1="7.858221" intensity="3.590668e-003" type="0"/>
    <Peak1D F1="7.841911" intensity="3.163913e-003" type="0"/>
    <Peak1D F1="7.799275" intensity="1.491479e-002" type="0"/>
    <Peak1D F1="7.767940" intensity="1.026863e-002" type="0"/>
    <Peak1D F1="7.749198" intensity="1.335569e-002" type="0"/>
    <Peak1D F1="7.715421" intensity="1.807886e-002" type="0"/>
    <Peak1D F1="7.702557" intensity="3.708736e-002" type="0"/>
    <Peak1D F1="7.681110" intensity="4.786668e-002" type="0"/>
    <Peak1D F1="7.654629" intensity="6.485023e-002" type="0"/>
    <Peak1D F1="7.631533" intensity="1.134586e-001" type="0"/>
    <Peak1D F1="7.609169" intensity="2.241439e-001" type="0"/>
    <Peak1D F1="7.591872" intensity="1.520650e-001" type="0"/>
    <Peak1D F1="7.587159" intensity="1.580992e-001" type="0"/>
    <Peak1D F1="7.560153" intensity="7.782527e-002" type="0"/>
    <Peak1D F1="7.538138" intensity="7.324018e-002" type="0"/>
    <Peak1D F1="7.519525" intensity="1.543353e-001" type="0"/>
    <Peak1D F1="7.502050" intensity="2.250478e-001" type="0"/>
    <Peak1D F1="7.498164" intensity="2.046262e-001" type="0"/>
    <Peak1D F1="7.475042" intensity="2.770928e+000" type="0"/>
    <Peak1D F1="7.464307" intensity="7.453990e-001" type="0"/>
    <Peak1D F1="7.453654" intensity="2.635688e+000" type="0"/>
    <Peak1D F1="7.443226" intensity="6.430991e-001" type="0"/>
    <Peak1D F1="7.425438" intensity="1.232948e-001" type="0"/>
    <Peak1D F1="7.413839" intensity="1.459838e-001" type="0"/>
    <Peak1D F1="7.404148" intensity="6.976184e-002" type="0"/>
    <Peak1D F1="7.394619" intensity="6.761525e-002" type="0"/>
    <Peak1D F1="7.367472" intensity="1.705396e-002" type="0"/>
    <Peak1D F1="7.348377" intensity="9.629699e-003" type="0"/>
    <Peak1D F1="7.330429" intensity="7.974504e-003" type="0"/>
    <Peak1D F1="7.316179" intensity="1.869902e-002" type="0"/>
    <Peak1D F1="7.309484" intensity="3.018155e-002" type="0"/>
    <Peak1D F1="7.302768" intensity="2.121931e-002" type="0"/>
    <Peak1D F1="7.269258" intensity="6.163756e-002" type="0"/>
    <Peak1D F1="7.248926" intensity="2.139202e-002" type="0"/>
    <Peak1D F1="7.243958" intensity="2.104029e-002" type="0"/>
    <Peak1D F1="7.219476" intensity="2.979628e+000" type="0"/>
    <Peak1D F1="7.169287" intensity="5.616345e-002" type="0"/>
    <Peak1D F1="7.129702" intensity="2.263547e-003" type="0"/>
    <Peak1D F1="7.106466" intensity="1.544781e-003" type="0"/>
    <Peak1D F1="7.054472" intensity="2.811158e-003" type="0"/>
    <Peak1D F1="7.034350" intensity="2.616878e-003" type="0"/>
    <Peak1D F1="7.003458" intensity="5.338358e-003" type="0"/>
    <Peak1D F1="6.954890" intensity="1.960034e-002" type="0"/>
    <Peak1D F1="6.937891" intensity="4.771544e-003" type="0"/>
    <Peak1D F1="6.902705" intensity="5.059232e-003" type="0"/>
    <Peak1D F1="6.209010" intensity="7.348751e-003" type="0"/>
    <Peak1D F1="6.203792" intensity="1.295104e-002" type="0"/>
    <Peak1D F1="6.198584" intensity="8.669646e-003" type="0"/>
    <Peak1D F1="6.112789" intensity="2.243857e-002" type="0"/>
    <Peak1D F1="6.106593" intensity="1.452830e-002" type="0"/>
    <Peak1D F1="6.067954" intensity="5.608179e-002" type="0"/>
    <Peak1D F1="6.061569" intensity="6.235526e-002" type="0"/>
    <Peak1D F1="6.055206" intensity="8.806328e-002" type="0"/>
    <Peak1D F1="6.005207" intensity="4.229424e+000" type="0"/>
    <Peak1D F1="5.955140" intensity="8.612663e-002" type="0"/>
    <Peak1D F1="5.951624" intensity="8.580839e-002" type="0"/>
    <Peak1D F1="5.938985" intensity="6.043657e-002" type="0"/>
    <Peak1D F1="5.902061" intensity="5.593223e-003" type="0"/>
    <Peak1D F1="5.871047" intensity="1.793336e-002" type="0"/>
    <Peak1D F1="5.863530" intensity="1.810691e-002" type="0"/>
    <Peak1D F1="5.814941" intensity="2.491495e-002" type="0"/>
    <Peak1D F1="5.808039" intensity="2.900253e-002" type="0"/>
    <Peak1D F1="5.783009" intensity="1.613541e-003" type="0"/>
    <Peak1D F1="5.742832" intensity="1.995450e-003" type="0"/>
    <Peak1D F1="5.728970" intensity="2.362873e-003" type="0"/>
    <Peak1D F1="5.668628" intensity="1.617269e-002" type="0"/>
    <Peak1D F1="5.641623" intensity="1.585230e-002" type="0"/>
    <Peak1D F1="5.612252" intensity="2.611857e-003" type="0"/>
    <Peak1D F1="5.586365" intensity="3.279184e-003" type="0"/>
    <Peak1D F1="5.573444" intensity="2.495913e-003" type="0"/>
    <Peak1D F1="5.563549" intensity="1.818559e-003" type="0"/>
    <Peak1D F1="5.499401" intensity="3.555783e-003" type="0"/>
    <Peak1D F1="5.481936" intensity="3.776560e-003" type="0"/>
    <Peak1D F1="5.458970" intensity="1.636681e-002" type="0"/>
    <Peak1D F1="5.427849" intensity="1.904007e-002" type="0"/>
    <Peak1D F1="5.382563" intensity="1.006567e-002" type="0"/>
    <Peak1D F1="5.334227" intensity="1.827045e-001" type="0"/>
    <Peak1D F1="5.279597" intensity="3.811097e-003" type="0"/>
    <Peak1D F1="5.263370" intensity="3.630592e-003" type="0"/>
    <Peak1D F1="5.214021" intensity="1.801889e-003" type="0"/>
    <Peak1D F1="5.189137" intensity="1.009529e-002" type="0"/>
    <Peak1D F1="5.172892" intensity="1.056702e-002" type="0"/>
    <Peak1D F1="4.987680" intensity="6.836159e-003" type="0"/>
    <Peak1D F1="4.965358" intensity="7.409181e-003" type="0"/>
    <Peak1D F1="4.921412" intensity="3.173500e-003" type="0"/>
    <Peak1D F1="4.912500" intensity="1.581308e-002" type="0"/>
    <Peak1D F1="4.906690" intensity="3.057458e-002" type="0"/>
    <Peak1D F1="4.891880" intensity="1.670266e-002" type="0"/>
    <Peak1D F1="4.877860" intensity="3.313729e-002" type="0"/>
    <Peak1D F1="4.857791" intensity="3.222474e-002" type="0"/>
    <Peak1D F1="4.835449" intensity="3.963013e-002" type="0"/>
    <Peak1D F1="4.808011" intensity="1.479062e+000" type="0"/>
    <Peak1D F1="4.785772" intensity="1.498353e+000" type="0"/>
    <Peak1D F1="4.757921" intensity="4.893646e-002" type="0"/>
    <Peak1D F1="4.749083" intensity="4.352189e-002" type="0"/>
    <Peak1D F1="4.735583" intensity="5.717164e-002" type="0"/>
    <Peak1D F1="4.699594" intensity="1.228038e+000" type="0"/>
    <Peak1D F1="4.650523" intensity="3.377578e-002" type="0"/>
    <Peak1D F1="4.623951" intensity="1.267983e-002" type="0"/>
    <Peak1D F1="4.602069" intensity="1.153346e-002" type="0"/>
    <Peak1D F1="4.554123" intensity="1.007566e-003" type="0"/>
    <Peak1D F1="3.936782" intensity="1.205884e-003" type="0"/>
    <Peak1D F1="3.915237" intensity="1.880416e-003" type="0"/>
    <Peak1D F1="3.866557" intensity="6.682724e-002" type="0"/>
    <Peak1D F1="3.836713" intensity="8.335770e-003" type="0"/>
    <Peak1D F1="3.807514" intensity="9.663657e-003" type="0"/>
    <Peak1D F1="3.799606" intensity="3.774668e-002" type="0"/>
    <Peak1D F1="3.789608" intensity="1.733092e-002" type="0"/>
    <Peak1D F1="3.739066" intensity="2.121662e-001" type="0"/>
    <Peak1D F1="3.689139" intensity="1.249951e+001" type="0"/>
    <Peak1D F1="3.639231" intensity="1.928641e-001" type="0"/>
    <Peak1D F1="3.607763" intensity="3.858516e-003" type="0"/>
    <Peak1D F1="3.591578" intensity="2.789411e-003" type="0"/>
    <Peak1D F1="3.557425" intensity="1.322140e-003" type="0"/>
    <Peak1D F1="3.537104" intensity="1.163148e-003" type="0"/>
    <Peak1D F1="3.506876" intensity="6.616494e-002" type="0"/>
    <Peak1D F1="3.142731" intensity="5.469083e-002" type="0"/>
    <Peak1D F1="2.956498" intensity="1.262651e-002" type="0"/>
    <Peak1D F1="2.949752" intensity="1.467793e-002" type="0"/>
    <Peak1D F1="2.938580" intensity="2.581340e-002" type="0"/>
    <Peak1D F1="2.931567" intensity="2.512053e-002" type="0"/>
    <Peak1D F1="2.920124" intensity="1.722291e-002" type="0"/>
    <Peak1D F1="2.913828" intensity="1.956293e-002" type="0"/>
    <Peak1D F1="2.893763" intensity="9.636758e-003" type="0"/>
    <Peak1D F1="2.884697" intensity="1.216213e-002" type="0"/>
    <Peak1D F1="2.849713" intensity="4.072010e-003" type="0"/>
    <Peak1D F1="2.839493" intensity="3.942127e-003" type="0"/>
    <Peak1D F1="2.821681" intensity="7.084967e-003" type="0"/>
    <Peak1D F1="2.812892" intensity="4.582818e-003" type="0"/>
    <Peak1D F1="2.795043" intensity="1.215944e-002" type="0"/>
    <Peak1D F1="2.782899" intensity="1.092151e-002" type="0"/>
    <Peak1D F1="2.768848" intensity="1.596736e-002" type="0"/>
    <Peak1D F1="2.758771" intensity="1.608763e-002" type="0"/>
    <Peak1D F1="2.749232" intensity="1.276525e-002" type="0"/>
    <Peak1D F1="2.735393" intensity="1.270990e-002" type="0"/>
    <Peak1D F1="2.713709" intensity="7.749222e-003" type="0"/>
    <Peak1D F1="2.698789" intensity="6.268337e-003" type="0"/>
    <Peak1D F1="2.678832" intensity="3.233026e-003" type="0"/>
    <Peak1D F1="2.669801" intensity="4.734085e-003" type="0"/>
    <Peak1D F1="2.661712" intensity="3.294308e-003" type="0"/>
    <Peak1D F1="2.647828" intensity="3.969864e-003" type="0"/>
    <Peak1D F1="2.640106" intensity="6.842779e-003" type="0"/>
    <Peak1D F1="2.619194" intensity="4.720846e-003" type="0"/>
    <Peak1D F1="2.586723" intensity="8.945948e-003" type="0"/>
    <Peak1D F1="2.563101" intensity="1.568980e-002" type="0"/>
    <Peak1D F1="2.541614" intensity="1.453817e-002" type="0"/>
    <Peak1D F1="2.536043" intensity="1.344934e-002" type="0"/>
    <Peak1D F1="2.502922" intensity="6.718178e-003" type="0"/>
    <Peak1D F1="2.478061" intensity="1.329464e-002" type="0"/>
    <Peak1D F1="2.457741" intensity="2.659051e-002" type="0"/>
    <Peak1D F1="2.408651" intensity="2.918251e-001" type="0"/>
    <Peak1D F1="2.403871" intensity="2.379435e-001" type="0"/>
    <Peak1D F1="2.401966" intensity="2.315262e-001" type="0"/>
    <Peak1D F1="2.392821" intensity="3.324078e-001" type="0"/>
    <Peak1D F1="2.388661" intensity="3.412470e-001" type="0"/>
    <Peak1D F1="2.383858" intensity="2.930491e-001" type="0"/>
    <Peak1D F1="2.365332" intensity="7.024469e-001" type="0"/>
    <Peak1D F1="2.356066" intensity="4.359671e-001" type="0"/>
    <Peak1D F1="2.344083" intensity="9.481202e-001" type="0"/>
    <Peak1D F1="2.338150" intensity="6.940383e-001" type="0"/>
    <Peak1D F1="2.335349" intensity="7.095932e-001" type="0"/>
    <Peak1D F1="2.325171" intensity="4.492435e-001" type="0"/>
    <Peak1D F1="2.313933" intensity="6.233689e-001" type="0"/>
    <Peak1D F1="2.295188" intensity="3.269028e-001" type="0"/>
    <Peak1D F1="2.292507" intensity="3.256725e-001" type="0"/>
    <Peak1D F1="2.284779" intensity="1.392924e-001" type="0"/>
    <Peak1D F1="2.264404" intensity="1.340851e-001" type="0"/>
    <Peak1D F1="2.245908" intensity="1.254634e-001" type="0"/>
    <Peak1D F1="2.235718" intensity="9.925833e-002" type="0"/>
    <Peak1D F1="2.226610" intensity="3.954371e-001" type="0"/>
    <Peak1D F1="2.211606" intensity="1.756126e-001" type="0"/>
    <Peak1D F1="2.203948" intensity="5.484794e-001" type="0"/>
    <Peak1D F1="2.199983" intensity="5.556415e-001" type="0"/>
    <Peak1D F1="2.177762" intensity="7.295402e-001" type="0"/>
    <Peak1D F1="2.155451" intensity="4.829216e-001" type="0"/>
    <Peak1D F1="2.151724" intensity="5.032993e-001" type="0"/>
    <Peak1D F1="2.134862" intensity="5.278529e-001" type="0"/>
    <Peak1D F1="2.129039" intensity="6.326351e-001" type="0"/>
    <Peak1D F1="2.104816" intensity="4.910890e+000" type="0"/>
    <Peak1D F1="2.099272" intensity="3.731959e+000" type="0"/>
    <Peak1D F1="2.096811" intensity="4.159613e+000" type="0"/>
    <Peak1D F1="2.085287" intensity="1.430172e+001" type="0"/>
    <Peak1D F1="2.074105" intensity="4.644490e+000" type="0"/>
    <Peak1D F1="2.066898" intensity="7.476363e+000" type="0"/>
    <Peak1D F1="2.041589" intensity="4.911461e-001" type="0"/>
    <Peak1D F1="2.038898" intensity="5.160036e-001" type="0"/>
    <Peak1D F1="2.036099" intensity="5.319930e-001" type="0"/>
    <Peak1D F1="2.016571" intensity="2.450542e-001" type="0"/>
    <Peak1D F1="1.994753" intensity="1.490801e-001" type="0"/>
    <Peak1D F1="1.985788" intensity="1.454494e-001" type="0"/>
    <Peak1D F1="1.966581" intensity="3.962826e-001" type="0"/>
    <Peak1D F1="1.962406" intensity="4.084819e-001" type="0"/>
    <Peak1D F1="1.944641" intensity="7.390175e-001" type="0"/>
    <Peak1D F1="1.933813" intensity="9.002296e-001" type="0"/>
    <Peak1D F1="1.922178" intensity="1.194237e+000" type="0"/>
    <Peak1D F1="1.918470" intensity="1.491323e+000" type="0"/>
    <Peak1D F1="1.915053" intensity="1.477231e+000" type="0"/>
    <Peak1D F1="1.913710" intensity="1.484937e+000" type="0"/>
    <Peak1D F1="1.903401" intensity="7.430340e+000" type="0"/>
    <Peak1D F1="1.892848" intensity="7.074610e+000" type="0"/>
    <Peak1D F1="1.892025" intensity="7.070520e+000" type="0"/>
    <Peak1D F1="1.884015" intensity="1.500000e+001" type="0"/>
    <Peak1D F1="1.874454" intensity="6.327989e+000" type="0"/>
    <Peak1D F1="1.873116" intensity="6.308304e+000" type="0"/>
    <Peak1D F1="1.864650" intensity="5.036621e+000" type="0"/>
    <Peak1D F1="1.852568" intensity="8.835052e-001" type="0"/>
    <Peak1D F1="1.842781" intensity="5.355963e-001" type="0"/>
    <Peak1D F1="1.834324" intensity="4.585903e-001" type="0"/>
    <Peak1D F1="1.815070" intensity="1.983774e-001" type="0"/>
    <Peak1D F1="1.793553" intensity="9.803278e-002" type="0"/>
    <Peak1D F1="1.784746" intensity="9.370228e-002" type="0"/>
    <Peak1D F1="1.761459" intensity="7.201564e-002" type="0"/>
    <Peak1D F1="1.752898" intensity="7.986544e-002" type="0"/>
    <Peak1D F1="1.737901" intensity="1.635733e-001" type="0"/>
    <Peak1D F1="1.722419" intensity="2.319416e-001" type="0"/>
    <Peak1D F1="1.717163" intensity="2.358008e-001" type="0"/>
    <Peak1D F1="1.707788" intensity="2.623844e-001" type="0"/>
    <Peak1D F1="1.701289" intensity="3.885211e-001" type="0"/>
    <Peak1D F1="1.695866" intensity="5.854264e-001" type="0"/>
    <Peak1D F1="1.692087" intensity="5.816260e-001" type="0"/>
    <Peak1D F1="1.683833" intensity="5.219301e-001" type="0"/>
    <Peak1D F1="1.672938" intensity="1.166184e+000" type="0"/>
    <Peak1D F1="1.664671" intensity="8.239991e-001" type="0"/>
    <Peak1D F1="1.657094" intensity="5.617013e-001" type="0"/>
    <Peak1D F1="1.652764" intensity="7.508747e-001" type="0"/>
    <Peak1D F1="1.647349" intensity="7.774721e-001" type="0"/>
    <Peak1D F1="1.644165" intensity="6.758550e-001" type="0"/>
    <Peak1D F1="1.637331" intensity="4.469354e-001" type="0"/>
    <Peak1D F1="1.631861" intensity="3.885301e-001" type="0"/>
    <Peak1D F1="1.627724" intensity="3.585550e-001" type="0"/>
    <Peak1D F1="1.610582" intensity="2.041054e-001" type="0"/>
    <Peak1D F1="1.600925" intensity="8.696978e-002" type="0"/>
    <Peak1D F1="1.585236" intensity="6.616034e-002" type="0"/>
    <Peak1D F1="1.570485" intensity="5.504561e-002" type="0"/>
    <Peak1D F1="1.564834" intensity="5.526014e-002" type="0"/>
    <Peak1D F1="1.553996" intensity="7.487345e-002" type="0"/>
    <Peak1D F1="1.537172" intensity="1.537774e-001" type="0"/>
    <Peak1D F1="1.529772" intensity="1.371302e-001" type="0"/>
    <Peak1D F1="1.521696" intensity="2.295671e-001" type="0"/>
    <Peak1D F1="1.511616" intensity="1.807075e-001" type="0"/>
    <Peak1D F1="1.502970" intensity="4.537670e-001" type="0"/>
    <Peak1D F1="1.485466" intensity="4.919821e-001" type="0"/>
    <Peak1D F1="1.472439" intensity="3.946041e-001" type="0"/>
    <Peak1D F1="1.455636" intensity="3.744122e-001" type="0"/>
    <Peak1D F1="1.437668" intensity="1.186772e-001" type="0"/>
    <Peak1D F1="1.428590" intensity="8.266977e-002" type="0"/>
    <Peak1D F1="1.425230" intensity="7.828359e-002" type="0"/>
    <Peak1D F1="1.393148" intensity="2.616303e-002" type="0"/>
    <Peak1D F1="1.375418" intensity="3.092709e-002" type="0"/>
    <Peak1D F1="1.352729" intensity="1.431768e-002" type="0"/>
    <Peak1D F1="1.343550" intensity="1.648944e-002" type="0"/>
    <Peak1D F1="1.327124" intensity="1.188293e-002" type="0"/>
    <Peak1D F1="1.315446" intensity="1.047238e-002" type="0"/>
    <Peak1D F1="1.295489" intensity="9.980766e-003" type="0"/>
    <Peak1D F1="1.225305" intensity="2.643135e-002" type="0"/>
    <Peak1D F1="1.208933" intensity="1.919582e-002" type="0"/>
    <Peak1D F1="1.178636" intensity="3.758784e-002" type="0"/>
    <Peak1D F1="1.159433" intensity="1.176867e-002" type="0"/>
    <Peak1D F1="1.146452" intensity="8.620599e-003" type="0"/>
    <Peak1D F1="1.060292" intensity="3.495907e-003" type="0"/>
    <Peak1D F1="1.002668" intensity="3.309086e-003" type="0"/>
    <Peak1D F1="0.952463" intensity="3.038030e-003" type="0"/>
    <Peak1D F1="0.924905" intensity="2.685587e-003" type="0"/>
    <Peak1D F1="0.887475" intensity="2.582110e-003" type="0"/>
    <Peak1D F1="0.816657" intensity="7.908965e-003" type="0"/>
    <Peak1D F1="0.800958" intensity="1.497964e-002" type="0"/>
    <Peak1D F1="0.783382" intensity="9.073413e-003" type="0"/>
    <Peak1D F1="0.773639" intensity="7.951631e-003" type="0"/>
    <Peak1D F1="0.753357" intensity="9.035678e-003" type="0"/>
    <Peak1D F1="0.735763" intensity="5.457587e-003" type="0"/>
    <Peak1D F1="0.674257" intensity="1.800424e-003" type="0"/>
    <Peak1D F1="0.652367" intensity="1.757073e-003" type="0"/>
    <Peak1D F1="0.568909" intensity="1.581472e-003" type="0"/>
    <Peak1D F1="0.547198" intensity="1.630835e-003" type="0"/>
    <Peak1D F1="0.498526" intensity="1.683650e-003" type="0"/>
    <Peak1D F1="0.458843" intensity="1.255828e-003" type="0"/>
    <Peak1D F1="0.415501" intensity="1.320689e-003" type="0"/>
    <Peak1D F1="0.382568" intensity="1.138207e-003" type="0"/>
    <Peak1D F1="0.354413" intensity="1.109879e-003" type="0"/>
    <Peak1D F1="0.341476" intensity="1.134742e-003" type="0"/>
    <Peak1D F1="0.313657" intensity="1.130865e-003" type="0"/>
    <Peak1D F1="0.290780" intensity="1.096673e-003" type="0"/>
    <Peak1D F1="0.272098" intensity="1.113662e-003" type="0"/>
    <Peak1D F1="0.232121" intensity="1.029457e-003" type="0"/>
    <Peak1D F1="0.057125" intensity="1.249654e-003" type="0"/>
    <Peak1D F1="0.050253" intensity="2.158051e-003" type="0"/>
    <Peak1D F1="-0.000156" intensity="1.016761e-001" type="0"/>
    <Peak1D F1="-0.026943" intensity="1.561433e-003" type="0"/>
    <Peak1D F1="-0.050160" intensity="1.985699e-003" type="0"/>
    <Peak1D F1="-0.080693" intensity="9.827461e-004" type="0"/>
    <Peak1D F1="-3.248578" intensity="9.935121e-004" type="0"/>
    <Peak1D F1="-3.280635" intensity="9.972627e-004" type="0"/>
    <Peak1D F1="-3.402694" intensity="9.939800e-004" type="0"/>
    <Peak1D F1="-3.618981" intensity="9.510639e-004" type="0"/>
  </PeakList1D>
</PeakList>
