<?xml version="1.0" encoding="UTF-8"?>
<PeakList>
  <PeakList1D>
    <PeakList1DHeader creator="nmr" date="2021-08-01T20:18:29.471+03:00" expNo="10" name="ID-419-N" owner="" procNo="1" source="//132.72.8.180/400b/Milo/Milo">
      <PeakPickDetails>F1=16.099630ppm, F2=-3.929415ppm, MI=0.00cm, MAXI=10000.00cm, PC=1.000
      </PeakPickDetails>
    </PeakList1DHeader>
    <Peak1D F1="15.326697" intensity="7.862181e-003" type="0"/>
    <Peak1D F1="13.859819" intensity="8.397643e-003" type="0"/>
    <Peak1D F1="10.094031" intensity="2.188960e-001" type="0"/>
    <Peak1D F1="8.531764" intensity="8.660981e-003" type="0"/>
    <Peak1D F1="8.422647" intensity="9.025653e-003" type="0"/>
    <Peak1D F1="8.367046" intensity="1.137050e-002" type="0"/>
    <Peak1D F1="8.342225" intensity="1.501890e-001" type="0"/>
    <Peak1D F1="8.320776" intensity="1.655458e-001" type="0"/>
    <Peak1D F1="8.270801" intensity="1.941628e-002" type="0"/>
    <Peak1D F1="8.253279" intensity="2.394667e-002" type="0"/>
    <Peak1D F1="8.238449" intensity="5.584149e-002" type="0"/>
    <Peak1D F1="8.216849" intensity="8.956959e-002" type="0"/>
    <Peak1D F1="8.190948" intensity="1.783497e-001" type="0"/>
    <Peak1D F1="8.171695" intensity="1.913293e-001" type="0"/>
    <Peak1D F1="8.159619" intensity="1.815789e+000" type="0"/>
    <Peak1D F1="8.137755" intensity="2.028394e+000" type="0"/>
    <Peak1D F1="8.109783" intensity="8.320367e-002" type="0"/>
    <Peak1D F1="8.087779" intensity="3.267426e-002" type="0"/>
    <Peak1D F1="8.040540" intensity="1.749489e-002" type="0"/>
    <Peak1D F1="8.020499" intensity="1.964158e-001" type="0"/>
    <Peak1D F1="7.999321" intensity="1.667996e-001" type="0"/>
    <Peak1D F1="7.941844" intensity="4.628084e-002" type="0"/>
    <Peak1D F1="7.921754" intensity="5.254523e-002" type="0"/>
    <Peak1D F1="7.844031" intensity="1.403301e-002" type="0"/>
    <Peak1D F1="7.834313" intensity="1.572068e-002" type="0"/>
    <Peak1D F1="7.812839" intensity="2.009352e-002" type="0"/>
    <Peak1D F1="7.715949" intensity="2.859245e-002" type="0"/>
    <Peak1D F1="7.695115" intensity="1.232509e-001" type="0"/>
    <Peak1D F1="7.676291" intensity="1.090931e-001" type="0"/>
    <Peak1D F1="7.643332" intensity="3.814430e-002" type="0"/>
    <Peak1D F1="7.621017" intensity="4.577739e-002" type="0"/>
    <Peak1D F1="7.609097" intensity="2.250982e-002" type="0"/>
    <Peak1D F1="7.586215" intensity="3.142361e-002" type="0"/>
    <Peak1D F1="7.556469" intensity="7.745098e-002" type="0"/>
    <Peak1D F1="7.537806" intensity="1.078182e-001" type="0"/>
    <Peak1D F1="7.528903" intensity="1.017022e-001" type="0"/>
    <Peak1D F1="7.520313" intensity="9.879705e-002" type="0"/>
    <Peak1D F1="7.506198" intensity="1.011321e-001" type="0"/>
    <Peak1D F1="7.480609" intensity="2.107513e+000" type="0"/>
    <Peak1D F1="7.458915" intensity="2.094028e+000" type="0"/>
    <Peak1D F1="7.446108" intensity="2.633238e-001" type="0"/>
    <Peak1D F1="7.441018" intensity="2.658346e-001" type="0"/>
    <Peak1D F1="7.428509" intensity="1.283837e-001" type="0"/>
    <Peak1D F1="7.414246" intensity="9.254007e-002" type="0"/>
    <Peak1D F1="7.408305" intensity="9.681785e-002" type="0"/>
    <Peak1D F1="7.401834" intensity="7.062319e-002" type="0"/>
    <Peak1D F1="7.395511" intensity="6.725591e-002" type="0"/>
    <Peak1D F1="7.386672" intensity="6.683064e-002" type="0"/>
    <Peak1D F1="7.367663" intensity="7.494789e-002" type="0"/>
    <Peak1D F1="7.354450" intensity="1.243134e-001" type="0"/>
    <Peak1D F1="7.351422" intensity="1.191012e-001" type="0"/>
    <Peak1D F1="7.335989" intensity="1.496947e-001" type="0"/>
    <Peak1D F1="7.318550" intensity="7.224745e-002" type="0"/>
    <Peak1D F1="7.296154" intensity="1.961902e-002" type="0"/>
    <Peak1D F1="7.274287" intensity="2.107027e-002" type="0"/>
    <Peak1D F1="7.258601" intensity="2.624181e-002" type="0"/>
    <Peak1D F1="7.244386" intensity="1.701033e-001" type="0"/>
    <Peak1D F1="7.235758" intensity="4.556033e-002" type="0"/>
    <Peak1D F1="7.222385" intensity="4.127115e-002" type="0"/>
    <Peak1D F1="7.194747" intensity="9.499635e+000" type="0"/>
    <Peak1D F1="7.144256" intensity="1.332750e-001" type="0"/>
    <Peak1D F1="6.930596" intensity="5.045960e-002" type="0"/>
    <Peak1D F1="6.758605" intensity="7.845461e-003" type="0"/>
    <Peak1D F1="6.313239" intensity="1.145975e-002" type="0"/>
    <Peak1D F1="6.217447" intensity="1.158174e-002" type="0"/>
    <Peak1D F1="6.117948" intensity="1.020076e-001" type="0"/>
    <Peak1D F1="6.068686" intensity="4.035102e-002" type="0"/>
    <Peak1D F1="6.047546" intensity="1.635521e-002" type="0"/>
    <Peak1D F1="6.018452" intensity="2.456946e+000" type="0"/>
    <Peak1D F1="5.968259" intensity="3.338860e-002" type="0"/>
    <Peak1D F1="5.952586" intensity="1.805332e-002" type="0"/>
    <Peak1D F1="5.941430" intensity="1.944164e-002" type="0"/>
    <Peak1D F1="5.823144" intensity="2.229852e-002" type="0"/>
    <Peak1D F1="5.817649" intensity="1.921411e-002" type="0"/>
    <Peak1D F1="5.672104" intensity="1.680183e-002" type="0"/>
    <Peak1D F1="5.643965" intensity="1.866482e-002" type="0"/>
    <Peak1D F1="5.490941" intensity="1.278349e-002" type="0"/>
    <Peak1D F1="5.450545" intensity="8.515760e-003" type="0"/>
    <Peak1D F1="5.382677" intensity="8.731083e-003" type="0"/>
    <Peak1D F1="5.357279" intensity="9.186916e-002" type="0"/>
    <Peak1D F1="5.350193" intensity="9.066670e-002" type="0"/>
    <Peak1D F1="5.312319" intensity="1.231340e-002" type="0"/>
    <Peak1D F1="5.004856" intensity="7.705034e-003" type="0"/>
    <Peak1D F1="4.969010" intensity="1.032849e-002" type="0"/>
    <Peak1D F1="4.945870" intensity="1.230161e-002" type="0"/>
    <Peak1D F1="4.922288" intensity="8.583494e-003" type="0"/>
    <Peak1D F1="4.891524" intensity="1.491534e-002" type="0"/>
    <Peak1D F1="4.871654" intensity="2.306821e-002" type="0"/>
    <Peak1D F1="4.851744" intensity="2.823325e-002" type="0"/>
    <Peak1D F1="4.840298" intensity="3.680439e-002" type="0"/>
    <Peak1D F1="4.819291" intensity="3.872006e-002" type="0"/>
    <Peak1D F1="4.790478" intensity="1.183960e+000" type="0"/>
    <Peak1D F1="4.767649" intensity="1.205642e+000" type="0"/>
    <Peak1D F1="4.741755" intensity="5.394645e-002" type="0"/>
    <Peak1D F1="4.716115" intensity="6.604238e-002" type="0"/>
    <Peak1D F1="4.674857" intensity="6.823529e-002" type="0"/>
    <Peak1D F1="4.662091" intensity="6.845049e-002" type="0"/>
    <Peak1D F1="4.584682" intensity="3.936551e-002" type="0"/>
    <Peak1D F1="4.506203" intensity="1.705320e-002" type="0"/>
    <Peak1D F1="4.499047" intensity="1.597804e-002" type="0"/>
    <Peak1D F1="4.465247" intensity="1.378019e-002" type="0"/>
    <Peak1D F1="4.451713" intensity="1.321956e-002" type="0"/>
    <Peak1D F1="4.445786" intensity="1.189343e-002" type="0"/>
    <Peak1D F1="4.428815" intensity="1.142089e-002" type="0"/>
    <Peak1D F1="3.970205" intensity="1.457812e-002" type="0"/>
    <Peak1D F1="3.956158" intensity="1.727622e-002" type="0"/>
    <Peak1D F1="3.942215" intensity="1.688401e-002" type="0"/>
    <Peak1D F1="3.878932" intensity="4.052857e-002" type="0"/>
    <Peak1D F1="3.844649" intensity="8.476884e-002" type="0"/>
    <Peak1D F1="3.823524" intensity="5.183619e-002" type="0"/>
    <Peak1D F1="3.811993" intensity="3.081552e-001" type="0"/>
    <Peak1D F1="3.751297" intensity="1.314035e-001" type="0"/>
    <Peak1D F1="3.745720" intensity="1.819025e-001" type="0"/>
    <Peak1D F1="3.701166" intensity="7.633798e+000" type="0"/>
    <Peak1D F1="3.651085" intensity="1.062558e-001" type="0"/>
    <Peak1D F1="3.518863" intensity="4.217827e-002" type="0"/>
    <Peak1D F1="2.960390" intensity="8.922921e-003" type="0"/>
    <Peak1D F1="2.936473" intensity="1.205091e-002" type="0"/>
    <Peak1D F1="2.773492" intensity="1.621424e-002" type="0"/>
    <Peak1D F1="2.752074" intensity="1.253731e-002" type="0"/>
    <Peak1D F1="2.733063" intensity="8.015050e-003" type="0"/>
    <Peak1D F1="2.545696" intensity="7.945196e-003" type="0"/>
    <Peak1D F1="2.496710" intensity="1.131144e-002" type="0"/>
    <Peak1D F1="2.434423" intensity="2.118426e-001" type="0"/>
    <Peak1D F1="2.416591" intensity="2.276903e-001" type="0"/>
    <Peak1D F1="2.413317" intensity="2.336672e-001" type="0"/>
    <Peak1D F1="2.386002" intensity="3.241950e-001" type="0"/>
    <Peak1D F1="2.364558" intensity="3.658422e-001" type="0"/>
    <Peak1D F1="2.350171" intensity="2.388601e-001" type="0"/>
    <Peak1D F1="2.327665" intensity="4.113408e-001" type="0"/>
    <Peak1D F1="2.319846" intensity="2.471816e-001" type="0"/>
    <Peak1D F1="2.307459" intensity="3.189711e-001" type="0"/>
    <Peak1D F1="2.297541" intensity="3.812387e-001" type="0"/>
    <Peak1D F1="2.276821" intensity="2.516071e-001" type="0"/>
    <Peak1D F1="2.253356" intensity="3.202452e-001" type="0"/>
    <Peak1D F1="2.227733" intensity="4.442766e-001" type="0"/>
    <Peak1D F1="2.204370" intensity="4.613562e-001" type="0"/>
    <Peak1D F1="2.182926" intensity="2.591501e-001" type="0"/>
    <Peak1D F1="2.178949" intensity="3.034475e-001" type="0"/>
    <Peak1D F1="2.155826" intensity="3.697470e-001" type="0"/>
    <Peak1D F1="2.145999" intensity="3.853008e-001" type="0"/>
    <Peak1D F1="2.116395" intensity="4.684427e+000" type="0"/>
    <Peak1D F1="2.096763" intensity="1.418030e+001" type="0"/>
    <Peak1D F1="2.086223" intensity="4.107856e+000" type="0"/>
    <Peak1D F1="2.078332" intensity="7.431384e+000" type="0"/>
    <Peak1D F1="2.051769" intensity="3.729766e-001" type="0"/>
    <Peak1D F1="2.047548" intensity="3.785012e-001" type="0"/>
    <Peak1D F1="2.028429" intensity="1.772299e-001" type="0"/>
    <Peak1D F1="1.987611" intensity="2.530371e-001" type="0"/>
    <Peak1D F1="1.959616" intensity="4.529838e-001" type="0"/>
    <Peak1D F1="1.949274" intensity="5.057662e-001" type="0"/>
    <Peak1D F1="1.937275" intensity="3.367188e+000" type="0"/>
    <Peak1D F1="1.925712" intensity="9.469848e-001" type="0"/>
    <Peak1D F1="1.921251" intensity="9.756236e-001" type="0"/>
    <Peak1D F1="1.910732" intensity="7.262981e+000" type="0"/>
    <Peak1D F1="1.900153" intensity="6.567468e+000" type="0"/>
    <Peak1D F1="1.891331" intensity="1.500000e+001" type="0"/>
    <Peak1D F1="1.881270" intensity="6.042666e+000" type="0"/>
    <Peak1D F1="1.872061" intensity="4.962952e+000" type="0"/>
    <Peak1D F1="1.859935" intensity="6.295163e-001" type="0"/>
    <Peak1D F1="1.849813" intensity="3.498483e-001" type="0"/>
    <Peak1D F1="1.841500" intensity="3.144805e-001" type="0"/>
    <Peak1D F1="1.832927" intensity="1.657227e-001" type="0"/>
    <Peak1D F1="1.822406" intensity="1.337298e-001" type="0"/>
    <Peak1D F1="1.783234" intensity="5.560663e-002" type="0"/>
    <Peak1D F1="1.760185" intensity="6.922125e-002" type="0"/>
    <Peak1D F1="1.744326" intensity="1.467778e-001" type="0"/>
    <Peak1D F1="1.729439" intensity="1.823882e-001" type="0"/>
    <Peak1D F1="1.724179" intensity="2.094778e-001" type="0"/>
    <Peak1D F1="1.717026" intensity="2.080604e-001" type="0"/>
    <Peak1D F1="1.708230" intensity="2.286876e-001" type="0"/>
    <Peak1D F1="1.701093" intensity="3.450517e-001" type="0"/>
    <Peak1D F1="1.687415" intensity="2.661186e-001" type="0"/>
    <Peak1D F1="1.680688" intensity="7.980058e-001" type="0"/>
    <Peak1D F1="1.671306" intensity="4.982733e-001" type="0"/>
    <Peak1D F1="1.656596" intensity="7.127020e-001" type="0"/>
    <Peak1D F1="1.640321" intensity="4.199994e-001" type="0"/>
    <Peak1D F1="1.636253" intensity="4.846367e-001" type="0"/>
    <Peak1D F1="1.620344" intensity="2.480607e-001" type="0"/>
    <Peak1D F1="1.584300" intensity="1.011366e-001" type="0"/>
    <Peak1D F1="1.566059" intensity="9.822125e-002" type="0"/>
    <Peak1D F1="1.552294" intensity="1.037527e-001" type="0"/>
    <Peak1D F1="1.534930" intensity="2.473727e-001" type="0"/>
    <Peak1D F1="1.519360" intensity="1.897769e-001" type="0"/>
    <Peak1D F1="1.512785" intensity="2.045141e-001" type="0"/>
    <Peak1D F1="1.500520" intensity="4.026093e-001" type="0"/>
    <Peak1D F1="1.483147" intensity="4.893506e-001" type="0"/>
    <Peak1D F1="1.470247" intensity="3.382417e-001" type="0"/>
    <Peak1D F1="1.453437" intensity="3.333551e-001" type="0"/>
    <Peak1D F1="1.435394" intensity="1.068059e-001" type="0"/>
    <Peak1D F1="1.423577" intensity="1.262336e-001" type="0"/>
    <Peak1D F1="1.405172" intensity="4.550354e-002" type="0"/>
    <Peak1D F1="1.368200" intensity="3.509569e-002" type="0"/>
    <Peak1D F1="1.352547" intensity="3.178044e-002" type="0"/>
    <Peak1D F1="1.338698" intensity="3.242426e-002" type="0"/>
    <Peak1D F1="1.273658" intensity="5.292241e-002" type="0"/>
    <Peak1D F1="1.233613" intensity="9.564192e-002" type="0"/>
    <Peak1D F1="1.219339" intensity="8.573639e-002" type="0"/>
    <Peak1D F1="1.183761" intensity="2.032972e-001" type="0"/>
    <Peak1D F1="1.147667" intensity="1.097553e-001" type="0"/>
    <Peak1D F1="1.132246" intensity="1.071379e-001" type="0"/>
    <Peak1D F1="1.095287" intensity="1.233367e-002" type="0"/>
    <Peak1D F1="1.076271" intensity="1.255263e-002" type="0"/>
    <Peak1D F1="1.065335" intensity="9.533312e-003" type="0"/>
    <Peak1D F1="1.033677" intensity="9.811791e-003" type="0"/>
    <Peak1D F1="1.020504" intensity="8.931241e-003" type="0"/>
    <Peak1D F1="1.007259" intensity="9.639139e-003" type="0"/>
    <Peak1D F1="0.980460" intensity="8.636949e-003" type="0"/>
    <Peak1D F1="0.958413" intensity="8.705794e-003" type="0"/>
    <Peak1D F1="0.909244" intensity="1.028726e-002" type="0"/>
    <Peak1D F1="0.879308" intensity="8.669123e-003" type="0"/>
    <Peak1D F1="0.827112" intensity="3.612348e-002" type="0"/>
    <Peak1D F1="0.811997" intensity="5.539661e-002" type="0"/>
    <Peak1D F1="0.794964" intensity="3.180009e-002" type="0"/>
    <Peak1D F1="0.773428" intensity="1.633855e-002" type="0"/>
    <Peak1D F1="0.765231" intensity="1.728039e-002" type="0"/>
    <Peak1D F1="0.518358" intensity="8.262931e-003" type="0"/>
    <Peak1D F1="0.514699" intensity="9.128431e-003" type="0"/>
    <Peak1D F1="0.391093" intensity="8.538128e-003" type="0"/>
    <Peak1D F1="0.379964" intensity="7.907547e-003" type="0"/>
    <Peak1D F1="-0.000158" intensity="2.681056e-001" type="0"/>
    <Peak1D F1="-3.006232" intensity="7.732564e-003" type="0"/>
  </PeakList1D>
</PeakList>
