<?xml version="1.0" encoding="UTF-8"?>
<PeakList>
  <PeakList1D>
    <PeakList1DHeader creator="nmr" date="2021-08-10T10:27:46.881+03:00" expNo="20" name="ID-429-A" owner="" procNo="1" source="//132.72.8.180/400b/Milo/Milo">
      <PeakPickDetails>F1=16.102921ppm, F2=-3.926125ppm, MI=0.00cm, MAXI=10000.00cm, PC=1.000
      </PeakPickDetails>
    </PeakList1DHeader>
    <Peak1D F1="15.277108" intensity="3.447515e-003" type="0"/>
    <Peak1D F1="14.629677" intensity="3.589257e-003" type="0"/>
    <Peak1D F1="12.760819" intensity="3.499500e-003" type="0"/>
    <Peak1D F1="10.315156" intensity="4.970914e-003" type="0"/>
    <Peak1D F1="10.249124" intensity="3.695144e-003" type="0"/>
    <Peak1D F1="10.195765" intensity="3.575417e-003" type="0"/>
    <Peak1D F1="10.145699" intensity="1.378635e-002" type="0"/>
    <Peak1D F1="10.126834" intensity="7.657988e-003" type="0"/>
    <Peak1D F1="10.095653" intensity="6.191489e-001" type="0"/>
    <Peak1D F1="10.045124" intensity="8.481037e-003" type="0"/>
    <Peak1D F1="9.685663" intensity="3.340881e-003" type="0"/>
    <Peak1D F1="9.229023" intensity="3.769856e-003" type="0"/>
    <Peak1D F1="8.554463" intensity="3.844927e-003" type="0"/>
    <Peak1D F1="8.501530" intensity="3.420930e-003" type="0"/>
    <Peak1D F1="8.490350" intensity="3.604612e-003" type="0"/>
    <Peak1D F1="8.410623" intensity="5.522796e-003" type="0"/>
    <Peak1D F1="8.393406" intensity="1.166399e-002" type="0"/>
    <Peak1D F1="8.371876" intensity="1.724951e-002" type="0"/>
    <Peak1D F1="8.343668" intensity="4.184329e-001" type="0"/>
    <Peak1D F1="8.326498" intensity="1.602532e-001" type="0"/>
    <Peak1D F1="8.321839" intensity="4.691355e-001" type="0"/>
    <Peak1D F1="8.293571" intensity="8.419027e-003" type="0"/>
    <Peak1D F1="8.272157" intensity="9.381256e-003" type="0"/>
    <Peak1D F1="8.224484" intensity="1.632513e-002" type="0"/>
    <Peak1D F1="8.196838" intensity="3.066717e-002" type="0"/>
    <Peak1D F1="8.188490" intensity="2.353207e-002" type="0"/>
    <Peak1D F1="8.175039" intensity="4.571586e-002" type="0"/>
    <Peak1D F1="8.165535" intensity="5.970478e-002" type="0"/>
    <Peak1D F1="8.159748" intensity="1.850838e-001" type="0"/>
    <Peak1D F1="8.154933" intensity="1.050624e-001" type="0"/>
    <Peak1D F1="8.143441" intensity="9.134635e-002" type="0"/>
    <Peak1D F1="8.137992" intensity="1.893995e-001" type="0"/>
    <Peak1D F1="8.132410" intensity="6.420057e-002" type="0"/>
    <Peak1D F1="8.124002" intensity="4.580305e-002" type="0"/>
    <Peak1D F1="8.099199" intensity="8.943047e-003" type="0"/>
    <Peak1D F1="8.073031" intensity="1.471359e-002" type="0"/>
    <Peak1D F1="8.050880" intensity="1.454726e-002" type="0"/>
    <Peak1D F1="8.027566" intensity="8.765868e-002" type="0"/>
    <Peak1D F1="8.022600" intensity="5.335320e-001" type="0"/>
    <Peak1D F1="8.017946" intensity="1.552513e-001" type="0"/>
    <Peak1D F1="8.005448" intensity="1.576501e-001" type="0"/>
    <Peak1D F1="8.001061" intensity="4.488041e-001" type="0"/>
    <Peak1D F1="7.995844" intensity="5.200404e-002" type="0"/>
    <Peak1D F1="7.972724" intensity="8.926504e-003" type="0"/>
    <Peak1D F1="7.951267" intensity="8.741418e-003" type="0"/>
    <Peak1D F1="7.947324" intensity="4.923202e-003" type="0"/>
    <Peak1D F1="7.939343" intensity="4.269229e-003" type="0"/>
    <Peak1D F1="7.927742" intensity="5.104079e-003" type="0"/>
    <Peak1D F1="7.905591" intensity="4.564365e-003" type="0"/>
    <Peak1D F1="7.885501" intensity="4.492847e-003" type="0"/>
    <Peak1D F1="7.865609" intensity="4.292411e-003" type="0"/>
    <Peak1D F1="7.829679" intensity="5.745299e-003" type="0"/>
    <Peak1D F1="7.813081" intensity="8.018376e-003" type="0"/>
    <Peak1D F1="7.787484" intensity="2.066531e-002" type="0"/>
    <Peak1D F1="7.765894" intensity="3.504492e-002" type="0"/>
    <Peak1D F1="7.751645" intensity="2.215661e-002" type="0"/>
    <Peak1D F1="7.719219" intensity="3.812328e-003" type="0"/>
    <Peak1D F1="7.663712" intensity="4.112664e-003" type="0"/>
    <Peak1D F1="7.620984" intensity="8.369280e-003" type="0"/>
    <Peak1D F1="7.597789" intensity="1.132305e-002" type="0"/>
    <Peak1D F1="7.587996" intensity="1.086063e-002" type="0"/>
    <Peak1D F1="7.562367" intensity="2.091401e-002" type="0"/>
    <Peak1D F1="7.540435" intensity="2.034366e-002" type="0"/>
    <Peak1D F1="7.528844" intensity="1.574358e-002" type="0"/>
    <Peak1D F1="7.522265" intensity="1.264851e-002" type="0"/>
    <Peak1D F1="7.505942" intensity="1.774999e-002" type="0"/>
    <Peak1D F1="7.496372" intensity="3.299731e-002" type="0"/>
    <Peak1D F1="7.482302" intensity="1.659351e-001" type="0"/>
    <Peak1D F1="7.477421" intensity="7.212121e-002" type="0"/>
    <Peak1D F1="7.465285" intensity="7.415891e-002" type="0"/>
    <Peak1D F1="7.460297" intensity="1.567850e-001" type="0"/>
    <Peak1D F1="7.444577" intensity="2.360251e-002" type="0"/>
    <Peak1D F1="7.419850" intensity="2.468972e-002" type="0"/>
    <Peak1D F1="7.404063" intensity="3.917623e-002" type="0"/>
    <Peak1D F1="7.384508" intensity="3.780810e-002" type="0"/>
    <Peak1D F1="7.369892" intensity="2.161102e-002" type="0"/>
    <Peak1D F1="7.365254" intensity="1.895499e-002" type="0"/>
    <Peak1D F1="7.312553" intensity="2.174181e-002" type="0"/>
    <Peak1D F1="7.287630" intensity="2.266687e-002" type="0"/>
    <Peak1D F1="7.247799" intensity="7.755414e-002" type="0"/>
    <Peak1D F1="7.198154" intensity="4.147025e+000" type="0"/>
    <Peak1D F1="7.170803" intensity="3.705279e-003" type="0"/>
    <Peak1D F1="7.152358" intensity="4.060165e-002" type="0"/>
    <Peak1D F1="7.148151" intensity="6.943168e-002" type="0"/>
    <Peak1D F1="7.135309" intensity="5.989946e-002" type="0"/>
    <Peak1D F1="7.117457" intensity="2.610477e-002" type="0"/>
    <Peak1D F1="7.029307" intensity="5.197194e-003" type="0"/>
    <Peak1D F1="7.004751" intensity="3.662108e-002" type="0"/>
    <Peak1D F1="6.983774" intensity="3.582098e-002" type="0"/>
    <Peak1D F1="6.977577" intensity="3.594764e-002" type="0"/>
    <Peak1D F1="6.956741" intensity="2.992257e-002" type="0"/>
    <Peak1D F1="6.934043" intensity="2.123375e-002" type="0"/>
    <Peak1D F1="6.222124" intensity="4.016890e-003" type="0"/>
    <Peak1D F1="6.118554" intensity="9.961461e-003" type="0"/>
    <Peak1D F1="6.067997" intensity="1.819155e-002" type="0"/>
    <Peak1D F1="6.018169" intensity="1.020560e+000" type="0"/>
    <Peak1D F1="5.967976" intensity="1.686078e-002" type="0"/>
    <Peak1D F1="5.811157" intensity="3.579157e-003" type="0"/>
    <Peak1D F1="5.526643" intensity="5.521750e-003" type="0"/>
    <Peak1D F1="5.474239" intensity="6.888837e-003" type="0"/>
    <Peak1D F1="5.417064" intensity="1.469121e-002" type="0"/>
    <Peak1D F1="5.366318" intensity="7.153084e-003" type="0"/>
    <Peak1D F1="5.356287" intensity="7.479923e-003" type="0"/>
    <Peak1D F1="5.320934" intensity="4.456904e-003" type="0"/>
    <Peak1D F1="5.285015" intensity="4.596475e-003" type="0"/>
    <Peak1D F1="5.125361" intensity="7.866114e-003" type="0"/>
    <Peak1D F1="5.081394" intensity="6.271499e-002" type="0"/>
    <Peak1D F1="5.065310" intensity="5.540188e-002" type="0"/>
    <Peak1D F1="4.863670" intensity="5.484740e-003" type="0"/>
    <Peak1D F1="4.842120" intensity="7.419513e-003" type="0"/>
    <Peak1D F1="4.821365" intensity="3.828317e-003" type="0"/>
    <Peak1D F1="4.794064" intensity="6.515326e-002" type="0"/>
    <Peak1D F1="4.771599" intensity="6.166429e-002" type="0"/>
    <Peak1D F1="4.728250" intensity="4.252516e-003" type="0"/>
    <Peak1D F1="4.679999" intensity="1.326475e-001" type="0"/>
    <Peak1D F1="4.629852" intensity="4.836576e-003" type="0"/>
    <Peak1D F1="4.364882" intensity="6.191070e-003" type="0"/>
    <Peak1D F1="3.968498" intensity="3.471010e-003" type="0"/>
    <Peak1D F1="3.878687" intensity="1.684213e-002" type="0"/>
    <Peak1D F1="3.845307" intensity="2.768404e-002" type="0"/>
    <Peak1D F1="3.823013" intensity="1.411620e-002" type="0"/>
    <Peak1D F1="3.812389" intensity="2.963218e-002" type="0"/>
    <Peak1D F1="3.794588" intensity="1.709426e-002" type="0"/>
    <Peak1D F1="3.773222" intensity="1.762131e-002" type="0"/>
    <Peak1D F1="3.751575" intensity="5.425737e-002" type="0"/>
    <Peak1D F1="3.745992" intensity="2.241594e-002" type="0"/>
    <Peak1D F1="3.729724" intensity="1.289363e-002" type="0"/>
    <Peak1D F1="3.701472" intensity="3.100490e+000" type="0"/>
    <Peak1D F1="3.651503" intensity="5.065807e-002" type="0"/>
    <Peak1D F1="3.560246" intensity="4.265562e-003" type="0"/>
    <Peak1D F1="3.537828" intensity="4.298063e-003" type="0"/>
    <Peak1D F1="3.529176" intensity="3.853329e-003" type="0"/>
    <Peak1D F1="3.519316" intensity="1.735631e-002" type="0"/>
    <Peak1D F1="3.500504" intensity="4.887940e-003" type="0"/>
    <Peak1D F1="3.471158" intensity="4.907954e-003" type="0"/>
    <Peak1D F1="3.439114" intensity="5.574382e-003" type="0"/>
    <Peak1D F1="3.433087" intensity="5.770115e-003" type="0"/>
    <Peak1D F1="3.425325" intensity="5.138981e-003" type="0"/>
    <Peak1D F1="3.390370" intensity="5.541974e-003" type="0"/>
    <Peak1D F1="3.332197" intensity="4.249420e-003" type="0"/>
    <Peak1D F1="3.159077" intensity="3.730239e-003" type="0"/>
    <Peak1D F1="2.735635" intensity="3.331618e-003" type="0"/>
    <Peak1D F1="2.595854" intensity="4.226285e-003" type="0"/>
    <Peak1D F1="2.580095" intensity="6.130874e-003" type="0"/>
    <Peak1D F1="2.431879" intensity="1.495230e-002" type="0"/>
    <Peak1D F1="2.417315" intensity="1.341155e-002" type="0"/>
    <Peak1D F1="2.412102" intensity="1.440235e-002" type="0"/>
    <Peak1D F1="2.387033" intensity="1.940717e-002" type="0"/>
    <Peak1D F1="2.363408" intensity="2.461315e-002" type="0"/>
    <Peak1D F1="2.353574" intensity="1.543199e-002" type="0"/>
    <Peak1D F1="2.330336" intensity="2.552324e-002" type="0"/>
    <Peak1D F1="2.300322" intensity="2.627242e-002" type="0"/>
    <Peak1D F1="2.277209" intensity="4.343412e-002" type="0"/>
    <Peak1D F1="2.258173" intensity="8.430939e-002" type="0"/>
    <Peak1D F1="2.252610" intensity="5.523960e-002" type="0"/>
    <Peak1D F1="2.239390" intensity="4.351982e-002" type="0"/>
    <Peak1D F1="2.229742" intensity="4.329787e-002" type="0"/>
    <Peak1D F1="2.225837" intensity="4.432713e-002" type="0"/>
    <Peak1D F1="2.203087" intensity="6.467224e-002" type="0"/>
    <Peak1D F1="2.181254" intensity="6.175813e-002" type="0"/>
    <Peak1D F1="2.166874" intensity="1.288243e-001" type="0"/>
    <Peak1D F1="2.147243" intensity="3.656996e-001" type="0"/>
    <Peak1D F1="2.139111" intensity="2.487452e-001" type="0"/>
    <Peak1D F1="2.117205" intensity="4.455520e+000" type="0"/>
    <Peak1D F1="2.097464" intensity="1.426118e+001" type="0"/>
    <Peak1D F1="2.085823" intensity="3.689266e+000" type="0"/>
    <Peak1D F1="2.078593" intensity="7.123634e+000" type="0"/>
    <Peak1D F1="2.071393" intensity="1.042920e+000" type="0"/>
    <Peak1D F1="2.063215" intensity="3.712021e-001" type="0"/>
    <Peak1D F1="2.057342" intensity="3.232707e-001" type="0"/>
    <Peak1D F1="2.053035" intensity="3.304717e-001" type="0"/>
    <Peak1D F1="2.047759" intensity="3.928041e-001" type="0"/>
    <Peak1D F1="2.028798" intensity="1.753049e-001" type="0"/>
    <Peak1D F1="2.021110" intensity="7.355066e-002" type="0"/>
    <Peak1D F1="2.001734" intensity="5.430436e-002" type="0"/>
    <Peak1D F1="1.991668" intensity="5.823660e-002" type="0"/>
    <Peak1D F1="1.982575" intensity="6.728319e-002" type="0"/>
    <Peak1D F1="1.961313" intensity="2.002771e-001" type="0"/>
    <Peak1D F1="1.949626" intensity="2.270116e-001" type="0"/>
    <Peak1D F1="1.941909" intensity="4.298699e-001" type="0"/>
    <Peak1D F1="1.933245" intensity="6.093636e-001" type="0"/>
    <Peak1D F1="1.930628" intensity="5.997189e-001" type="0"/>
    <Peak1D F1="1.926443" intensity="8.166457e-001" type="0"/>
    <Peak1D F1="1.922046" intensity="8.028178e-001" type="0"/>
    <Peak1D F1="1.911620" intensity="7.203505e+000" type="0"/>
    <Peak1D F1="1.900394" intensity="5.931532e+000" type="0"/>
    <Peak1D F1="1.892077" intensity="1.500000e+001" type="0"/>
    <Peak1D F1="1.883287" intensity="5.082936e+000" type="0"/>
    <Peak1D F1="1.881375" intensity="5.445774e+000" type="0"/>
    <Peak1D F1="1.872563" intensity="4.707169e+000" type="0"/>
    <Peak1D F1="1.860613" intensity="5.707052e-001" type="0"/>
    <Peak1D F1="1.850370" intensity="3.334987e-001" type="0"/>
    <Peak1D F1="1.842264" intensity="3.436421e-001" type="0"/>
    <Peak1D F1="1.831832" intensity="1.453647e-001" type="0"/>
    <Peak1D F1="1.822738" intensity="1.204777e-001" type="0"/>
    <Peak1D F1="1.760776" intensity="3.711975e-002" type="0"/>
    <Peak1D F1="1.742599" intensity="6.761084e-002" type="0"/>
    <Peak1D F1="1.724924" intensity="8.932279e-002" type="0"/>
    <Peak1D F1="1.707736" intensity="5.831578e-002" type="0"/>
    <Peak1D F1="1.690228" intensity="3.734954e-002" type="0"/>
    <Peak1D F1="1.682707" intensity="6.457113e-002" type="0"/>
    <Peak1D F1="1.672289" intensity="4.480956e-002" type="0"/>
    <Peak1D F1="1.659529" intensity="6.070155e-002" type="0"/>
    <Peak1D F1="1.638694" intensity="4.685272e-002" type="0"/>
    <Peak1D F1="1.633803" intensity="3.519321e-002" type="0"/>
    <Peak1D F1="1.618215" intensity="3.171930e-002" type="0"/>
    <Peak1D F1="1.602338" intensity="4.599094e-002" type="0"/>
    <Peak1D F1="1.553431" intensity="9.430742e-001" type="0"/>
    <Peak1D F1="1.514399" intensity="2.962094e-002" type="0"/>
    <Peak1D F1="1.502937" intensity="4.956040e-002" type="0"/>
    <Peak1D F1="1.485260" intensity="3.750031e-002" type="0"/>
    <Peak1D F1="1.472621" intensity="3.034763e-002" type="0"/>
    <Peak1D F1="1.456179" intensity="2.741348e-002" type="0"/>
    <Peak1D F1="1.442321" intensity="1.809890e-002" type="0"/>
    <Peak1D F1="1.425119" intensity="1.274625e-002" type="0"/>
    <Peak1D F1="1.408367" intensity="8.184215e-003" type="0"/>
    <Peak1D F1="1.367948" intensity="6.252260e-003" type="0"/>
    <Peak1D F1="1.320081" intensity="8.608029e-003" type="0"/>
    <Peak1D F1="1.274826" intensity="1.793811e-002" type="0"/>
    <Peak1D F1="1.264934" intensity="1.773201e-002" type="0"/>
    <Peak1D F1="1.202994" intensity="2.568796e-002" type="0"/>
    <Peak1D F1="1.184654" intensity="5.380164e-002" type="0"/>
    <Peak1D F1="1.147238" intensity="6.002486e-003" type="0"/>
    <Peak1D F1="1.133905" intensity="6.644017e-003" type="0"/>
    <Peak1D F1="1.106168" intensity="4.499284e-003" type="0"/>
    <Peak1D F1="1.091155" intensity="4.900113e-003" type="0"/>
    <Peak1D F1="1.076723" intensity="4.675041e-003" type="0"/>
    <Peak1D F1="1.058358" intensity="4.521667e-003" type="0"/>
    <Peak1D F1="1.041844" intensity="3.627599e-003" type="0"/>
    <Peak1D F1="1.030349" intensity="4.151429e-003" type="0"/>
    <Peak1D F1="0.995025" intensity="4.270862e-003" type="0"/>
    <Peak1D F1="0.984431" intensity="3.665684e-003" type="0"/>
    <Peak1D F1="0.969501" intensity="3.709248e-003" type="0"/>
    <Peak1D F1="0.957655" intensity="4.014160e-003" type="0"/>
    <Peak1D F1="0.935047" intensity="3.724391e-003" type="0"/>
    <Peak1D F1="0.919877" intensity="4.398897e-003" type="0"/>
    <Peak1D F1="0.876538" intensity="4.165625e-003" type="0"/>
    <Peak1D F1="0.860895" intensity="4.525661e-003" type="0"/>
    <Peak1D F1="0.848417" intensity="5.032332e-003" type="0"/>
    <Peak1D F1="0.825676" intensity="9.507721e-003" type="0"/>
    <Peak1D F1="0.813845" intensity="1.898104e-002" type="0"/>
    <Peak1D F1="0.797475" intensity="1.027836e-002" type="0"/>
    <Peak1D F1="0.782401" intensity="8.884440e-003" type="0"/>
    <Peak1D F1="0.761238" intensity="1.037471e-002" type="0"/>
    <Peak1D F1="0.741436" intensity="6.956452e-003" type="0"/>
    <Peak1D F1="0.721256" intensity="5.312922e-003" type="0"/>
    <Peak1D F1="0.551978" intensity="3.643204e-003" type="0"/>
    <Peak1D F1="0.511652" intensity="3.519096e-003" type="0"/>
    <Peak1D F1="0.466115" intensity="4.414283e-003" type="0"/>
    <Peak1D F1="0.441352" intensity="4.027192e-003" type="0"/>
    <Peak1D F1="0.417764" intensity="3.422148e-003" type="0"/>
    <Peak1D F1="0.397233" intensity="3.838191e-003" type="0"/>
    <Peak1D F1="0.275887" intensity="3.390263e-003" type="0"/>
    <Peak1D F1="-0.000158" intensity="6.110527e-002" type="0"/>
    <Peak1D F1="-3.302223" intensity="4.204454e-003" type="0"/>
  </PeakList1D>
</PeakList>
