<?xml version="1.0" encoding="UTF-8"?>
<PeakList>
  <PeakList1D>
    <PeakList1DHeader creator="nmr" date="2021-08-12T00:26:28.295+03:00" expNo="20" name="ID-427-O-11.8.21" owner="" procNo="1" source="//132.72.8.180/400b/Milo/Milo">
      <PeakPickDetails>F1=16.111641ppm, F2=-3.917404ppm, MI=0.00cm, MAXI=10000.00cm, PC=1.000
      </PeakPickDetails>
    </PeakList1DHeader>
    <Peak1D F1="13.297559" intensity="2.845072e-003" type="0"/>
    <Peak1D F1="13.247900" intensity="3.089148e-003" type="0"/>
    <Peak1D F1="13.046467" intensity="2.866896e-003" type="0"/>
    <Peak1D F1="11.899596" intensity="3.992401e-003" type="0"/>
    <Peak1D F1="10.084546" intensity="4.627660e-003" type="0"/>
    <Peak1D F1="8.635539" intensity="3.490731e-003" type="0"/>
    <Peak1D F1="8.616136" intensity="3.119172e-003" type="0"/>
    <Peak1D F1="8.604880" intensity="3.043537e-003" type="0"/>
    <Peak1D F1="8.563199" intensity="3.026233e-003" type="0"/>
    <Peak1D F1="8.526965" intensity="3.950543e-003" type="0"/>
    <Peak1D F1="8.449389" intensity="5.474150e-003" type="0"/>
    <Peak1D F1="8.397770" intensity="7.678229e-003" type="0"/>
    <Peak1D F1="8.328518" intensity="3.135952e-002" type="0"/>
    <Peak1D F1="8.187864" intensity="4.213752e-001" type="0"/>
    <Peak1D F1="8.127137" intensity="3.834317e+000" type="0"/>
    <Peak1D F1="8.007709" intensity="7.917318e-003" type="0"/>
    <Peak1D F1="7.902486" intensity="9.776764e-002" type="0"/>
    <Peak1D F1="7.759001" intensity="6.053769e-003" type="0"/>
    <Peak1D F1="7.662032" intensity="3.045169e-002" type="0"/>
    <Peak1D F1="7.599084" intensity="2.619826e-001" type="0"/>
    <Peak1D F1="7.460118" intensity="3.687701e+000" type="0"/>
    <Peak1D F1="7.307658" intensity="1.389247e-001" type="0"/>
    <Peak1D F1="7.208716" intensity="9.829973e-001" type="0"/>
    <Peak1D F1="7.160956" intensity="1.941424e-001" type="0"/>
    <Peak1D F1="7.147592" intensity="1.892941e-001" type="0"/>
    <Peak1D F1="7.090507" intensity="4.790723e-001" type="0"/>
    <Peak1D F1="6.977807" intensity="8.282884e-003" type="0"/>
    <Peak1D F1="6.953768" intensity="1.098979e-002" type="0"/>
    <Peak1D F1="6.911340" intensity="3.548914e-003" type="0"/>
    <Peak1D F1="6.901382" intensity="3.197589e-003" type="0"/>
    <Peak1D F1="6.698050" intensity="4.823154e-003" type="0"/>
    <Peak1D F1="6.199503" intensity="1.222024e-002" type="0"/>
    <Peak1D F1="6.140934" intensity="2.829813e-003" type="0"/>
    <Peak1D F1="6.004233" intensity="2.326675e+000" type="0"/>
    <Peak1D F1="5.910141" intensity="4.815109e-002" type="0"/>
    <Peak1D F1="5.874402" intensity="2.897922e-002" type="0"/>
    <Peak1D F1="5.788825" intensity="9.862245e-002" type="0"/>
    <Peak1D F1="5.684536" intensity="3.159710e-003" type="0"/>
    <Peak1D F1="5.636900" intensity="3.876501e-002" type="0"/>
    <Peak1D F1="5.622013" intensity="3.777637e-002" type="0"/>
    <Peak1D F1="5.550067" intensity="1.059824e-002" type="0"/>
    <Peak1D F1="5.540872" intensity="8.618177e-003" type="0"/>
    <Peak1D F1="5.500512" intensity="2.200780e-002" type="0"/>
    <Peak1D F1="5.456971" intensity="1.133864e-001" type="0"/>
    <Peak1D F1="5.333611" intensity="6.007923e-001" type="0"/>
    <Peak1D F1="5.208806" intensity="6.705473e-003" type="0"/>
    <Peak1D F1="5.153541" intensity="8.693794e-003" type="0"/>
    <Peak1D F1="5.052224" intensity="3.385273e-003" type="0"/>
    <Peak1D F1="4.975793" intensity="1.011370e-002" type="0"/>
    <Peak1D F1="4.962355" intensity="1.050588e-002" type="0"/>
    <Peak1D F1="4.941210" intensity="8.684252e-003" type="0"/>
    <Peak1D F1="4.869561" intensity="6.383995e-002" type="0"/>
    <Peak1D F1="4.787911" intensity="1.385824e+000" type="0"/>
    <Peak1D F1="4.692921" intensity="1.503464e+000" type="0"/>
    <Peak1D F1="4.532250" intensity="1.306265e-002" type="0"/>
    <Peak1D F1="4.524557" intensity="1.315780e-002" type="0"/>
    <Peak1D F1="4.479124" intensity="1.216320e-002" type="0"/>
    <Peak1D F1="4.420346" intensity="6.068320e-003" type="0"/>
    <Peak1D F1="4.401760" intensity="5.547268e-003" type="0"/>
    <Peak1D F1="4.337106" intensity="4.782282e-003" type="0"/>
    <Peak1D F1="4.322859" intensity="5.075088e-003" type="0"/>
    <Peak1D F1="4.238320" intensity="1.361174e-002" type="0"/>
    <Peak1D F1="4.162734" intensity="7.174599e-003" type="0"/>
    <Peak1D F1="3.863661" intensity="4.767999e-002" type="0"/>
    <Peak1D F1="3.801596" intensity="6.618658e-002" type="0"/>
    <Peak1D F1="3.687363" intensity="6.918385e+000" type="0"/>
    <Peak1D F1="3.598514" intensity="4.159439e-003" type="0"/>
    <Peak1D F1="3.508375" intensity="4.020429e-002" type="0"/>
    <Peak1D F1="3.452338" intensity="4.067660e-003" type="0"/>
    <Peak1D F1="3.428240" intensity="5.940055e-003" type="0"/>
    <Peak1D F1="3.389997" intensity="7.503379e-003" type="0"/>
    <Peak1D F1="3.267607" intensity="5.194993e-003" type="0"/>
    <Peak1D F1="3.070393" intensity="2.336734e-001" type="0"/>
    <Peak1D F1="2.929152" intensity="4.287356e-002" type="0"/>
    <Peak1D F1="2.741503" intensity="1.324175e-001" type="0"/>
    <Peak1D F1="2.660951" intensity="1.600973e-002" type="0"/>
    <Peak1D F1="2.605494" intensity="2.234397e-001" type="0"/>
    <Peak1D F1="2.548287" intensity="3.526041e-001" type="0"/>
    <Peak1D F1="2.488559" intensity="1.533365e-001" type="0"/>
    <Peak1D F1="2.428605" intensity="9.591824e-001" type="0"/>
    <Peak1D F1="2.396075" intensity="8.054987e-001" type="0"/>
    <Peak1D F1="2.350435" intensity="1.578994e+000" type="0"/>
    <Peak1D F1="2.192269" intensity="7.779212e-001" type="0"/>
    <Peak1D F1="2.167641" intensity="7.531315e-001" type="0"/>
    <Peak1D F1="2.078224" intensity="1.483775e+001" type="0"/>
    <Peak1D F1="1.883909" intensity="1.500000e+001" type="0"/>
    <Peak1D F1="1.822648" intensity="1.705701e+000" type="0"/>
    <Peak1D F1="1.658980" intensity="2.075373e+000" type="0"/>
    <Peak1D F1="1.489081" intensity="7.670042e-001" type="0"/>
    <Peak1D F1="1.475737" intensity="7.495106e-001" type="0"/>
    <Peak1D F1="1.223180" intensity="6.375291e-002" type="0"/>
    <Peak1D F1="1.187155" intensity="8.295823e-002" type="0"/>
    <Peak1D F1="1.045190" intensity="7.814053e-003" type="0"/>
    <Peak1D F1="0.995643" intensity="7.875399e-003" type="0"/>
    <Peak1D F1="0.947370" intensity="7.795568e-003" type="0"/>
    <Peak1D F1="0.931410" intensity="7.248789e-003" type="0"/>
    <Peak1D F1="0.845685" intensity="7.828508e-003" type="0"/>
    <Peak1D F1="0.807648" intensity="2.590983e-002" type="0"/>
    <Peak1D F1="0.700565" intensity="5.659312e-003" type="0"/>
    <Peak1D F1="0.691537" intensity="5.650357e-003" type="0"/>
    <Peak1D F1="0.670269" intensity="4.659268e-003" type="0"/>
    <Peak1D F1="0.640424" intensity="5.417298e-003" type="0"/>
    <Peak1D F1="0.586596" intensity="4.092540e-003" type="0"/>
    <Peak1D F1="0.560900" intensity="4.450044e-003" type="0"/>
    <Peak1D F1="0.517957" intensity="4.104398e-003" type="0"/>
    <Peak1D F1="0.466767" intensity="4.438618e-003" type="0"/>
    <Peak1D F1="0.394941" intensity="3.164612e-003" type="0"/>
    <Peak1D F1="0.368288" intensity="3.015788e-003" type="0"/>
    <Peak1D F1="0.331291" intensity="3.049855e-003" type="0"/>
    <Peak1D F1="0.204975" intensity="3.513291e-003" type="0"/>
    <Peak1D F1="0.187146" intensity="3.291596e-003" type="0"/>
    <Peak1D F1="0.075527" intensity="3.169606e-003" type="0"/>
    <Peak1D F1="0.046605" intensity="2.850609e-003" type="0"/>
    <Peak1D F1="-0.000157" intensity="4.565208e-002" type="0"/>
    <Peak1D F1="-0.094303" intensity="2.848020e-003" type="0"/>
    <Peak1D F1="-2.532814" intensity="2.887900e-003" type="0"/>
    <Peak1D F1="-3.101002" intensity="2.974923e-003" type="0"/>
    <Peak1D F1="-3.371973" intensity="2.873946e-003" type="0"/>
    <Peak1D F1="-3.411246" intensity="2.838218e-003" type="0"/>
    <Peak1D F1="-3.487483" intensity="3.087541e-003" type="0"/>
    <Peak1D F1="-3.607155" intensity="2.907958e-003" type="0"/>
    <Peak1D F1="-3.656497" intensity="3.314735e-003" type="0"/>
    <Peak1D F1="-3.667631" intensity="2.878219e-003" type="0"/>
  </PeakList1D>
</PeakList>
