<?xml version="1.0" encoding="UTF-8"?>
<PeakList>
  <PeakList1D>
    <PeakList1DHeader creator="nmr" date="2021-10-21T10:16:32.344+03:00" expNo="10" name="ID_448_A" owner="" procNo="1" source="//132.72.8.180/400b/Milo/Milo">
      <PeakPickDetails>F1=16.128860ppm, F2=-3.900185ppm, MI=0.00cm, MAXI=10000.00cm, PC=1.000
      </PeakPickDetails>
    </PeakList1DHeader>
    <Peak1D F1="13.997319" intensity="1.530220e-003" type="0"/>
    <Peak1D F1="10.083545" intensity="5.144994e-002" type="0"/>
    <Peak1D F1="8.596992" intensity="1.238550e-003" type="0"/>
    <Peak1D F1="8.525916" intensity="1.722919e-003" type="0"/>
    <Peak1D F1="8.461013" intensity="2.288048e-003" type="0"/>
    <Peak1D F1="8.402086" intensity="3.360138e-003" type="0"/>
    <Peak1D F1="8.350451" intensity="1.558509e-002" type="0"/>
    <Peak1D F1="8.343972" intensity="1.631235e-002" type="0"/>
    <Peak1D F1="8.328316" intensity="5.061533e-002" type="0"/>
    <Peak1D F1="8.306986" intensity="4.470307e-002" type="0"/>
    <Peak1D F1="8.234643" intensity="2.340131e-002" type="0"/>
    <Peak1D F1="8.215679" intensity="3.382903e-002" type="0"/>
    <Peak1D F1="8.199608" intensity="1.369023e-001" type="0"/>
    <Peak1D F1="8.188168" intensity="1.022650e-001" type="0"/>
    <Peak1D F1="8.177703" intensity="1.542086e-001" type="0"/>
    <Peak1D F1="8.166382" intensity="1.157160e-001" type="0"/>
    <Peak1D F1="8.143458" intensity="6.722965e-001" type="0"/>
    <Peak1D F1="8.138259" intensity="3.951901e+000" type="0"/>
    <Peak1D F1="8.133711" intensity="1.376210e+000" type="0"/>
    <Peak1D F1="8.120797" intensity="1.656577e+000" type="0"/>
    <Peak1D F1="8.116383" intensity="4.137215e+000" type="0"/>
    <Peak1D F1="8.110654" intensity="6.285810e-001" type="0"/>
    <Peak1D F1="8.105075" intensity="2.940316e-001" type="0"/>
    <Peak1D F1="8.099687" intensity="1.504682e-001" type="0"/>
    <Peak1D F1="8.088334" intensity="6.997239e-002" type="0"/>
    <Peak1D F1="8.066356" intensity="6.266157e-002" type="0"/>
    <Peak1D F1="8.019089" intensity="4.256655e-002" type="0"/>
    <Peak1D F1="8.014224" intensity="1.255200e-002" type="0"/>
    <Peak1D F1="7.997394" intensity="3.499183e-002" type="0"/>
    <Peak1D F1="7.978146" intensity="3.191037e-003" type="0"/>
    <Peak1D F1="7.956518" intensity="4.185359e-003" type="0"/>
    <Peak1D F1="7.928037" intensity="1.070064e-002" type="0"/>
    <Peak1D F1="7.923803" intensity="1.196939e-002" type="0"/>
    <Peak1D F1="7.907092" intensity="1.814012e-002" type="0"/>
    <Peak1D F1="7.900965" intensity="1.501405e-002" type="0"/>
    <Peak1D F1="7.883762" intensity="6.474173e-003" type="0"/>
    <Peak1D F1="7.863494" intensity="5.844121e-003" type="0"/>
    <Peak1D F1="7.841382" intensity="6.292912e-003" type="0"/>
    <Peak1D F1="7.676626" intensity="1.637970e-002" type="0"/>
    <Peak1D F1="7.657415" intensity="1.661926e-002" type="0"/>
    <Peak1D F1="7.644346" intensity="6.496773e-003" type="0"/>
    <Peak1D F1="7.608552" intensity="1.885829e-002" type="0"/>
    <Peak1D F1="7.597952" intensity="1.521129e-002" type="0"/>
    <Peak1D F1="7.586279" intensity="2.400438e-002" type="0"/>
    <Peak1D F1="7.534246" intensity="1.329996e-001" type="0"/>
    <Peak1D F1="7.526320" intensity="1.000894e-001" type="0"/>
    <Peak1D F1="7.512267" intensity="1.524174e-001" type="0"/>
    <Peak1D F1="7.503132" intensity="1.812946e-001" type="0"/>
    <Peak1D F1="7.476028" intensity="3.897714e+000" type="0"/>
    <Peak1D F1="7.454209" intensity="3.621073e+000" type="0"/>
    <Peak1D F1="7.448596" intensity="5.261670e-001" type="0"/>
    <Peak1D F1="7.441953" intensity="2.215162e-001" type="0"/>
    <Peak1D F1="7.426267" intensity="7.162865e-002" type="0"/>
    <Peak1D F1="7.404232" intensity="6.090910e-002" type="0"/>
    <Peak1D F1="7.354325" intensity="2.946299e-002" type="0"/>
    <Peak1D F1="7.331594" intensity="4.846608e-002" type="0"/>
    <Peak1D F1="7.308687" intensity="6.302112e-002" type="0"/>
    <Peak1D F1="7.303212" intensity="5.628932e-002" type="0"/>
    <Peak1D F1="7.288612" intensity="5.387027e-002" type="0"/>
    <Peak1D F1="7.283206" intensity="4.830467e-002" type="0"/>
    <Peak1D F1="7.273097" intensity="8.121386e-002" type="0"/>
    <Peak1D F1="7.258920" intensity="1.106406e-001" type="0"/>
    <Peak1D F1="7.243748" intensity="2.213248e-001" type="0"/>
    <Peak1D F1="7.223215" intensity="2.450605e+000" type="0"/>
    <Peak1D F1="7.199835" intensity="2.280381e-002" type="0"/>
    <Peak1D F1="7.182903" intensity="8.152330e-003" type="0"/>
    <Peak1D F1="7.173125" intensity="3.763167e-002" type="0"/>
    <Peak1D F1="7.131261" intensity="5.212277e-003" type="0"/>
    <Peak1D F1="7.109856" intensity="6.024018e-003" type="0"/>
    <Peak1D F1="7.035704" intensity="2.689008e-003" type="0"/>
    <Peak1D F1="7.017603" intensity="7.374703e-003" type="0"/>
    <Peak1D F1="6.995517" intensity="7.440540e-003" type="0"/>
    <Peak1D F1="6.977183" intensity="2.147157e-003" type="0"/>
    <Peak1D F1="6.958501" intensity="1.241756e-002" type="0"/>
    <Peak1D F1="6.889875" intensity="5.458607e-003" type="0"/>
    <Peak1D F1="6.879993" intensity="7.640651e-003" type="0"/>
    <Peak1D F1="6.874051" intensity="1.224809e-002" type="0"/>
    <Peak1D F1="6.868323" intensity="8.731740e-003" type="0"/>
    <Peak1D F1="6.857600" intensity="1.275902e-002" type="0"/>
    <Peak1D F1="6.851554" intensity="2.123193e-002" type="0"/>
    <Peak1D F1="6.845260" intensity="1.303113e-002" type="0"/>
    <Peak1D F1="6.829263" intensity="2.317036e-002" type="0"/>
    <Peak1D F1="6.823700" intensity="2.655292e-002" type="0"/>
    <Peak1D F1="6.801037" intensity="6.285768e-002" type="0"/>
    <Peak1D F1="6.795030" intensity="6.217228e-002" type="0"/>
    <Peak1D F1="6.777864" intensity="7.441759e-002" type="0"/>
    <Peak1D F1="6.771984" intensity="9.204189e-002" type="0"/>
    <Peak1D F1="6.749346" intensity="4.569339e-002" type="0"/>
    <Peak1D F1="6.704569" intensity="7.206437e-003" type="0"/>
    <Peak1D F1="6.625678" intensity="2.086025e-003" type="0"/>
    <Peak1D F1="6.594826" intensity="1.524639e-003" type="0"/>
    <Peak1D F1="6.570078" intensity="1.954902e-003" type="0"/>
    <Peak1D F1="6.551516" intensity="2.402505e-003" type="0"/>
    <Peak1D F1="6.545735" intensity="1.787932e-003" type="0"/>
    <Peak1D F1="6.445406" intensity="2.142438e-003" type="0"/>
    <Peak1D F1="6.423744" intensity="2.265678e-003" type="0"/>
    <Peak1D F1="6.407935" intensity="2.675881e-003" type="0"/>
    <Peak1D F1="6.308231" intensity="7.423230e-003" type="0"/>
    <Peak1D F1="6.302158" intensity="8.596430e-003" type="0"/>
    <Peak1D F1="6.286089" intensity="8.930812e-003" type="0"/>
    <Peak1D F1="6.280028" intensity="8.705959e-003" type="0"/>
    <Peak1D F1="6.259395" intensity="6.713518e-003" type="0"/>
    <Peak1D F1="6.236100" intensity="8.528855e-003" type="0"/>
    <Peak1D F1="6.208152" intensity="1.364814e-002" type="0"/>
    <Peak1D F1="6.202780" intensity="1.913090e-002" type="0"/>
    <Peak1D F1="6.197629" intensity="1.348576e-002" type="0"/>
    <Peak1D F1="6.174422" intensity="6.856886e-003" type="0"/>
    <Peak1D F1="6.112525" intensity="1.235239e-002" type="0"/>
    <Peak1D F1="6.103925" intensity="1.216779e-002" type="0"/>
    <Peak1D F1="6.054126" intensity="9.014574e-002" type="0"/>
    <Peak1D F1="6.040339" intensity="3.230176e-002" type="0"/>
    <Peak1D F1="6.034671" intensity="3.157950e-002" type="0"/>
    <Peak1D F1="6.004164" intensity="5.194316e+000" type="0"/>
    <Peak1D F1="5.986544" intensity="1.743716e-002" type="0"/>
    <Peak1D F1="5.981424" intensity="1.478371e-002" type="0"/>
    <Peak1D F1="5.954046" intensity="8.051604e-002" type="0"/>
    <Peak1D F1="5.914237" intensity="4.802806e-002" type="0"/>
    <Peak1D F1="5.902104" intensity="4.694103e-002" type="0"/>
    <Peak1D F1="5.854248" intensity="1.994138e-003" type="0"/>
    <Peak1D F1="5.807901" intensity="8.346077e-003" type="0"/>
    <Peak1D F1="5.802434" intensity="1.321289e-002" type="0"/>
    <Peak1D F1="5.797165" intensity="6.316934e-003" type="0"/>
    <Peak1D F1="5.775939" intensity="2.392826e-003" type="0"/>
    <Peak1D F1="5.629478" intensity="1.602222e-003" type="0"/>
    <Peak1D F1="5.602346" intensity="2.886610e-003" type="0"/>
    <Peak1D F1="5.596575" intensity="2.677169e-003" type="0"/>
    <Peak1D F1="5.461459" intensity="1.438465e-003" type="0"/>
    <Peak1D F1="5.431859" intensity="2.434461e-003" type="0"/>
    <Peak1D F1="5.411147" intensity="1.016171e-001" type="0"/>
    <Peak1D F1="5.386112" intensity="2.167583e-003" type="0"/>
    <Peak1D F1="5.332441" intensity="7.436338e-002" type="0"/>
    <Peak1D F1="5.275427" intensity="5.569542e-003" type="0"/>
    <Peak1D F1="5.269614" intensity="5.243155e-003" type="0"/>
    <Peak1D F1="5.263537" intensity="5.879690e-003" type="0"/>
    <Peak1D F1="5.214355" intensity="2.267387e-003" type="0"/>
    <Peak1D F1="5.189605" intensity="2.091903e-003" type="0"/>
    <Peak1D F1="5.039768" intensity="1.591140e-003" type="0"/>
    <Peak1D F1="4.989665" intensity="1.098687e-002" type="0"/>
    <Peak1D F1="4.967486" intensity="1.215329e-002" type="0"/>
    <Peak1D F1="4.941540" intensity="4.555203e-003" type="0"/>
    <Peak1D F1="4.890595" intensity="1.314518e-002" type="0"/>
    <Peak1D F1="4.860424" intensity="4.670539e-002" type="0"/>
    <Peak1D F1="4.838020" intensity="5.730289e-002" type="0"/>
    <Peak1D F1="4.810256" intensity="1.991679e+000" type="0"/>
    <Peak1D F1="4.788033" intensity="2.015230e+000" type="0"/>
    <Peak1D F1="4.760160" intensity="1.089020e-001" type="0"/>
    <Peak1D F1="4.715247" intensity="5.424187e-001" type="0"/>
    <Peak1D F1="4.638249" intensity="3.084184e-002" type="0"/>
    <Peak1D F1="4.626305" intensity="2.816005e-002" type="0"/>
    <Peak1D F1="4.617781" intensity="2.731427e-002" type="0"/>
    <Peak1D F1="4.604882" intensity="2.317279e-002" type="0"/>
    <Peak1D F1="4.572448" intensity="7.221301e-003" type="0"/>
    <Peak1D F1="4.554486" intensity="6.434167e-003" type="0"/>
    <Peak1D F1="4.504684" intensity="4.337328e-003" type="0"/>
    <Peak1D F1="4.488685" intensity="3.901573e-003" type="0"/>
    <Peak1D F1="4.470333" intensity="1.606801e-003" type="0"/>
    <Peak1D F1="4.455717" intensity="1.458430e-003" type="0"/>
    <Peak1D F1="3.971832" intensity="2.386803e-003" type="0"/>
    <Peak1D F1="3.940395" intensity="2.422931e-003" type="0"/>
    <Peak1D F1="3.866295" intensity="8.085954e-002" type="0"/>
    <Peak1D F1="3.837612" intensity="3.564543e-003" type="0"/>
    <Peak1D F1="3.799662" intensity="2.008803e-002" type="0"/>
    <Peak1D F1="3.788691" intensity="2.307283e-002" type="0"/>
    <Peak1D F1="3.771076" intensity="2.136167e-002" type="0"/>
    <Peak1D F1="3.738800" intensity="2.634254e-001" type="0"/>
    <Peak1D F1="3.724783" intensity="5.711394e-002" type="0"/>
    <Peak1D F1="3.718693" intensity="5.625835e-002" type="0"/>
    <Peak1D F1="3.688867" intensity="1.500000e+001" type="0"/>
    <Peak1D F1="3.671307" intensity="7.005425e-002" type="0"/>
    <Peak1D F1="3.666627" intensity="5.541487e-002" type="0"/>
    <Peak1D F1="3.648762" intensity="2.767214e-002" type="0"/>
    <Peak1D F1="3.638734" intensity="2.403561e-001" type="0"/>
    <Peak1D F1="3.612290" intensity="3.743209e-003" type="0"/>
    <Peak1D F1="3.598572" intensity="2.962387e-003" type="0"/>
    <Peak1D F1="3.586148" intensity="1.749548e-003" type="0"/>
    <Peak1D F1="3.506599" intensity="8.004909e-002" type="0"/>
    <Peak1D F1="3.386275" intensity="3.527115e-003" type="0"/>
    <Peak1D F1="3.229807" intensity="8.194871e-003" type="0"/>
    <Peak1D F1="3.100857" intensity="2.647479e-003" type="0"/>
    <Peak1D F1="3.075297" intensity="2.651690e-003" type="0"/>
    <Peak1D F1="2.939809" intensity="3.878293e-003" type="0"/>
    <Peak1D F1="2.932161" intensity="4.497144e-003" type="0"/>
    <Peak1D F1="2.913759" intensity="3.886498e-003" type="0"/>
    <Peak1D F1="2.888455" intensity="3.891005e-003" type="0"/>
    <Peak1D F1="2.871113" intensity="3.993037e-003" type="0"/>
    <Peak1D F1="2.838956" intensity="3.036351e-003" type="0"/>
    <Peak1D F1="2.821072" intensity="1.272788e-003" type="0"/>
    <Peak1D F1="2.810982" intensity="1.581511e-003" type="0"/>
    <Peak1D F1="2.794407" intensity="2.929281e-003" type="0"/>
    <Peak1D F1="2.768641" intensity="1.143119e-002" type="0"/>
    <Peak1D F1="2.757723" intensity="9.630634e-003" type="0"/>
    <Peak1D F1="2.743851" intensity="1.504321e-002" type="0"/>
    <Peak1D F1="2.733866" intensity="1.496317e-002" type="0"/>
    <Peak1D F1="2.722333" intensity="1.391505e-002" type="0"/>
    <Peak1D F1="2.710528" intensity="1.123322e-002" type="0"/>
    <Peak1D F1="2.672606" intensity="4.304134e-003" type="0"/>
    <Peak1D F1="2.624256" intensity="4.010100e-003" type="0"/>
    <Peak1D F1="2.615263" intensity="3.715900e-003" type="0"/>
    <Peak1D F1="2.599767" intensity="2.987867e-003" type="0"/>
    <Peak1D F1="2.591001" intensity="3.800954e-003" type="0"/>
    <Peak1D F1="2.575473" intensity="4.921496e-003" type="0"/>
    <Peak1D F1="2.548917" intensity="1.376143e-003" type="0"/>
    <Peak1D F1="2.526247" intensity="5.919217e-003" type="0"/>
    <Peak1D F1="2.505367" intensity="9.060786e-003" type="0"/>
    <Peak1D F1="2.413196" intensity="3.256615e-001" type="0"/>
    <Peak1D F1="2.408470" intensity="3.465182e-001" type="0"/>
    <Peak1D F1="2.402332" intensity="2.491250e-001" type="0"/>
    <Peak1D F1="2.392153" intensity="4.210959e-001" type="0"/>
    <Peak1D F1="2.387634" intensity="3.907318e-001" type="0"/>
    <Peak1D F1="2.377477" intensity="1.566408e-001" type="0"/>
    <Peak1D F1="2.366966" intensity="7.938896e-001" type="0"/>
    <Peak1D F1="2.360537" intensity="6.839669e-001" type="0"/>
    <Peak1D F1="2.354545" intensity="5.533715e-001" type="0"/>
    <Peak1D F1="2.348597" intensity="1.001145e+000" type="0"/>
    <Peak1D F1="2.346205" intensity="1.018866e+000" type="0"/>
    <Peak1D F1="2.339353" intensity="9.691204e-001" type="0"/>
    <Peak1D F1="2.327455" intensity="5.532762e-001" type="0"/>
    <Peak1D F1="2.316621" intensity="7.218196e-001" type="0"/>
    <Peak1D F1="2.297683" intensity="3.829645e-001" type="0"/>
    <Peak1D F1="2.266411" intensity="9.172544e-002" type="0"/>
    <Peak1D F1="2.247638" intensity="1.260615e-001" type="0"/>
    <Peak1D F1="2.241072" intensity="9.530950e-002" type="0"/>
    <Peak1D F1="2.234579" intensity="1.162568e-001" type="0"/>
    <Peak1D F1="2.225735" intensity="5.937681e-001" type="0"/>
    <Peak1D F1="2.210574" intensity="2.382962e-001" type="0"/>
    <Peak1D F1="2.203026" intensity="8.503318e-001" type="0"/>
    <Peak1D F1="2.199003" intensity="7.251939e-001" type="0"/>
    <Peak1D F1="2.187377" intensity="2.125187e-001" type="0"/>
    <Peak1D F1="2.176862" intensity="1.148721e+000" type="0"/>
    <Peak1D F1="2.154936" intensity="6.370118e-001" type="0"/>
    <Peak1D F1="2.150677" intensity="6.089504e-001" type="0"/>
    <Peak1D F1="2.136082" intensity="4.916531e-001" type="0"/>
    <Peak1D F1="2.128041" intensity="7.363246e-001" type="0"/>
    <Peak1D F1="2.106308" intensity="4.504818e+000" type="0"/>
    <Peak1D F1="2.086738" intensity="1.350297e+001" type="0"/>
    <Peak1D F1="2.075143" intensity="3.750957e+000" type="0"/>
    <Peak1D F1="2.068058" intensity="6.860278e+000" type="0"/>
    <Peak1D F1="2.052024" intensity="4.668609e-001" type="0"/>
    <Peak1D F1="2.047261" intensity="4.146954e-001" type="0"/>
    <Peak1D F1="2.042896" intensity="4.228370e-001" type="0"/>
    <Peak1D F1="2.040511" intensity="4.179963e-001" type="0"/>
    <Peak1D F1="2.037068" intensity="4.574233e-001" type="0"/>
    <Peak1D F1="2.018003" intensity="2.425614e-001" type="0"/>
    <Peak1D F1="2.007842" intensity="1.609944e-001" type="0"/>
    <Peak1D F1="1.989426" intensity="2.010463e-001" type="0"/>
    <Peak1D F1="1.965648" intensity="4.854867e-001" type="0"/>
    <Peak1D F1="1.960659" intensity="4.937116e-001" type="0"/>
    <Peak1D F1="1.953844" intensity="4.290022e-001" type="0"/>
    <Peak1D F1="1.944128" intensity="8.187668e-001" type="0"/>
    <Peak1D F1="1.937654" intensity="8.540885e-001" type="0"/>
    <Peak1D F1="1.934291" intensity="9.742517e-001" type="0"/>
    <Peak1D F1="1.925801" intensity="1.129731e+000" type="0"/>
    <Peak1D F1="1.918799" intensity="1.312200e+000" type="0"/>
    <Peak1D F1="1.915223" intensity="1.432822e+000" type="0"/>
    <Peak1D F1="1.904141" intensity="7.002053e+000" type="0"/>
    <Peak1D F1="1.893256" intensity="6.228114e+000" type="0"/>
    <Peak1D F1="1.884534" intensity="1.383153e+001" type="0"/>
    <Peak1D F1="1.874810" intensity="5.239935e+000" type="0"/>
    <Peak1D F1="1.865221" intensity="4.488265e+000" type="0"/>
    <Peak1D F1="1.853094" intensity="6.487558e-001" type="0"/>
    <Peak1D F1="1.847188" intensity="3.780294e-001" type="0"/>
    <Peak1D F1="1.843152" intensity="4.250361e-001" type="0"/>
    <Peak1D F1="1.834700" intensity="3.699834e-001" type="0"/>
    <Peak1D F1="1.825905" intensity="1.980460e-001" type="0"/>
    <Peak1D F1="1.815452" intensity="1.616975e-001" type="0"/>
    <Peak1D F1="1.801782" intensity="8.808334e-002" type="0"/>
    <Peak1D F1="1.793661" intensity="8.297727e-002" type="0"/>
    <Peak1D F1="1.786859" intensity="7.578792e-002" type="0"/>
    <Peak1D F1="1.777056" intensity="7.256698e-002" type="0"/>
    <Peak1D F1="1.771429" intensity="7.263943e-002" type="0"/>
    <Peak1D F1="1.753371" intensity="8.391559e-002" type="0"/>
    <Peak1D F1="1.737298" intensity="2.168584e-001" type="0"/>
    <Peak1D F1="1.721590" intensity="2.985414e-001" type="0"/>
    <Peak1D F1="1.716622" intensity="2.723385e-001" type="0"/>
    <Peak1D F1="1.709008" intensity="3.131492e-001" type="0"/>
    <Peak1D F1="1.700434" intensity="4.961035e-001" type="0"/>
    <Peak1D F1="1.694475" intensity="7.180688e-001" type="0"/>
    <Peak1D F1="1.683184" intensity="6.087113e-001" type="0"/>
    <Peak1D F1="1.672726" intensity="1.540393e+000" type="0"/>
    <Peak1D F1="1.664201" intensity="8.971658e-001" type="0"/>
    <Peak1D F1="1.656047" intensity="6.813428e-001" type="0"/>
    <Peak1D F1="1.652031" intensity="8.588189e-001" type="0"/>
    <Peak1D F1="1.646540" intensity="8.771098e-001" type="0"/>
    <Peak1D F1="1.636602" intensity="4.185884e-001" type="0"/>
    <Peak1D F1="1.631058" intensity="4.065615e-001" type="0"/>
    <Peak1D F1="1.625378" intensity="3.234658e-001" type="0"/>
    <Peak1D F1="1.609692" intensity="2.078093e-001" type="0"/>
    <Peak1D F1="1.587207" intensity="5.087110e-002" type="0"/>
    <Peak1D F1="1.576939" intensity="5.050011e-002" type="0"/>
    <Peak1D F1="1.554739" intensity="6.355090e-002" type="0"/>
    <Peak1D F1="1.537330" intensity="1.738961e-001" type="0"/>
    <Peak1D F1="1.529924" intensity="1.659754e-001" type="0"/>
    <Peak1D F1="1.521701" intensity="2.902343e-001" type="0"/>
    <Peak1D F1="1.511737" intensity="2.304535e-001" type="0"/>
    <Peak1D F1="1.503427" intensity="6.124024e-001" type="0"/>
    <Peak1D F1="1.485720" intensity="6.390623e-001" type="0"/>
    <Peak1D F1="1.473224" intensity="5.128899e-001" type="0"/>
    <Peak1D F1="1.456217" intensity="4.862518e-001" type="0"/>
    <Peak1D F1="1.444528" intensity="1.198450e-001" type="0"/>
    <Peak1D F1="1.438032" intensity="1.495243e-001" type="0"/>
    <Peak1D F1="1.425345" intensity="1.186200e-001" type="0"/>
    <Peak1D F1="1.373514" intensity="1.558579e-002" type="0"/>
    <Peak1D F1="1.343137" intensity="1.582072e-002" type="0"/>
    <Peak1D F1="1.327139" intensity="1.391136e-002" type="0"/>
    <Peak1D F1="1.313562" intensity="1.303153e-002" type="0"/>
    <Peak1D F1="1.296800" intensity="1.243721e-002" type="0"/>
    <Peak1D F1="1.274743" intensity="1.055777e-002" type="0"/>
    <Peak1D F1="1.256399" intensity="1.176333e-002" type="0"/>
    <Peak1D F1="1.225850" intensity="1.716096e-002" type="0"/>
    <Peak1D F1="1.208654" intensity="1.724701e-002" type="0"/>
    <Peak1D F1="1.194162" intensity="2.441426e-002" type="0"/>
    <Peak1D F1="1.178056" intensity="6.173021e-002" type="0"/>
    <Peak1D F1="1.161220" intensity="1.771720e-002" type="0"/>
    <Peak1D F1="1.145519" intensity="1.343532e-002" type="0"/>
    <Peak1D F1="1.102608" intensity="7.202993e-003" type="0"/>
    <Peak1D F1="1.072658" intensity="6.101387e-003" type="0"/>
    <Peak1D F1="1.067612" intensity="5.766337e-003" type="0"/>
    <Peak1D F1="1.037253" intensity="7.741256e-003" type="0"/>
    <Peak1D F1="1.013027" intensity="5.750350e-003" type="0"/>
    <Peak1D F1="0.939512" intensity="4.812270e-003" type="0"/>
    <Peak1D F1="0.933932" intensity="4.547794e-003" type="0"/>
    <Peak1D F1="0.868515" intensity="3.885757e-003" type="0"/>
    <Peak1D F1="0.799452" intensity="1.361365e-002" type="0"/>
    <Peak1D F1="0.782326" intensity="1.809124e-002" type="0"/>
    <Peak1D F1="0.764617" intensity="3.345313e-002" type="0"/>
    <Peak1D F1="0.745510" intensity="3.622391e-002" type="0"/>
    <Peak1D F1="0.726575" intensity="2.453053e-002" type="0"/>
    <Peak1D F1="0.706681" intensity="8.334508e-003" type="0"/>
    <Peak1D F1="0.655985" intensity="2.990199e-003" type="0"/>
    <Peak1D F1="0.628447" intensity="2.860843e-003" type="0"/>
    <Peak1D F1="0.592614" intensity="2.377109e-003" type="0"/>
    <Peak1D F1="0.510146" intensity="2.180249e-003" type="0"/>
    <Peak1D F1="0.434584" intensity="1.670650e-003" type="0"/>
    <Peak1D F1="0.419339" intensity="1.656033e-003" type="0"/>
    <Peak1D F1="0.394417" intensity="1.468080e-003" type="0"/>
    <Peak1D F1="0.390164" intensity="1.420576e-003" type="0"/>
    <Peak1D F1="0.382400" intensity="1.716874e-003" type="0"/>
    <Peak1D F1="0.285193" intensity="1.706973e-003" type="0"/>
    <Peak1D F1="0.228536" intensity="1.621568e-003" type="0"/>
    <Peak1D F1="0.217904" intensity="1.927537e-003" type="0"/>
    <Peak1D F1="0.177484" intensity="1.282142e-002" type="0"/>
    <Peak1D F1="0.158319" intensity="2.000192e-003" type="0"/>
    <Peak1D F1="0.146069" intensity="4.114766e-003" type="0"/>
    <Peak1D F1="0.077668" intensity="1.166248e-002" type="0"/>
    <Peak1D F1="0.050023" intensity="1.233258e-002" type="0"/>
    <Peak1D F1="0.036536" intensity="1.342634e-002" type="0"/>
    <Peak1D F1="0.008858" intensity="3.975354e-002" type="0"/>
    <Peak1D F1="-0.000158" intensity="6.589876e-001" type="0"/>
    <Peak1D F1="-0.027063" intensity="9.554182e-003" type="0"/>
    <Peak1D F1="-0.050243" intensity="1.163023e-002" type="0"/>
    <Peak1D F1="-0.071292" intensity="1.727005e-003" type="0"/>
    <Peak1D F1="-0.112010" intensity="1.603722e-003" type="0"/>
    <Peak1D F1="-0.149208" intensity="3.750753e-003" type="0"/>
    <Peak1D F1="-0.181327" intensity="1.272162e-003" type="0"/>
    <Peak1D F1="-2.041309" intensity="1.287684e-003" type="0"/>
    <Peak1D F1="-3.359358" intensity="1.257548e-003" type="0"/>
    <Peak1D F1="-3.481976" intensity="1.574754e-003" type="0"/>
  </PeakList1D>
</PeakList>
