<?xml version="1.0" encoding="UTF-8"?>
<PeakList>
  <PeakList1D>
    <PeakList1DHeader creator="nmr" date="2021-08-02T16:05:27.165+03:00" expNo="20" name="ID-420-F" owner="" procNo="1" source="//132.72.8.180/400b/Milo/Milo">
      <PeakPickDetails>F1=16.100189ppm, F2=-3.928856ppm, MI=0.00cm, MAXI=10000.00cm, PC=1.000
      </PeakPickDetails>
    </PeakList1DHeader>
    <Peak1D F1="12.489666" intensity="8.034769e-003" type="0"/>
    <Peak1D F1="10.315715" intensity="9.626527e-003" type="0"/>
    <Peak1D F1="10.144892" intensity="3.606682e-002" type="0"/>
    <Peak1D F1="10.126131" intensity="1.537056e-002" type="0"/>
    <Peak1D F1="10.095016" intensity="1.970610e+000" type="0"/>
    <Peak1D F1="10.062662" intensity="1.286082e-002" type="0"/>
    <Peak1D F1="10.045517" intensity="3.307072e-002" type="0"/>
    <Peak1D F1="9.868419" intensity="1.166047e-002" type="0"/>
    <Peak1D F1="8.393126" intensity="2.610838e-002" type="0"/>
    <Peak1D F1="8.371186" intensity="3.513048e-002" type="0"/>
    <Peak1D F1="8.342853" intensity="1.304338e+000" type="0"/>
    <Peak1D F1="8.321451" intensity="1.451048e+000" type="0"/>
    <Peak1D F1="8.292888" intensity="2.487005e-002" type="0"/>
    <Peak1D F1="8.271114" intensity="2.825958e-002" type="0"/>
    <Peak1D F1="8.224926" intensity="9.875289e-003" type="0"/>
    <Peak1D F1="8.205949" intensity="1.582729e-002" type="0"/>
    <Peak1D F1="8.188634" intensity="1.588426e-002" type="0"/>
    <Peak1D F1="8.159969" intensity="3.307419e-001" type="0"/>
    <Peak1D F1="8.138052" intensity="3.616759e-001" type="0"/>
    <Peak1D F1="8.111940" intensity="2.989050e-002" type="0"/>
    <Peak1D F1="8.088409" intensity="1.163351e-002" type="0"/>
    <Peak1D F1="8.071220" intensity="3.399451e-002" type="0"/>
    <Peak1D F1="8.050104" intensity="3.835219e-002" type="0"/>
    <Peak1D F1="8.021283" intensity="1.696896e+000" type="0"/>
    <Peak1D F1="8.016741" intensity="5.391691e-001" type="0"/>
    <Peak1D F1="7.999654" intensity="1.479171e+000" type="0"/>
    <Peak1D F1="7.994569" intensity="2.046644e-001" type="0"/>
    <Peak1D F1="7.970391" intensity="3.135160e-002" type="0"/>
    <Peak1D F1="7.950004" intensity="2.344463e-002" type="0"/>
    <Peak1D F1="7.811424" intensity="1.365101e-002" type="0"/>
    <Peak1D F1="7.787102" intensity="3.438354e-002" type="0"/>
    <Peak1D F1="7.768297" intensity="6.093400e-002" type="0"/>
    <Peak1D F1="7.750037" intensity="3.320700e-002" type="0"/>
    <Peak1D F1="7.521915" intensity="1.731851e-002" type="0"/>
    <Peak1D F1="7.499920" intensity="2.354540e-002" type="0"/>
    <Peak1D F1="7.481241" intensity="3.656445e-001" type="0"/>
    <Peak1D F1="7.459351" intensity="3.452183e-001" type="0"/>
    <Peak1D F1="7.453980" intensity="1.563655e-001" type="0"/>
    <Peak1D F1="7.442416" intensity="3.407919e-002" type="0"/>
    <Peak1D F1="7.435839" intensity="2.425445e-002" type="0"/>
    <Peak1D F1="7.421116" intensity="2.729810e-002" type="0"/>
    <Peak1D F1="7.405031" intensity="6.397238e-002" type="0"/>
    <Peak1D F1="7.387207" intensity="5.949930e-002" type="0"/>
    <Peak1D F1="7.371425" intensity="2.706432e-002" type="0"/>
    <Peak1D F1="7.366384" intensity="2.566524e-002" type="0"/>
    <Peak1D F1="7.293074" intensity="1.520330e-002" type="0"/>
    <Peak1D F1="7.245021" intensity="3.465101e-001" type="0"/>
    <Peak1D F1="7.232123" intensity="4.303784e-002" type="0"/>
    <Peak1D F1="7.195066" intensity="2.078265e+001" type="0"/>
    <Peak1D F1="7.175560" intensity="3.959496e-002" type="0"/>
    <Peak1D F1="7.170715" intensity="3.351542e-002" type="0"/>
    <Peak1D F1="7.154690" intensity="7.937227e-002" type="0"/>
    <Peak1D F1="7.144889" intensity="3.505553e-001" type="0"/>
    <Peak1D F1="7.136438" intensity="1.228394e-001" type="0"/>
    <Peak1D F1="7.118053" intensity="5.665402e-002" type="0"/>
    <Peak1D F1="7.094770" intensity="1.129857e-002" type="0"/>
    <Peak1D F1="7.005749" intensity="5.961394e-002" type="0"/>
    <Peak1D F1="6.978554" intensity="6.200168e-002" type="0"/>
    <Peak1D F1="6.957231" intensity="5.427736e-002" type="0"/>
    <Peak1D F1="6.931101" intensity="1.142341e-001" type="0"/>
    <Peak1D F1="6.313172" intensity="1.066401e-002" type="0"/>
    <Peak1D F1="6.215032" intensity="9.732197e-003" type="0"/>
    <Peak1D F1="6.117815" intensity="1.233102e-001" type="0"/>
    <Peak1D F1="6.096800" intensity="2.165280e-002" type="0"/>
    <Peak1D F1="6.068570" intensity="2.519927e-002" type="0"/>
    <Peak1D F1="6.049728" intensity="1.320177e-002" type="0"/>
    <Peak1D F1="6.018301" intensity="1.567008e+000" type="0"/>
    <Peak1D F1="5.968671" intensity="2.490869e-002" type="0"/>
    <Peak1D F1="5.350808" intensity="1.371829e-002" type="0"/>
    <Peak1D F1="5.143034" intensity="8.714586e-003" type="0"/>
    <Peak1D F1="5.127165" intensity="1.060530e-002" type="0"/>
    <Peak1D F1="5.044960" intensity="1.673248e-002" type="0"/>
    <Peak1D F1="5.015098" intensity="1.789381e-002" type="0"/>
    <Peak1D F1="4.969563" intensity="1.434218e-002" type="0"/>
    <Peak1D F1="4.950672" intensity="1.223139e-002" type="0"/>
    <Peak1D F1="4.904820" intensity="8.338988e-003" type="0"/>
    <Peak1D F1="4.873113" intensity="8.435149e-003" type="0"/>
    <Peak1D F1="4.836421" intensity="9.841035e-003" type="0"/>
    <Peak1D F1="4.791193" intensity="2.089068e-001" type="0"/>
    <Peak1D F1="4.768510" intensity="2.124621e-001" type="0"/>
    <Peak1D F1="4.739850" intensity="1.083061e-002" type="0"/>
    <Peak1D F1="4.711139" intensity="1.089664e-002" type="0"/>
    <Peak1D F1="4.695635" intensity="1.193642e-002" type="0"/>
    <Peak1D F1="4.666678" intensity="1.147585e-002" type="0"/>
    <Peak1D F1="4.641517" intensity="1.192764e-002" type="0"/>
    <Peak1D F1="4.612740" intensity="1.196392e-002" type="0"/>
    <Peak1D F1="4.529814" intensity="8.416470e-003" type="0"/>
    <Peak1D F1="3.879110" intensity="2.728694e-002" type="0"/>
    <Peak1D F1="3.862683" intensity="9.005792e-003" type="0"/>
    <Peak1D F1="3.844815" intensity="8.097342e-002" type="0"/>
    <Peak1D F1="3.823726" intensity="5.289842e-002" type="0"/>
    <Peak1D F1="3.812087" intensity="3.838970e-001" type="0"/>
    <Peak1D F1="3.751522" intensity="1.156593e-001" type="0"/>
    <Peak1D F1="3.745857" intensity="2.112957e-001" type="0"/>
    <Peak1D F1="3.701385" intensity="4.999099e+000" type="0"/>
    <Peak1D F1="3.662119" intensity="2.627557e-002" type="0"/>
    <Peak1D F1="3.651572" intensity="8.192270e-002" type="0"/>
    <Peak1D F1="3.625052" intensity="8.968259e-003" type="0"/>
    <Peak1D F1="3.519036" intensity="2.712546e-002" type="0"/>
    <Peak1D F1="3.448098" intensity="9.861347e-003" type="0"/>
    <Peak1D F1="3.420330" intensity="1.159769e-002" type="0"/>
    <Peak1D F1="2.433710" intensity="3.896368e-002" type="0"/>
    <Peak1D F1="2.417957" intensity="4.016532e-002" type="0"/>
    <Peak1D F1="2.388637" intensity="5.938974e-002" type="0"/>
    <Peak1D F1="2.365787" intensity="6.233177e-002" type="0"/>
    <Peak1D F1="2.350539" intensity="4.616289e-002" type="0"/>
    <Peak1D F1="2.328059" intensity="7.457802e-002" type="0"/>
    <Peak1D F1="2.320558" intensity="4.645743e-002" type="0"/>
    <Peak1D F1="2.308523" intensity="6.189611e-002" type="0"/>
    <Peak1D F1="2.298049" intensity="6.858511e-002" type="0"/>
    <Peak1D F1="2.277942" intensity="7.259517e-002" type="0"/>
    <Peak1D F1="2.256988" intensity="1.024694e-001" type="0"/>
    <Peak1D F1="2.229760" intensity="9.094129e-002" type="0"/>
    <Peak1D F1="2.204355" intensity="1.101915e-001" type="0"/>
    <Peak1D F1="2.195334" intensity="5.481618e-002" type="0"/>
    <Peak1D F1="2.177858" intensity="1.013660e-001" type="0"/>
    <Peak1D F1="2.167162" intensity="1.437891e-001" type="0"/>
    <Peak1D F1="2.147175" intensity="3.748476e-001" type="0"/>
    <Peak1D F1="2.116945" intensity="4.852145e+000" type="0"/>
    <Peak1D F1="2.097219" intensity="1.458757e+001" type="0"/>
    <Peak1D F1="2.086326" intensity="3.924451e+000" type="0"/>
    <Peak1D F1="2.078945" intensity="7.263354e+000" type="0"/>
    <Peak1D F1="2.047701" intensity="3.878720e-001" type="0"/>
    <Peak1D F1="2.028641" intensity="1.694127e-001" type="0"/>
    <Peak1D F1="1.960632" intensity="2.379987e-001" type="0"/>
    <Peak1D F1="1.949200" intensity="2.635853e-001" type="0"/>
    <Peak1D F1="1.941674" intensity="4.574389e-001" type="0"/>
    <Peak1D F1="1.932613" intensity="6.951571e-001" type="0"/>
    <Peak1D F1="1.925493" intensity="8.650712e-001" type="0"/>
    <Peak1D F1="1.921494" intensity="8.833123e-001" type="0"/>
    <Peak1D F1="1.911032" intensity="7.347434e+000" type="0"/>
    <Peak1D F1="1.900947" intensity="6.527084e+000" type="0"/>
    <Peak1D F1="1.891762" intensity="1.500000e+001" type="0"/>
    <Peak1D F1="1.882734" intensity="5.810895e+000" type="0"/>
    <Peak1D F1="1.872593" intensity="4.724398e+000" type="0"/>
    <Peak1D F1="1.860358" intensity="5.760690e-001" type="0"/>
    <Peak1D F1="1.850552" intensity="3.353951e-001" type="0"/>
    <Peak1D F1="1.842053" intensity="3.200162e-001" type="0"/>
    <Peak1D F1="1.832796" intensity="1.419813e-001" type="0"/>
    <Peak1D F1="1.822278" intensity="1.076479e-001" type="0"/>
    <Peak1D F1="1.789402" intensity="3.010939e-002" type="0"/>
    <Peak1D F1="1.760746" intensity="4.252783e-002" type="0"/>
    <Peak1D F1="1.742232" intensity="8.150496e-002" type="0"/>
    <Peak1D F1="1.724916" intensity="1.121114e-001" type="0"/>
    <Peak1D F1="1.707752" intensity="9.161230e-002" type="0"/>
    <Peak1D F1="1.688834" intensity="8.024044e-002" type="0"/>
    <Peak1D F1="1.681389" intensity="1.629317e-001" type="0"/>
    <Peak1D F1="1.671522" intensity="1.092207e-001" type="0"/>
    <Peak1D F1="1.657630" intensity="1.562229e-001" type="0"/>
    <Peak1D F1="1.636944" intensity="1.201544e-001" type="0"/>
    <Peak1D F1="1.621035" intensity="8.882082e-002" type="0"/>
    <Peak1D F1="1.581175" intensity="6.887057e-002" type="0"/>
    <Peak1D F1="1.536415" intensity="7.264397e-002" type="0"/>
    <Peak1D F1="1.520882" intensity="5.754552e-002" type="0"/>
    <Peak1D F1="1.512795" intensity="5.597897e-002" type="0"/>
    <Peak1D F1="1.501078" intensity="8.244166e-002" type="0"/>
    <Peak1D F1="1.484107" intensity="9.684276e-002" type="0"/>
    <Peak1D F1="1.471298" intensity="6.888900e-002" type="0"/>
    <Peak1D F1="1.454963" intensity="6.341935e-002" type="0"/>
    <Peak1D F1="1.423555" intensity="2.667828e-002" type="0"/>
    <Peak1D F1="1.338589" intensity="1.131707e-002" type="0"/>
    <Peak1D F1="1.296683" intensity="1.315048e-002" type="0"/>
    <Peak1D F1="1.237312" intensity="3.090809e-002" type="0"/>
    <Peak1D F1="1.184585" intensity="8.387332e-002" type="0"/>
    <Peak1D F1="1.140234" intensity="8.273018e-003" type="0"/>
    <Peak1D F1="1.132562" intensity="8.752805e-003" type="0"/>
    <Peak1D F1="0.813193" intensity="1.975494e-002" type="0"/>
    <Peak1D F1="0.774726" intensity="1.047099e-002" type="0"/>
    <Peak1D F1="0.061151" intensity="8.204175e-003" type="0"/>
    <Peak1D F1="-0.000151" intensity="2.228331e-001" type="0"/>
    <Peak1D F1="-2.762713" intensity="7.899195e-003" type="0"/>
  </PeakList1D>
</PeakList>
