<?xml version="1.0" encoding="UTF-8"?>
<PeakList>
  <PeakList1D>
    <PeakList1DHeader creator="nmr" date="2021-08-02T17:27:38.553+03:00" expNo="21" name="ID-420-G" owner="" procNo="1" source="//132.72.8.180/400b/Milo/Milo">
      <PeakPickDetails>F1=16.101820ppm, F2=-3.927225ppm, MI=0.00cm, MAXI=10000.00cm, PC=1.000
      </PeakPickDetails>
    </PeakList1DHeader>
    <Peak1D F1="15.786507" intensity="3.758890e-003" type="0"/>
    <Peak1D F1="13.060391" intensity="3.331246e-003" type="0"/>
    <Peak1D F1="10.887702" intensity="3.334968e-003" type="0"/>
    <Peak1D F1="10.093838" intensity="2.199699e-002" type="0"/>
    <Peak1D F1="9.268858" intensity="3.618365e-003" type="0"/>
    <Peak1D F1="8.421484" intensity="3.524881e-003" type="0"/>
    <Peak1D F1="8.388757" intensity="4.564642e-003" type="0"/>
    <Peak1D F1="8.370898" intensity="9.283851e-003" type="0"/>
    <Peak1D F1="8.363601" intensity="1.096380e-002" type="0"/>
    <Peak1D F1="8.346679" intensity="1.402751e-002" type="0"/>
    <Peak1D F1="8.341228" intensity="2.408683e-002" type="0"/>
    <Peak1D F1="8.320245" intensity="1.831385e-002" type="0"/>
    <Peak1D F1="8.246779" intensity="2.347089e-002" type="0"/>
    <Peak1D F1="8.236965" intensity="4.394947e-002" type="0"/>
    <Peak1D F1="8.215502" intensity="7.221796e-002" type="0"/>
    <Peak1D F1="8.208070" intensity="1.207523e-001" type="0"/>
    <Peak1D F1="8.190056" intensity="2.135541e-001" type="0"/>
    <Peak1D F1="8.186754" intensity="1.905470e-001" type="0"/>
    <Peak1D F1="8.173221" intensity="1.995460e-001" type="0"/>
    <Peak1D F1="8.169899" intensity="1.941677e-001" type="0"/>
    <Peak1D F1="8.157548" intensity="2.364724e+000" type="0"/>
    <Peak1D F1="8.152694" intensity="9.812171e-001" type="0"/>
    <Peak1D F1="8.135773" intensity="2.494456e+000" type="0"/>
    <Peak1D F1="8.129868" intensity="6.343393e-001" type="0"/>
    <Peak1D F1="8.107036" intensity="9.107280e-002" type="0"/>
    <Peak1D F1="8.085866" intensity="3.688089e-002" type="0"/>
    <Peak1D F1="8.057721" intensity="4.729560e-003" type="0"/>
    <Peak1D F1="8.036791" intensity="4.130506e-003" type="0"/>
    <Peak1D F1="8.020247" intensity="1.788663e-002" type="0"/>
    <Peak1D F1="7.998860" intensity="1.612426e-002" type="0"/>
    <Peak1D F1="7.976500" intensity="5.913274e-003" type="0"/>
    <Peak1D F1="7.956336" intensity="6.597885e-003" type="0"/>
    <Peak1D F1="7.942130" intensity="2.644095e-002" type="0"/>
    <Peak1D F1="7.920130" intensity="3.360511e-002" type="0"/>
    <Peak1D F1="7.900889" intensity="8.212979e-003" type="0"/>
    <Peak1D F1="7.887714" intensity="5.828873e-003" type="0"/>
    <Peak1D F1="7.862341" intensity="9.492641e-003" type="0"/>
    <Peak1D F1="7.845117" intensity="1.406583e-002" type="0"/>
    <Peak1D F1="7.827051" intensity="7.621095e-003" type="0"/>
    <Peak1D F1="7.817240" intensity="7.780860e-003" type="0"/>
    <Peak1D F1="7.797478" intensity="5.285215e-003" type="0"/>
    <Peak1D F1="7.721330" intensity="4.428863e-002" type="0"/>
    <Peak1D F1="7.701420" intensity="1.329509e-001" type="0"/>
    <Peak1D F1="7.682392" intensity="1.148929e-001" type="0"/>
    <Peak1D F1="7.663112" intensity="1.759256e-002" type="0"/>
    <Peak1D F1="7.644478" intensity="2.179421e-002" type="0"/>
    <Peak1D F1="7.620945" intensity="3.030260e-002" type="0"/>
    <Peak1D F1="7.608876" intensity="5.781436e-002" type="0"/>
    <Peak1D F1="7.586886" intensity="6.520635e-002" type="0"/>
    <Peak1D F1="7.573706" intensity="3.220889e-002" type="0"/>
    <Peak1D F1="7.556080" intensity="6.809192e-002" type="0"/>
    <Peak1D F1="7.537466" intensity="1.255176e-001" type="0"/>
    <Peak1D F1="7.529411" intensity="1.210853e-001" type="0"/>
    <Peak1D F1="7.518782" intensity="1.240624e-001" type="0"/>
    <Peak1D F1="7.507523" intensity="1.193755e-001" type="0"/>
    <Peak1D F1="7.496446" intensity="9.263384e-002" type="0"/>
    <Peak1D F1="7.480464" intensity="2.445825e+000" type="0"/>
    <Peak1D F1="7.463016" intensity="1.202222e+000" type="0"/>
    <Peak1D F1="7.458528" intensity="2.363019e+000" type="0"/>
    <Peak1D F1="7.445555" intensity="3.136830e-001" type="0"/>
    <Peak1D F1="7.441475" intensity="3.377115e-001" type="0"/>
    <Peak1D F1="7.427437" intensity="1.219215e-001" type="0"/>
    <Peak1D F1="7.407984" intensity="1.065062e-001" type="0"/>
    <Peak1D F1="7.388958" intensity="5.991502e-002" type="0"/>
    <Peak1D F1="7.365439" intensity="6.664023e-002" type="0"/>
    <Peak1D F1="7.349038" intensity="1.366741e-001" type="0"/>
    <Peak1D F1="7.331214" intensity="1.551652e-001" type="0"/>
    <Peak1D F1="7.313472" intensity="5.967339e-002" type="0"/>
    <Peak1D F1="7.273814" intensity="1.768594e-002" type="0"/>
    <Peak1D F1="7.246734" intensity="1.302767e-001" type="0"/>
    <Peak1D F1="7.196858" intensity="7.368909e+000" type="0"/>
    <Peak1D F1="7.162923" intensity="9.983024e-003" type="0"/>
    <Peak1D F1="7.146764" intensity="1.111254e-001" type="0"/>
    <Peak1D F1="6.932783" intensity="3.624734e-002" type="0"/>
    <Peak1D F1="6.777780" intensity="4.472145e-003" type="0"/>
    <Peak1D F1="6.315667" intensity="3.371651e-003" type="0"/>
    <Peak1D F1="6.216767" intensity="8.751557e-003" type="0"/>
    <Peak1D F1="6.210936" intensity="3.725652e-003" type="0"/>
    <Peak1D F1="6.117628" intensity="7.919535e-002" type="0"/>
    <Peak1D F1="6.095615" intensity="4.392411e-003" type="0"/>
    <Peak1D F1="6.067491" intensity="5.104135e-002" type="0"/>
    <Peak1D F1="6.054975" intensity="2.391852e-002" type="0"/>
    <Peak1D F1="6.047998" intensity="2.513853e-002" type="0"/>
    <Peak1D F1="6.017389" intensity="3.097944e+000" type="0"/>
    <Peak1D F1="5.967474" intensity="4.374375e-002" type="0"/>
    <Peak1D F1="5.955112" intensity="2.608719e-002" type="0"/>
    <Peak1D F1="5.943962" intensity="2.523326e-002" type="0"/>
    <Peak1D F1="5.816000" intensity="1.548745e-002" type="0"/>
    <Peak1D F1="5.773268" intensity="4.730173e-003" type="0"/>
    <Peak1D F1="5.767399" intensity="5.750354e-003" type="0"/>
    <Peak1D F1="5.731453" intensity="3.813677e-003" type="0"/>
    <Peak1D F1="5.698380" intensity="4.090675e-003" type="0"/>
    <Peak1D F1="5.672071" intensity="8.000832e-003" type="0"/>
    <Peak1D F1="5.645359" intensity="9.503055e-003" type="0"/>
    <Peak1D F1="5.606587" intensity="3.842922e-003" type="0"/>
    <Peak1D F1="5.580923" intensity="3.854990e-003" type="0"/>
    <Peak1D F1="5.540924" intensity="3.877507e-003" type="0"/>
    <Peak1D F1="5.490961" intensity="5.736258e-003" type="0"/>
    <Peak1D F1="5.484792" intensity="5.972828e-003" type="0"/>
    <Peak1D F1="5.447717" intensity="5.843043e-003" type="0"/>
    <Peak1D F1="5.434554" intensity="5.036688e-003" type="0"/>
    <Peak1D F1="5.407801" intensity="7.221571e-003" type="0"/>
    <Peak1D F1="5.396275" intensity="6.861898e-003" type="0"/>
    <Peak1D F1="5.384986" intensity="1.329001e-002" type="0"/>
    <Peak1D F1="5.355205" intensity="1.436996e-001" type="0"/>
    <Peak1D F1="5.347818" intensity="1.408727e-001" type="0"/>
    <Peak1D F1="5.318385" intensity="3.745358e-003" type="0"/>
    <Peak1D F1="5.296515" intensity="4.229303e-003" type="0"/>
    <Peak1D F1="5.263966" intensity="3.629943e-003" type="0"/>
    <Peak1D F1="5.215289" intensity="4.011219e-003" type="0"/>
    <Peak1D F1="5.166959" intensity="4.117551e-003" type="0"/>
    <Peak1D F1="5.134297" intensity="6.057453e-003" type="0"/>
    <Peak1D F1="5.119924" intensity="6.715705e-003" type="0"/>
    <Peak1D F1="5.107578" intensity="4.471291e-003" type="0"/>
    <Peak1D F1="5.069775" intensity="4.431614e-003" type="0"/>
    <Peak1D F1="5.052007" intensity="3.970778e-003" type="0"/>
    <Peak1D F1="5.046931" intensity="4.141130e-003" type="0"/>
    <Peak1D F1="5.035733" intensity="4.263712e-003" type="0"/>
    <Peak1D F1="5.019757" intensity="5.695336e-003" type="0"/>
    <Peak1D F1="5.003341" intensity="5.827744e-003" type="0"/>
    <Peak1D F1="4.971930" intensity="1.162876e-002" type="0"/>
    <Peak1D F1="4.965546" intensity="8.609734e-003" type="0"/>
    <Peak1D F1="4.948372" intensity="1.338766e-002" type="0"/>
    <Peak1D F1="4.892071" intensity="1.545687e-002" type="0"/>
    <Peak1D F1="4.871353" intensity="1.778686e-002" type="0"/>
    <Peak1D F1="4.841842" intensity="4.033702e-002" type="0"/>
    <Peak1D F1="4.819246" intensity="4.531911e-002" type="0"/>
    <Peak1D F1="4.792346" intensity="1.335542e+000" type="0"/>
    <Peak1D F1="4.769576" intensity="1.360083e+000" type="0"/>
    <Peak1D F1="4.742709" intensity="4.726084e-002" type="0"/>
    <Peak1D F1="4.720113" intensity="4.900110e-002" type="0"/>
    <Peak1D F1="4.692864" intensity="3.213878e-002" type="0"/>
    <Peak1D F1="4.663789" intensity="3.342339e-002" type="0"/>
    <Peak1D F1="4.617135" intensity="3.184384e-002" type="0"/>
    <Peak1D F1="4.608783" intensity="3.639292e-002" type="0"/>
    <Peak1D F1="4.586468" intensity="3.438343e-002" type="0"/>
    <Peak1D F1="4.547149" intensity="2.472387e-002" type="0"/>
    <Peak1D F1="4.520935" intensity="2.207518e-002" type="0"/>
    <Peak1D F1="4.487412" intensity="1.750175e-002" type="0"/>
    <Peak1D F1="4.440042" intensity="1.445479e-002" type="0"/>
    <Peak1D F1="4.410202" intensity="1.291104e-002" type="0"/>
    <Peak1D F1="4.390886" intensity="1.150819e-002" type="0"/>
    <Peak1D F1="4.345064" intensity="8.222887e-003" type="0"/>
    <Peak1D F1="4.333099" intensity="7.755966e-003" type="0"/>
    <Peak1D F1="4.298891" intensity="7.326503e-003" type="0"/>
    <Peak1D F1="4.280053" intensity="7.395363e-003" type="0"/>
    <Peak1D F1="4.259585" intensity="6.303256e-003" type="0"/>
    <Peak1D F1="4.242888" intensity="7.251074e-003" type="0"/>
    <Peak1D F1="4.221944" intensity="5.735746e-003" type="0"/>
    <Peak1D F1="4.196830" intensity="5.435831e-003" type="0"/>
    <Peak1D F1="4.178349" intensity="5.124221e-003" type="0"/>
    <Peak1D F1="4.157711" intensity="3.945520e-003" type="0"/>
    <Peak1D F1="4.143075" intensity="4.854147e-003" type="0"/>
    <Peak1D F1="4.122330" intensity="4.415646e-003" type="0"/>
    <Peak1D F1="4.105739" intensity="4.495807e-003" type="0"/>
    <Peak1D F1="4.082825" intensity="3.685027e-003" type="0"/>
    <Peak1D F1="4.051288" intensity="3.819271e-003" type="0"/>
    <Peak1D F1="4.047920" intensity="4.472102e-003" type="0"/>
    <Peak1D F1="4.003572" intensity="3.446266e-003" type="0"/>
    <Peak1D F1="3.947679" intensity="1.134502e-002" type="0"/>
    <Peak1D F1="3.877567" intensity="4.945155e-002" type="0"/>
    <Peak1D F1="3.860999" intensity="5.928273e-003" type="0"/>
    <Peak1D F1="3.843686" intensity="3.547766e-002" type="0"/>
    <Peak1D F1="3.822432" intensity="2.382521e-002" type="0"/>
    <Peak1D F1="3.810774" intensity="2.405965e-001" type="0"/>
    <Peak1D F1="3.796136" intensity="8.119383e-003" type="0"/>
    <Peak1D F1="3.749909" intensity="1.614757e-001" type="0"/>
    <Peak1D F1="3.744998" intensity="1.475818e-001" type="0"/>
    <Peak1D F1="3.700133" intensity="9.447771e+000" type="0"/>
    <Peak1D F1="3.649985" intensity="1.415049e-001" type="0"/>
    <Peak1D F1="3.619897" intensity="5.235697e-003" type="0"/>
    <Peak1D F1="3.601258" intensity="7.206142e-003" type="0"/>
    <Peak1D F1="3.574489" intensity="3.717549e-003" type="0"/>
    <Peak1D F1="3.558543" intensity="4.503578e-003" type="0"/>
    <Peak1D F1="3.542134" intensity="3.339525e-003" type="0"/>
    <Peak1D F1="3.517892" intensity="4.959464e-002" type="0"/>
    <Peak1D F1="3.500004" intensity="3.670394e-003" type="0"/>
    <Peak1D F1="3.416348" intensity="2.125185e-002" type="0"/>
    <Peak1D F1="3.176428" intensity="4.149266e-003" type="0"/>
    <Peak1D F1="3.162179" intensity="3.776687e-003" type="0"/>
    <Peak1D F1="3.130563" intensity="8.483709e-003" type="0"/>
    <Peak1D F1="2.961541" intensity="1.600535e-002" type="0"/>
    <Peak1D F1="2.953901" intensity="1.544971e-002" type="0"/>
    <Peak1D F1="2.942072" intensity="2.937837e-002" type="0"/>
    <Peak1D F1="2.935309" intensity="3.010498e-002" type="0"/>
    <Peak1D F1="2.924814" intensity="1.682572e-002" type="0"/>
    <Peak1D F1="2.918449" intensity="1.623203e-002" type="0"/>
    <Peak1D F1="2.803812" intensity="7.591679e-003" type="0"/>
    <Peak1D F1="2.790606" intensity="1.022187e-002" type="0"/>
    <Peak1D F1="2.778203" intensity="1.443841e-002" type="0"/>
    <Peak1D F1="2.765423" intensity="1.324185e-002" type="0"/>
    <Peak1D F1="2.753513" intensity="1.380904e-002" type="0"/>
    <Peak1D F1="2.742751" intensity="1.038468e-002" type="0"/>
    <Peak1D F1="2.713260" intensity="5.382486e-003" type="0"/>
    <Peak1D F1="2.648383" intensity="4.914071e-003" type="0"/>
    <Peak1D F1="2.628391" intensity="4.416964e-003" type="0"/>
    <Peak1D F1="2.608294" intensity="4.475043e-003" type="0"/>
    <Peak1D F1="2.597584" intensity="4.870815e-003" type="0"/>
    <Peak1D F1="2.458426" intensity="1.832659e-002" type="0"/>
    <Peak1D F1="2.435904" intensity="2.225446e-001" type="0"/>
    <Peak1D F1="2.430976" intensity="2.452227e-001" type="0"/>
    <Peak1D F1="2.415436" intensity="2.623200e-001" type="0"/>
    <Peak1D F1="2.410255" intensity="2.902388e-001" type="0"/>
    <Peak1D F1="2.386425" intensity="3.702167e-001" type="0"/>
    <Peak1D F1="2.382829" intensity="3.399581e-001" type="0"/>
    <Peak1D F1="2.361898" intensity="4.223389e-001" type="0"/>
    <Peak1D F1="2.352359" intensity="2.815824e-001" type="0"/>
    <Peak1D F1="2.329474" intensity="4.557735e-001" type="0"/>
    <Peak1D F1="2.321949" intensity="2.645732e-001" type="0"/>
    <Peak1D F1="2.318723" intensity="2.348953e-001" type="0"/>
    <Peak1D F1="2.309570" intensity="3.568421e-001" type="0"/>
    <Peak1D F1="2.306338" intensity="3.244568e-001" type="0"/>
    <Peak1D F1="2.299268" intensity="4.172781e-001" type="0"/>
    <Peak1D F1="2.279227" intensity="2.688746e-001" type="0"/>
    <Peak1D F1="2.250336" intensity="4.066544e-001" type="0"/>
    <Peak1D F1="2.235952" intensity="1.088306e-001" type="0"/>
    <Peak1D F1="2.227940" intensity="4.783059e-001" type="0"/>
    <Peak1D F1="2.224051" intensity="4.730844e-001" type="0"/>
    <Peak1D F1="2.201395" intensity="5.996143e-001" type="0"/>
    <Peak1D F1="2.193788" intensity="1.343051e-001" type="0"/>
    <Peak1D F1="2.179860" intensity="3.316741e-001" type="0"/>
    <Peak1D F1="2.175396" intensity="3.323945e-001" type="0"/>
    <Peak1D F1="2.165699" intensity="1.527580e-001" type="0"/>
    <Peak1D F1="2.152793" intensity="4.531485e-001" type="0"/>
    <Peak1D F1="2.145747" intensity="3.930057e-001" type="0"/>
    <Peak1D F1="2.115615" intensity="4.625897e+000" type="0"/>
    <Peak1D F1="2.095976" intensity="1.455880e+001" type="0"/>
    <Peak1D F1="2.084385" intensity="3.753813e+000" type="0"/>
    <Peak1D F1="2.077236" intensity="7.150730e+000" type="0"/>
    <Peak1D F1="2.055790" intensity="3.659393e-001" type="0"/>
    <Peak1D F1="2.051744" intensity="3.743182e-001" type="0"/>
    <Peak1D F1="2.049299" intensity="3.717039e-001" type="0"/>
    <Peak1D F1="2.046273" intensity="4.033316e-001" type="0"/>
    <Peak1D F1="2.027844" intensity="1.876199e-001" type="0"/>
    <Peak1D F1="2.001764" intensity="9.287237e-002" type="0"/>
    <Peak1D F1="1.985242" intensity="2.498568e-001" type="0"/>
    <Peak1D F1="1.968591" intensity="2.776868e-001" type="0"/>
    <Peak1D F1="1.963169" intensity="3.894393e-001" type="0"/>
    <Peak1D F1="1.957887" intensity="4.942901e-001" type="0"/>
    <Peak1D F1="1.953003" intensity="4.849015e-001" type="0"/>
    <Peak1D F1="1.948247" intensity="5.038003e-001" type="0"/>
    <Peak1D F1="1.940930" intensity="7.614099e-001" type="0"/>
    <Peak1D F1="1.931888" intensity="9.151912e-001" type="0"/>
    <Peak1D F1="1.925258" intensity="9.529305e-001" type="0"/>
    <Peak1D F1="1.920109" intensity="9.191702e-001" type="0"/>
    <Peak1D F1="1.910423" intensity="7.353372e+000" type="0"/>
    <Peak1D F1="1.900387" intensity="6.116075e+000" type="0"/>
    <Peak1D F1="1.899352" intensity="6.096427e+000" type="0"/>
    <Peak1D F1="1.890904" intensity="1.500000e+001" type="0"/>
    <Peak1D F1="1.881555" intensity="5.569748e+000" type="0"/>
    <Peak1D F1="1.871531" intensity="4.724422e+000" type="0"/>
    <Peak1D F1="1.859357" intensity="6.054069e-001" type="0"/>
    <Peak1D F1="1.849190" intensity="3.621821e-001" type="0"/>
    <Peak1D F1="1.841084" intensity="3.424768e-001" type="0"/>
    <Peak1D F1="1.831726" intensity="1.647759e-001" type="0"/>
    <Peak1D F1="1.821594" intensity="1.311307e-001" type="0"/>
    <Peak1D F1="1.810802" intensity="6.582265e-002" type="0"/>
    <Peak1D F1="1.791308" intensity="5.639294e-002" type="0"/>
    <Peak1D F1="1.780576" intensity="5.540254e-002" type="0"/>
    <Peak1D F1="1.774491" intensity="5.284758e-002" type="0"/>
    <Peak1D F1="1.759777" intensity="6.464229e-002" type="0"/>
    <Peak1D F1="1.744677" intensity="1.487322e-001" type="0"/>
    <Peak1D F1="1.729042" intensity="1.896737e-001" type="0"/>
    <Peak1D F1="1.723886" intensity="2.055744e-001" type="0"/>
    <Peak1D F1="1.716779" intensity="2.128664e-001" type="0"/>
    <Peak1D F1="1.707782" intensity="2.481903e-001" type="0"/>
    <Peak1D F1="1.700895" intensity="3.812188e-001" type="0"/>
    <Peak1D F1="1.697389" intensity="3.354011e-001" type="0"/>
    <Peak1D F1="1.689357" intensity="2.669084e-001" type="0"/>
    <Peak1D F1="1.681596" intensity="8.300116e-001" type="0"/>
    <Peak1D F1="1.670879" intensity="5.417796e-001" type="0"/>
    <Peak1D F1="1.658368" intensity="7.802552e-001" type="0"/>
    <Peak1D F1="1.653676" intensity="6.196467e-001" type="0"/>
    <Peak1D F1="1.642407" intensity="4.517270e-001" type="0"/>
    <Peak1D F1="1.637940" intensity="5.114578e-001" type="0"/>
    <Peak1D F1="1.633428" intensity="3.388367e-001" type="0"/>
    <Peak1D F1="1.626477" intensity="2.100249e-001" type="0"/>
    <Peak1D F1="1.622112" intensity="2.237305e-001" type="0"/>
    <Peak1D F1="1.617658" intensity="2.064298e-001" type="0"/>
    <Peak1D F1="1.600274" intensity="5.268352e-002" type="0"/>
    <Peak1D F1="1.586173" intensity="4.862257e-002" type="0"/>
    <Peak1D F1="1.568293" intensity="3.956181e-002" type="0"/>
    <Peak1D F1="1.552976" intensity="3.943020e-002" type="0"/>
    <Peak1D F1="1.535408" intensity="2.027089e-001" type="0"/>
    <Peak1D F1="1.519772" intensity="1.435482e-001" type="0"/>
    <Peak1D F1="1.512518" intensity="1.728571e-001" type="0"/>
    <Peak1D F1="1.501371" intensity="3.879200e-001" type="0"/>
    <Peak1D F1="1.492136" intensity="1.223992e-001" type="0"/>
    <Peak1D F1="1.483853" intensity="4.718985e-001" type="0"/>
    <Peak1D F1="1.471021" intensity="3.259452e-001" type="0"/>
    <Peak1D F1="1.454191" intensity="3.316380e-001" type="0"/>
    <Peak1D F1="1.442548" intensity="6.700259e-002" type="0"/>
    <Peak1D F1="1.436235" intensity="1.004913e-001" type="0"/>
    <Peak1D F1="1.424316" intensity="1.116715e-001" type="0"/>
    <Peak1D F1="1.404512" intensity="2.574372e-002" type="0"/>
    <Peak1D F1="1.370610" intensity="1.813285e-002" type="0"/>
    <Peak1D F1="1.355744" intensity="1.657670e-002" type="0"/>
    <Peak1D F1="1.340674" intensity="1.977843e-002" type="0"/>
    <Peak1D F1="1.325479" intensity="1.830097e-002" type="0"/>
    <Peak1D F1="1.310872" intensity="1.899648e-002" type="0"/>
    <Peak1D F1="1.264470" intensity="3.170126e-002" type="0"/>
    <Peak1D F1="1.236365" intensity="5.484274e-002" type="0"/>
    <Peak1D F1="1.214759" intensity="5.523276e-002" type="0"/>
    <Peak1D F1="1.183950" intensity="1.385234e-001" type="0"/>
    <Peak1D F1="1.153797" intensity="1.439463e-002" type="0"/>
    <Peak1D F1="1.138448" intensity="1.079847e-002" type="0"/>
    <Peak1D F1="1.093979" intensity="7.331403e-003" type="0"/>
    <Peak1D F1="1.049207" intensity="7.129652e-003" type="0"/>
    <Peak1D F1="1.024335" intensity="6.203536e-003" type="0"/>
    <Peak1D F1="1.006347" intensity="5.442947e-003" type="0"/>
    <Peak1D F1="0.995516" intensity="5.807834e-003" type="0"/>
    <Peak1D F1="0.988483" intensity="5.576171e-003" type="0"/>
    <Peak1D F1="0.969224" intensity="5.793180e-003" type="0"/>
    <Peak1D F1="0.923027" intensity="5.533950e-003" type="0"/>
    <Peak1D F1="0.891644" intensity="4.717289e-003" type="0"/>
    <Peak1D F1="0.825679" intensity="2.103186e-002" type="0"/>
    <Peak1D F1="0.809711" intensity="3.966977e-002" type="0"/>
    <Peak1D F1="0.792274" intensity="1.963006e-002" type="0"/>
    <Peak1D F1="0.775837" intensity="1.270548e-002" type="0"/>
    <Peak1D F1="0.757480" intensity="1.158553e-002" type="0"/>
    <Peak1D F1="0.735294" intensity="7.431616e-003" type="0"/>
    <Peak1D F1="0.718898" intensity="5.248745e-003" type="0"/>
    <Peak1D F1="0.693450" intensity="3.927831e-003" type="0"/>
    <Peak1D F1="0.680961" intensity="4.021589e-003" type="0"/>
    <Peak1D F1="0.629040" intensity="3.395692e-003" type="0"/>
    <Peak1D F1="0.605630" intensity="4.300364e-003" type="0"/>
    <Peak1D F1="0.562084" intensity="3.676082e-003" type="0"/>
    <Peak1D F1="0.514425" intensity="3.531317e-003" type="0"/>
    <Peak1D F1="0.501591" intensity="3.488709e-003" type="0"/>
    <Peak1D F1="0.461285" intensity="3.251235e-003" type="0"/>
    <Peak1D F1="0.294195" intensity="4.671833e-003" type="0"/>
    <Peak1D F1="0.117717" intensity="3.703525e-003" type="0"/>
    <Peak1D F1="0.051378" intensity="4.636584e-003" type="0"/>
    <Peak1D F1="0.016236" intensity="5.007232e-003" type="0"/>
    <Peak1D F1="-0.000154" intensity="2.619862e-001" type="0"/>
    <Peak1D F1="-0.048212" intensity="3.871748e-003" type="0"/>
    <Peak1D F1="-3.054250" intensity="3.210941e-003" type="0"/>
    <Peak1D F1="-3.406342" intensity="3.305193e-003" type="0"/>
  </PeakList1D>
</PeakList>
