<?xml version="1.0" encoding="UTF-8"?>
<PeakList>
  <PeakList1D>
    <PeakList1DHeader creator="nmr" date="2021-08-03T09:35:04.873+03:00" expNo="20" name="ID-420-O" owner="" procNo="1" source="//132.72.8.180/400b/Milo/Milo">
      <PeakPickDetails>F1=16.099199ppm, F2=-3.929846ppm, MI=0.00cm, MAXI=10000.00cm, PC=1.000
      </PeakPickDetails>
    </PeakList1DHeader>
    <Peak1D F1="13.457253" intensity="9.680973e-003" type="0"/>
    <Peak1D F1="10.093607" intensity="8.415437e-002" type="0"/>
    <Peak1D F1="8.370659" intensity="1.885630e-002" type="0"/>
    <Peak1D F1="8.341496" intensity="6.744262e-002" type="0"/>
    <Peak1D F1="8.319925" intensity="6.266651e-002" type="0"/>
    <Peak1D F1="8.238799" intensity="5.232326e-002" type="0"/>
    <Peak1D F1="8.217120" intensity="8.112669e-002" type="0"/>
    <Peak1D F1="8.208579" intensity="1.671474e-001" type="0"/>
    <Peak1D F1="8.186603" intensity="2.020499e-001" type="0"/>
    <Peak1D F1="8.170321" intensity="2.870513e-001" type="0"/>
    <Peak1D F1="8.158829" intensity="3.369257e+000" type="0"/>
    <Peak1D F1="8.136862" intensity="3.819995e+000" type="0"/>
    <Peak1D F1="8.115449" intensity="7.632715e-002" type="0"/>
    <Peak1D F1="8.108880" intensity="7.309227e-002" type="0"/>
    <Peak1D F1="8.086755" intensity="6.105958e-002" type="0"/>
    <Peak1D F1="8.063652" intensity="9.593284e-003" type="0"/>
    <Peak1D F1="8.042699" intensity="1.251043e-002" type="0"/>
    <Peak1D F1="8.020071" intensity="7.125088e-002" type="0"/>
    <Peak1D F1="7.998302" intensity="6.139981e-002" type="0"/>
    <Peak1D F1="7.918212" intensity="2.940899e-002" type="0"/>
    <Peak1D F1="7.896886" intensity="2.118761e-002" type="0"/>
    <Peak1D F1="7.862252" intensity="1.101943e-002" type="0"/>
    <Peak1D F1="7.845461" intensity="1.289998e-002" type="0"/>
    <Peak1D F1="7.827055" intensity="1.191098e-002" type="0"/>
    <Peak1D F1="7.808947" intensity="1.381130e-002" type="0"/>
    <Peak1D F1="7.724509" intensity="3.117180e-002" type="0"/>
    <Peak1D F1="7.707840" intensity="1.096923e-001" type="0"/>
    <Peak1D F1="7.690112" intensity="1.561694e-001" type="0"/>
    <Peak1D F1="7.674419" intensity="9.992717e-002" type="0"/>
    <Peak1D F1="7.608317" intensity="8.767889e-002" type="0"/>
    <Peak1D F1="7.586308" intensity="8.568744e-002" type="0"/>
    <Peak1D F1="7.556300" intensity="4.837435e-002" type="0"/>
    <Peak1D F1="7.541389" intensity="6.030559e-002" type="0"/>
    <Peak1D F1="7.529194" intensity="7.855292e-002" type="0"/>
    <Peak1D F1="7.509742" intensity="1.225062e-001" type="0"/>
    <Peak1D F1="7.479899" intensity="3.732410e+000" type="0"/>
    <Peak1D F1="7.458041" intensity="3.506743e+000" type="0"/>
    <Peak1D F1="7.439943" intensity="3.883772e-001" type="0"/>
    <Peak1D F1="7.407935" intensity="6.402770e-002" type="0"/>
    <Peak1D F1="7.324342" intensity="4.750285e-002" type="0"/>
    <Peak1D F1="7.274517" intensity="2.542525e-002" type="0"/>
    <Peak1D F1="7.244106" intensity="1.231869e-001" type="0"/>
    <Peak1D F1="7.194059" intensity="8.876134e+000" type="0"/>
    <Peak1D F1="7.172212" intensity="1.842619e-002" type="0"/>
    <Peak1D F1="7.144120" intensity="3.101997e-001" type="0"/>
    <Peak1D F1="7.122776" intensity="3.248974e-001" type="0"/>
    <Peak1D F1="7.100875" intensity="1.799733e-001" type="0"/>
    <Peak1D F1="7.063010" intensity="3.122140e-002" type="0"/>
    <Peak1D F1="7.045644" intensity="6.439858e-002" type="0"/>
    <Peak1D F1="7.034625" intensity="1.200853e-001" type="0"/>
    <Peak1D F1="7.025782" intensity="8.679123e-002" type="0"/>
    <Peak1D F1="7.012525" intensity="2.002602e-001" type="0"/>
    <Peak1D F1="6.990361" intensity="1.126136e-001" type="0"/>
    <Peak1D F1="6.930121" intensity="4.955510e-002" type="0"/>
    <Peak1D F1="6.846436" intensity="1.077790e-002" type="0"/>
    <Peak1D F1="6.313198" intensity="1.227777e-002" type="0"/>
    <Peak1D F1="6.215605" intensity="1.253331e-002" type="0"/>
    <Peak1D F1="6.117657" intensity="1.551637e-001" type="0"/>
    <Peak1D F1="6.068494" intensity="6.905831e-002" type="0"/>
    <Peak1D F1="6.018238" intensity="4.750527e+000" type="0"/>
    <Peak1D F1="5.968577" intensity="7.315917e-002" type="0"/>
    <Peak1D F1="5.899238" intensity="2.591279e-002" type="0"/>
    <Peak1D F1="5.886760" intensity="2.636790e-002" type="0"/>
    <Peak1D F1="5.815122" intensity="1.360301e-002" type="0"/>
    <Peak1D F1="5.791245" intensity="1.065854e-002" type="0"/>
    <Peak1D F1="5.603051" intensity="1.199387e-002" type="0"/>
    <Peak1D F1="5.398437" intensity="1.162204e-002" type="0"/>
    <Peak1D F1="5.373057" intensity="2.661586e-002" type="0"/>
    <Peak1D F1="5.356335" intensity="1.923525e-001" type="0"/>
    <Peak1D F1="5.349180" intensity="1.945988e-001" type="0"/>
    <Peak1D F1="5.289159" intensity="9.412393e-003" type="0"/>
    <Peak1D F1="5.107479" intensity="1.260328e-002" type="0"/>
    <Peak1D F1="4.968079" intensity="1.683315e-002" type="0"/>
    <Peak1D F1="4.944838" intensity="2.258785e-002" type="0"/>
    <Peak1D F1="4.888872" intensity="2.169928e-002" type="0"/>
    <Peak1D F1="4.866915" intensity="2.483219e-002" type="0"/>
    <Peak1D F1="4.839992" intensity="5.440186e-002" type="0"/>
    <Peak1D F1="4.815918" intensity="6.324175e-002" type="0"/>
    <Peak1D F1="4.789903" intensity="2.099421e+000" type="0"/>
    <Peak1D F1="4.767079" intensity="2.139689e+000" type="0"/>
    <Peak1D F1="4.739766" intensity="1.010294e-001" type="0"/>
    <Peak1D F1="4.715708" intensity="1.154148e-001" type="0"/>
    <Peak1D F1="4.672103" intensity="1.221479e-001" type="0"/>
    <Peak1D F1="4.662508" intensity="1.198006e-001" type="0"/>
    <Peak1D F1="4.583233" intensity="6.078706e-002" type="0"/>
    <Peak1D F1="4.503629" intensity="2.586827e-002" type="0"/>
    <Peak1D F1="4.497121" intensity="2.338780e-002" type="0"/>
    <Peak1D F1="4.449957" intensity="1.944327e-002" type="0"/>
    <Peak1D F1="4.388544" intensity="1.244322e-002" type="0"/>
    <Peak1D F1="4.371799" intensity="1.114761e-002" type="0"/>
    <Peak1D F1="4.338583" intensity="1.024900e-002" type="0"/>
    <Peak1D F1="4.282211" intensity="9.730311e-003" type="0"/>
    <Peak1D F1="3.878350" intensity="7.614104e-002" type="0"/>
    <Peak1D F1="3.844139" intensity="9.632380e-002" type="0"/>
    <Peak1D F1="3.823253" intensity="6.269699e-002" type="0"/>
    <Peak1D F1="3.811385" intensity="4.719469e-001" type="0"/>
    <Peak1D F1="3.750906" intensity="2.171752e-001" type="0"/>
    <Peak1D F1="3.745370" intensity="2.840395e-001" type="0"/>
    <Peak1D F1="3.700875" intensity="1.458347e+001" type="0"/>
    <Peak1D F1="3.651069" intensity="2.393298e-001" type="0"/>
    <Peak1D F1="3.624739" intensity="1.247138e-002" type="0"/>
    <Peak1D F1="3.518501" intensity="7.989830e-002" type="0"/>
    <Peak1D F1="3.131274" intensity="1.164708e-002" type="0"/>
    <Peak1D F1="2.960844" intensity="2.062977e-002" type="0"/>
    <Peak1D F1="2.953219" intensity="2.469426e-002" type="0"/>
    <Peak1D F1="2.942394" intensity="4.908080e-002" type="0"/>
    <Peak1D F1="2.935177" intensity="4.927590e-002" type="0"/>
    <Peak1D F1="2.923698" intensity="2.873415e-002" type="0"/>
    <Peak1D F1="2.917113" intensity="2.618161e-002" type="0"/>
    <Peak1D F1="2.746949" intensity="1.663700e-002" type="0"/>
    <Peak1D F1="2.597409" intensity="9.357900e-003" type="0"/>
    <Peak1D F1="2.552352" intensity="1.022706e-002" type="0"/>
    <Peak1D F1="2.506849" intensity="1.059113e-002" type="0"/>
    <Peak1D F1="2.464619" intensity="3.048841e-002" type="0"/>
    <Peak1D F1="2.433231" intensity="3.644107e-001" type="0"/>
    <Peak1D F1="2.416249" intensity="4.153214e-001" type="0"/>
    <Peak1D F1="2.412058" intensity="4.206147e-001" type="0"/>
    <Peak1D F1="2.388326" intensity="5.877412e-001" type="0"/>
    <Peak1D F1="2.363556" intensity="6.242164e-001" type="0"/>
    <Peak1D F1="2.350352" intensity="4.049181e-001" type="0"/>
    <Peak1D F1="2.327305" intensity="7.017655e-001" type="0"/>
    <Peak1D F1="2.319869" intensity="4.347284e-001" type="0"/>
    <Peak1D F1="2.316509" intensity="3.995431e-001" type="0"/>
    <Peak1D F1="2.307562" intensity="5.570146e-001" type="0"/>
    <Peak1D F1="2.304338" intensity="4.892283e-001" type="0"/>
    <Peak1D F1="2.297147" intensity="6.620068e-001" type="0"/>
    <Peak1D F1="2.277056" intensity="4.079460e-001" type="0"/>
    <Peak1D F1="2.252719" intensity="5.691183e-001" type="0"/>
    <Peak1D F1="2.228585" intensity="7.149858e-001" type="0"/>
    <Peak1D F1="2.226630" intensity="7.028775e-001" type="0"/>
    <Peak1D F1="2.203681" intensity="8.421812e-001" type="0"/>
    <Peak1D F1="2.182277" intensity="4.526619e-001" type="0"/>
    <Peak1D F1="2.177818" intensity="4.701060e-001" type="0"/>
    <Peak1D F1="2.155059" intensity="5.546142e-001" type="0"/>
    <Peak1D F1="2.149131" intensity="3.969530e-001" type="0"/>
    <Peak1D F1="2.116441" intensity="4.319990e+000" type="0"/>
    <Peak1D F1="2.100414" intensity="1.401212e+001" type="0"/>
    <Peak1D F1="2.099381" intensity="1.500000e+001" type="0"/>
    <Peak1D F1="2.096821" intensity="1.389819e+001" type="0"/>
    <Peak1D F1="2.085790" intensity="3.711324e+000" type="0"/>
    <Peak1D F1="2.078257" intensity="6.594133e+000" type="0"/>
    <Peak1D F1="2.051140" intensity="5.017250e-001" type="0"/>
    <Peak1D F1="2.049456" intensity="4.943673e-001" type="0"/>
    <Peak1D F1="2.040506" intensity="3.304053e-001" type="0"/>
    <Peak1D F1="2.028564" intensity="1.971254e-001" type="0"/>
    <Peak1D F1="2.021592" intensity="1.576969e-001" type="0"/>
    <Peak1D F1="2.001671" intensity="1.233934e-001" type="0"/>
    <Peak1D F1="1.986862" intensity="3.489242e-001" type="0"/>
    <Peak1D F1="1.958881" intensity="6.633481e-001" type="0"/>
    <Peak1D F1="1.955370" intensity="6.232226e-001" type="0"/>
    <Peak1D F1="1.948999" intensity="6.397098e-001" type="0"/>
    <Peak1D F1="1.941657" intensity="8.662816e-001" type="0"/>
    <Peak1D F1="1.932548" intensity="1.011575e+000" type="0"/>
    <Peak1D F1="1.926030" intensity="9.301332e-001" type="0"/>
    <Peak1D F1="1.920742" intensity="1.010618e+000" type="0"/>
    <Peak1D F1="1.910468" intensity="6.760987e+000" type="0"/>
    <Peak1D F1="1.900267" intensity="5.758856e+000" type="0"/>
    <Peak1D F1="1.891127" intensity="1.370761e+001" type="0"/>
    <Peak1D F1="1.882300" intensity="5.185205e+000" type="0"/>
    <Peak1D F1="1.880509" intensity="5.203506e+000" type="0"/>
    <Peak1D F1="1.871576" intensity="4.349633e+000" type="0"/>
    <Peak1D F1="1.859706" intensity="5.977442e-001" type="0"/>
    <Peak1D F1="1.850107" intensity="3.603193e-001" type="0"/>
    <Peak1D F1="1.841435" intensity="3.421897e-001" type="0"/>
    <Peak1D F1="1.832670" intensity="1.868348e-001" type="0"/>
    <Peak1D F1="1.822302" intensity="1.470220e-001" type="0"/>
    <Peak1D F1="1.807243" intensity="7.956675e-002" type="0"/>
    <Peak1D F1="1.794990" intensity="7.684130e-002" type="0"/>
    <Peak1D F1="1.786000" intensity="7.242493e-002" type="0"/>
    <Peak1D F1="1.759229" intensity="8.918020e-002" type="0"/>
    <Peak1D F1="1.745125" intensity="2.142546e-001" type="0"/>
    <Peak1D F1="1.729541" intensity="2.921543e-001" type="0"/>
    <Peak1D F1="1.724194" intensity="2.898453e-001" type="0"/>
    <Peak1D F1="1.716745" intensity="3.385622e-001" type="0"/>
    <Peak1D F1="1.708304" intensity="3.614190e-001" type="0"/>
    <Peak1D F1="1.700961" intensity="5.817375e-001" type="0"/>
    <Peak1D F1="1.697199" intensity="5.208493e-001" type="0"/>
    <Peak1D F1="1.687266" intensity="4.465417e-001" type="0"/>
    <Peak1D F1="1.680588" intensity="1.395728e+000" type="0"/>
    <Peak1D F1="1.674616" intensity="7.584441e-001" type="0"/>
    <Peak1D F1="1.670964" intensity="8.332903e-001" type="0"/>
    <Peak1D F1="1.656806" intensity="1.219319e+000" type="0"/>
    <Peak1D F1="1.640545" intensity="7.106125e-001" type="0"/>
    <Peak1D F1="1.636212" intensity="8.195877e-001" type="0"/>
    <Peak1D F1="1.632435" intensity="6.549573e-001" type="0"/>
    <Peak1D F1="1.624780" intensity="3.431063e-001" type="0"/>
    <Peak1D F1="1.620049" intensity="4.147048e-001" type="0"/>
    <Peak1D F1="1.616820" intensity="3.974526e-001" type="0"/>
    <Peak1D F1="1.585505" intensity="1.297342e-001" type="0"/>
    <Peak1D F1="1.550571" intensity="1.263219e-001" type="0"/>
    <Peak1D F1="1.534429" intensity="3.802447e-001" type="0"/>
    <Peak1D F1="1.519114" intensity="2.907850e-001" type="0"/>
    <Peak1D F1="1.511976" intensity="3.197486e-001" type="0"/>
    <Peak1D F1="1.500141" intensity="6.378810e-001" type="0"/>
    <Peak1D F1="1.482741" intensity="7.945743e-001" type="0"/>
    <Peak1D F1="1.470005" intensity="5.430000e-001" type="0"/>
    <Peak1D F1="1.453197" intensity="5.466613e-001" type="0"/>
    <Peak1D F1="1.440719" intensity="1.265962e-001" type="0"/>
    <Peak1D F1="1.434985" intensity="1.797853e-001" type="0"/>
    <Peak1D F1="1.423128" intensity="1.928096e-001" type="0"/>
    <Peak1D F1="1.341329" intensity="3.702164e-002" type="0"/>
    <Peak1D F1="1.327291" intensity="3.518309e-002" type="0"/>
    <Peak1D F1="1.237192" intensity="5.958655e-002" type="0"/>
    <Peak1D F1="1.185520" intensity="1.653053e-001" type="0"/>
    <Peak1D F1="1.137035" intensity="1.745654e-002" type="0"/>
    <Peak1D F1="1.099215" intensity="1.504581e-002" type="0"/>
    <Peak1D F1="1.076181" intensity="1.389134e-002" type="0"/>
    <Peak1D F1="1.045111" intensity="1.143019e-002" type="0"/>
    <Peak1D F1="1.009169" intensity="1.146521e-002" type="0"/>
    <Peak1D F1="0.990116" intensity="1.238381e-002" type="0"/>
    <Peak1D F1="0.967161" intensity="1.099936e-002" type="0"/>
    <Peak1D F1="0.943034" intensity="1.208744e-002" type="0"/>
    <Peak1D F1="0.917258" intensity="9.548669e-003" type="0"/>
    <Peak1D F1="0.885272" intensity="1.142262e-002" type="0"/>
    <Peak1D F1="0.826038" intensity="2.906894e-002" type="0"/>
    <Peak1D F1="0.810331" intensity="4.661634e-002" type="0"/>
    <Peak1D F1="0.792308" intensity="2.507214e-002" type="0"/>
    <Peak1D F1="0.773266" intensity="2.212317e-002" type="0"/>
    <Peak1D F1="0.735910" intensity="1.357482e-002" type="0"/>
    <Peak1D F1="0.699835" intensity="9.768200e-003" type="0"/>
    <Peak1D F1="0.569955" intensity="9.677997e-003" type="0"/>
    <Peak1D F1="0.538055" intensity="1.000052e-002" type="0"/>
    <Peak1D F1="-0.000154" intensity="4.603239e-001" type="0"/>
    <Peak1D F1="-0.049834" intensity="1.369709e-002" type="0"/>
    <Peak1D F1="-2.846018" intensity="9.225593e-003" type="0"/>
    <Peak1D F1="-3.329073" intensity="9.284435e-003" type="0"/>
    <Peak1D F1="-3.527416" intensity="9.611433e-003" type="0"/>
    <Peak1D F1="-3.593787" intensity="1.038101e-002" type="0"/>
  </PeakList1D>
</PeakList>
