<?xml version="1.0" encoding="UTF-8"?>
<PeakList>
  <PeakList1D>
    <PeakList1DHeader creator="nmr" date="2021-08-02T14:26:54.286+03:00" expNo="20" name="ID-420-B" owner="" procNo="1" source="//132.72.8.180/400b/Milo/Milo">
      <PeakPickDetails>F1=16.097549ppm, F2=-3.931496ppm, MI=0.00cm, MAXI=10000.00cm, PC=1.000
      </PeakPickDetails>
    </PeakList1DHeader>
    <Peak1D F1="12.754812" intensity="7.781631e-003" type="0"/>
    <Peak1D F1="10.093505" intensity="1.978034e-001" type="0"/>
    <Peak1D F1="8.391804" intensity="7.502039e-003" type="0"/>
    <Peak1D F1="8.364667" intensity="1.374897e-002" type="0"/>
    <Peak1D F1="8.341981" intensity="1.335506e-001" type="0"/>
    <Peak1D F1="8.320201" intensity="1.539321e-001" type="0"/>
    <Peak1D F1="8.273538" intensity="1.461598e-002" type="0"/>
    <Peak1D F1="8.252223" intensity="1.535114e-002" type="0"/>
    <Peak1D F1="8.242665" intensity="1.819435e-002" type="0"/>
    <Peak1D F1="8.230517" intensity="5.721899e-002" type="0"/>
    <Peak1D F1="8.209116" intensity="1.693487e-001" type="0"/>
    <Peak1D F1="8.192004" intensity="8.249927e-002" type="0"/>
    <Peak1D F1="8.187286" intensity="1.598392e-001" type="0"/>
    <Peak1D F1="8.165032" intensity="4.576426e-001" type="0"/>
    <Peak1D F1="8.159255" intensity="3.124644e+000" type="0"/>
    <Peak1D F1="8.154279" intensity="1.402782e+000" type="0"/>
    <Peak1D F1="8.142113" intensity="1.075694e+000" type="0"/>
    <Peak1D F1="8.137269" intensity="3.373696e+000" type="0"/>
    <Peak1D F1="8.131701" intensity="8.692067e-001" type="0"/>
    <Peak1D F1="8.109034" intensity="8.266027e-002" type="0"/>
    <Peak1D F1="8.102338" intensity="8.626404e-002" type="0"/>
    <Peak1D F1="8.087312" intensity="6.570563e-002" type="0"/>
    <Peak1D F1="8.068471" intensity="2.770932e-001" type="0"/>
    <Peak1D F1="8.048683" intensity="2.957059e-001" type="0"/>
    <Peak1D F1="8.024805" intensity="3.518648e-002" type="0"/>
    <Peak1D F1="8.019731" intensity="1.867892e-001" type="0"/>
    <Peak1D F1="8.014800" intensity="6.310417e-002" type="0"/>
    <Peak1D F1="8.002641" intensity="5.189341e-002" type="0"/>
    <Peak1D F1="7.997728" intensity="1.592957e-001" type="0"/>
    <Peak1D F1="7.947836" intensity="1.423815e-002" type="0"/>
    <Peak1D F1="7.928480" intensity="1.000319e-002" type="0"/>
    <Peak1D F1="7.922156" intensity="1.117615e-002" type="0"/>
    <Peak1D F1="7.867517" intensity="9.754498e-003" type="0"/>
    <Peak1D F1="7.851435" intensity="8.873421e-003" type="0"/>
    <Peak1D F1="7.830780" intensity="4.493118e-002" type="0"/>
    <Peak1D F1="7.825221" intensity="4.273831e-002" type="0"/>
    <Peak1D F1="7.810854" intensity="5.210739e-002" type="0"/>
    <Peak1D F1="7.805179" intensity="4.341114e-002" type="0"/>
    <Peak1D F1="7.776108" intensity="1.003829e-002" type="0"/>
    <Peak1D F1="7.750258" intensity="1.029197e-002" type="0"/>
    <Peak1D F1="7.731068" intensity="8.085883e-003" type="0"/>
    <Peak1D F1="7.684981" intensity="1.187229e-002" type="0"/>
    <Peak1D F1="7.661172" intensity="1.264835e-002" type="0"/>
    <Peak1D F1="7.634270" intensity="3.763943e-002" type="0"/>
    <Peak1D F1="7.612646" intensity="4.425326e-002" type="0"/>
    <Peak1D F1="7.608120" intensity="4.610826e-002" type="0"/>
    <Peak1D F1="7.599638" intensity="6.126301e-002" type="0"/>
    <Peak1D F1="7.576184" intensity="1.324511e-001" type="0"/>
    <Peak1D F1="7.556129" intensity="1.308718e-001" type="0"/>
    <Peak1D F1="7.540374" intensity="6.023452e-002" type="0"/>
    <Peak1D F1="7.529680" intensity="7.781868e-002" type="0"/>
    <Peak1D F1="7.519251" intensity="1.128705e-001" type="0"/>
    <Peak1D F1="7.508021" intensity="1.057657e-001" type="0"/>
    <Peak1D F1="7.498264" intensity="1.158745e-001" type="0"/>
    <Peak1D F1="7.485456" intensity="4.509078e-001" type="0"/>
    <Peak1D F1="7.479804" intensity="2.967460e+000" type="0"/>
    <Peak1D F1="7.475296" intensity="9.744912e-001" type="0"/>
    <Peak1D F1="7.458169" intensity="2.941336e+000" type="0"/>
    <Peak1D F1="7.452101" intensity="4.433803e-001" type="0"/>
    <Peak1D F1="7.439122" intensity="3.750706e-001" type="0"/>
    <Peak1D F1="7.430366" intensity="8.302580e-002" type="0"/>
    <Peak1D F1="7.407906" intensity="5.831601e-002" type="0"/>
    <Peak1D F1="7.388599" intensity="1.198499e-002" type="0"/>
    <Peak1D F1="7.382077" intensity="8.752570e-003" type="0"/>
    <Peak1D F1="7.352793" intensity="9.515046e-003" type="0"/>
    <Peak1D F1="7.331732" intensity="1.297175e-002" type="0"/>
    <Peak1D F1="7.324456" intensity="1.689718e-002" type="0"/>
    <Peak1D F1="7.298655" intensity="9.932293e-003" type="0"/>
    <Peak1D F1="7.283055" intensity="1.682720e-002" type="0"/>
    <Peak1D F1="7.254293" intensity="2.611997e-001" type="0"/>
    <Peak1D F1="7.242634" intensity="1.923930e-001" type="0"/>
    <Peak1D F1="7.235418" intensity="2.425696e-001" type="0"/>
    <Peak1D F1="7.217986" intensity="4.093114e-002" type="0"/>
    <Peak1D F1="7.192752" intensity="9.365893e+000" type="0"/>
    <Peak1D F1="7.173662" intensity="9.022659e-002" type="0"/>
    <Peak1D F1="7.162248" intensity="1.334295e-001" type="0"/>
    <Peak1D F1="7.142769" intensity="2.789915e-001" type="0"/>
    <Peak1D F1="7.125307" intensity="1.805664e-002" type="0"/>
    <Peak1D F1="6.971334" intensity="7.332369e-003" type="0"/>
    <Peak1D F1="6.950597" intensity="7.621419e-003" type="0"/>
    <Peak1D F1="6.928793" intensity="4.793658e-002" type="0"/>
    <Peak1D F1="6.312561" intensity="2.176563e-002" type="0"/>
    <Peak1D F1="6.216807" intensity="1.244906e-002" type="0"/>
    <Peak1D F1="6.117227" intensity="2.309857e-002" type="0"/>
    <Peak1D F1="6.068316" intensity="8.193184e-002" type="0"/>
    <Peak1D F1="6.018369" intensity="4.897176e+000" type="0"/>
    <Peak1D F1="5.968396" intensity="8.431989e-002" type="0"/>
    <Peak1D F1="5.943292" intensity="2.623422e-002" type="0"/>
    <Peak1D F1="5.933206" intensity="2.421194e-002" type="0"/>
    <Peak1D F1="5.816459" intensity="9.969273e-003" type="0"/>
    <Peak1D F1="5.811097" intensity="8.306395e-003" type="0"/>
    <Peak1D F1="5.800829" intensity="1.657951e-002" type="0"/>
    <Peak1D F1="5.793079" intensity="1.673157e-002" type="0"/>
    <Peak1D F1="5.647704" intensity="1.504850e-002" type="0"/>
    <Peak1D F1="5.619912" intensity="1.819571e-002" type="0"/>
    <Peak1D F1="5.530615" intensity="7.606375e-003" type="0"/>
    <Peak1D F1="5.494776" intensity="1.785917e-002" type="0"/>
    <Peak1D F1="5.419058" intensity="8.473219e-003" type="0"/>
    <Peak1D F1="5.396729" intensity="7.483949e-003" type="0"/>
    <Peak1D F1="5.356486" intensity="1.792236e-001" type="0"/>
    <Peak1D F1="5.349009" intensity="1.749164e-001" type="0"/>
    <Peak1D F1="5.307454" intensity="8.934033e-003" type="0"/>
    <Peak1D F1="5.293252" intensity="8.464394e-003" type="0"/>
    <Peak1D F1="4.987912" intensity="9.132436e-003" type="0"/>
    <Peak1D F1="4.965840" intensity="1.192859e-002" type="0"/>
    <Peak1D F1="4.942892" intensity="1.343624e-002" type="0"/>
    <Peak1D F1="4.886224" intensity="1.670298e-002" type="0"/>
    <Peak1D F1="4.849207" intensity="2.331113e-002" type="0"/>
    <Peak1D F1="4.838308" intensity="4.475490e-002" type="0"/>
    <Peak1D F1="4.814847" intensity="5.817683e-002" type="0"/>
    <Peak1D F1="4.788128" intensity="1.587931e+000" type="0"/>
    <Peak1D F1="4.765265" intensity="1.624400e+000" type="0"/>
    <Peak1D F1="4.737716" intensity="7.429340e-002" type="0"/>
    <Peak1D F1="4.715210" intensity="8.479355e-002" type="0"/>
    <Peak1D F1="4.662344" intensity="8.104307e-002" type="0"/>
    <Peak1D F1="4.649994" intensity="7.668106e-002" type="0"/>
    <Peak1D F1="4.604125" intensity="5.638209e-002" type="0"/>
    <Peak1D F1="4.581787" intensity="4.847169e-002" type="0"/>
    <Peak1D F1="4.559435" intensity="3.260086e-002" type="0"/>
    <Peak1D F1="4.531868" intensity="2.531296e-002" type="0"/>
    <Peak1D F1="4.476798" intensity="1.492094e-002" type="0"/>
    <Peak1D F1="4.462140" intensity="1.424320e-002" type="0"/>
    <Peak1D F1="4.410582" intensity="1.277753e-002" type="0"/>
    <Peak1D F1="4.393629" intensity="1.060271e-002" type="0"/>
    <Peak1D F1="4.351238" intensity="9.701851e-003" type="0"/>
    <Peak1D F1="4.285463" intensity="7.824535e-003" type="0"/>
    <Peak1D F1="3.976185" intensity="1.122908e-002" type="0"/>
    <Peak1D F1="3.951886" intensity="1.187796e-002" type="0"/>
    <Peak1D F1="3.878361" intensity="7.432456e-002" type="0"/>
    <Peak1D F1="3.844164" intensity="1.893358e-001" type="0"/>
    <Peak1D F1="3.823309" intensity="1.094683e-001" type="0"/>
    <Peak1D F1="3.811481" intensity="7.526823e-002" type="0"/>
    <Peak1D F1="3.804192" intensity="1.406725e-002" type="0"/>
    <Peak1D F1="3.794381" intensity="1.425293e-002" type="0"/>
    <Peak1D F1="3.784236" intensity="1.550885e-002" type="0"/>
    <Peak1D F1="3.750901" intensity="2.569523e-001" type="0"/>
    <Peak1D F1="3.745483" intensity="6.293404e-002" type="0"/>
    <Peak1D F1="3.726030" intensity="4.334688e-002" type="0"/>
    <Peak1D F1="3.700950" intensity="1.500000e+001" type="0"/>
    <Peak1D F1="3.650908" intensity="2.711914e-001" type="0"/>
    <Peak1D F1="3.613629" intensity="9.031947e-003" type="0"/>
    <Peak1D F1="3.599956" intensity="1.514012e-002" type="0"/>
    <Peak1D F1="3.518793" intensity="7.983836e-002" type="0"/>
    <Peak1D F1="3.418458" intensity="7.556787e-003" type="0"/>
    <Peak1D F1="2.941739" intensity="1.133303e-002" type="0"/>
    <Peak1D F1="2.934978" intensity="1.192157e-002" type="0"/>
    <Peak1D F1="2.923373" intensity="8.326831e-003" type="0"/>
    <Peak1D F1="2.749391" intensity="1.155657e-002" type="0"/>
    <Peak1D F1="2.736118" intensity="1.107683e-002" type="0"/>
    <Peak1D F1="2.707890" intensity="8.024814e-003" type="0"/>
    <Peak1D F1="2.566064" intensity="7.990716e-003" type="0"/>
    <Peak1D F1="2.536212" intensity="9.776200e-003" type="0"/>
    <Peak1D F1="2.483819" intensity="1.474959e-002" type="0"/>
    <Peak1D F1="2.438410" intensity="2.588839e-001" type="0"/>
    <Peak1D F1="2.434179" intensity="3.154443e-001" type="0"/>
    <Peak1D F1="2.417083" intensity="3.263270e-001" type="0"/>
    <Peak1D F1="2.413000" intensity="3.211448e-001" type="0"/>
    <Peak1D F1="2.388932" intensity="4.646876e-001" type="0"/>
    <Peak1D F1="2.385356" intensity="4.470657e-001" type="0"/>
    <Peak1D F1="2.377380" intensity="1.083383e+000" type="0"/>
    <Peak1D F1="2.368916" intensity="4.457418e-001" type="0"/>
    <Peak1D F1="2.364573" intensity="5.326533e-001" type="0"/>
    <Peak1D F1="2.347979" intensity="3.760527e-001" type="0"/>
    <Peak1D F1="2.345997" intensity="3.860174e-001" type="0"/>
    <Peak1D F1="2.338187" intensity="2.280145e-001" type="0"/>
    <Peak1D F1="2.325187" intensity="7.003465e-001" type="0"/>
    <Peak1D F1="2.318135" intensity="5.591600e-001" type="0"/>
    <Peak1D F1="2.314359" intensity="7.581377e-001" type="0"/>
    <Peak1D F1="2.305819" intensity="4.426902e-001" type="0"/>
    <Peak1D F1="2.302266" intensity="3.779089e-001" type="0"/>
    <Peak1D F1="2.295479" intensity="5.329881e-001" type="0"/>
    <Peak1D F1="2.275642" intensity="2.933758e-001" type="0"/>
    <Peak1D F1="2.253690" intensity="5.210909e-001" type="0"/>
    <Peak1D F1="2.231575" intensity="5.882464e-001" type="0"/>
    <Peak1D F1="2.227252" intensity="5.837576e-001" type="0"/>
    <Peak1D F1="2.214926" intensity="1.074039e-001" type="0"/>
    <Peak1D F1="2.204728" intensity="7.810851e-001" type="0"/>
    <Peak1D F1="2.191615" intensity="9.086471e-002" type="0"/>
    <Peak1D F1="2.183394" intensity="4.100942e-001" type="0"/>
    <Peak1D F1="2.178555" intensity="4.231548e-001" type="0"/>
    <Peak1D F1="2.156197" intensity="4.694487e-001" type="0"/>
    <Peak1D F1="2.146746" intensity="2.143549e-001" type="0"/>
    <Peak1D F1="2.133981" intensity="1.952714e-001" type="0"/>
    <Peak1D F1="2.116454" intensity="2.083981e+000" type="0"/>
    <Peak1D F1="2.108279" intensity="1.605435e+000" type="0"/>
    <Peak1D F1="2.106296" intensity="1.681576e+000" type="0"/>
    <Peak1D F1="2.096841" intensity="6.740125e+000" type="0"/>
    <Peak1D F1="2.085295" intensity="1.875061e+000" type="0"/>
    <Peak1D F1="2.078109" intensity="3.371060e+000" type="0"/>
    <Peak1D F1="2.070438" intensity="5.319295e-001" type="0"/>
    <Peak1D F1="2.061920" intensity="2.422527e-001" type="0"/>
    <Peak1D F1="2.057309" intensity="1.919826e-001" type="0"/>
    <Peak1D F1="2.053290" intensity="1.864777e-001" type="0"/>
    <Peak1D F1="2.046996" intensity="2.135646e-001" type="0"/>
    <Peak1D F1="2.039462" intensity="1.809289e-001" type="0"/>
    <Peak1D F1="2.028011" intensity="1.137604e-001" type="0"/>
    <Peak1D F1="1.991739" intensity="1.895674e-001" type="0"/>
    <Peak1D F1="1.987646" intensity="2.629111e-001" type="0"/>
    <Peak1D F1="1.982906" intensity="2.079662e-001" type="0"/>
    <Peak1D F1="1.970988" intensity="2.952925e-001" type="0"/>
    <Peak1D F1="1.965882" intensity="3.790897e-001" type="0"/>
    <Peak1D F1="1.959973" intensity="4.705740e-001" type="0"/>
    <Peak1D F1="1.955671" intensity="4.397840e-001" type="0"/>
    <Peak1D F1="1.950553" intensity="4.401959e-001" type="0"/>
    <Peak1D F1="1.942508" intensity="5.542980e-001" type="0"/>
    <Peak1D F1="1.937734" intensity="5.266554e-001" type="0"/>
    <Peak1D F1="1.932962" intensity="6.030650e-001" type="0"/>
    <Peak1D F1="1.925696" intensity="4.991558e-001" type="0"/>
    <Peak1D F1="1.920895" intensity="6.251599e-001" type="0"/>
    <Peak1D F1="1.910687" intensity="3.412450e+000" type="0"/>
    <Peak1D F1="1.899255" intensity="2.699756e+000" type="0"/>
    <Peak1D F1="1.891045" intensity="7.288444e+000" type="0"/>
    <Peak1D F1="1.882390" intensity="2.467167e+000" type="0"/>
    <Peak1D F1="1.880001" intensity="2.632350e+000" type="0"/>
    <Peak1D F1="1.871540" intensity="2.203929e+000" type="0"/>
    <Peak1D F1="1.859829" intensity="3.204460e-001" type="0"/>
    <Peak1D F1="1.849501" intensity="1.958263e-001" type="0"/>
    <Peak1D F1="1.841168" intensity="2.093795e-001" type="0"/>
    <Peak1D F1="1.830270" intensity="1.189651e-001" type="0"/>
    <Peak1D F1="1.821705" intensity="9.275411e-002" type="0"/>
    <Peak1D F1="1.796568" intensity="5.228169e-002" type="0"/>
    <Peak1D F1="1.790459" intensity="5.787636e-002" type="0"/>
    <Peak1D F1="1.769727" intensity="5.303844e-002" type="0"/>
    <Peak1D F1="1.759513" intensity="5.940108e-002" type="0"/>
    <Peak1D F1="1.745052" intensity="1.658116e-001" type="0"/>
    <Peak1D F1="1.729304" intensity="2.371977e-001" type="0"/>
    <Peak1D F1="1.723950" intensity="2.068108e-001" type="0"/>
    <Peak1D F1="1.716682" intensity="2.667339e-001" type="0"/>
    <Peak1D F1="1.713228" intensity="1.788783e-001" type="0"/>
    <Peak1D F1="1.708200" intensity="2.843045e-001" type="0"/>
    <Peak1D F1="1.700974" intensity="4.472864e-001" type="0"/>
    <Peak1D F1="1.697014" intensity="3.703322e-001" type="0"/>
    <Peak1D F1="1.686102" intensity="3.535641e-001" type="0"/>
    <Peak1D F1="1.679738" intensity="1.047844e+000" type="0"/>
    <Peak1D F1="1.673443" intensity="5.519701e-001" type="0"/>
    <Peak1D F1="1.670561" intensity="6.117585e-001" type="0"/>
    <Peak1D F1="1.666158" intensity="4.800965e-001" type="0"/>
    <Peak1D F1="1.663220" intensity="4.300940e-001" type="0"/>
    <Peak1D F1="1.655731" intensity="8.709109e-001" type="0"/>
    <Peak1D F1="1.653818" intensity="8.284292e-001" type="0"/>
    <Peak1D F1="1.650543" intensity="7.135541e-001" type="0"/>
    <Peak1D F1="1.643338" intensity="3.794752e-001" type="0"/>
    <Peak1D F1="1.639072" intensity="5.177789e-001" type="0"/>
    <Peak1D F1="1.634332" intensity="5.871140e-001" type="0"/>
    <Peak1D F1="1.623389" intensity="2.370617e-001" type="0"/>
    <Peak1D F1="1.618171" intensity="3.029996e-001" type="0"/>
    <Peak1D F1="1.585130" intensity="7.413801e-002" type="0"/>
    <Peak1D F1="1.567123" intensity="6.978236e-002" type="0"/>
    <Peak1D F1="1.533831" intensity="2.858627e-001" type="0"/>
    <Peak1D F1="1.518190" intensity="2.083530e-001" type="0"/>
    <Peak1D F1="1.511443" intensity="2.418737e-001" type="0"/>
    <Peak1D F1="1.499550" intensity="4.637190e-001" type="0"/>
    <Peak1D F1="1.481976" intensity="6.144422e-001" type="0"/>
    <Peak1D F1="1.469235" intensity="4.027517e-001" type="0"/>
    <Peak1D F1="1.452510" intensity="4.022220e-001" type="0"/>
    <Peak1D F1="1.439948" intensity="9.273534e-002" type="0"/>
    <Peak1D F1="1.434555" intensity="1.211271e-001" type="0"/>
    <Peak1D F1="1.422327" intensity="1.517943e-001" type="0"/>
    <Peak1D F1="1.403082" intensity="4.046163e-002" type="0"/>
    <Peak1D F1="1.368594" intensity="3.004280e-002" type="0"/>
    <Peak1D F1="1.338889" intensity="3.490891e-002" type="0"/>
    <Peak1D F1="1.307821" intensity="3.316769e-002" type="0"/>
    <Peak1D F1="1.274204" intensity="5.511472e-002" type="0"/>
    <Peak1D F1="1.263355" intensity="5.773338e-002" type="0"/>
    <Peak1D F1="1.214573" intensity="8.716878e-002" type="0"/>
    <Peak1D F1="1.206725" intensity="8.973917e-002" type="0"/>
    <Peak1D F1="1.183825" intensity="2.093290e-001" type="0"/>
    <Peak1D F1="1.123505" intensity="1.277631e-002" type="0"/>
    <Peak1D F1="1.096323" intensity="1.221388e-002" type="0"/>
    <Peak1D F1="1.084611" intensity="1.175402e-002" type="0"/>
    <Peak1D F1="1.067928" intensity="1.042204e-002" type="0"/>
    <Peak1D F1="1.047144" intensity="1.157943e-002" type="0"/>
    <Peak1D F1="1.011134" intensity="9.970504e-003" type="0"/>
    <Peak1D F1="0.982124" intensity="8.960435e-003" type="0"/>
    <Peak1D F1="0.968292" intensity="8.078774e-003" type="0"/>
    <Peak1D F1="0.880848" intensity="9.974468e-003" type="0"/>
    <Peak1D F1="0.826622" intensity="3.523562e-002" type="0"/>
    <Peak1D F1="0.813744" intensity="6.427718e-002" type="0"/>
    <Peak1D F1="0.810152" intensity="6.813507e-002" type="0"/>
    <Peak1D F1="0.796462" intensity="3.239253e-002" type="0"/>
    <Peak1D F1="0.587277" intensity="7.633227e-003" type="0"/>
    <Peak1D F1="0.531366" intensity="7.717351e-003" type="0"/>
    <Peak1D F1="0.300379" intensity="8.936930e-003" type="0"/>
    <Peak1D F1="0.121216" intensity="7.595823e-003" type="0"/>
    <Peak1D F1="0.050090" intensity="1.052473e-002" type="0"/>
    <Peak1D F1="0.016807" intensity="1.237170e-002" type="0"/>
    <Peak1D F1="-0.000149" intensity="5.186841e-001" type="0"/>
    <Peak1D F1="-0.049978" intensity="8.811572e-003" type="0"/>
  </PeakList1D>
</PeakList>
