<?xml version="1.0" encoding="UTF-8"?>
<PeakList>
  <PeakList1D>
    <PeakList1DHeader creator="nmr" date="2021-10-28T18:22:33.804+03:00" expNo="20" name="ID_451_B" owner="" procNo="1" source="//132.72.8.180/400b/Milo/Milo">
      <PeakPickDetails>F1=16.135571ppm, F2=-3.893475ppm, MI=0.00cm, MAXI=10000.00cm, PC=1.000
      </PeakPickDetails>
    </PeakList1DHeader>
    <Peak1D F1="10.305585" intensity="1.525416e-003" type="0"/>
    <Peak1D F1="10.136111" intensity="2.843842e-003" type="0"/>
    <Peak1D F1="10.116789" intensity="2.034547e-003" type="0"/>
    <Peak1D F1="10.085505" intensity="1.914468e-001" type="0"/>
    <Peak1D F1="10.053036" intensity="1.358631e-003" type="0"/>
    <Peak1D F1="10.035940" intensity="2.302056e-003" type="0"/>
    <Peak1D F1="9.858564" intensity="1.257883e-003" type="0"/>
    <Peak1D F1="8.402547" intensity="1.701624e-003" type="0"/>
    <Peak1D F1="8.379952" intensity="3.014639e-003" type="0"/>
    <Peak1D F1="8.357748" intensity="4.478612e-003" type="0"/>
    <Peak1D F1="8.348676" intensity="8.757896e-003" type="0"/>
    <Peak1D F1="8.328753" intensity="1.335368e-001" type="0"/>
    <Peak1D F1="8.306964" intensity="1.516924e-001" type="0"/>
    <Peak1D F1="8.278007" intensity="5.770192e-003" type="0"/>
    <Peak1D F1="8.256616" intensity="7.981040e-003" type="0"/>
    <Peak1D F1="8.229042" intensity="1.568214e-002" type="0"/>
    <Peak1D F1="8.223498" intensity="1.751892e-002" type="0"/>
    <Peak1D F1="8.208837" intensity="4.754265e-002" type="0"/>
    <Peak1D F1="8.203264" intensity="8.558178e-002" type="0"/>
    <Peak1D F1="8.195792" intensity="9.641135e-002" type="0"/>
    <Peak1D F1="8.186598" intensity="9.869198e-002" type="0"/>
    <Peak1D F1="8.180959" intensity="1.275556e-001" type="0"/>
    <Peak1D F1="8.174076" intensity="1.167815e-001" type="0"/>
    <Peak1D F1="8.165319" intensity="8.382212e-002" type="0"/>
    <Peak1D F1="8.159367" intensity="1.303694e-001" type="0"/>
    <Peak1D F1="8.141636" intensity="3.875265e-001" type="0"/>
    <Peak1D F1="8.136469" intensity="2.100295e+000" type="0"/>
    <Peak1D F1="8.132102" intensity="8.436689e-001" type="0"/>
    <Peak1D F1="8.127221" intensity="8.887054e-001" type="0"/>
    <Peak1D F1="8.119062" intensity="8.856022e-001" type="0"/>
    <Peak1D F1="8.114594" intensity="2.221767e+000" type="0"/>
    <Peak1D F1="8.105299" intensity="8.618558e-001" type="0"/>
    <Peak1D F1="8.099442" intensity="1.958720e-001" type="0"/>
    <Peak1D F1="8.095645" intensity="1.644419e-001" type="0"/>
    <Peak1D F1="8.088048" intensity="5.609642e-002" type="0"/>
    <Peak1D F1="8.078981" intensity="4.576550e-002" type="0"/>
    <Peak1D F1="8.075018" intensity="5.159621e-002" type="0"/>
    <Peak1D F1="8.065130" intensity="3.886895e-002" type="0"/>
    <Peak1D F1="8.056704" intensity="3.127027e-002" type="0"/>
    <Peak1D F1="8.034800" intensity="2.279238e-002" type="0"/>
    <Peak1D F1="8.026119" intensity="3.245866e-002" type="0"/>
    <Peak1D F1="8.021135" intensity="1.729338e-001" type="0"/>
    <Peak1D F1="8.016420" intensity="5.565644e-002" type="0"/>
    <Peak1D F1="8.003944" intensity="5.431146e-002" type="0"/>
    <Peak1D F1="7.999484" intensity="1.420854e-001" type="0"/>
    <Peak1D F1="7.994309" intensity="2.209134e-002" type="0"/>
    <Peak1D F1="7.971121" intensity="3.722182e-003" type="0"/>
    <Peak1D F1="7.949349" intensity="3.031167e-003" type="0"/>
    <Peak1D F1="7.926943" intensity="7.396657e-003" type="0"/>
    <Peak1D F1="7.922152" intensity="7.717166e-003" type="0"/>
    <Peak1D F1="7.905295" intensity="1.192265e-002" type="0"/>
    <Peak1D F1="7.899154" intensity="1.095129e-002" type="0"/>
    <Peak1D F1="7.889643" intensity="4.690227e-003" type="0"/>
    <Peak1D F1="7.882173" intensity="5.836660e-003" type="0"/>
    <Peak1D F1="7.860731" intensity="7.562857e-003" type="0"/>
    <Peak1D F1="7.839642" intensity="1.372481e-002" type="0"/>
    <Peak1D F1="7.827417" intensity="2.660545e-002" type="0"/>
    <Peak1D F1="7.823278" intensity="2.757670e-002" type="0"/>
    <Peak1D F1="7.809657" intensity="3.556760e-002" type="0"/>
    <Peak1D F1="7.805648" intensity="3.516337e-002" type="0"/>
    <Peak1D F1="7.792287" intensity="2.219166e-002" type="0"/>
    <Peak1D F1="7.787954" intensity="2.270990e-002" type="0"/>
    <Peak1D F1="7.771086" intensity="3.260018e-002" type="0"/>
    <Peak1D F1="7.766800" intensity="3.466523e-002" type="0"/>
    <Peak1D F1="7.753128" intensity="5.576868e-002" type="0"/>
    <Peak1D F1="7.749322" intensity="5.786339e-002" type="0"/>
    <Peak1D F1="7.743324" intensity="3.463303e-002" type="0"/>
    <Peak1D F1="7.737137" intensity="4.038823e-002" type="0"/>
    <Peak1D F1="7.731212" intensity="3.666612e-002" type="0"/>
    <Peak1D F1="7.725597" intensity="3.826509e-002" type="0"/>
    <Peak1D F1="7.721224" intensity="3.715829e-002" type="0"/>
    <Peak1D F1="7.707852" intensity="2.114478e-002" type="0"/>
    <Peak1D F1="7.703294" intensity="2.154877e-002" type="0"/>
    <Peak1D F1="7.682504" intensity="1.071558e-002" type="0"/>
    <Peak1D F1="7.678011" intensity="1.097084e-002" type="0"/>
    <Peak1D F1="7.666470" intensity="1.226140e-002" type="0"/>
    <Peak1D F1="7.659424" intensity="1.195029e-002" type="0"/>
    <Peak1D F1="7.654583" intensity="1.043748e-002" type="0"/>
    <Peak1D F1="7.649375" intensity="1.044124e-002" type="0"/>
    <Peak1D F1="7.636109" intensity="1.916158e-002" type="0"/>
    <Peak1D F1="7.615569" intensity="8.619563e-002" type="0"/>
    <Peak1D F1="7.594092" intensity="8.471560e-002" type="0"/>
    <Peak1D F1="7.575229" intensity="3.892664e-002" type="0"/>
    <Peak1D F1="7.567586" intensity="3.894663e-002" type="0"/>
    <Peak1D F1="7.551877" intensity="4.485076e-002" type="0"/>
    <Peak1D F1="7.546010" intensity="4.763696e-002" type="0"/>
    <Peak1D F1="7.526120" intensity="1.477120e-001" type="0"/>
    <Peak1D F1="7.520848" intensity="1.374378e-001" type="0"/>
    <Peak1D F1="7.504231" intensity="1.594432e-001" type="0"/>
    <Peak1D F1="7.498431" intensity="1.450785e-001" type="0"/>
    <Peak1D F1="7.490139" intensity="2.027089e-001" type="0"/>
    <Peak1D F1="7.483393" intensity="3.453594e-001" type="0"/>
    <Peak1D F1="7.477623" intensity="2.006763e+000" type="0"/>
    <Peak1D F1="7.471637" intensity="1.144707e+000" type="0"/>
    <Peak1D F1="7.455635" intensity="1.914725e+000" type="0"/>
    <Peak1D F1="7.449138" intensity="8.426570e-001" type="0"/>
    <Peak1D F1="7.434503" intensity="6.130932e-002" type="0"/>
    <Peak1D F1="7.427162" intensity="9.771962e-002" type="0"/>
    <Peak1D F1="7.405747" intensity="7.541563e-002" type="0"/>
    <Peak1D F1="7.399410" intensity="6.429056e-002" type="0"/>
    <Peak1D F1="7.393732" intensity="6.053920e-002" type="0"/>
    <Peak1D F1="7.382898" intensity="9.690896e-002" type="0"/>
    <Peak1D F1="7.360233" intensity="8.632082e-002" type="0"/>
    <Peak1D F1="7.355046" intensity="4.732981e-002" type="0"/>
    <Peak1D F1="7.344102" intensity="3.314244e-002" type="0"/>
    <Peak1D F1="7.339185" intensity="3.501666e-002" type="0"/>
    <Peak1D F1="7.333230" intensity="2.591733e-002" type="0"/>
    <Peak1D F1="7.306848" intensity="2.657015e-002" type="0"/>
    <Peak1D F1="7.299929" intensity="1.651617e-002" type="0"/>
    <Peak1D F1="7.280167" intensity="4.667142e-002" type="0"/>
    <Peak1D F1="7.269566" intensity="2.322287e-002" type="0"/>
    <Peak1D F1="7.252165" intensity="2.185471e-002" type="0"/>
    <Peak1D F1="7.246248" intensity="2.790681e-002" type="0"/>
    <Peak1D F1="7.229804" intensity="3.005216e+000" type="0"/>
    <Peak1D F1="7.202424" intensity="9.613759e-003" type="0"/>
    <Peak1D F1="7.196822" intensity="9.499199e-003" type="0"/>
    <Peak1D F1="7.189904" intensity="1.096194e-002" type="0"/>
    <Peak1D F1="7.180408" intensity="3.982427e-002" type="0"/>
    <Peak1D F1="7.171704" intensity="3.106551e-002" type="0"/>
    <Peak1D F1="7.153411" intensity="7.040302e-002" type="0"/>
    <Peak1D F1="7.135129" intensity="7.871638e-002" type="0"/>
    <Peak1D F1="7.127648" intensity="6.182853e-002" type="0"/>
    <Peak1D F1="7.116969" intensity="4.173573e-002" type="0"/>
    <Peak1D F1="7.109200" intensity="9.546170e-002" type="0"/>
    <Peak1D F1="7.100137" intensity="1.790586e-002" type="0"/>
    <Peak1D F1="7.090784" intensity="4.394598e-002" type="0"/>
    <Peak1D F1="7.065635" intensity="8.655675e-003" type="0"/>
    <Peak1D F1="7.047948" intensity="1.348276e-002" type="0"/>
    <Peak1D F1="7.040389" intensity="1.102920e-002" type="0"/>
    <Peak1D F1="7.029738" intensity="1.233294e-002" type="0"/>
    <Peak1D F1="7.020232" intensity="1.720662e-002" type="0"/>
    <Peak1D F1="6.990705" intensity="3.176355e-002" type="0"/>
    <Peak1D F1="6.980572" intensity="8.042118e-002" type="0"/>
    <Peak1D F1="6.964863" intensity="5.502319e-002" type="0"/>
    <Peak1D F1="6.959959" intensity="8.242128e-002" type="0"/>
    <Peak1D F1="6.954344" intensity="8.486779e-002" type="0"/>
    <Peak1D F1="6.943319" intensity="2.910796e-002" type="0"/>
    <Peak1D F1="6.933286" intensity="7.168574e-002" type="0"/>
    <Peak1D F1="6.917347" intensity="1.546154e-002" type="0"/>
    <Peak1D F1="6.907057" intensity="9.103671e-003" type="0"/>
    <Peak1D F1="6.895164" intensity="9.157595e-003" type="0"/>
    <Peak1D F1="6.885402" intensity="3.763307e-003" type="0"/>
    <Peak1D F1="6.865060" intensity="1.723408e-003" type="0"/>
    <Peak1D F1="6.854931" intensity="1.506723e-003" type="0"/>
    <Peak1D F1="6.834685" intensity="1.260262e-003" type="0"/>
    <Peak1D F1="6.749764" intensity="1.500034e-003" type="0"/>
    <Peak1D F1="6.728461" intensity="1.430096e-003" type="0"/>
    <Peak1D F1="6.485499" intensity="1.189208e-003" type="0"/>
    <Peak1D F1="6.459631" intensity="1.050769e-002" type="0"/>
    <Peak1D F1="6.205462" intensity="4.740949e-003" type="0"/>
    <Peak1D F1="6.200136" intensity="9.312498e-003" type="0"/>
    <Peak1D F1="6.194625" intensity="4.581254e-003" type="0"/>
    <Peak1D F1="6.151424" intensity="5.245645e-003" type="0"/>
    <Peak1D F1="6.105751" intensity="5.241755e-002" type="0"/>
    <Peak1D F1="6.099172" intensity="5.340129e-002" type="0"/>
    <Peak1D F1="6.078673" intensity="4.841456e-003" type="0"/>
    <Peak1D F1="6.051805" intensity="4.814859e-002" type="0"/>
    <Peak1D F1="6.036883" intensity="1.161022e-002" type="0"/>
    <Peak1D F1="6.001493" intensity="3.449594e+000" type="0"/>
    <Peak1D F1="5.980821" intensity="5.967926e-002" type="0"/>
    <Peak1D F1="5.969013" intensity="5.509196e-002" type="0"/>
    <Peak1D F1="5.961402" intensity="2.786577e-002" type="0"/>
    <Peak1D F1="5.951936" intensity="4.764665e-002" type="0"/>
    <Peak1D F1="5.918906" intensity="4.786778e-003" type="0"/>
    <Peak1D F1="5.900015" intensity="2.188418e-003" type="0"/>
    <Peak1D F1="5.872760" intensity="3.209430e-003" type="0"/>
    <Peak1D F1="5.813453" intensity="7.692086e-003" type="0"/>
    <Peak1D F1="5.805489" intensity="1.189327e-002" type="0"/>
    <Peak1D F1="5.799850" intensity="1.084083e-002" type="0"/>
    <Peak1D F1="5.794306" intensity="6.908056e-003" type="0"/>
    <Peak1D F1="5.698937" intensity="1.438509e-002" type="0"/>
    <Peak1D F1="5.671999" intensity="1.438379e-002" type="0"/>
    <Peak1D F1="5.638800" intensity="1.093487e-002" type="0"/>
    <Peak1D F1="5.623857" intensity="9.992173e-003" type="0"/>
    <Peak1D F1="5.612912" intensity="1.055168e-002" type="0"/>
    <Peak1D F1="5.601768" intensity="9.052017e-003" type="0"/>
    <Peak1D F1="5.587826" intensity="7.654016e-003" type="0"/>
    <Peak1D F1="5.575653" intensity="7.301353e-003" type="0"/>
    <Peak1D F1="5.555314" intensity="8.725523e-003" type="0"/>
    <Peak1D F1="5.504698" intensity="1.502510e-002" type="0"/>
    <Peak1D F1="5.498880" intensity="1.523749e-002" type="0"/>
    <Peak1D F1="5.463475" intensity="9.050019e-003" type="0"/>
    <Peak1D F1="5.457457" intensity="9.851933e-003" type="0"/>
    <Peak1D F1="5.439149" intensity="2.161684e-002" type="0"/>
    <Peak1D F1="5.388748" intensity="8.168097e-003" type="0"/>
    <Peak1D F1="5.383323" intensity="8.111539e-003" type="0"/>
    <Peak1D F1="5.338405" intensity="3.026677e-001" type="0"/>
    <Peak1D F1="5.331637" intensity="3.027014e-001" type="0"/>
    <Peak1D F1="5.288687" intensity="5.656250e-003" type="0"/>
    <Peak1D F1="5.282700" intensity="5.069955e-003" type="0"/>
    <Peak1D F1="5.268750" intensity="4.168888e-003" type="0"/>
    <Peak1D F1="5.262516" intensity="4.864365e-003" type="0"/>
    <Peak1D F1="5.252303" intensity="7.780674e-003" type="0"/>
    <Peak1D F1="5.244480" intensity="1.486658e-002" type="0"/>
    <Peak1D F1="5.237165" intensity="5.885577e-003" type="0"/>
    <Peak1D F1="5.104820" intensity="1.302778e-003" type="0"/>
    <Peak1D F1="4.995642" intensity="3.498687e-003" type="0"/>
    <Peak1D F1="4.973363" intensity="4.576603e-003" type="0"/>
    <Peak1D F1="4.923069" intensity="3.027019e-002" type="0"/>
    <Peak1D F1="4.901763" intensity="3.373422e-002" type="0"/>
    <Peak1D F1="4.888229" intensity="1.447768e-002" type="0"/>
    <Peak1D F1="4.867130" intensity="3.388330e-002" type="0"/>
    <Peak1D F1="4.844544" intensity="2.784616e-002" type="0"/>
    <Peak1D F1="4.816237" intensity="9.712876e-001" type="0"/>
    <Peak1D F1="4.794177" intensity="9.810603e-001" type="0"/>
    <Peak1D F1="4.766425" intensity="3.815967e-002" type="0"/>
    <Peak1D F1="4.744029" intensity="5.622330e-002" type="0"/>
    <Peak1D F1="4.703434" intensity="1.893721e-001" type="0"/>
    <Peak1D F1="4.638437" intensity="2.456113e-002" type="0"/>
    <Peak1D F1="4.633300" intensity="2.165370e-002" type="0"/>
    <Peak1D F1="4.619039" intensity="1.495862e-002" type="0"/>
    <Peak1D F1="4.610980" intensity="1.426994e-002" type="0"/>
    <Peak1D F1="4.509584" intensity="3.148824e-003" type="0"/>
    <Peak1D F1="4.494190" intensity="2.476769e-003" type="0"/>
    <Peak1D F1="4.337204" intensity="2.143261e-003" type="0"/>
    <Peak1D F1="4.327900" intensity="1.893250e-003" type="0"/>
    <Peak1D F1="4.297256" intensity="2.118541e-003" type="0"/>
    <Peak1D F1="4.285125" intensity="1.972941e-003" type="0"/>
    <Peak1D F1="4.271661" intensity="2.979525e-003" type="0"/>
    <Peak1D F1="4.133863" intensity="5.699562e-003" type="0"/>
    <Peak1D F1="4.120959" intensity="8.703430e-003" type="0"/>
    <Peak1D F1="4.114081" intensity="7.464970e-003" type="0"/>
    <Peak1D F1="4.101714" intensity="1.244601e-002" type="0"/>
    <Peak1D F1="4.084450" intensity="3.976685e-003" type="0"/>
    <Peak1D F1="3.864563" intensity="5.186099e-002" type="0"/>
    <Peak1D F1="3.836891" intensity="1.833334e-003" type="0"/>
    <Peak1D F1="3.822222" intensity="2.692103e-003" type="0"/>
    <Peak1D F1="3.798156" intensity="1.465968e-002" type="0"/>
    <Peak1D F1="3.789613" intensity="1.432369e-002" type="0"/>
    <Peak1D F1="3.774626" intensity="7.362638e-003" type="0"/>
    <Peak1D F1="3.763687" intensity="8.414842e-003" type="0"/>
    <Peak1D F1="3.737383" intensity="1.410341e-001" type="0"/>
    <Peak1D F1="3.722363" intensity="2.164207e-002" type="0"/>
    <Peak1D F1="3.687128" intensity="9.987357e+000" type="0"/>
    <Peak1D F1="3.659707" intensity="3.502846e-002" type="0"/>
    <Peak1D F1="3.654378" intensity="2.790066e-002" type="0"/>
    <Peak1D F1="3.648897" intensity="4.767216e-002" type="0"/>
    <Peak1D F1="3.637548" intensity="1.228636e-001" type="0"/>
    <Peak1D F1="3.614193" intensity="3.275259e-002" type="0"/>
    <Peak1D F1="3.607998" intensity="1.328837e-001" type="0"/>
    <Peak1D F1="3.595256" intensity="3.486139e-002" type="0"/>
    <Peak1D F1="3.580729" intensity="9.223983e-003" type="0"/>
    <Peak1D F1="3.567032" intensity="4.460459e-002" type="0"/>
    <Peak1D F1="3.549145" intensity="4.611693e-003" type="0"/>
    <Peak1D F1="3.516726" intensity="4.977610e-003" type="0"/>
    <Peak1D F1="3.504876" intensity="5.503105e-002" type="0"/>
    <Peak1D F1="3.492835" intensity="8.645971e-003" type="0"/>
    <Peak1D F1="3.468807" intensity="1.167113e-002" type="0"/>
    <Peak1D F1="3.455121" intensity="1.839736e-002" type="0"/>
    <Peak1D F1="3.447364" intensity="1.441003e-002" type="0"/>
    <Peak1D F1="3.433600" intensity="1.800636e-002" type="0"/>
    <Peak1D F1="3.421033" intensity="4.173604e-003" type="0"/>
    <Peak1D F1="3.414739" intensity="3.767755e-003" type="0"/>
    <Peak1D F1="3.384113" intensity="1.503087e-002" type="0"/>
    <Peak1D F1="3.360796" intensity="8.632172e-003" type="0"/>
    <Peak1D F1="3.344038" intensity="1.128288e-002" type="0"/>
    <Peak1D F1="3.280661" intensity="2.597682e-002" type="0"/>
    <Peak1D F1="3.224749" intensity="1.644328e-002" type="0"/>
    <Peak1D F1="3.197443" intensity="1.094110e-002" type="0"/>
    <Peak1D F1="3.177607" intensity="9.044582e-003" type="0"/>
    <Peak1D F1="3.129869" intensity="1.825733e-002" type="0"/>
    <Peak1D F1="3.115760" intensity="4.603256e-003" type="0"/>
    <Peak1D F1="3.102135" intensity="5.518498e-003" type="0"/>
    <Peak1D F1="3.095380" intensity="4.885012e-003" type="0"/>
    <Peak1D F1="3.084206" intensity="3.988778e-003" type="0"/>
    <Peak1D F1="3.074190" intensity="4.118267e-003" type="0"/>
    <Peak1D F1="2.965145" intensity="6.894040e-003" type="0"/>
    <Peak1D F1="2.958655" intensity="1.094018e-002" type="0"/>
    <Peak1D F1="2.951634" intensity="1.306929e-002" type="0"/>
    <Peak1D F1="2.940896" intensity="1.786771e-002" type="0"/>
    <Peak1D F1="2.933511" intensity="1.417624e-002" type="0"/>
    <Peak1D F1="2.921692" intensity="1.364567e-002" type="0"/>
    <Peak1D F1="2.916633" intensity="1.093431e-002" type="0"/>
    <Peak1D F1="2.899050" intensity="6.556031e-003" type="0"/>
    <Peak1D F1="2.809504" intensity="3.412804e-003" type="0"/>
    <Peak1D F1="2.793658" intensity="1.953444e-002" type="0"/>
    <Peak1D F1="2.780459" intensity="1.945694e-002" type="0"/>
    <Peak1D F1="2.766894" intensity="2.312678e-002" type="0"/>
    <Peak1D F1="2.755312" intensity="2.346062e-002" type="0"/>
    <Peak1D F1="2.734121" intensity="1.668481e-002" type="0"/>
    <Peak1D F1="2.718244" intensity="5.811019e-003" type="0"/>
    <Peak1D F1="2.711830" intensity="7.353330e-003" type="0"/>
    <Peak1D F1="2.700156" intensity="9.650536e-003" type="0"/>
    <Peak1D F1="2.678075" intensity="1.437648e-002" type="0"/>
    <Peak1D F1="2.670394" intensity="5.329020e-003" type="0"/>
    <Peak1D F1="2.656560" intensity="6.053161e-003" type="0"/>
    <Peak1D F1="2.648972" intensity="1.262900e-002" type="0"/>
    <Peak1D F1="2.627076" intensity="6.146532e-003" type="0"/>
    <Peak1D F1="2.589201" intensity="1.478267e-003" type="0"/>
    <Peak1D F1="2.569357" intensity="3.468323e-003" type="0"/>
    <Peak1D F1="2.549159" intensity="3.166853e-003" type="0"/>
    <Peak1D F1="2.539865" intensity="1.792530e-003" type="0"/>
    <Peak1D F1="2.515789" intensity="4.901973e-003" type="0"/>
    <Peak1D F1="2.494069" intensity="5.106853e-003" type="0"/>
    <Peak1D F1="2.456549" intensity="1.583640e-002" type="0"/>
    <Peak1D F1="2.437545" intensity="3.604798e-002" type="0"/>
    <Peak1D F1="2.429828" intensity="3.521704e-002" type="0"/>
    <Peak1D F1="2.405263" intensity="2.261294e-001" type="0"/>
    <Peak1D F1="2.399223" intensity="2.065397e-001" type="0"/>
    <Peak1D F1="2.394067" intensity="1.638486e-001" type="0"/>
    <Peak1D F1="2.387934" intensity="2.380425e-001" type="0"/>
    <Peak1D F1="2.384218" intensity="2.678419e-001" type="0"/>
    <Peak1D F1="2.378575" intensity="2.810621e-001" type="0"/>
    <Peak1D F1="2.374863" intensity="2.674991e-001" type="0"/>
    <Peak1D F1="2.371264" intensity="2.693004e-001" type="0"/>
    <Peak1D F1="2.365627" intensity="2.437820e-001" type="0"/>
    <Peak1D F1="2.360420" intensity="3.530544e-001" type="0"/>
    <Peak1D F1="2.356106" intensity="4.682045e-001" type="0"/>
    <Peak1D F1="2.352465" intensity="5.653282e-001" type="0"/>
    <Peak1D F1="2.343834" intensity="4.381259e-001" type="0"/>
    <Peak1D F1="2.340705" intensity="4.505726e-001" type="0"/>
    <Peak1D F1="2.331389" intensity="4.988407e-001" type="0"/>
    <Peak1D F1="2.321394" intensity="3.934881e-001" type="0"/>
    <Peak1D F1="2.301697" intensity="2.231015e-001" type="0"/>
    <Peak1D F1="2.284118" intensity="1.122325e-001" type="0"/>
    <Peak1D F1="2.278030" intensity="1.362377e-001" type="0"/>
    <Peak1D F1="2.264196" intensity="1.410534e-001" type="0"/>
    <Peak1D F1="2.258859" intensity="1.387270e-001" type="0"/>
    <Peak1D F1="2.243137" intensity="1.221065e-001" type="0"/>
    <Peak1D F1="2.232791" intensity="8.143688e-002" type="0"/>
    <Peak1D F1="2.221071" intensity="3.175102e-001" type="0"/>
    <Peak1D F1="2.206616" intensity="9.566854e-002" type="0"/>
    <Peak1D F1="2.198564" intensity="4.198297e-001" type="0"/>
    <Peak1D F1="2.194177" intensity="3.881981e-001" type="0"/>
    <Peak1D F1="2.178669" intensity="1.383952e-001" type="0"/>
    <Peak1D F1="2.172271" intensity="5.916306e-001" type="0"/>
    <Peak1D F1="2.164349" intensity="1.440112e-001" type="0"/>
    <Peak1D F1="2.150274" intensity="3.727344e-001" type="0"/>
    <Peak1D F1="2.146038" intensity="3.949208e-001" type="0"/>
    <Peak1D F1="2.132433" intensity="4.818990e-001" type="0"/>
    <Peak1D F1="2.123557" intensity="5.426329e-001" type="0"/>
    <Peak1D F1="2.102120" intensity="4.760421e+000" type="0"/>
    <Peak1D F1="2.082514" intensity="1.455558e+001" type="0"/>
    <Peak1D F1="2.070853" intensity="4.147342e+000" type="0"/>
    <Peak1D F1="2.063637" intensity="7.541713e+000" type="0"/>
    <Peak1D F1="2.048211" intensity="5.797040e-001" type="0"/>
    <Peak1D F1="2.042643" intensity="4.483092e-001" type="0"/>
    <Peak1D F1="2.038557" intensity="5.252492e-001" type="0"/>
    <Peak1D F1="2.033149" intensity="4.859345e-001" type="0"/>
    <Peak1D F1="2.013903" intensity="2.449520e-001" type="0"/>
    <Peak1D F1="1.992671" intensity="1.567852e-001" type="0"/>
    <Peak1D F1="1.987024" intensity="1.586858e-001" type="0"/>
    <Peak1D F1="1.969048" intensity="2.883333e-001" type="0"/>
    <Peak1D F1="1.963076" intensity="3.022250e-001" type="0"/>
    <Peak1D F1="1.958577" intensity="3.622653e-001" type="0"/>
    <Peak1D F1="1.951555" intensity="5.011795e-001" type="0"/>
    <Peak1D F1="1.944201" intensity="6.061188e-001" type="0"/>
    <Peak1D F1="1.935585" intensity="1.928869e+000" type="0"/>
    <Peak1D F1="1.924528" intensity="9.740106e-001" type="0"/>
    <Peak1D F1="1.918177" intensity="1.302518e+000" type="0"/>
    <Peak1D F1="1.913641" intensity="1.197122e+000" type="0"/>
    <Peak1D F1="1.903063" intensity="7.609612e+000" type="0"/>
    <Peak1D F1="1.891867" intensity="6.448095e+000" type="0"/>
    <Peak1D F1="1.883476" intensity="1.500000e+001" type="0"/>
    <Peak1D F1="1.872718" intensity="5.781325e+000" type="0"/>
    <Peak1D F1="1.863978" intensity="4.938205e+000" type="0"/>
    <Peak1D F1="1.851969" intensity="7.292917e-001" type="0"/>
    <Peak1D F1="1.841975" intensity="4.588219e-001" type="0"/>
    <Peak1D F1="1.834023" intensity="3.906048e-001" type="0"/>
    <Peak1D F1="1.815164" intensity="1.745895e-001" type="0"/>
    <Peak1D F1="1.801474" intensity="1.149942e-001" type="0"/>
    <Peak1D F1="1.794316" intensity="9.694378e-002" type="0"/>
    <Peak1D F1="1.786112" intensity="9.323937e-002" type="0"/>
    <Peak1D F1="1.772639" intensity="7.746242e-002" type="0"/>
    <Peak1D F1="1.764460" intensity="6.931826e-002" type="0"/>
    <Peak1D F1="1.752181" intensity="8.346027e-002" type="0"/>
    <Peak1D F1="1.738470" intensity="1.236183e-001" type="0"/>
    <Peak1D F1="1.734490" intensity="1.143459e-001" type="0"/>
    <Peak1D F1="1.722290" intensity="1.609529e-001" type="0"/>
    <Peak1D F1="1.716811" intensity="2.049056e-001" type="0"/>
    <Peak1D F1="1.714053" intensity="1.989255e-001" type="0"/>
    <Peak1D F1="1.711114" intensity="2.041020e-001" type="0"/>
    <Peak1D F1="1.698732" intensity="3.913842e-001" type="0"/>
    <Peak1D F1="1.694919" intensity="4.597508e-001" type="0"/>
    <Peak1D F1="1.684802" intensity="2.860167e-001" type="0"/>
    <Peak1D F1="1.676472" intensity="7.749453e-001" type="0"/>
    <Peak1D F1="1.670216" intensity="5.565330e-001" type="0"/>
    <Peak1D F1="1.657531" intensity="5.415176e-001" type="0"/>
    <Peak1D F1="1.653872" intensity="4.966480e-001" type="0"/>
    <Peak1D F1="1.649694" intensity="5.249892e-001" type="0"/>
    <Peak1D F1="1.641903" intensity="3.976352e-001" type="0"/>
    <Peak1D F1="1.638222" intensity="3.930945e-001" type="0"/>
    <Peak1D F1="1.626177" intensity="2.565666e-001" type="0"/>
    <Peak1D F1="1.611359" intensity="2.052469e-001" type="0"/>
    <Peak1D F1="1.598680" intensity="8.364942e-002" type="0"/>
    <Peak1D F1="1.589266" intensity="6.308933e-002" type="0"/>
    <Peak1D F1="1.584392" intensity="5.826202e-002" type="0"/>
    <Peak1D F1="1.578772" intensity="5.258993e-002" type="0"/>
    <Peak1D F1="1.562845" intensity="5.427308e-002" type="0"/>
    <Peak1D F1="1.541099" intensity="9.720481e-002" type="0"/>
    <Peak1D F1="1.535078" intensity="9.925299e-002" type="0"/>
    <Peak1D F1="1.526064" intensity="1.478707e-001" type="0"/>
    <Peak1D F1="1.511425" intensity="1.947128e-001" type="0"/>
    <Peak1D F1="1.507451" intensity="2.818426e-001" type="0"/>
    <Peak1D F1="1.495280" intensity="1.454563e-001" type="0"/>
    <Peak1D F1="1.490038" intensity="3.177390e-001" type="0"/>
    <Peak1D F1="1.477947" intensity="2.699603e-001" type="0"/>
    <Peak1D F1="1.460136" intensity="2.206870e-001" type="0"/>
    <Peak1D F1="1.441622" intensity="7.708456e-002" type="0"/>
    <Peak1D F1="1.434083" intensity="5.687296e-002" type="0"/>
    <Peak1D F1="1.430356" intensity="5.452733e-002" type="0"/>
    <Peak1D F1="1.414076" intensity="2.376594e-002" type="0"/>
    <Peak1D F1="1.351184" intensity="2.134917e-002" type="0"/>
    <Peak1D F1="1.332201" intensity="1.194114e-002" type="0"/>
    <Peak1D F1="1.315758" intensity="1.138068e-002" type="0"/>
    <Peak1D F1="1.300981" intensity="1.104947e-002" type="0"/>
    <Peak1D F1="1.255371" intensity="1.576849e-002" type="0"/>
    <Peak1D F1="1.226563" intensity="2.454863e-002" type="0"/>
    <Peak1D F1="1.208669" intensity="2.359995e-002" type="0"/>
    <Peak1D F1="1.178596" intensity="5.317459e-002" type="0"/>
    <Peak1D F1="1.158284" intensity="1.356403e-002" type="0"/>
    <Peak1D F1="0.851462" intensity="4.132578e-003" type="0"/>
    <Peak1D F1="0.836883" intensity="4.246060e-003" type="0"/>
    <Peak1D F1="0.815572" intensity="9.190891e-003" type="0"/>
    <Peak1D F1="0.799726" intensity="1.811495e-002" type="0"/>
    <Peak1D F1="0.782200" intensity="1.257558e-002" type="0"/>
    <Peak1D F1="0.773032" intensity="1.350908e-002" type="0"/>
    <Peak1D F1="0.753537" intensity="1.370453e-002" type="0"/>
    <Peak1D F1="0.734131" intensity="8.971918e-003" type="0"/>
    <Peak1D F1="0.689543" intensity="2.760561e-003" type="0"/>
    <Peak1D F1="0.683608" intensity="2.850016e-003" type="0"/>
    <Peak1D F1="0.639951" intensity="2.463131e-003" type="0"/>
    <Peak1D F1="0.621678" intensity="2.398191e-003" type="0"/>
    <Peak1D F1="0.612998" intensity="2.328267e-003" type="0"/>
    <Peak1D F1="0.591293" intensity="2.325974e-003" type="0"/>
    <Peak1D F1="0.551241" intensity="2.154568e-003" type="0"/>
    <Peak1D F1="0.533417" intensity="1.974645e-003" type="0"/>
    <Peak1D F1="0.520095" intensity="1.841180e-003" type="0"/>
    <Peak1D F1="0.494230" intensity="2.017778e-003" type="0"/>
    <Peak1D F1="0.472184" intensity="1.984227e-003" type="0"/>
    <Peak1D F1="0.443808" intensity="1.790098e-003" type="0"/>
    <Peak1D F1="0.431198" intensity="1.508814e-003" type="0"/>
    <Peak1D F1="0.370596" intensity="1.409305e-003" type="0"/>
    <Peak1D F1="0.314486" intensity="1.480953e-003" type="0"/>
    <Peak1D F1="0.237869" intensity="1.229625e-003" type="0"/>
    <Peak1D F1="0.198957" intensity="1.208295e-003" type="0"/>
    <Peak1D F1="0.145395" intensity="1.297893e-003" type="0"/>
    <Peak1D F1="0.137202" intensity="1.233778e-003" type="0"/>
    <Peak1D F1="0.117808" intensity="1.209258e-003" type="0"/>
    <Peak1D F1="0.050008" intensity="2.969179e-003" type="0"/>
    <Peak1D F1="0.013258" intensity="5.466466e-003" type="0"/>
    <Peak1D F1="0.008538" intensity="7.342429e-003" type="0"/>
    <Peak1D F1="-0.000150" intensity="1.667317e-001" type="0"/>
    <Peak1D F1="-0.009065" intensity="7.896166e-003" type="0"/>
    <Peak1D F1="-0.027961" intensity="3.069343e-003" type="0"/>
    <Peak1D F1="-0.048588" intensity="2.757199e-003" type="0"/>
    <Peak1D F1="-0.148479" intensity="1.457783e-003" type="0"/>
    <Peak1D F1="-3.262771" intensity="1.514104e-003" type="0"/>
    <Peak1D F1="-3.529011" intensity="1.231761e-003" type="0"/>
    <Peak1D F1="-3.613225" intensity="1.449975e-003" type="0"/>
    <Peak1D F1="-3.687126" intensity="1.199076e-003" type="0"/>
    <Peak1D F1="-3.764048" intensity="1.325624e-003" type="0"/>
    <Peak1D F1="-3.842618" intensity="1.303309e-003" type="0"/>
  </PeakList1D>
</PeakList>
