<?xml version="1.0" encoding="UTF-8"?>
<PeakList>
  <PeakList1D>
    <PeakList1DHeader creator="nmr" date="2021-10-26T22:57:09.278+03:00" expNo="20" name="ID-450-A-26.10.21" owner="" procNo="1" source="//132.72.8.180/400b/Milo/Milo">
      <PeakPickDetails>F1=16.104750ppm, F2=-3.924296ppm, MI=0.00cm, MAXI=10000.00cm, PC=1.000
      </PeakPickDetails>
    </PeakList1DHeader>
    <Peak1D F1="12.892354" intensity="3.577643e-003" type="0"/>
    <Peak1D F1="12.547899" intensity="3.221857e-003" type="0"/>
    <Peak1D F1="10.093040" intensity="4.165394e-002" type="0"/>
    <Peak1D F1="8.362655" intensity="1.067131e-002" type="0"/>
    <Peak1D F1="8.340640" intensity="3.904510e-002" type="0"/>
    <Peak1D F1="8.319361" intensity="3.491275e-002" type="0"/>
    <Peak1D F1="8.248429" intensity="1.752143e-002" type="0"/>
    <Peak1D F1="8.226605" intensity="2.625029e-002" type="0"/>
    <Peak1D F1="8.210809" intensity="7.999221e-002" type="0"/>
    <Peak1D F1="8.206390" intensity="8.524803e-002" type="0"/>
    <Peak1D F1="8.189771" intensity="9.500954e-002" type="0"/>
    <Peak1D F1="8.184361" intensity="9.568284e-002" type="0"/>
    <Peak1D F1="8.156338" intensity="2.638230e+000" type="0"/>
    <Peak1D F1="8.134421" intensity="2.821543e+000" type="0"/>
    <Peak1D F1="8.105392" intensity="5.652450e-002" type="0"/>
    <Peak1D F1="8.084391" intensity="4.968627e-002" type="0"/>
    <Peak1D F1="8.051080" intensity="4.206536e-003" type="0"/>
    <Peak1D F1="8.021214" intensity="3.932051e-002" type="0"/>
    <Peak1D F1="7.999588" intensity="3.616493e-002" type="0"/>
    <Peak1D F1="7.944967" intensity="9.973225e-003" type="0"/>
    <Peak1D F1="7.919371" intensity="1.285349e-002" type="0"/>
    <Peak1D F1="7.899254" intensity="4.034427e-003" type="0"/>
    <Peak1D F1="7.879737" intensity="3.275402e-003" type="0"/>
    <Peak1D F1="7.857606" intensity="3.354616e-003" type="0"/>
    <Peak1D F1="7.683551" intensity="1.203367e-002" type="0"/>
    <Peak1D F1="7.661525" intensity="1.494689e-002" type="0"/>
    <Peak1D F1="7.641949" intensity="7.249373e-003" type="0"/>
    <Peak1D F1="7.620581" intensity="9.490498e-003" type="0"/>
    <Peak1D F1="7.609304" intensity="1.630159e-002" type="0"/>
    <Peak1D F1="7.587655" intensity="1.788672e-002" type="0"/>
    <Peak1D F1="7.571404" intensity="1.540421e-002" type="0"/>
    <Peak1D F1="7.549007" intensity="2.279406e-002" type="0"/>
    <Peak1D F1="7.529065" intensity="1.192516e-001" type="0"/>
    <Peak1D F1="7.506671" intensity="1.894602e-001" type="0"/>
    <Peak1D F1="7.480206" intensity="3.138320e+000" type="0"/>
    <Peak1D F1="7.458458" intensity="2.938471e+000" type="0"/>
    <Peak1D F1="7.441653" intensity="2.203676e-001" type="0"/>
    <Peak1D F1="7.429845" intensity="9.525468e-002" type="0"/>
    <Peak1D F1="7.408245" intensity="6.997692e-002" type="0"/>
    <Peak1D F1="7.376615" intensity="1.237752e-002" type="0"/>
    <Peak1D F1="7.354120" intensity="1.355804e-002" type="0"/>
    <Peak1D F1="7.329915" intensity="2.324288e-002" type="0"/>
    <Peak1D F1="7.309333" intensity="2.833060e-002" type="0"/>
    <Peak1D F1="7.294921" intensity="3.254975e-002" type="0"/>
    <Peak1D F1="7.274711" intensity="3.798783e-002" type="0"/>
    <Peak1D F1="7.249599" intensity="2.332465e-001" type="0"/>
    <Peak1D F1="7.224689" intensity="2.010239e-001" type="0"/>
    <Peak1D F1="7.199771" intensity="1.310079e+001" type="0"/>
    <Peak1D F1="7.149797" intensity="2.280054e-001" type="0"/>
    <Peak1D F1="7.127947" intensity="5.984171e-003" type="0"/>
    <Peak1D F1="7.105277" intensity="4.797809e-003" type="0"/>
    <Peak1D F1="7.098680" intensity="6.695674e-003" type="0"/>
    <Peak1D F1="7.038219" intensity="3.641001e-003" type="0"/>
    <Peak1D F1="7.015480" intensity="5.222346e-003" type="0"/>
    <Peak1D F1="6.994457" intensity="5.969486e-003" type="0"/>
    <Peak1D F1="6.935568" intensity="7.033929e-002" type="0"/>
    <Peak1D F1="6.903893" intensity="4.423031e-003" type="0"/>
    <Peak1D F1="6.885566" intensity="1.195960e-002" type="0"/>
    <Peak1D F1="6.829937" intensity="7.037373e-002" type="0"/>
    <Peak1D F1="6.825613" intensity="7.165442e-002" type="0"/>
    <Peak1D F1="6.813554" intensity="7.351182e-002" type="0"/>
    <Peak1D F1="6.807515" intensity="8.994795e-002" type="0"/>
    <Peak1D F1="6.791153" intensity="3.811472e-002" type="0"/>
    <Peak1D F1="6.785265" intensity="4.206892e-002" type="0"/>
    <Peak1D F1="6.453758" intensity="4.025951e-003" type="0"/>
    <Peak1D F1="6.429297" intensity="4.112155e-003" type="0"/>
    <Peak1D F1="6.384309" intensity="3.764530e-003" type="0"/>
    <Peak1D F1="6.317521" intensity="6.841543e-003" type="0"/>
    <Peak1D F1="6.296007" intensity="6.732800e-003" type="0"/>
    <Peak1D F1="6.269603" intensity="3.784620e-003" type="0"/>
    <Peak1D F1="6.250788" intensity="3.644750e-003" type="0"/>
    <Peak1D F1="6.215086" intensity="1.080528e-002" type="0"/>
    <Peak1D F1="6.189954" intensity="3.319922e-003" type="0"/>
    <Peak1D F1="6.164554" intensity="3.316419e-003" type="0"/>
    <Peak1D F1="6.117610" intensity="5.924551e-003" type="0"/>
    <Peak1D F1="6.066133" intensity="5.622865e-002" type="0"/>
    <Peak1D F1="6.016485" intensity="3.447995e+000" type="0"/>
    <Peak1D F1="5.982121" intensity="6.292189e-003" type="0"/>
    <Peak1D F1="5.966115" intensity="5.737702e-002" type="0"/>
    <Peak1D F1="5.881542" intensity="3.228935e-002" type="0"/>
    <Peak1D F1="5.869128" intensity="3.535328e-002" type="0"/>
    <Peak1D F1="5.814752" intensity="1.116391e-002" type="0"/>
    <Peak1D F1="5.761064" intensity="3.140943e-003" type="0"/>
    <Peak1D F1="5.591968" intensity="3.525632e-003" type="0"/>
    <Peak1D F1="5.545982" intensity="3.941132e-003" type="0"/>
    <Peak1D F1="5.391103" intensity="7.566680e-002" type="0"/>
    <Peak1D F1="5.350967" intensity="8.386122e-002" type="0"/>
    <Peak1D F1="5.302506" intensity="1.717114e-002" type="0"/>
    <Peak1D F1="5.273317" intensity="2.137521e-002" type="0"/>
    <Peak1D F1="5.231577" intensity="2.133053e-002" type="0"/>
    <Peak1D F1="5.175114" intensity="4.729716e-003" type="0"/>
    <Peak1D F1="4.974394" intensity="8.809572e-003" type="0"/>
    <Peak1D F1="4.950970" intensity="9.955839e-003" type="0"/>
    <Peak1D F1="4.894490" intensity="5.390760e-003" type="0"/>
    <Peak1D F1="4.876279" intensity="6.072315e-003" type="0"/>
    <Peak1D F1="4.844007" intensity="3.139533e-002" type="0"/>
    <Peak1D F1="4.821675" intensity="3.933284e-002" type="0"/>
    <Peak1D F1="4.794630" intensity="1.628090e+000" type="0"/>
    <Peak1D F1="4.771919" intensity="1.660013e+000" type="0"/>
    <Peak1D F1="4.743930" intensity="4.271934e-002" type="0"/>
    <Peak1D F1="4.732720" intensity="5.189867e-002" type="0"/>
    <Peak1D F1="4.721484" intensity="4.729505e-002" type="0"/>
    <Peak1D F1="4.683289" intensity="2.395242e+000" type="0"/>
    <Peak1D F1="4.632852" intensity="5.210332e-002" type="0"/>
    <Peak1D F1="4.611265" intensity="1.368435e-002" type="0"/>
    <Peak1D F1="4.588938" intensity="1.197725e-002" type="0"/>
    <Peak1D F1="4.572054" intensity="5.910160e-003" type="0"/>
    <Peak1D F1="4.490806" intensity="3.018864e-003" type="0"/>
    <Peak1D F1="4.469938" intensity="3.164670e-003" type="0"/>
    <Peak1D F1="3.956266" intensity="3.122787e-003" type="0"/>
    <Peak1D F1="3.945723" intensity="3.233982e-003" type="0"/>
    <Peak1D F1="3.877182" intensity="5.595106e-002" type="0"/>
    <Peak1D F1="3.810214" intensity="1.151843e-002" type="0"/>
    <Peak1D F1="3.748487" intensity="1.722222e-001" type="0"/>
    <Peak1D F1="3.699759" intensity="1.048200e+001" type="0"/>
    <Peak1D F1="3.649147" intensity="1.783185e-001" type="0"/>
    <Peak1D F1="3.598849" intensity="6.152831e-003" type="0"/>
    <Peak1D F1="3.574994" intensity="3.289683e-003" type="0"/>
    <Peak1D F1="3.517497" intensity="5.579100e-002" type="0"/>
    <Peak1D F1="2.954038" intensity="3.655334e-003" type="0"/>
    <Peak1D F1="2.943499" intensity="6.035119e-003" type="0"/>
    <Peak1D F1="2.916706" intensity="4.279432e-003" type="0"/>
    <Peak1D F1="2.811699" intensity="4.635019e-003" type="0"/>
    <Peak1D F1="2.796496" intensity="3.941040e-003" type="0"/>
    <Peak1D F1="2.770209" intensity="1.150589e-002" type="0"/>
    <Peak1D F1="2.747367" intensity="1.356377e-002" type="0"/>
    <Peak1D F1="2.740816" intensity="1.404073e-002" type="0"/>
    <Peak1D F1="2.729715" intensity="1.268960e-002" type="0"/>
    <Peak1D F1="2.721161" intensity="1.420135e-002" type="0"/>
    <Peak1D F1="2.709611" intensity="1.291078e-002" type="0"/>
    <Peak1D F1="2.677053" intensity="2.050278e-002" type="0"/>
    <Peak1D F1="2.624885" intensity="1.469240e-002" type="0"/>
    <Peak1D F1="2.602909" intensity="1.377441e-002" type="0"/>
    <Peak1D F1="2.559830" intensity="3.180157e-003" type="0"/>
    <Peak1D F1="2.510900" intensity="3.439189e-003" type="0"/>
    <Peak1D F1="2.484944" intensity="9.976734e-003" type="0"/>
    <Peak1D F1="2.431438" intensity="2.868472e-001" type="0"/>
    <Peak1D F1="2.413299" intensity="3.377906e-001" type="0"/>
    <Peak1D F1="2.409445" intensity="2.986166e-001" type="0"/>
    <Peak1D F1="2.385227" intensity="4.912933e-001" type="0"/>
    <Peak1D F1="2.360818" intensity="5.309769e-001" type="0"/>
    <Peak1D F1="2.355100" intensity="5.119974e-001" type="0"/>
    <Peak1D F1="2.331904" intensity="6.510205e-001" type="0"/>
    <Peak1D F1="2.324343" intensity="3.736089e-001" type="0"/>
    <Peak1D F1="2.311788" intensity="4.604719e-001" type="0"/>
    <Peak1D F1="2.301676" intensity="5.903704e-001" type="0"/>
    <Peak1D F1="2.281591" intensity="3.770990e-001" type="0"/>
    <Peak1D F1="2.249202" intensity="4.489926e-001" type="0"/>
    <Peak1D F1="2.226883" intensity="6.274208e-001" type="0"/>
    <Peak1D F1="2.200208" intensity="6.415996e-001" type="0"/>
    <Peak1D F1="2.178558" intensity="4.285542e-001" type="0"/>
    <Peak1D F1="2.174428" intensity="3.927161e-001" type="0"/>
    <Peak1D F1="2.166926" intensity="1.832244e-001" type="0"/>
    <Peak1D F1="2.151200" intensity="5.620203e-001" type="0"/>
    <Peak1D F1="2.145667" intensity="4.402841e-001" type="0"/>
    <Peak1D F1="2.116026" intensity="4.995619e+000" type="0"/>
    <Peak1D F1="2.096272" intensity="1.473705e+001" type="0"/>
    <Peak1D F1="2.085255" intensity="4.294603e+000" type="0"/>
    <Peak1D F1="2.077803" intensity="7.413018e+000" type="0"/>
    <Peak1D F1="2.050735" intensity="4.982644e-001" type="0"/>
    <Peak1D F1="2.046268" intensity="4.547708e-001" type="0"/>
    <Peak1D F1="2.027886" intensity="2.059754e-001" type="0"/>
    <Peak1D F1="1.999844" intensity="9.200781e-002" type="0"/>
    <Peak1D F1="1.983349" intensity="3.237103e-001" type="0"/>
    <Peak1D F1="1.960582" intensity="5.574349e-001" type="0"/>
    <Peak1D F1="1.956446" intensity="6.119112e-001" type="0"/>
    <Peak1D F1="1.951768" intensity="6.256742e-001" type="0"/>
    <Peak1D F1="1.940050" intensity="8.920687e-001" type="0"/>
    <Peak1D F1="1.932193" intensity="1.108285e+000" type="0"/>
    <Peak1D F1="1.929609" intensity="1.065820e+000" type="0"/>
    <Peak1D F1="1.925914" intensity="1.100748e+000" type="0"/>
    <Peak1D F1="1.920763" intensity="1.034526e+000" type="0"/>
    <Peak1D F1="1.910428" intensity="7.553765e+000" type="0"/>
    <Peak1D F1="1.899925" intensity="6.869205e+000" type="0"/>
    <Peak1D F1="1.891087" intensity="1.500000e+001" type="0"/>
    <Peak1D F1="1.882682" intensity="6.324514e+000" type="0"/>
    <Peak1D F1="1.880755" intensity="5.991677e+000" type="0"/>
    <Peak1D F1="1.871719" intensity="4.914702e+000" type="0"/>
    <Peak1D F1="1.860114" intensity="6.792476e-001" type="0"/>
    <Peak1D F1="1.849976" intensity="3.958597e-001" type="0"/>
    <Peak1D F1="1.840924" intensity="3.855804e-001" type="0"/>
    <Peak1D F1="1.832869" intensity="1.963402e-001" type="0"/>
    <Peak1D F1="1.821580" intensity="1.476279e-001" type="0"/>
    <Peak1D F1="1.809034" intensity="6.827052e-002" type="0"/>
    <Peak1D F1="1.798345" intensity="5.866777e-002" type="0"/>
    <Peak1D F1="1.778441" intensity="5.025475e-002" type="0"/>
    <Peak1D F1="1.759035" intensity="6.048338e-002" type="0"/>
    <Peak1D F1="1.744263" intensity="1.781852e-001" type="0"/>
    <Peak1D F1="1.728732" intensity="2.343650e-001" type="0"/>
    <Peak1D F1="1.723925" intensity="2.419100e-001" type="0"/>
    <Peak1D F1="1.716241" intensity="2.707578e-001" type="0"/>
    <Peak1D F1="1.707675" intensity="2.901180e-001" type="0"/>
    <Peak1D F1="1.700149" intensity="5.224341e-001" type="0"/>
    <Peak1D F1="1.690149" intensity="3.560356e-001" type="0"/>
    <Peak1D F1="1.681965" intensity="1.019127e+000" type="0"/>
    <Peak1D F1="1.671010" intensity="7.519952e-001" type="0"/>
    <Peak1D F1="1.658436" intensity="1.095479e+000" type="0"/>
    <Peak1D F1="1.643011" intensity="6.386563e-001" type="0"/>
    <Peak1D F1="1.638346" intensity="7.411877e-001" type="0"/>
    <Peak1D F1="1.626895" intensity="3.736069e-001" type="0"/>
    <Peak1D F1="1.622823" intensity="4.533090e-001" type="0"/>
    <Peak1D F1="1.618456" intensity="4.392211e-001" type="0"/>
    <Peak1D F1="1.587663" intensity="2.743534e-001" type="0"/>
    <Peak1D F1="1.551085" intensity="9.731615e-002" type="0"/>
    <Peak1D F1="1.535960" intensity="2.830237e-001" type="0"/>
    <Peak1D F1="1.520117" intensity="2.121848e-001" type="0"/>
    <Peak1D F1="1.512964" intensity="2.451746e-001" type="0"/>
    <Peak1D F1="1.501854" intensity="5.587103e-001" type="0"/>
    <Peak1D F1="1.484499" intensity="6.447479e-001" type="0"/>
    <Peak1D F1="1.471449" intensity="4.602695e-001" type="0"/>
    <Peak1D F1="1.454567" intensity="4.708703e-001" type="0"/>
    <Peak1D F1="1.443370" intensity="8.729070e-002" type="0"/>
    <Peak1D F1="1.436758" intensity="1.327260e-001" type="0"/>
    <Peak1D F1="1.431547" intensity="8.017667e-002" type="0"/>
    <Peak1D F1="1.424819" intensity="1.425507e-001" type="0"/>
    <Peak1D F1="1.404240" intensity="2.740215e-002" type="0"/>
    <Peak1D F1="1.373398" intensity="1.751399e-002" type="0"/>
    <Peak1D F1="1.354117" intensity="1.638005e-002" type="0"/>
    <Peak1D F1="1.342015" intensity="1.697355e-002" type="0"/>
    <Peak1D F1="1.323395" intensity="1.731037e-002" type="0"/>
    <Peak1D F1="1.307150" intensity="1.709288e-002" type="0"/>
    <Peak1D F1="1.232847" intensity="5.411565e-002" type="0"/>
    <Peak1D F1="1.184557" intensity="1.833355e-001" type="0"/>
    <Peak1D F1="1.091810" intensity="1.011523e-002" type="0"/>
    <Peak1D F1="1.038225" intensity="9.828886e-003" type="0"/>
    <Peak1D F1="0.993865" intensity="9.922941e-003" type="0"/>
    <Peak1D F1="0.959793" intensity="8.262977e-003" type="0"/>
    <Peak1D F1="0.920664" intensity="7.431169e-003" type="0"/>
    <Peak1D F1="0.874242" intensity="7.444269e-003" type="0"/>
    <Peak1D F1="0.852313" intensity="8.079814e-003" type="0"/>
    <Peak1D F1="0.824524" intensity="2.711294e-002" type="0"/>
    <Peak1D F1="0.808656" intensity="5.025001e-002" type="0"/>
    <Peak1D F1="0.790208" intensity="3.368212e-002" type="0"/>
    <Peak1D F1="0.772931" intensity="3.454479e-002" type="0"/>
    <Peak1D F1="0.754563" intensity="3.308244e-002" type="0"/>
    <Peak1D F1="0.735273" intensity="1.917868e-002" type="0"/>
    <Peak1D F1="0.679351" intensity="5.928489e-003" type="0"/>
    <Peak1D F1="0.609290" intensity="4.474045e-003" type="0"/>
    <Peak1D F1="0.577636" intensity="3.946381e-003" type="0"/>
    <Peak1D F1="0.520849" intensity="4.791105e-003" type="0"/>
    <Peak1D F1="0.501312" intensity="4.050168e-003" type="0"/>
    <Peak1D F1="0.485698" intensity="4.625941e-003" type="0"/>
    <Peak1D F1="0.447967" intensity="4.068919e-003" type="0"/>
    <Peak1D F1="0.409544" intensity="4.196524e-003" type="0"/>
    <Peak1D F1="0.259443" intensity="3.367573e-003" type="0"/>
    <Peak1D F1="0.240220" intensity="3.607097e-003" type="0"/>
    <Peak1D F1="0.146300" intensity="3.038915e-003" type="0"/>
    <Peak1D F1="0.094775" intensity="3.139788e-003" type="0"/>
    <Peak1D F1="0.048856" intensity="3.579620e-003" type="0"/>
    <Peak1D F1="-0.000157" intensity="1.170052e-001" type="0"/>
    <Peak1D F1="-0.065758" intensity="3.343398e-003" type="0"/>
    <Peak1D F1="-3.534375" intensity="3.376455e-003" type="0"/>
    <Peak1D F1="-3.644279" intensity="3.273268e-003" type="0"/>
  </PeakList1D>
</PeakList>
