<?xml version="1.0" encoding="UTF-8"?>
<PeakList>
  <PeakList1D>
    <PeakList1DHeader creator="nmr" date="2021-08-06T15:52:11.423+03:00" expNo="10" name="ID_422_H" owner="" procNo="1" source="//132.72.8.180/400b/Milo/Milo">
      <PeakPickDetails>F1=16.099449ppm, F2=-3.929596ppm, MI=0.00cm, MAXI=10000.00cm, PC=1.000
      </PeakPickDetails>
    </PeakList1DHeader>
    <Peak1D F1="12.980191" intensity="6.418470e-003" type="0"/>
    <Peak1D F1="11.474918" intensity="7.263119e-003" type="0"/>
    <Peak1D F1="10.094143" intensity="2.148766e-002" type="0"/>
    <Peak1D F1="8.371643" intensity="8.834211e-003" type="0"/>
    <Peak1D F1="8.341593" intensity="2.124847e-002" type="0"/>
    <Peak1D F1="8.320884" intensity="1.690849e-002" type="0"/>
    <Peak1D F1="8.230421" intensity="8.470333e-002" type="0"/>
    <Peak1D F1="8.209025" intensity="1.998149e-001" type="0"/>
    <Peak1D F1="8.187469" intensity="1.579300e-001" type="0"/>
    <Peak1D F1="8.177423" intensity="1.128390e-001" type="0"/>
    <Peak1D F1="8.172009" intensity="2.085883e-001" type="0"/>
    <Peak1D F1="8.165302" intensity="3.569210e-001" type="0"/>
    <Peak1D F1="8.159157" intensity="1.641541e+000" type="0"/>
    <Peak1D F1="8.154613" intensity="1.223128e+000" type="0"/>
    <Peak1D F1="8.149981" intensity="5.509040e-001" type="0"/>
    <Peak1D F1="8.142110" intensity="6.255903e-001" type="0"/>
    <Peak1D F1="8.137153" intensity="1.866476e+000" type="0"/>
    <Peak1D F1="8.132751" intensity="8.534141e-001" type="0"/>
    <Peak1D F1="8.109295" intensity="4.003954e-002" type="0"/>
    <Peak1D F1="8.104942" intensity="3.435171e-002" type="0"/>
    <Peak1D F1="8.087397" intensity="3.968571e-002" type="0"/>
    <Peak1D F1="8.068212" intensity="4.958390e-002" type="0"/>
    <Peak1D F1="8.048328" intensity="5.308557e-002" type="0"/>
    <Peak1D F1="8.020211" intensity="2.421519e-002" type="0"/>
    <Peak1D F1="7.998056" intensity="2.231938e-002" type="0"/>
    <Peak1D F1="7.943624" intensity="1.032657e-002" type="0"/>
    <Peak1D F1="7.928301" intensity="8.481785e-003" type="0"/>
    <Peak1D F1="7.860479" intensity="8.262337e-003" type="0"/>
    <Peak1D F1="7.854445" intensity="9.872099e-003" type="0"/>
    <Peak1D F1="7.830706" intensity="8.362128e-002" type="0"/>
    <Peak1D F1="7.824485" intensity="9.459183e-002" type="0"/>
    <Peak1D F1="7.810587" intensity="1.047960e-001" type="0"/>
    <Peak1D F1="7.804731" intensity="9.460603e-002" type="0"/>
    <Peak1D F1="7.784230" intensity="1.241974e-002" type="0"/>
    <Peak1D F1="7.742046" intensity="9.122253e-003" type="0"/>
    <Peak1D F1="7.730340" intensity="6.519105e-003" type="0"/>
    <Peak1D F1="7.724661" intensity="8.450740e-003" type="0"/>
    <Peak1D F1="7.680956" intensity="8.772424e-003" type="0"/>
    <Peak1D F1="7.663404" intensity="8.436295e-003" type="0"/>
    <Peak1D F1="7.634643" intensity="8.329482e-002" type="0"/>
    <Peak1D F1="7.612659" intensity="8.776915e-002" type="0"/>
    <Peak1D F1="7.583590" intensity="1.057922e-001" type="0"/>
    <Peak1D F1="7.563509" intensity="1.072475e-001" type="0"/>
    <Peak1D F1="7.540533" intensity="1.127406e-001" type="0"/>
    <Peak1D F1="7.530622" intensity="6.301747e-002" type="0"/>
    <Peak1D F1="7.519128" intensity="1.422055e-001" type="0"/>
    <Peak1D F1="7.503680" intensity="2.014080e-001" type="0"/>
    <Peak1D F1="7.492933" intensity="1.761519e-001" type="0"/>
    <Peak1D F1="7.479988" intensity="1.757368e+000" type="0"/>
    <Peak1D F1="7.458222" intensity="1.662552e+000" type="0"/>
    <Peak1D F1="7.439939" intensity="2.652652e-001" type="0"/>
    <Peak1D F1="7.434916" intensity="7.796069e-002" type="0"/>
    <Peak1D F1="7.408198" intensity="3.423985e-002" type="0"/>
    <Peak1D F1="7.388373" intensity="1.374942e-002" type="0"/>
    <Peak1D F1="7.321918" intensity="6.685673e-003" type="0"/>
    <Peak1D F1="7.294110" intensity="1.459410e-002" type="0"/>
    <Peak1D F1="7.272667" intensity="1.352497e-002" type="0"/>
    <Peak1D F1="7.254190" intensity="5.698143e-002" type="0"/>
    <Peak1D F1="7.244378" intensity="3.787657e-001" type="0"/>
    <Peak1D F1="7.235444" intensity="8.168654e-002" type="0"/>
    <Peak1D F1="7.223813" intensity="4.345245e-002" type="0"/>
    <Peak1D F1="7.194586" intensity="2.353345e+001" type="0"/>
    <Peak1D F1="7.182178" intensity="1.678943e-001" type="0"/>
    <Peak1D F1="7.169337" intensity="1.124651e-001" type="0"/>
    <Peak1D F1="7.162574" intensity="1.080590e-001" type="0"/>
    <Peak1D F1="7.144493" intensity="5.075974e-001" type="0"/>
    <Peak1D F1="7.110200" intensity="3.786591e-002" type="0"/>
    <Peak1D F1="6.985936" intensity="6.598206e-003" type="0"/>
    <Peak1D F1="6.964860" intensity="6.810921e-003" type="0"/>
    <Peak1D F1="6.930545" intensity="1.249596e-001" type="0"/>
    <Peak1D F1="6.312727" intensity="6.632033e-003" type="0"/>
    <Peak1D F1="6.216689" intensity="6.653997e-003" type="0"/>
    <Peak1D F1="6.117909" intensity="1.042279e-001" type="0"/>
    <Peak1D F1="6.068355" intensity="4.812209e-002" type="0"/>
    <Peak1D F1="6.059206" intensity="8.383529e-003" type="0"/>
    <Peak1D F1="6.018438" intensity="2.897985e+000" type="0"/>
    <Peak1D F1="6.015133" intensity="1.088647e+000" type="0"/>
    <Peak1D F1="5.968611" intensity="5.342442e-002" type="0"/>
    <Peak1D F1="5.946536" intensity="9.456851e-003" type="0"/>
    <Peak1D F1="5.935544" intensity="1.104893e-002" type="0"/>
    <Peak1D F1="5.816804" intensity="7.628853e-003" type="0"/>
    <Peak1D F1="5.799780" intensity="3.970651e-002" type="0"/>
    <Peak1D F1="5.792529" intensity="4.152321e-002" type="0"/>
    <Peak1D F1="5.758189" intensity="6.210620e-003" type="0"/>
    <Peak1D F1="5.646451" intensity="4.222519e-002" type="0"/>
    <Peak1D F1="5.619745" intensity="4.204062e-002" type="0"/>
    <Peak1D F1="5.553553" intensity="6.222482e-003" type="0"/>
    <Peak1D F1="5.527611" intensity="6.583410e-003" type="0"/>
    <Peak1D F1="5.490098" intensity="7.793655e-002" type="0"/>
    <Peak1D F1="5.472601" intensity="2.579654e-002" type="0"/>
    <Peak1D F1="5.465307" intensity="3.118779e-002" type="0"/>
    <Peak1D F1="5.422402" intensity="8.488446e-003" type="0"/>
    <Peak1D F1="5.391342" intensity="8.159813e-003" type="0"/>
    <Peak1D F1="5.356253" intensity="9.643150e-002" type="0"/>
    <Peak1D F1="5.350022" intensity="1.011876e-001" type="0"/>
    <Peak1D F1="5.296752" intensity="7.206713e-003" type="0"/>
    <Peak1D F1="5.270211" intensity="7.479227e-003" type="0"/>
    <Peak1D F1="4.970136" intensity="6.639372e-003" type="0"/>
    <Peak1D F1="4.910165" intensity="7.442314e-003" type="0"/>
    <Peak1D F1="4.888771" intensity="1.024273e-002" type="0"/>
    <Peak1D F1="4.855294" intensity="5.851914e-002" type="0"/>
    <Peak1D F1="4.840112" intensity="4.150315e-002" type="0"/>
    <Peak1D F1="4.834023" intensity="5.946293e-002" type="0"/>
    <Peak1D F1="4.818140" intensity="3.256816e-002" type="0"/>
    <Peak1D F1="4.790252" intensity="1.021071e+000" type="0"/>
    <Peak1D F1="4.767440" intensity="1.041365e+000" type="0"/>
    <Peak1D F1="4.740090" intensity="4.580131e-002" type="0"/>
    <Peak1D F1="4.716827" intensity="5.830827e-002" type="0"/>
    <Peak1D F1="4.668843" intensity="9.692974e-002" type="0"/>
    <Peak1D F1="4.607121" intensity="3.789137e-002" type="0"/>
    <Peak1D F1="4.583872" intensity="2.734986e-002" type="0"/>
    <Peak1D F1="4.539053" intensity="1.396410e-002" type="0"/>
    <Peak1D F1="4.494058" intensity="1.035987e-002" type="0"/>
    <Peak1D F1="4.458283" intensity="7.686860e-003" type="0"/>
    <Peak1D F1="4.446814" intensity="7.921770e-003" type="0"/>
    <Peak1D F1="4.432114" intensity="7.498125e-003" type="0"/>
    <Peak1D F1="4.416023" intensity="6.374838e-003" type="0"/>
    <Peak1D F1="4.388792" intensity="7.657513e-003" type="0"/>
    <Peak1D F1="4.368615" intensity="6.952694e-003" type="0"/>
    <Peak1D F1="3.915669" intensity="6.928646e-003" type="0"/>
    <Peak1D F1="3.878505" intensity="4.680041e-002" type="0"/>
    <Peak1D F1="3.862309" intensity="9.027406e-003" type="0"/>
    <Peak1D F1="3.844186" intensity="5.073940e-002" type="0"/>
    <Peak1D F1="3.823350" intensity="2.930265e-002" type="0"/>
    <Peak1D F1="3.811619" intensity="3.310433e-001" type="0"/>
    <Peak1D F1="3.804311" intensity="3.112473e-002" type="0"/>
    <Peak1D F1="3.762044" intensity="9.815929e-003" type="0"/>
    <Peak1D F1="3.751027" intensity="1.570245e-001" type="0"/>
    <Peak1D F1="3.745462" intensity="1.934290e-001" type="0"/>
    <Peak1D F1="3.733907" intensity="1.944653e-002" type="0"/>
    <Peak1D F1="3.701051" intensity="8.952971e+000" type="0"/>
    <Peak1D F1="3.697948" intensity="3.400790e+000" type="0"/>
    <Peak1D F1="3.651243" intensity="1.703115e-001" type="0"/>
    <Peak1D F1="3.647953" intensity="8.369361e-002" type="0"/>
    <Peak1D F1="3.626481" intensity="9.981141e-003" type="0"/>
    <Peak1D F1="3.613530" intensity="9.640741e-003" type="0"/>
    <Peak1D F1="3.592546" intensity="1.276973e-002" type="0"/>
    <Peak1D F1="3.578224" intensity="8.754968e-003" type="0"/>
    <Peak1D F1="3.518795" intensity="5.517158e-002" type="0"/>
    <Peak1D F1="3.484285" intensity="2.711385e-002" type="0"/>
    <Peak1D F1="3.468425" intensity="3.082692e-002" type="0"/>
    <Peak1D F1="3.418433" intensity="1.084252e+000" type="0"/>
    <Peak1D F1="3.413315" intensity="3.086159e-001" type="0"/>
    <Peak1D F1="3.369010" intensity="2.664024e-002" type="0"/>
    <Peak1D F1="3.363489" intensity="1.571313e-002" type="0"/>
    <Peak1D F1="3.348571" intensity="9.751818e-003" type="0"/>
    <Peak1D F1="3.335349" intensity="1.331524e-002" type="0"/>
    <Peak1D F1="3.326358" intensity="6.242604e-003" type="0"/>
    <Peak1D F1="3.266523" intensity="2.214657e-002" type="0"/>
    <Peak1D F1="3.240402" intensity="6.275706e-003" type="0"/>
    <Peak1D F1="2.942721" intensity="6.820220e-003" type="0"/>
    <Peak1D F1="2.771500" intensity="7.255658e-003" type="0"/>
    <Peak1D F1="2.745645" intensity="1.519250e-002" type="0"/>
    <Peak1D F1="2.723421" intensity="2.103292e-002" type="0"/>
    <Peak1D F1="2.619267" intensity="1.982762e-002" type="0"/>
    <Peak1D F1="2.580302" intensity="2.490747e-002" type="0"/>
    <Peak1D F1="2.561263" intensity="3.401269e-002" type="0"/>
    <Peak1D F1="2.547738" intensity="2.879946e-002" type="0"/>
    <Peak1D F1="2.519475" intensity="2.166263e-002" type="0"/>
    <Peak1D F1="2.496460" intensity="2.359328e-002" type="0"/>
    <Peak1D F1="2.473100" intensity="1.825747e-002" type="0"/>
    <Peak1D F1="2.437589" intensity="1.514843e-001" type="0"/>
    <Peak1D F1="2.433022" intensity="1.910341e-001" type="0"/>
    <Peak1D F1="2.416384" intensity="1.832998e-001" type="0"/>
    <Peak1D F1="2.412042" intensity="1.949137e-001" type="0"/>
    <Peak1D F1="2.407689" intensity="1.479521e-001" type="0"/>
    <Peak1D F1="2.388148" intensity="2.577902e-001" type="0"/>
    <Peak1D F1="2.384429" intensity="2.648368e-001" type="0"/>
    <Peak1D F1="2.377770" intensity="3.081166e-001" type="0"/>
    <Peak1D F1="2.363518" intensity="3.328245e-001" type="0"/>
    <Peak1D F1="2.346822" intensity="3.852274e-001" type="0"/>
    <Peak1D F1="2.338129" intensity="3.156438e-001" type="0"/>
    <Peak1D F1="2.327341" intensity="3.794046e-001" type="0"/>
    <Peak1D F1="2.320096" intensity="2.885430e-001" type="0"/>
    <Peak1D F1="2.313251" intensity="4.803651e-001" type="0"/>
    <Peak1D F1="2.308301" intensity="3.894024e-001" type="0"/>
    <Peak1D F1="2.297121" intensity="4.185924e-001" type="0"/>
    <Peak1D F1="2.277498" intensity="2.097192e-001" type="0"/>
    <Peak1D F1="2.265832" intensity="5.485217e-002" type="0"/>
    <Peak1D F1="2.252372" intensity="2.906217e-001" type="0"/>
    <Peak1D F1="2.247673" intensity="1.686262e-001" type="0"/>
    <Peak1D F1="2.236753" intensity="7.510670e-002" type="0"/>
    <Peak1D F1="2.230237" intensity="2.916808e-001" type="0"/>
    <Peak1D F1="2.225928" intensity="3.686758e-001" type="0"/>
    <Peak1D F1="2.203434" intensity="3.869871e-001" type="0"/>
    <Peak1D F1="2.182090" intensity="1.998665e-001" type="0"/>
    <Peak1D F1="2.177313" intensity="2.530097e-001" type="0"/>
    <Peak1D F1="2.172418" intensity="9.839777e-002" type="0"/>
    <Peak1D F1="2.154840" intensity="2.838185e-001" type="0"/>
    <Peak1D F1="2.146604" intensity="3.262913e-001" type="0"/>
    <Peak1D F1="2.143003" intensity="2.751342e-001" type="0"/>
    <Peak1D F1="2.138778" intensity="2.216559e-001" type="0"/>
    <Peak1D F1="2.134105" intensity="2.555512e-001" type="0"/>
    <Peak1D F1="2.116160" intensity="4.331254e+000" type="0"/>
    <Peak1D F1="2.114180" intensity="4.072371e+000" type="0"/>
    <Peak1D F1="2.108366" intensity="3.409391e+000" type="0"/>
    <Peak1D F1="2.106018" intensity="3.602848e+000" type="0"/>
    <Peak1D F1="2.096558" intensity="1.373980e+001" type="0"/>
    <Peak1D F1="2.085176" intensity="4.042211e+000" type="0"/>
    <Peak1D F1="2.077781" intensity="6.966378e+000" type="0"/>
    <Peak1D F1="2.062104" intensity="4.290312e-001" type="0"/>
    <Peak1D F1="2.056809" intensity="3.512248e-001" type="0"/>
    <Peak1D F1="2.053229" intensity="3.634596e-001" type="0"/>
    <Peak1D F1="2.050821" intensity="3.599768e-001" type="0"/>
    <Peak1D F1="2.047115" intensity="4.351027e-001" type="0"/>
    <Peak1D F1="2.027757" intensity="1.912083e-001" type="0"/>
    <Peak1D F1="1.987093" intensity="1.589694e-001" type="0"/>
    <Peak1D F1="1.982574" intensity="1.478863e-001" type="0"/>
    <Peak1D F1="1.970448" intensity="1.795221e-001" type="0"/>
    <Peak1D F1="1.965183" intensity="2.336336e-001" type="0"/>
    <Peak1D F1="1.959832" intensity="3.591622e-001" type="0"/>
    <Peak1D F1="1.954800" intensity="3.355373e-001" type="0"/>
    <Peak1D F1="1.950317" intensity="3.728380e-001" type="0"/>
    <Peak1D F1="1.941468" intensity="5.712012e-001" type="0"/>
    <Peak1D F1="1.937909" intensity="5.196725e-001" type="0"/>
    <Peak1D F1="1.932515" intensity="7.472759e-001" type="0"/>
    <Peak1D F1="1.929912" intensity="7.441324e-001" type="0"/>
    <Peak1D F1="1.926004" intensity="8.878930e-001" type="0"/>
    <Peak1D F1="1.920844" intensity="8.809218e-001" type="0"/>
    <Peak1D F1="1.910595" intensity="6.858281e+000" type="0"/>
    <Peak1D F1="1.899125" intensity="6.217505e+000" type="0"/>
    <Peak1D F1="1.891157" intensity="1.500000e+001" type="0"/>
    <Peak1D F1="1.882239" intensity="5.258841e+000" type="0"/>
    <Peak1D F1="1.880142" intensity="6.007125e+000" type="0"/>
    <Peak1D F1="1.871383" intensity="4.759745e+000" type="0"/>
    <Peak1D F1="1.859775" intensity="5.763568e-001" type="0"/>
    <Peak1D F1="1.858198" intensity="5.801702e-001" type="0"/>
    <Peak1D F1="1.849687" intensity="3.487858e-001" type="0"/>
    <Peak1D F1="1.841460" intensity="3.710290e-001" type="0"/>
    <Peak1D F1="1.830332" intensity="1.785127e-001" type="0"/>
    <Peak1D F1="1.821604" intensity="1.412140e-001" type="0"/>
    <Peak1D F1="1.760586" intensity="5.345786e-002" type="0"/>
    <Peak1D F1="1.745274" intensity="1.091934e-001" type="0"/>
    <Peak1D F1="1.729730" intensity="1.419217e-001" type="0"/>
    <Peak1D F1="1.724288" intensity="1.725917e-001" type="0"/>
    <Peak1D F1="1.717153" intensity="1.588426e-001" type="0"/>
    <Peak1D F1="1.708432" intensity="1.867598e-001" type="0"/>
    <Peak1D F1="1.701289" intensity="2.717082e-001" type="0"/>
    <Peak1D F1="1.697625" intensity="2.627551e-001" type="0"/>
    <Peak1D F1="1.688137" intensity="2.209187e-001" type="0"/>
    <Peak1D F1="1.681128" intensity="6.741049e-001" type="0"/>
    <Peak1D F1="1.675431" intensity="3.691891e-001" type="0"/>
    <Peak1D F1="1.671011" intensity="4.073835e-001" type="0"/>
    <Peak1D F1="1.657292" intensity="6.043870e-001" type="0"/>
    <Peak1D F1="1.652785" intensity="5.277600e-001" type="0"/>
    <Peak1D F1="1.641292" intensity="3.839002e-001" type="0"/>
    <Peak1D F1="1.636722" intensity="4.327237e-001" type="0"/>
    <Peak1D F1="1.632574" intensity="3.535272e-001" type="0"/>
    <Peak1D F1="1.625542" intensity="2.065962e-001" type="0"/>
    <Peak1D F1="1.620744" intensity="2.337811e-001" type="0"/>
    <Peak1D F1="1.617108" intensity="2.212586e-001" type="0"/>
    <Peak1D F1="1.590796" intensity="9.752727e-002" type="0"/>
    <Peak1D F1="1.534512" intensity="2.927507e-001" type="0"/>
    <Peak1D F1="1.518930" intensity="2.526911e-001" type="0"/>
    <Peak1D F1="1.512033" intensity="2.800987e-001" type="0"/>
    <Peak1D F1="1.500216" intensity="4.223422e-001" type="0"/>
    <Peak1D F1="1.482676" intensity="4.704075e-001" type="0"/>
    <Peak1D F1="1.469674" intensity="3.272791e-001" type="0"/>
    <Peak1D F1="1.453065" intensity="3.047472e-001" type="0"/>
    <Peak1D F1="1.441015" intensity="1.045926e-001" type="0"/>
    <Peak1D F1="1.435108" intensity="1.189429e-001" type="0"/>
    <Peak1D F1="1.428626" intensity="8.110420e-002" type="0"/>
    <Peak1D F1="1.423300" intensity="1.219221e-001" type="0"/>
    <Peak1D F1="1.401567" intensity="4.534081e-002" type="0"/>
    <Peak1D F1="1.365231" intensity="3.576345e-002" type="0"/>
    <Peak1D F1="1.340567" intensity="3.506964e-002" type="0"/>
    <Peak1D F1="1.320130" intensity="3.359017e-002" type="0"/>
    <Peak1D F1="1.294096" intensity="2.431607e-002" type="0"/>
    <Peak1D F1="1.263831" intensity="2.657929e-002" type="0"/>
    <Peak1D F1="1.232831" intensity="3.024895e-002" type="0"/>
    <Peak1D F1="1.186316" intensity="1.009338e-001" type="0"/>
    <Peak1D F1="1.141088" intensity="1.483456e-002" type="0"/>
    <Peak1D F1="1.121334" intensity="1.361687e-002" type="0"/>
    <Peak1D F1="1.080588" intensity="8.560890e-003" type="0"/>
    <Peak1D F1="1.074364" intensity="8.144176e-003" type="0"/>
    <Peak1D F1="1.044077" intensity="9.036093e-003" type="0"/>
    <Peak1D F1="1.022094" intensity="8.555334e-003" type="0"/>
    <Peak1D F1="1.006959" intensity="7.232435e-003" type="0"/>
    <Peak1D F1="0.996015" intensity="8.528811e-003" type="0"/>
    <Peak1D F1="0.957039" intensity="9.138015e-003" type="0"/>
    <Peak1D F1="0.949544" intensity="8.328561e-003" type="0"/>
    <Peak1D F1="0.935106" intensity="6.364844e-003" type="0"/>
    <Peak1D F1="0.914381" intensity="6.699822e-003" type="0"/>
    <Peak1D F1="0.870854" intensity="7.200645e-003" type="0"/>
    <Peak1D F1="0.828045" intensity="1.603239e-002" type="0"/>
    <Peak1D F1="0.810604" intensity="2.609609e-002" type="0"/>
    <Peak1D F1="0.792897" intensity="1.989836e-002" type="0"/>
    <Peak1D F1="0.775843" intensity="1.906498e-002" type="0"/>
    <Peak1D F1="0.758525" intensity="1.831583e-002" type="0"/>
    <Peak1D F1="0.715674" intensity="7.651015e-003" type="0"/>
    <Peak1D F1="0.620660" intensity="6.892141e-003" type="0"/>
    <Peak1D F1="0.417004" intensity="5.978522e-003" type="0"/>
    <Peak1D F1="0.049947" intensity="1.326996e-002" type="0"/>
    <Peak1D F1="0.029901" intensity="6.780510e-003" type="0"/>
    <Peak1D F1="0.022225" intensity="6.915033e-003" type="0"/>
    <Peak1D F1="0.009183" intensity="2.482972e-002" type="0"/>
    <Peak1D F1="-0.000157" intensity="5.813770e-001" type="0"/>
    <Peak1D F1="-0.049934" intensity="1.082365e-002" type="0"/>
    <Peak1D F1="-3.396131" intensity="6.175920e-003" type="0"/>
    <Peak1D F1="-3.455909" intensity="6.704772e-003" type="0"/>
  </PeakList1D>
</PeakList>
