<?xml version="1.0" encoding="UTF-8"?>
<PeakList>
  <PeakList1D>
    <PeakList1DHeader creator="nmr" date="2021-08-21T21:47:09.800+03:00" expNo="20" name="ID-427-G-21.8.21" owner="" procNo="1" source="//132.72.8.180/400b/Milo/Milo">
      <PeakPickDetails>F1=16.132219ppm, F2=-3.896827ppm, MI=0.00cm, MAXI=10000.00cm, PC=1.000
      </PeakPickDetails>
    </PeakList1DHeader>
    <Peak1D F1="12.911135" intensity="1.053893e-003" type="0"/>
    <Peak1D F1="11.805799" intensity="1.014640e-003" type="0"/>
    <Peak1D F1="11.717371" intensity="1.041968e-003" type="0"/>
    <Peak1D F1="11.529734" intensity="1.115127e-003" type="0"/>
    <Peak1D F1="10.311961" intensity="3.960005e-003" type="0"/>
    <Peak1D F1="10.243490" intensity="1.060515e-003" type="0"/>
    <Peak1D F1="10.200038" intensity="1.631740e-003" type="0"/>
    <Peak1D F1="10.141153" intensity="1.302139e-002" type="0"/>
    <Peak1D F1="10.122694" intensity="7.702141e-003" type="0"/>
    <Peak1D F1="10.118549" intensity="7.392084e-003" type="0"/>
    <Peak1D F1="10.091164" intensity="6.848443e-001" type="0"/>
    <Peak1D F1="10.087918" intensity="4.078299e-001" type="0"/>
    <Peak1D F1="10.059132" intensity="3.801733e-003" type="0"/>
    <Peak1D F1="10.042150" intensity="1.009759e-002" type="0"/>
    <Peak1D F1="10.037758" intensity="7.023925e-003" type="0"/>
    <Peak1D F1="9.865250" intensity="3.090565e-003" type="0"/>
    <Peak1D F1="8.544855" intensity="1.725677e-003" type="0"/>
    <Peak1D F1="8.528271" intensity="2.180572e-003" type="0"/>
    <Peak1D F1="8.441461" intensity="1.215307e-003" type="0"/>
    <Peak1D F1="8.385213" intensity="1.107887e-002" type="0"/>
    <Peak1D F1="8.364055" intensity="1.627171e-002" type="0"/>
    <Peak1D F1="8.359028" intensity="1.651308e-002" type="0"/>
    <Peak1D F1="8.335279" intensity="4.902310e-001" type="0"/>
    <Peak1D F1="8.331411" intensity="3.791916e-001" type="0"/>
    <Peak1D F1="8.313925" intensity="5.634188e-001" type="0"/>
    <Peak1D F1="8.309881" intensity="3.340791e-001" type="0"/>
    <Peak1D F1="8.286354" intensity="1.017239e-002" type="0"/>
    <Peak1D F1="8.263751" intensity="1.155490e-002" type="0"/>
    <Peak1D F1="8.259623" intensity="9.831586e-003" type="0"/>
    <Peak1D F1="8.240499" intensity="1.253673e-002" type="0"/>
    <Peak1D F1="8.235833" intensity="1.384482e-002" type="0"/>
    <Peak1D F1="8.228650" intensity="1.428018e-002" type="0"/>
    <Peak1D F1="8.218296" intensity="2.055015e-002" type="0"/>
    <Peak1D F1="8.201336" intensity="5.332090e-002" type="0"/>
    <Peak1D F1="8.197365" intensity="5.648227e-002" type="0"/>
    <Peak1D F1="8.189342" intensity="4.412555e-002" type="0"/>
    <Peak1D F1="8.179543" intensity="6.675052e-002" type="0"/>
    <Peak1D F1="8.176013" intensity="6.094109e-002" type="0"/>
    <Peak1D F1="8.168425" intensity="5.059838e-002" type="0"/>
    <Peak1D F1="8.164080" intensity="4.657982e-002" type="0"/>
    <Peak1D F1="8.148000" intensity="5.699885e-001" type="0"/>
    <Peak1D F1="8.144813" intensity="9.007091e-001" type="0"/>
    <Peak1D F1="8.139986" intensity="7.973892e-001" type="0"/>
    <Peak1D F1="8.136086" intensity="4.669269e-001" type="0"/>
    <Peak1D F1="8.131106" intensity="4.549176e-001" type="0"/>
    <Peak1D F1="8.126842" intensity="7.794390e-001" type="0"/>
    <Peak1D F1="8.122835" intensity="1.000679e+000" type="0"/>
    <Peak1D F1="8.118234" intensity="7.152038e-001" type="0"/>
    <Peak1D F1="8.114255" intensity="3.649445e-001" type="0"/>
    <Peak1D F1="8.090096" intensity="2.317706e-002" type="0"/>
    <Peak1D F1="8.075724" intensity="3.072013e-002" type="0"/>
    <Peak1D F1="8.072973" intensity="3.046289e-002" type="0"/>
    <Peak1D F1="8.068033" intensity="2.277346e-002" type="0"/>
    <Peak1D F1="8.051291" intensity="4.631548e-002" type="0"/>
    <Peak1D F1="8.048638" intensity="4.961335e-002" type="0"/>
    <Peak1D F1="8.043954" intensity="4.430597e-002" type="0"/>
    <Peak1D F1="8.025729" intensity="7.231378e-001" type="0"/>
    <Peak1D F1="8.022979" intensity="5.536596e-001" type="0"/>
    <Peak1D F1="8.017912" intensity="1.504683e-001" type="0"/>
    <Peak1D F1="8.005259" intensity="5.012304e-001" type="0"/>
    <Peak1D F1="8.003584" intensity="5.944170e-001" type="0"/>
    <Peak1D F1="8.000870" intensity="3.574616e-001" type="0"/>
    <Peak1D F1="7.975893" intensity="1.167521e-002" type="0"/>
    <Peak1D F1="7.953540" intensity="8.358320e-003" type="0"/>
    <Peak1D F1="7.933675" intensity="5.592889e-003" type="0"/>
    <Peak1D F1="7.916741" intensity="5.940054e-003" type="0"/>
    <Peak1D F1="7.842147" intensity="2.941727e-003" type="0"/>
    <Peak1D F1="7.827368" intensity="8.484666e-003" type="0"/>
    <Peak1D F1="7.814157" intensity="1.492822e-002" type="0"/>
    <Peak1D F1="7.796321" intensity="1.176042e-002" type="0"/>
    <Peak1D F1="7.791993" intensity="1.216329e-002" type="0"/>
    <Peak1D F1="7.775403" intensity="4.192865e-002" type="0"/>
    <Peak1D F1="7.758161" intensity="7.714163e-002" type="0"/>
    <Peak1D F1="7.743640" intensity="4.695754e-002" type="0"/>
    <Peak1D F1="7.739883" intensity="4.422306e-002" type="0"/>
    <Peak1D F1="7.708576" intensity="7.748422e-003" type="0"/>
    <Peak1D F1="7.689931" intensity="1.133171e-002" type="0"/>
    <Peak1D F1="7.670125" intensity="1.004057e-002" type="0"/>
    <Peak1D F1="7.613540" intensity="4.189081e-002" type="0"/>
    <Peak1D F1="7.592189" intensity="3.895478e-002" type="0"/>
    <Peak1D F1="7.564943" intensity="1.631443e-002" type="0"/>
    <Peak1D F1="7.542602" intensity="2.526410e-002" type="0"/>
    <Peak1D F1="7.522978" intensity="5.742504e-002" type="0"/>
    <Peak1D F1="7.512484" intensity="7.033197e-002" type="0"/>
    <Peak1D F1="7.481719" intensity="9.747286e-001" type="0"/>
    <Peak1D F1="7.479760" intensity="8.874627e-001" type="0"/>
    <Peak1D F1="7.460734" intensity="9.436166e-001" type="0"/>
    <Peak1D F1="7.457550" intensity="7.179561e-001" type="0"/>
    <Peak1D F1="7.434192" intensity="7.213677e-002" type="0"/>
    <Peak1D F1="7.413905" intensity="6.026595e-002" type="0"/>
    <Peak1D F1="7.411805" intensity="6.447216e-002" type="0"/>
    <Peak1D F1="7.404634" intensity="5.275809e-002" type="0"/>
    <Peak1D F1="7.399851" intensity="4.627008e-002" type="0"/>
    <Peak1D F1="7.394030" intensity="3.854888e-002" type="0"/>
    <Peak1D F1="7.389257" intensity="5.705972e-002" type="0"/>
    <Peak1D F1="7.384180" intensity="7.218749e-002" type="0"/>
    <Peak1D F1="7.381502" intensity="6.340512e-002" type="0"/>
    <Peak1D F1="7.379201" intensity="5.614389e-002" type="0"/>
    <Peak1D F1="7.375830" intensity="4.265016e-002" type="0"/>
    <Peak1D F1="7.368745" intensity="6.136734e-002" type="0"/>
    <Peak1D F1="7.365722" intensity="7.265218e-002" type="0"/>
    <Peak1D F1="7.360825" intensity="5.448163e-002" type="0"/>
    <Peak1D F1="7.355113" intensity="3.088439e-002" type="0"/>
    <Peak1D F1="7.350369" intensity="3.793363e-002" type="0"/>
    <Peak1D F1="7.345615" intensity="3.811582e-002" type="0"/>
    <Peak1D F1="7.340521" intensity="2.109300e-002" type="0"/>
    <Peak1D F1="7.314355" intensity="3.497176e-002" type="0"/>
    <Peak1D F1="7.310052" intensity="3.443118e-002" type="0"/>
    <Peak1D F1="7.276268" intensity="3.192420e-001" type="0"/>
    <Peak1D F1="7.268442" intensity="6.545227e-002" type="0"/>
    <Peak1D F1="7.263784" intensity="4.783466e-002" type="0"/>
    <Peak1D F1="7.251216" intensity="6.365030e-002" type="0"/>
    <Peak1D F1="7.227252" intensity="1.696435e+001" type="0"/>
    <Peak1D F1="7.193125" intensity="1.849535e-002" type="0"/>
    <Peak1D F1="7.176292" intensity="2.818962e-001" type="0"/>
    <Peak1D F1="7.160216" intensity="2.211017e-002" type="0"/>
    <Peak1D F1="7.137268" intensity="6.298988e-002" type="0"/>
    <Peak1D F1="7.135070" intensity="6.363704e-002" type="0"/>
    <Peak1D F1="7.132820" intensity="5.176932e-002" type="0"/>
    <Peak1D F1="7.118787" intensity="9.191103e-002" type="0"/>
    <Peak1D F1="7.116648" intensity="9.802851e-002" type="0"/>
    <Peak1D F1="7.114391" intensity="7.975942e-002" type="0"/>
    <Peak1D F1="7.100418" intensity="4.620973e-002" type="0"/>
    <Peak1D F1="7.098265" intensity="4.697779e-002" type="0"/>
    <Peak1D F1="7.096004" intensity="3.714917e-002" type="0"/>
    <Peak1D F1="7.070592" intensity="1.699526e-003" type="0"/>
    <Peak1D F1="7.042111" intensity="1.374335e-003" type="0"/>
    <Peak1D F1="7.011852" intensity="5.274095e-003" type="0"/>
    <Peak1D F1="6.988460" intensity="5.748186e-002" type="0"/>
    <Peak1D F1="6.962346" intensity="1.782314e-001" type="0"/>
    <Peak1D F1="6.940905" intensity="5.087152e-002" type="0"/>
    <Peak1D F1="6.911574" intensity="3.754765e-003" type="0"/>
    <Peak1D F1="6.761644" intensity="1.002031e-002" type="0"/>
    <Peak1D F1="6.322601" intensity="7.837983e-003" type="0"/>
    <Peak1D F1="6.205307" intensity="3.666767e-002" type="0"/>
    <Peak1D F1="6.145463" intensity="2.034785e-003" type="0"/>
    <Peak1D F1="6.114632" intensity="4.679921e-002" type="0"/>
    <Peak1D F1="6.111312" intensity="3.515076e-002" type="0"/>
    <Peak1D F1="6.093688" intensity="9.542824e-002" type="0"/>
    <Peak1D F1="6.090432" intensity="6.742026e-002" type="0"/>
    <Peak1D F1="6.060023" intensity="2.617604e-002" type="0"/>
    <Peak1D F1="6.056719" intensity="2.883080e-002" type="0"/>
    <Peak1D F1="6.051803" intensity="3.809739e-002" type="0"/>
    <Peak1D F1="6.049251" intensity="4.259972e-002" type="0"/>
    <Peak1D F1="6.033855" intensity="2.404759e-002" type="0"/>
    <Peak1D F1="6.030445" intensity="2.380035e-002" type="0"/>
    <Peak1D F1="6.010208" intensity="9.771049e-001" type="0"/>
    <Peak1D F1="6.006782" intensity="1.627918e+000" type="0"/>
    <Peak1D F1="6.002322" intensity="8.927031e-001" type="0"/>
    <Peak1D F1="5.987275" intensity="2.162834e-002" type="0"/>
    <Peak1D F1="5.975053" intensity="1.543486e-002" type="0"/>
    <Peak1D F1="5.959785" intensity="2.207118e-002" type="0"/>
    <Peak1D F1="5.956924" intensity="2.476960e-002" type="0"/>
    <Peak1D F1="5.952382" intensity="1.733382e-002" type="0"/>
    <Peak1D F1="5.934800" intensity="2.571504e-003" type="0"/>
    <Peak1D F1="5.917474" intensity="1.795249e-003" type="0"/>
    <Peak1D F1="5.892160" intensity="1.278345e-003" type="0"/>
    <Peak1D F1="5.805366" intensity="6.654213e-003" type="0"/>
    <Peak1D F1="5.703458" intensity="1.045832e-003" type="0"/>
    <Peak1D F1="5.675598" intensity="1.019774e-003" type="0"/>
    <Peak1D F1="5.515191" intensity="2.506925e-003" type="0"/>
    <Peak1D F1="5.470790" intensity="1.722390e-002" type="0"/>
    <Peak1D F1="5.438877" intensity="1.513790e-002" type="0"/>
    <Peak1D F1="5.393803" intensity="1.121438e-002" type="0"/>
    <Peak1D F1="5.368676" intensity="1.268762e-002" type="0"/>
    <Peak1D F1="5.342544" intensity="1.509263e-001" type="0"/>
    <Peak1D F1="5.300052" intensity="2.885689e-003" type="0"/>
    <Peak1D F1="5.293481" intensity="3.012888e-003" type="0"/>
    <Peak1D F1="5.277341" intensity="1.583774e-003" type="0"/>
    <Peak1D F1="5.262753" intensity="1.496541e-003" type="0"/>
    <Peak1D F1="5.216569" intensity="1.283555e-003" type="0"/>
    <Peak1D F1="4.996205" intensity="3.165103e-003" type="0"/>
    <Peak1D F1="4.974770" intensity="3.316163e-003" type="0"/>
    <Peak1D F1="4.924352" intensity="6.674554e-003" type="0"/>
    <Peak1D F1="4.903164" intensity="1.070927e-002" type="0"/>
    <Peak1D F1="4.892038" intensity="1.298319e-002" type="0"/>
    <Peak1D F1="4.867397" intensity="2.935225e-002" type="0"/>
    <Peak1D F1="4.845343" intensity="2.814303e-002" type="0"/>
    <Peak1D F1="4.817552" intensity="7.098580e-001" type="0"/>
    <Peak1D F1="4.795375" intensity="7.207679e-001" type="0"/>
    <Peak1D F1="4.767804" intensity="1.386993e-002" type="0"/>
    <Peak1D F1="4.745015" intensity="1.343931e-002" type="0"/>
    <Peak1D F1="4.715594" intensity="2.295583e-003" type="0"/>
    <Peak1D F1="4.683603" intensity="1.447578e-003" type="0"/>
    <Peak1D F1="4.653927" intensity="1.395331e-003" type="0"/>
    <Peak1D F1="4.634414" intensity="4.093322e-003" type="0"/>
    <Peak1D F1="4.611343" intensity="4.131430e-003" type="0"/>
    <Peak1D F1="4.596867" intensity="1.217707e-003" type="0"/>
    <Peak1D F1="4.565718" intensity="1.257610e-003" type="0"/>
    <Peak1D F1="4.516695" intensity="2.484743e-003" type="0"/>
    <Peak1D F1="4.495852" intensity="2.238552e-003" type="0"/>
    <Peak1D F1="4.469666" intensity="1.107281e-003" type="0"/>
    <Peak1D F1="4.409448" intensity="2.457573e-003" type="0"/>
    <Peak1D F1="4.389613" intensity="2.407467e-003" type="0"/>
    <Peak1D F1="4.385579" intensity="2.574606e-003" type="0"/>
    <Peak1D F1="4.327282" intensity="1.146510e-003" type="0"/>
    <Peak1D F1="4.318621" intensity="1.292407e-003" type="0"/>
    <Peak1D F1="4.057657" intensity="2.089550e-003" type="0"/>
    <Peak1D F1="4.039305" intensity="1.683620e-003" type="0"/>
    <Peak1D F1="4.019406" intensity="1.029043e-003" type="0"/>
    <Peak1D F1="3.985178" intensity="1.194325e-003" type="0"/>
    <Peak1D F1="3.922302" intensity="1.050910e-003" type="0"/>
    <Peak1D F1="3.873067" intensity="1.636855e-002" type="0"/>
    <Peak1D F1="3.869906" intensity="2.614449e-002" type="0"/>
    <Peak1D F1="3.865625" intensity="1.520196e-002" type="0"/>
    <Peak1D F1="3.841058" intensity="5.843295e-002" type="0"/>
    <Peak1D F1="3.837556" intensity="3.505050e-002" type="0"/>
    <Peak1D F1="3.814625" intensity="2.360090e-002" type="0"/>
    <Peak1D F1="3.810924" intensity="4.241522e-002" type="0"/>
    <Peak1D F1="3.806614" intensity="9.120879e-002" type="0"/>
    <Peak1D F1="3.803520" intensity="1.260900e-001" type="0"/>
    <Peak1D F1="3.799385" intensity="6.834010e-002" type="0"/>
    <Peak1D F1="3.748682" intensity="2.052834e-001" type="0"/>
    <Peak1D F1="3.744843" intensity="2.290829e-001" type="0"/>
    <Peak1D F1="3.738225" intensity="1.055850e-001" type="0"/>
    <Peak1D F1="3.721766" intensity="5.217682e-002" type="0"/>
    <Peak1D F1="3.717815" intensity="5.325061e-002" type="0"/>
    <Peak1D F1="3.702458" intensity="4.531291e-001" type="0"/>
    <Peak1D F1="3.695747" intensity="2.972962e+000" type="0"/>
    <Peak1D F1="3.692472" intensity="5.117093e+000" type="0"/>
    <Peak1D F1="3.688255" intensity="2.808777e+000" type="0"/>
    <Peak1D F1="3.659527" intensity="8.675806e-002" type="0"/>
    <Peak1D F1="3.645141" intensity="7.855418e-002" type="0"/>
    <Peak1D F1="3.642614" intensity="8.691040e-002" type="0"/>
    <Peak1D F1="3.638374" intensity="6.220347e-002" type="0"/>
    <Peak1D F1="3.631340" intensity="1.710983e-002" type="0"/>
    <Peak1D F1="3.609171" intensity="9.600397e-003" type="0"/>
    <Peak1D F1="3.595340" intensity="5.266379e-003" type="0"/>
    <Peak1D F1="3.566001" intensity="3.831977e-003" type="0"/>
    <Peak1D F1="3.513475" intensity="1.781317e-002" type="0"/>
    <Peak1D F1="3.510237" intensity="2.770783e-002" type="0"/>
    <Peak1D F1="3.506085" intensity="1.646531e-002" type="0"/>
    <Peak1D F1="3.471927" intensity="6.199991e-003" type="0"/>
    <Peak1D F1="3.448822" intensity="5.080106e-002" type="0"/>
    <Peak1D F1="3.445514" intensity="4.298334e-002" type="0"/>
    <Peak1D F1="3.406958" intensity="1.768720e-003" type="0"/>
    <Peak1D F1="3.397944" intensity="2.060756e-003" type="0"/>
    <Peak1D F1="3.336227" intensity="1.177304e-003" type="0"/>
    <Peak1D F1="3.306245" intensity="1.477427e-003" type="0"/>
    <Peak1D F1="3.287908" intensity="1.422656e-003" type="0"/>
    <Peak1D F1="3.267631" intensity="1.287974e-003" type="0"/>
    <Peak1D F1="3.240247" intensity="1.474353e-003" type="0"/>
    <Peak1D F1="3.216527" intensity="1.232110e-003" type="0"/>
    <Peak1D F1="3.166403" intensity="2.297341e-003" type="0"/>
    <Peak1D F1="3.134329" intensity="1.320631e-002" type="0"/>
    <Peak1D F1="3.110409" intensity="1.634037e-003" type="0"/>
    <Peak1D F1="3.083133" intensity="2.094816e-003" type="0"/>
    <Peak1D F1="3.075385" intensity="1.401968e-003" type="0"/>
    <Peak1D F1="3.053169" intensity="1.507973e-003" type="0"/>
    <Peak1D F1="3.013444" intensity="1.737836e-003" type="0"/>
    <Peak1D F1="2.955340" intensity="1.431423e-002" type="0"/>
    <Peak1D F1="2.940766" intensity="2.359938e-002" type="0"/>
    <Peak1D F1="2.925259" intensity="1.507615e-002" type="0"/>
    <Peak1D F1="2.871549" intensity="2.701022e-003" type="0"/>
    <Peak1D F1="2.793064" intensity="6.482014e-003" type="0"/>
    <Peak1D F1="2.769016" intensity="9.144557e-003" type="0"/>
    <Peak1D F1="2.758834" intensity="9.600219e-003" type="0"/>
    <Peak1D F1="2.735953" intensity="6.609483e-003" type="0"/>
    <Peak1D F1="2.701097" intensity="5.222833e-003" type="0"/>
    <Peak1D F1="2.679116" intensity="5.943906e-003" type="0"/>
    <Peak1D F1="2.649384" intensity="6.823862e-003" type="0"/>
    <Peak1D F1="2.628906" intensity="5.730748e-003" type="0"/>
    <Peak1D F1="2.540568" intensity="1.141128e-002" type="0"/>
    <Peak1D F1="2.518859" intensity="1.206844e-002" type="0"/>
    <Peak1D F1="2.496750" intensity="1.264255e-002" type="0"/>
    <Peak1D F1="2.487634" intensity="1.330172e-002" type="0"/>
    <Peak1D F1="2.479780" intensity="1.234318e-002" type="0"/>
    <Peak1D F1="2.467299" intensity="1.805885e-002" type="0"/>
    <Peak1D F1="2.457273" intensity="1.850663e-002" type="0"/>
    <Peak1D F1="2.446094" intensity="1.857416e-002" type="0"/>
    <Peak1D F1="2.436209" intensity="2.459717e-002" type="0"/>
    <Peak1D F1="2.412042" intensity="1.314810e-001" type="0"/>
    <Peak1D F1="2.406509" intensity="1.292295e-001" type="0"/>
    <Peak1D F1="2.400745" intensity="1.400755e-001" type="0"/>
    <Peak1D F1="2.395834" intensity="1.523782e-001" type="0"/>
    <Peak1D F1="2.391012" intensity="1.604852e-001" type="0"/>
    <Peak1D F1="2.386252" intensity="1.618264e-001" type="0"/>
    <Peak1D F1="2.371762" intensity="2.546831e-001" type="0"/>
    <Peak1D F1="2.368733" intensity="2.481292e-001" type="0"/>
    <Peak1D F1="2.364165" intensity="2.430352e-001" type="0"/>
    <Peak1D F1="2.352943" intensity="3.669216e-001" type="0"/>
    <Peak1D F1="2.342793" intensity="3.411736e-001" type="0"/>
    <Peak1D F1="2.332666" intensity="2.299814e-001" type="0"/>
    <Peak1D F1="2.321756" intensity="2.686321e-001" type="0"/>
    <Peak1D F1="2.301775" intensity="1.382496e-001" type="0"/>
    <Peak1D F1="2.291446" intensity="7.115221e-002" type="0"/>
    <Peak1D F1="2.281006" intensity="5.320182e-002" type="0"/>
    <Peak1D F1="2.270792" intensity="9.013022e-002" type="0"/>
    <Peak1D F1="2.267661" intensity="9.097993e-002" type="0"/>
    <Peak1D F1="2.250075" intensity="1.054352e-001" type="0"/>
    <Peak1D F1="2.232267" intensity="1.226029e-001" type="0"/>
    <Peak1D F1="2.228513" intensity="1.464676e-001" type="0"/>
    <Peak1D F1="2.223418" intensity="1.008824e-001" type="0"/>
    <Peak1D F1="2.217004" intensity="6.903356e-002" type="0"/>
    <Peak1D F1="2.205967" intensity="2.228091e-001" type="0"/>
    <Peak1D F1="2.201412" intensity="2.077980e-001" type="0"/>
    <Peak1D F1="2.195585" intensity="1.342172e-001" type="0"/>
    <Peak1D F1="2.183841" intensity="2.020614e-001" type="0"/>
    <Peak1D F1="2.179525" intensity="2.543657e-001" type="0"/>
    <Peak1D F1="2.173527" intensity="1.918318e-001" type="0"/>
    <Peak1D F1="2.157597" intensity="2.934103e-001" type="0"/>
    <Peak1D F1="2.152849" intensity="3.084596e-001" type="0"/>
    <Peak1D F1="2.138615" intensity="5.136420e-001" type="0"/>
    <Peak1D F1="2.134772" intensity="5.684579e-001" type="0"/>
    <Peak1D F1="2.130487" intensity="5.428678e-001" type="0"/>
    <Peak1D F1="2.108332" intensity="5.413097e+000" type="0"/>
    <Peak1D F1="2.105928" intensity="5.419758e+000" type="0"/>
    <Peak1D F1="2.104253" intensity="5.491615e+000" type="0"/>
    <Peak1D F1="2.100457" intensity="5.428366e+000" type="0"/>
    <Peak1D F1="2.098210" intensity="5.884315e+000" type="0"/>
    <Peak1D F1="2.088986" intensity="1.499628e+001" type="0"/>
    <Peak1D F1="2.085191" intensity="1.241399e+001" type="0"/>
    <Peak1D F1="2.077318" intensity="5.950933e+000" type="0"/>
    <Peak1D F1="2.072347" intensity="7.583839e+000" type="0"/>
    <Peak1D F1="2.070504" intensity="7.696971e+000" type="0"/>
    <Peak1D F1="2.049368" intensity="6.125661e-001" type="0"/>
    <Peak1D F1="2.045356" intensity="5.748149e-001" type="0"/>
    <Peak1D F1="2.042705" intensity="5.987210e-001" type="0"/>
    <Peak1D F1="2.039723" intensity="5.793163e-001" type="0"/>
    <Peak1D F1="2.035349" intensity="4.778785e-001" type="0"/>
    <Peak1D F1="2.022811" intensity="2.597949e-001" type="0"/>
    <Peak1D F1="1.998912" intensity="1.280975e-001" type="0"/>
    <Peak1D F1="1.973154" intensity="2.230563e-001" type="0"/>
    <Peak1D F1="1.969514" intensity="2.270359e-001" type="0"/>
    <Peak1D F1="1.964258" intensity="2.335520e-001" type="0"/>
    <Peak1D F1="1.952284" intensity="4.573344e-001" type="0"/>
    <Peak1D F1="1.937786" intensity="7.212022e-001" type="0"/>
    <Peak1D F1="1.925585" intensity="1.275490e+000" type="0"/>
    <Peak1D F1="1.922494" intensity="1.436136e+000" type="0"/>
    <Peak1D F1="1.918992" intensity="1.398427e+000" type="0"/>
    <Peak1D F1="1.907819" intensity="7.423074e+000" type="0"/>
    <Peak1D F1="1.904412" intensity="7.005388e+000" type="0"/>
    <Peak1D F1="1.900569" intensity="6.846966e+000" type="0"/>
    <Peak1D F1="1.895407" intensity="8.267122e+000" type="0"/>
    <Peak1D F1="1.887936" intensity="1.500000e+001" type="0"/>
    <Peak1D F1="1.884546" intensity="1.121358e+001" type="0"/>
    <Peak1D F1="1.879893" intensity="7.319208e+000" type="0"/>
    <Peak1D F1="1.876776" intensity="7.013833e+000" type="0"/>
    <Peak1D F1="1.872677" intensity="5.180724e+000" type="0"/>
    <Peak1D F1="1.870863" intensity="4.999124e+000" type="0"/>
    <Peak1D F1="1.868993" intensity="4.967054e+000" type="0"/>
    <Peak1D F1="1.854630" intensity="8.379248e-001" type="0"/>
    <Peak1D F1="1.846786" intensity="5.455047e-001" type="0"/>
    <Peak1D F1="1.841473" intensity="4.821018e-001" type="0"/>
    <Peak1D F1="1.834738" intensity="3.646550e-001" type="0"/>
    <Peak1D F1="1.822698" intensity="2.085872e-001" type="0"/>
    <Peak1D F1="1.757048" intensity="8.179619e-002" type="0"/>
    <Peak1D F1="1.739462" intensity="1.290463e-001" type="0"/>
    <Peak1D F1="1.721291" intensity="1.771862e-001" type="0"/>
    <Peak1D F1="1.717801" intensity="1.738544e-001" type="0"/>
    <Peak1D F1="1.715647" intensity="1.721496e-001" type="0"/>
    <Peak1D F1="1.699618" intensity="3.235734e-001" type="0"/>
    <Peak1D F1="1.696054" intensity="3.007239e-001" type="0"/>
    <Peak1D F1="1.679127" intensity="5.178703e-001" type="0"/>
    <Peak1D F1="1.657424" intensity="3.713757e-001" type="0"/>
    <Peak1D F1="1.641952" intensity="2.470882e-001" type="0"/>
    <Peak1D F1="1.617976" intensity="1.176479e-001" type="0"/>
    <Peak1D F1="1.615211" intensity="1.176356e-001" type="0"/>
    <Peak1D F1="1.563578" intensity="4.333125e-002" type="0"/>
    <Peak1D F1="1.543811" intensity="6.968410e-002" type="0"/>
    <Peak1D F1="1.527620" intensity="1.022946e-001" type="0"/>
    <Peak1D F1="1.510198" intensity="1.902617e-001" type="0"/>
    <Peak1D F1="1.491806" intensity="2.004666e-001" type="0"/>
    <Peak1D F1="1.479297" intensity="1.783214e-001" type="0"/>
    <Peak1D F1="1.462227" intensity="1.657958e-001" type="0"/>
    <Peak1D F1="1.443815" intensity="5.610248e-002" type="0"/>
    <Peak1D F1="1.432434" intensity="4.499710e-002" type="0"/>
    <Peak1D F1="1.387124" intensity="1.821656e-002" type="0"/>
    <Peak1D F1="1.372176" intensity="1.970107e-002" type="0"/>
    <Peak1D F1="1.356709" intensity="1.794900e-002" type="0"/>
    <Peak1D F1="1.341355" intensity="1.717288e-002" type="0"/>
    <Peak1D F1="1.322187" intensity="1.705970e-002" type="0"/>
    <Peak1D F1="1.308878" intensity="1.552183e-002" type="0"/>
    <Peak1D F1="1.225853" intensity="3.556662e-002" type="0"/>
    <Peak1D F1="1.184582" intensity="8.900904e-002" type="0"/>
    <Peak1D F1="1.166731" intensity="3.001501e-002" type="0"/>
    <Peak1D F1="1.163081" intensity="3.143699e-002" type="0"/>
    <Peak1D F1="1.159476" intensity="3.050778e-002" type="0"/>
    <Peak1D F1="1.154480" intensity="2.486485e-002" type="0"/>
    <Peak1D F1="1.150923" intensity="2.130025e-002" type="0"/>
    <Peak1D F1="1.147131" intensity="1.846475e-002" type="0"/>
    <Peak1D F1="1.141873" intensity="1.811292e-002" type="0"/>
    <Peak1D F1="1.125139" intensity="1.079560e-002" type="0"/>
    <Peak1D F1="1.096116" intensity="7.905755e-003" type="0"/>
    <Peak1D F1="1.074458" intensity="7.805761e-003" type="0"/>
    <Peak1D F1="1.040897" intensity="9.228738e-003" type="0"/>
    <Peak1D F1="1.023421" intensity="8.315349e-003" type="0"/>
    <Peak1D F1="1.003983" intensity="6.199372e-003" type="0"/>
    <Peak1D F1="0.977270" intensity="5.897901e-003" type="0"/>
    <Peak1D F1="0.955175" intensity="5.934152e-003" type="0"/>
    <Peak1D F1="0.936855" intensity="5.553970e-003" type="0"/>
    <Peak1D F1="0.907823" intensity="6.074724e-003" type="0"/>
    <Peak1D F1="0.822325" intensity="3.219546e-002" type="0"/>
    <Peak1D F1="0.818983" intensity="3.306741e-002" type="0"/>
    <Peak1D F1="0.805670" intensity="7.210839e-002" type="0"/>
    <Peak1D F1="0.788271" intensity="3.419255e-002" type="0"/>
    <Peak1D F1="0.758115" intensity="9.013365e-003" type="0"/>
    <Peak1D F1="0.739799" intensity="6.275818e-003" type="0"/>
    <Peak1D F1="0.688897" intensity="3.701644e-003" type="0"/>
    <Peak1D F1="0.679593" intensity="3.341748e-003" type="0"/>
    <Peak1D F1="0.647136" intensity="3.422880e-003" type="0"/>
    <Peak1D F1="0.634934" intensity="3.126761e-003" type="0"/>
    <Peak1D F1="0.615302" intensity="2.988082e-003" type="0"/>
    <Peak1D F1="0.603560" intensity="2.945300e-003" type="0"/>
    <Peak1D F1="0.581905" intensity="2.630412e-003" type="0"/>
    <Peak1D F1="0.560948" intensity="2.863438e-003" type="0"/>
    <Peak1D F1="0.516240" intensity="2.873190e-003" type="0"/>
    <Peak1D F1="0.470049" intensity="2.325689e-003" type="0"/>
    <Peak1D F1="0.410171" intensity="2.044291e-003" type="0"/>
    <Peak1D F1="0.394592" intensity="2.327485e-003" type="0"/>
    <Peak1D F1="0.384851" intensity="1.951426e-003" type="0"/>
    <Peak1D F1="0.336530" intensity="1.876245e-003" type="0"/>
    <Peak1D F1="0.318618" intensity="1.968095e-003" type="0"/>
    <Peak1D F1="0.309897" intensity="2.104665e-003" type="0"/>
    <Peak1D F1="0.265818" intensity="1.674645e-003" type="0"/>
    <Peak1D F1="0.247134" intensity="1.570178e-003" type="0"/>
    <Peak1D F1="0.234280" intensity="1.457542e-003" type="0"/>
    <Peak1D F1="0.210351" intensity="1.450333e-003" type="0"/>
    <Peak1D F1="0.199804" intensity="1.622125e-003" type="0"/>
    <Peak1D F1="0.186457" intensity="1.419134e-003" type="0"/>
    <Peak1D F1="0.155790" intensity="1.435148e-003" type="0"/>
    <Peak1D F1="0.124138" intensity="1.523335e-003" type="0"/>
    <Peak1D F1="0.045999" intensity="1.875718e-003" type="0"/>
    <Peak1D F1="-0.000153" intensity="5.845271e-002" type="0"/>
    <Peak1D F1="-0.003173" intensity="3.343607e-002" type="0"/>
    <Peak1D F1="-0.025929" intensity="1.642960e-003" type="0"/>
    <Peak1D F1="-0.048812" intensity="1.430794e-003" type="0"/>
    <Peak1D F1="-3.104598" intensity="1.010508e-003" type="0"/>
    <Peak1D F1="-3.168156" intensity="1.050552e-003" type="0"/>
    <Peak1D F1="-3.579065" intensity="1.074871e-003" type="0"/>
    <Peak1D F1="-3.645411" intensity="9.891067e-004" type="0"/>
    <Peak1D F1="-3.679829" intensity="1.072879e-003" type="0"/>
    <Peak1D F1="-3.711251" intensity="1.160768e-003" type="0"/>
    <Peak1D F1="-3.756600" intensity="1.221923e-003" type="0"/>
    <Peak1D F1="-3.855192" intensity="1.087724e-003" type="0"/>
  </PeakList1D>
</PeakList>
