<?xml version="1.0" encoding="UTF-8"?>
<PeakList>
  <PeakList1D>
    <PeakList1DHeader creator="nmr" date="2021-08-05T13:45:26.673+03:00" expNo="10" name="ID-422-B" owner="" procNo="1" source="//132.72.8.180/400b/Milo/Milo">
      <PeakPickDetails>F1=16.101999ppm, F2=-3.927046ppm, MI=0.00cm, MAXI=10000.00cm, PC=1.000
      </PeakPickDetails>
    </PeakList1DHeader>
    <Peak1D F1="15.557786" intensity="5.376264e-003" type="0"/>
    <Peak1D F1="13.496214" intensity="4.812731e-003" type="0"/>
    <Peak1D F1="11.361995" intensity="5.245776e-003" type="0"/>
    <Peak1D F1="10.471576" intensity="5.707582e-003" type="0"/>
    <Peak1D F1="10.143470" intensity="8.573825e-003" type="0"/>
    <Peak1D F1="10.093527" intensity="5.403944e-001" type="0"/>
    <Peak1D F1="10.061649" intensity="6.200186e-003" type="0"/>
    <Peak1D F1="10.042092" intensity="6.253293e-003" type="0"/>
    <Peak1D F1="8.453863" intensity="5.664029e-003" type="0"/>
    <Peak1D F1="8.429290" intensity="5.747376e-003" type="0"/>
    <Peak1D F1="8.383147" intensity="2.753588e-002" type="0"/>
    <Peak1D F1="8.369656" intensity="2.825705e-002" type="0"/>
    <Peak1D F1="8.340973" intensity="3.600417e-001" type="0"/>
    <Peak1D F1="8.319504" intensity="4.023907e-001" type="0"/>
    <Peak1D F1="8.260471" intensity="5.206138e-002" type="0"/>
    <Peak1D F1="8.239391" intensity="8.632610e-002" type="0"/>
    <Peak1D F1="8.218640" intensity="6.191492e-002" type="0"/>
    <Peak1D F1="8.206638" intensity="5.002496e-002" type="0"/>
    <Peak1D F1="8.201790" intensity="5.121318e-002" type="0"/>
    <Peak1D F1="8.184486" intensity="5.679346e-002" type="0"/>
    <Peak1D F1="8.157557" intensity="1.188886e+000" type="0"/>
    <Peak1D F1="8.152984" intensity="7.125319e-001" type="0"/>
    <Peak1D F1="8.135563" intensity="1.306630e+000" type="0"/>
    <Peak1D F1="8.130179" intensity="4.589835e-001" type="0"/>
    <Peak1D F1="8.108750" intensity="4.647183e-002" type="0"/>
    <Peak1D F1="8.092189" intensity="4.320588e-002" type="0"/>
    <Peak1D F1="8.053564" intensity="1.605374e-002" type="0"/>
    <Peak1D F1="8.020338" intensity="4.792628e-001" type="0"/>
    <Peak1D F1="8.015920" intensity="1.628598e-001" type="0"/>
    <Peak1D F1="7.998826" intensity="4.221117e-001" type="0"/>
    <Peak1D F1="7.993520" intensity="7.455409e-002" type="0"/>
    <Peak1D F1="7.983173" intensity="8.606573e-002" type="0"/>
    <Peak1D F1="7.949160" intensity="2.573830e-002" type="0"/>
    <Peak1D F1="7.911911" intensity="5.337251e-002" type="0"/>
    <Peak1D F1="7.894645" intensity="5.074749e-002" type="0"/>
    <Peak1D F1="7.845139" intensity="1.725717e-002" type="0"/>
    <Peak1D F1="7.827264" intensity="2.926348e-002" type="0"/>
    <Peak1D F1="7.810768" intensity="1.705967e-002" type="0"/>
    <Peak1D F1="7.711993" intensity="2.522360e-002" type="0"/>
    <Peak1D F1="7.699287" intensity="2.103130e-002" type="0"/>
    <Peak1D F1="7.649841" intensity="8.323133e-002" type="0"/>
    <Peak1D F1="7.628080" intensity="7.868645e-002" type="0"/>
    <Peak1D F1="7.617492" intensity="4.763295e-002" type="0"/>
    <Peak1D F1="7.598345" intensity="4.909706e-002" type="0"/>
    <Peak1D F1="7.551916" intensity="5.591406e-002" type="0"/>
    <Peak1D F1="7.530331" intensity="8.367382e-002" type="0"/>
    <Peak1D F1="7.512776" intensity="8.011646e-002" type="0"/>
    <Peak1D F1="7.505586" intensity="1.409629e-001" type="0"/>
    <Peak1D F1="7.493830" intensity="1.259619e-001" type="0"/>
    <Peak1D F1="7.480089" intensity="1.349285e+000" type="0"/>
    <Peak1D F1="7.462729" intensity="7.388889e-001" type="0"/>
    <Peak1D F1="7.458230" intensity="1.299118e+000" type="0"/>
    <Peak1D F1="7.442110" intensity="3.199756e-001" type="0"/>
    <Peak1D F1="7.414604" intensity="3.803806e-002" type="0"/>
    <Peak1D F1="7.395581" intensity="1.669659e-002" type="0"/>
    <Peak1D F1="7.328043" intensity="5.895088e-003" type="0"/>
    <Peak1D F1="7.322597" intensity="7.883706e-003" type="0"/>
    <Peak1D F1="7.306455" intensity="7.888135e-003" type="0"/>
    <Peak1D F1="7.271693" intensity="1.424189e-002" type="0"/>
    <Peak1D F1="7.246964" intensity="1.075595e-001" type="0"/>
    <Peak1D F1="7.196844" intensity="7.626068e+000" type="0"/>
    <Peak1D F1="7.146827" intensity="1.120724e-001" type="0"/>
    <Peak1D F1="6.932755" intensity="4.016096e-002" type="0"/>
    <Peak1D F1="6.314157" intensity="1.259238e-002" type="0"/>
    <Peak1D F1="6.213470" intensity="4.890393e-003" type="0"/>
    <Peak1D F1="6.117586" intensity="5.701132e-002" type="0"/>
    <Peak1D F1="6.095847" intensity="6.413450e-003" type="0"/>
    <Peak1D F1="6.068269" intensity="3.155443e-002" type="0"/>
    <Peak1D F1="6.017494" intensity="2.266539e+000" type="0"/>
    <Peak1D F1="5.968035" intensity="3.065541e-002" type="0"/>
    <Peak1D F1="5.915503" intensity="1.029299e-002" type="0"/>
    <Peak1D F1="5.900935" intensity="8.815579e-003" type="0"/>
    <Peak1D F1="5.865951" intensity="1.786123e-002" type="0"/>
    <Peak1D F1="5.815297" intensity="6.093986e-003" type="0"/>
    <Peak1D F1="5.796359" intensity="5.841780e-003" type="0"/>
    <Peak1D F1="5.660982" intensity="1.717195e-002" type="0"/>
    <Peak1D F1="5.634459" intensity="1.712020e-002" type="0"/>
    <Peak1D F1="5.488898" intensity="4.385164e-002" type="0"/>
    <Peak1D F1="5.466894" intensity="1.262679e-002" type="0"/>
    <Peak1D F1="5.429305" intensity="4.921651e-003" type="0"/>
    <Peak1D F1="5.408975" intensity="9.562594e-003" type="0"/>
    <Peak1D F1="5.389288" intensity="7.965887e-003" type="0"/>
    <Peak1D F1="5.355871" intensity="1.169613e-001" type="0"/>
    <Peak1D F1="5.348858" intensity="1.148899e-001" type="0"/>
    <Peak1D F1="5.321519" intensity="8.485028e-003" type="0"/>
    <Peak1D F1="5.270680" intensity="7.774676e-003" type="0"/>
    <Peak1D F1="5.248343" intensity="8.751026e-003" type="0"/>
    <Peak1D F1="5.236381" intensity="9.349164e-003" type="0"/>
    <Peak1D F1="5.216120" intensity="1.135945e-002" type="0"/>
    <Peak1D F1="5.171601" intensity="1.062911e-002" type="0"/>
    <Peak1D F1="5.121344" intensity="5.926508e-003" type="0"/>
    <Peak1D F1="5.111781" intensity="6.194921e-003" type="0"/>
    <Peak1D F1="5.070631" intensity="5.447519e-003" type="0"/>
    <Peak1D F1="4.971392" intensity="5.916123e-003" type="0"/>
    <Peak1D F1="4.947928" intensity="7.179851e-003" type="0"/>
    <Peak1D F1="4.931751" intensity="5.731190e-003" type="0"/>
    <Peak1D F1="4.893053" intensity="8.376778e-003" type="0"/>
    <Peak1D F1="4.871137" intensity="1.322827e-002" type="0"/>
    <Peak1D F1="4.860354" intensity="1.968267e-002" type="0"/>
    <Peak1D F1="4.842782" intensity="2.907744e-002" type="0"/>
    <Peak1D F1="4.839190" intensity="2.863246e-002" type="0"/>
    <Peak1D F1="4.820510" intensity="2.360645e-002" type="0"/>
    <Peak1D F1="4.792718" intensity="7.447066e-001" type="0"/>
    <Peak1D F1="4.769955" intensity="7.616478e-001" type="0"/>
    <Peak1D F1="4.743474" intensity="3.057247e-002" type="0"/>
    <Peak1D F1="4.718952" intensity="4.008336e-002" type="0"/>
    <Peak1D F1="4.669578" intensity="6.829114e-002" type="0"/>
    <Peak1D F1="4.588031" intensity="1.781680e-002" type="0"/>
    <Peak1D F1="4.344034" intensity="5.097568e-003" type="0"/>
    <Peak1D F1="3.893662" intensity="4.821047e-003" type="0"/>
    <Peak1D F1="3.877743" intensity="3.769311e-002" type="0"/>
    <Peak1D F1="3.843830" intensity="7.571815e-002" type="0"/>
    <Peak1D F1="3.822464" intensity="4.123552e-002" type="0"/>
    <Peak1D F1="3.810836" intensity="1.661557e-001" type="0"/>
    <Peak1D F1="3.750207" intensity="9.520882e-002" type="0"/>
    <Peak1D F1="3.744985" intensity="1.055260e-001" type="0"/>
    <Peak1D F1="3.717729" intensity="1.845323e-001" type="0"/>
    <Peak1D F1="3.700262" intensity="7.010279e+000" type="0"/>
    <Peak1D F1="3.650538" intensity="9.858388e-002" type="0"/>
    <Peak1D F1="3.592181" intensity="4.857389e-003" type="0"/>
    <Peak1D F1="3.584591" intensity="5.036604e-003" type="0"/>
    <Peak1D F1="3.557387" intensity="5.734826e-003" type="0"/>
    <Peak1D F1="3.518173" intensity="4.213877e-002" type="0"/>
    <Peak1D F1="3.500917" intensity="1.575589e-002" type="0"/>
    <Peak1D F1="3.471826" intensity="1.153049e-002" type="0"/>
    <Peak1D F1="3.439879" intensity="1.022031e-002" type="0"/>
    <Peak1D F1="3.417231" intensity="3.088814e-001" type="0"/>
    <Peak1D F1="3.387166" intensity="8.069634e-003" type="0"/>
    <Peak1D F1="3.369296" intensity="9.706061e-003" type="0"/>
    <Peak1D F1="3.290455" intensity="1.273312e-002" type="0"/>
    <Peak1D F1="2.942794" intensity="5.334354e-003" type="0"/>
    <Peak1D F1="2.819425" intensity="5.346572e-003" type="0"/>
    <Peak1D F1="2.802892" intensity="8.602453e-003" type="0"/>
    <Peak1D F1="2.783597" intensity="8.339705e-003" type="0"/>
    <Peak1D F1="2.761330" intensity="6.289748e-003" type="0"/>
    <Peak1D F1="2.747890" intensity="7.750294e-003" type="0"/>
    <Peak1D F1="2.733757" intensity="5.583868e-003" type="0"/>
    <Peak1D F1="2.660136" intensity="6.521614e-003" type="0"/>
    <Peak1D F1="2.617723" intensity="1.124357e-002" type="0"/>
    <Peak1D F1="2.599792" intensity="1.305355e-002" type="0"/>
    <Peak1D F1="2.565351" intensity="2.279298e-002" type="0"/>
    <Peak1D F1="2.559258" intensity="2.238710e-002" type="0"/>
    <Peak1D F1="2.544410" intensity="1.947455e-002" type="0"/>
    <Peak1D F1="2.519733" intensity="1.227139e-002" type="0"/>
    <Peak1D F1="2.487873" intensity="1.335715e-002" type="0"/>
    <Peak1D F1="2.457200" intensity="1.623420e-002" type="0"/>
    <Peak1D F1="2.430832" intensity="1.391794e-001" type="0"/>
    <Peak1D F1="2.414273" intensity="1.558329e-001" type="0"/>
    <Peak1D F1="2.410592" intensity="1.575241e-001" type="0"/>
    <Peak1D F1="2.386272" intensity="2.103938e-001" type="0"/>
    <Peak1D F1="2.362255" intensity="2.254499e-001" type="0"/>
    <Peak1D F1="2.353240" intensity="1.760734e-001" type="0"/>
    <Peak1D F1="2.330216" intensity="2.650732e-001" type="0"/>
    <Peak1D F1="2.322487" intensity="1.507740e-001" type="0"/>
    <Peak1D F1="2.319180" intensity="1.341381e-001" type="0"/>
    <Peak1D F1="2.310175" intensity="2.086512e-001" type="0"/>
    <Peak1D F1="2.307187" intensity="1.942419e-001" type="0"/>
    <Peak1D F1="2.299864" intensity="2.461536e-001" type="0"/>
    <Peak1D F1="2.279889" intensity="1.637093e-001" type="0"/>
    <Peak1D F1="2.276872" intensity="1.546307e-001" type="0"/>
    <Peak1D F1="2.250392" intensity="2.139414e-001" type="0"/>
    <Peak1D F1="2.235495" intensity="7.385068e-002" type="0"/>
    <Peak1D F1="2.225768" intensity="2.551162e-001" type="0"/>
    <Peak1D F1="2.201407" intensity="2.961164e-001" type="0"/>
    <Peak1D F1="2.180010" intensity="1.928421e-001" type="0"/>
    <Peak1D F1="2.177605" intensity="1.952832e-001" type="0"/>
    <Peak1D F1="2.175523" intensity="2.042701e-001" type="0"/>
    <Peak1D F1="2.164958" intensity="1.490735e-001" type="0"/>
    <Peak1D F1="2.152532" intensity="3.026162e-001" type="0"/>
    <Peak1D F1="2.145637" intensity="3.412891e-001" type="0"/>
    <Peak1D F1="2.115747" intensity="4.728048e+000" type="0"/>
    <Peak1D F1="2.105956" intensity="3.950636e+000" type="0"/>
    <Peak1D F1="2.095991" intensity="1.425443e+001" type="0"/>
    <Peak1D F1="2.085168" intensity="3.998632e+000" type="0"/>
    <Peak1D F1="2.077531" intensity="7.250587e+000" type="0"/>
    <Peak1D F1="2.056063" intensity="3.924303e-001" type="0"/>
    <Peak1D F1="2.050644" intensity="4.057606e-001" type="0"/>
    <Peak1D F1="2.046708" intensity="4.045019e-001" type="0"/>
    <Peak1D F1="2.028132" intensity="1.699034e-001" type="0"/>
    <Peak1D F1="1.983850" intensity="1.603799e-001" type="0"/>
    <Peak1D F1="1.958286" intensity="3.419308e-001" type="0"/>
    <Peak1D F1="1.947866" intensity="3.890257e-001" type="0"/>
    <Peak1D F1="1.941050" intensity="5.584242e-001" type="0"/>
    <Peak1D F1="1.931545" intensity="7.848840e-001" type="0"/>
    <Peak1D F1="1.925447" intensity="9.078227e-001" type="0"/>
    <Peak1D F1="1.920820" intensity="8.931102e-001" type="0"/>
    <Peak1D F1="1.910349" intensity="7.320537e+000" type="0"/>
    <Peak1D F1="1.900271" intensity="6.380811e+000" type="0"/>
    <Peak1D F1="1.890980" intensity="1.500000e+001" type="0"/>
    <Peak1D F1="1.882226" intensity="5.798804e+000" type="0"/>
    <Peak1D F1="1.880609" intensity="5.741455e+000" type="0"/>
    <Peak1D F1="1.871573" intensity="4.820585e+000" type="0"/>
    <Peak1D F1="1.859762" intensity="6.357623e-001" type="0"/>
    <Peak1D F1="1.849635" intensity="3.764692e-001" type="0"/>
    <Peak1D F1="1.841432" intensity="3.458312e-001" type="0"/>
    <Peak1D F1="1.832967" intensity="1.633165e-001" type="0"/>
    <Peak1D F1="1.822189" intensity="1.236243e-001" type="0"/>
    <Peak1D F1="1.796893" intensity="4.731991e-002" type="0"/>
    <Peak1D F1="1.779893" intensity="4.229601e-002" type="0"/>
    <Peak1D F1="1.759883" intensity="5.459779e-002" type="0"/>
    <Peak1D F1="1.744425" intensity="1.059069e-001" type="0"/>
    <Peak1D F1="1.729295" intensity="1.238213e-001" type="0"/>
    <Peak1D F1="1.723921" intensity="1.609153e-001" type="0"/>
    <Peak1D F1="1.716931" intensity="1.404537e-001" type="0"/>
    <Peak1D F1="1.708055" intensity="1.718940e-001" type="0"/>
    <Peak1D F1="1.701074" intensity="2.364742e-001" type="0"/>
    <Peak1D F1="1.690009" intensity="1.874453e-001" type="0"/>
    <Peak1D F1="1.682195" intensity="4.924921e-001" type="0"/>
    <Peak1D F1="1.671236" intensity="3.550877e-001" type="0"/>
    <Peak1D F1="1.658743" intensity="4.968257e-001" type="0"/>
    <Peak1D F1="1.654299" intensity="4.067555e-001" type="0"/>
    <Peak1D F1="1.643109" intensity="3.238784e-001" type="0"/>
    <Peak1D F1="1.638581" intensity="3.493537e-001" type="0"/>
    <Peak1D F1="1.634113" intensity="2.568119e-001" type="0"/>
    <Peak1D F1="1.627357" intensity="1.921783e-001" type="0"/>
    <Peak1D F1="1.622917" intensity="1.939297e-001" type="0"/>
    <Peak1D F1="1.618383" intensity="1.787332e-001" type="0"/>
    <Peak1D F1="1.600679" intensity="1.008315e-001" type="0"/>
    <Peak1D F1="1.553550" intensity="1.137364e-001" type="0"/>
    <Peak1D F1="1.535604" intensity="1.881637e-001" type="0"/>
    <Peak1D F1="1.520249" intensity="1.393976e-001" type="0"/>
    <Peak1D F1="1.512636" intensity="1.528725e-001" type="0"/>
    <Peak1D F1="1.501447" intensity="2.603428e-001" type="0"/>
    <Peak1D F1="1.483935" intensity="2.946800e-001" type="0"/>
    <Peak1D F1="1.471208" intensity="2.051159e-001" type="0"/>
    <Peak1D F1="1.453962" intensity="2.095794e-001" type="0"/>
    <Peak1D F1="1.442578" intensity="5.949732e-002" type="0"/>
    <Peak1D F1="1.436247" intensity="7.489071e-002" type="0"/>
    <Peak1D F1="1.424045" intensity="7.909090e-002" type="0"/>
    <Peak1D F1="1.403274" intensity="3.060896e-002" type="0"/>
    <Peak1D F1="1.388370" intensity="2.281311e-002" type="0"/>
    <Peak1D F1="1.367654" intensity="2.295812e-002" type="0"/>
    <Peak1D F1="1.260460" intensity="1.726936e-002" type="0"/>
    <Peak1D F1="1.239792" intensity="1.845295e-002" type="0"/>
    <Peak1D F1="1.214595" intensity="2.097461e-002" type="0"/>
    <Peak1D F1="1.185913" intensity="5.425867e-002" type="0"/>
    <Peak1D F1="1.107241" intensity="7.392469e-003" type="0"/>
    <Peak1D F1="1.091949" intensity="7.098469e-003" type="0"/>
    <Peak1D F1="1.079599" intensity="7.049671e-003" type="0"/>
    <Peak1D F1="1.054191" intensity="7.485149e-003" type="0"/>
    <Peak1D F1="1.029388" intensity="6.651463e-003" type="0"/>
    <Peak1D F1="1.009531" intensity="5.622575e-003" type="0"/>
    <Peak1D F1="0.987659" intensity="5.670646e-003" type="0"/>
    <Peak1D F1="0.919750" intensity="5.130921e-003" type="0"/>
    <Peak1D F1="0.873861" intensity="6.211091e-003" type="0"/>
    <Peak1D F1="0.810408" intensity="1.557152e-002" type="0"/>
    <Peak1D F1="0.793653" intensity="9.468503e-003" type="0"/>
    <Peak1D F1="0.776747" intensity="9.465137e-003" type="0"/>
    <Peak1D F1="0.688905" intensity="5.161581e-003" type="0"/>
    <Peak1D F1="0.495601" intensity="4.917195e-003" type="0"/>
    <Peak1D F1="0.467030" intensity="5.110447e-003" type="0"/>
    <Peak1D F1="0.373204" intensity="7.777184e-003" type="0"/>
    <Peak1D F1="0.347145" intensity="5.232628e-003" type="0"/>
    <Peak1D F1="-0.000149" intensity="3.039871e-001" type="0"/>
    <Peak1D F1="-0.050779" intensity="6.083816e-003" type="0"/>
    <Peak1D F1="-3.294213" intensity="4.946189e-003" type="0"/>
    <Peak1D F1="-3.571441" intensity="5.070412e-003" type="0"/>
    <Peak1D F1="-3.629871" intensity="4.826583e-003" type="0"/>
    <Peak1D F1="-3.711506" intensity="5.008399e-003" type="0"/>
    <Peak1D F1="-3.749683" intensity="5.974312e-003" type="0"/>
    <Peak1D F1="-3.795184" intensity="4.979393e-003" type="0"/>
  </PeakList1D>
</PeakList>
