<?xml version="1.0" encoding="UTF-8"?>
<PeakList>
  <PeakList1D>
    <PeakList1DHeader creator="nmr" date="2021-10-21T09:36:18.822+03:00" expNo="10" name="ID_447_B_1" owner="" procNo="1" source="//132.72.8.180/400b/Milo/Milo">
      <PeakPickDetails>F1=16.109360ppm, F2=-3.919686ppm, MI=0.00cm, MAXI=10000.00cm, PC=1.000
      </PeakPickDetails>
    </PeakList1DHeader>
    <Peak1D F1="14.789444" intensity="1.398182e-003" type="0"/>
    <Peak1D F1="10.626212" intensity="1.380074e-003" type="0"/>
    <Peak1D F1="10.586734" intensity="1.205843e-003" type="0"/>
    <Peak1D F1="10.515218" intensity="1.391835e-003" type="0"/>
    <Peak1D F1="10.434420" intensity="1.255583e-003" type="0"/>
    <Peak1D F1="10.416154" intensity="1.326699e-003" type="0"/>
    <Peak1D F1="10.408534" intensity="1.168558e-003" type="0"/>
    <Peak1D F1="10.393131" intensity="1.439666e-003" type="0"/>
    <Peak1D F1="10.371056" intensity="1.567758e-003" type="0"/>
    <Peak1D F1="10.357397" intensity="1.575108e-003" type="0"/>
    <Peak1D F1="10.347878" intensity="1.692719e-003" type="0"/>
    <Peak1D F1="10.302061" intensity="1.260155e-002" type="0"/>
    <Peak1D F1="10.251885" intensity="2.131677e-003" type="0"/>
    <Peak1D F1="10.245573" intensity="2.711177e-003" type="0"/>
    <Peak1D F1="10.170082" intensity="5.199203e-003" type="0"/>
    <Peak1D F1="10.131478" intensity="3.831598e-002" type="0"/>
    <Peak1D F1="10.111886" intensity="2.376723e-002" type="0"/>
    <Peak1D F1="10.081345" intensity="2.023409e+000" type="0"/>
    <Peak1D F1="10.049228" intensity="6.902592e-003" type="0"/>
    <Peak1D F1="10.031438" intensity="2.775236e-002" type="0"/>
    <Peak1D F1="9.854511" intensity="1.071943e-002" type="0"/>
    <Peak1D F1="9.422111" intensity="1.235589e-003" type="0"/>
    <Peak1D F1="9.362380" intensity="1.282782e-003" type="0"/>
    <Peak1D F1="9.353762" intensity="1.309029e-003" type="0"/>
    <Peak1D F1="9.338868" intensity="1.149816e-003" type="0"/>
    <Peak1D F1="9.323260" intensity="1.243385e-003" type="0"/>
    <Peak1D F1="9.271088" intensity="1.580085e-003" type="0"/>
    <Peak1D F1="9.210111" intensity="1.598841e-003" type="0"/>
    <Peak1D F1="9.194584" intensity="1.278518e-003" type="0"/>
    <Peak1D F1="9.166121" intensity="1.405676e-003" type="0"/>
    <Peak1D F1="9.157547" intensity="1.329569e-003" type="0"/>
    <Peak1D F1="9.127330" intensity="1.325525e-003" type="0"/>
    <Peak1D F1="9.112966" intensity="1.521437e-003" type="0"/>
    <Peak1D F1="9.099066" intensity="1.834226e-003" type="0"/>
    <Peak1D F1="9.075656" intensity="1.675730e-003" type="0"/>
    <Peak1D F1="9.065763" intensity="1.594577e-003" type="0"/>
    <Peak1D F1="9.053294" intensity="1.825584e-003" type="0"/>
    <Peak1D F1="9.036514" intensity="1.858497e-003" type="0"/>
    <Peak1D F1="8.969589" intensity="1.870865e-003" type="0"/>
    <Peak1D F1="8.946412" intensity="2.202138e-003" type="0"/>
    <Peak1D F1="8.894678" intensity="2.208966e-003" type="0"/>
    <Peak1D F1="8.834246" intensity="2.347951e-003" type="0"/>
    <Peak1D F1="8.810642" intensity="2.436437e-003" type="0"/>
    <Peak1D F1="8.777994" intensity="2.824463e-003" type="0"/>
    <Peak1D F1="8.770660" intensity="2.921405e-003" type="0"/>
    <Peak1D F1="8.730052" intensity="3.170517e-003" type="0"/>
    <Peak1D F1="8.702394" intensity="3.132620e-003" type="0"/>
    <Peak1D F1="8.694036" intensity="3.283619e-003" type="0"/>
    <Peak1D F1="8.667589" intensity="3.310550e-003" type="0"/>
    <Peak1D F1="8.641240" intensity="3.677538e-003" type="0"/>
    <Peak1D F1="8.619576" intensity="4.225901e-003" type="0"/>
    <Peak1D F1="8.594032" intensity="4.144896e-003" type="0"/>
    <Peak1D F1="8.580917" intensity="4.539624e-003" type="0"/>
    <Peak1D F1="8.565706" intensity="4.906268e-003" type="0"/>
    <Peak1D F1="8.542271" intensity="9.070921e-003" type="0"/>
    <Peak1D F1="8.536306" intensity="9.495979e-003" type="0"/>
    <Peak1D F1="8.518745" intensity="1.046484e-002" type="0"/>
    <Peak1D F1="8.497258" intensity="6.853493e-003" type="0"/>
    <Peak1D F1="8.464786" intensity="8.470849e-003" type="0"/>
    <Peak1D F1="8.377571" intensity="3.882359e-002" type="0"/>
    <Peak1D F1="8.355433" intensity="5.233227e-002" type="0"/>
    <Peak1D F1="8.327446" intensity="1.422100e+000" type="0"/>
    <Peak1D F1="8.305665" intensity="1.591967e+000" type="0"/>
    <Peak1D F1="8.276649" intensity="6.920320e-002" type="0"/>
    <Peak1D F1="8.255695" intensity="6.356546e-002" type="0"/>
    <Peak1D F1="8.220110" intensity="4.795411e-002" type="0"/>
    <Peak1D F1="8.205807" intensity="1.429738e-001" type="0"/>
    <Peak1D F1="8.188643" intensity="1.340735e-001" type="0"/>
    <Peak1D F1="8.184125" intensity="1.743759e-001" type="0"/>
    <Peak1D F1="8.167174" intensity="1.079854e-001" type="0"/>
    <Peak1D F1="8.138973" intensity="2.579086e+000" type="0"/>
    <Peak1D F1="8.129040" intensity="5.091525e-001" type="0"/>
    <Peak1D F1="8.117240" intensity="2.662724e+000" type="0"/>
    <Peak1D F1="8.107403" intensity="3.657888e-001" type="0"/>
    <Peak1D F1="8.088920" intensity="6.635072e-002" type="0"/>
    <Peak1D F1="8.066909" intensity="7.214215e-002" type="0"/>
    <Peak1D F1="8.063161" intensity="5.967659e-002" type="0"/>
    <Peak1D F1="8.042154" intensity="7.487899e-002" type="0"/>
    <Peak1D F1="8.013112" intensity="1.778226e+000" type="0"/>
    <Peak1D F1="8.009260" intensity="5.956239e-001" type="0"/>
    <Peak1D F1="7.991751" intensity="1.536043e+000" type="0"/>
    <Peak1D F1="7.987092" intensity="4.194142e-001" type="0"/>
    <Peak1D F1="7.969388" intensity="9.908139e-002" type="0"/>
    <Peak1D F1="7.940488" intensity="8.807802e-002" type="0"/>
    <Peak1D F1="7.917515" intensity="1.606268e-001" type="0"/>
    <Peak1D F1="7.898519" intensity="1.295523e-001" type="0"/>
    <Peak1D F1="7.868455" intensity="3.754111e-003" type="0"/>
    <Peak1D F1="7.843693" intensity="2.352666e-003" type="0"/>
    <Peak1D F1="7.802909" intensity="9.531105e-003" type="0"/>
    <Peak1D F1="7.785753" intensity="9.243476e-003" type="0"/>
    <Peak1D F1="7.778885" intensity="9.663671e-003" type="0"/>
    <Peak1D F1="7.747699" intensity="7.672756e-003" type="0"/>
    <Peak1D F1="7.703186" intensity="3.897324e-002" type="0"/>
    <Peak1D F1="7.697263" intensity="3.893602e-002" type="0"/>
    <Peak1D F1="7.681135" intensity="5.199406e-002" type="0"/>
    <Peak1D F1="7.661196" intensity="3.719667e-002" type="0"/>
    <Peak1D F1="7.640959" intensity="7.167927e-002" type="0"/>
    <Peak1D F1="7.621880" intensity="1.763992e-001" type="0"/>
    <Peak1D F1="7.602808" intensity="1.521234e-001" type="0"/>
    <Peak1D F1="7.580291" intensity="4.060754e-002" type="0"/>
    <Peak1D F1="7.549556" intensity="1.380013e-001" type="0"/>
    <Peak1D F1="7.527617" intensity="1.518162e-001" type="0"/>
    <Peak1D F1="7.516452" intensity="2.006955e-001" type="0"/>
    <Peak1D F1="7.499434" intensity="1.673650e-001" type="0"/>
    <Peak1D F1="7.494471" intensity="2.018859e-001" type="0"/>
    <Peak1D F1="7.471670" intensity="2.596542e+000" type="0"/>
    <Peak1D F1="7.449710" intensity="2.464656e+000" type="0"/>
    <Peak1D F1="7.433094" intensity="2.195107e-001" type="0"/>
    <Peak1D F1="7.420053" intensity="1.825247e-001" type="0"/>
    <Peak1D F1="7.399690" intensity="1.056342e-001" type="0"/>
    <Peak1D F1="7.370510" intensity="9.868292e-003" type="0"/>
    <Peak1D F1="7.351522" intensity="1.407404e-002" type="0"/>
    <Peak1D F1="7.331085" intensity="1.345953e-002" type="0"/>
    <Peak1D F1="7.310441" intensity="1.621021e-002" type="0"/>
    <Peak1D F1="7.304023" intensity="1.437078e-002" type="0"/>
    <Peak1D F1="7.290792" intensity="8.681155e-003" type="0"/>
    <Peak1D F1="7.285993" intensity="8.685243e-003" type="0"/>
    <Peak1D F1="7.264189" intensity="1.568580e-002" type="0"/>
    <Peak1D F1="7.253737" intensity="6.456288e-002" type="0"/>
    <Peak1D F1="7.245861" intensity="2.274200e-002" type="0"/>
    <Peak1D F1="7.203825" intensity="3.677323e+000" type="0"/>
    <Peak1D F1="7.153738" intensity="5.108854e-002" type="0"/>
    <Peak1D F1="6.939415" intensity="1.759436e-002" type="0"/>
    <Peak1D F1="6.685534" intensity="5.406967e-003" type="0"/>
    <Peak1D F1="6.461784" intensity="1.421742e-003" type="0"/>
    <Peak1D F1="6.447371" intensity="1.580158e-003" type="0"/>
    <Peak1D F1="6.414365" intensity="1.482431e-003" type="0"/>
    <Peak1D F1="6.383421" intensity="2.222790e-003" type="0"/>
    <Peak1D F1="6.377367" intensity="1.460631e-003" type="0"/>
    <Peak1D F1="6.368368" intensity="1.264319e-003" type="0"/>
    <Peak1D F1="6.267237" intensity="1.869967e-003" type="0"/>
    <Peak1D F1="6.247554" intensity="1.556397e-003" type="0"/>
    <Peak1D F1="6.232496" intensity="3.055272e-003" type="0"/>
    <Peak1D F1="6.207622" intensity="8.220055e-003" type="0"/>
    <Peak1D F1="6.202269" intensity="1.472074e-002" type="0"/>
    <Peak1D F1="6.196741" intensity="9.747397e-003" type="0"/>
    <Peak1D F1="6.174795" intensity="1.862609e-003" type="0"/>
    <Peak1D F1="6.152155" intensity="2.808694e-003" type="0"/>
    <Peak1D F1="6.131179" intensity="3.731817e-003" type="0"/>
    <Peak1D F1="6.107504" intensity="1.242507e-002" type="0"/>
    <Peak1D F1="6.053535" intensity="1.095607e-001" type="0"/>
    <Peak1D F1="6.003606" intensity="5.189915e+000" type="0"/>
    <Peak1D F1="5.974061" intensity="7.002298e-003" type="0"/>
    <Peak1D F1="5.953523" intensity="8.158906e-002" type="0"/>
    <Peak1D F1="5.925275" intensity="7.000601e-002" type="0"/>
    <Peak1D F1="5.912905" intensity="6.973244e-002" type="0"/>
    <Peak1D F1="5.862293" intensity="7.733358e-003" type="0"/>
    <Peak1D F1="5.842657" intensity="5.673675e-003" type="0"/>
    <Peak1D F1="5.807302" intensity="1.731524e-002" type="0"/>
    <Peak1D F1="5.801991" intensity="2.141985e-002" type="0"/>
    <Peak1D F1="5.797268" intensity="1.399760e-002" type="0"/>
    <Peak1D F1="5.767277" intensity="9.026998e-003" type="0"/>
    <Peak1D F1="5.761009" intensity="8.864503e-003" type="0"/>
    <Peak1D F1="5.725284" intensity="9.819110e-003" type="0"/>
    <Peak1D F1="5.667194" intensity="1.064020e-002" type="0"/>
    <Peak1D F1="5.640089" intensity="9.642418e-003" type="0"/>
    <Peak1D F1="5.588220" intensity="8.427234e-003" type="0"/>
    <Peak1D F1="5.579603" intensity="8.099305e-003" type="0"/>
    <Peak1D F1="5.551672" intensity="7.072571e-003" type="0"/>
    <Peak1D F1="5.528851" intensity="8.461135e-003" type="0"/>
    <Peak1D F1="5.503013" intensity="6.437636e-003" type="0"/>
    <Peak1D F1="5.478537" intensity="5.655724e-003" type="0"/>
    <Peak1D F1="5.465079" intensity="5.670586e-003" type="0"/>
    <Peak1D F1="5.415049" intensity="9.988755e-002" type="0"/>
    <Peak1D F1="5.390819" intensity="5.182811e-003" type="0"/>
    <Peak1D F1="5.378441" intensity="5.586400e-003" type="0"/>
    <Peak1D F1="5.365193" intensity="5.206543e-003" type="0"/>
    <Peak1D F1="5.340087" intensity="6.684768e-002" type="0"/>
    <Peak1D F1="5.333866" intensity="6.656393e-002" type="0"/>
    <Peak1D F1="5.310718" intensity="2.870053e-003" type="0"/>
    <Peak1D F1="5.277770" intensity="4.205572e-003" type="0"/>
    <Peak1D F1="5.264367" intensity="3.974287e-003" type="0"/>
    <Peak1D F1="5.227990" intensity="1.353932e-003" type="0"/>
    <Peak1D F1="5.207748" intensity="3.449585e-003" type="0"/>
    <Peak1D F1="5.180693" intensity="2.858500e-003" type="0"/>
    <Peak1D F1="5.167028" intensity="2.774818e-003" type="0"/>
    <Peak1D F1="5.130376" intensity="1.245568e-003" type="0"/>
    <Peak1D F1="5.080249" intensity="1.582246e-003" type="0"/>
    <Peak1D F1="5.063126" intensity="2.234210e-003" type="0"/>
    <Peak1D F1="5.048007" intensity="2.036777e-003" type="0"/>
    <Peak1D F1="5.019378" intensity="2.924074e-003" type="0"/>
    <Peak1D F1="5.006718" intensity="3.957182e-003" type="0"/>
    <Peak1D F1="4.986552" intensity="4.026994e-003" type="0"/>
    <Peak1D F1="4.974105" intensity="9.160955e-003" type="0"/>
    <Peak1D F1="4.951909" intensity="9.857573e-003" type="0"/>
    <Peak1D F1="4.917184" intensity="6.877777e-003" type="0"/>
    <Peak1D F1="4.895273" intensity="1.430857e-002" type="0"/>
    <Peak1D F1="4.873700" intensity="1.139557e-002" type="0"/>
    <Peak1D F1="4.863955" intensity="1.108568e-002" type="0"/>
    <Peak1D F1="4.845093" intensity="3.224873e-002" type="0"/>
    <Peak1D F1="4.822384" intensity="4.025121e-002" type="0"/>
    <Peak1D F1="4.795154" intensity="1.356601e+000" type="0"/>
    <Peak1D F1="4.772609" intensity="1.383015e+000" type="0"/>
    <Peak1D F1="4.744732" intensity="8.522848e-002" type="0"/>
    <Peak1D F1="4.705210" intensity="3.462799e-001" type="0"/>
    <Peak1D F1="4.629202" intensity="2.157821e-002" type="0"/>
    <Peak1D F1="4.611123" intensity="2.034805e-002" type="0"/>
    <Peak1D F1="4.589371" intensity="1.380377e-002" type="0"/>
    <Peak1D F1="4.538816" intensity="7.025780e-003" type="0"/>
    <Peak1D F1="4.512998" intensity="7.010248e-003" type="0"/>
    <Peak1D F1="4.502541" intensity="3.373202e-003" type="0"/>
    <Peak1D F1="4.309973" intensity="1.339963e-003" type="0"/>
    <Peak1D F1="4.298896" intensity="1.214291e-003" type="0"/>
    <Peak1D F1="4.287157" intensity="1.195585e-003" type="0"/>
    <Peak1D F1="4.030489" intensity="1.715604e-003" type="0"/>
    <Peak1D F1="3.950229" intensity="1.501608e-003" type="0"/>
    <Peak1D F1="3.942524" intensity="1.488020e-003" type="0"/>
    <Peak1D F1="3.936577" intensity="1.692805e-003" type="0"/>
    <Peak1D F1="3.915194" intensity="3.092840e-003" type="0"/>
    <Peak1D F1="3.865369" intensity="8.312751e-002" type="0"/>
    <Peak1D F1="3.851537" intensity="2.870063e-003" type="0"/>
    <Peak1D F1="3.835291" intensity="4.471495e-003" type="0"/>
    <Peak1D F1="3.828357" intensity="3.562903e-003" type="0"/>
    <Peak1D F1="3.816129" intensity="5.941882e-003" type="0"/>
    <Peak1D F1="3.797625" intensity="2.112016e-002" type="0"/>
    <Peak1D F1="3.787743" intensity="1.148748e-002" type="0"/>
    <Peak1D F1="3.768508" intensity="1.477746e-002" type="0"/>
    <Peak1D F1="3.737826" intensity="2.624491e-001" type="0"/>
    <Peak1D F1="3.687942" intensity="1.500000e+001" type="0"/>
    <Peak1D F1="3.637841" intensity="2.515004e-001" type="0"/>
    <Peak1D F1="3.603232" intensity="3.542563e-003" type="0"/>
    <Peak1D F1="3.588191" intensity="4.861938e-003" type="0"/>
    <Peak1D F1="3.565228" intensity="2.640764e-003" type="0"/>
    <Peak1D F1="3.554660" intensity="2.827900e-003" type="0"/>
    <Peak1D F1="3.536250" intensity="2.691968e-003" type="0"/>
    <Peak1D F1="3.518863" intensity="2.877613e-003" type="0"/>
    <Peak1D F1="3.505644" intensity="8.197830e-002" type="0"/>
    <Peak1D F1="3.486025" intensity="2.561414e-003" type="0"/>
    <Peak1D F1="3.203970" intensity="1.312301e-003" type="0"/>
    <Peak1D F1="3.187081" intensity="2.649333e-003" type="0"/>
    <Peak1D F1="3.177674" intensity="2.818684e-003" type="0"/>
    <Peak1D F1="3.124892" intensity="2.500806e-003" type="0"/>
    <Peak1D F1="3.103632" intensity="1.276435e-003" type="0"/>
    <Peak1D F1="2.954567" intensity="1.162559e-002" type="0"/>
    <Peak1D F1="2.948013" intensity="1.211113e-002" type="0"/>
    <Peak1D F1="2.936908" intensity="1.575290e-002" type="0"/>
    <Peak1D F1="2.929300" intensity="1.569748e-002" type="0"/>
    <Peak1D F1="2.917857" intensity="1.280301e-002" type="0"/>
    <Peak1D F1="2.910655" intensity="1.327629e-002" type="0"/>
    <Peak1D F1="2.902782" intensity="1.151668e-002" type="0"/>
    <Peak1D F1="2.887879" intensity="9.290399e-003" type="0"/>
    <Peak1D F1="2.871783" intensity="7.999443e-003" type="0"/>
    <Peak1D F1="2.853073" intensity="6.802289e-003" type="0"/>
    <Peak1D F1="2.838484" intensity="6.512301e-003" type="0"/>
    <Peak1D F1="2.792234" intensity="1.780112e-002" type="0"/>
    <Peak1D F1="2.779117" intensity="1.771349e-002" type="0"/>
    <Peak1D F1="2.765869" intensity="2.322143e-002" type="0"/>
    <Peak1D F1="2.744761" intensity="1.797552e-002" type="0"/>
    <Peak1D F1="2.732300" intensity="1.608534e-002" type="0"/>
    <Peak1D F1="2.705188" intensity="2.265534e-003" type="0"/>
    <Peak1D F1="2.680215" intensity="3.243815e-003" type="0"/>
    <Peak1D F1="2.657741" intensity="2.040994e-003" type="0"/>
    <Peak1D F1="2.626761" intensity="6.507169e-003" type="0"/>
    <Peak1D F1="2.601833" intensity="3.925850e-003" type="0"/>
    <Peak1D F1="2.592098" intensity="4.622252e-003" type="0"/>
    <Peak1D F1="2.562443" intensity="6.673308e-003" type="0"/>
    <Peak1D F1="2.532189" intensity="4.418780e-003" type="0"/>
    <Peak1D F1="2.517575" intensity="3.837488e-003" type="0"/>
    <Peak1D F1="2.462501" intensity="1.671481e-002" type="0"/>
    <Peak1D F1="2.454510" intensity="1.348286e-002" type="0"/>
    <Peak1D F1="2.422011" intensity="2.222391e-001" type="0"/>
    <Peak1D F1="2.417388" intensity="2.453713e-001" type="0"/>
    <Peak1D F1="2.402556" intensity="2.621647e-001" type="0"/>
    <Peak1D F1="2.396793" intensity="2.540286e-001" type="0"/>
    <Peak1D F1="2.373261" intensity="3.952345e-001" type="0"/>
    <Peak1D F1="2.369601" intensity="3.699672e-001" type="0"/>
    <Peak1D F1="2.365314" intensity="3.606439e-001" type="0"/>
    <Peak1D F1="2.355441" intensity="5.147275e-001" type="0"/>
    <Peak1D F1="2.348922" intensity="4.843536e-001" type="0"/>
    <Peak1D F1="2.335949" intensity="5.003051e-001" type="0"/>
    <Peak1D F1="2.327600" intensity="3.073519e-001" type="0"/>
    <Peak1D F1="2.324856" intensity="2.932342e-001" type="0"/>
    <Peak1D F1="2.314811" intensity="3.382336e-001" type="0"/>
    <Peak1D F1="2.305126" intensity="4.457771e-001" type="0"/>
    <Peak1D F1="2.285215" intensity="2.774144e-001" type="0"/>
    <Peak1D F1="2.249393" intensity="8.047915e-002" type="0"/>
    <Peak1D F1="2.237252" intensity="4.221180e-001" type="0"/>
    <Peak1D F1="2.223010" intensity="1.139915e-001" type="0"/>
    <Peak1D F1="2.215058" intensity="4.939299e-001" type="0"/>
    <Peak1D F1="2.210915" intensity="5.521852e-001" type="0"/>
    <Peak1D F1="2.188463" intensity="6.511518e-001" type="0"/>
    <Peak1D F1="2.166802" intensity="3.601405e-001" type="0"/>
    <Peak1D F1="2.162514" intensity="3.373038e-001" type="0"/>
    <Peak1D F1="2.149992" intensity="9.944581e-002" type="0"/>
    <Peak1D F1="2.139835" intensity="4.407227e-001" type="0"/>
    <Peak1D F1="2.108958" intensity="1.682427e+000" type="0"/>
    <Peak1D F1="2.089425" intensity="5.161017e+000" type="0"/>
    <Peak1D F1="2.077864" intensity="1.447732e+000" type="0"/>
    <Peak1D F1="2.070666" intensity="2.637065e+000" type="0"/>
    <Peak1D F1="2.049347" intensity="1.774411e-001" type="0"/>
    <Peak1D F1="2.045519" intensity="1.753113e-001" type="0"/>
    <Peak1D F1="2.039547" intensity="1.896933e-001" type="0"/>
    <Peak1D F1="2.021513" intensity="9.429231e-002" type="0"/>
    <Peak1D F1="2.011576" intensity="7.067640e-002" type="0"/>
    <Peak1D F1="1.991687" intensity="9.797630e-002" type="0"/>
    <Peak1D F1="1.972990" intensity="2.822303e-001" type="0"/>
    <Peak1D F1="1.968860" intensity="2.326628e-001" type="0"/>
    <Peak1D F1="1.951658" intensity="3.969589e-001" type="0"/>
    <Peak1D F1="1.944912" intensity="4.317955e-001" type="0"/>
    <Peak1D F1="1.941703" intensity="4.814841e-001" type="0"/>
    <Peak1D F1="1.934866" intensity="4.579922e-001" type="0"/>
    <Peak1D F1="1.928939" intensity="5.528349e-001" type="0"/>
    <Peak1D F1="1.923214" intensity="6.403064e-001" type="0"/>
    <Peak1D F1="1.918738" intensity="5.920740e-001" type="0"/>
    <Peak1D F1="1.903669" intensity="2.737735e+000" type="0"/>
    <Peak1D F1="1.892754" intensity="2.303503e+000" type="0"/>
    <Peak1D F1="1.884149" intensity="5.265192e+000" type="0"/>
    <Peak1D F1="1.874903" intensity="2.113916e+000" type="0"/>
    <Peak1D F1="1.864828" intensity="1.758318e+000" type="0"/>
    <Peak1D F1="1.852694" intensity="2.878110e-001" type="0"/>
    <Peak1D F1="1.842513" intensity="1.937026e-001" type="0"/>
    <Peak1D F1="1.834462" intensity="1.868987e-001" type="0"/>
    <Peak1D F1="1.814710" intensity="1.122208e-001" type="0"/>
    <Peak1D F1="1.803682" intensity="9.059994e-002" type="0"/>
    <Peak1D F1="1.787712" intensity="8.981954e-002" type="0"/>
    <Peak1D F1="1.774484" intensity="7.281523e-002" type="0"/>
    <Peak1D F1="1.763882" intensity="7.035112e-002" type="0"/>
    <Peak1D F1="1.753031" intensity="6.310850e-002" type="0"/>
    <Peak1D F1="1.737909" intensity="1.475752e-001" type="0"/>
    <Peak1D F1="1.721831" intensity="2.050486e-001" type="0"/>
    <Peak1D F1="1.716609" intensity="1.854497e-001" type="0"/>
    <Peak1D F1="1.709692" intensity="2.290195e-001" type="0"/>
    <Peak1D F1="1.700831" intensity="2.369177e-001" type="0"/>
    <Peak1D F1="1.694074" intensity="4.644137e-001" type="0"/>
    <Peak1D F1="1.689831" intensity="4.097967e-001" type="0"/>
    <Peak1D F1="1.674053" intensity="6.675568e-001" type="0"/>
    <Peak1D F1="1.666690" intensity="6.542870e-001" type="0"/>
    <Peak1D F1="1.653553" intensity="7.913312e-001" type="0"/>
    <Peak1D F1="1.646312" intensity="4.656124e-001" type="0"/>
    <Peak1D F1="1.639894" intensity="4.955535e-001" type="0"/>
    <Peak1D F1="1.635847" intensity="5.373197e-001" type="0"/>
    <Peak1D F1="1.624902" intensity="3.072149e-001" type="0"/>
    <Peak1D F1="1.619761" intensity="2.363647e-001" type="0"/>
    <Peak1D F1="1.609871" intensity="1.575589e-001" type="0"/>
    <Peak1D F1="1.589461" intensity="5.595288e-002" type="0"/>
    <Peak1D F1="1.580185" intensity="5.970119e-002" type="0"/>
    <Peak1D F1="1.562764" intensity="5.136353e-002" type="0"/>
    <Peak1D F1="1.549070" intensity="5.454246e-002" type="0"/>
    <Peak1D F1="1.538691" intensity="7.007127e-002" type="0"/>
    <Peak1D F1="1.531547" intensity="2.064546e-001" type="0"/>
    <Peak1D F1="1.520193" intensity="1.188254e-001" type="0"/>
    <Peak1D F1="1.515170" intensity="1.523976e-001" type="0"/>
    <Peak1D F1="1.507661" intensity="1.843382e-001" type="0"/>
    <Peak1D F1="1.497170" intensity="4.261680e-001" type="0"/>
    <Peak1D F1="1.479810" intensity="4.896006e-001" type="0"/>
    <Peak1D F1="1.466998" intensity="3.589163e-001" type="0"/>
    <Peak1D F1="1.450455" intensity="3.972237e-001" type="0"/>
    <Peak1D F1="1.432031" intensity="1.364511e-001" type="0"/>
    <Peak1D F1="1.420624" intensity="1.060589e-001" type="0"/>
    <Peak1D F1="1.402590" intensity="2.444764e-002" type="0"/>
    <Peak1D F1="1.369303" intensity="1.669467e-002" type="0"/>
    <Peak1D F1="1.350040" intensity="1.340065e-002" type="0"/>
    <Peak1D F1="1.336930" intensity="1.436455e-002" type="0"/>
    <Peak1D F1="1.318565" intensity="1.386867e-002" type="0"/>
    <Peak1D F1="1.306633" intensity="1.225267e-002" type="0"/>
    <Peak1D F1="1.287823" intensity="1.180356e-002" type="0"/>
    <Peak1D F1="1.223140" intensity="1.904525e-002" type="0"/>
    <Peak1D F1="1.195502" intensity="2.375169e-002" type="0"/>
    <Peak1D F1="1.177917" intensity="7.408275e-002" type="0"/>
    <Peak1D F1="1.160569" intensity="2.183064e-002" type="0"/>
    <Peak1D F1="1.144883" intensity="1.444488e-002" type="0"/>
    <Peak1D F1="1.082830" intensity="6.546083e-003" type="0"/>
    <Peak1D F1="1.052028" intensity="5.767831e-003" type="0"/>
    <Peak1D F1="1.037248" intensity="8.035133e-003" type="0"/>
    <Peak1D F1="1.003996" intensity="5.398224e-003" type="0"/>
    <Peak1D F1="0.937174" intensity="5.074783e-003" type="0"/>
    <Peak1D F1="0.917896" intensity="4.120536e-003" type="0"/>
    <Peak1D F1="0.896520" intensity="4.096480e-003" type="0"/>
    <Peak1D F1="0.816024" intensity="8.427330e-003" type="0"/>
    <Peak1D F1="0.799804" intensity="1.461458e-002" type="0"/>
    <Peak1D F1="0.789862" intensity="1.397779e-002" type="0"/>
    <Peak1D F1="0.771021" intensity="2.973568e-002" type="0"/>
    <Peak1D F1="0.752291" intensity="3.513315e-002" type="0"/>
    <Peak1D F1="0.733446" intensity="2.400762e-002" type="0"/>
    <Peak1D F1="0.714234" intensity="8.647100e-003" type="0"/>
    <Peak1D F1="0.609693" intensity="2.619317e-003" type="0"/>
    <Peak1D F1="0.581290" intensity="2.671959e-003" type="0"/>
    <Peak1D F1="0.560012" intensity="2.699303e-003" type="0"/>
    <Peak1D F1="0.529327" intensity="2.408573e-003" type="0"/>
    <Peak1D F1="0.509754" intensity="2.383660e-003" type="0"/>
    <Peak1D F1="0.495649" intensity="2.121582e-003" type="0"/>
    <Peak1D F1="0.443118" intensity="2.110425e-003" type="0"/>
    <Peak1D F1="0.400406" intensity="2.381641e-003" type="0"/>
    <Peak1D F1="0.359164" intensity="2.081051e-003" type="0"/>
    <Peak1D F1="0.342836" intensity="1.712184e-003" type="0"/>
    <Peak1D F1="0.333841" intensity="1.980893e-003" type="0"/>
    <Peak1D F1="0.325385" intensity="2.031746e-003" type="0"/>
    <Peak1D F1="0.288151" intensity="1.986916e-003" type="0"/>
    <Peak1D F1="0.257638" intensity="1.665510e-003" type="0"/>
    <Peak1D F1="0.218604" intensity="1.748519e-003" type="0"/>
    <Peak1D F1="0.191953" intensity="1.991047e-003" type="0"/>
    <Peak1D F1="0.147067" intensity="1.609414e-003" type="0"/>
    <Peak1D F1="0.088800" intensity="1.671361e-003" type="0"/>
    <Peak1D F1="0.050283" intensity="3.407413e-003" type="0"/>
    <Peak1D F1="0.008760" intensity="8.446829e-003" type="0"/>
    <Peak1D F1="-0.000151" intensity="1.840130e-001" type="0"/>
    <Peak1D F1="-0.026555" intensity="3.458175e-003" type="0"/>
    <Peak1D F1="-0.050317" intensity="3.630548e-003" type="0"/>
    <Peak1D F1="-0.081853" intensity="1.594172e-003" type="0"/>
    <Peak1D F1="-0.116072" intensity="1.388225e-003" type="0"/>
    <Peak1D F1="-0.128011" intensity="1.634297e-003" type="0"/>
    <Peak1D F1="-0.149775" intensity="1.646794e-003" type="0"/>
    <Peak1D F1="-0.168880" intensity="1.303627e-003" type="0"/>
    <Peak1D F1="-0.194940" intensity="1.153586e-003" type="0"/>
    <Peak1D F1="-3.119668" intensity="1.161347e-003" type="0"/>
    <Peak1D F1="-3.148886" intensity="1.182750e-003" type="0"/>
    <Peak1D F1="-3.216317" intensity="1.206909e-003" type="0"/>
    <Peak1D F1="-3.407765" intensity="1.327211e-003" type="0"/>
    <Peak1D F1="-3.422564" intensity="1.175044e-003" type="0"/>
    <Peak1D F1="-3.434272" intensity="1.656078e-003" type="0"/>
    <Peak1D F1="-3.447706" intensity="1.138184e-003" type="0"/>
    <Peak1D F1="-3.504622" intensity="1.304700e-003" type="0"/>
    <Peak1D F1="-3.532713" intensity="1.355031e-003" type="0"/>
    <Peak1D F1="-3.546173" intensity="1.445648e-003" type="0"/>
    <Peak1D F1="-3.577272" intensity="1.871284e-003" type="0"/>
    <Peak1D F1="-3.595474" intensity="1.350343e-003" type="0"/>
    <Peak1D F1="-3.603264" intensity="1.152102e-003" type="0"/>
    <Peak1D F1="-3.624504" intensity="1.180771e-003" type="0"/>
    <Peak1D F1="-3.664006" intensity="1.329629e-003" type="0"/>
    <Peak1D F1="-3.723019" intensity="1.365825e-003" type="0"/>
    <Peak1D F1="-3.761715" intensity="1.335679e-003" type="0"/>
    <Peak1D F1="-3.799416" intensity="1.439487e-003" type="0"/>
    <Peak1D F1="-3.899925" intensity="1.641702e-003" type="0"/>
  </PeakList1D>
</PeakList>
