<?xml version="1.0" encoding="UTF-8"?>
<PeakList>
  <PeakList1D>
    <PeakList1DHeader creator="nmr" date="2021-08-01T14:46:08.044+03:00" expNo="10" name="ID-419-D" owner="" procNo="1" source="//132.72.8.180/400b/Milo/Milo">
      <PeakPickDetails>F1=16.098551ppm, F2=-3.930494ppm, MI=0.00cm, MAXI=10000.00cm, PC=1.000
      </PeakPickDetails>
    </PeakList1DHeader>
    <Peak1D F1="13.156601" intensity="9.567835e-003" type="0"/>
    <Peak1D F1="10.093459" intensity="1.755650e-001" type="0"/>
    <Peak1D F1="8.370331" intensity="1.822446e-002" type="0"/>
    <Peak1D F1="8.341908" intensity="1.322118e-001" type="0"/>
    <Peak1D F1="8.320095" intensity="1.336764e-001" type="0"/>
    <Peak1D F1="8.272640" intensity="3.223357e-002" type="0"/>
    <Peak1D F1="8.250752" intensity="3.498961e-002" type="0"/>
    <Peak1D F1="8.221763" intensity="1.435920e-001" type="0"/>
    <Peak1D F1="8.208714" intensity="1.506153e-001" type="0"/>
    <Peak1D F1="8.199924" intensity="2.773254e-001" type="0"/>
    <Peak1D F1="8.186397" intensity="1.948824e-001" type="0"/>
    <Peak1D F1="8.178146" intensity="2.014972e-001" type="0"/>
    <Peak1D F1="8.158771" intensity="3.421514e+000" type="0"/>
    <Peak1D F1="8.153848" intensity="1.554294e+000" type="0"/>
    <Peak1D F1="8.136993" intensity="3.582329e+000" type="0"/>
    <Peak1D F1="8.131273" intensity="9.985989e-001" type="0"/>
    <Peak1D F1="8.108498" intensity="1.020093e-001" type="0"/>
    <Peak1D F1="8.100301" intensity="9.095997e-002" type="0"/>
    <Peak1D F1="8.087344" intensity="6.670858e-002" type="0"/>
    <Peak1D F1="8.043670" intensity="1.838645e-001" type="0"/>
    <Peak1D F1="8.024997" intensity="2.106500e-001" type="0"/>
    <Peak1D F1="8.020067" intensity="1.805117e-001" type="0"/>
    <Peak1D F1="7.998490" intensity="1.326503e-001" type="0"/>
    <Peak1D F1="7.949359" intensity="1.780137e-002" type="0"/>
    <Peak1D F1="7.928455" intensity="1.400946e-002" type="0"/>
    <Peak1D F1="7.835490" intensity="3.345235e-002" type="0"/>
    <Peak1D F1="7.819458" intensity="6.961113e-002" type="0"/>
    <Peak1D F1="7.799032" intensity="8.420090e-002" type="0"/>
    <Peak1D F1="7.777685" intensity="6.025271e-002" type="0"/>
    <Peak1D F1="7.717970" intensity="1.087549e-002" type="0"/>
    <Peak1D F1="7.681535" intensity="1.684991e-002" type="0"/>
    <Peak1D F1="7.661118" intensity="2.215945e-002" type="0"/>
    <Peak1D F1="7.640149" intensity="1.185235e-002" type="0"/>
    <Peak1D F1="7.635540" intensity="1.055626e-002" type="0"/>
    <Peak1D F1="7.605658" intensity="1.235597e-001" type="0"/>
    <Peak1D F1="7.584443" intensity="1.076382e-001" type="0"/>
    <Peak1D F1="7.550347" intensity="5.308400e-002" type="0"/>
    <Peak1D F1="7.529671" intensity="1.129692e-001" type="0"/>
    <Peak1D F1="7.519718" intensity="1.407839e-001" type="0"/>
    <Peak1D F1="7.498093" intensity="2.352128e-001" type="0"/>
    <Peak1D F1="7.479971" intensity="3.660748e+000" type="0"/>
    <Peak1D F1="7.458031" intensity="3.473377e+000" type="0"/>
    <Peak1D F1="7.439453" intensity="5.462369e-001" type="0"/>
    <Peak1D F1="7.431664" intensity="1.806254e-001" type="0"/>
    <Peak1D F1="7.410884" intensity="1.617028e-001" type="0"/>
    <Peak1D F1="7.391439" intensity="4.743691e-002" type="0"/>
    <Peak1D F1="7.372688" intensity="3.222974e-002" type="0"/>
    <Peak1D F1="7.352645" intensity="2.859655e-002" type="0"/>
    <Peak1D F1="7.332980" intensity="1.936845e-002" type="0"/>
    <Peak1D F1="7.323264" intensity="2.842924e-002" type="0"/>
    <Peak1D F1="7.318460" intensity="2.483417e-002" type="0"/>
    <Peak1D F1="7.295025" intensity="1.567954e-002" type="0"/>
    <Peak1D F1="7.272927" intensity="2.236537e-002" type="0"/>
    <Peak1D F1="7.243069" intensity="2.353660e-001" type="0"/>
    <Peak1D F1="7.235239" intensity="4.248186e-002" type="0"/>
    <Peak1D F1="7.223263" intensity="5.318874e-002" type="0"/>
    <Peak1D F1="7.217566" intensity="6.343620e-002" type="0"/>
    <Peak1D F1="7.193346" intensity="1.193457e+001" type="0"/>
    <Peak1D F1="7.166936" intensity="1.665181e-002" type="0"/>
    <Peak1D F1="7.155169" intensity="2.959874e-002" type="0"/>
    <Peak1D F1="7.143187" intensity="2.141278e-001" type="0"/>
    <Peak1D F1="7.054618" intensity="1.016581e-001" type="0"/>
    <Peak1D F1="7.034467" intensity="1.286599e-001" type="0"/>
    <Peak1D F1="7.024432" intensity="2.453613e-001" type="0"/>
    <Peak1D F1="7.000899" intensity="1.368287e-001" type="0"/>
    <Peak1D F1="6.975618" intensity="1.356363e-001" type="0"/>
    <Peak1D F1="6.950602" intensity="1.790603e-001" type="0"/>
    <Peak1D F1="6.929403" intensity="9.588997e-002" type="0"/>
    <Peak1D F1="6.827937" intensity="1.412406e-002" type="0"/>
    <Peak1D F1="6.790506" intensity="1.448910e-002" type="0"/>
    <Peak1D F1="6.215372" intensity="1.722272e-002" type="0"/>
    <Peak1D F1="6.117279" intensity="1.654434e-001" type="0"/>
    <Peak1D F1="6.067442" intensity="8.035768e-002" type="0"/>
    <Peak1D F1="6.017805" intensity="4.896769e+000" type="0"/>
    <Peak1D F1="5.978161" intensity="1.334730e-002" type="0"/>
    <Peak1D F1="5.968066" intensity="8.366896e-002" type="0"/>
    <Peak1D F1="5.926140" intensity="2.907683e-002" type="0"/>
    <Peak1D F1="5.915049" intensity="3.242344e-002" type="0"/>
    <Peak1D F1="5.816675" intensity="1.388283e-002" type="0"/>
    <Peak1D F1="5.776441" intensity="4.788863e-002" type="0"/>
    <Peak1D F1="5.769983" intensity="4.905241e-002" type="0"/>
    <Peak1D F1="5.628744" intensity="5.050015e-002" type="0"/>
    <Peak1D F1="5.601221" intensity="5.716124e-002" type="0"/>
    <Peak1D F1="5.558220" intensity="1.291298e-002" type="0"/>
    <Peak1D F1="5.530865" intensity="1.868299e-002" type="0"/>
    <Peak1D F1="5.490427" intensity="3.024057e-002" type="0"/>
    <Peak1D F1="5.464676" intensity="1.089004e-002" type="0"/>
    <Peak1D F1="5.428368" intensity="1.465023e-002" type="0"/>
    <Peak1D F1="5.405456" intensity="1.198929e-002" type="0"/>
    <Peak1D F1="5.379744" intensity="2.219170e-002" type="0"/>
    <Peak1D F1="5.356452" intensity="2.426832e-001" type="0"/>
    <Peak1D F1="5.349039" intensity="2.407578e-001" type="0"/>
    <Peak1D F1="5.312269" intensity="1.441694e-002" type="0"/>
    <Peak1D F1="5.276265" intensity="1.003696e-002" type="0"/>
    <Peak1D F1="5.128093" intensity="9.797514e-003" type="0"/>
    <Peak1D F1="4.968501" intensity="1.805131e-002" type="0"/>
    <Peak1D F1="4.944088" intensity="2.209146e-002" type="0"/>
    <Peak1D F1="4.912582" intensity="2.028359e-002" type="0"/>
    <Peak1D F1="4.887283" intensity="2.960983e-002" type="0"/>
    <Peak1D F1="4.871261" intensity="3.439059e-002" type="0"/>
    <Peak1D F1="4.868708" intensity="3.689172e-002" type="0"/>
    <Peak1D F1="4.855590" intensity="4.197194e-002" type="0"/>
    <Peak1D F1="4.838873" intensity="6.574115e-002" type="0"/>
    <Peak1D F1="4.815441" intensity="6.756312e-002" type="0"/>
    <Peak1D F1="4.788847" intensity="1.975765e+000" type="0"/>
    <Peak1D F1="4.765997" intensity="2.015059e+000" type="0"/>
    <Peak1D F1="4.739185" intensity="8.277985e-002" type="0"/>
    <Peak1D F1="4.716197" intensity="8.361763e-002" type="0"/>
    <Peak1D F1="4.703974" intensity="5.938109e-002" type="0"/>
    <Peak1D F1="4.675999" intensity="5.856936e-002" type="0"/>
    <Peak1D F1="4.646719" intensity="5.948060e-002" type="0"/>
    <Peak1D F1="4.636494" intensity="6.007227e-002" type="0"/>
    <Peak1D F1="4.605236" intensity="5.564331e-002" type="0"/>
    <Peak1D F1="4.590948" intensity="4.930408e-002" type="0"/>
    <Peak1D F1="4.582418" intensity="5.221994e-002" type="0"/>
    <Peak1D F1="4.538455" intensity="3.885143e-002" type="0"/>
    <Peak1D F1="4.525053" intensity="3.552812e-002" type="0"/>
    <Peak1D F1="4.509265" intensity="3.245546e-002" type="0"/>
    <Peak1D F1="4.502805" intensity="2.799702e-002" type="0"/>
    <Peak1D F1="4.471729" intensity="2.388308e-002" type="0"/>
    <Peak1D F1="4.447155" intensity="2.290687e-002" type="0"/>
    <Peak1D F1="4.416786" intensity="1.955194e-002" type="0"/>
    <Peak1D F1="4.386172" intensity="1.818170e-002" type="0"/>
    <Peak1D F1="4.302139" intensity="1.196971e-002" type="0"/>
    <Peak1D F1="4.275862" intensity="1.106229e-002" type="0"/>
    <Peak1D F1="4.268389" intensity="1.372381e-002" type="0"/>
    <Peak1D F1="3.977849" intensity="1.427178e-002" type="0"/>
    <Peak1D F1="3.956832" intensity="1.351302e-002" type="0"/>
    <Peak1D F1="3.878079" intensity="7.454020e-002" type="0"/>
    <Peak1D F1="3.862415" intensity="1.247313e-002" type="0"/>
    <Peak1D F1="3.844345" intensity="5.576607e-002" type="0"/>
    <Peak1D F1="3.822083" intensity="4.289559e-002" type="0"/>
    <Peak1D F1="3.811520" intensity="5.105128e-001" type="0"/>
    <Peak1D F1="3.761691" intensity="2.084853e-002" type="0"/>
    <Peak1D F1="3.750836" intensity="2.596286e-001" type="0"/>
    <Peak1D F1="3.745431" intensity="3.029414e-001" type="0"/>
    <Peak1D F1="3.700720" intensity="1.500000e+001" type="0"/>
    <Peak1D F1="3.661652" intensity="5.308332e-002" type="0"/>
    <Peak1D F1="3.650997" intensity="2.678046e-001" type="0"/>
    <Peak1D F1="3.604096" intensity="1.361565e-002" type="0"/>
    <Peak1D F1="3.518534" intensity="8.136220e-002" type="0"/>
    <Peak1D F1="3.422674" intensity="9.845934e-003" type="0"/>
    <Peak1D F1="3.186991" intensity="1.018113e-002" type="0"/>
    <Peak1D F1="2.960713" intensity="1.195882e-002" type="0"/>
    <Peak1D F1="2.952459" intensity="1.385731e-002" type="0"/>
    <Peak1D F1="2.942469" intensity="2.188596e-002" type="0"/>
    <Peak1D F1="2.935075" intensity="2.424593e-002" type="0"/>
    <Peak1D F1="2.924114" intensity="1.698345e-002" type="0"/>
    <Peak1D F1="2.785131" intensity="1.010203e-002" type="0"/>
    <Peak1D F1="2.754473" intensity="2.763776e-002" type="0"/>
    <Peak1D F1="2.731416" intensity="2.833990e-002" type="0"/>
    <Peak1D F1="2.702795" intensity="9.982758e-001" type="0"/>
    <Peak1D F1="2.653641" intensity="1.997138e-002" type="0"/>
    <Peak1D F1="2.624007" intensity="1.623977e-002" type="0"/>
    <Peak1D F1="2.595088" intensity="2.067710e-002" type="0"/>
    <Peak1D F1="2.573857" intensity="3.426454e-001" type="0"/>
    <Peak1D F1="2.546173" intensity="7.059715e-002" type="0"/>
    <Peak1D F1="2.524574" intensity="4.845793e-002" type="0"/>
    <Peak1D F1="2.514488" intensity="3.530867e-001" type="0"/>
    <Peak1D F1="2.482846" intensity="3.044649e-002" type="0"/>
    <Peak1D F1="2.467225" intensity="5.204674e-002" type="0"/>
    <Peak1D F1="2.454886" intensity="5.483348e-002" type="0"/>
    <Peak1D F1="2.430998" intensity="7.872555e-001" type="0"/>
    <Peak1D F1="2.423254" intensity="4.584593e-001" type="0"/>
    <Peak1D F1="2.416226" intensity="4.115618e-001" type="0"/>
    <Peak1D F1="2.412675" intensity="4.205319e-001" type="0"/>
    <Peak1D F1="2.388911" intensity="5.613597e-001" type="0"/>
    <Peak1D F1="2.385300" intensity="5.091174e-001" type="0"/>
    <Peak1D F1="2.364272" intensity="6.280856e-001" type="0"/>
    <Peak1D F1="2.349146" intensity="3.855066e-001" type="0"/>
    <Peak1D F1="2.326158" intensity="6.649705e-001" type="0"/>
    <Peak1D F1="2.313261" intensity="1.220535e+000" type="0"/>
    <Peak1D F1="2.306372" intensity="6.496701e-001" type="0"/>
    <Peak1D F1="2.295925" intensity="9.967119e-001" type="0"/>
    <Peak1D F1="2.281595" intensity="4.773417e-001" type="0"/>
    <Peak1D F1="2.276047" intensity="4.588453e-001" type="0"/>
    <Peak1D F1="2.261673" intensity="3.736247e-001" type="0"/>
    <Peak1D F1="2.254014" intensity="1.191691e+000" type="0"/>
    <Peak1D F1="2.230938" intensity="7.081817e-001" type="0"/>
    <Peak1D F1="2.227308" intensity="6.701186e-001" type="0"/>
    <Peak1D F1="2.204415" intensity="8.549005e-001" type="0"/>
    <Peak1D F1="2.197467" intensity="1.414593e-001" type="0"/>
    <Peak1D F1="2.182931" intensity="4.534898e-001" type="0"/>
    <Peak1D F1="2.178324" intensity="4.303135e-001" type="0"/>
    <Peak1D F1="2.155826" intensity="4.973254e-001" type="0"/>
    <Peak1D F1="2.146331" intensity="3.319692e-001" type="0"/>
    <Peak1D F1="2.133594" intensity="2.343638e-001" type="0"/>
    <Peak1D F1="2.116323" intensity="3.520976e+000" type="0"/>
    <Peak1D F1="2.096575" intensity="1.122612e+001" type="0"/>
    <Peak1D F1="2.085133" intensity="3.000527e+000" type="0"/>
    <Peak1D F1="2.077809" intensity="5.523380e+000" type="0"/>
    <Peak1D F1="2.056839" intensity="3.426790e-001" type="0"/>
    <Peak1D F1="2.046940" intensity="3.771790e-001" type="0"/>
    <Peak1D F1="2.039929" intensity="2.922654e-001" type="0"/>
    <Peak1D F1="2.028332" intensity="1.900958e-001" type="0"/>
    <Peak1D F1="2.020884" intensity="1.323901e-001" type="0"/>
    <Peak1D F1="1.987411" intensity="3.438590e-001" type="0"/>
    <Peak1D F1="1.970729" intensity="3.650887e-001" type="0"/>
    <Peak1D F1="1.965400" intensity="4.554690e-001" type="0"/>
    <Peak1D F1="1.959703" intensity="5.968055e-001" type="0"/>
    <Peak1D F1="1.955260" intensity="5.595735e-001" type="0"/>
    <Peak1D F1="1.950170" intensity="6.067843e-001" type="0"/>
    <Peak1D F1="1.937024" intensity="2.538052e+000" type="0"/>
    <Peak1D F1="1.925107" intensity="7.813627e-001" type="0"/>
    <Peak1D F1="1.920950" intensity="8.692110e-001" type="0"/>
    <Peak1D F1="1.910492" intensity="5.757271e+000" type="0"/>
    <Peak1D F1="1.900501" intensity="4.695763e+000" type="0"/>
    <Peak1D F1="1.899288" intensity="4.683555e+000" type="0"/>
    <Peak1D F1="1.890987" intensity="1.170382e+001" type="0"/>
    <Peak1D F1="1.881869" intensity="4.374002e+000" type="0"/>
    <Peak1D F1="1.871545" intensity="3.709676e+000" type="0"/>
    <Peak1D F1="1.859642" intensity="5.644674e-001" type="0"/>
    <Peak1D F1="1.850225" intensity="3.341448e-001" type="0"/>
    <Peak1D F1="1.841170" intensity="3.393570e-001" type="0"/>
    <Peak1D F1="1.832177" intensity="1.985418e-001" type="0"/>
    <Peak1D F1="1.821491" intensity="1.559540e-001" type="0"/>
    <Peak1D F1="1.806664" intensity="8.618102e-002" type="0"/>
    <Peak1D F1="1.759622" intensity="9.158561e-002" type="0"/>
    <Peak1D F1="1.744675" intensity="2.098965e-001" type="0"/>
    <Peak1D F1="1.728921" intensity="2.770962e-001" type="0"/>
    <Peak1D F1="1.723704" intensity="2.585333e-001" type="0"/>
    <Peak1D F1="1.716469" intensity="3.093691e-001" type="0"/>
    <Peak1D F1="1.707819" intensity="3.372045e-001" type="0"/>
    <Peak1D F1="1.700720" intensity="5.402434e-001" type="0"/>
    <Peak1D F1="1.696691" intensity="4.581493e-001" type="0"/>
    <Peak1D F1="1.685719" intensity="4.230877e-001" type="0"/>
    <Peak1D F1="1.679783" intensity="1.310503e+000" type="0"/>
    <Peak1D F1="1.670304" intensity="7.647168e-001" type="0"/>
    <Peak1D F1="1.665839" intensity="5.945267e-001" type="0"/>
    <Peak1D F1="1.655362" intensity="1.120950e+000" type="0"/>
    <Peak1D F1="1.638847" intensity="6.691424e-001" type="0"/>
    <Peak1D F1="1.634365" intensity="7.509089e-001" type="0"/>
    <Peak1D F1="1.623134" intensity="2.970351e-001" type="0"/>
    <Peak1D F1="1.618521" intensity="3.917938e-001" type="0"/>
    <Peak1D F1="1.584321" intensity="8.996014e-002" type="0"/>
    <Peak1D F1="1.574822" intensity="9.294718e-002" type="0"/>
    <Peak1D F1="1.552431" intensity="1.079287e-001" type="0"/>
    <Peak1D F1="1.534048" intensity="3.412365e-001" type="0"/>
    <Peak1D F1="1.518583" intensity="2.421087e-001" type="0"/>
    <Peak1D F1="1.511671" intensity="2.668081e-001" type="0"/>
    <Peak1D F1="1.499825" intensity="5.859941e-001" type="0"/>
    <Peak1D F1="1.482450" intensity="7.533159e-001" type="0"/>
    <Peak1D F1="1.469677" intensity="5.004517e-001" type="0"/>
    <Peak1D F1="1.452984" intensity="4.989793e-001" type="0"/>
    <Peak1D F1="1.440506" intensity="1.102688e-001" type="0"/>
    <Peak1D F1="1.434662" intensity="1.481343e-001" type="0"/>
    <Peak1D F1="1.422699" intensity="1.855524e-001" type="0"/>
    <Peak1D F1="1.396492" intensity="5.201924e-002" type="0"/>
    <Peak1D F1="1.364618" intensity="4.533739e-002" type="0"/>
    <Peak1D F1="1.345910" intensity="4.591304e-002" type="0"/>
    <Peak1D F1="1.321296" intensity="3.927778e-002" type="0"/>
    <Peak1D F1="1.311737" intensity="3.800407e-002" type="0"/>
    <Peak1D F1="1.263334" intensity="7.653924e-002" type="0"/>
    <Peak1D F1="1.236065" intensity="1.148513e-001" type="0"/>
    <Peak1D F1="1.184690" intensity="2.897103e-001" type="0"/>
    <Peak1D F1="1.119620" intensity="2.222758e-002" type="0"/>
    <Peak1D F1="1.046521" intensity="1.698954e-002" type="0"/>
    <Peak1D F1="0.982326" intensity="1.573730e-002" type="0"/>
    <Peak1D F1="0.968966" intensity="1.539074e-002" type="0"/>
    <Peak1D F1="0.954059" intensity="1.465860e-002" type="0"/>
    <Peak1D F1="0.947070" intensity="1.386966e-002" type="0"/>
    <Peak1D F1="0.933029" intensity="1.151301e-002" type="0"/>
    <Peak1D F1="0.910798" intensity="1.364022e-002" type="0"/>
    <Peak1D F1="0.867491" intensity="1.416295e-002" type="0"/>
    <Peak1D F1="0.826531" intensity="4.727998e-002" type="0"/>
    <Peak1D F1="0.812894" intensity="8.327906e-002" type="0"/>
    <Peak1D F1="0.794313" intensity="4.772263e-002" type="0"/>
    <Peak1D F1="0.759206" intensity="2.956231e-002" type="0"/>
    <Peak1D F1="0.709284" intensity="1.222633e-002" type="0"/>
    <Peak1D F1="0.685137" intensity="9.700999e-003" type="0"/>
    <Peak1D F1="0.671973" intensity="1.295103e-002" type="0"/>
    <Peak1D F1="0.641250" intensity="1.088965e-002" type="0"/>
    <Peak1D F1="0.576312" intensity="1.115893e-002" type="0"/>
    <Peak1D F1="0.552108" intensity="1.000780e-002" type="0"/>
    <Peak1D F1="0.541798" intensity="1.281244e-002" type="0"/>
    <Peak1D F1="0.534531" intensity="1.233432e-002" type="0"/>
    <Peak1D F1="0.504744" intensity="1.135090e-002" type="0"/>
    <Peak1D F1="0.421435" intensity="1.017088e-002" type="0"/>
    <Peak1D F1="0.357162" intensity="9.639109e-003" type="0"/>
    <Peak1D F1="0.211039" intensity="9.749309e-003" type="0"/>
    <Peak1D F1="0.025953" intensity="9.731992e-003" type="0"/>
    <Peak1D F1="-0.000158" intensity="2.586811e-001" type="0"/>
  </PeakList1D>
</PeakList>
