<?xml version="1.0" encoding="UTF-8"?>
<PeakList>
  <PeakList1D>
    <PeakList1DHeader creator="nmr" date="2021-08-09T15:31:40.650+03:00" expNo="20" name="ID-428-B" owner="" procNo="1" source="//132.72.8.180/400b/Milo/Milo">
      <PeakPickDetails>F1=16.101139ppm, F2=-3.927906ppm, MI=0.00cm, MAXI=10000.00cm, PC=1.000
      </PeakPickDetails>
    </PeakList1DHeader>
    <Peak1D F1="11.652635" intensity="5.053768e-003" type="0"/>
    <Peak1D F1="10.314633" intensity="7.243721e-003" type="0"/>
    <Peak1D F1="10.163367" intensity="6.104311e-003" type="0"/>
    <Peak1D F1="10.144362" intensity="2.663859e-002" type="0"/>
    <Peak1D F1="10.125421" intensity="1.212284e-002" type="0"/>
    <Peak1D F1="10.094857" intensity="1.422082e+000" type="0"/>
    <Peak1D F1="10.062981" intensity="7.700508e-003" type="0"/>
    <Peak1D F1="10.045037" intensity="2.406249e-002" type="0"/>
    <Peak1D F1="9.868412" intensity="8.618987e-003" type="0"/>
    <Peak1D F1="8.558069" intensity="4.851354e-003" type="0"/>
    <Peak1D F1="8.553140" intensity="5.018853e-003" type="0"/>
    <Peak1D F1="8.533932" intensity="5.775052e-003" type="0"/>
    <Peak1D F1="8.513707" intensity="5.298432e-003" type="0"/>
    <Peak1D F1="8.476095" intensity="4.654010e-003" type="0"/>
    <Peak1D F1="8.431865" intensity="5.092009e-003" type="0"/>
    <Peak1D F1="8.392837" intensity="1.894468e-002" type="0"/>
    <Peak1D F1="8.370661" intensity="2.718707e-002" type="0"/>
    <Peak1D F1="8.342675" intensity="9.341279e-001" type="0"/>
    <Peak1D F1="8.320942" intensity="1.064454e+000" type="0"/>
    <Peak1D F1="8.292459" intensity="1.919545e-002" type="0"/>
    <Peak1D F1="8.271141" intensity="2.474584e-002" type="0"/>
    <Peak1D F1="8.251682" intensity="1.063936e-002" type="0"/>
    <Peak1D F1="8.224539" intensity="1.167272e-002" type="0"/>
    <Peak1D F1="8.209042" intensity="3.230843e-002" type="0"/>
    <Peak1D F1="8.187570" intensity="3.724587e-002" type="0"/>
    <Peak1D F1="8.159256" intensity="3.707996e-001" type="0"/>
    <Peak1D F1="8.154376" intensity="4.684419e-001" type="0"/>
    <Peak1D F1="8.137411" intensity="4.606156e-001" type="0"/>
    <Peak1D F1="8.132363" intensity="4.406741e-001" type="0"/>
    <Peak1D F1="8.110474" intensity="2.072232e-002" type="0"/>
    <Peak1D F1="8.102943" intensity="1.811515e-002" type="0"/>
    <Peak1D F1="8.082448" intensity="1.237394e-002" type="0"/>
    <Peak1D F1="8.070829" intensity="2.171885e-002" type="0"/>
    <Peak1D F1="8.049462" intensity="2.619836e-002" type="0"/>
    <Peak1D F1="8.026323" intensity="1.977097e-001" type="0"/>
    <Peak1D F1="8.021276" intensity="1.279365e+000" type="0"/>
    <Peak1D F1="8.016423" intensity="3.897329e-001" type="0"/>
    <Peak1D F1="8.004132" intensity="3.697570e-001" type="0"/>
    <Peak1D F1="7.999538" intensity="1.064163e+000" type="0"/>
    <Peak1D F1="7.994258" intensity="1.453580e-001" type="0"/>
    <Peak1D F1="7.971326" intensity="2.126743e-002" type="0"/>
    <Peak1D F1="7.949298" intensity="1.763944e-002" type="0"/>
    <Peak1D F1="7.832166" intensity="6.479539e-003" type="0"/>
    <Peak1D F1="7.810506" intensity="1.095310e-002" type="0"/>
    <Peak1D F1="7.792971" intensity="6.099901e-003" type="0"/>
    <Peak1D F1="7.609167" intensity="1.961863e-002" type="0"/>
    <Peak1D F1="7.587466" intensity="1.918410e-002" type="0"/>
    <Peak1D F1="7.549790" intensity="4.742058e-003" type="0"/>
    <Peak1D F1="7.507594" intensity="2.464368e-002" type="0"/>
    <Peak1D F1="7.481399" intensity="3.492493e-001" type="0"/>
    <Peak1D F1="7.476456" intensity="1.364042e-001" type="0"/>
    <Peak1D F1="7.464550" intensity="4.724091e-001" type="0"/>
    <Peak1D F1="7.459509" intensity="4.346344e-001" type="0"/>
    <Peak1D F1="7.455391" intensity="1.275768e-001" type="0"/>
    <Peak1D F1="7.443191" intensity="3.519644e-001" type="0"/>
    <Peak1D F1="7.413586" intensity="1.330387e-002" type="0"/>
    <Peak1D F1="7.393588" intensity="8.187612e-003" type="0"/>
    <Peak1D F1="7.323878" intensity="1.526966e-002" type="0"/>
    <Peak1D F1="7.318167" intensity="1.197960e-002" type="0"/>
    <Peak1D F1="7.282139" intensity="1.181824e-002" type="0"/>
    <Peak1D F1="7.246077" intensity="1.660200e-001" type="0"/>
    <Peak1D F1="7.196389" intensity="1.146253e+001" type="0"/>
    <Peak1D F1="7.180282" intensity="2.013072e-002" type="0"/>
    <Peak1D F1="7.166831" intensity="7.924575e-003" type="0"/>
    <Peak1D F1="7.146204" intensity="1.771979e-001" type="0"/>
    <Peak1D F1="7.095705" intensity="1.160345e-002" type="0"/>
    <Peak1D F1="6.932353" intensity="6.013600e-002" type="0"/>
    <Peak1D F1="6.314344" intensity="6.643694e-003" type="0"/>
    <Peak1D F1="6.217158" intensity="8.051300e-003" type="0"/>
    <Peak1D F1="6.209071" intensity="5.938521e-003" type="0"/>
    <Peak1D F1="6.117838" intensity="4.631323e-002" type="0"/>
    <Peak1D F1="6.067605" intensity="3.284504e-002" type="0"/>
    <Peak1D F1="6.018075" intensity="1.816059e+000" type="0"/>
    <Peak1D F1="5.968096" intensity="3.004955e-002" type="0"/>
    <Peak1D F1="5.498985" intensity="5.482763e-003" type="0"/>
    <Peak1D F1="5.416540" intensity="8.155962e-003" type="0"/>
    <Peak1D F1="5.358073" intensity="1.425974e-001" type="0"/>
    <Peak1D F1="5.351387" intensity="1.410050e-001" type="0"/>
    <Peak1D F1="5.332275" intensity="7.149318e-003" type="0"/>
    <Peak1D F1="5.303730" intensity="6.751720e-003" type="0"/>
    <Peak1D F1="4.947921" intensity="4.976977e-003" type="0"/>
    <Peak1D F1="4.859179" intensity="4.775852e-003" type="0"/>
    <Peak1D F1="4.838811" intensity="7.020317e-003" type="0"/>
    <Peak1D F1="4.819059" intensity="6.145942e-003" type="0"/>
    <Peak1D F1="4.792223" intensity="1.701846e-001" type="0"/>
    <Peak1D F1="4.769443" intensity="1.712886e-001" type="0"/>
    <Peak1D F1="4.741871" intensity="6.794602e-003" type="0"/>
    <Peak1D F1="4.668450" intensity="5.532888e-002" type="0"/>
    <Peak1D F1="4.607584" intensity="5.453774e-003" type="0"/>
    <Peak1D F1="3.878175" intensity="2.735820e-002" type="0"/>
    <Peak1D F1="3.853623" intensity="4.680973e-003" type="0"/>
    <Peak1D F1="3.844581" intensity="4.659032e-002" type="0"/>
    <Peak1D F1="3.823571" intensity="3.036882e-002" type="0"/>
    <Peak1D F1="3.811825" intensity="1.481689e-001" type="0"/>
    <Peak1D F1="3.795483" intensity="8.670456e-003" type="0"/>
    <Peak1D F1="3.750661" intensity="1.021471e-001" type="0"/>
    <Peak1D F1="3.745644" intensity="9.104618e-002" type="0"/>
    <Peak1D F1="3.701103" intensity="5.670700e+000" type="0"/>
    <Peak1D F1="3.651068" intensity="1.001899e-001" type="0"/>
    <Peak1D F1="3.602079" intensity="6.426638e-003" type="0"/>
    <Peak1D F1="3.584882" intensity="5.007420e-003" type="0"/>
    <Peak1D F1="3.546097" intensity="6.107084e-003" type="0"/>
    <Peak1D F1="3.518824" intensity="3.517606e-002" type="0"/>
    <Peak1D F1="3.456544" intensity="8.881917e-003" type="0"/>
    <Peak1D F1="3.419270" intensity="2.779966e-002" type="0"/>
    <Peak1D F1="3.379056" intensity="6.638684e-003" type="0"/>
    <Peak1D F1="2.962253" intensity="6.860641e-003" type="0"/>
    <Peak1D F1="2.954636" intensity="6.460606e-003" type="0"/>
    <Peak1D F1="2.943181" intensity="1.321960e-002" type="0"/>
    <Peak1D F1="2.935885" intensity="1.024935e-002" type="0"/>
    <Peak1D F1="2.918108" intensity="7.996976e-003" type="0"/>
    <Peak1D F1="2.537941" intensity="2.410560e-002" type="0"/>
    <Peak1D F1="2.522200" intensity="2.440169e-002" type="0"/>
    <Peak1D F1="2.468964" intensity="1.425199e-002" type="0"/>
    <Peak1D F1="2.456182" intensity="1.684171e-002" type="0"/>
    <Peak1D F1="2.433184" intensity="7.287830e-002" type="0"/>
    <Peak1D F1="2.412905" intensity="1.073740e-001" type="0"/>
    <Peak1D F1="2.392355" intensity="9.090581e-002" type="0"/>
    <Peak1D F1="2.363441" intensity="8.124015e-002" type="0"/>
    <Peak1D F1="2.351689" intensity="6.561141e-002" type="0"/>
    <Peak1D F1="2.329436" intensity="7.987542e-002" type="0"/>
    <Peak1D F1="2.309170" intensity="1.019486e-001" type="0"/>
    <Peak1D F1="2.298567" intensity="8.265012e-002" type="0"/>
    <Peak1D F1="2.294875" intensity="8.223857e-002" type="0"/>
    <Peak1D F1="2.276493" intensity="6.662598e-002" type="0"/>
    <Peak1D F1="2.256886" intensity="8.541554e-002" type="0"/>
    <Peak1D F1="2.252521" intensity="8.553383e-002" type="0"/>
    <Peak1D F1="2.238842" intensity="4.763956e-002" type="0"/>
    <Peak1D F1="2.226184" intensity="7.887473e-002" type="0"/>
    <Peak1D F1="2.203332" intensity="9.767410e-002" type="0"/>
    <Peak1D F1="2.181854" intensity="7.920240e-002" type="0"/>
    <Peak1D F1="2.176939" intensity="8.077747e-002" type="0"/>
    <Peak1D F1="2.165553" intensity="1.323882e-001" type="0"/>
    <Peak1D F1="2.146178" intensity="3.543758e-001" type="0"/>
    <Peak1D F1="2.134211" intensity="3.019980e-001" type="0"/>
    <Peak1D F1="2.116392" intensity="4.435040e+000" type="0"/>
    <Peak1D F1="2.096625" intensity="1.394508e+001" type="0"/>
    <Peak1D F1="2.085213" intensity="3.672492e+000" type="0"/>
    <Peak1D F1="2.077870" intensity="6.988854e+000" type="0"/>
    <Peak1D F1="2.070689" intensity="1.079914e+000" type="0"/>
    <Peak1D F1="2.062621" intensity="3.981093e-001" type="0"/>
    <Peak1D F1="2.056621" intensity="3.337094e-001" type="0"/>
    <Peak1D F1="2.051801" intensity="3.336717e-001" type="0"/>
    <Peak1D F1="2.046939" intensity="3.879772e-001" type="0"/>
    <Peak1D F1="2.028238" intensity="1.676439e-001" type="0"/>
    <Peak1D F1="1.996021" intensity="8.097971e-002" type="0"/>
    <Peak1D F1="1.974191" intensity="1.321468e-001" type="0"/>
    <Peak1D F1="1.960354" intensity="2.452139e-001" type="0"/>
    <Peak1D F1="1.948659" intensity="3.043927e-001" type="0"/>
    <Peak1D F1="1.941321" intensity="4.686887e-001" type="0"/>
    <Peak1D F1="1.932619" intensity="6.608044e-001" type="0"/>
    <Peak1D F1="1.926031" intensity="8.821089e-001" type="0"/>
    <Peak1D F1="1.921554" intensity="8.477440e-001" type="0"/>
    <Peak1D F1="1.911219" intensity="7.151493e+000" type="0"/>
    <Peak1D F1="1.900025" intensity="5.928735e+000" type="0"/>
    <Peak1D F1="1.891639" intensity="1.500000e+001" type="0"/>
    <Peak1D F1="1.882786" intensity="5.147003e+000" type="0"/>
    <Peak1D F1="1.880973" intensity="5.383790e+000" type="0"/>
    <Peak1D F1="1.872196" intensity="4.681756e+000" type="0"/>
    <Peak1D F1="1.860295" intensity="5.594792e-001" type="0"/>
    <Peak1D F1="1.850006" intensity="3.307394e-001" type="0"/>
    <Peak1D F1="1.841897" intensity="3.351560e-001" type="0"/>
    <Peak1D F1="1.833376" intensity="1.384518e-001" type="0"/>
    <Peak1D F1="1.822510" intensity="1.104564e-001" type="0"/>
    <Peak1D F1="1.810786" intensity="3.699165e-002" type="0"/>
    <Peak1D F1="1.800975" intensity="2.980330e-002" type="0"/>
    <Peak1D F1="1.791865" intensity="3.489343e-002" type="0"/>
    <Peak1D F1="1.772928" intensity="2.215612e-002" type="0"/>
    <Peak1D F1="1.760527" intensity="3.518493e-002" type="0"/>
    <Peak1D F1="1.742338" intensity="6.608289e-002" type="0"/>
    <Peak1D F1="1.724506" intensity="9.616628e-002" type="0"/>
    <Peak1D F1="1.708712" intensity="8.646821e-002" type="0"/>
    <Peak1D F1="1.702327" intensity="8.190878e-002" type="0"/>
    <Peak1D F1="1.682494" intensity="1.891515e-001" type="0"/>
    <Peak1D F1="1.672325" intensity="1.324589e-001" type="0"/>
    <Peak1D F1="1.662588" intensity="1.575857e-001" type="0"/>
    <Peak1D F1="1.658695" intensity="1.703636e-001" type="0"/>
    <Peak1D F1="1.654196" intensity="1.684733e-001" type="0"/>
    <Peak1D F1="1.648729" intensity="1.236148e-001" type="0"/>
    <Peak1D F1="1.643090" intensity="1.464502e-001" type="0"/>
    <Peak1D F1="1.633527" intensity="9.925071e-002" type="0"/>
    <Peak1D F1="1.627843" intensity="9.467237e-002" type="0"/>
    <Peak1D F1="1.622641" intensity="7.734346e-002" type="0"/>
    <Peak1D F1="1.618036" intensity="6.302015e-002" type="0"/>
    <Peak1D F1="1.600951" intensity="5.722436e-002" type="0"/>
    <Peak1D F1="1.536429" intensity="2.669252e-001" type="0"/>
    <Peak1D F1="1.502202" intensity="1.040378e-001" type="0"/>
    <Peak1D F1="1.484262" intensity="9.558829e-002" type="0"/>
    <Peak1D F1="1.471298" intensity="6.405198e-002" type="0"/>
    <Peak1D F1="1.455518" intensity="5.496924e-002" type="0"/>
    <Peak1D F1="1.437321" intensity="2.287631e-002" type="0"/>
    <Peak1D F1="1.425335" intensity="2.202930e-002" type="0"/>
    <Peak1D F1="1.396957" intensity="9.191129e-003" type="0"/>
    <Peak1D F1="1.377333" intensity="8.200020e-003" type="0"/>
    <Peak1D F1="1.363243" intensity="7.690255e-003" type="0"/>
    <Peak1D F1="1.341055" intensity="7.091115e-003" type="0"/>
    <Peak1D F1="1.302304" intensity="7.544222e-003" type="0"/>
    <Peak1D F1="1.268025" intensity="1.217174e-002" type="0"/>
    <Peak1D F1="1.219819" intensity="1.381409e-002" type="0"/>
    <Peak1D F1="1.186432" intensity="3.992274e-002" type="0"/>
    <Peak1D F1="1.111519" intensity="5.674752e-003" type="0"/>
    <Peak1D F1="1.079555" intensity="5.420819e-003" type="0"/>
    <Peak1D F1="1.027546" intensity="5.169785e-003" type="0"/>
    <Peak1D F1="0.879423" intensity="5.536823e-003" type="0"/>
    <Peak1D F1="0.823439" intensity="7.525672e-003" type="0"/>
    <Peak1D F1="0.810036" intensity="1.354323e-002" type="0"/>
    <Peak1D F1="0.793388" intensity="1.066569e-002" type="0"/>
    <Peak1D F1="0.727048" intensity="5.037501e-003" type="0"/>
    <Peak1D F1="0.705978" intensity="4.810082e-003" type="0"/>
    <Peak1D F1="0.481991" intensity="6.483333e-003" type="0"/>
    <Peak1D F1="0.398553" intensity="4.641519e-003" type="0"/>
    <Peak1D F1="-0.000157" intensity="4.192664e-002" type="0"/>
    <Peak1D F1="-2.927517" intensity="4.919216e-003" type="0"/>
    <Peak1D F1="-3.395602" intensity="4.802291e-003" type="0"/>
  </PeakList1D>
</PeakList>
