<?xml version="1.0" encoding="UTF-8"?>
<PeakList>
  <PeakList1D>
    <PeakList1DHeader creator="nmr" date="2021-08-10T14:41:07.945+03:00" expNo="10" name="ID-429-E" owner="" procNo="1" source="//132.72.8.180/400b/Milo/Milo">
      <PeakPickDetails>F1=16.102779ppm, F2=-3.926266ppm, MI=0.00cm, MAXI=10000.00cm, PC=1.000
      </PeakPickDetails>
    </PeakList1DHeader>
    <Peak1D F1="10.481889" intensity="4.545964e-003" type="0"/>
    <Peak1D F1="10.315043" intensity="9.581869e-003" type="0"/>
    <Peak1D F1="10.191399" intensity="5.016798e-003" type="0"/>
    <Peak1D F1="10.158548" intensity="5.125498e-003" type="0"/>
    <Peak1D F1="10.144469" intensity="3.061572e-002" type="0"/>
    <Peak1D F1="10.126435" intensity="1.497831e-002" type="0"/>
    <Peak1D F1="10.094574" intensity="1.569753e+000" type="0"/>
    <Peak1D F1="10.061792" intensity="8.090786e-003" type="0"/>
    <Peak1D F1="10.044632" intensity="2.325700e-002" type="0"/>
    <Peak1D F1="9.867388" intensity="8.194888e-003" type="0"/>
    <Peak1D F1="8.551802" intensity="5.582166e-003" type="0"/>
    <Peak1D F1="8.533773" intensity="5.583186e-003" type="0"/>
    <Peak1D F1="8.391871" intensity="2.512817e-002" type="0"/>
    <Peak1D F1="8.370222" intensity="3.147272e-002" type="0"/>
    <Peak1D F1="8.342128" intensity="1.054587e+000" type="0"/>
    <Peak1D F1="8.320652" intensity="1.208487e+000" type="0"/>
    <Peak1D F1="8.291535" intensity="2.004023e-002" type="0"/>
    <Peak1D F1="8.270698" intensity="2.317339e-002" type="0"/>
    <Peak1D F1="8.223945" intensity="2.644713e-002" type="0"/>
    <Peak1D F1="8.196823" intensity="6.868169e-002" type="0"/>
    <Peak1D F1="8.175033" intensity="9.597715e-002" type="0"/>
    <Peak1D F1="8.158454" intensity="2.181543e-001" type="0"/>
    <Peak1D F1="8.153540" intensity="1.619065e-001" type="0"/>
    <Peak1D F1="8.146019" intensity="1.664484e-001" type="0"/>
    <Peak1D F1="8.141444" intensity="1.536664e-001" type="0"/>
    <Peak1D F1="8.136590" intensity="2.476400e-001" type="0"/>
    <Peak1D F1="8.130636" intensity="1.280283e-001" type="0"/>
    <Peak1D F1="8.124387" intensity="1.408620e-001" type="0"/>
    <Peak1D F1="8.113034" intensity="4.815548e-002" type="0"/>
    <Peak1D F1="8.103752" intensity="2.322479e-002" type="0"/>
    <Peak1D F1="8.071369" intensity="3.770446e-002" type="0"/>
    <Peak1D F1="8.049447" intensity="3.529589e-002" type="0"/>
    <Peak1D F1="8.042614" intensity="3.325788e-002" type="0"/>
    <Peak1D F1="8.021651" intensity="1.342952e+000" type="0"/>
    <Peak1D F1="8.004247" intensity="4.512457e-001" type="0"/>
    <Peak1D F1="7.999904" intensity="1.116159e+000" type="0"/>
    <Peak1D F1="7.971536" intensity="2.782580e-002" type="0"/>
    <Peak1D F1="7.949369" intensity="2.479688e-002" type="0"/>
    <Peak1D F1="7.924838" intensity="1.232898e-002" type="0"/>
    <Peak1D F1="7.901940" intensity="1.252862e-002" type="0"/>
    <Peak1D F1="7.882406" intensity="1.119511e-002" type="0"/>
    <Peak1D F1="7.859187" intensity="8.695995e-003" type="0"/>
    <Peak1D F1="7.848300" intensity="8.333403e-003" type="0"/>
    <Peak1D F1="7.828444" intensity="1.092004e-002" type="0"/>
    <Peak1D F1="7.812123" intensity="1.624763e-002" type="0"/>
    <Peak1D F1="7.782814" intensity="3.904716e-002" type="0"/>
    <Peak1D F1="7.768035" intensity="7.239673e-002" type="0"/>
    <Peak1D F1="7.750409" intensity="4.433462e-002" type="0"/>
    <Peak1D F1="7.683636" intensity="6.382009e-003" type="0"/>
    <Peak1D F1="7.646665" intensity="6.765201e-003" type="0"/>
    <Peak1D F1="7.617932" intensity="1.687165e-002" type="0"/>
    <Peak1D F1="7.588676" intensity="3.459468e-002" type="0"/>
    <Peak1D F1="7.566319" intensity="3.940406e-002" type="0"/>
    <Peak1D F1="7.562314" intensity="4.647068e-002" type="0"/>
    <Peak1D F1="7.549951" intensity="2.480057e-002" type="0"/>
    <Peak1D F1="7.540141" intensity="4.171064e-002" type="0"/>
    <Peak1D F1="7.528458" intensity="3.164011e-002" type="0"/>
    <Peak1D F1="7.506202" intensity="2.781789e-002" type="0"/>
    <Peak1D F1="7.495917" intensity="5.058682e-002" type="0"/>
    <Peak1D F1="7.481611" intensity="1.844764e-001" type="0"/>
    <Peak1D F1="7.459789" intensity="1.828586e-001" type="0"/>
    <Peak1D F1="7.444315" intensity="3.710695e-002" type="0"/>
    <Peak1D F1="7.423026" intensity="4.279894e-002" type="0"/>
    <Peak1D F1="7.418756" intensity="4.843361e-002" type="0"/>
    <Peak1D F1="7.403092" intensity="8.116905e-002" type="0"/>
    <Peak1D F1="7.384506" intensity="8.596247e-002" type="0"/>
    <Peak1D F1="7.368932" intensity="5.006126e-002" type="0"/>
    <Peak1D F1="7.364220" intensity="4.789921e-002" type="0"/>
    <Peak1D F1="7.352086" intensity="3.067078e-002" type="0"/>
    <Peak1D F1="7.317430" intensity="6.980489e-002" type="0"/>
    <Peak1D F1="7.295887" intensity="6.868911e-002" type="0"/>
    <Peak1D F1="7.247648" intensity="1.913719e-001" type="0"/>
    <Peak1D F1="7.197856" intensity="1.075907e+001" type="0"/>
    <Peak1D F1="7.171919" intensity="3.321464e-002" type="0"/>
    <Peak1D F1="7.152244" intensity="9.964395e-002" type="0"/>
    <Peak1D F1="7.147779" intensity="1.855123e-001" type="0"/>
    <Peak1D F1="7.134333" intensity="1.306847e-001" type="0"/>
    <Peak1D F1="7.115619" intensity="5.971577e-002" type="0"/>
    <Peak1D F1="7.091100" intensity="1.170684e-002" type="0"/>
    <Peak1D F1="7.066816" intensity="9.911507e-003" type="0"/>
    <Peak1D F1="7.031919" intensity="1.441737e-002" type="0"/>
    <Peak1D F1="7.003784" intensity="7.786235e-002" type="0"/>
    <Peak1D F1="6.982842" intensity="6.957307e-002" type="0"/>
    <Peak1D F1="6.977012" intensity="7.243226e-002" type="0"/>
    <Peak1D F1="6.956296" intensity="5.784965e-002" type="0"/>
    <Peak1D F1="6.933840" intensity="5.983629e-002" type="0"/>
    <Peak1D F1="6.216275" intensity="4.523937e-003" type="0"/>
    <Peak1D F1="6.117374" intensity="2.553090e-002" type="0"/>
    <Peak1D F1="6.067415" intensity="3.394200e-002" type="0"/>
    <Peak1D F1="6.017538" intensity="2.080953e+000" type="0"/>
    <Peak1D F1="5.967206" intensity="3.045437e-002" type="0"/>
    <Peak1D F1="5.815749" intensity="5.678307e-003" type="0"/>
    <Peak1D F1="5.659679" intensity="4.788010e-003" type="0"/>
    <Peak1D F1="5.581140" intensity="1.258022e-002" type="0"/>
    <Peak1D F1="5.526852" intensity="2.391974e-002" type="0"/>
    <Peak1D F1="5.505609" intensity="4.738366e-003" type="0"/>
    <Peak1D F1="5.469471" intensity="9.133846e-003" type="0"/>
    <Peak1D F1="5.435628" intensity="5.538960e-003" type="0"/>
    <Peak1D F1="5.416506" intensity="3.249837e-002" type="0"/>
    <Peak1D F1="5.383043" intensity="4.549729e-003" type="0"/>
    <Peak1D F1="5.356175" intensity="1.172120e-002" type="0"/>
    <Peak1D F1="5.315056" intensity="6.961134e-003" type="0"/>
    <Peak1D F1="5.301179" intensity="9.421105e-003" type="0"/>
    <Peak1D F1="5.284885" intensity="1.683508e-002" type="0"/>
    <Peak1D F1="5.215389" intensity="5.048386e-003" type="0"/>
    <Peak1D F1="5.201293" intensity="5.020097e-003" type="0"/>
    <Peak1D F1="5.094283" intensity="7.691558e-002" type="0"/>
    <Peak1D F1="5.083211" intensity="7.382265e-002" type="0"/>
    <Peak1D F1="4.893302" intensity="6.070688e-003" type="0"/>
    <Peak1D F1="4.863209" intensity="1.281493e-002" type="0"/>
    <Peak1D F1="4.841446" intensity="8.977942e-003" type="0"/>
    <Peak1D F1="4.821059" intensity="5.611513e-003" type="0"/>
    <Peak1D F1="4.794134" intensity="7.437940e-002" type="0"/>
    <Peak1D F1="4.771437" intensity="7.297407e-002" type="0"/>
    <Peak1D F1="4.722272" intensity="5.657733e-003" type="0"/>
    <Peak1D F1="4.674155" intensity="1.313159e-001" type="0"/>
    <Peak1D F1="4.648868" intensity="6.850086e-003" type="0"/>
    <Peak1D F1="4.361978" intensity="8.440943e-003" type="0"/>
    <Peak1D F1="4.014385" intensity="4.966217e-003" type="0"/>
    <Peak1D F1="3.877926" intensity="3.497643e-002" type="0"/>
    <Peak1D F1="3.844869" intensity="1.202368e-002" type="0"/>
    <Peak1D F1="3.811249" intensity="7.672713e-002" type="0"/>
    <Peak1D F1="3.790039" intensity="3.669693e-002" type="0"/>
    <Peak1D F1="3.769980" intensity="4.013752e-002" type="0"/>
    <Peak1D F1="3.750347" intensity="1.135843e-001" type="0"/>
    <Peak1D F1="3.745962" intensity="6.243224e-002" type="0"/>
    <Peak1D F1="3.700656" intensity="6.278482e+000" type="0"/>
    <Peak1D F1="3.650495" intensity="1.026424e-001" type="0"/>
    <Peak1D F1="3.598631" intensity="5.953257e-003" type="0"/>
    <Peak1D F1="3.579482" intensity="5.648216e-003" type="0"/>
    <Peak1D F1="3.518450" intensity="3.458252e-002" type="0"/>
    <Peak1D F1="3.463466" intensity="6.022319e-003" type="0"/>
    <Peak1D F1="3.449937" intensity="6.685218e-003" type="0"/>
    <Peak1D F1="3.419281" intensity="8.408123e-003" type="0"/>
    <Peak1D F1="3.403122" intensity="7.495957e-003" type="0"/>
    <Peak1D F1="3.381464" intensity="6.560490e-003" type="0"/>
    <Peak1D F1="3.303076" intensity="4.398494e-003" type="0"/>
    <Peak1D F1="3.175648" intensity="6.622775e-003" type="0"/>
    <Peak1D F1="3.161615" intensity="5.665604e-003" type="0"/>
    <Peak1D F1="3.120343" intensity="5.033907e-003" type="0"/>
    <Peak1D F1="2.838665" intensity="6.270473e-003" type="0"/>
    <Peak1D F1="2.826196" intensity="6.806866e-003" type="0"/>
    <Peak1D F1="2.811620" intensity="6.714487e-003" type="0"/>
    <Peak1D F1="2.772906" intensity="7.792017e-003" type="0"/>
    <Peak1D F1="2.754312" intensity="7.932739e-003" type="0"/>
    <Peak1D F1="2.739602" intensity="7.125630e-003" type="0"/>
    <Peak1D F1="2.704414" intensity="8.086480e-003" type="0"/>
    <Peak1D F1="2.622796" intensity="4.669619e-003" type="0"/>
    <Peak1D F1="2.597018" intensity="9.510909e-003" type="0"/>
    <Peak1D F1="2.431675" intensity="1.698332e-002" type="0"/>
    <Peak1D F1="2.415659" intensity="1.669664e-002" type="0"/>
    <Peak1D F1="2.388146" intensity="2.423954e-002" type="0"/>
    <Peak1D F1="2.362526" intensity="2.796432e-002" type="0"/>
    <Peak1D F1="2.354184" intensity="1.851652e-002" type="0"/>
    <Peak1D F1="2.331148" intensity="2.936151e-002" type="0"/>
    <Peak1D F1="2.301315" intensity="3.309907e-002" type="0"/>
    <Peak1D F1="2.289292" intensity="1.763389e-002" type="0"/>
    <Peak1D F1="2.277177" intensity="4.919175e-002" type="0"/>
    <Peak1D F1="2.257171" intensity="9.266151e-002" type="0"/>
    <Peak1D F1="2.251101" intensity="6.658211e-002" type="0"/>
    <Peak1D F1="2.239601" intensity="5.470935e-002" type="0"/>
    <Peak1D F1="2.228540" intensity="5.608002e-002" type="0"/>
    <Peak1D F1="2.224821" intensity="5.699599e-002" type="0"/>
    <Peak1D F1="2.201684" intensity="7.452314e-002" type="0"/>
    <Peak1D F1="2.175643" intensity="8.742598e-002" type="0"/>
    <Peak1D F1="2.165704" intensity="1.512554e-001" type="0"/>
    <Peak1D F1="2.146161" intensity="3.966444e-001" type="0"/>
    <Peak1D F1="2.116351" intensity="4.748725e+000" type="0"/>
    <Peak1D F1="2.096647" intensity="1.455548e+001" type="0"/>
    <Peak1D F1="2.085259" intensity="4.093263e+000" type="0"/>
    <Peak1D F1="2.078107" intensity="7.430904e+000" type="0"/>
    <Peak1D F1="2.056686" intensity="3.825377e-001" type="0"/>
    <Peak1D F1="2.051842" intensity="3.903855e-001" type="0"/>
    <Peak1D F1="2.047043" intensity="4.135173e-001" type="0"/>
    <Peak1D F1="2.028165" intensity="1.982095e-001" type="0"/>
    <Peak1D F1="2.001156" intensity="7.342812e-002" type="0"/>
    <Peak1D F1="1.982538" intensity="8.848286e-002" type="0"/>
    <Peak1D F1="1.960559" intensity="2.164855e-001" type="0"/>
    <Peak1D F1="1.949082" intensity="2.554183e-001" type="0"/>
    <Peak1D F1="1.941207" intensity="4.604397e-001" type="0"/>
    <Peak1D F1="1.930096" intensity="6.878772e-001" type="0"/>
    <Peak1D F1="1.926063" intensity="8.837425e-001" type="0"/>
    <Peak1D F1="1.921264" intensity="8.748531e-001" type="0"/>
    <Peak1D F1="1.911124" intensity="7.194959e+000" type="0"/>
    <Peak1D F1="1.900276" intensity="6.459951e+000" type="0"/>
    <Peak1D F1="1.891490" intensity="1.500000e+001" type="0"/>
    <Peak1D F1="1.883119" intensity="5.730103e+000" type="0"/>
    <Peak1D F1="1.881358" intensity="5.762776e+000" type="0"/>
    <Peak1D F1="1.872300" intensity="4.821281e+000" type="0"/>
    <Peak1D F1="1.859617" intensity="6.266811e-001" type="0"/>
    <Peak1D F1="1.850063" intensity="3.726035e-001" type="0"/>
    <Peak1D F1="1.841540" intensity="3.493491e-001" type="0"/>
    <Peak1D F1="1.822366" intensity="1.324132e-001" type="0"/>
    <Peak1D F1="1.760549" intensity="4.530969e-002" type="0"/>
    <Peak1D F1="1.741846" intensity="7.700935e-002" type="0"/>
    <Peak1D F1="1.724298" intensity="1.008576e-001" type="0"/>
    <Peak1D F1="1.706809" intensity="7.187562e-002" type="0"/>
    <Peak1D F1="1.682862" intensity="7.876784e-002" type="0"/>
    <Peak1D F1="1.671405" intensity="5.801275e-002" type="0"/>
    <Peak1D F1="1.659564" intensity="7.912637e-002" type="0"/>
    <Peak1D F1="1.639026" intensity="6.459353e-002" type="0"/>
    <Peak1D F1="1.612603" intensity="5.761829e-002" type="0"/>
    <Peak1D F1="1.561581" intensity="8.677522e-001" type="0"/>
    <Peak1D F1="1.512417" intensity="5.777498e-002" type="0"/>
    <Peak1D F1="1.506860" intensity="5.861927e-002" type="0"/>
    <Peak1D F1="1.485197" intensity="4.934086e-002" type="0"/>
    <Peak1D F1="1.471971" intensity="4.050536e-002" type="0"/>
    <Peak1D F1="1.455711" intensity="3.643172e-002" type="0"/>
    <Peak1D F1="1.441732" intensity="3.121869e-002" type="0"/>
    <Peak1D F1="1.422319" intensity="2.382096e-002" type="0"/>
    <Peak1D F1="1.350132" intensity="1.155015e-002" type="0"/>
    <Peak1D F1="1.235670" intensity="3.472921e-002" type="0"/>
    <Peak1D F1="1.185311" intensity="9.243689e-002" type="0"/>
    <Peak1D F1="1.112789" intensity="6.823998e-003" type="0"/>
    <Peak1D F1="1.053947" intensity="6.705049e-003" type="0"/>
    <Peak1D F1="1.017841" intensity="8.597312e-003" type="0"/>
    <Peak1D F1="0.961593" intensity="5.642131e-003" type="0"/>
    <Peak1D F1="0.937543" intensity="6.419901e-003" type="0"/>
    <Peak1D F1="0.904884" intensity="4.873628e-003" type="0"/>
    <Peak1D F1="0.890669" intensity="5.855455e-003" type="0"/>
    <Peak1D F1="0.868797" intensity="6.266972e-003" type="0"/>
    <Peak1D F1="0.829833" intensity="2.165308e-002" type="0"/>
    <Peak1D F1="0.812520" intensity="4.136185e-002" type="0"/>
    <Peak1D F1="0.796625" intensity="2.202927e-002" type="0"/>
    <Peak1D F1="0.781131" intensity="1.769024e-002" type="0"/>
    <Peak1D F1="0.762242" intensity="1.757565e-002" type="0"/>
    <Peak1D F1="0.743661" intensity="1.177221e-002" type="0"/>
    <Peak1D F1="0.652495" intensity="4.914482e-003" type="0"/>
    <Peak1D F1="0.620563" intensity="5.018732e-003" type="0"/>
    <Peak1D F1="0.537797" intensity="4.793153e-003" type="0"/>
    <Peak1D F1="0.498443" intensity="5.135197e-003" type="0"/>
    <Peak1D F1="0.479952" intensity="4.817992e-003" type="0"/>
    <Peak1D F1="0.363309" intensity="4.577570e-003" type="0"/>
    <Peak1D F1="0.017015" intensity="4.475840e-003" type="0"/>
    <Peak1D F1="-0.000153" intensity="5.351915e-002" type="0"/>
    <Peak1D F1="-3.507687" intensity="4.791548e-003" type="0"/>
  </PeakList1D>
</PeakList>
