<?xml version="1.0" encoding="UTF-8"?>
<PeakList>
  <PeakList1D>
    <PeakList1DHeader creator="nmr" date="2021-08-15T11:25:17.721+03:00" expNo="10" name="Id-427-B-15.8-redo" owner="" procNo="1" source="//132.72.8.180/400b/Milo/Milo">
      <PeakPickDetails>F1=16.103559ppm, F2=-3.925486ppm, MI=0.00cm, MAXI=10000.00cm, PC=1.000
      </PeakPickDetails>
    </PeakList1DHeader>
    <Peak1D F1="13.933154" intensity="3.447328e-003" type="0"/>
    <Peak1D F1="13.247470" intensity="3.497515e-003" type="0"/>
    <Peak1D F1="13.152670" intensity="3.488350e-003" type="0"/>
    <Peak1D F1="12.072786" intensity="4.611949e-003" type="0"/>
    <Peak1D F1="11.895281" intensity="3.625846e-003" type="0"/>
    <Peak1D F1="11.826437" intensity="3.536501e-003" type="0"/>
    <Peak1D F1="8.696248" intensity="3.819337e-003" type="0"/>
    <Peak1D F1="8.648625" intensity="3.604356e-003" type="0"/>
    <Peak1D F1="8.633820" intensity="3.465315e-003" type="0"/>
    <Peak1D F1="8.485179" intensity="3.397573e-003" type="0"/>
    <Peak1D F1="8.462802" intensity="3.600741e-003" type="0"/>
    <Peak1D F1="8.427695" intensity="3.507504e-003" type="0"/>
    <Peak1D F1="8.363254" intensity="1.273316e-002" type="0"/>
    <Peak1D F1="8.343142" intensity="1.349998e-002" type="0"/>
    <Peak1D F1="8.322181" intensity="8.137860e-003" type="0"/>
    <Peak1D F1="8.295868" intensity="9.267905e-003" type="0"/>
    <Peak1D F1="8.263237" intensity="1.443260e-002" type="0"/>
    <Peak1D F1="8.225951" intensity="5.699654e-002" type="0"/>
    <Peak1D F1="8.207443" intensity="1.349024e-001" type="0"/>
    <Peak1D F1="8.186506" intensity="1.345987e-001" type="0"/>
    <Peak1D F1="8.157425" intensity="1.675005e+000" type="0"/>
    <Peak1D F1="8.152661" intensity="1.598761e+000" type="0"/>
    <Peak1D F1="8.135613" intensity="1.876784e+000" type="0"/>
    <Peak1D F1="8.130813" intensity="1.343069e+000" type="0"/>
    <Peak1D F1="8.111529" intensity="1.488167e-001" type="0"/>
    <Peak1D F1="8.090691" intensity="1.371019e-001" type="0"/>
    <Peak1D F1="8.045790" intensity="1.259397e-002" type="0"/>
    <Peak1D F1="8.026069" intensity="4.200411e-003" type="0"/>
    <Peak1D F1="7.997983" intensity="3.667339e-003" type="0"/>
    <Peak1D F1="7.947317" intensity="7.990673e-003" type="0"/>
    <Peak1D F1="7.919962" intensity="1.181443e-002" type="0"/>
    <Peak1D F1="7.896118" intensity="1.036365e-002" type="0"/>
    <Peak1D F1="7.882496" intensity="3.641496e-002" type="0"/>
    <Peak1D F1="7.875063" intensity="3.557380e-002" type="0"/>
    <Peak1D F1="7.861788" intensity="3.863486e-002" type="0"/>
    <Peak1D F1="7.854752" intensity="3.897322e-002" type="0"/>
    <Peak1D F1="7.835347" intensity="1.135273e-002" type="0"/>
    <Peak1D F1="7.824418" intensity="1.468123e-002" type="0"/>
    <Peak1D F1="7.801850" intensity="9.128970e-003" type="0"/>
    <Peak1D F1="7.782164" intensity="7.719229e-003" type="0"/>
    <Peak1D F1="7.764570" intensity="5.273170e-003" type="0"/>
    <Peak1D F1="7.756335" intensity="4.501978e-003" type="0"/>
    <Peak1D F1="7.651243" intensity="2.444862e-001" type="0"/>
    <Peak1D F1="7.630967" intensity="2.735293e-001" type="0"/>
    <Peak1D F1="7.610805" intensity="7.631098e-002" type="0"/>
    <Peak1D F1="7.594823" intensity="5.030250e-002" type="0"/>
    <Peak1D F1="7.554544" intensity="3.194667e-002" type="0"/>
    <Peak1D F1="7.543499" intensity="6.155244e-002" type="0"/>
    <Peak1D F1="7.518839" intensity="1.030803e-001" type="0"/>
    <Peak1D F1="7.504642" intensity="2.751883e-001" type="0"/>
    <Peak1D F1="7.493214" intensity="2.834317e-001" type="0"/>
    <Peak1D F1="7.479736" intensity="1.804186e+000" type="0"/>
    <Peak1D F1="7.458326" intensity="1.868486e+000" type="0"/>
    <Peak1D F1="7.441937" intensity="7.098377e-001" type="0"/>
    <Peak1D F1="7.408787" intensity="4.163559e-002" type="0"/>
    <Peak1D F1="7.392286" intensity="1.957030e-002" type="0"/>
    <Peak1D F1="7.370759" intensity="6.785952e-003" type="0"/>
    <Peak1D F1="7.320927" intensity="1.159281e-002" type="0"/>
    <Peak1D F1="7.291976" intensity="1.010619e-002" type="0"/>
    <Peak1D F1="7.271939" intensity="2.156436e-002" type="0"/>
    <Peak1D F1="7.249082" intensity="9.018898e-002" type="0"/>
    <Peak1D F1="7.199424" intensity="5.004383e+000" type="0"/>
    <Peak1D F1="7.148919" intensity="7.165587e-002" type="0"/>
    <Peak1D F1="6.984995" intensity="3.510467e-003" type="0"/>
    <Peak1D F1="6.958101" intensity="1.200794e-001" type="0"/>
    <Peak1D F1="6.937217" intensity="1.266262e-001" type="0"/>
    <Peak1D F1="6.911042" intensity="4.138123e-002" type="0"/>
    <Peak1D F1="6.889978" intensity="5.856841e-002" type="0"/>
    <Peak1D F1="6.867751" intensity="2.817394e-001" type="0"/>
    <Peak1D F1="6.846241" intensity="2.613414e-001" type="0"/>
    <Peak1D F1="6.797934" intensity="3.927535e-003" type="0"/>
    <Peak1D F1="6.706758" intensity="2.848351e-002" type="0"/>
    <Peak1D F1="6.215700" intensity="8.527249e-003" type="0"/>
    <Peak1D F1="6.175683" intensity="6.464357e-003" type="0"/>
    <Peak1D F1="6.168653" intensity="6.981306e-003" type="0"/>
    <Peak1D F1="6.117659" intensity="3.708706e-002" type="0"/>
    <Peak1D F1="6.066962" intensity="4.819531e-002" type="0"/>
    <Peak1D F1="6.017296" intensity="2.801690e+000" type="0"/>
    <Peak1D F1="5.966502" intensity="4.196417e-002" type="0"/>
    <Peak1D F1="5.933484" intensity="1.199352e-002" type="0"/>
    <Peak1D F1="5.922328" intensity="1.243478e-002" type="0"/>
    <Peak1D F1="5.815716" intensity="8.061391e-003" type="0"/>
    <Peak1D F1="5.785606" intensity="1.459282e-002" type="0"/>
    <Peak1D F1="5.778844" intensity="1.446579e-002" type="0"/>
    <Peak1D F1="5.734711" intensity="3.368386e-003" type="0"/>
    <Peak1D F1="5.661952" intensity="3.460281e-003" type="0"/>
    <Peak1D F1="5.630445" intensity="1.575441e-002" type="0"/>
    <Peak1D F1="5.604682" intensity="1.744981e-002" type="0"/>
    <Peak1D F1="5.553782" intensity="4.053399e-003" type="0"/>
    <Peak1D F1="5.546336" intensity="4.403229e-003" type="0"/>
    <Peak1D F1="5.522165" intensity="1.502096e-002" type="0"/>
    <Peak1D F1="5.507366" intensity="7.955157e-003" type="0"/>
    <Peak1D F1="5.485689" intensity="9.055378e-002" type="0"/>
    <Peak1D F1="5.461667" intensity="4.279289e-002" type="0"/>
    <Peak1D F1="5.408241" intensity="3.410907e-002" type="0"/>
    <Peak1D F1="5.391210" intensity="2.836308e-002" type="0"/>
    <Peak1D F1="5.384418" intensity="3.126367e-002" type="0"/>
    <Peak1D F1="5.349701" intensity="2.886192e-001" type="0"/>
    <Peak1D F1="5.297234" intensity="1.050382e-002" type="0"/>
    <Peak1D F1="5.282322" intensity="7.138355e-003" type="0"/>
    <Peak1D F1="5.273223" intensity="6.521231e-003" type="0"/>
    <Peak1D F1="5.266201" intensity="5.779571e-003" type="0"/>
    <Peak1D F1="5.216054" intensity="3.655815e-003" type="0"/>
    <Peak1D F1="5.166781" intensity="3.715368e-003" type="0"/>
    <Peak1D F1="5.086414" intensity="4.996616e-003" type="0"/>
    <Peak1D F1="5.062500" intensity="4.663500e-003" type="0"/>
    <Peak1D F1="5.017233" intensity="5.372933e-003" type="0"/>
    <Peak1D F1="5.009394" intensity="5.787607e-003" type="0"/>
    <Peak1D F1="5.001501" intensity="5.001792e-003" type="0"/>
    <Peak1D F1="4.971997" intensity="9.943891e-003" type="0"/>
    <Peak1D F1="4.950685" intensity="1.298430e-002" type="0"/>
    <Peak1D F1="4.931917" intensity="9.647666e-003" type="0"/>
    <Peak1D F1="4.894271" intensity="2.404600e-002" type="0"/>
    <Peak1D F1="4.876446" intensity="3.540673e-002" type="0"/>
    <Peak1D F1="4.861713" intensity="6.396058e-002" type="0"/>
    <Peak1D F1="4.841451" intensity="9.268737e-002" type="0"/>
    <Peak1D F1="4.821463" intensity="6.789971e-002" type="0"/>
    <Peak1D F1="4.793790" intensity="1.018504e+000" type="0"/>
    <Peak1D F1="4.771070" intensity="1.035788e+000" type="0"/>
    <Peak1D F1="4.743845" intensity="6.171920e-002" type="0"/>
    <Peak1D F1="4.721202" intensity="8.868580e-002" type="0"/>
    <Peak1D F1="4.684758" intensity="1.580426e-001" type="0"/>
    <Peak1D F1="4.587691" intensity="2.380898e-002" type="0"/>
    <Peak1D F1="4.563245" intensity="1.434719e-002" type="0"/>
    <Peak1D F1="4.551834" intensity="1.245069e-002" type="0"/>
    <Peak1D F1="4.545169" intensity="1.206995e-002" type="0"/>
    <Peak1D F1="4.534575" intensity="1.051450e-002" type="0"/>
    <Peak1D F1="4.516111" intensity="9.579677e-003" type="0"/>
    <Peak1D F1="4.509850" intensity="9.313697e-003" type="0"/>
    <Peak1D F1="4.454562" intensity="7.967925e-003" type="0"/>
    <Peak1D F1="4.397561" intensity="6.364847e-003" type="0"/>
    <Peak1D F1="4.388121" intensity="5.300011e-003" type="0"/>
    <Peak1D F1="4.343338" intensity="4.547233e-003" type="0"/>
    <Peak1D F1="4.191603" intensity="3.893938e-003" type="0"/>
    <Peak1D F1="4.172356" intensity="3.780781e-003" type="0"/>
    <Peak1D F1="4.144241" intensity="3.613501e-003" type="0"/>
    <Peak1D F1="4.132989" intensity="3.932078e-003" type="0"/>
    <Peak1D F1="4.123732" intensity="3.861722e-003" type="0"/>
    <Peak1D F1="4.086343" intensity="4.123322e-003" type="0"/>
    <Peak1D F1="4.056512" intensity="4.513259e-003" type="0"/>
    <Peak1D F1="4.034795" intensity="3.683564e-003" type="0"/>
    <Peak1D F1="4.006561" intensity="5.052990e-003" type="0"/>
    <Peak1D F1="3.947808" intensity="1.030399e-002" type="0"/>
    <Peak1D F1="3.929913" intensity="6.280073e-003" type="0"/>
    <Peak1D F1="3.877768" intensity="5.510614e-002" type="0"/>
    <Peak1D F1="3.842822" intensity="2.353452e-002" type="0"/>
    <Peak1D F1="3.827347" intensity="4.724282e-001" type="0"/>
    <Peak1D F1="3.811198" intensity="1.553144e-001" type="0"/>
    <Peak1D F1="3.792860" intensity="1.928055e-001" type="0"/>
    <Peak1D F1="3.788827" intensity="1.759956e-001" type="0"/>
    <Peak1D F1="3.769576" intensity="1.104730e+000" type="0"/>
    <Peak1D F1="3.765096" intensity="5.477661e-001" type="0"/>
    <Peak1D F1="3.746928" intensity="1.800813e-001" type="0"/>
    <Peak1D F1="3.700373" intensity="8.448597e+000" type="0"/>
    <Peak1D F1="3.649530" intensity="1.336150e-001" type="0"/>
    <Peak1D F1="3.601500" intensity="7.699973e-003" type="0"/>
    <Peak1D F1="3.586975" intensity="1.005856e-002" type="0"/>
    <Peak1D F1="3.563461" intensity="6.061886e-003" type="0"/>
    <Peak1D F1="3.558975" intensity="5.542862e-003" type="0"/>
    <Peak1D F1="3.518132" intensity="4.953736e-002" type="0"/>
    <Peak1D F1="3.440971" intensity="8.510873e-003" type="0"/>
    <Peak1D F1="3.425729" intensity="7.901121e-003" type="0"/>
    <Peak1D F1="3.331930" intensity="5.414895e-003" type="0"/>
    <Peak1D F1="3.292790" intensity="3.979951e-003" type="0"/>
    <Peak1D F1="3.264211" intensity="3.798245e-003" type="0"/>
    <Peak1D F1="3.217498" intensity="3.470577e-003" type="0"/>
    <Peak1D F1="3.015020" intensity="3.427780e-003" type="0"/>
    <Peak1D F1="2.967872" intensity="7.136953e-003" type="0"/>
    <Peak1D F1="2.954137" intensity="1.082859e-002" type="0"/>
    <Peak1D F1="2.941614" intensity="1.549574e-002" type="0"/>
    <Peak1D F1="2.916454" intensity="1.040482e-002" type="0"/>
    <Peak1D F1="2.880686" intensity="4.660958e-003" type="0"/>
    <Peak1D F1="2.855433" intensity="5.504411e-003" type="0"/>
    <Peak1D F1="2.804119" intensity="9.958846e-003" type="0"/>
    <Peak1D F1="2.792892" intensity="1.460915e-002" type="0"/>
    <Peak1D F1="2.780833" intensity="1.638273e-002" type="0"/>
    <Peak1D F1="2.756474" intensity="2.511736e-002" type="0"/>
    <Peak1D F1="2.724955" intensity="2.915953e-002" type="0"/>
    <Peak1D F1="2.707270" intensity="2.862814e-002" type="0"/>
    <Peak1D F1="2.692779" intensity="2.640617e-002" type="0"/>
    <Peak1D F1="2.641510" intensity="3.106411e-002" type="0"/>
    <Peak1D F1="2.622907" intensity="4.158298e-002" type="0"/>
    <Peak1D F1="2.601047" intensity="4.247523e-002" type="0"/>
    <Peak1D F1="2.582553" intensity="4.413684e-002" type="0"/>
    <Peak1D F1="2.573613" intensity="4.663043e-002" type="0"/>
    <Peak1D F1="2.554774" intensity="5.028111e-002" type="0"/>
    <Peak1D F1="2.514720" intensity="3.957588e-002" type="0"/>
    <Peak1D F1="2.494855" intensity="4.112699e-002" type="0"/>
    <Peak1D F1="2.483064" intensity="3.608797e-002" type="0"/>
    <Peak1D F1="2.475509" intensity="3.738113e-002" type="0"/>
    <Peak1D F1="2.453422" intensity="4.198235e-002" type="0"/>
    <Peak1D F1="2.431296" intensity="2.643140e-001" type="0"/>
    <Peak1D F1="2.410610" intensity="3.155964e-001" type="0"/>
    <Peak1D F1="2.386746" intensity="3.386170e-001" type="0"/>
    <Peak1D F1="2.382856" intensity="3.478245e-001" type="0"/>
    <Peak1D F1="2.362103" intensity="3.620877e-001" type="0"/>
    <Peak1D F1="2.356170" intensity="3.552818e-001" type="0"/>
    <Peak1D F1="2.331844" intensity="4.320727e-001" type="0"/>
    <Peak1D F1="2.324663" intensity="2.483448e-001" type="0"/>
    <Peak1D F1="2.309140" intensity="3.530361e-001" type="0"/>
    <Peak1D F1="2.302008" intensity="4.133719e-001" type="0"/>
    <Peak1D F1="2.281391" intensity="2.697100e-001" type="0"/>
    <Peak1D F1="2.250583" intensity="2.807890e-001" type="0"/>
    <Peak1D F1="2.245503" intensity="1.856544e-001" type="0"/>
    <Peak1D F1="2.238224" intensity="1.155296e-001" type="0"/>
    <Peak1D F1="2.224111" intensity="3.883901e-001" type="0"/>
    <Peak1D F1="2.201651" intensity="3.940881e-001" type="0"/>
    <Peak1D F1="2.196348" intensity="2.324334e-001" type="0"/>
    <Peak1D F1="2.179967" intensity="2.418179e-001" type="0"/>
    <Peak1D F1="2.175328" intensity="2.877876e-001" type="0"/>
    <Peak1D F1="2.169434" intensity="2.008514e-001" type="0"/>
    <Peak1D F1="2.152598" intensity="3.881905e-001" type="0"/>
    <Peak1D F1="2.146208" intensity="4.819747e-001" type="0"/>
    <Peak1D F1="2.114961" intensity="5.165077e+000" type="0"/>
    <Peak1D F1="2.096285" intensity="1.447245e+001" type="0"/>
    <Peak1D F1="2.077790" intensity="7.633923e+000" type="0"/>
    <Peak1D F1="2.053464" intensity="5.100206e-001" type="0"/>
    <Peak1D F1="2.049641" intensity="5.086163e-001" type="0"/>
    <Peak1D F1="2.043881" intensity="5.003023e-001" type="0"/>
    <Peak1D F1="2.028669" intensity="2.360439e-001" type="0"/>
    <Peak1D F1="1.980201" intensity="2.633932e-001" type="0"/>
    <Peak1D F1="1.958158" intensity="5.421469e-001" type="0"/>
    <Peak1D F1="1.948858" intensity="6.231978e-001" type="0"/>
    <Peak1D F1="1.940644" intensity="7.595108e-001" type="0"/>
    <Peak1D F1="1.930875" intensity="1.102296e+000" type="0"/>
    <Peak1D F1="1.925815" intensity="1.196350e+000" type="0"/>
    <Peak1D F1="1.910052" intensity="7.489109e+000" type="0"/>
    <Peak1D F1="1.899472" intensity="7.473553e+000" type="0"/>
    <Peak1D F1="1.890821" intensity="1.500000e+001" type="0"/>
    <Peak1D F1="1.881262" intensity="6.909915e+000" type="0"/>
    <Peak1D F1="1.871549" intensity="5.196971e+000" type="0"/>
    <Peak1D F1="1.859182" intensity="7.814894e-001" type="0"/>
    <Peak1D F1="1.850244" intensity="4.611890e-001" type="0"/>
    <Peak1D F1="1.841068" intensity="4.312280e-001" type="0"/>
    <Peak1D F1="1.822029" intensity="1.817116e-001" type="0"/>
    <Peak1D F1="1.807505" intensity="1.035278e-001" type="0"/>
    <Peak1D F1="1.794792" intensity="1.022677e-001" type="0"/>
    <Peak1D F1="1.758990" intensity="1.104469e-001" type="0"/>
    <Peak1D F1="1.743534" intensity="1.876940e-001" type="0"/>
    <Peak1D F1="1.723288" intensity="2.622076e-001" type="0"/>
    <Peak1D F1="1.715851" intensity="2.606467e-001" type="0"/>
    <Peak1D F1="1.698697" intensity="4.427584e-001" type="0"/>
    <Peak1D F1="1.688971" intensity="4.011283e-001" type="0"/>
    <Peak1D F1="1.681042" intensity="8.596781e-001" type="0"/>
    <Peak1D F1="1.671010" intensity="7.299395e-001" type="0"/>
    <Peak1D F1="1.658007" intensity="9.872696e-001" type="0"/>
    <Peak1D F1="1.637852" intensity="8.341485e-001" type="0"/>
    <Peak1D F1="1.621770" intensity="6.461428e-001" type="0"/>
    <Peak1D F1="1.535001" intensity="2.699058e-001" type="0"/>
    <Peak1D F1="1.519645" intensity="1.974562e-001" type="0"/>
    <Peak1D F1="1.512196" intensity="2.062644e-001" type="0"/>
    <Peak1D F1="1.500783" intensity="3.824830e-001" type="0"/>
    <Peak1D F1="1.483384" intensity="4.249544e-001" type="0"/>
    <Peak1D F1="1.470296" intensity="3.034147e-001" type="0"/>
    <Peak1D F1="1.453555" intensity="3.012427e-001" type="0"/>
    <Peak1D F1="1.435808" intensity="9.868510e-002" type="0"/>
    <Peak1D F1="1.423926" intensity="1.035456e-001" type="0"/>
    <Peak1D F1="1.403114" intensity="4.129151e-002" type="0"/>
    <Peak1D F1="1.380523" intensity="2.928127e-002" type="0"/>
    <Peak1D F1="1.366128" intensity="3.234595e-002" type="0"/>
    <Peak1D F1="1.348989" intensity="3.079057e-002" type="0"/>
    <Peak1D F1="1.334525" intensity="3.041201e-002" type="0"/>
    <Peak1D F1="1.318078" intensity="2.835091e-002" type="0"/>
    <Peak1D F1="1.294397" intensity="2.116723e-002" type="0"/>
    <Peak1D F1="1.285518" intensity="2.164927e-002" type="0"/>
    <Peak1D F1="1.262143" intensity="2.779888e-002" type="0"/>
    <Peak1D F1="1.236022" intensity="3.634319e-002" type="0"/>
    <Peak1D F1="1.186072" intensity="7.747040e-002" type="0"/>
    <Peak1D F1="1.152401" intensity="1.463756e-002" type="0"/>
    <Peak1D F1="1.137733" intensity="1.158314e-002" type="0"/>
    <Peak1D F1="1.093190" intensity="8.102171e-003" type="0"/>
    <Peak1D F1="1.068949" intensity="7.277616e-003" type="0"/>
    <Peak1D F1="1.045664" intensity="7.925968e-003" type="0"/>
    <Peak1D F1="0.987412" intensity="7.331365e-003" type="0"/>
    <Peak1D F1="0.976655" intensity="8.140210e-003" type="0"/>
    <Peak1D F1="0.918119" intensity="6.229477e-003" type="0"/>
    <Peak1D F1="0.895636" intensity="5.415045e-003" type="0"/>
    <Peak1D F1="0.889631" intensity="6.815673e-003" type="0"/>
    <Peak1D F1="0.859377" intensity="6.578785e-003" type="0"/>
    <Peak1D F1="0.810027" intensity="2.328258e-002" type="0"/>
    <Peak1D F1="0.793043" intensity="1.499385e-002" type="0"/>
    <Peak1D F1="0.761310" intensity="1.129367e-002" type="0"/>
    <Peak1D F1="0.737752" intensity="6.836452e-003" type="0"/>
    <Peak1D F1="0.724573" intensity="5.483923e-003" type="0"/>
    <Peak1D F1="0.698618" intensity="4.900147e-003" type="0"/>
    <Peak1D F1="0.671709" intensity="4.746786e-003" type="0"/>
    <Peak1D F1="0.645393" intensity="3.923456e-003" type="0"/>
    <Peak1D F1="0.620228" intensity="4.982983e-003" type="0"/>
    <Peak1D F1="0.606328" intensity="3.732285e-003" type="0"/>
    <Peak1D F1="0.601057" intensity="3.790904e-003" type="0"/>
    <Peak1D F1="0.583624" intensity="4.210421e-003" type="0"/>
    <Peak1D F1="0.570004" intensity="3.929602e-003" type="0"/>
    <Peak1D F1="0.560880" intensity="4.703518e-003" type="0"/>
    <Peak1D F1="0.542420" intensity="4.928946e-003" type="0"/>
    <Peak1D F1="0.526283" intensity="3.979564e-003" type="0"/>
    <Peak1D F1="0.519958" intensity="3.906254e-003" type="0"/>
    <Peak1D F1="0.486540" intensity="3.463757e-003" type="0"/>
    <Peak1D F1="0.468185" intensity="3.397917e-003" type="0"/>
    <Peak1D F1="0.432389" intensity="3.936856e-003" type="0"/>
    <Peak1D F1="0.395205" intensity="3.459397e-003" type="0"/>
    <Peak1D F1="0.382213" intensity="3.834855e-003" type="0"/>
    <Peak1D F1="0.299114" intensity="4.260465e-003" type="0"/>
    <Peak1D F1="0.287053" intensity="3.594663e-003" type="0"/>
    <Peak1D F1="0.219727" intensity="3.745366e-003" type="0"/>
    <Peak1D F1="0.162809" intensity="3.390107e-003" type="0"/>
    <Peak1D F1="-0.000150" intensity="4.416081e-002" type="0"/>
    <Peak1D F1="-0.016348" intensity="3.737838e-003" type="0"/>
    <Peak1D F1="-2.879048" intensity="3.479435e-003" type="0"/>
    <Peak1D F1="-3.055297" intensity="3.440806e-003" type="0"/>
    <Peak1D F1="-3.254103" intensity="3.983981e-003" type="0"/>
    <Peak1D F1="-3.399931" intensity="3.363076e-003" type="0"/>
    <Peak1D F1="-3.503227" intensity="3.751207e-003" type="0"/>
    <Peak1D F1="-3.544581" intensity="3.659023e-003" type="0"/>
    <Peak1D F1="-3.636762" intensity="3.780209e-003" type="0"/>
    <Peak1D F1="-3.649452" intensity="3.805339e-003" type="0"/>
    <Peak1D F1="-3.867558" intensity="3.494987e-003" type="0"/>
  </PeakList1D>
</PeakList>
