<?xml version="1.0" encoding="UTF-8"?>
<PeakList>
  <PeakList1D>
    <PeakList1DHeader creator="nmr" date="2021-04-13T18:09:03.591+03:00" expNo="10" name="ID-340-Crude-13.4.21" owner="" procNo="1" source="//132.72.8.180/400b/Milo/Milo">
      <PeakPickDetails>F1=16.099859ppm, F2=-3.929186ppm, MI=0.00cm, MAXI=10000.00cm, PC=1.000
      </PeakPickDetails>
    </PeakList1DHeader>
    <Peak1D F1="12.956006" intensity="8.067890e-003" type="0"/>
    <Peak1D F1="11.624160" intensity="8.725408e-003" type="0"/>
    <Peak1D F1="11.604260" intensity="7.847460e-003" type="0"/>
    <Peak1D F1="10.094376" intensity="1.869090e-002" type="0"/>
    <Peak1D F1="9.882254" intensity="8.225485e-003" type="0"/>
    <Peak1D F1="8.365547" intensity="1.431899e-002" type="0"/>
    <Peak1D F1="8.344395" intensity="2.201024e-002" type="0"/>
    <Peak1D F1="8.320904" intensity="1.882824e-002" type="0"/>
    <Peak1D F1="8.305879" intensity="1.047696e-002" type="0"/>
    <Peak1D F1="8.287691" intensity="1.045557e-002" type="0"/>
    <Peak1D F1="8.273916" intensity="2.009436e-002" type="0"/>
    <Peak1D F1="8.251897" intensity="3.971359e-002" type="0"/>
    <Peak1D F1="8.231133" intensity="2.233617e-001" type="0"/>
    <Peak1D F1="8.208786" intensity="4.562308e-001" type="0"/>
    <Peak1D F1="8.186502" intensity="3.437159e-001" type="0"/>
    <Peak1D F1="8.159465" intensity="3.237254e+000" type="0"/>
    <Peak1D F1="8.138415" intensity="3.548596e+000" type="0"/>
    <Peak1D F1="8.133157" intensity="1.508034e+000" type="0"/>
    <Peak1D F1="8.113502" intensity="2.622452e-001" type="0"/>
    <Peak1D F1="8.093322" intensity="2.355050e-001" type="0"/>
    <Peak1D F1="8.062403" intensity="2.709587e-002" type="0"/>
    <Peak1D F1="8.045714" intensity="2.262604e-002" type="0"/>
    <Peak1D F1="8.021636" intensity="2.527313e-002" type="0"/>
    <Peak1D F1="7.998945" intensity="1.963361e-002" type="0"/>
    <Peak1D F1="7.980865" intensity="9.327355e-003" type="0"/>
    <Peak1D F1="7.949327" intensity="1.846084e-002" type="0"/>
    <Peak1D F1="7.930743" intensity="2.278912e-002" type="0"/>
    <Peak1D F1="7.880987" intensity="2.202950e-001" type="0"/>
    <Peak1D F1="7.872918" intensity="2.229153e-001" type="0"/>
    <Peak1D F1="7.860819" intensity="2.514596e-001" type="0"/>
    <Peak1D F1="7.852772" intensity="2.224636e-001" type="0"/>
    <Peak1D F1="7.831456" intensity="3.546725e-002" type="0"/>
    <Peak1D F1="7.809473" intensity="3.252058e-002" type="0"/>
    <Peak1D F1="7.774983" intensity="1.147248e-002" type="0"/>
    <Peak1D F1="7.745653" intensity="8.824005e-003" type="0"/>
    <Peak1D F1="7.681269" intensity="2.732397e-002" type="0"/>
    <Peak1D F1="7.662687" intensity="8.101492e-002" type="0"/>
    <Peak1D F1="7.645370" intensity="1.444513e-001" type="0"/>
    <Peak1D F1="7.642571" intensity="1.455337e-001" type="0"/>
    <Peak1D F1="7.633274" intensity="2.820276e-001" type="0"/>
    <Peak1D F1="7.612457" intensity="3.157422e-001" type="0"/>
    <Peak1D F1="7.597048" intensity="4.995184e-002" type="0"/>
    <Peak1D F1="7.587755" intensity="4.570585e-002" type="0"/>
    <Peak1D F1="7.574144" intensity="4.241711e-002" type="0"/>
    <Peak1D F1="7.552662" intensity="5.426936e-002" type="0"/>
    <Peak1D F1="7.537879" intensity="2.468448e-001" type="0"/>
    <Peak1D F1="7.515708" intensity="3.144351e-001" type="0"/>
    <Peak1D F1="7.503778" intensity="2.242003e-001" type="0"/>
    <Peak1D F1="7.481128" intensity="3.731703e+000" type="0"/>
    <Peak1D F1="7.459296" intensity="3.765555e+000" type="0"/>
    <Peak1D F1="7.440608" intensity="9.445557e-001" type="0"/>
    <Peak1D F1="7.423990" intensity="2.837124e-001" type="0"/>
    <Peak1D F1="7.409692" intensity="3.645461e-001" type="0"/>
    <Peak1D F1="7.404225" intensity="3.123108e-001" type="0"/>
    <Peak1D F1="7.389615" intensity="2.967721e-001" type="0"/>
    <Peak1D F1="7.381223" intensity="2.327395e-001" type="0"/>
    <Peak1D F1="7.365180" intensity="1.592251e-001" type="0"/>
    <Peak1D F1="7.360715" intensity="1.484321e-001" type="0"/>
    <Peak1D F1="7.324245" intensity="3.307093e-002" type="0"/>
    <Peak1D F1="7.294628" intensity="2.293751e-002" type="0"/>
    <Peak1D F1="7.273058" intensity="3.779430e-002" type="0"/>
    <Peak1D F1="7.255147" intensity="3.935636e-002" type="0"/>
    <Peak1D F1="7.244684" intensity="1.149382e-001" type="0"/>
    <Peak1D F1="7.224503" intensity="5.178257e-002" type="0"/>
    <Peak1D F1="7.194786" intensity="7.593051e+000" type="0"/>
    <Peak1D F1="7.144748" intensity="1.010445e-001" type="0"/>
    <Peak1D F1="7.116106" intensity="7.922060e-003" type="0"/>
    <Peak1D F1="6.930784" intensity="3.977281e-002" type="0"/>
    <Peak1D F1="6.709856" intensity="1.988086e-002" type="0"/>
    <Peak1D F1="6.688032" intensity="1.922395e-002" type="0"/>
    <Peak1D F1="6.216931" intensity="1.826412e-002" type="0"/>
    <Peak1D F1="6.117574" intensity="1.122987e-001" type="0"/>
    <Peak1D F1="6.067983" intensity="7.423528e-002" type="0"/>
    <Peak1D F1="6.050207" intensity="7.631101e-002" type="0"/>
    <Peak1D F1="6.043830" intensity="7.888578e-002" type="0"/>
    <Peak1D F1="6.018207" intensity="4.892276e+000" type="0"/>
    <Peak1D F1="5.967730" intensity="6.347418e-002" type="0"/>
    <Peak1D F1="5.950834" intensity="4.219745e-002" type="0"/>
    <Peak1D F1="5.939450" intensity="3.887385e-002" type="0"/>
    <Peak1D F1="5.846416" intensity="7.940121e-003" type="0"/>
    <Peak1D F1="5.807496" intensity="1.041453e-001" type="0"/>
    <Peak1D F1="5.800025" intensity="1.017972e-001" type="0"/>
    <Peak1D F1="5.653341" intensity="9.876748e-002" type="0"/>
    <Peak1D F1="5.626489" intensity="1.063876e-001" type="0"/>
    <Peak1D F1="5.563841" intensity="1.416248e-002" type="0"/>
    <Peak1D F1="5.494612" intensity="4.069650e-002" type="0"/>
    <Peak1D F1="5.468484" intensity="2.554137e-002" type="0"/>
    <Peak1D F1="5.424291" intensity="1.510729e-002" type="0"/>
    <Peak1D F1="5.409670" intensity="1.484153e-002" type="0"/>
    <Peak1D F1="5.398010" intensity="1.827986e-002" type="0"/>
    <Peak1D F1="5.357998" intensity="3.954426e-001" type="0"/>
    <Peak1D F1="5.351321" intensity="3.984603e-001" type="0"/>
    <Peak1D F1="5.316751" intensity="1.726041e-002" type="0"/>
    <Peak1D F1="5.312032" intensity="1.995794e-002" type="0"/>
    <Peak1D F1="5.277810" intensity="1.206980e-002" type="0"/>
    <Peak1D F1="5.230825" intensity="2.915617e-001" type="0"/>
    <Peak1D F1="5.217179" intensity="1.272199e-002" type="0"/>
    <Peak1D F1="5.168935" intensity="1.284514e-002" type="0"/>
    <Peak1D F1="5.129961" intensity="1.089940e-002" type="0"/>
    <Peak1D F1="5.121257" intensity="1.014347e-002" type="0"/>
    <Peak1D F1="5.109389" intensity="1.047667e-002" type="0"/>
    <Peak1D F1="4.966633" intensity="9.597368e-003" type="0"/>
    <Peak1D F1="4.946315" intensity="1.739198e-002" type="0"/>
    <Peak1D F1="4.890020" intensity="1.615564e-002" type="0"/>
    <Peak1D F1="4.871911" intensity="2.661737e-002" type="0"/>
    <Peak1D F1="4.854849" intensity="6.323940e-002" type="0"/>
    <Peak1D F1="4.834473" intensity="6.468204e-002" type="0"/>
    <Peak1D F1="4.817654" intensity="5.755199e-002" type="0"/>
    <Peak1D F1="4.790238" intensity="1.951683e+000" type="0"/>
    <Peak1D F1="4.767374" intensity="1.994609e+000" type="0"/>
    <Peak1D F1="4.739335" intensity="9.769512e-002" type="0"/>
    <Peak1D F1="4.683694" intensity="4.135982e-001" type="0"/>
    <Peak1D F1="4.585116" intensity="3.601127e-002" type="0"/>
    <Peak1D F1="4.513160" intensity="1.273632e-002" type="0"/>
    <Peak1D F1="4.484738" intensity="9.801258e-003" type="0"/>
    <Peak1D F1="4.420930" intensity="1.038353e-002" type="0"/>
    <Peak1D F1="3.978865" intensity="1.485373e-002" type="0"/>
    <Peak1D F1="3.951555" intensity="1.485768e-002" type="0"/>
    <Peak1D F1="3.916837" intensity="7.915882e-003" type="0"/>
    <Peak1D F1="3.878665" intensity="8.137196e-002" type="0"/>
    <Peak1D F1="3.845592" intensity="3.648146e-002" type="0"/>
    <Peak1D F1="3.822742" intensity="3.399098e-002" type="0"/>
    <Peak1D F1="3.812519" intensity="3.317329e-001" type="0"/>
    <Peak1D F1="3.750631" intensity="2.452995e-001" type="0"/>
    <Peak1D F1="3.746199" intensity="2.344581e-001" type="0"/>
    <Peak1D F1="3.701402" intensity="1.499321e+001" type="0"/>
    <Peak1D F1="3.651390" intensity="2.087423e-001" type="0"/>
    <Peak1D F1="3.616218" intensity="1.278331e-002" type="0"/>
    <Peak1D F1="3.566331" intensity="8.015819e-003" type="0"/>
    <Peak1D F1="3.519033" intensity="8.106650e-002" type="0"/>
    <Peak1D F1="3.172751" intensity="7.922769e-003" type="0"/>
    <Peak1D F1="2.955531" intensity="1.301735e-002" type="0"/>
    <Peak1D F1="2.936098" intensity="1.800458e-002" type="0"/>
    <Peak1D F1="2.919962" intensity="1.115894e-002" type="0"/>
    <Peak1D F1="2.761726" intensity="1.939705e-002" type="0"/>
    <Peak1D F1="2.743858" intensity="3.935666e-002" type="0"/>
    <Peak1D F1="2.721687" intensity="5.691992e-002" type="0"/>
    <Peak1D F1="2.620902" intensity="2.662581e-002" type="0"/>
    <Peak1D F1="2.598918" intensity="3.505119e-002" type="0"/>
    <Peak1D F1="2.576871" intensity="3.801308e-002" type="0"/>
    <Peak1D F1="2.534472" intensity="4.765618e-002" type="0"/>
    <Peak1D F1="2.514475" intensity="5.142180e-002" type="0"/>
    <Peak1D F1="2.494937" intensity="6.062394e-002" type="0"/>
    <Peak1D F1="2.475739" intensity="6.422766e-002" type="0"/>
    <Peak1D F1="2.434797" intensity="4.491051e-001" type="0"/>
    <Peak1D F1="2.414337" intensity="5.332388e-001" type="0"/>
    <Peak1D F1="2.390270" intensity="6.600089e-001" type="0"/>
    <Peak1D F1="2.365722" intensity="6.634836e-001" type="0"/>
    <Peak1D F1="2.350083" intensity="4.512746e-001" type="0"/>
    <Peak1D F1="2.327175" intensity="7.383370e-001" type="0"/>
    <Peak1D F1="2.319595" intensity="5.110298e-001" type="0"/>
    <Peak1D F1="2.316624" intensity="4.920012e-001" type="0"/>
    <Peak1D F1="2.307153" intensity="6.382340e-001" type="0"/>
    <Peak1D F1="2.297062" intensity="7.644748e-001" type="0"/>
    <Peak1D F1="2.276530" intensity="4.139871e-001" type="0"/>
    <Peak1D F1="2.255477" intensity="5.333900e-001" type="0"/>
    <Peak1D F1="2.231743" intensity="7.376093e-001" type="0"/>
    <Peak1D F1="2.206491" intensity="7.734991e-001" type="0"/>
    <Peak1D F1="2.183670" intensity="4.703970e-001" type="0"/>
    <Peak1D F1="2.180599" intensity="4.565725e-001" type="0"/>
    <Peak1D F1="2.157708" intensity="5.527520e-001" type="0"/>
    <Peak1D F1="2.147487" intensity="4.252691e-001" type="0"/>
    <Peak1D F1="2.116837" intensity="4.878399e+000" type="0"/>
    <Peak1D F1="2.108218" intensity="4.463729e+000" type="0"/>
    <Peak1D F1="2.097600" intensity="1.462906e+001" type="0"/>
    <Peak1D F1="2.079414" intensity="7.434628e+000" type="0"/>
    <Peak1D F1="2.053133" intensity="5.016886e-001" type="0"/>
    <Peak1D F1="2.041163" intensity="4.227774e-001" type="0"/>
    <Peak1D F1="2.029540" intensity="2.490072e-001" type="0"/>
    <Peak1D F1="1.988637" intensity="3.831925e-001" type="0"/>
    <Peak1D F1="1.960463" intensity="7.337864e-001" type="0"/>
    <Peak1D F1="1.956010" intensity="7.355904e-001" type="0"/>
    <Peak1D F1="1.942562" intensity="9.349833e-001" type="0"/>
    <Peak1D F1="1.933251" intensity="1.163126e+000" type="0"/>
    <Peak1D F1="1.925803" intensity="1.232602e+000" type="0"/>
    <Peak1D F1="1.921819" intensity="1.247502e+000" type="0"/>
    <Peak1D F1="1.911289" intensity="7.542538e+000" type="0"/>
    <Peak1D F1="1.900332" intensity="6.829298e+000" type="0"/>
    <Peak1D F1="1.891700" intensity="1.500000e+001" type="0"/>
    <Peak1D F1="1.883809" intensity="6.400316e+000" type="0"/>
    <Peak1D F1="1.872532" intensity="4.946375e+000" type="0"/>
    <Peak1D F1="1.861436" intensity="7.392587e-001" type="0"/>
    <Peak1D F1="1.850284" intensity="4.222762e-001" type="0"/>
    <Peak1D F1="1.842253" intensity="3.558565e-001" type="0"/>
    <Peak1D F1="1.834306" intensity="2.417245e-001" type="0"/>
    <Peak1D F1="1.823590" intensity="1.639083e-001" type="0"/>
    <Peak1D F1="1.790063" intensity="8.568498e-002" type="0"/>
    <Peak1D F1="1.776476" intensity="8.397983e-002" type="0"/>
    <Peak1D F1="1.760470" intensity="9.745343e-002" type="0"/>
    <Peak1D F1="1.745058" intensity="2.192865e-001" type="0"/>
    <Peak1D F1="1.729278" intensity="2.971940e-001" type="0"/>
    <Peak1D F1="1.724295" intensity="2.993857e-001" type="0"/>
    <Peak1D F1="1.717066" intensity="3.560671e-001" type="0"/>
    <Peak1D F1="1.708220" intensity="3.980997e-001" type="0"/>
    <Peak1D F1="1.701002" intensity="6.027942e-001" type="0"/>
    <Peak1D F1="1.697312" intensity="5.413029e-001" type="0"/>
    <Peak1D F1="1.680090" intensity="1.413660e+000" type="0"/>
    <Peak1D F1="1.672627" intensity="9.323876e-001" type="0"/>
    <Peak1D F1="1.665369" intensity="8.258920e-001" type="0"/>
    <Peak1D F1="1.655151" intensity="1.365758e+000" type="0"/>
    <Peak1D F1="1.638720" intensity="8.454600e-001" type="0"/>
    <Peak1D F1="1.634063" intensity="9.268252e-001" type="0"/>
    <Peak1D F1="1.618099" intensity="5.070564e-001" type="0"/>
    <Peak1D F1="1.601486" intensity="1.698219e-001" type="0"/>
    <Peak1D F1="1.564567" intensity="1.522750e-001" type="0"/>
    <Peak1D F1="1.534992" intensity="4.219632e-001" type="0"/>
    <Peak1D F1="1.519524" intensity="3.369998e-001" type="0"/>
    <Peak1D F1="1.512473" intensity="3.813329e-001" type="0"/>
    <Peak1D F1="1.500793" intensity="7.291365e-001" type="0"/>
    <Peak1D F1="1.483392" intensity="8.696927e-001" type="0"/>
    <Peak1D F1="1.470612" intensity="5.939198e-001" type="0"/>
    <Peak1D F1="1.453971" intensity="5.781876e-001" type="0"/>
    <Peak1D F1="1.435884" intensity="1.856279e-001" type="0"/>
    <Peak1D F1="1.423480" intensity="2.038655e-001" type="0"/>
    <Peak1D F1="1.390955" intensity="5.270610e-002" type="0"/>
    <Peak1D F1="1.364260" intensity="7.562754e-002" type="0"/>
    <Peak1D F1="1.333463" intensity="1.317300e-001" type="0"/>
    <Peak1D F1="1.313771" intensity="2.266276e+000" type="0"/>
    <Peak1D F1="1.283917" intensity="3.105071e+000" type="0"/>
    <Peak1D F1="1.279784" intensity="3.001228e+000" type="0"/>
    <Peak1D F1="1.270633" intensity="1.609545e+000" type="0"/>
    <Peak1D F1="1.267337" intensity="2.174224e+000" type="0"/>
    <Peak1D F1="1.265385" intensity="2.200919e+000" type="0"/>
    <Peak1D F1="1.238232" intensity="1.997434e-001" type="0"/>
    <Peak1D F1="1.233819" intensity="1.927937e-001" type="0"/>
    <Peak1D F1="1.219764" intensity="3.446221e-001" type="0"/>
    <Peak1D F1="1.214980" intensity="2.960974e-001" type="0"/>
    <Peak1D F1="1.194403" intensity="1.495110e-001" type="0"/>
    <Peak1D F1="1.183663" intensity="2.249127e-001" type="0"/>
    <Peak1D F1="1.148068" intensity="2.394918e-002" type="0"/>
    <Peak1D F1="1.132602" intensity="2.419619e-002" type="0"/>
    <Peak1D F1="1.125088" intensity="3.250926e-002" type="0"/>
    <Peak1D F1="1.105743" intensity="2.439692e-002" type="0"/>
    <Peak1D F1="1.079535" intensity="1.122280e-002" type="0"/>
    <Peak1D F1="1.044719" intensity="1.333785e-002" type="0"/>
    <Peak1D F1="1.022594" intensity="9.927623e-003" type="0"/>
    <Peak1D F1="1.000343" intensity="1.040540e-002" type="0"/>
    <Peak1D F1="0.966573" intensity="1.041628e-002" type="0"/>
    <Peak1D F1="0.929875" intensity="8.239703e-003" type="0"/>
    <Peak1D F1="0.875975" intensity="8.953101e-003" type="0"/>
    <Peak1D F1="0.813559" intensity="6.024876e-002" type="0"/>
    <Peak1D F1="0.795744" intensity="3.246318e-002" type="0"/>
    <Peak1D F1="0.762073" intensity="1.525346e-002" type="0"/>
    <Peak1D F1="0.716082" intensity="9.338301e-003" type="0"/>
    <Peak1D F1="0.698628" intensity="8.503471e-003" type="0"/>
    <Peak1D F1="0.547641" intensity="8.415475e-003" type="0"/>
    <Peak1D F1="0.506204" intensity="8.073566e-003" type="0"/>
    <Peak1D F1="0.474631" intensity="9.846435e-003" type="0"/>
    <Peak1D F1="0.437557" intensity="9.528922e-003" type="0"/>
    <Peak1D F1="0.402566" intensity="1.019446e-002" type="0"/>
    <Peak1D F1="0.391816" intensity="1.174764e-002" type="0"/>
    <Peak1D F1="0.380747" intensity="9.533114e-003" type="0"/>
    <Peak1D F1="0.361584" intensity="7.944358e-003" type="0"/>
    <Peak1D F1="0.305928" intensity="8.909401e-003" type="0"/>
    <Peak1D F1="0.243037" intensity="8.171769e-003" type="0"/>
    <Peak1D F1="0.050675" intensity="1.085782e-002" type="0"/>
    <Peak1D F1="-0.000157" intensity="3.908569e-001" type="0"/>
    <Peak1D F1="-3.241584" intensity="7.899513e-003" type="0"/>
    <Peak1D F1="-3.579122" intensity="7.685991e-003" type="0"/>
    <Peak1D F1="-3.735835" intensity="7.873612e-003" type="0"/>
  </PeakList1D>
</PeakList>
