<?xml version="1.0" encoding="UTF-8"?>
<PeakList>
  <PeakList1D>
    <PeakList1DHeader creator="nmr" date="2021-08-12T00:04:59.155+03:00" expNo="10" name="ID-427-O-11.8.21" owner="" procNo="1" source="//132.72.8.180/400b/Milo/Milo">
      <PeakPickDetails>F1=16.123810ppm, F2=-3.905236ppm, MI=0.00cm, MAXI=10000.00cm, PC=1.000
      </PeakPickDetails>
    </PeakList1DHeader>
    <Peak1D F1="11.911369" intensity="1.630543e-003" type="0"/>
    <Peak1D F1="10.083905" intensity="4.678419e-003" type="0"/>
    <Peak1D F1="8.536983" intensity="1.022787e-003" type="0"/>
    <Peak1D F1="8.432850" intensity="1.589113e-003" type="0"/>
    <Peak1D F1="8.402778" intensity="1.908756e-003" type="0"/>
    <Peak1D F1="8.352460" intensity="7.761969e-003" type="0"/>
    <Peak1D F1="8.345404" intensity="9.769754e-003" type="0"/>
    <Peak1D F1="8.329593" intensity="1.237309e-002" type="0"/>
    <Peak1D F1="8.308279" intensity="6.800077e-003" type="0"/>
    <Peak1D F1="8.246699" intensity="1.279827e-002" type="0"/>
    <Peak1D F1="8.217721" intensity="1.391496e-001" type="0"/>
    <Peak1D F1="8.197061" intensity="2.487200e-001" type="0"/>
    <Peak1D F1="8.176738" intensity="1.703056e-001" type="0"/>
    <Peak1D F1="8.168859" intensity="1.003003e-001" type="0"/>
    <Peak1D F1="8.159700" intensity="9.666479e-002" type="0"/>
    <Peak1D F1="8.140180" intensity="2.047631e+000" type="0"/>
    <Peak1D F1="8.132004" intensity="8.080322e-001" type="0"/>
    <Peak1D F1="8.122750" intensity="9.527014e-001" type="0"/>
    <Peak1D F1="8.118294" intensity="2.172746e+000" type="0"/>
    <Peak1D F1="8.109796" intensity="7.572058e-001" type="0"/>
    <Peak1D F1="8.089618" intensity="1.009954e-001" type="0"/>
    <Peak1D F1="8.068525" intensity="4.064573e-002" type="0"/>
    <Peak1D F1="8.059902" intensity="1.597490e-002" type="0"/>
    <Peak1D F1="8.035260" intensity="4.154313e-003" type="0"/>
    <Peak1D F1="8.017532" intensity="5.273145e-003" type="0"/>
    <Peak1D F1="7.995292" intensity="4.438981e-003" type="0"/>
    <Peak1D F1="7.956872" intensity="3.613784e-003" type="0"/>
    <Peak1D F1="7.930929" intensity="1.333711e-002" type="0"/>
    <Peak1D F1="7.926199" intensity="1.191169e-002" type="0"/>
    <Peak1D F1="7.914103" intensity="3.944691e-002" type="0"/>
    <Peak1D F1="7.893905" intensity="4.792567e-002" type="0"/>
    <Peak1D F1="7.869947" intensity="3.838751e-002" type="0"/>
    <Peak1D F1="7.846710" intensity="1.606047e-002" type="0"/>
    <Peak1D F1="7.836775" intensity="1.532209e-002" type="0"/>
    <Peak1D F1="7.818104" intensity="1.699102e-002" type="0"/>
    <Peak1D F1="7.796505" intensity="3.164153e-003" type="0"/>
    <Peak1D F1="7.776526" intensity="1.795680e-003" type="0"/>
    <Peak1D F1="7.757715" intensity="1.595564e-003" type="0"/>
    <Peak1D F1="7.713964" intensity="2.902113e-003" type="0"/>
    <Peak1D F1="7.701061" intensity="2.992896e-003" type="0"/>
    <Peak1D F1="7.675268" intensity="1.047171e-002" type="0"/>
    <Peak1D F1="7.657104" intensity="1.174987e-002" type="0"/>
    <Peak1D F1="7.615867" intensity="1.239137e-001" type="0"/>
    <Peak1D F1="7.593021" intensity="1.315635e-001" type="0"/>
    <Peak1D F1="7.569336" intensity="5.720633e-002" type="0"/>
    <Peak1D F1="7.560991" intensity="2.844634e-002" type="0"/>
    <Peak1D F1="7.550780" intensity="3.467997e-002" type="0"/>
    <Peak1D F1="7.539820" intensity="1.130771e-001" type="0"/>
    <Peak1D F1="7.522608" intensity="1.668169e-001" type="0"/>
    <Peak1D F1="7.518297" intensity="1.573662e-001" type="0"/>
    <Peak1D F1="7.502987" intensity="2.623216e-001" type="0"/>
    <Peak1D F1="7.475079" intensity="2.242014e+000" type="0"/>
    <Peak1D F1="7.466118" intensity="7.772894e-001" type="0"/>
    <Peak1D F1="7.453282" intensity="2.085999e+000" type="0"/>
    <Peak1D F1="7.444132" intensity="6.509312e-001" type="0"/>
    <Peak1D F1="7.424961" intensity="6.869251e-002" type="0"/>
    <Peak1D F1="7.416285" intensity="4.139852e-002" type="0"/>
    <Peak1D F1="7.409441" intensity="3.656622e-002" type="0"/>
    <Peak1D F1="7.403410" intensity="4.727071e-002" type="0"/>
    <Peak1D F1="7.394399" intensity="5.227042e-002" type="0"/>
    <Peak1D F1="7.374715" intensity="1.971508e-002" type="0"/>
    <Peak1D F1="7.356345" intensity="1.552864e-002" type="0"/>
    <Peak1D F1="7.342008" intensity="2.092566e-002" type="0"/>
    <Peak1D F1="7.322772" intensity="4.447940e-002" type="0"/>
    <Peak1D F1="7.302016" intensity="6.576699e-002" type="0"/>
    <Peak1D F1="7.280561" intensity="4.472355e-002" type="0"/>
    <Peak1D F1="7.268429" intensity="5.213648e-002" type="0"/>
    <Peak1D F1="7.246433" intensity="3.978151e-002" type="0"/>
    <Peak1D F1="7.229094" intensity="9.322082e-002" type="0"/>
    <Peak1D F1="7.218893" intensity="1.691980e+000" type="0"/>
    <Peak1D F1="7.211126" intensity="1.474147e-001" type="0"/>
    <Peak1D F1="7.191897" intensity="9.958513e-002" type="0"/>
    <Peak1D F1="7.173126" intensity="9.257669e-002" type="0"/>
    <Peak1D F1="7.154650" intensity="9.309805e-002" type="0"/>
    <Peak1D F1="7.129492" intensity="6.097550e-002" type="0"/>
    <Peak1D F1="7.118404" intensity="4.938447e-002" type="0"/>
    <Peak1D F1="7.095657" intensity="1.462657e-001" type="0"/>
    <Peak1D F1="7.082405" intensity="1.187487e-001" type="0"/>
    <Peak1D F1="7.046862" intensity="8.636511e-003" type="0"/>
    <Peak1D F1="7.029402" intensity="8.543837e-003" type="0"/>
    <Peak1D F1="7.012997" intensity="5.790626e-003" type="0"/>
    <Peak1D F1="7.003181" intensity="5.166278e-003" type="0"/>
    <Peak1D F1="6.985003" intensity="3.296897e-003" type="0"/>
    <Peak1D F1="6.961476" intensity="4.433954e-003" type="0"/>
    <Peak1D F1="6.954289" intensity="9.766391e-003" type="0"/>
    <Peak1D F1="6.944030" intensity="4.139332e-003" type="0"/>
    <Peak1D F1="6.922287" intensity="1.307129e-003" type="0"/>
    <Peak1D F1="6.903330" intensity="3.083192e-003" type="0"/>
    <Peak1D F1="6.726126" intensity="2.282254e-003" type="0"/>
    <Peak1D F1="6.715188" intensity="3.306370e-003" type="0"/>
    <Peak1D F1="6.695576" intensity="3.349483e-003" type="0"/>
    <Peak1D F1="6.204239" intensity="9.097314e-003" type="0"/>
    <Peak1D F1="6.161685" intensity="1.627783e-003" type="0"/>
    <Peak1D F1="6.141554" intensity="1.863728e-003" type="0"/>
    <Peak1D F1="6.112788" intensity="1.331594e-002" type="0"/>
    <Peak1D F1="6.055386" intensity="6.198525e-002" type="0"/>
    <Peak1D F1="6.041019" intensity="4.536523e-002" type="0"/>
    <Peak1D F1="6.034741" intensity="4.782451e-002" type="0"/>
    <Peak1D F1="6.005596" intensity="3.528913e+000" type="0"/>
    <Peak1D F1="5.955585" intensity="5.834798e-002" type="0"/>
    <Peak1D F1="5.928009" intensity="3.474453e-002" type="0"/>
    <Peak1D F1="5.915761" intensity="3.563662e-002" type="0"/>
    <Peak1D F1="5.880626" intensity="6.878012e-003" type="0"/>
    <Peak1D F1="5.800224" intensity="4.507781e-002" type="0"/>
    <Peak1D F1="5.792746" intensity="4.123550e-002" type="0"/>
    <Peak1D F1="5.776012" intensity="1.822094e-002" type="0"/>
    <Peak1D F1="5.768458" intensity="1.745933e-002" type="0"/>
    <Peak1D F1="5.749817" intensity="1.439236e-003" type="0"/>
    <Peak1D F1="5.719396" intensity="2.358830e-003" type="0"/>
    <Peak1D F1="5.697011" intensity="2.480314e-003" type="0"/>
    <Peak1D F1="5.683899" intensity="2.799826e-003" type="0"/>
    <Peak1D F1="5.650135" intensity="4.238821e-002" type="0"/>
    <Peak1D F1="5.623274" intensity="4.416648e-002" type="0"/>
    <Peak1D F1="5.597986" intensity="2.374587e-003" type="0"/>
    <Peak1D F1="5.580713" intensity="6.643551e-003" type="0"/>
    <Peak1D F1="5.554130" intensity="8.436873e-003" type="0"/>
    <Peak1D F1="5.500198" intensity="1.256401e-002" type="0"/>
    <Peak1D F1="5.459538" intensity="6.369402e-002" type="0"/>
    <Peak1D F1="5.432837" intensity="1.318349e-002" type="0"/>
    <Peak1D F1="5.413305" intensity="1.407863e-002" type="0"/>
    <Peak1D F1="5.387169" intensity="2.815236e-002" type="0"/>
    <Peak1D F1="5.382613" intensity="2.810830e-002" type="0"/>
    <Peak1D F1="5.337615" intensity="2.453887e-001" type="0"/>
    <Peak1D F1="5.331377" intensity="2.470636e-001" type="0"/>
    <Peak1D F1="5.306821" intensity="8.735767e-003" type="0"/>
    <Peak1D F1="5.280317" intensity="8.070561e-003" type="0"/>
    <Peak1D F1="5.265287" intensity="4.566319e-003" type="0"/>
    <Peak1D F1="5.213137" intensity="3.188623e-003" type="0"/>
    <Peak1D F1="5.167439" intensity="4.330600e-003" type="0"/>
    <Peak1D F1="5.151539" intensity="5.165960e-003" type="0"/>
    <Peak1D F1="5.039829" intensity="8.820550e-004" type="0"/>
    <Peak1D F1="4.986244" intensity="6.233453e-003" type="0"/>
    <Peak1D F1="4.963732" intensity="7.198052e-003" type="0"/>
    <Peak1D F1="4.912455" intensity="1.484455e-002" type="0"/>
    <Peak1D F1="4.891312" intensity="2.516713e-002" type="0"/>
    <Peak1D F1="4.878689" intensity="2.819351e-002" type="0"/>
    <Peak1D F1="4.873258" intensity="1.957249e-002" type="0"/>
    <Peak1D F1="4.856451" intensity="3.563431e-002" type="0"/>
    <Peak1D F1="4.849783" intensity="3.159244e-002" type="0"/>
    <Peak1D F1="4.834273" intensity="3.911087e-002" type="0"/>
    <Peak1D F1="4.806809" intensity="1.214281e+000" type="0"/>
    <Peak1D F1="4.784575" intensity="1.227375e+000" type="0"/>
    <Peak1D F1="4.756647" intensity="5.028871e-002" type="0"/>
    <Peak1D F1="4.734375" intensity="7.549777e-002" type="0"/>
    <Peak1D F1="4.695068" intensity="2.427719e-001" type="0"/>
    <Peak1D F1="4.623882" intensity="2.468118e-002" type="0"/>
    <Peak1D F1="4.600801" intensity="1.630483e-002" type="0"/>
    <Peak1D F1="4.550437" intensity="4.398510e-003" type="0"/>
    <Peak1D F1="4.461004" intensity="1.428645e-003" type="0"/>
    <Peak1D F1="4.272491" intensity="1.516879e-003" type="0"/>
    <Peak1D F1="4.048365" intensity="1.258982e-003" type="0"/>
    <Peak1D F1="4.030639" intensity="1.164729e-003" type="0"/>
    <Peak1D F1="4.005628" intensity="1.011765e-003" type="0"/>
    <Peak1D F1="3.988959" intensity="1.359164e-003" type="0"/>
    <Peak1D F1="3.937126" intensity="2.258640e-003" type="0"/>
    <Peak1D F1="3.917453" intensity="3.371852e-003" type="0"/>
    <Peak1D F1="3.867121" intensity="5.827077e-002" type="0"/>
    <Peak1D F1="3.837489" intensity="8.847654e-003" type="0"/>
    <Peak1D F1="3.800547" intensity="3.629685e-002" type="0"/>
    <Peak1D F1="3.791351" intensity="9.165795e-003" type="0"/>
    <Peak1D F1="3.739359" intensity="1.945284e-001" type="0"/>
    <Peak1D F1="3.689731" intensity="1.041950e+001" type="0"/>
    <Peak1D F1="3.659001" intensity="2.257724e-002" type="0"/>
    <Peak1D F1="3.639611" intensity="1.713212e-001" type="0"/>
    <Peak1D F1="3.591457" intensity="2.905187e-003" type="0"/>
    <Peak1D F1="3.557179" intensity="1.948527e-003" type="0"/>
    <Peak1D F1="3.535505" intensity="1.822805e-003" type="0"/>
    <Peak1D F1="3.507465" intensity="5.679720e-002" type="0"/>
    <Peak1D F1="3.458794" intensity="1.964507e-003" type="0"/>
    <Peak1D F1="3.432142" intensity="1.182740e-003" type="0"/>
    <Peak1D F1="3.421618" intensity="1.509313e-003" type="0"/>
    <Peak1D F1="3.387237" intensity="1.743299e-003" type="0"/>
    <Peak1D F1="3.378405" intensity="1.649239e-003" type="0"/>
    <Peak1D F1="3.346875" intensity="1.834712e-003" type="0"/>
    <Peak1D F1="3.338875" intensity="1.839224e-003" type="0"/>
    <Peak1D F1="3.302623" intensity="2.311047e-003" type="0"/>
    <Peak1D F1="3.126526" intensity="2.696265e-002" type="0"/>
    <Peak1D F1="3.014425" intensity="5.772961e-003" type="0"/>
    <Peak1D F1="2.987834" intensity="4.676288e-003" type="0"/>
    <Peak1D F1="2.956690" intensity="1.232334e-002" type="0"/>
    <Peak1D F1="2.949982" intensity="1.503496e-002" type="0"/>
    <Peak1D F1="2.938853" intensity="2.064794e-002" type="0"/>
    <Peak1D F1="2.931877" intensity="1.909960e-002" type="0"/>
    <Peak1D F1="2.920820" intensity="1.447843e-002" type="0"/>
    <Peak1D F1="2.914655" intensity="1.148387e-002" type="0"/>
    <Peak1D F1="2.900972" intensity="5.519209e-003" type="0"/>
    <Peak1D F1="2.881530" intensity="2.512566e-003" type="0"/>
    <Peak1D F1="2.870960" intensity="3.583746e-003" type="0"/>
    <Peak1D F1="2.846086" intensity="8.822893e-003" type="0"/>
    <Peak1D F1="2.832523" intensity="7.750891e-003" type="0"/>
    <Peak1D F1="2.824566" intensity="1.173293e-002" type="0"/>
    <Peak1D F1="2.804455" intensity="7.220680e-003" type="0"/>
    <Peak1D F1="2.794447" intensity="8.165573e-003" type="0"/>
    <Peak1D F1="2.781610" intensity="1.886985e-002" type="0"/>
    <Peak1D F1="2.760545" intensity="2.765197e-002" type="0"/>
    <Peak1D F1="2.754707" intensity="3.266206e-002" type="0"/>
    <Peak1D F1="2.742996" intensity="1.585136e-001" type="0"/>
    <Peak1D F1="2.701386" intensity="9.577571e-003" type="0"/>
    <Peak1D F1="2.691735" intensity="1.030129e-002" type="0"/>
    <Peak1D F1="2.668601" intensity="9.108480e-003" type="0"/>
    <Peak1D F1="2.659632" intensity="9.904866e-003" type="0"/>
    <Peak1D F1="2.647086" intensity="8.490072e-003" type="0"/>
    <Peak1D F1="2.631578" intensity="2.699321e-002" type="0"/>
    <Peak1D F1="2.608859" intensity="2.672377e-001" type="0"/>
    <Peak1D F1="2.584883" intensity="4.732053e-002" type="0"/>
    <Peak1D F1="2.558484" intensity="1.479631e-001" type="0"/>
    <Peak1D F1="2.545497" intensity="2.893245e-001" type="0"/>
    <Peak1D F1="2.532376" intensity="4.473930e-002" type="0"/>
    <Peak1D F1="2.512670" intensity="2.295843e-002" type="0"/>
    <Peak1D F1="2.491275" intensity="1.454355e-001" type="0"/>
    <Peak1D F1="2.469404" intensity="2.724659e-002" type="0"/>
    <Peak1D F1="2.461272" intensity="3.908257e-002" type="0"/>
    <Peak1D F1="2.440694" intensity="6.109833e-001" type="0"/>
    <Peak1D F1="2.426125" intensity="2.358378e-001" type="0"/>
    <Peak1D F1="2.408738" intensity="2.387442e-001" type="0"/>
    <Peak1D F1="2.393413" intensity="2.833144e-001" type="0"/>
    <Peak1D F1="2.389469" intensity="3.028083e-001" type="0"/>
    <Peak1D F1="2.380371" intensity="2.237360e-001" type="0"/>
    <Peak1D F1="2.366178" intensity="6.064929e-001" type="0"/>
    <Peak1D F1="2.364185" intensity="6.122760e-001" type="0"/>
    <Peak1D F1="2.350583" intensity="3.388880e-001" type="0"/>
    <Peak1D F1="2.342968" intensity="7.694211e-001" type="0"/>
    <Peak1D F1="2.336515" intensity="4.927244e-001" type="0"/>
    <Peak1D F1="2.323660" intensity="3.503603e-001" type="0"/>
    <Peak1D F1="2.312482" intensity="4.792192e-001" type="0"/>
    <Peak1D F1="2.293352" intensity="2.611478e-001" type="0"/>
    <Peak1D F1="2.291046" intensity="2.648783e-001" type="0"/>
    <Peak1D F1="2.283639" intensity="1.466750e-001" type="0"/>
    <Peak1D F1="2.263833" intensity="1.350336e-001" type="0"/>
    <Peak1D F1="2.243992" intensity="1.216924e-001" type="0"/>
    <Peak1D F1="2.235773" intensity="8.209910e-002" type="0"/>
    <Peak1D F1="2.226582" intensity="3.153596e-001" type="0"/>
    <Peak1D F1="2.211850" intensity="1.317478e-001" type="0"/>
    <Peak1D F1="2.203838" intensity="4.080418e-001" type="0"/>
    <Peak1D F1="2.200462" intensity="4.416545e-001" type="0"/>
    <Peak1D F1="2.177853" intensity="5.699173e-001" type="0"/>
    <Peak1D F1="2.167351" intensity="1.683729e-001" type="0"/>
    <Peak1D F1="2.152332" intensity="4.469869e-001" type="0"/>
    <Peak1D F1="2.129702" intensity="5.885108e-001" type="0"/>
    <Peak1D F1="2.103311" intensity="5.002956e+000" type="0"/>
    <Peak1D F1="2.083890" intensity="1.441613e+001" type="0"/>
    <Peak1D F1="2.072877" intensity="4.360831e+000" type="0"/>
    <Peak1D F1="2.065227" intensity="7.582895e+000" type="0"/>
    <Peak1D F1="2.049769" intensity="5.599648e-001" type="0"/>
    <Peak1D F1="2.037862" intensity="5.044387e-001" type="0"/>
    <Peak1D F1="2.035335" intensity="5.121328e-001" type="0"/>
    <Peak1D F1="2.014998" intensity="2.480462e-001" type="0"/>
    <Peak1D F1="1.986208" intensity="1.688533e-001" type="0"/>
    <Peak1D F1="1.967271" intensity="3.542004e-001" type="0"/>
    <Peak1D F1="1.964023" intensity="3.604566e-001" type="0"/>
    <Peak1D F1="1.951385" intensity="4.670903e-001" type="0"/>
    <Peak1D F1="1.943807" intensity="6.525779e-001" type="0"/>
    <Peak1D F1="1.933240" intensity="8.687766e-001" type="0"/>
    <Peak1D F1="1.923765" intensity="1.038332e+000" type="0"/>
    <Peak1D F1="1.918049" intensity="1.356902e+000" type="0"/>
    <Peak1D F1="1.914219" intensity="1.328674e+000" type="0"/>
    <Peak1D F1="1.903245" intensity="7.699510e+000" type="0"/>
    <Peak1D F1="1.892627" intensity="7.092896e+000" type="0"/>
    <Peak1D F1="1.883905" intensity="1.500000e+001" type="0"/>
    <Peak1D F1="1.873779" intensity="6.299337e+000" type="0"/>
    <Peak1D F1="1.864575" intensity="5.120390e+000" type="0"/>
    <Peak1D F1="1.852287" intensity="7.653021e-001" type="0"/>
    <Peak1D F1="1.842520" intensity="4.632880e-001" type="0"/>
    <Peak1D F1="1.833913" intensity="4.240104e-001" type="0"/>
    <Peak1D F1="1.824761" intensity="2.314360e-001" type="0"/>
    <Peak1D F1="1.814767" intensity="1.771432e-001" type="0"/>
    <Peak1D F1="1.801701" intensity="9.760445e-002" type="0"/>
    <Peak1D F1="1.775387" intensity="6.767496e-002" type="0"/>
    <Peak1D F1="1.752213" intensity="8.460871e-002" type="0"/>
    <Peak1D F1="1.737153" intensity="1.410446e-001" type="0"/>
    <Peak1D F1="1.722556" intensity="1.815095e-001" type="0"/>
    <Peak1D F1="1.716966" intensity="1.982499e-001" type="0"/>
    <Peak1D F1="1.708449" intensity="1.940304e-001" type="0"/>
    <Peak1D F1="1.696296" intensity="4.749102e-001" type="0"/>
    <Peak1D F1="1.693144" intensity="4.357482e-001" type="0"/>
    <Peak1D F1="1.684065" intensity="4.062384e-001" type="0"/>
    <Peak1D F1="1.673366" intensity="9.222345e-001" type="0"/>
    <Peak1D F1="1.666571" intensity="6.436945e-001" type="0"/>
    <Peak1D F1="1.664969" intensity="6.433752e-001" type="0"/>
    <Peak1D F1="1.657254" intensity="4.545154e-001" type="0"/>
    <Peak1D F1="1.652498" intensity="6.009796e-001" type="0"/>
    <Peak1D F1="1.647828" intensity="6.176852e-001" type="0"/>
    <Peak1D F1="1.637552" intensity="3.897084e-001" type="0"/>
    <Peak1D F1="1.632536" intensity="3.269655e-001" type="0"/>
    <Peak1D F1="1.627509" intensity="3.115057e-001" type="0"/>
    <Peak1D F1="1.615524" intensity="1.804386e-001" type="0"/>
    <Peak1D F1="1.611072" intensity="1.905895e-001" type="0"/>
    <Peak1D F1="1.601232" intensity="8.269162e-002" type="0"/>
    <Peak1D F1="1.589901" intensity="7.399045e-002" type="0"/>
    <Peak1D F1="1.578317" intensity="7.717381e-002" type="0"/>
    <Peak1D F1="1.565287" intensity="6.891151e-002" type="0"/>
    <Peak1D F1="1.551789" intensity="8.265480e-002" type="0"/>
    <Peak1D F1="1.537357" intensity="1.239351e-001" type="0"/>
    <Peak1D F1="1.529484" intensity="1.152191e-001" type="0"/>
    <Peak1D F1="1.521384" intensity="1.799735e-001" type="0"/>
    <Peak1D F1="1.502853" intensity="3.572093e-001" type="0"/>
    <Peak1D F1="1.485468" intensity="3.710180e-001" type="0"/>
    <Peak1D F1="1.472678" intensity="2.933457e-001" type="0"/>
    <Peak1D F1="1.455979" intensity="2.895340e-001" type="0"/>
    <Peak1D F1="1.437354" intensity="9.016301e-002" type="0"/>
    <Peak1D F1="1.428231" intensity="6.412604e-002" type="0"/>
    <Peak1D F1="1.423745" intensity="6.211079e-002" type="0"/>
    <Peak1D F1="1.410571" intensity="2.635980e-002" type="0"/>
    <Peak1D F1="1.400618" intensity="2.596203e-002" type="0"/>
    <Peak1D F1="1.394902" intensity="2.494871e-002" type="0"/>
    <Peak1D F1="1.372359" intensity="2.675533e-002" type="0"/>
    <Peak1D F1="1.356216" intensity="1.548165e-002" type="0"/>
    <Peak1D F1="1.348260" intensity="1.651529e-002" type="0"/>
    <Peak1D F1="1.327011" intensity="1.190603e-002" type="0"/>
    <Peak1D F1="1.317688" intensity="1.020496e-002" type="0"/>
    <Peak1D F1="1.295257" intensity="7.485910e-003" type="0"/>
    <Peak1D F1="1.282274" intensity="6.259544e-003" type="0"/>
    <Peak1D F1="1.264831" intensity="8.375823e-003" type="0"/>
    <Peak1D F1="1.227175" intensity="1.691793e-002" type="0"/>
    <Peak1D F1="1.194986" intensity="1.878076e-002" type="0"/>
    <Peak1D F1="1.179391" intensity="2.713968e-002" type="0"/>
    <Peak1D F1="1.161626" intensity="9.458008e-003" type="0"/>
    <Peak1D F1="1.145896" intensity="5.091797e-003" type="0"/>
    <Peak1D F1="1.109224" intensity="3.144185e-003" type="0"/>
    <Peak1D F1="1.019787" intensity="1.532482e-003" type="0"/>
    <Peak1D F1="1.003744" intensity="1.534704e-003" type="0"/>
    <Peak1D F1="0.981153" intensity="1.456939e-003" type="0"/>
    <Peak1D F1="0.957119" intensity="1.436495e-003" type="0"/>
    <Peak1D F1="0.923767" intensity="1.249808e-003" type="0"/>
    <Peak1D F1="0.900885" intensity="1.412499e-003" type="0"/>
    <Peak1D F1="0.849467" intensity="1.360453e-003" type="0"/>
    <Peak1D F1="0.819425" intensity="4.025844e-003" type="0"/>
    <Peak1D F1="0.802560" intensity="8.873597e-003" type="0"/>
    <Peak1D F1="0.785448" intensity="4.976699e-003" type="0"/>
    <Peak1D F1="0.729661" intensity="1.576725e-003" type="0"/>
    <Peak1D F1="0.709288" intensity="9.396573e-004" type="0"/>
    <Peak1D F1="0.662803" intensity="9.877773e-004" type="0"/>
    <Peak1D F1="0.649037" intensity="9.283816e-004" type="0"/>
    <Peak1D F1="0.541530" intensity="9.832375e-004" type="0"/>
    <Peak1D F1="-0.000156" intensity="2.655724e-002" type="0"/>
    <Peak1D F1="-0.049477" intensity="1.030597e-003" type="0"/>
  </PeakList1D>
</PeakList>
