<?xml version="1.0" encoding="UTF-8"?>
<PeakList>
  <PeakList1D>
    <PeakList1DHeader creator="nmr" date="2021-08-02T21:05:29.676+03:00" expNo="20" name="ID-421-L" owner="" procNo="1" source="//132.72.8.180/400b/Milo/Milo">
      <PeakPickDetails>F1=16.099550ppm, F2=-3.929495ppm, MI=0.00cm, MAXI=10000.00cm, PC=1.000
      </PeakPickDetails>
    </PeakList1DHeader>
    <Peak1D F1="12.593973" intensity="4.530477e-003" type="0"/>
    <Peak1D F1="10.550889" intensity="4.506795e-003" type="0"/>
    <Peak1D F1="10.094270" intensity="3.029431e-002" type="0"/>
    <Peak1D F1="8.364402" intensity="5.773302e-003" type="0"/>
    <Peak1D F1="8.342490" intensity="2.585590e-002" type="0"/>
    <Peak1D F1="8.320543" intensity="2.315326e-002" type="0"/>
    <Peak1D F1="8.268827" intensity="7.482764e-003" type="0"/>
    <Peak1D F1="8.240732" intensity="2.418333e-002" type="0"/>
    <Peak1D F1="8.218402" intensity="3.889383e-002" type="0"/>
    <Peak1D F1="8.209459" intensity="6.994094e-002" type="0"/>
    <Peak1D F1="8.187235" intensity="8.425725e-002" type="0"/>
    <Peak1D F1="8.159277" intensity="1.680880e+000" type="0"/>
    <Peak1D F1="8.154488" intensity="7.679226e-001" type="0"/>
    <Peak1D F1="8.141804" intensity="6.225628e-001" type="0"/>
    <Peak1D F1="8.137428" intensity="1.798094e+000" type="0"/>
    <Peak1D F1="8.132057" intensity="4.804879e-001" type="0"/>
    <Peak1D F1="8.108438" intensity="5.983606e-002" type="0"/>
    <Peak1D F1="8.087616" intensity="3.128932e-002" type="0"/>
    <Peak1D F1="8.059038" intensity="5.009895e-003" type="0"/>
    <Peak1D F1="8.042219" intensity="6.734214e-003" type="0"/>
    <Peak1D F1="8.037075" intensity="5.028844e-003" type="0"/>
    <Peak1D F1="8.020264" intensity="2.877147e-002" type="0"/>
    <Peak1D F1="7.998713" intensity="4.714850e-002" type="0"/>
    <Peak1D F1="7.987811" intensity="4.658951e-002" type="0"/>
    <Peak1D F1="7.974822" intensity="8.121394e-002" type="0"/>
    <Peak1D F1="7.949200" intensity="7.396682e-003" type="0"/>
    <Peak1D F1="7.935445" intensity="6.069517e-003" type="0"/>
    <Peak1D F1="7.928670" intensity="6.769726e-003" type="0"/>
    <Peak1D F1="7.921713" intensity="6.685717e-003" type="0"/>
    <Peak1D F1="7.817561" intensity="5.250771e-003" type="0"/>
    <Peak1D F1="7.789423" intensity="4.975088e-003" type="0"/>
    <Peak1D F1="7.773535" intensity="5.591324e-003" type="0"/>
    <Peak1D F1="7.727970" intensity="2.132000e-002" type="0"/>
    <Peak1D F1="7.711921" intensity="1.481303e-002" type="0"/>
    <Peak1D F1="7.683787" intensity="1.095511e-002" type="0"/>
    <Peak1D F1="7.657262" intensity="1.276088e-002" type="0"/>
    <Peak1D F1="7.648966" intensity="1.514411e-002" type="0"/>
    <Peak1D F1="7.625593" intensity="1.616583e-002" type="0"/>
    <Peak1D F1="7.609098" intensity="2.980972e-002" type="0"/>
    <Peak1D F1="7.586435" intensity="3.677252e-002" type="0"/>
    <Peak1D F1="7.557620" intensity="2.376192e-002" type="0"/>
    <Peak1D F1="7.526529" intensity="5.777737e-002" type="0"/>
    <Peak1D F1="7.503677" intensity="1.366568e-001" type="0"/>
    <Peak1D F1="7.480825" intensity="1.663850e+000" type="0"/>
    <Peak1D F1="7.476126" intensity="5.804541e-001" type="0"/>
    <Peak1D F1="7.458850" intensity="1.635550e+000" type="0"/>
    <Peak1D F1="7.453443" intensity="3.602301e-001" type="0"/>
    <Peak1D F1="7.441126" intensity="2.085580e-001" type="0"/>
    <Peak1D F1="7.431201" intensity="4.037433e-002" type="0"/>
    <Peak1D F1="7.408880" intensity="3.309214e-002" type="0"/>
    <Peak1D F1="7.352265" intensity="1.036135e-001" type="0"/>
    <Peak1D F1="7.339380" intensity="9.607950e-002" type="0"/>
    <Peak1D F1="7.325594" intensity="2.325762e-002" type="0"/>
    <Peak1D F1="7.318478" intensity="2.096141e-002" type="0"/>
    <Peak1D F1="7.298779" intensity="1.964406e-002" type="0"/>
    <Peak1D F1="7.283411" intensity="3.228491e-002" type="0"/>
    <Peak1D F1="7.272695" intensity="5.037502e-002" type="0"/>
    <Peak1D F1="7.244425" intensity="4.070238e-001" type="0"/>
    <Peak1D F1="7.236979" intensity="1.749043e-001" type="0"/>
    <Peak1D F1="7.226248" intensity="1.881626e-001" type="0"/>
    <Peak1D F1="7.223571" intensity="1.766931e-001" type="0"/>
    <Peak1D F1="7.194533" intensity="2.269219e+001" type="0"/>
    <Peak1D F1="7.174764" intensity="5.149720e-002" type="0"/>
    <Peak1D F1="7.144398" intensity="3.683606e-001" type="0"/>
    <Peak1D F1="7.094015" intensity="1.008957e-002" type="0"/>
    <Peak1D F1="6.930524" intensity="1.212249e-001" type="0"/>
    <Peak1D F1="6.313719" intensity="1.062043e-002" type="0"/>
    <Peak1D F1="6.216894" intensity="6.351699e-003" type="0"/>
    <Peak1D F1="6.118218" intensity="9.780984e-002" type="0"/>
    <Peak1D F1="6.068523" intensity="3.685095e-002" type="0"/>
    <Peak1D F1="6.037245" intensity="1.703620e-002" type="0"/>
    <Peak1D F1="6.018621" intensity="2.139813e+000" type="0"/>
    <Peak1D F1="6.000476" intensity="7.839343e-003" type="0"/>
    <Peak1D F1="5.968499" intensity="3.325926e-002" type="0"/>
    <Peak1D F1="5.949612" intensity="1.265867e-002" type="0"/>
    <Peak1D F1="5.938632" intensity="1.341050e-002" type="0"/>
    <Peak1D F1="5.821935" intensity="9.269098e-003" type="0"/>
    <Peak1D F1="5.663677" intensity="6.802823e-003" type="0"/>
    <Peak1D F1="5.634930" intensity="5.436821e-003" type="0"/>
    <Peak1D F1="5.494918" intensity="6.414099e-003" type="0"/>
    <Peak1D F1="5.433630" intensity="5.373606e-003" type="0"/>
    <Peak1D F1="5.408294" intensity="5.210824e-003" type="0"/>
    <Peak1D F1="5.400270" intensity="5.261978e-003" type="0"/>
    <Peak1D F1="5.357062" intensity="1.056613e-001" type="0"/>
    <Peak1D F1="5.349842" intensity="1.037545e-001" type="0"/>
    <Peak1D F1="5.215623" intensity="7.539524e-003" type="0"/>
    <Peak1D F1="5.205429" intensity="4.798383e-003" type="0"/>
    <Peak1D F1="5.116987" intensity="5.656898e-003" type="0"/>
    <Peak1D F1="4.969640" intensity="7.665688e-003" type="0"/>
    <Peak1D F1="4.944912" intensity="7.173394e-003" type="0"/>
    <Peak1D F1="4.918997" intensity="7.666737e-003" type="0"/>
    <Peak1D F1="4.889569" intensity="1.008666e-002" type="0"/>
    <Peak1D F1="4.864374" intensity="1.270477e-002" type="0"/>
    <Peak1D F1="4.849932" intensity="1.341477e-002" type="0"/>
    <Peak1D F1="4.840226" intensity="2.572743e-002" type="0"/>
    <Peak1D F1="4.817347" intensity="2.818500e-002" type="0"/>
    <Peak1D F1="4.790638" intensity="8.774380e-001" type="0"/>
    <Peak1D F1="4.767834" intensity="8.965728e-001" type="0"/>
    <Peak1D F1="4.739336" intensity="3.871815e-002" type="0"/>
    <Peak1D F1="4.717241" intensity="4.407150e-002" type="0"/>
    <Peak1D F1="4.684479" intensity="3.537534e-002" type="0"/>
    <Peak1D F1="4.671953" intensity="3.689765e-002" type="0"/>
    <Peak1D F1="4.656300" intensity="3.784199e-002" type="0"/>
    <Peak1D F1="4.585191" intensity="2.730007e-002" type="0"/>
    <Peak1D F1="4.548583" intensity="1.956113e-002" type="0"/>
    <Peak1D F1="4.530911" intensity="1.695849e-002" type="0"/>
    <Peak1D F1="4.498417" intensity="1.349674e-002" type="0"/>
    <Peak1D F1="4.482892" intensity="1.300795e-002" type="0"/>
    <Peak1D F1="4.408936" intensity="8.240748e-003" type="0"/>
    <Peak1D F1="4.386570" intensity="7.887451e-003" type="0"/>
    <Peak1D F1="4.377317" intensity="7.438379e-003" type="0"/>
    <Peak1D F1="4.252404" intensity="5.115345e-003" type="0"/>
    <Peak1D F1="4.243052" intensity="4.978145e-003" type="0"/>
    <Peak1D F1="3.970669" intensity="6.038463e-003" type="0"/>
    <Peak1D F1="3.952288" intensity="6.623686e-003" type="0"/>
    <Peak1D F1="3.878582" intensity="3.364832e-002" type="0"/>
    <Peak1D F1="3.861842" intensity="6.264107e-003" type="0"/>
    <Peak1D F1="3.844399" intensity="7.984654e-002" type="0"/>
    <Peak1D F1="3.823562" intensity="4.879801e-002" type="0"/>
    <Peak1D F1="3.811737" intensity="3.218897e-001" type="0"/>
    <Peak1D F1="3.795490" intensity="9.128181e-003" type="0"/>
    <Peak1D F1="3.750995" intensity="1.160072e-001" type="0"/>
    <Peak1D F1="3.745483" intensity="1.740278e-001" type="0"/>
    <Peak1D F1="3.701135" intensity="6.577320e+000" type="0"/>
    <Peak1D F1="3.650972" intensity="1.072117e-001" type="0"/>
    <Peak1D F1="3.602087" intensity="6.196866e-003" type="0"/>
    <Peak1D F1="3.569337" intensity="4.595844e-003" type="0"/>
    <Peak1D F1="3.518839" intensity="3.568007e-002" type="0"/>
    <Peak1D F1="3.418592" intensity="2.059584e-002" type="0"/>
    <Peak1D F1="2.953150" intensity="7.452226e-003" type="0"/>
    <Peak1D F1="2.942360" intensity="1.504355e-002" type="0"/>
    <Peak1D F1="2.935467" intensity="1.456280e-002" type="0"/>
    <Peak1D F1="2.924419" intensity="6.688544e-003" type="0"/>
    <Peak1D F1="2.761597" intensity="7.232464e-003" type="0"/>
    <Peak1D F1="2.741638" intensity="6.861989e-003" type="0"/>
    <Peak1D F1="2.569863" intensity="4.625856e-003" type="0"/>
    <Peak1D F1="2.459409" intensity="1.589880e-002" type="0"/>
    <Peak1D F1="2.437546" intensity="1.511752e-001" type="0"/>
    <Peak1D F1="2.433024" intensity="1.773680e-001" type="0"/>
    <Peak1D F1="2.410950" intensity="5.294845e-001" type="0"/>
    <Peak1D F1="2.388406" intensity="2.612854e-001" type="0"/>
    <Peak1D F1="2.384726" intensity="2.311936e-001" type="0"/>
    <Peak1D F1="2.363742" intensity="3.008347e-001" type="0"/>
    <Peak1D F1="2.350709" intensity="2.219802e-001" type="0"/>
    <Peak1D F1="2.327300" intensity="3.715602e-001" type="0"/>
    <Peak1D F1="2.316676" intensity="2.596299e-001" type="0"/>
    <Peak1D F1="2.309510" intensity="6.605316e-001" type="0"/>
    <Peak1D F1="2.297645" intensity="3.084278e-001" type="0"/>
    <Peak1D F1="2.277596" intensity="1.906309e-001" type="0"/>
    <Peak1D F1="2.266044" intensity="5.945757e-002" type="0"/>
    <Peak1D F1="2.252225" intensity="3.096393e-001" type="0"/>
    <Peak1D F1="2.236850" intensity="9.664070e-002" type="0"/>
    <Peak1D F1="2.230079" intensity="3.439161e-001" type="0"/>
    <Peak1D F1="2.226046" intensity="3.388244e-001" type="0"/>
    <Peak1D F1="2.203403" intensity="4.381640e-001" type="0"/>
    <Peak1D F1="2.195760" intensity="8.983537e-002" type="0"/>
    <Peak1D F1="2.181958" intensity="2.446421e-001" type="0"/>
    <Peak1D F1="2.177150" intensity="2.436251e-001" type="0"/>
    <Peak1D F1="2.166406" intensity="1.458603e-001" type="0"/>
    <Peak1D F1="2.154783" intensity="3.512004e-001" type="0"/>
    <Peak1D F1="2.146646" intensity="3.782451e-001" type="0"/>
    <Peak1D F1="2.116553" intensity="4.525689e+000" type="0"/>
    <Peak1D F1="2.096885" intensity="1.447867e+001" type="0"/>
    <Peak1D F1="2.085169" intensity="3.824338e+000" type="0"/>
    <Peak1D F1="2.078048" intensity="7.236834e+000" type="0"/>
    <Peak1D F1="2.062528" intensity="4.110008e-001" type="0"/>
    <Peak1D F1="2.056779" intensity="3.586955e-001" type="0"/>
    <Peak1D F1="2.052757" intensity="3.634469e-001" type="0"/>
    <Peak1D F1="2.047169" intensity="4.001771e-001" type="0"/>
    <Peak1D F1="2.028342" intensity="1.830272e-001" type="0"/>
    <Peak1D F1="1.986984" intensity="1.841582e-001" type="0"/>
    <Peak1D F1="1.982305" intensity="1.571946e-001" type="0"/>
    <Peak1D F1="1.970287" intensity="2.102799e-001" type="0"/>
    <Peak1D F1="1.959752" intensity="3.973828e-001" type="0"/>
    <Peak1D F1="1.954596" intensity="3.576585e-001" type="0"/>
    <Peak1D F1="1.949726" intensity="3.998873e-001" type="0"/>
    <Peak1D F1="1.941954" intensity="6.174532e-001" type="0"/>
    <Peak1D F1="1.932886" intensity="7.869620e-001" type="0"/>
    <Peak1D F1="1.925907" intensity="8.891059e-001" type="0"/>
    <Peak1D F1="1.920906" intensity="8.874874e-001" type="0"/>
    <Peak1D F1="1.911091" intensity="7.249739e+000" type="0"/>
    <Peak1D F1="1.899912" intensity="6.033782e+000" type="0"/>
    <Peak1D F1="1.891455" intensity="1.500000e+001" type="0"/>
    <Peak1D F1="1.882804" intensity="5.340689e+000" type="0"/>
    <Peak1D F1="1.880933" intensity="5.402244e+000" type="0"/>
    <Peak1D F1="1.872055" intensity="4.717899e+000" type="0"/>
    <Peak1D F1="1.860128" intensity="5.975332e-001" type="0"/>
    <Peak1D F1="1.849787" intensity="3.598562e-001" type="0"/>
    <Peak1D F1="1.841575" intensity="3.439602e-001" type="0"/>
    <Peak1D F1="1.833808" intensity="1.646806e-001" type="0"/>
    <Peak1D F1="1.822143" intensity="1.308336e-001" type="0"/>
    <Peak1D F1="1.780246" intensity="4.939104e-002" type="0"/>
    <Peak1D F1="1.776045" intensity="4.852942e-002" type="0"/>
    <Peak1D F1="1.760473" intensity="6.165282e-002" type="0"/>
    <Peak1D F1="1.745331" intensity="1.251905e-001" type="0"/>
    <Peak1D F1="1.729756" intensity="1.490119e-001" type="0"/>
    <Peak1D F1="1.724453" intensity="1.792691e-001" type="0"/>
    <Peak1D F1="1.717539" intensity="1.646458e-001" type="0"/>
    <Peak1D F1="1.708583" intensity="1.963003e-001" type="0"/>
    <Peak1D F1="1.701729" intensity="2.775466e-001" type="0"/>
    <Peak1D F1="1.697674" intensity="2.456611e-001" type="0"/>
    <Peak1D F1="1.688559" intensity="2.108235e-001" type="0"/>
    <Peak1D F1="1.681611" intensity="6.138123e-001" type="0"/>
    <Peak1D F1="1.676504" intensity="3.452227e-001" type="0"/>
    <Peak1D F1="1.671677" intensity="3.793709e-001" type="0"/>
    <Peak1D F1="1.657828" intensity="5.403600e-001" type="0"/>
    <Peak1D F1="1.653590" intensity="4.605077e-001" type="0"/>
    <Peak1D F1="1.641801" intensity="3.271381e-001" type="0"/>
    <Peak1D F1="1.637455" intensity="3.639857e-001" type="0"/>
    <Peak1D F1="1.633109" intensity="2.936369e-001" type="0"/>
    <Peak1D F1="1.626429" intensity="1.647892e-001" type="0"/>
    <Peak1D F1="1.621459" intensity="1.875068e-001" type="0"/>
    <Peak1D F1="1.617534" intensity="1.828578e-001" type="0"/>
    <Peak1D F1="1.601480" intensity="7.492501e-002" type="0"/>
    <Peak1D F1="1.586825" intensity="7.343882e-002" type="0"/>
    <Peak1D F1="1.535129" intensity="1.759576e-001" type="0"/>
    <Peak1D F1="1.519973" intensity="1.347460e-001" type="0"/>
    <Peak1D F1="1.512623" intensity="1.513590e-001" type="0"/>
    <Peak1D F1="1.500885" intensity="2.830299e-001" type="0"/>
    <Peak1D F1="1.492814" intensity="1.133630e-001" type="0"/>
    <Peak1D F1="1.483446" intensity="3.425766e-001" type="0"/>
    <Peak1D F1="1.470696" intensity="2.418786e-001" type="0"/>
    <Peak1D F1="1.453760" intensity="2.415278e-001" type="0"/>
    <Peak1D F1="1.441917" intensity="6.331895e-002" type="0"/>
    <Peak1D F1="1.435818" intensity="8.203665e-002" type="0"/>
    <Peak1D F1="1.423924" intensity="8.811309e-002" type="0"/>
    <Peak1D F1="1.402759" intensity="3.189545e-002" type="0"/>
    <Peak1D F1="1.351705" intensity="2.277859e-002" type="0"/>
    <Peak1D F1="1.327683" intensity="2.403068e-002" type="0"/>
    <Peak1D F1="1.263534" intensity="3.416545e-002" type="0"/>
    <Peak1D F1="1.237957" intensity="5.272127e-002" type="0"/>
    <Peak1D F1="1.214330" intensity="5.510681e-002" type="0"/>
    <Peak1D F1="1.186415" intensity="1.530251e-001" type="0"/>
    <Peak1D F1="1.157233" intensity="2.019290e-002" type="0"/>
    <Peak1D F1="1.090864" intensity="9.404421e-003" type="0"/>
    <Peak1D F1="1.032328" intensity="1.061462e-002" type="0"/>
    <Peak1D F1="1.003643" intensity="8.946071e-003" type="0"/>
    <Peak1D F1="0.963658" intensity="8.158086e-003" type="0"/>
    <Peak1D F1="0.915932" intensity="6.622690e-003" type="0"/>
    <Peak1D F1="0.898738" intensity="6.649173e-003" type="0"/>
    <Peak1D F1="0.893288" intensity="6.697601e-003" type="0"/>
    <Peak1D F1="0.874605" intensity="7.445652e-003" type="0"/>
    <Peak1D F1="0.852737" intensity="8.936695e-003" type="0"/>
    <Peak1D F1="0.826486" intensity="2.548617e-002" type="0"/>
    <Peak1D F1="0.810806" intensity="4.235570e-002" type="0"/>
    <Peak1D F1="0.793881" intensity="2.514836e-002" type="0"/>
    <Peak1D F1="0.777788" intensity="1.873297e-002" type="0"/>
    <Peak1D F1="0.760660" intensity="1.798246e-002" type="0"/>
    <Peak1D F1="0.680285" intensity="5.702662e-003" type="0"/>
    <Peak1D F1="0.673878" intensity="5.065544e-003" type="0"/>
    <Peak1D F1="0.625262" intensity="4.870267e-003" type="0"/>
    <Peak1D F1="0.616729" intensity="4.896621e-003" type="0"/>
    <Peak1D F1="0.564786" intensity="5.207851e-003" type="0"/>
    <Peak1D F1="0.507392" intensity="5.748824e-003" type="0"/>
    <Peak1D F1="0.494595" intensity="5.648789e-003" type="0"/>
    <Peak1D F1="0.480117" intensity="4.667684e-003" type="0"/>
    <Peak1D F1="0.356071" intensity="6.180999e-003" type="0"/>
    <Peak1D F1="0.145436" intensity="6.273023e-003" type="0"/>
    <Peak1D F1="0.049692" intensity="7.915692e-003" type="0"/>
    <Peak1D F1="-0.000154" intensity="4.547506e-001" type="0"/>
    <Peak1D F1="-0.009629" intensity="1.763373e-002" type="0"/>
    <Peak1D F1="-0.023856" intensity="5.699983e-003" type="0"/>
    <Peak1D F1="-0.050376" intensity="8.564006e-003" type="0"/>
    <Peak1D F1="-2.755727" intensity="4.585422e-003" type="0"/>
    <Peak1D F1="-3.370534" intensity="4.997968e-003" type="0"/>
    <Peak1D F1="-3.486666" intensity="4.977408e-003" type="0"/>
    <Peak1D F1="-3.510219" intensity="5.563396e-003" type="0"/>
    <Peak1D F1="-3.595952" intensity="4.671054e-003" type="0"/>
    <Peak1D F1="-3.612853" intensity="5.183190e-003" type="0"/>
    <Peak1D F1="-3.690852" intensity="5.172446e-003" type="0"/>
    <Peak1D F1="-3.797903" intensity="4.796894e-003" type="0"/>
    <Peak1D F1="-3.858744" intensity="4.798754e-003" type="0"/>
  </PeakList1D>
</PeakList>
