<?xml version="1.0" encoding="UTF-8"?>
<PeakList>
  <PeakList1D>
    <PeakList1DHeader creator="nmr" date="2021-08-05T13:59:35.767+03:00" expNo="10" name="ID-422-C" owner="" procNo="1" source="//132.72.8.180/400b/Milo/Milo">
      <PeakPickDetails>F1=16.097759ppm, F2=-3.931286ppm, MI=0.00cm, MAXI=10000.00cm, PC=1.000
      </PeakPickDetails>
    </PeakList1DHeader>
    <Peak1D F1="15.436313" intensity="1.061032e-002" type="0"/>
    <Peak1D F1="13.179038" intensity="1.131044e-002" type="0"/>
    <Peak1D F1="12.699611" intensity="1.121709e-002" type="0"/>
    <Peak1D F1="12.583298" intensity="1.131116e-002" type="0"/>
    <Peak1D F1="11.972326" intensity="1.080507e-002" type="0"/>
    <Peak1D F1="10.720352" intensity="1.073828e-002" type="0"/>
    <Peak1D F1="10.094575" intensity="2.036097e-001" type="0"/>
    <Peak1D F1="9.858804" intensity="1.086757e-002" type="0"/>
    <Peak1D F1="8.343079" intensity="1.358636e-001" type="0"/>
    <Peak1D F1="8.321213" intensity="1.592490e-001" type="0"/>
    <Peak1D F1="8.244019" intensity="1.166875e-002" type="0"/>
    <Peak1D F1="8.210405" intensity="4.477541e-002" type="0"/>
    <Peak1D F1="8.187856" intensity="7.422087e-002" type="0"/>
    <Peak1D F1="8.181008" intensity="1.664637e-001" type="0"/>
    <Peak1D F1="8.175298" intensity="1.884636e-001" type="0"/>
    <Peak1D F1="8.167192" intensity="2.487065e-001" type="0"/>
    <Peak1D F1="8.160362" intensity="8.355210e-001" type="0"/>
    <Peak1D F1="8.155766" intensity="6.877939e-001" type="0"/>
    <Peak1D F1="8.143569" intensity="3.091127e-001" type="0"/>
    <Peak1D F1="8.138558" intensity="8.500733e-001" type="0"/>
    <Peak1D F1="8.133850" intensity="5.052420e-001" type="0"/>
    <Peak1D F1="8.110503" intensity="2.526162e-002" type="0"/>
    <Peak1D F1="8.089546" intensity="2.151504e-002" type="0"/>
    <Peak1D F1="8.025156" intensity="2.783390e-002" type="0"/>
    <Peak1D F1="8.020267" intensity="1.772950e-001" type="0"/>
    <Peak1D F1="8.015171" intensity="5.317044e-002" type="0"/>
    <Peak1D F1="8.003080" intensity="5.325347e-002" type="0"/>
    <Peak1D F1="7.998527" intensity="1.444326e-001" type="0"/>
    <Peak1D F1="7.780460" intensity="1.101320e-002" type="0"/>
    <Peak1D F1="7.698970" intensity="3.014443e-002" type="0"/>
    <Peak1D F1="7.680801" intensity="3.726660e-002" type="0"/>
    <Peak1D F1="7.662865" intensity="1.266820e-002" type="0"/>
    <Peak1D F1="7.618089" intensity="4.758659e-002" type="0"/>
    <Peak1D F1="7.609629" intensity="3.582807e-002" type="0"/>
    <Peak1D F1="7.597752" intensity="5.621424e-002" type="0"/>
    <Peak1D F1="7.588692" intensity="5.863097e-002" type="0"/>
    <Peak1D F1="7.571539" intensity="6.024107e-002" type="0"/>
    <Peak1D F1="7.549519" intensity="2.903914e-002" type="0"/>
    <Peak1D F1="7.530011" intensity="3.911746e-002" type="0"/>
    <Peak1D F1="7.504654" intensity="1.376637e-001" type="0"/>
    <Peak1D F1="7.493585" intensity="2.750056e-001" type="0"/>
    <Peak1D F1="7.480779" intensity="7.732071e-001" type="0"/>
    <Peak1D F1="7.475766" intensity="3.601013e-001" type="0"/>
    <Peak1D F1="7.471346" intensity="3.039142e-001" type="0"/>
    <Peak1D F1="7.462669" intensity="5.988917e-001" type="0"/>
    <Peak1D F1="7.458725" intensity="7.900596e-001" type="0"/>
    <Peak1D F1="7.451649" intensity="4.169808e-001" type="0"/>
    <Peak1D F1="7.445743" intensity="1.781683e-001" type="0"/>
    <Peak1D F1="7.440585" intensity="3.824100e-001" type="0"/>
    <Peak1D F1="7.435001" intensity="1.368667e-001" type="0"/>
    <Peak1D F1="7.415874" intensity="4.419031e-002" type="0"/>
    <Peak1D F1="7.366340" intensity="1.260611e-002" type="0"/>
    <Peak1D F1="7.325431" intensity="2.616842e-002" type="0"/>
    <Peak1D F1="7.292297" intensity="3.334801e-002" type="0"/>
    <Peak1D F1="7.275043" intensity="3.977988e-002" type="0"/>
    <Peak1D F1="7.242567" intensity="7.103057e-001" type="0"/>
    <Peak1D F1="7.220285" intensity="1.345735e-001" type="0"/>
    <Peak1D F1="7.192707" intensity="4.581991e+001" type="0"/>
    <Peak1D F1="7.156722" intensity="3.874972e-002" type="0"/>
    <Peak1D F1="7.142719" intensity="8.160495e-001" type="0"/>
    <Peak1D F1="7.117610" intensity="1.372187e-002" type="0"/>
    <Peak1D F1="7.091843" intensity="1.377548e-002" type="0"/>
    <Peak1D F1="6.928741" intensity="2.375303e-001" type="0"/>
    <Peak1D F1="6.313089" intensity="1.851738e-002" type="0"/>
    <Peak1D F1="6.118364" intensity="2.157354e-001" type="0"/>
    <Peak1D F1="6.068822" intensity="3.158036e-002" type="0"/>
    <Peak1D F1="6.019284" intensity="1.574756e+000" type="0"/>
    <Peak1D F1="5.969271" intensity="2.354865e-002" type="0"/>
    <Peak1D F1="5.500658" intensity="5.518571e-002" type="0"/>
    <Peak1D F1="5.494296" intensity="5.228663e-002" type="0"/>
    <Peak1D F1="5.477015" intensity="5.874465e-002" type="0"/>
    <Peak1D F1="5.470614" intensity="5.476216e-002" type="0"/>
    <Peak1D F1="5.409858" intensity="1.314831e-002" type="0"/>
    <Peak1D F1="5.358708" intensity="1.677937e-001" type="0"/>
    <Peak1D F1="5.351431" intensity="1.568024e-001" type="0"/>
    <Peak1D F1="5.174027" intensity="1.219136e-002" type="0"/>
    <Peak1D F1="4.852945" intensity="7.485740e-002" type="0"/>
    <Peak1D F1="4.830385" intensity="7.771916e-002" type="0"/>
    <Peak1D F1="4.788609" intensity="3.415909e-001" type="0"/>
    <Peak1D F1="4.765761" intensity="3.501177e-001" type="0"/>
    <Peak1D F1="4.739264" intensity="2.808879e-002" type="0"/>
    <Peak1D F1="4.711600" intensity="2.349101e-002" type="0"/>
    <Peak1D F1="4.680083" intensity="3.154552e-002" type="0"/>
    <Peak1D F1="4.608717" intensity="2.256176e-002" type="0"/>
    <Peak1D F1="4.450858" intensity="1.054354e-002" type="0"/>
    <Peak1D F1="3.879258" intensity="3.044400e-002" type="0"/>
    <Peak1D F1="3.862994" intensity="1.292455e-002" type="0"/>
    <Peak1D F1="3.844769" intensity="1.381264e-001" type="0"/>
    <Peak1D F1="3.824378" intensity="9.172755e-002" type="0"/>
    <Peak1D F1="3.812374" intensity="7.118380e-001" type="0"/>
    <Peak1D F1="3.805515" intensity="4.493333e-002" type="0"/>
    <Peak1D F1="3.751517" intensity="9.599310e-002" type="0"/>
    <Peak1D F1="3.745796" intensity="3.706486e-001" type="0"/>
    <Peak1D F1="3.701730" intensity="4.897222e+000" type="0"/>
    <Peak1D F1="3.658564" intensity="4.094709e-001" type="0"/>
    <Peak1D F1="3.651795" intensity="1.076302e-001" type="0"/>
    <Peak1D F1="3.637287" intensity="1.319414e-002" type="0"/>
    <Peak1D F1="3.608204" intensity="1.480687e-002" type="0"/>
    <Peak1D F1="3.593962" intensity="2.574311e-002" type="0"/>
    <Peak1D F1="3.562945" intensity="1.599096e-002" type="0"/>
    <Peak1D F1="3.529507" intensity="2.019636e-002" type="0"/>
    <Peak1D F1="3.519483" intensity="4.227443e-002" type="0"/>
    <Peak1D F1="3.510151" intensity="1.150595e-001" type="0"/>
    <Peak1D F1="3.494092" intensity="2.928745e-002" type="0"/>
    <Peak1D F1="3.469324" intensity="4.788555e-002" type="0"/>
    <Peak1D F1="3.445848" intensity="2.900192e-002" type="0"/>
    <Peak1D F1="3.419741" intensity="2.366973e+000" type="0"/>
    <Peak1D F1="3.407382" intensity="4.763179e-002" type="0"/>
    <Peak1D F1="3.369813" intensity="4.659042e-002" type="0"/>
    <Peak1D F1="3.315037" intensity="1.648475e-002" type="0"/>
    <Peak1D F1="3.302891" intensity="1.154787e-002" type="0"/>
    <Peak1D F1="3.279639" intensity="1.061197e-002" type="0"/>
    <Peak1D F1="3.242136" intensity="1.237360e-002" type="0"/>
    <Peak1D F1="2.936781" intensity="1.443154e-002" type="0"/>
    <Peak1D F1="2.625424" intensity="2.088860e-002" type="0"/>
    <Peak1D F1="2.599688" intensity="2.416182e-002" type="0"/>
    <Peak1D F1="2.583255" intensity="2.220494e-002" type="0"/>
    <Peak1D F1="2.571250" intensity="1.980123e-002" type="0"/>
    <Peak1D F1="2.550703" intensity="2.263360e-002" type="0"/>
    <Peak1D F1="2.536350" intensity="1.552775e-002" type="0"/>
    <Peak1D F1="2.521452" intensity="2.678463e-002" type="0"/>
    <Peak1D F1="2.497801" intensity="2.737628e-002" type="0"/>
    <Peak1D F1="2.476294" intensity="1.843409e-002" type="0"/>
    <Peak1D F1="2.444331" intensity="6.627903e-002" type="0"/>
    <Peak1D F1="2.435359" intensity="9.079942e-002" type="0"/>
    <Peak1D F1="2.417642" intensity="1.251477e-001" type="0"/>
    <Peak1D F1="2.390432" intensity="1.359267e-001" type="0"/>
    <Peak1D F1="2.381177" intensity="7.421511e-002" type="0"/>
    <Peak1D F1="2.365510" intensity="1.282063e-001" type="0"/>
    <Peak1D F1="2.346172" intensity="7.630279e-002" type="0"/>
    <Peak1D F1="2.325519" intensity="1.225658e-001" type="0"/>
    <Peak1D F1="2.319010" intensity="9.899700e-002" type="0"/>
    <Peak1D F1="2.315179" intensity="9.709400e-002" type="0"/>
    <Peak1D F1="2.306298" intensity="1.155792e-001" type="0"/>
    <Peak1D F1="2.296026" intensity="1.532446e-001" type="0"/>
    <Peak1D F1="2.276234" intensity="8.754659e-002" type="0"/>
    <Peak1D F1="2.254225" intensity="1.445140e-001" type="0"/>
    <Peak1D F1="2.231982" intensity="1.444580e-001" type="0"/>
    <Peak1D F1="2.227672" intensity="1.323559e-001" type="0"/>
    <Peak1D F1="2.205184" intensity="1.908569e-001" type="0"/>
    <Peak1D F1="2.183769" intensity="1.187070e-001" type="0"/>
    <Peak1D F1="2.179046" intensity="1.283776e-001" type="0"/>
    <Peak1D F1="2.156851" intensity="1.993210e-001" type="0"/>
    <Peak1D F1="2.146820" intensity="3.436535e-001" type="0"/>
    <Peak1D F1="2.134453" intensity="3.038982e-001" type="0"/>
    <Peak1D F1="2.116791" intensity="4.309391e+000" type="0"/>
    <Peak1D F1="2.108422" intensity="3.290693e+000" type="0"/>
    <Peak1D F1="2.106320" intensity="3.436674e+000" type="0"/>
    <Peak1D F1="2.097230" intensity="1.408336e+001" type="0"/>
    <Peak1D F1="2.085505" intensity="3.719876e+000" type="0"/>
    <Peak1D F1="2.078358" intensity="7.055663e+000" type="0"/>
    <Peak1D F1="2.070842" intensity="1.023731e+000" type="0"/>
    <Peak1D F1="2.062358" intensity="4.153668e-001" type="0"/>
    <Peak1D F1="2.057031" intensity="3.455962e-001" type="0"/>
    <Peak1D F1="2.053297" intensity="3.419335e-001" type="0"/>
    <Peak1D F1="2.047511" intensity="4.045298e-001" type="0"/>
    <Peak1D F1="2.040338" intensity="2.538740e-001" type="0"/>
    <Peak1D F1="2.028749" intensity="1.917124e-001" type="0"/>
    <Peak1D F1="1.988785" intensity="1.164669e-001" type="0"/>
    <Peak1D F1="1.972053" intensity="1.583393e-001" type="0"/>
    <Peak1D F1="1.960627" intensity="2.941078e-001" type="0"/>
    <Peak1D F1="1.951262" intensity="3.027762e-001" type="0"/>
    <Peak1D F1="1.941616" intensity="4.621131e-001" type="0"/>
    <Peak1D F1="1.933188" intensity="6.463159e-001" type="0"/>
    <Peak1D F1="1.929936" intensity="6.312314e-001" type="0"/>
    <Peak1D F1="1.926106" intensity="8.631514e-001" type="0"/>
    <Peak1D F1="1.921444" intensity="8.289027e-001" type="0"/>
    <Peak1D F1="1.911306" intensity="7.065726e+000" type="0"/>
    <Peak1D F1="1.900026" intensity="5.677038e+000" type="0"/>
    <Peak1D F1="1.891618" intensity="1.500000e+001" type="0"/>
    <Peak1D F1="1.882935" intensity="4.991068e+000" type="0"/>
    <Peak1D F1="1.880664" intensity="5.282866e+000" type="0"/>
    <Peak1D F1="1.872189" intensity="4.582337e+000" type="0"/>
    <Peak1D F1="1.860299" intensity="5.858131e-001" type="0"/>
    <Peak1D F1="1.849963" intensity="3.506165e-001" type="0"/>
    <Peak1D F1="1.841778" intensity="3.502337e-001" type="0"/>
    <Peak1D F1="1.831002" intensity="1.639758e-001" type="0"/>
    <Peak1D F1="1.822780" intensity="1.255395e-001" type="0"/>
    <Peak1D F1="1.792820" intensity="4.153746e-002" type="0"/>
    <Peak1D F1="1.772375" intensity="4.115453e-002" type="0"/>
    <Peak1D F1="1.760414" intensity="4.940913e-002" type="0"/>
    <Peak1D F1="1.742417" intensity="8.057405e-002" type="0"/>
    <Peak1D F1="1.730436" intensity="8.087068e-002" type="0"/>
    <Peak1D F1="1.724696" intensity="1.258363e-001" type="0"/>
    <Peak1D F1="1.717995" intensity="8.340207e-002" type="0"/>
    <Peak1D F1="1.708744" intensity="1.172036e-001" type="0"/>
    <Peak1D F1="1.702287" intensity="1.499028e-001" type="0"/>
    <Peak1D F1="1.697472" intensity="1.296985e-001" type="0"/>
    <Peak1D F1="1.689200" intensity="1.454964e-001" type="0"/>
    <Peak1D F1="1.681045" intensity="2.970661e-001" type="0"/>
    <Peak1D F1="1.667285" intensity="2.134358e-001" type="0"/>
    <Peak1D F1="1.656383" intensity="2.713081e-001" type="0"/>
    <Peak1D F1="1.651436" intensity="2.503362e-001" type="0"/>
    <Peak1D F1="1.644828" intensity="2.017082e-001" type="0"/>
    <Peak1D F1="1.640740" intensity="2.128119e-001" type="0"/>
    <Peak1D F1="1.636400" intensity="2.062140e-001" type="0"/>
    <Peak1D F1="1.632407" intensity="1.984251e-001" type="0"/>
    <Peak1D F1="1.602693" intensity="8.163929e-002" type="0"/>
    <Peak1D F1="1.577333" intensity="6.929697e-002" type="0"/>
    <Peak1D F1="1.569607" intensity="6.686431e-002" type="0"/>
    <Peak1D F1="1.546943" intensity="8.682869e-002" type="0"/>
    <Peak1D F1="1.534669" intensity="1.344644e-001" type="0"/>
    <Peak1D F1="1.518850" intensity="1.441296e-001" type="0"/>
    <Peak1D F1="1.512435" intensity="1.539091e-001" type="0"/>
    <Peak1D F1="1.500596" intensity="2.230511e-001" type="0"/>
    <Peak1D F1="1.482720" intensity="2.809321e-001" type="0"/>
    <Peak1D F1="1.470007" intensity="2.552671e-001" type="0"/>
    <Peak1D F1="1.453713" intensity="2.592834e-001" type="0"/>
    <Peak1D F1="1.434902" intensity="1.748108e-001" type="0"/>
    <Peak1D F1="1.423193" intensity="1.553111e-001" type="0"/>
    <Peak1D F1="1.368806" intensity="5.851011e-002" type="0"/>
    <Peak1D F1="1.273620" intensity="2.886241e-002" type="0"/>
    <Peak1D F1="1.217054" intensity="3.440352e-002" type="0"/>
    <Peak1D F1="1.186297" intensity="6.818705e-002" type="0"/>
    <Peak1D F1="1.156267" intensity="2.057906e-002" type="0"/>
    <Peak1D F1="1.106465" intensity="1.733548e-002" type="0"/>
    <Peak1D F1="1.100531" intensity="1.353949e-002" type="0"/>
    <Peak1D F1="1.091067" intensity="1.447627e-002" type="0"/>
    <Peak1D F1="1.075303" intensity="1.091533e-002" type="0"/>
    <Peak1D F1="0.986214" intensity="1.252809e-002" type="0"/>
    <Peak1D F1="0.968409" intensity="1.092823e-002" type="0"/>
    <Peak1D F1="0.952565" intensity="1.141001e-002" type="0"/>
    <Peak1D F1="0.876872" intensity="1.293382e-002" type="0"/>
    <Peak1D F1="0.853431" intensity="1.088233e-002" type="0"/>
    <Peak1D F1="0.827847" intensity="1.569408e-002" type="0"/>
    <Peak1D F1="0.811204" intensity="1.983534e-002" type="0"/>
    <Peak1D F1="0.790092" intensity="1.613939e-002" type="0"/>
    <Peak1D F1="0.777385" intensity="1.593272e-002" type="0"/>
    <Peak1D F1="0.767162" intensity="1.728307e-002" type="0"/>
    <Peak1D F1="0.745848" intensity="1.448212e-002" type="0"/>
    <Peak1D F1="0.616168" intensity="1.162766e-002" type="0"/>
    <Peak1D F1="0.606354" intensity="1.302573e-002" type="0"/>
    <Peak1D F1="0.561874" intensity="1.281875e-002" type="0"/>
    <Peak1D F1="0.079874" intensity="1.076704e-002" type="0"/>
    <Peak1D F1="0.048943" intensity="1.073676e-002" type="0"/>
    <Peak1D F1="0.008853" intensity="3.788533e-002" type="0"/>
    <Peak1D F1="-0.000151" intensity="7.580310e-001" type="0"/>
    <Peak1D F1="-0.009652" intensity="3.653095e-002" type="0"/>
    <Peak1D F1="-0.024831" intensity="1.233764e-002" type="0"/>
    <Peak1D F1="-0.049545" intensity="1.563015e-002" type="0"/>
    <Peak1D F1="-2.956746" intensity="1.199058e-002" type="0"/>
    <Peak1D F1="-3.377897" intensity="1.082645e-002" type="0"/>
    <Peak1D F1="-3.512708" intensity="1.079870e-002" type="0"/>
    <Peak1D F1="-3.596773" intensity="1.077653e-002" type="0"/>
    <Peak1D F1="-3.692431" intensity="1.053402e-002" type="0"/>
  </PeakList1D>
</PeakList>
