<?xml version="1.0" encoding="UTF-8"?>
<PeakList>
  <PeakList1D>
    <PeakList1DHeader creator="nmr" date="2021-08-21T21:06:01.649+03:00" expNo="10" name="ID-427-D-21.8.21" owner="" procNo="1" source="//132.72.8.180/400b/Milo/Milo">
      <PeakPickDetails>F1=16.135599ppm, F2=-3.893447ppm, MI=0.00cm, MAXI=10000.00cm, PC=1.000
      </PeakPickDetails>
    </PeakList1DHeader>
    <Peak1D F1="16.009184" intensity="1.083350e-003" type="0"/>
    <Peak1D F1="11.923509" intensity="1.575326e-003" type="0"/>
    <Peak1D F1="11.691309" intensity="1.091884e-003" type="0"/>
    <Peak1D F1="10.087501" intensity="1.644203e-003" type="0"/>
    <Peak1D F1="8.395932" intensity="2.662020e-003" type="0"/>
    <Peak1D F1="8.372740" intensity="2.100314e-003" type="0"/>
    <Peak1D F1="8.352351" intensity="4.866113e-003" type="0"/>
    <Peak1D F1="8.333225" intensity="7.272824e-003" type="0"/>
    <Peak1D F1="8.243289" intensity="4.128988e-002" type="0"/>
    <Peak1D F1="8.236494" intensity="5.739314e-002" type="0"/>
    <Peak1D F1="8.221171" intensity="1.322126e-001" type="0"/>
    <Peak1D F1="8.204515" intensity="2.382607e-001" type="0"/>
    <Peak1D F1="8.198725" intensity="2.760718e-001" type="0"/>
    <Peak1D F1="8.183348" intensity="2.966360e-001" type="0"/>
    <Peak1D F1="8.176643" intensity="2.327675e-001" type="0"/>
    <Peak1D F1="8.169189" intensity="1.545362e-001" type="0"/>
    <Peak1D F1="8.166213" intensity="1.528051e-001" type="0"/>
    <Peak1D F1="8.160920" intensity="1.494006e-001" type="0"/>
    <Peak1D F1="8.148233" intensity="5.448447e-001" type="0"/>
    <Peak1D F1="8.140401" intensity="7.730139e-001" type="0"/>
    <Peak1D F1="8.135452" intensity="5.968187e-001" type="0"/>
    <Peak1D F1="8.126854" intensity="9.859935e-001" type="0"/>
    <Peak1D F1="8.123481" intensity="9.544531e-001" type="0"/>
    <Peak1D F1="8.118597" intensity="1.023341e+000" type="0"/>
    <Peak1D F1="8.110057" intensity="6.163037e-001" type="0"/>
    <Peak1D F1="8.101360" intensity="4.407962e-001" type="0"/>
    <Peak1D F1="8.078278" intensity="4.417026e-002" type="0"/>
    <Peak1D F1="8.068432" intensity="2.803937e-002" type="0"/>
    <Peak1D F1="7.910841" intensity="6.200602e-003" type="0"/>
    <Peak1D F1="7.903721" intensity="5.498477e-003" type="0"/>
    <Peak1D F1="7.824886" intensity="6.088679e-002" type="0"/>
    <Peak1D F1="7.812500" intensity="8.358581e-002" type="0"/>
    <Peak1D F1="7.803831" intensity="9.544749e-002" type="0"/>
    <Peak1D F1="7.737380" intensity="2.159217e-002" type="0"/>
    <Peak1D F1="7.722628" intensity="2.749174e-002" type="0"/>
    <Peak1D F1="7.701613" intensity="1.884692e-002" type="0"/>
    <Peak1D F1="7.689939" intensity="6.249186e-002" type="0"/>
    <Peak1D F1="7.679993" intensity="4.804451e-002" type="0"/>
    <Peak1D F1="7.672639" intensity="5.790263e-002" type="0"/>
    <Peak1D F1="7.667612" intensity="6.957228e-002" type="0"/>
    <Peak1D F1="7.662080" intensity="6.885304e-002" type="0"/>
    <Peak1D F1="7.642795" intensity="9.609526e-002" type="0"/>
    <Peak1D F1="7.633075" intensity="1.694090e-001" type="0"/>
    <Peak1D F1="7.612727" intensity="3.512417e-001" type="0"/>
    <Peak1D F1="7.601968" intensity="2.049416e-001" type="0"/>
    <Peak1D F1="7.594959" intensity="1.959438e-001" type="0"/>
    <Peak1D F1="7.590078" intensity="2.046255e-001" type="0"/>
    <Peak1D F1="7.584448" intensity="1.293015e-001" type="0"/>
    <Peak1D F1="7.567857" intensity="8.453243e-002" type="0"/>
    <Peak1D F1="7.562363" intensity="7.705466e-002" type="0"/>
    <Peak1D F1="7.549848" intensity="1.008758e-001" type="0"/>
    <Peak1D F1="7.528062" intensity="9.139690e-002" type="0"/>
    <Peak1D F1="7.517176" intensity="1.028879e-001" type="0"/>
    <Peak1D F1="7.511243" intensity="1.208285e-001" type="0"/>
    <Peak1D F1="7.507658" intensity="1.167776e-001" type="0"/>
    <Peak1D F1="7.501264" intensity="1.283073e-001" type="0"/>
    <Peak1D F1="7.485165" intensity="6.732894e-001" type="0"/>
    <Peak1D F1="7.479444" intensity="1.062449e+000" type="0"/>
    <Peak1D F1="7.474452" intensity="8.722041e-001" type="0"/>
    <Peak1D F1="7.468145" intensity="8.340682e-001" type="0"/>
    <Peak1D F1="7.463603" intensity="9.348031e-001" type="0"/>
    <Peak1D F1="7.458020" intensity="9.935329e-001" type="0"/>
    <Peak1D F1="7.452609" intensity="7.161719e-001" type="0"/>
    <Peak1D F1="7.446513" intensity="5.536137e-001" type="0"/>
    <Peak1D F1="7.413706" intensity="2.753373e-002" type="0"/>
    <Peak1D F1="7.401549" intensity="1.822411e-002" type="0"/>
    <Peak1D F1="7.396261" intensity="1.822302e-002" type="0"/>
    <Peak1D F1="7.370530" intensity="9.558181e-003" type="0"/>
    <Peak1D F1="7.361491" intensity="9.134347e-003" type="0"/>
    <Peak1D F1="7.335272" intensity="1.184089e-002" type="0"/>
    <Peak1D F1="7.317615" intensity="1.048211e-001" type="0"/>
    <Peak1D F1="7.310652" intensity="1.224466e-001" type="0"/>
    <Peak1D F1="7.303335" intensity="1.023856e-001" type="0"/>
    <Peak1D F1="7.294820" intensity="8.386703e-002" type="0"/>
    <Peak1D F1="7.279824" intensity="3.927234e-001" type="0"/>
    <Peak1D F1="7.267259" intensity="7.862738e-002" type="0"/>
    <Peak1D F1="7.231038" intensity="1.858642e+001" type="0"/>
    <Peak1D F1="7.204663" intensity="3.865473e-002" type="0"/>
    <Peak1D F1="7.197592" intensity="4.684255e-002" type="0"/>
    <Peak1D F1="7.179852" intensity="4.152344e-001" type="0"/>
    <Peak1D F1="7.160807" intensity="9.724977e-002" type="0"/>
    <Peak1D F1="7.135761" intensity="1.201246e-001" type="0"/>
    <Peak1D F1="7.127026" intensity="1.247037e-001" type="0"/>
    <Peak1D F1="7.116279" intensity="1.431550e-001" type="0"/>
    <Peak1D F1="7.053678" intensity="6.967300e-003" type="0"/>
    <Peak1D F1="7.037695" intensity="7.444944e-003" type="0"/>
    <Peak1D F1="7.016418" intensity="3.013247e-003" type="0"/>
    <Peak1D F1="6.966205" intensity="1.039613e-001" type="0"/>
    <Peak1D F1="6.915839" intensity="4.846852e-003" type="0"/>
    <Peak1D F1="6.678140" intensity="2.026120e-003" type="0"/>
    <Peak1D F1="6.663579" intensity="2.553392e-003" type="0"/>
    <Peak1D F1="6.323720" intensity="2.948098e-003" type="0"/>
    <Peak1D F1="6.202917" intensity="3.222571e-003" type="0"/>
    <Peak1D F1="6.192086" intensity="1.854216e-003" type="0"/>
    <Peak1D F1="6.119925" intensity="2.454281e-002" type="0"/>
    <Peak1D F1="6.113771" intensity="3.312537e-002" type="0"/>
    <Peak1D F1="6.101222" intensity="1.468368e-002" type="0"/>
    <Peak1D F1="6.061713" intensity="3.982791e-002" type="0"/>
    <Peak1D F1="6.054817" intensity="4.046511e-002" type="0"/>
    <Peak1D F1="6.038675" intensity="2.538382e-002" type="0"/>
    <Peak1D F1="6.012361" intensity="9.574964e-001" type="0"/>
    <Peak1D F1="6.004754" intensity="1.175882e+000" type="0"/>
    <Peak1D F1="5.997533" intensity="4.090043e-001" type="0"/>
    <Peak1D F1="5.994821" intensity="4.264977e-001" type="0"/>
    <Peak1D F1="5.988691" intensity="6.268777e-001" type="0"/>
    <Peak1D F1="5.962270" intensity="3.101082e-002" type="0"/>
    <Peak1D F1="5.955041" intensity="2.288319e-002" type="0"/>
    <Peak1D F1="5.938718" intensity="1.248254e-002" type="0"/>
    <Peak1D F1="5.802577" intensity="3.245707e-002" type="0"/>
    <Peak1D F1="5.797593" intensity="3.220407e-002" type="0"/>
    <Peak1D F1="5.750465" intensity="1.557481e-002" type="0"/>
    <Peak1D F1="5.671981" intensity="1.579794e-003" type="0"/>
    <Peak1D F1="5.649587" intensity="1.972789e-002" type="0"/>
    <Peak1D F1="5.622993" intensity="1.984103e-002" type="0"/>
    <Peak1D F1="5.613259" intensity="9.878301e-003" type="0"/>
    <Peak1D F1="5.522766" intensity="1.343366e-003" type="0"/>
    <Peak1D F1="5.503029" intensity="2.009424e-003" type="0"/>
    <Peak1D F1="5.470572" intensity="2.979652e-002" type="0"/>
    <Peak1D F1="5.452514" intensity="1.602832e-002" type="0"/>
    <Peak1D F1="5.435012" intensity="6.352288e-003" type="0"/>
    <Peak1D F1="5.393197" intensity="1.482746e-002" type="0"/>
    <Peak1D F1="5.377553" intensity="1.003853e-002" type="0"/>
    <Peak1D F1="5.342865" intensity="2.176916e-001" type="0"/>
    <Peak1D F1="5.336162" intensity="1.731440e-001" type="0"/>
    <Peak1D F1="5.328833" intensity="1.208794e-001" type="0"/>
    <Peak1D F1="5.293404" intensity="2.573085e-003" type="0"/>
    <Peak1D F1="5.276887" intensity="1.783775e-003" type="0"/>
    <Peak1D F1="5.127733" intensity="3.688170e-003" type="0"/>
    <Peak1D F1="5.109032" intensity="3.835887e-003" type="0"/>
    <Peak1D F1="4.999352" intensity="1.985548e-003" type="0"/>
    <Peak1D F1="4.977040" intensity="1.888861e-003" type="0"/>
    <Peak1D F1="4.927158" intensity="2.916483e-003" type="0"/>
    <Peak1D F1="4.906138" intensity="6.861217e-003" type="0"/>
    <Peak1D F1="4.888821" intensity="5.386460e-003" type="0"/>
    <Peak1D F1="4.868418" intensity="1.931646e-002" type="0"/>
    <Peak1D F1="4.846635" intensity="3.832491e-002" type="0"/>
    <Peak1D F1="4.819507" intensity="7.201968e-001" type="0"/>
    <Peak1D F1="4.797512" intensity="7.290017e-001" type="0"/>
    <Peak1D F1="4.767893" intensity="1.107981e-002" type="0"/>
    <Peak1D F1="4.746399" intensity="1.032304e-002" type="0"/>
    <Peak1D F1="4.635659" intensity="2.553821e-003" type="0"/>
    <Peak1D F1="4.612825" intensity="2.579776e-003" type="0"/>
    <Peak1D F1="4.067572" intensity="1.312064e-003" type="0"/>
    <Peak1D F1="4.017908" intensity="3.022734e-003" type="0"/>
    <Peak1D F1="3.979474" intensity="3.490074e-003" type="0"/>
    <Peak1D F1="3.874675" intensity="1.968851e-002" type="0"/>
    <Peak1D F1="3.867400" intensity="2.478786e-002" type="0"/>
    <Peak1D F1="3.851985" intensity="1.725207e-002" type="0"/>
    <Peak1D F1="3.845404" intensity="2.588623e-002" type="0"/>
    <Peak1D F1="3.838855" intensity="2.971356e-002" type="0"/>
    <Peak1D F1="3.825367" intensity="1.757706e-002" type="0"/>
    <Peak1D F1="3.808127" intensity="9.142030e-002" type="0"/>
    <Peak1D F1="3.800972" intensity="9.653264e-002" type="0"/>
    <Peak1D F1="3.791702" intensity="4.247545e-002" type="0"/>
    <Peak1D F1="3.785766" intensity="4.515881e-002" type="0"/>
    <Peak1D F1="3.746177" intensity="1.218966e-001" type="0"/>
    <Peak1D F1="3.739444" intensity="1.095669e-001" type="0"/>
    <Peak1D F1="3.724699" intensity="1.005139e-001" type="0"/>
    <Peak1D F1="3.697347" intensity="2.925774e+000" type="0"/>
    <Peak1D F1="3.690001" intensity="3.802115e+000" type="0"/>
    <Peak1D F1="3.683149" intensity="1.283810e+000" type="0"/>
    <Peak1D F1="3.680377" intensity="1.349121e+000" type="0"/>
    <Peak1D F1="3.674634" intensity="2.025091e+000" type="0"/>
    <Peak1D F1="3.647506" intensity="8.832064e-002" type="0"/>
    <Peak1D F1="3.639963" intensity="6.873700e-002" type="0"/>
    <Peak1D F1="3.630394" intensity="4.243100e-002" type="0"/>
    <Peak1D F1="3.624625" intensity="6.387327e-002" type="0"/>
    <Peak1D F1="3.605274" intensity="1.841466e-002" type="0"/>
    <Peak1D F1="3.593125" intensity="1.723438e-002" type="0"/>
    <Peak1D F1="3.541925" intensity="1.948725e-002" type="0"/>
    <Peak1D F1="3.514863" intensity="3.689861e-002" type="0"/>
    <Peak1D F1="3.507708" intensity="4.237609e-002" type="0"/>
    <Peak1D F1="3.492420" intensity="3.469943e-002" type="0"/>
    <Peak1D F1="3.434963" intensity="3.738020e-002" type="0"/>
    <Peak1D F1="3.236414" intensity="7.029138e-002" type="0"/>
    <Peak1D F1="3.199765" intensity="7.029153e-002" type="0"/>
    <Peak1D F1="3.185466" intensity="7.045114e-002" type="0"/>
    <Peak1D F1="3.170653" intensity="6.975474e-002" type="0"/>
    <Peak1D F1="3.134337" intensity="1.400525e-001" type="0"/>
    <Peak1D F1="2.991347" intensity="4.148756e-002" type="0"/>
    <Peak1D F1="2.959392" intensity="9.822004e-002" type="0"/>
    <Peak1D F1="2.947384" intensity="1.315086e-001" type="0"/>
    <Peak1D F1="2.941347" intensity="1.774201e-001" type="0"/>
    <Peak1D F1="2.934849" intensity="1.512188e-001" type="0"/>
    <Peak1D F1="2.930104" intensity="1.420038e-001" type="0"/>
    <Peak1D F1="2.923374" intensity="1.417695e-001" type="0"/>
    <Peak1D F1="2.834075" intensity="2.168045e-002" type="0"/>
    <Peak1D F1="2.804930" intensity="2.434739e-002" type="0"/>
    <Peak1D F1="2.785724" intensity="2.389990e-002" type="0"/>
    <Peak1D F1="2.764211" intensity="3.069454e-002" type="0"/>
    <Peak1D F1="2.744724" intensity="3.261740e-002" type="0"/>
    <Peak1D F1="2.728296" intensity="2.305219e-002" type="0"/>
    <Peak1D F1="2.682891" intensity="1.159243e-002" type="0"/>
    <Peak1D F1="2.651287" intensity="1.091480e-002" type="0"/>
    <Peak1D F1="2.627016" intensity="1.129080e-002" type="0"/>
    <Peak1D F1="2.620356" intensity="1.205205e-002" type="0"/>
    <Peak1D F1="2.599655" intensity="1.228883e-002" type="0"/>
    <Peak1D F1="2.582992" intensity="1.194094e-002" type="0"/>
    <Peak1D F1="2.547593" intensity="2.705767e-002" type="0"/>
    <Peak1D F1="2.490960" intensity="1.874235e-002" type="0"/>
    <Peak1D F1="2.445782" intensity="3.256875e-002" type="0"/>
    <Peak1D F1="2.406944" intensity="1.934226e-001" type="0"/>
    <Peak1D F1="2.400491" intensity="2.339267e-001" type="0"/>
    <Peak1D F1="2.387588" intensity="3.604297e-001" type="0"/>
    <Peak1D F1="2.380708" intensity="3.674366e-001" type="0"/>
    <Peak1D F1="2.368602" intensity="4.696664e-001" type="0"/>
    <Peak1D F1="2.361455" intensity="4.130545e-001" type="0"/>
    <Peak1D F1="2.354353" intensity="5.381237e-001" type="0"/>
    <Peak1D F1="2.345232" intensity="5.734526e-001" type="0"/>
    <Peak1D F1="2.333997" intensity="5.831060e-001" type="0"/>
    <Peak1D F1="2.324960" intensity="5.748645e-001" type="0"/>
    <Peak1D F1="2.312608" intensity="3.333438e-001" type="0"/>
    <Peak1D F1="2.300090" intensity="4.740519e-001" type="0"/>
    <Peak1D F1="2.291576" intensity="4.148160e-001" type="0"/>
    <Peak1D F1="2.275144" intensity="2.675671e-001" type="0"/>
    <Peak1D F1="2.253214" intensity="1.505580e-001" type="0"/>
    <Peak1D F1="2.247541" intensity="1.470622e-001" type="0"/>
    <Peak1D F1="2.232100" intensity="1.653239e-001" type="0"/>
    <Peak1D F1="2.222162" intensity="1.334868e-001" type="0"/>
    <Peak1D F1="2.209074" intensity="1.817715e-001" type="0"/>
    <Peak1D F1="2.205144" intensity="1.989038e-001" type="0"/>
    <Peak1D F1="2.200449" intensity="2.022739e-001" type="0"/>
    <Peak1D F1="2.195651" intensity="1.857966e-001" type="0"/>
    <Peak1D F1="2.183189" intensity="2.738543e-001" type="0"/>
    <Peak1D F1="2.173854" intensity="2.668170e-001" type="0"/>
    <Peak1D F1="2.139882" intensity="5.823473e-001" type="0"/>
    <Peak1D F1="2.135335" intensity="6.369353e-001" type="0"/>
    <Peak1D F1="2.105006" intensity="5.524402e+000" type="0"/>
    <Peak1D F1="2.092049" intensity="1.273083e+001" type="0"/>
    <Peak1D F1="2.085942" intensity="1.387872e+001" type="0"/>
    <Peak1D F1="2.074387" intensity="1.160495e+001" type="0"/>
    <Peak1D F1="2.071093" intensity="1.090620e+001" type="0"/>
    <Peak1D F1="2.054120" intensity="3.342099e+000" type="0"/>
    <Peak1D F1="2.023911" intensity="5.128322e-001" type="0"/>
    <Peak1D F1="2.002601" intensity="2.710469e-001" type="0"/>
    <Peak1D F1="1.983446" intensity="2.068181e-001" type="0"/>
    <Peak1D F1="1.973231" intensity="2.614067e-001" type="0"/>
    <Peak1D F1="1.942275" intensity="8.090730e-001" type="0"/>
    <Peak1D F1="1.920660" intensity="1.661152e+000" type="0"/>
    <Peak1D F1="1.910296" intensity="5.054193e+000" type="0"/>
    <Peak1D F1="1.904660" intensity="7.680552e+000" type="0"/>
    <Peak1D F1="1.892409" intensity="1.449818e+001" type="0"/>
    <Peak1D F1="1.885669" intensity="1.500000e+001" type="0"/>
    <Peak1D F1="1.877351" intensity="1.013124e+001" type="0"/>
    <Peak1D F1="1.874164" intensity="1.070992e+001" type="0"/>
    <Peak1D F1="1.873138" intensity="1.064160e+001" type="0"/>
    <Peak1D F1="1.854856" intensity="2.450441e+000" type="0"/>
    <Peak1D F1="1.843121" intensity="7.634599e-001" type="0"/>
    <Peak1D F1="1.822512" intensity="3.195959e-001" type="0"/>
    <Peak1D F1="1.781219" intensity="6.598976e-002" type="0"/>
    <Peak1D F1="1.754820" intensity="7.208874e-002" type="0"/>
    <Peak1D F1="1.740730" intensity="1.145621e-001" type="0"/>
    <Peak1D F1="1.735776" intensity="1.071027e-001" type="0"/>
    <Peak1D F1="1.724160" intensity="1.691438e-001" type="0"/>
    <Peak1D F1="1.718635" intensity="1.859820e-001" type="0"/>
    <Peak1D F1="1.701419" intensity="3.360604e-001" type="0"/>
    <Peak1D F1="1.696941" intensity="3.571164e-001" type="0"/>
    <Peak1D F1="1.692936" intensity="3.534044e-001" type="0"/>
    <Peak1D F1="1.676690" intensity="5.606977e-001" type="0"/>
    <Peak1D F1="1.672626" intensity="5.315108e-001" type="0"/>
    <Peak1D F1="1.659512" intensity="4.741523e-001" type="0"/>
    <Peak1D F1="1.655980" intensity="4.703069e-001" type="0"/>
    <Peak1D F1="1.653130" intensity="4.663495e-001" type="0"/>
    <Peak1D F1="1.620332" intensity="1.922416e-001" type="0"/>
    <Peak1D F1="1.568058" intensity="4.398581e-002" type="0"/>
    <Peak1D F1="1.547252" intensity="6.340221e-002" type="0"/>
    <Peak1D F1="1.541560" intensity="7.232242e-002" type="0"/>
    <Peak1D F1="1.527607" intensity="1.248720e-001" type="0"/>
    <Peak1D F1="1.512726" intensity="1.936398e-001" type="0"/>
    <Peak1D F1="1.509269" intensity="2.045653e-001" type="0"/>
    <Peak1D F1="1.502171" intensity="1.732710e-001" type="0"/>
    <Peak1D F1="1.491008" intensity="2.143054e-001" type="0"/>
    <Peak1D F1="1.480866" intensity="2.137562e-001" type="0"/>
    <Peak1D F1="1.472099" intensity="1.395891e-001" type="0"/>
    <Peak1D F1="1.463530" intensity="1.657362e-001" type="0"/>
    <Peak1D F1="1.435788" intensity="4.686901e-002" type="0"/>
    <Peak1D F1="1.398142" intensity="1.397080e-002" type="0"/>
    <Peak1D F1="1.351483" intensity="2.310585e-002" type="0"/>
    <Peak1D F1="1.328584" intensity="2.679226e-002" type="0"/>
    <Peak1D F1="1.279872" intensity="1.450957e-002" type="0"/>
    <Peak1D F1="1.273102" intensity="1.395985e-002" type="0"/>
    <Peak1D F1="1.187007" intensity="1.121307e-001" type="0"/>
    <Peak1D F1="1.156074" intensity="3.214342e-002" type="0"/>
    <Peak1D F1="1.138467" intensity="1.795503e-002" type="0"/>
    <Peak1D F1="1.073107" intensity="3.669363e-003" type="0"/>
    <Peak1D F1="1.058796" intensity="3.766190e-003" type="0"/>
    <Peak1D F1="1.038320" intensity="4.789136e-003" type="0"/>
    <Peak1D F1="1.024175" intensity="5.028266e-003" type="0"/>
    <Peak1D F1="1.006291" intensity="3.684574e-003" type="0"/>
    <Peak1D F1="0.944921" intensity="2.633089e-003" type="0"/>
    <Peak1D F1="0.820978" intensity="4.476801e-002" type="0"/>
    <Peak1D F1="0.810956" intensity="8.714028e-002" type="0"/>
    <Peak1D F1="0.804464" intensity="1.009452e-001" type="0"/>
    <Peak1D F1="0.790288" intensity="7.186693e-002" type="0"/>
    <Peak1D F1="0.726844" intensity="2.293190e-003" type="0"/>
    <Peak1D F1="0.664064" intensity="1.231324e-003" type="0"/>
    <Peak1D F1="0.655054" intensity="1.315977e-003" type="0"/>
    <Peak1D F1="0.502663" intensity="1.235841e-003" type="0"/>
    <Peak1D F1="0.050991" intensity="1.241792e-003" type="0"/>
    <Peak1D F1="0.005504" intensity="3.878091e-002" type="0"/>
    <Peak1D F1="-0.000157" intensity="5.455371e-002" type="0"/>
    <Peak1D F1="-0.010574" intensity="2.390455e-002" type="0"/>
    <Peak1D F1="-0.049969" intensity="1.256656e-003" type="0"/>
    <Peak1D F1="-2.621572" intensity="1.072654e-003" type="0"/>
  </PeakList1D>
</PeakList>
