<?xml version="1.0" encoding="UTF-8"?>
<PeakList>
  <PeakList1D>
    <PeakList1DHeader creator="nmr" date="2021-08-11T14:43:56.497+03:00" expNo="10" name="ID-427-A-11.8.21" owner="" procNo="1" source="//132.72.8.180/400b/Milo/Milo">
      <PeakPickDetails>F1=16.145069ppm, F2=-3.883977ppm, MI=0.00cm, MAXI=10000.00cm, PC=1.000
      </PeakPickDetails>
    </PeakList1DHeader>
    <Peak1D F1="12.843839" intensity="1.391135e-003" type="0"/>
    <Peak1D F1="11.932628" intensity="1.592372e-003" type="0"/>
    <Peak1D F1="11.555987" intensity="1.295272e-003" type="0"/>
    <Peak1D F1="11.377234" intensity="1.248608e-003" type="0"/>
    <Peak1D F1="11.021152" intensity="1.374262e-003" type="0"/>
    <Peak1D F1="10.107458" intensity="1.248370e-003" type="0"/>
    <Peak1D F1="10.086481" intensity="2.518437e-002" type="0"/>
    <Peak1D F1="10.081185" intensity="4.265586e-002" type="0"/>
    <Peak1D F1="10.035231" intensity="1.287176e-003" type="0"/>
    <Peak1D F1="8.409288" intensity="1.339242e-003" type="0"/>
    <Peak1D F1="8.328153" intensity="2.474255e-002" type="0"/>
    <Peak1D F1="8.322411" intensity="3.792905e-002" type="0"/>
    <Peak1D F1="8.318810" intensity="3.597106e-002" type="0"/>
    <Peak1D F1="8.306147" intensity="3.015568e-002" type="0"/>
    <Peak1D F1="8.300973" intensity="3.980560e-002" type="0"/>
    <Peak1D F1="8.297237" intensity="2.752322e-002" type="0"/>
    <Peak1D F1="8.234031" intensity="6.920336e-002" type="0"/>
    <Peak1D F1="8.229577" intensity="6.983968e-002" type="0"/>
    <Peak1D F1="8.225183" intensity="5.257379e-002" type="0"/>
    <Peak1D F1="8.212108" intensity="9.334825e-002" type="0"/>
    <Peak1D F1="8.207653" intensity="7.918025e-002" type="0"/>
    <Peak1D F1="8.200397" intensity="7.220934e-002" type="0"/>
    <Peak1D F1="8.194891" intensity="1.021520e-001" type="0"/>
    <Peak1D F1="8.190780" intensity="9.584508e-002" type="0"/>
    <Peak1D F1="8.186859" intensity="9.198947e-002" type="0"/>
    <Peak1D F1="8.173216" intensity="1.135551e-001" type="0"/>
    <Peak1D F1="8.169627" intensity="1.032672e-001" type="0"/>
    <Peak1D F1="8.164866" intensity="9.814657e-002" type="0"/>
    <Peak1D F1="8.157857" intensity="8.412224e-002" type="0"/>
    <Peak1D F1="8.152821" intensity="8.614642e-002" type="0"/>
    <Peak1D F1="8.135985" intensity="1.153753e+000" type="0"/>
    <Peak1D F1="8.129763" intensity="1.897042e+000" type="0"/>
    <Peak1D F1="8.125183" intensity="1.692366e+000" type="0"/>
    <Peak1D F1="8.119814" intensity="9.933614e-001" type="0"/>
    <Peak1D F1="8.114080" intensity="1.549900e+000" type="0"/>
    <Peak1D F1="8.107713" intensity="2.192470e+000" type="0"/>
    <Peak1D F1="8.103728" intensity="1.436639e+000" type="0"/>
    <Peak1D F1="8.097954" intensity="5.482336e-001" type="0"/>
    <Peak1D F1="8.080452" intensity="5.917881e-002" type="0"/>
    <Peak1D F1="8.075520" intensity="4.811094e-002" type="0"/>
    <Peak1D F1="8.063582" intensity="5.314619e-002" type="0"/>
    <Peak1D F1="8.057734" intensity="5.391306e-002" type="0"/>
    <Peak1D F1="8.053362" intensity="5.697688e-002" type="0"/>
    <Peak1D F1="8.023039" intensity="8.531116e-002" type="0"/>
    <Peak1D F1="8.018354" intensity="9.205321e-002" type="0"/>
    <Peak1D F1="8.005789" intensity="5.458840e-002" type="0"/>
    <Peak1D F1="8.001196" intensity="5.816106e-002" type="0"/>
    <Peak1D F1="7.996210" intensity="5.314313e-002" type="0"/>
    <Peak1D F1="7.956644" intensity="4.147243e-002" type="0"/>
    <Peak1D F1="7.937661" intensity="4.643260e-002" type="0"/>
    <Peak1D F1="7.905538" intensity="1.044669e-001" type="0"/>
    <Peak1D F1="7.885436" intensity="2.316208e-001" type="0"/>
    <Peak1D F1="7.864634" intensity="1.870512e-001" type="0"/>
    <Peak1D F1="7.843378" intensity="5.670268e-002" type="0"/>
    <Peak1D F1="7.814773" intensity="6.967486e-003" type="0"/>
    <Peak1D F1="7.730896" intensity="3.943429e-003" type="0"/>
    <Peak1D F1="7.681231" intensity="1.810214e-002" type="0"/>
    <Peak1D F1="7.676149" intensity="1.802097e-002" type="0"/>
    <Peak1D F1="7.648732" intensity="3.204773e-002" type="0"/>
    <Peak1D F1="7.633423" intensity="6.429914e-002" type="0"/>
    <Peak1D F1="7.609270" intensity="1.361455e-001" type="0"/>
    <Peak1D F1="7.586939" intensity="1.418674e-001" type="0"/>
    <Peak1D F1="7.558056" intensity="1.769051e-001" type="0"/>
    <Peak1D F1="7.554346" intensity="1.761834e-001" type="0"/>
    <Peak1D F1="7.531520" intensity="3.238115e-001" type="0"/>
    <Peak1D F1="7.524714" intensity="2.407666e-001" type="0"/>
    <Peak1D F1="7.518310" intensity="2.662632e-001" type="0"/>
    <Peak1D F1="7.502286" intensity="2.163143e-001" type="0"/>
    <Peak1D F1="7.500200" intensity="2.168099e-001" type="0"/>
    <Peak1D F1="7.498088" intensity="2.137756e-001" type="0"/>
    <Peak1D F1="7.479810" intensity="1.370120e+000" type="0"/>
    <Peak1D F1="7.474940" intensity="2.366461e+000" type="0"/>
    <Peak1D F1="7.462792" intensity="5.995932e-001" type="0"/>
    <Peak1D F1="7.457778" intensity="1.576729e+000" type="0"/>
    <Peak1D F1="7.453891" intensity="2.029945e+000" type="0"/>
    <Peak1D F1="7.452826" intensity="2.074308e+000" type="0"/>
    <Peak1D F1="7.429562" intensity="6.488054e-002" type="0"/>
    <Peak1D F1="7.425026" intensity="6.463043e-002" type="0"/>
    <Peak1D F1="7.407419" intensity="4.846766e-002" type="0"/>
    <Peak1D F1="7.402698" intensity="4.498189e-002" type="0"/>
    <Peak1D F1="7.386057" intensity="1.815533e-002" type="0"/>
    <Peak1D F1="7.363152" intensity="1.424093e-002" type="0"/>
    <Peak1D F1="7.332994" intensity="1.030998e-002" type="0"/>
    <Peak1D F1="7.307773" intensity="1.592936e-002" type="0"/>
    <Peak1D F1="7.300410" intensity="1.843694e-002" type="0"/>
    <Peak1D F1="7.288965" intensity="4.031039e-002" type="0"/>
    <Peak1D F1="7.267582" intensity="1.992350e-002" type="0"/>
    <Peak1D F1="7.239773" intensity="1.929675e+000" type="0"/>
    <Peak1D F1="7.189590" intensity="3.182004e-002" type="0"/>
    <Peak1D F1="7.160323" intensity="4.006469e-003" type="0"/>
    <Peak1D F1="7.139778" intensity="3.998532e-003" type="0"/>
    <Peak1D F1="7.122434" intensity="2.467107e-003" type="0"/>
    <Peak1D F1="7.024416" intensity="1.344764e-003" type="0"/>
    <Peak1D F1="6.974924" intensity="9.181776e-003" type="0"/>
    <Peak1D F1="6.851644" intensity="4.335445e-003" type="0"/>
    <Peak1D F1="6.832917" intensity="3.560623e-003" type="0"/>
    <Peak1D F1="6.553858" intensity="1.740747e-003" type="0"/>
    <Peak1D F1="6.544555" intensity="1.432618e-003" type="0"/>
    <Peak1D F1="6.393790" intensity="7.906222e-003" type="0"/>
    <Peak1D F1="6.317667" intensity="8.547076e-003" type="0"/>
    <Peak1D F1="6.202612" intensity="1.150961e-002" type="0"/>
    <Peak1D F1="6.197255" intensity="1.301157e-002" type="0"/>
    <Peak1D F1="6.192620" intensity="1.078817e-002" type="0"/>
    <Peak1D F1="6.115759" intensity="7.687561e-003" type="0"/>
    <Peak1D F1="6.111674" intensity="8.936680e-003" type="0"/>
    <Peak1D F1="6.075702" intensity="3.632514e-002" type="0"/>
    <Peak1D F1="6.054791" intensity="5.208772e-002" type="0"/>
    <Peak1D F1="6.048331" intensity="4.247070e-002" type="0"/>
    <Peak1D F1="6.044353" intensity="3.711179e-002" type="0"/>
    <Peak1D F1="6.004363" intensity="1.629916e+000" type="0"/>
    <Peak1D F1="5.998363" intensity="2.934820e+000" type="0"/>
    <Peak1D F1="5.994604" intensity="1.828341e+000" type="0"/>
    <Peak1D F1="5.953852" intensity="9.075988e-002" type="0"/>
    <Peak1D F1="5.948553" intensity="5.400127e-002" type="0"/>
    <Peak1D F1="5.944090" intensity="6.636280e-002" type="0"/>
    <Peak1D F1="5.913398" intensity="1.313419e-003" type="0"/>
    <Peak1D F1="5.905817" intensity="1.785609e-003" type="0"/>
    <Peak1D F1="5.860461" intensity="1.061623e-002" type="0"/>
    <Peak1D F1="5.813365" intensity="2.063718e-002" type="0"/>
    <Peak1D F1="5.804592" intensity="2.151947e-002" type="0"/>
    <Peak1D F1="5.796877" intensity="9.914372e-003" type="0"/>
    <Peak1D F1="5.792752" intensity="6.337028e-003" type="0"/>
    <Peak1D F1="5.680504" intensity="8.797129e-003" type="0"/>
    <Peak1D F1="5.653678" intensity="8.570649e-003" type="0"/>
    <Peak1D F1="5.563062" intensity="3.958632e-003" type="0"/>
    <Peak1D F1="5.496396" intensity="4.098130e-003" type="0"/>
    <Peak1D F1="5.444057" intensity="6.282916e-002" type="0"/>
    <Peak1D F1="5.378388" intensity="9.609420e-003" type="0"/>
    <Peak1D F1="5.328918" intensity="1.678730e-001" type="0"/>
    <Peak1D F1="5.279222" intensity="2.193531e-003" type="0"/>
    <Peak1D F1="5.204345" intensity="3.039920e-003" type="0"/>
    <Peak1D F1="5.188985" intensity="3.657521e-003" type="0"/>
    <Peak1D F1="5.001088" intensity="5.834642e-003" type="0"/>
    <Peak1D F1="4.979039" intensity="7.110368e-003" type="0"/>
    <Peak1D F1="4.932395" intensity="2.803911e-002" type="0"/>
    <Peak1D F1="4.904208" intensity="3.362251e-002" type="0"/>
    <Peak1D F1="4.884199" intensity="1.107568e-002" type="0"/>
    <Peak1D F1="4.871010" intensity="3.335602e-002" type="0"/>
    <Peak1D F1="4.849716" intensity="4.200835e-002" type="0"/>
    <Peak1D F1="4.821496" intensity="1.459730e+000" type="0"/>
    <Peak1D F1="4.799697" intensity="1.491292e+000" type="0"/>
    <Peak1D F1="4.771346" intensity="4.859766e-002" type="0"/>
    <Peak1D F1="4.749334" intensity="7.051419e-002" type="0"/>
    <Peak1D F1="4.707522" intensity="7.004507e-001" type="0"/>
    <Peak1D F1="4.638056" intensity="2.249754e-002" type="0"/>
    <Peak1D F1="4.615653" intensity="1.865745e-002" type="0"/>
    <Peak1D F1="4.591115" intensity="9.868428e-003" type="0"/>
    <Peak1D F1="3.949225" intensity="2.122116e-003" type="0"/>
    <Peak1D F1="3.944978" intensity="2.315032e-003" type="0"/>
    <Peak1D F1="3.924969" intensity="1.451543e-003" type="0"/>
    <Peak1D F1="3.866561" intensity="2.397923e-002" type="0"/>
    <Peak1D F1="3.860746" intensity="4.386287e-002" type="0"/>
    <Peak1D F1="3.857302" intensity="2.686560e-002" type="0"/>
    <Peak1D F1="3.833692" intensity="1.443648e-003" type="0"/>
    <Peak1D F1="3.794059" intensity="1.860682e-002" type="0"/>
    <Peak1D F1="3.790442" intensity="1.622009e-002" type="0"/>
    <Peak1D F1="3.783980" intensity="1.025171e-002" type="0"/>
    <Peak1D F1="3.780835" intensity="7.143793e-003" type="0"/>
    <Peak1D F1="3.739537" intensity="1.611940e-001" type="0"/>
    <Peak1D F1="3.733321" intensity="1.365196e-001" type="0"/>
    <Peak1D F1="3.729714" intensity="1.148125e-001" type="0"/>
    <Peak1D F1="3.689146" intensity="4.968761e+000" type="0"/>
    <Peak1D F1="3.683332" intensity="8.869941e+000" type="0"/>
    <Peak1D F1="3.679760" intensity="5.467579e+000" type="0"/>
    <Peak1D F1="3.657492" intensity="2.557908e-002" type="0"/>
    <Peak1D F1="3.649765" intensity="2.403371e-002" type="0"/>
    <Peak1D F1="3.638670" intensity="1.260292e-001" type="0"/>
    <Peak1D F1="3.633455" intensity="1.073945e-001" type="0"/>
    <Peak1D F1="3.630091" intensity="9.039610e-002" type="0"/>
    <Peak1D F1="3.590033" intensity="4.384615e-003" type="0"/>
    <Peak1D F1="3.583858" intensity="5.052266e-003" type="0"/>
    <Peak1D F1="3.506888" intensity="2.825069e-002" type="0"/>
    <Peak1D F1="3.501091" intensity="4.900680e-002" type="0"/>
    <Peak1D F1="3.497520" intensity="3.314112e-002" type="0"/>
    <Peak1D F1="3.405985" intensity="2.272550e-002" type="0"/>
    <Peak1D F1="2.954148" intensity="1.114285e-002" type="0"/>
    <Peak1D F1="2.935306" intensity="1.749087e-002" type="0"/>
    <Peak1D F1="2.930786" intensity="1.622554e-002" type="0"/>
    <Peak1D F1="2.917549" intensity="1.273102e-002" type="0"/>
    <Peak1D F1="2.833327" intensity="8.887960e-003" type="0"/>
    <Peak1D F1="2.788671" intensity="1.249682e-002" type="0"/>
    <Peak1D F1="2.777482" intensity="1.326280e-002" type="0"/>
    <Peak1D F1="2.761945" intensity="1.929893e-002" type="0"/>
    <Peak1D F1="2.752431" intensity="1.886829e-002" type="0"/>
    <Peak1D F1="2.729770" intensity="1.298597e-002" type="0"/>
    <Peak1D F1="2.709164" intensity="8.397644e-003" type="0"/>
    <Peak1D F1="2.694551" intensity="5.381039e-003" type="0"/>
    <Peak1D F1="2.683689" intensity="5.469840e-003" type="0"/>
    <Peak1D F1="2.655010" intensity="6.000652e-003" type="0"/>
    <Peak1D F1="2.632977" intensity="6.555612e-003" type="0"/>
    <Peak1D F1="2.612273" intensity="5.501716e-003" type="0"/>
    <Peak1D F1="2.605114" intensity="5.427480e-003" type="0"/>
    <Peak1D F1="2.590721" intensity="7.284298e-003" type="0"/>
    <Peak1D F1="2.568668" intensity="1.297848e-002" type="0"/>
    <Peak1D F1="2.542677" intensity="1.769214e-002" type="0"/>
    <Peak1D F1="2.520741" intensity="1.444610e-002" type="0"/>
    <Peak1D F1="2.516479" intensity="1.459750e-002" type="0"/>
    <Peak1D F1="2.477522" intensity="1.463549e-002" type="0"/>
    <Peak1D F1="2.452426" intensity="2.642336e-002" type="0"/>
    <Peak1D F1="2.427908" intensity="3.248347e-002" type="0"/>
    <Peak1D F1="2.395340" intensity="2.976710e-001" type="0"/>
    <Peak1D F1="2.389914" intensity="2.817136e-001" type="0"/>
    <Peak1D F1="2.378089" intensity="5.445417e-001" type="0"/>
    <Peak1D F1="2.375532" intensity="5.566865e-001" type="0"/>
    <Peak1D F1="2.370018" intensity="3.764393e-001" type="0"/>
    <Peak1D F1="2.356649" intensity="7.531556e-001" type="0"/>
    <Peak1D F1="2.354350" intensity="7.652733e-001" type="0"/>
    <Peak1D F1="2.348197" intensity="8.450868e-001" type="0"/>
    <Peak1D F1="2.336344" intensity="7.183520e-001" type="0"/>
    <Peak1D F1="2.326731" intensity="9.805936e-001" type="0"/>
    <Peak1D F1="2.306308" intensity="3.810700e-001" type="0"/>
    <Peak1D F1="2.277621" intensity="9.978893e-002" type="0"/>
    <Peak1D F1="2.272719" intensity="9.526223e-002" type="0"/>
    <Peak1D F1="2.257051" intensity="1.287011e-001" type="0"/>
    <Peak1D F1="2.253305" intensity="1.276540e-001" type="0"/>
    <Peak1D F1="2.246032" intensity="1.248877e-001" type="0"/>
    <Peak1D F1="2.243145" intensity="1.233864e-001" type="0"/>
    <Peak1D F1="2.237512" intensity="1.358671e-001" type="0"/>
    <Peak1D F1="2.228914" intensity="1.077634e-001" type="0"/>
    <Peak1D F1="2.218080" intensity="2.167658e-001" type="0"/>
    <Peak1D F1="2.210386" intensity="2.803249e-001" type="0"/>
    <Peak1D F1="2.204983" intensity="2.547266e-001" type="0"/>
    <Peak1D F1="2.187962" intensity="4.619885e-001" type="0"/>
    <Peak1D F1="2.183463" intensity="5.055267e-001" type="0"/>
    <Peak1D F1="2.169362" intensity="3.873966e-001" type="0"/>
    <Peak1D F1="2.161649" intensity="5.407190e-001" type="0"/>
    <Peak1D F1="2.156242" intensity="4.589725e-001" type="0"/>
    <Peak1D F1="2.134626" intensity="7.408544e-001" type="0"/>
    <Peak1D F1="2.128838" intensity="6.676372e-001" type="0"/>
    <Peak1D F1="2.124220" intensity="6.817637e-001" type="0"/>
    <Peak1D F1="2.120190" intensity="7.070005e-001" type="0"/>
    <Peak1D F1="2.097476" intensity="5.875779e+000" type="0"/>
    <Peak1D F1="2.095364" intensity="6.388911e+000" type="0"/>
    <Peak1D F1="2.093915" intensity="6.297750e+000" type="0"/>
    <Peak1D F1="2.090011" intensity="6.352759e+000" type="0"/>
    <Peak1D F1="2.083999" intensity="1.148860e+001" type="0"/>
    <Peak1D F1="2.078106" intensity="1.469178e+001" type="0"/>
    <Peak1D F1="2.076137" intensity="1.316681e+001" type="0"/>
    <Peak1D F1="2.074891" intensity="1.314100e+001" type="0"/>
    <Peak1D F1="2.066309" intensity="7.506495e+000" type="0"/>
    <Peak1D F1="2.061769" intensity="6.639808e+000" type="0"/>
    <Peak1D F1="2.059751" intensity="7.306134e+000" type="0"/>
    <Peak1D F1="2.058741" intensity="7.144818e+000" type="0"/>
    <Peak1D F1="2.039022" intensity="6.673085e-001" type="0"/>
    <Peak1D F1="2.034568" intensity="6.925838e-001" type="0"/>
    <Peak1D F1="2.032494" intensity="6.608487e-001" type="0"/>
    <Peak1D F1="2.029356" intensity="5.975809e-001" type="0"/>
    <Peak1D F1="2.015805" intensity="3.159100e-001" type="0"/>
    <Peak1D F1="2.009972" intensity="2.752478e-001" type="0"/>
    <Peak1D F1="1.999270" intensity="1.727191e-001" type="0"/>
    <Peak1D F1="1.987980" intensity="1.920475e-001" type="0"/>
    <Peak1D F1="1.973238" intensity="2.305910e-001" type="0"/>
    <Peak1D F1="1.955316" intensity="5.526671e-001" type="0"/>
    <Peak1D F1="1.946647" intensity="6.470630e-001" type="0"/>
    <Peak1D F1="1.935376" intensity="8.815457e-001" type="0"/>
    <Peak1D F1="1.927502" intensity="1.199278e+000" type="0"/>
    <Peak1D F1="1.918363" intensity="1.561933e+000" type="0"/>
    <Peak1D F1="1.915424" intensity="1.845541e+000" type="0"/>
    <Peak1D F1="1.911524" intensity="1.880291e+000" type="0"/>
    <Peak1D F1="1.904986" intensity="4.872380e+000" type="0"/>
    <Peak1D F1="1.899335" intensity="8.262536e+000" type="0"/>
    <Peak1D F1="1.897401" intensity="8.681476e+000" type="0"/>
    <Peak1D F1="1.893684" intensity="7.562673e+000" type="0"/>
    <Peak1D F1="1.885886" intensity="1.292326e+001" type="0"/>
    <Peak1D F1="1.880551" intensity="1.500000e+001" type="0"/>
    <Peak1D F1="1.877984" intensity="1.289042e+001" type="0"/>
    <Peak1D F1="1.869333" intensity="7.610397e+000" type="0"/>
    <Peak1D F1="1.860402" intensity="4.889905e+000" type="0"/>
    <Peak1D F1="1.849115" intensity="8.571554e-001" type="0"/>
    <Peak1D F1="1.847371" intensity="8.775240e-001" type="0"/>
    <Peak1D F1="1.839443" intensity="5.420862e-001" type="0"/>
    <Peak1D F1="1.837823" intensity="5.288485e-001" type="0"/>
    <Peak1D F1="1.835785" intensity="5.620267e-001" type="0"/>
    <Peak1D F1="1.828457" intensity="3.936647e-001" type="0"/>
    <Peak1D F1="1.819448" intensity="2.354940e-001" type="0"/>
    <Peak1D F1="1.816996" intensity="2.254562e-001" type="0"/>
    <Peak1D F1="1.786638" intensity="9.796382e-002" type="0"/>
    <Peak1D F1="1.747812" intensity="8.895244e-002" type="0"/>
    <Peak1D F1="1.735059" intensity="1.604272e-001" type="0"/>
    <Peak1D F1="1.732139" intensity="1.615142e-001" type="0"/>
    <Peak1D F1="1.724845" intensity="1.646636e-001" type="0"/>
    <Peak1D F1="1.719086" intensity="3.164515e-001" type="0"/>
    <Peak1D F1="1.713740" intensity="3.583254e-001" type="0"/>
    <Peak1D F1="1.698377" intensity="6.990860e-001" type="0"/>
    <Peak1D F1="1.693416" intensity="6.518228e-001" type="0"/>
    <Peak1D F1="1.690121" intensity="5.531383e-001" type="0"/>
    <Peak1D F1="1.676109" intensity="1.015721e+000" type="0"/>
    <Peak1D F1="1.659880" intensity="7.218763e-001" type="0"/>
    <Peak1D F1="1.655013" intensity="7.141913e-001" type="0"/>
    <Peak1D F1="1.647199" intensity="4.742578e-001" type="0"/>
    <Peak1D F1="1.644235" intensity="5.057718e-001" type="0"/>
    <Peak1D F1="1.641060" intensity="4.338009e-001" type="0"/>
    <Peak1D F1="1.628666" intensity="2.989643e-001" type="0"/>
    <Peak1D F1="1.623208" intensity="2.324289e-001" type="0"/>
    <Peak1D F1="1.612628" intensity="1.635027e-001" type="0"/>
    <Peak1D F1="1.607832" intensity="1.836070e-001" type="0"/>
    <Peak1D F1="1.586461" intensity="6.431270e-002" type="0"/>
    <Peak1D F1="1.571230" intensity="5.659093e-002" type="0"/>
    <Peak1D F1="1.556677" intensity="6.942280e-002" type="0"/>
    <Peak1D F1="1.540180" intensity="1.277966e-001" type="0"/>
    <Peak1D F1="1.529843" intensity="2.110430e-001" type="0"/>
    <Peak1D F1="1.525791" intensity="2.135154e-001" type="0"/>
    <Peak1D F1="1.507104" intensity="4.066144e-001" type="0"/>
    <Peak1D F1="1.491345" intensity="4.037350e-001" type="0"/>
    <Peak1D F1="1.478534" intensity="3.711361e-001" type="0"/>
    <Peak1D F1="1.460243" intensity="3.435558e-001" type="0"/>
    <Peak1D F1="1.442978" intensity="1.067085e-001" type="0"/>
    <Peak1D F1="1.440552" intensity="1.088297e-001" type="0"/>
    <Peak1D F1="1.430606" intensity="7.864609e-002" type="0"/>
    <Peak1D F1="1.426583" intensity="8.535280e-002" type="0"/>
    <Peak1D F1="1.396311" intensity="2.584169e-002" type="0"/>
    <Peak1D F1="1.381253" intensity="2.477470e-002" type="0"/>
    <Peak1D F1="1.347723" intensity="1.544424e-002" type="0"/>
    <Peak1D F1="1.329976" intensity="1.180413e-002" type="0"/>
    <Peak1D F1="1.300396" intensity="9.970332e-003" type="0"/>
    <Peak1D F1="1.220452" intensity="2.152821e-002" type="0"/>
    <Peak1D F1="1.177692" intensity="4.522557e-002" type="0"/>
    <Peak1D F1="1.144153" intensity="9.672164e-003" type="0"/>
    <Peak1D F1="1.075480" intensity="3.584009e-003" type="0"/>
    <Peak1D F1="1.051173" intensity="3.612731e-003" type="0"/>
    <Peak1D F1="1.045885" intensity="3.633604e-003" type="0"/>
    <Peak1D F1="1.009095" intensity="3.355308e-003" type="0"/>
    <Peak1D F1="0.977571" intensity="3.384138e-003" type="0"/>
    <Peak1D F1="0.956965" intensity="2.901201e-003" type="0"/>
    <Peak1D F1="0.916531" intensity="2.646271e-003" type="0"/>
    <Peak1D F1="0.869388" intensity="3.024671e-003" type="0"/>
    <Peak1D F1="0.859972" intensity="2.641281e-003" type="0"/>
    <Peak1D F1="0.797059" intensity="1.383872e-002" type="0"/>
    <Peak1D F1="0.769527" intensity="1.508150e-002" type="0"/>
    <Peak1D F1="0.751001" intensity="1.684001e-002" type="0"/>
    <Peak1D F1="0.732492" intensity="1.052454e-002" type="0"/>
    <Peak1D F1="0.713225" intensity="3.957399e-003" type="0"/>
    <Peak1D F1="0.655664" intensity="1.993119e-003" type="0"/>
    <Peak1D F1="0.618621" intensity="1.481747e-003" type="0"/>
    <Peak1D F1="0.470034" intensity="1.281778e-003" type="0"/>
    <Peak1D F1="0.355151" intensity="1.332124e-003" type="0"/>
    <Peak1D F1="0.048955" intensity="1.734815e-003" type="0"/>
    <Peak1D F1="0.004157" intensity="3.846953e-002" type="0"/>
    <Peak1D F1="-0.000153" intensity="6.880687e-002" type="0"/>
    <Peak1D F1="-0.047398" intensity="1.383339e-003" type="0"/>
    <Peak1D F1="-2.429066" intensity="1.353932e-003" type="0"/>
  </PeakList1D>
</PeakList>
