<?xml version="1.0" encoding="UTF-8"?>
<PeakList>
  <PeakList1D>
    <PeakList1DHeader creator="nmr" date="2021-08-01T14:58:39.246+03:00" expNo="20" name="ID-419-D" owner="" procNo="1" source="//132.72.8.180/400b/Milo/Milo">
      <PeakPickDetails>F1=16.101910ppm, F2=-3.927135ppm, MI=0.00cm, MAXI=10000.00cm, PC=1.000
      </PeakPickDetails>
    </PeakList1DHeader>
    <Peak1D F1="14.491719" intensity="5.650180e-003" type="0"/>
    <Peak1D F1="14.294827" intensity="5.754238e-003" type="0"/>
    <Peak1D F1="13.519542" intensity="5.357587e-003" type="0"/>
    <Peak1D F1="11.982536" intensity="5.679872e-003" type="0"/>
    <Peak1D F1="11.581902" intensity="5.501729e-003" type="0"/>
    <Peak1D F1="10.093120" intensity="1.336095e-001" type="0"/>
    <Peak1D F1="8.385235" intensity="5.895247e-003" type="0"/>
    <Peak1D F1="8.369522" intensity="1.278322e-002" type="0"/>
    <Peak1D F1="8.341271" intensity="9.961314e-002" type="0"/>
    <Peak1D F1="8.319464" intensity="1.013081e-001" type="0"/>
    <Peak1D F1="8.289162" intensity="7.370014e-003" type="0"/>
    <Peak1D F1="8.270695" intensity="2.230957e-002" type="0"/>
    <Peak1D F1="8.248313" intensity="2.745408e-002" type="0"/>
    <Peak1D F1="8.220737" intensity="9.365243e-002" type="0"/>
    <Peak1D F1="8.206885" intensity="1.016127e-001" type="0"/>
    <Peak1D F1="8.199193" intensity="1.796948e-001" type="0"/>
    <Peak1D F1="8.185648" intensity="1.208373e-001" type="0"/>
    <Peak1D F1="8.177567" intensity="1.328792e-001" type="0"/>
    <Peak1D F1="8.157096" intensity="2.223879e+000" type="0"/>
    <Peak1D F1="8.152096" intensity="9.890171e-001" type="0"/>
    <Peak1D F1="8.135406" intensity="2.274958e+000" type="0"/>
    <Peak1D F1="8.129396" intensity="6.615155e-001" type="0"/>
    <Peak1D F1="8.106457" intensity="6.761637e-002" type="0"/>
    <Peak1D F1="8.098562" intensity="7.261100e-002" type="0"/>
    <Peak1D F1="8.085596" intensity="3.940779e-002" type="0"/>
    <Peak1D F1="8.043026" intensity="9.095453e-002" type="0"/>
    <Peak1D F1="8.020320" intensity="1.397150e-001" type="0"/>
    <Peak1D F1="7.999056" intensity="9.701212e-002" type="0"/>
    <Peak1D F1="7.947425" intensity="8.822925e-003" type="0"/>
    <Peak1D F1="7.919554" intensity="9.763597e-003" type="0"/>
    <Peak1D F1="7.836510" intensity="2.361727e-002" type="0"/>
    <Peak1D F1="7.819088" intensity="4.753497e-002" type="0"/>
    <Peak1D F1="7.799371" intensity="5.253900e-002" type="0"/>
    <Peak1D F1="7.777577" intensity="3.664334e-002" type="0"/>
    <Peak1D F1="7.767493" intensity="6.562702e-003" type="0"/>
    <Peak1D F1="7.740246" intensity="7.751922e-003" type="0"/>
    <Peak1D F1="7.720479" intensity="6.417161e-003" type="0"/>
    <Peak1D F1="7.684722" intensity="1.396654e-002" type="0"/>
    <Peak1D F1="7.663265" intensity="1.373742e-002" type="0"/>
    <Peak1D F1="7.645584" intensity="7.033520e-003" type="0"/>
    <Peak1D F1="7.606199" intensity="7.748570e-002" type="0"/>
    <Peak1D F1="7.584486" intensity="7.360508e-002" type="0"/>
    <Peak1D F1="7.551128" intensity="3.385447e-002" type="0"/>
    <Peak1D F1="7.528710" intensity="7.388067e-002" type="0"/>
    <Peak1D F1="7.520695" intensity="9.819913e-002" type="0"/>
    <Peak1D F1="7.498966" intensity="1.750076e-001" type="0"/>
    <Peak1D F1="7.480167" intensity="2.330475e+000" type="0"/>
    <Peak1D F1="7.458161" intensity="2.199393e+000" type="0"/>
    <Peak1D F1="7.441103" intensity="3.751797e-001" type="0"/>
    <Peak1D F1="7.435273" intensity="1.473413e-001" type="0"/>
    <Peak1D F1="7.414934" intensity="8.932430e-002" type="0"/>
    <Peak1D F1="7.390665" intensity="3.709780e-002" type="0"/>
    <Peak1D F1="7.369540" intensity="2.200964e-002" type="0"/>
    <Peak1D F1="7.349881" intensity="2.650650e-002" type="0"/>
    <Peak1D F1="7.323041" intensity="2.272091e-002" type="0"/>
    <Peak1D F1="7.296909" intensity="1.142279e-002" type="0"/>
    <Peak1D F1="7.272312" intensity="1.558115e-002" type="0"/>
    <Peak1D F1="7.246436" intensity="1.246570e-001" type="0"/>
    <Peak1D F1="7.239059" intensity="3.437200e-002" type="0"/>
    <Peak1D F1="7.224843" intensity="3.578947e-002" type="0"/>
    <Peak1D F1="7.196526" intensity="6.752771e+000" type="0"/>
    <Peak1D F1="7.165284" intensity="1.526308e-002" type="0"/>
    <Peak1D F1="7.158992" intensity="1.616919e-002" type="0"/>
    <Peak1D F1="7.146501" intensity="9.391402e-002" type="0"/>
    <Peak1D F1="7.052991" intensity="5.467537e-002" type="0"/>
    <Peak1D F1="7.033643" intensity="6.580672e-002" type="0"/>
    <Peak1D F1="7.023759" intensity="1.252991e-001" type="0"/>
    <Peak1D F1="7.000343" intensity="8.518659e-002" type="0"/>
    <Peak1D F1="6.974539" intensity="8.487634e-002" type="0"/>
    <Peak1D F1="6.946974" intensity="1.541513e-001" type="0"/>
    <Peak1D F1="6.933742" intensity="1.213899e-001" type="0"/>
    <Peak1D F1="6.900174" intensity="5.663422e-003" type="0"/>
    <Peak1D F1="6.852501" intensity="5.642740e-003" type="0"/>
    <Peak1D F1="6.313997" intensity="9.571373e-003" type="0"/>
    <Peak1D F1="6.215443" intensity="1.421445e-002" type="0"/>
    <Peak1D F1="6.116992" intensity="1.094215e-001" type="0"/>
    <Peak1D F1="6.066182" intensity="5.325507e-002" type="0"/>
    <Peak1D F1="6.058084" intensity="1.468472e-002" type="0"/>
    <Peak1D F1="6.038938" intensity="3.469390e-002" type="0"/>
    <Peak1D F1="6.031656" intensity="4.283301e-002" type="0"/>
    <Peak1D F1="6.016444" intensity="3.095726e+000" type="0"/>
    <Peak1D F1="5.966105" intensity="4.092507e-002" type="0"/>
    <Peak1D F1="5.929945" intensity="2.600048e-002" type="0"/>
    <Peak1D F1="5.916661" intensity="3.012167e-002" type="0"/>
    <Peak1D F1="5.814636" intensity="6.847286e-003" type="0"/>
    <Peak1D F1="5.776126" intensity="3.061229e-002" type="0"/>
    <Peak1D F1="5.769843" intensity="3.112331e-002" type="0"/>
    <Peak1D F1="5.628049" intensity="3.194310e-002" type="0"/>
    <Peak1D F1="5.601673" intensity="3.171199e-002" type="0"/>
    <Peak1D F1="5.532214" intensity="8.939689e-003" type="0"/>
    <Peak1D F1="5.490444" intensity="2.371388e-002" type="0"/>
    <Peak1D F1="5.462440" intensity="8.550348e-003" type="0"/>
    <Peak1D F1="5.426308" intensity="7.245592e-003" type="0"/>
    <Peak1D F1="5.404219" intensity="8.972152e-003" type="0"/>
    <Peak1D F1="5.379828" intensity="7.605423e-003" type="0"/>
    <Peak1D F1="5.354889" intensity="1.623908e-001" type="0"/>
    <Peak1D F1="5.347895" intensity="1.563198e-001" type="0"/>
    <Peak1D F1="5.314710" intensity="1.148280e-002" type="0"/>
    <Peak1D F1="5.117209" intensity="6.288781e-003" type="0"/>
    <Peak1D F1="5.050110" intensity="8.144324e-003" type="0"/>
    <Peak1D F1="5.043449" intensity="9.133142e-003" type="0"/>
    <Peak1D F1="5.005502" intensity="8.159840e-003" type="0"/>
    <Peak1D F1="4.989088" intensity="7.330894e-003" type="0"/>
    <Peak1D F1="4.970575" intensity="1.279921e-002" type="0"/>
    <Peak1D F1="4.948173" intensity="1.205459e-002" type="0"/>
    <Peak1D F1="4.923275" intensity="8.791809e-003" type="0"/>
    <Peak1D F1="4.892382" intensity="1.566545e-002" type="0"/>
    <Peak1D F1="4.875490" intensity="2.203091e-002" type="0"/>
    <Peak1D F1="4.856559" intensity="3.163119e-002" type="0"/>
    <Peak1D F1="4.841218" intensity="4.556046e-002" type="0"/>
    <Peak1D F1="4.818694" intensity="4.397439e-002" type="0"/>
    <Peak1D F1="4.791952" intensity="1.266861e+000" type="0"/>
    <Peak1D F1="4.769151" intensity="1.297293e+000" type="0"/>
    <Peak1D F1="4.742120" intensity="6.380528e-002" type="0"/>
    <Peak1D F1="4.719324" intensity="7.371611e-002" type="0"/>
    <Peak1D F1="4.681724" intensity="6.987542e-002" type="0"/>
    <Peak1D F1="4.608408" intensity="4.980738e-002" type="0"/>
    <Peak1D F1="4.586070" intensity="3.913170e-002" type="0"/>
    <Peak1D F1="4.518569" intensity="1.939606e-002" type="0"/>
    <Peak1D F1="4.508337" intensity="1.600222e-002" type="0"/>
    <Peak1D F1="4.448274" intensity="1.076120e-002" type="0"/>
    <Peak1D F1="4.402592" intensity="8.164460e-003" type="0"/>
    <Peak1D F1="4.394720" intensity="7.868869e-003" type="0"/>
    <Peak1D F1="4.383155" intensity="8.487443e-003" type="0"/>
    <Peak1D F1="4.360532" intensity="7.039148e-003" type="0"/>
    <Peak1D F1="4.334121" intensity="7.747756e-003" type="0"/>
    <Peak1D F1="4.326138" intensity="7.211341e-003" type="0"/>
    <Peak1D F1="4.251086" intensity="5.791484e-003" type="0"/>
    <Peak1D F1="3.989586" intensity="6.504458e-003" type="0"/>
    <Peak1D F1="3.895945" intensity="6.125487e-003" type="0"/>
    <Peak1D F1="3.877314" intensity="5.119683e-002" type="0"/>
    <Peak1D F1="3.862075" intensity="7.322337e-003" type="0"/>
    <Peak1D F1="3.843762" intensity="7.059360e-002" type="0"/>
    <Peak1D F1="3.821055" intensity="4.459739e-002" type="0"/>
    <Peak1D F1="3.810470" intensity="3.371783e-001" type="0"/>
    <Peak1D F1="3.749183" intensity="1.793222e-001" type="0"/>
    <Peak1D F1="3.744761" intensity="2.061667e-001" type="0"/>
    <Peak1D F1="3.699578" intensity="9.468440e+000" type="0"/>
    <Peak1D F1="3.667615" intensity="3.195096e-002" type="0"/>
    <Peak1D F1="3.661823" intensity="2.737612e-002" type="0"/>
    <Peak1D F1="3.649456" intensity="1.339680e-001" type="0"/>
    <Peak1D F1="3.517536" intensity="5.046460e-002" type="0"/>
    <Peak1D F1="3.459297" intensity="6.202855e-003" type="0"/>
    <Peak1D F1="2.961144" intensity="9.448625e-003" type="0"/>
    <Peak1D F1="2.942111" intensity="1.715749e-002" type="0"/>
    <Peak1D F1="2.936323" intensity="1.552313e-002" type="0"/>
    <Peak1D F1="2.924320" intensity="9.390391e-003" type="0"/>
    <Peak1D F1="2.917613" intensity="1.105127e-002" type="0"/>
    <Peak1D F1="2.815546" intensity="5.752818e-003" type="0"/>
    <Peak1D F1="2.781965" intensity="1.106457e-002" type="0"/>
    <Peak1D F1="2.771908" intensity="1.035152e-002" type="0"/>
    <Peak1D F1="2.753141" intensity="2.136699e-002" type="0"/>
    <Peak1D F1="2.736619" intensity="1.951732e-002" type="0"/>
    <Peak1D F1="2.722895" intensity="2.008630e-002" type="0"/>
    <Peak1D F1="2.702422" intensity="4.701081e-001" type="0"/>
    <Peak1D F1="2.652325" intensity="1.422282e-002" type="0"/>
    <Peak1D F1="2.638393" intensity="1.039504e-002" type="0"/>
    <Peak1D F1="2.622175" intensity="1.525628e-002" type="0"/>
    <Peak1D F1="2.597353" intensity="2.120166e-002" type="0"/>
    <Peak1D F1="2.573564" intensity="2.091396e-001" type="0"/>
    <Peak1D F1="2.546155" intensity="4.274382e-002" type="0"/>
    <Peak1D F1="2.513997" intensity="2.155470e-001" type="0"/>
    <Peak1D F1="2.480639" intensity="2.561407e-002" type="0"/>
    <Peak1D F1="2.466054" intensity="3.114804e-002" type="0"/>
    <Peak1D F1="2.453604" intensity="3.629752e-002" type="0"/>
    <Peak1D F1="2.430306" intensity="7.136180e-001" type="0"/>
    <Peak1D F1="2.422529" intensity="3.342943e-001" type="0"/>
    <Peak1D F1="2.414961" intensity="2.825052e-001" type="0"/>
    <Peak1D F1="2.410162" intensity="2.886997e-001" type="0"/>
    <Peak1D F1="2.386331" intensity="3.789735e-001" type="0"/>
    <Peak1D F1="2.382461" intensity="3.445561e-001" type="0"/>
    <Peak1D F1="2.369926" intensity="3.599938e-001" type="0"/>
    <Peak1D F1="2.361882" intensity="4.226577e-001" type="0"/>
    <Peak1D F1="2.351790" intensity="2.897441e-001" type="0"/>
    <Peak1D F1="2.329123" intensity="4.585402e-001" type="0"/>
    <Peak1D F1="2.320975" intensity="2.847883e-001" type="0"/>
    <Peak1D F1="2.311650" intensity="6.530138e-001" type="0"/>
    <Peak1D F1="2.297811" intensity="5.210096e-001" type="0"/>
    <Peak1D F1="2.279589" intensity="4.216783e-001" type="0"/>
    <Peak1D F1="2.252122" intensity="8.509784e-001" type="0"/>
    <Peak1D F1="2.227841" intensity="4.989373e-001" type="0"/>
    <Peak1D F1="2.224224" intensity="4.386977e-001" type="0"/>
    <Peak1D F1="2.201464" intensity="5.554096e-001" type="0"/>
    <Peak1D F1="2.193764" intensity="1.231622e-001" type="0"/>
    <Peak1D F1="2.179517" intensity="3.256524e-001" type="0"/>
    <Peak1D F1="2.175186" intensity="3.055421e-001" type="0"/>
    <Peak1D F1="2.152864" intensity="4.276732e-001" type="0"/>
    <Peak1D F1="2.145079" intensity="4.262422e-001" type="0"/>
    <Peak1D F1="2.137105" intensity="3.064556e-001" type="0"/>
    <Peak1D F1="2.115389" intensity="4.769275e+000" type="0"/>
    <Peak1D F1="2.110096" intensity="3.225161e+000" type="0"/>
    <Peak1D F1="2.095565" intensity="1.479927e+001" type="0"/>
    <Peak1D F1="2.083617" intensity="3.988983e+000" type="0"/>
    <Peak1D F1="2.076767" intensity="7.278132e+000" type="0"/>
    <Peak1D F1="2.055867" intensity="4.137122e-001" type="0"/>
    <Peak1D F1="2.051197" intensity="4.116135e-001" type="0"/>
    <Peak1D F1="2.048833" intensity="4.128268e-001" type="0"/>
    <Peak1D F1="2.045835" intensity="4.258786e-001" type="0"/>
    <Peak1D F1="2.027704" intensity="1.876999e-001" type="0"/>
    <Peak1D F1="1.985955" intensity="2.538951e-001" type="0"/>
    <Peak1D F1="1.957885" intensity="5.022478e-001" type="0"/>
    <Peak1D F1="1.952506" intensity="5.309349e-001" type="0"/>
    <Peak1D F1="1.948219" intensity="5.548990e-001" type="0"/>
    <Peak1D F1="1.936697" intensity="2.111107e+000" type="0"/>
    <Peak1D F1="1.932076" intensity="1.005102e+000" type="0"/>
    <Peak1D F1="1.924805" intensity="9.941985e-001" type="0"/>
    <Peak1D F1="1.920660" intensity="9.182987e-001" type="0"/>
    <Peak1D F1="1.910196" intensity="7.463949e+000" type="0"/>
    <Peak1D F1="1.900401" intensity="6.467748e+000" type="0"/>
    <Peak1D F1="1.890662" intensity="1.500000e+001" type="0"/>
    <Peak1D F1="1.881652" intensity="5.964656e+000" type="0"/>
    <Peak1D F1="1.871328" intensity="4.843066e+000" type="0"/>
    <Peak1D F1="1.859514" intensity="6.865124e-001" type="0"/>
    <Peak1D F1="1.850287" intensity="3.730143e-001" type="0"/>
    <Peak1D F1="1.841205" intensity="3.501105e-001" type="0"/>
    <Peak1D F1="1.822324" intensity="1.424244e-001" type="0"/>
    <Peak1D F1="1.795179" intensity="7.243331e-002" type="0"/>
    <Peak1D F1="1.782190" intensity="6.535557e-002" type="0"/>
    <Peak1D F1="1.759695" intensity="8.231918e-002" type="0"/>
    <Peak1D F1="1.744163" intensity="1.610451e-001" type="0"/>
    <Peak1D F1="1.728526" intensity="1.939621e-001" type="0"/>
    <Peak1D F1="1.723500" intensity="2.136892e-001" type="0"/>
    <Peak1D F1="1.716276" intensity="2.158502e-001" type="0"/>
    <Peak1D F1="1.707277" intensity="2.505327e-001" type="0"/>
    <Peak1D F1="1.700470" intensity="3.721060e-001" type="0"/>
    <Peak1D F1="1.696679" intensity="3.360902e-001" type="0"/>
    <Peak1D F1="1.688239" intensity="2.790233e-001" type="0"/>
    <Peak1D F1="1.680820" intensity="8.465722e-001" type="0"/>
    <Peak1D F1="1.675697" intensity="5.040104e-001" type="0"/>
    <Peak1D F1="1.670520" intensity="5.410917e-001" type="0"/>
    <Peak1D F1="1.657622" intensity="7.872019e-001" type="0"/>
    <Peak1D F1="1.653370" intensity="6.532074e-001" type="0"/>
    <Peak1D F1="1.641236" intensity="4.698211e-001" type="0"/>
    <Peak1D F1="1.637162" intensity="5.385343e-001" type="0"/>
    <Peak1D F1="1.632675" intensity="3.864838e-001" type="0"/>
    <Peak1D F1="1.625255" intensity="2.395761e-001" type="0"/>
    <Peak1D F1="1.621409" intensity="2.552224e-001" type="0"/>
    <Peak1D F1="1.589185" intensity="7.609884e-002" type="0"/>
    <Peak1D F1="1.578762" intensity="7.292867e-002" type="0"/>
    <Peak1D F1="1.553268" intensity="8.528975e-002" type="0"/>
    <Peak1D F1="1.535081" intensity="2.199338e-001" type="0"/>
    <Peak1D F1="1.519989" intensity="1.579916e-001" type="0"/>
    <Peak1D F1="1.512283" intensity="1.818139e-001" type="0"/>
    <Peak1D F1="1.501110" intensity="3.919478e-001" type="0"/>
    <Peak1D F1="1.492335" intensity="1.340739e-001" type="0"/>
    <Peak1D F1="1.483648" intensity="4.742614e-001" type="0"/>
    <Peak1D F1="1.470771" intensity="3.281533e-001" type="0"/>
    <Peak1D F1="1.453889" intensity="3.342401e-001" type="0"/>
    <Peak1D F1="1.442160" intensity="7.523975e-002" type="0"/>
    <Peak1D F1="1.435829" intensity="1.037607e-001" type="0"/>
    <Peak1D F1="1.423872" intensity="1.151640e-001" type="0"/>
    <Peak1D F1="1.403034" intensity="3.247001e-002" type="0"/>
    <Peak1D F1="1.372905" intensity="2.952660e-002" type="0"/>
    <Peak1D F1="1.348948" intensity="2.622886e-002" type="0"/>
    <Peak1D F1="1.324133" intensity="2.258120e-002" type="0"/>
    <Peak1D F1="1.294106" intensity="2.180809e-002" type="0"/>
    <Peak1D F1="1.281011" intensity="2.391530e-002" type="0"/>
    <Peak1D F1="1.253437" intensity="2.645885e-002" type="0"/>
    <Peak1D F1="1.236436" intensity="3.633885e-002" type="0"/>
    <Peak1D F1="1.184218" intensity="8.500782e-002" type="0"/>
    <Peak1D F1="1.152882" intensity="1.772144e-002" type="0"/>
    <Peak1D F1="1.140796" intensity="1.457554e-002" type="0"/>
    <Peak1D F1="1.102437" intensity="1.001492e-002" type="0"/>
    <Peak1D F1="1.066677" intensity="9.233966e-003" type="0"/>
    <Peak1D F1="1.055020" intensity="8.094107e-003" type="0"/>
    <Peak1D F1="1.028723" intensity="8.376600e-003" type="0"/>
    <Peak1D F1="0.992439" intensity="8.250751e-003" type="0"/>
    <Peak1D F1="0.955629" intensity="7.607018e-003" type="0"/>
    <Peak1D F1="0.938789" intensity="7.692858e-003" type="0"/>
    <Peak1D F1="0.905842" intensity="6.732629e-003" type="0"/>
    <Peak1D F1="0.871247" intensity="5.595868e-003" type="0"/>
    <Peak1D F1="0.849348" intensity="7.865844e-003" type="0"/>
    <Peak1D F1="0.825127" intensity="1.625801e-002" type="0"/>
    <Peak1D F1="0.810522" intensity="2.533315e-002" type="0"/>
    <Peak1D F1="0.791533" intensity="1.398258e-002" type="0"/>
    <Peak1D F1="0.697072" intensity="7.559332e-003" type="0"/>
    <Peak1D F1="0.673842" intensity="5.588287e-003" type="0"/>
    <Peak1D F1="0.636369" intensity="7.097679e-003" type="0"/>
    <Peak1D F1="0.606864" intensity="5.610730e-003" type="0"/>
    <Peak1D F1="0.475642" intensity="6.234276e-003" type="0"/>
    <Peak1D F1="0.428415" intensity="7.379727e-003" type="0"/>
    <Peak1D F1="0.379197" intensity="5.426063e-003" type="0"/>
    <Peak1D F1="-0.000156" intensity="7.236768e-002" type="0"/>
    <Peak1D F1="-3.213682" intensity="6.169926e-003" type="0"/>
    <Peak1D F1="-3.347797" intensity="6.229087e-003" type="0"/>
    <Peak1D F1="-3.559518" intensity="6.537790e-003" type="0"/>
    <Peak1D F1="-3.578824" intensity="6.322198e-003" type="0"/>
    <Peak1D F1="-3.590543" intensity="5.401681e-003" type="0"/>
  </PeakList1D>
</PeakList>
