<?xml version="1.0" encoding="UTF-8"?>
<PeakList>
  <PeakList1D>
    <PeakList1DHeader creator="nmr" date="2021-08-12T08:08:13.132+03:00" expNo="30" name="ID-427-O-11.8.21" owner="" procNo="1" source="//132.72.8.180/400b/Milo/Milo">
      <PeakPickDetails>F1=16.117130ppm, F2=-3.911915ppm, MI=0.00cm, MAXI=10000.00cm, PC=1.000
      </PeakPickDetails>
    </PeakList1DHeader>
    <Peak1D F1="11.904889" intensity="2.414354e-003" type="0"/>
    <Peak1D F1="10.080725" intensity="7.601064e-003" type="0"/>
    <Peak1D F1="8.500783" intensity="1.209064e-003" type="0"/>
    <Peak1D F1="8.369926" intensity="3.209674e-003" type="0"/>
    <Peak1D F1="8.351446" intensity="1.056506e-002" type="0"/>
    <Peak1D F1="8.344602" intensity="1.294342e-002" type="0"/>
    <Peak1D F1="8.328161" intensity="1.840717e-002" type="0"/>
    <Peak1D F1="8.324835" intensity="1.838633e-002" type="0"/>
    <Peak1D F1="8.306176" intensity="1.039839e-002" type="0"/>
    <Peak1D F1="8.290226" intensity="5.989794e-003" type="0"/>
    <Peak1D F1="8.246181" intensity="1.749839e-002" type="0"/>
    <Peak1D F1="8.216735" intensity="1.845455e-001" type="0"/>
    <Peak1D F1="8.195356" intensity="3.361624e-001" type="0"/>
    <Peak1D F1="8.184616" intensity="1.368485e-001" type="0"/>
    <Peak1D F1="8.175644" intensity="2.286669e-001" type="0"/>
    <Peak1D F1="8.163637" intensity="1.313146e-001" type="0"/>
    <Peak1D F1="8.158340" intensity="1.359424e-001" type="0"/>
    <Peak1D F1="8.139215" intensity="2.817850e+000" type="0"/>
    <Peak1D F1="8.135425" intensity="1.871923e+000" type="0"/>
    <Peak1D F1="8.129943" intensity="1.179617e+000" type="0"/>
    <Peak1D F1="8.117289" intensity="3.035041e+000" type="0"/>
    <Peak1D F1="8.107799" intensity="1.024840e+000" type="0"/>
    <Peak1D F1="8.089239" intensity="1.263730e-001" type="0"/>
    <Peak1D F1="8.067546" intensity="5.413780e-002" type="0"/>
    <Peak1D F1="8.058117" intensity="2.163046e-002" type="0"/>
    <Peak1D F1="8.033644" intensity="5.113660e-003" type="0"/>
    <Peak1D F1="8.014497" intensity="7.873448e-003" type="0"/>
    <Peak1D F1="7.992496" intensity="6.902576e-003" type="0"/>
    <Peak1D F1="7.952029" intensity="4.255851e-003" type="0"/>
    <Peak1D F1="7.930253" intensity="1.779027e-002" type="0"/>
    <Peak1D F1="7.924287" intensity="1.754721e-002" type="0"/>
    <Peak1D F1="7.914369" intensity="5.508285e-002" type="0"/>
    <Peak1D F1="7.893785" intensity="6.645274e-002" type="0"/>
    <Peak1D F1="7.870134" intensity="5.168228e-002" type="0"/>
    <Peak1D F1="7.846661" intensity="2.424897e-002" type="0"/>
    <Peak1D F1="7.837333" intensity="2.314032e-002" type="0"/>
    <Peak1D F1="7.817985" intensity="2.319703e-002" type="0"/>
    <Peak1D F1="7.798198" intensity="3.747276e-003" type="0"/>
    <Peak1D F1="7.776886" intensity="2.387846e-003" type="0"/>
    <Peak1D F1="7.755934" intensity="1.713573e-003" type="0"/>
    <Peak1D F1="7.714910" intensity="4.481957e-003" type="0"/>
    <Peak1D F1="7.672247" intensity="1.589126e-002" type="0"/>
    <Peak1D F1="7.653512" intensity="1.658025e-002" type="0"/>
    <Peak1D F1="7.640602" intensity="1.124054e-002" type="0"/>
    <Peak1D F1="7.612766" intensity="1.602352e-001" type="0"/>
    <Peak1D F1="7.589023" intensity="1.778610e-001" type="0"/>
    <Peak1D F1="7.566236" intensity="8.297360e-002" type="0"/>
    <Peak1D F1="7.558594" intensity="3.999634e-002" type="0"/>
    <Peak1D F1="7.537009" intensity="1.496976e-001" type="0"/>
    <Peak1D F1="7.515180" intensity="2.958721e-001" type="0"/>
    <Peak1D F1="7.495963" intensity="4.409553e-001" type="0"/>
    <Peak1D F1="7.471521" intensity="2.962531e+000" type="0"/>
    <Peak1D F1="7.459471" intensity="1.097857e+000" type="0"/>
    <Peak1D F1="7.450166" intensity="2.812603e+000" type="0"/>
    <Peak1D F1="7.438521" intensity="8.405507e-001" type="0"/>
    <Peak1D F1="7.421224" intensity="9.078458e-002" type="0"/>
    <Peak1D F1="7.412101" intensity="5.449038e-002" type="0"/>
    <Peak1D F1="7.399056" intensity="6.903376e-002" type="0"/>
    <Peak1D F1="7.393289" intensity="5.776243e-002" type="0"/>
    <Peak1D F1="7.372159" intensity="1.755212e-002" type="0"/>
    <Peak1D F1="7.356450" intensity="1.515286e-002" type="0"/>
    <Peak1D F1="7.342435" intensity="2.959199e-002" type="0"/>
    <Peak1D F1="7.323528" intensity="6.364232e-002" type="0"/>
    <Peak1D F1="7.302271" intensity="9.202354e-002" type="0"/>
    <Peak1D F1="7.283433" intensity="5.972784e-002" type="0"/>
    <Peak1D F1="7.261769" intensity="6.245445e-002" type="0"/>
    <Peak1D F1="7.246306" intensity="4.517076e-002" type="0"/>
    <Peak1D F1="7.232223" intensity="9.919049e-002" type="0"/>
    <Peak1D F1="7.211963" intensity="2.490359e+000" type="0"/>
    <Peak1D F1="7.198044" intensity="1.148619e-001" type="0"/>
    <Peak1D F1="7.194560" intensity="1.251551e-001" type="0"/>
    <Peak1D F1="7.173528" intensity="1.185823e-001" type="0"/>
    <Peak1D F1="7.161142" intensity="8.620425e-002" type="0"/>
    <Peak1D F1="7.151793" intensity="1.263498e-001" type="0"/>
    <Peak1D F1="7.129486" intensity="8.357950e-002" type="0"/>
    <Peak1D F1="7.118928" intensity="7.467973e-002" type="0"/>
    <Peak1D F1="7.098361" intensity="2.417060e-001" type="0"/>
    <Peak1D F1="7.096975" intensity="2.432546e-001" type="0"/>
    <Peak1D F1="7.085470" intensity="1.975668e-001" type="0"/>
    <Peak1D F1="7.047642" intensity="1.223421e-002" type="0"/>
    <Peak1D F1="7.029042" intensity="1.264563e-002" type="0"/>
    <Peak1D F1="7.013422" intensity="8.516970e-003" type="0"/>
    <Peak1D F1="7.004386" intensity="6.628841e-003" type="0"/>
    <Peak1D F1="6.992723" intensity="3.541689e-003" type="0"/>
    <Peak1D F1="6.986001" intensity="4.171120e-003" type="0"/>
    <Peak1D F1="6.962152" intensity="5.859236e-003" type="0"/>
    <Peak1D F1="6.947378" intensity="1.601947e-002" type="0"/>
    <Peak1D F1="6.922018" intensity="1.816708e-003" type="0"/>
    <Peak1D F1="6.902853" intensity="5.197143e-003" type="0"/>
    <Peak1D F1="6.882292" intensity="2.118181e-003" type="0"/>
    <Peak1D F1="6.749314" intensity="1.376238e-003" type="0"/>
    <Peak1D F1="6.730288" intensity="2.510981e-003" type="0"/>
    <Peak1D F1="6.706755" intensity="6.155178e-003" type="0"/>
    <Peak1D F1="6.686632" intensity="4.042654e-003" type="0"/>
    <Peak1D F1="6.209344" intensity="6.158831e-003" type="0"/>
    <Peak1D F1="6.204272" intensity="1.212627e-002" type="0"/>
    <Peak1D F1="6.111752" intensity="1.555727e-002" type="0"/>
    <Peak1D F1="6.055864" intensity="7.996138e-002" type="0"/>
    <Peak1D F1="6.038071" intensity="5.303100e-002" type="0"/>
    <Peak1D F1="6.032278" intensity="5.871059e-002" type="0"/>
    <Peak1D F1="6.005637" intensity="5.070405e+000" type="0"/>
    <Peak1D F1="5.955617" intensity="7.993309e-002" type="0"/>
    <Peak1D F1="5.919371" intensity="4.040847e-002" type="0"/>
    <Peak1D F1="5.907144" intensity="4.317662e-002" type="0"/>
    <Peak1D F1="5.887795" intensity="1.220577e-002" type="0"/>
    <Peak1D F1="5.798672" intensity="7.092068e-002" type="0"/>
    <Peak1D F1="5.791277" intensity="6.523395e-002" type="0"/>
    <Peak1D F1="5.775085" intensity="2.689441e-002" type="0"/>
    <Peak1D F1="5.766947" intensity="2.570962e-002" type="0"/>
    <Peak1D F1="5.718526" intensity="1.200374e-003" type="0"/>
    <Peak1D F1="5.692594" intensity="2.309847e-003" type="0"/>
    <Peak1D F1="5.683415" intensity="1.839974e-003" type="0"/>
    <Peak1D F1="5.648891" intensity="5.405089e-002" type="0"/>
    <Peak1D F1="5.621888" intensity="5.647646e-002" type="0"/>
    <Peak1D F1="5.599374" intensity="2.514949e-003" type="0"/>
    <Peak1D F1="5.580167" intensity="7.619237e-003" type="0"/>
    <Peak1D F1="5.552540" intensity="1.053337e-002" type="0"/>
    <Peak1D F1="5.500553" intensity="1.395210e-002" type="0"/>
    <Peak1D F1="5.455845" intensity="9.039272e-002" type="0"/>
    <Peak1D F1="5.430825" intensity="2.657050e-002" type="0"/>
    <Peak1D F1="5.379064" intensity="7.376850e-002" type="0"/>
    <Peak1D F1="5.332298" intensity="3.242728e-001" type="0"/>
    <Peak1D F1="5.281155" intensity="1.100345e-002" type="0"/>
    <Peak1D F1="5.212574" intensity="3.617896e-003" type="0"/>
    <Peak1D F1="5.164155" intensity="6.182436e-003" type="0"/>
    <Peak1D F1="5.147953" intensity="7.360482e-003" type="0"/>
    <Peak1D F1="4.979386" intensity="8.721930e-003" type="0"/>
    <Peak1D F1="4.957190" intensity="1.015304e-002" type="0"/>
    <Peak1D F1="4.904164" intensity="1.909801e-002" type="0"/>
    <Peak1D F1="4.883022" intensity="3.492862e-002" type="0"/>
    <Peak1D F1="4.873316" intensity="4.396693e-002" type="0"/>
    <Peak1D F1="4.863831" intensity="2.355300e-002" type="0"/>
    <Peak1D F1="4.849953" intensity="5.203920e-002" type="0"/>
    <Peak1D F1="4.845196" intensity="4.782597e-002" type="0"/>
    <Peak1D F1="4.827652" intensity="5.231922e-002" type="0"/>
    <Peak1D F1="4.800178" intensity="1.619111e+000" type="0"/>
    <Peak1D F1="4.777872" intensity="1.641671e+000" type="0"/>
    <Peak1D F1="4.749262" intensity="6.950892e-002" type="0"/>
    <Peak1D F1="4.727355" intensity="6.631120e-002" type="0"/>
    <Peak1D F1="4.697583" intensity="1.608368e+000" type="0"/>
    <Peak1D F1="4.647689" intensity="3.984416e-002" type="0"/>
    <Peak1D F1="4.616910" intensity="1.402265e-002" type="0"/>
    <Peak1D F1="4.593665" intensity="1.171784e-002" type="0"/>
    <Peak1D F1="4.542046" intensity="5.044473e-003" type="0"/>
    <Peak1D F1="4.497020" intensity="3.753162e-003" type="0"/>
    <Peak1D F1="4.483165" intensity="4.377508e-003" type="0"/>
    <Peak1D F1="4.402393" intensity="1.261494e-003" type="0"/>
    <Peak1D F1="4.356038" intensity="1.324459e-003" type="0"/>
    <Peak1D F1="4.245689" intensity="6.456923e-003" type="0"/>
    <Peak1D F1="4.172962" intensity="2.122808e-003" type="0"/>
    <Peak1D F1="3.917318" intensity="1.958126e-003" type="0"/>
    <Peak1D F1="3.866484" intensity="8.653527e-002" type="0"/>
    <Peak1D F1="3.836393" intensity="2.008169e-002" type="0"/>
    <Peak1D F1="3.815484" intensity="1.851572e-002" type="0"/>
    <Peak1D F1="3.808074" intensity="1.804228e-002" type="0"/>
    <Peak1D F1="3.799552" intensity="5.079322e-002" type="0"/>
    <Peak1D F1="3.790004" intensity="2.092171e-002" type="0"/>
    <Peak1D F1="3.739232" intensity="2.511648e-001" type="0"/>
    <Peak1D F1="3.689050" intensity="1.500000e+001" type="0"/>
    <Peak1D F1="3.638994" intensity="2.268914e-001" type="0"/>
    <Peak1D F1="3.591678" intensity="6.117749e-003" type="0"/>
    <Peak1D F1="3.586164" intensity="2.751361e-003" type="0"/>
    <Peak1D F1="3.558147" intensity="3.019910e-003" type="0"/>
    <Peak1D F1="3.542170" intensity="2.410659e-003" type="0"/>
    <Peak1D F1="3.535083" intensity="1.966481e-003" type="0"/>
    <Peak1D F1="3.506788" intensity="8.098581e-002" type="0"/>
    <Peak1D F1="3.467790" intensity="1.662159e-003" type="0"/>
    <Peak1D F1="3.456983" intensity="2.229375e-003" type="0"/>
    <Peak1D F1="3.441382" intensity="1.855603e-003" type="0"/>
    <Peak1D F1="3.414556" intensity="2.230044e-003" type="0"/>
    <Peak1D F1="3.083190" intensity="9.458584e-002" type="0"/>
    <Peak1D F1="2.989056" intensity="3.017079e-003" type="0"/>
    <Peak1D F1="2.966221" intensity="6.410958e-003" type="0"/>
    <Peak1D F1="2.947409" intensity="1.745610e-002" type="0"/>
    <Peak1D F1="2.936677" intensity="2.414108e-002" type="0"/>
    <Peak1D F1="2.929273" intensity="2.364577e-002" type="0"/>
    <Peak1D F1="2.918090" intensity="1.646851e-002" type="0"/>
    <Peak1D F1="2.911858" intensity="1.334340e-002" type="0"/>
    <Peak1D F1="2.900713" intensity="5.240177e-003" type="0"/>
    <Peak1D F1="2.867995" intensity="1.795539e-003" type="0"/>
    <Peak1D F1="2.845201" intensity="9.085461e-003" type="0"/>
    <Peak1D F1="2.817303" intensity="1.287586e-002" type="0"/>
    <Peak1D F1="2.809577" intensity="6.898056e-003" type="0"/>
    <Peak1D F1="2.787961" intensity="8.608125e-003" type="0"/>
    <Peak1D F1="2.778149" intensity="2.146274e-002" type="0"/>
    <Peak1D F1="2.751024" intensity="4.008852e-002" type="0"/>
    <Peak1D F1="2.742246" intensity="1.092105e-001" type="0"/>
    <Peak1D F1="2.732357" intensity="3.209623e-002" type="0"/>
    <Peak1D F1="2.685377" intensity="9.144844e-003" type="0"/>
    <Peak1D F1="2.662675" intensity="1.051815e-002" type="0"/>
    <Peak1D F1="2.631837" intensity="3.552388e-002" type="0"/>
    <Peak1D F1="2.608412" intensity="3.377626e-001" type="0"/>
    <Peak1D F1="2.584725" intensity="5.973008e-002" type="0"/>
    <Peak1D F1="2.557972" intensity="2.005463e-001" type="0"/>
    <Peak1D F1="2.545261" intensity="3.661574e-001" type="0"/>
    <Peak1D F1="2.511935" intensity="2.997855e-002" type="0"/>
    <Peak1D F1="2.490917" intensity="1.896896e-001" type="0"/>
    <Peak1D F1="2.468133" intensity="4.009211e-002" type="0"/>
    <Peak1D F1="2.460740" intensity="4.746270e-002" type="0"/>
    <Peak1D F1="2.437184" intensity="1.050364e+000" type="0"/>
    <Peak1D F1="2.423655" intensity="2.825598e-001" type="0"/>
    <Peak1D F1="2.415624" intensity="2.989741e-001" type="0"/>
    <Peak1D F1="2.411195" intensity="3.505599e-001" type="0"/>
    <Peak1D F1="2.408647" intensity="3.425429e-001" type="0"/>
    <Peak1D F1="2.394763" intensity="3.791420e-001" type="0"/>
    <Peak1D F1="2.390301" intensity="4.278410e-001" type="0"/>
    <Peak1D F1="2.367322" intensity="7.076982e-001" type="0"/>
    <Peak1D F1="2.362735" intensity="8.984312e-001" type="0"/>
    <Peak1D F1="2.352755" intensity="4.522778e-001" type="0"/>
    <Peak1D F1="2.340179" intensity="1.098783e+000" type="0"/>
    <Peak1D F1="2.332180" intensity="5.114721e-001" type="0"/>
    <Peak1D F1="2.328816" intensity="5.227650e-001" type="0"/>
    <Peak1D F1="2.319463" intensity="4.938045e-001" type="0"/>
    <Peak1D F1="2.309275" intensity="6.454410e-001" type="0"/>
    <Peak1D F1="2.289469" intensity="4.245956e-001" type="0"/>
    <Peak1D F1="2.286643" intensity="4.120247e-001" type="0"/>
    <Peak1D F1="2.265091" intensity="1.639574e-001" type="0"/>
    <Peak1D F1="2.244677" intensity="1.067232e-001" type="0"/>
    <Peak1D F1="2.228376" intensity="4.030311e-001" type="0"/>
    <Peak1D F1="2.212799" intensity="1.604785e-001" type="0"/>
    <Peak1D F1="2.201830" intensity="5.844699e-001" type="0"/>
    <Peak1D F1="2.179571" intensity="6.976392e-001" type="0"/>
    <Peak1D F1="2.157267" intensity="4.403363e-001" type="0"/>
    <Peak1D F1="2.153538" intensity="4.982321e-001" type="0"/>
    <Peak1D F1="2.130842" intensity="6.767929e-001" type="0"/>
    <Peak1D F1="2.103356" intensity="4.276823e+000" type="0"/>
    <Peak1D F1="2.101410" intensity="4.050642e+000" type="0"/>
    <Peak1D F1="2.097960" intensity="3.327343e+000" type="0"/>
    <Peak1D F1="2.095503" intensity="3.619806e+000" type="0"/>
    <Peak1D F1="2.083923" intensity="1.227191e+001" type="0"/>
    <Peak1D F1="2.072811" intensity="4.025693e+000" type="0"/>
    <Peak1D F1="2.065420" intensity="6.388330e+000" type="0"/>
    <Peak1D F1="2.040349" intensity="4.243068e-001" type="0"/>
    <Peak1D F1="2.034976" intensity="5.174693e-001" type="0"/>
    <Peak1D F1="2.014895" intensity="2.144386e-001" type="0"/>
    <Peak1D F1="1.985038" intensity="1.901774e-001" type="0"/>
    <Peak1D F1="1.967327" intensity="4.406646e-001" type="0"/>
    <Peak1D F1="1.965155" intensity="4.280377e-001" type="0"/>
    <Peak1D F1="1.959202" intensity="3.621801e-001" type="0"/>
    <Peak1D F1="1.946247" intensity="6.648161e-001" type="0"/>
    <Peak1D F1="1.941081" intensity="7.239026e-001" type="0"/>
    <Peak1D F1="1.932133" intensity="9.790975e-001" type="0"/>
    <Peak1D F1="1.924138" intensity="1.012633e+000" type="0"/>
    <Peak1D F1="1.917671" intensity="1.358554e+000" type="0"/>
    <Peak1D F1="1.914009" intensity="1.284073e+000" type="0"/>
    <Peak1D F1="1.902064" intensity="6.376007e+000" type="0"/>
    <Peak1D F1="1.890869" intensity="6.224125e+000" type="0"/>
    <Peak1D F1="1.882697" intensity="1.280827e+001" type="0"/>
    <Peak1D F1="1.873033" intensity="5.624789e+000" type="0"/>
    <Peak1D F1="1.871886" intensity="5.588353e+000" type="0"/>
    <Peak1D F1="1.863166" intensity="4.435042e+000" type="0"/>
    <Peak1D F1="1.850888" intensity="9.921319e-001" type="0"/>
    <Peak1D F1="1.841020" intensity="8.817036e-001" type="0"/>
    <Peak1D F1="1.831907" intensity="9.794620e-001" type="0"/>
    <Peak1D F1="1.773693" intensity="1.078419e-001" type="0"/>
    <Peak1D F1="1.751526" intensity="9.790196e-002" type="0"/>
    <Peak1D F1="1.736614" intensity="1.700733e-001" type="0"/>
    <Peak1D F1="1.720990" intensity="2.269435e-001" type="0"/>
    <Peak1D F1="1.715982" intensity="2.415578e-001" type="0"/>
    <Peak1D F1="1.709608" intensity="2.404727e-001" type="0"/>
    <Peak1D F1="1.699644" intensity="3.564654e-001" type="0"/>
    <Peak1D F1="1.693579" intensity="6.783085e-001" type="0"/>
    <Peak1D F1="1.686588" intensity="5.004427e-001" type="0"/>
    <Peak1D F1="1.680935" intensity="6.439517e-001" type="0"/>
    <Peak1D F1="1.669139" intensity="1.056598e+000" type="0"/>
    <Peak1D F1="1.662858" intensity="9.747822e-001" type="0"/>
    <Peak1D F1="1.651735" intensity="6.340567e-001" type="0"/>
    <Peak1D F1="1.646278" intensity="8.987648e-001" type="0"/>
    <Peak1D F1="1.643069" intensity="8.685951e-001" type="0"/>
    <Peak1D F1="1.638888" intensity="7.876078e-001" type="0"/>
    <Peak1D F1="1.630333" intensity="4.837107e-001" type="0"/>
    <Peak1D F1="1.624651" intensity="5.037088e-001" type="0"/>
    <Peak1D F1="1.609463" intensity="2.880886e-001" type="0"/>
    <Peak1D F1="1.599016" intensity="1.280311e-001" type="0"/>
    <Peak1D F1="1.574896" intensity="1.082234e-001" type="0"/>
    <Peak1D F1="1.563151" intensity="9.048006e-002" type="0"/>
    <Peak1D F1="1.546603" intensity="1.199300e-001" type="0"/>
    <Peak1D F1="1.532827" intensity="2.033273e-001" type="0"/>
    <Peak1D F1="1.524216" intensity="1.557540e-001" type="0"/>
    <Peak1D F1="1.516312" intensity="2.564675e-001" type="0"/>
    <Peak1D F1="1.498193" intensity="4.851061e-001" type="0"/>
    <Peak1D F1="1.480536" intensity="5.652289e-001" type="0"/>
    <Peak1D F1="1.467914" intensity="4.465590e-001" type="0"/>
    <Peak1D F1="1.450850" intensity="4.207884e-001" type="0"/>
    <Peak1D F1="1.432875" intensity="1.362085e-001" type="0"/>
    <Peak1D F1="1.422422" intensity="1.111164e-001" type="0"/>
    <Peak1D F1="1.410476" intensity="4.549480e-002" type="0"/>
    <Peak1D F1="1.399496" intensity="4.145577e-002" type="0"/>
    <Peak1D F1="1.368636" intensity="3.956426e-002" type="0"/>
    <Peak1D F1="1.347596" intensity="2.500008e-002" type="0"/>
    <Peak1D F1="1.322327" intensity="1.856810e-002" type="0"/>
    <Peak1D F1="1.313559" intensity="1.498539e-002" type="0"/>
    <Peak1D F1="1.291182" intensity="1.307925e-002" type="0"/>
    <Peak1D F1="1.225622" intensity="3.341375e-002" type="0"/>
    <Peak1D F1="1.179258" intensity="4.660668e-002" type="0"/>
    <Peak1D F1="1.159852" intensity="1.502264e-002" type="0"/>
    <Peak1D F1="1.144082" intensity="9.761501e-003" type="0"/>
    <Peak1D F1="1.016082" intensity="3.995220e-003" type="0"/>
    <Peak1D F1="0.975705" intensity="3.418342e-003" type="0"/>
    <Peak1D F1="0.937484" intensity="3.456831e-003" type="0"/>
    <Peak1D F1="0.909085" intensity="3.245802e-003" type="0"/>
    <Peak1D F1="0.898461" intensity="3.076021e-003" type="0"/>
    <Peak1D F1="0.851031" intensity="3.238989e-003" type="0"/>
    <Peak1D F1="0.842429" intensity="3.483693e-003" type="0"/>
    <Peak1D F1="0.818416" intensity="9.831809e-003" type="0"/>
    <Peak1D F1="0.802164" intensity="1.954477e-002" type="0"/>
    <Peak1D F1="0.784477" intensity="1.114191e-002" type="0"/>
    <Peak1D F1="0.666077" intensity="2.132971e-003" type="0"/>
    <Peak1D F1="0.624340" intensity="2.202712e-003" type="0"/>
    <Peak1D F1="0.581487" intensity="1.937952e-003" type="0"/>
    <Peak1D F1="0.568729" intensity="2.050502e-003" type="0"/>
    <Peak1D F1="0.537126" intensity="2.163982e-003" type="0"/>
    <Peak1D F1="0.501472" intensity="1.610721e-003" type="0"/>
    <Peak1D F1="0.489670" intensity="1.648572e-003" type="0"/>
    <Peak1D F1="0.470175" intensity="1.591006e-003" type="0"/>
    <Peak1D F1="0.451301" intensity="1.626884e-003" type="0"/>
    <Peak1D F1="0.358687" intensity="1.613090e-003" type="0"/>
    <Peak1D F1="0.310974" intensity="1.327737e-003" type="0"/>
    <Peak1D F1="0.230622" intensity="1.599908e-003" type="0"/>
    <Peak1D F1="0.221854" intensity="1.296680e-003" type="0"/>
    <Peak1D F1="0.188300" intensity="1.660610e-003" type="0"/>
    <Peak1D F1="0.092138" intensity="1.182041e-003" type="0"/>
    <Peak1D F1="0.049606" intensity="1.743477e-003" type="0"/>
    <Peak1D F1="-0.000153" intensity="9.653836e-002" type="0"/>
    <Peak1D F1="-0.050481" intensity="1.394233e-003" type="0"/>
    <Peak1D F1="-3.243083" intensity="1.274603e-003" type="0"/>
    <Peak1D F1="-3.253497" intensity="1.345188e-003" type="0"/>
    <Peak1D F1="-3.524253" intensity="1.250881e-003" type="0"/>
    <Peak1D F1="-3.688051" intensity="1.224684e-003" type="0"/>
  </PeakList1D>
</PeakList>
