<?xml version="1.0" encoding="UTF-8"?>
<PeakList>
  <PeakList1D>
    <PeakList1DHeader creator="nmr" date="2021-04-13T19:12:49.950+03:00" expNo="20" name="ID-341-Crude-13.4.21" owner="" procNo="1" source="//132.72.8.180/400b/Milo/Milo">
      <PeakPickDetails>F1=16.097750ppm, F2=-3.931295ppm, MI=0.00cm, MAXI=10000.00cm, PC=1.000
      </PeakPickDetails>
    </PeakList1DHeader>
    <Peak1D F1="14.370385" intensity="8.540601e-003" type="0"/>
    <Peak1D F1="14.093649" intensity="9.545145e-003" type="0"/>
    <Peak1D F1="12.971817" intensity="8.651626e-003" type="0"/>
    <Peak1D F1="12.252990" intensity="8.971595e-003" type="0"/>
    <Peak1D F1="11.567079" intensity="7.789216e-003" type="0"/>
    <Peak1D F1="10.195608" intensity="8.545089e-003" type="0"/>
    <Peak1D F1="10.095809" intensity="8.245489e-003" type="0"/>
    <Peak1D F1="8.399957" intensity="8.364286e-003" type="0"/>
    <Peak1D F1="8.373800" intensity="1.437661e-002" type="0"/>
    <Peak1D F1="8.368137" intensity="1.916415e-002" type="0"/>
    <Peak1D F1="8.344781" intensity="1.699135e-002" type="0"/>
    <Peak1D F1="8.312549" intensity="1.237142e-002" type="0"/>
    <Peak1D F1="8.278878" intensity="2.316122e-002" type="0"/>
    <Peak1D F1="8.255983" intensity="2.700424e-002" type="0"/>
    <Peak1D F1="8.231179" intensity="2.042387e-001" type="0"/>
    <Peak1D F1="8.211068" intensity="3.808578e-001" type="0"/>
    <Peak1D F1="8.190041" intensity="3.096375e-001" type="0"/>
    <Peak1D F1="8.175715" intensity="1.997114e-001" type="0"/>
    <Peak1D F1="8.161525" intensity="2.511925e+000" type="0"/>
    <Peak1D F1="8.156826" intensity="1.661950e+000" type="0"/>
    <Peak1D F1="8.139832" intensity="2.667208e+000" type="0"/>
    <Peak1D F1="8.135020" intensity="1.218073e+000" type="0"/>
    <Peak1D F1="8.113758" intensity="1.529605e-001" type="0"/>
    <Peak1D F1="8.092853" intensity="1.375138e-001" type="0"/>
    <Peak1D F1="8.061475" intensity="9.932128e-003" type="0"/>
    <Peak1D F1="8.000558" intensity="8.267255e-003" type="0"/>
    <Peak1D F1="7.951318" intensity="1.514184e-002" type="0"/>
    <Peak1D F1="7.945840" intensity="1.399370e-002" type="0"/>
    <Peak1D F1="7.926167" intensity="1.664159e-002" type="0"/>
    <Peak1D F1="7.919654" intensity="1.696096e-002" type="0"/>
    <Peak1D F1="7.907099" intensity="1.239116e-002" type="0"/>
    <Peak1D F1="7.884912" intensity="2.041872e-001" type="0"/>
    <Peak1D F1="7.878064" intensity="2.024209e-001" type="0"/>
    <Peak1D F1="7.863325" intensity="2.180782e-001" type="0"/>
    <Peak1D F1="7.857055" intensity="2.024128e-001" type="0"/>
    <Peak1D F1="7.832984" intensity="1.810337e-002" type="0"/>
    <Peak1D F1="7.822760" intensity="1.117792e-002" type="0"/>
    <Peak1D F1="7.812526" intensity="1.896219e-002" type="0"/>
    <Peak1D F1="7.763509" intensity="8.092688e-003" type="0"/>
    <Peak1D F1="7.742745" intensity="9.804932e-003" type="0"/>
    <Peak1D F1="7.681681" intensity="2.223306e-002" type="0"/>
    <Peak1D F1="7.655105" intensity="3.890903e-002" type="0"/>
    <Peak1D F1="7.631732" intensity="2.459606e-001" type="0"/>
    <Peak1D F1="7.620419" intensity="8.752874e-002" type="0"/>
    <Peak1D F1="7.610124" intensity="2.576896e-001" type="0"/>
    <Peak1D F1="7.587091" intensity="3.805688e-002" type="0"/>
    <Peak1D F1="7.572834" intensity="2.817462e-002" type="0"/>
    <Peak1D F1="7.542982" intensity="2.016797e-001" type="0"/>
    <Peak1D F1="7.521176" intensity="2.211505e-001" type="0"/>
    <Peak1D F1="7.514546" intensity="1.283009e-001" type="0"/>
    <Peak1D F1="7.502981" intensity="1.474567e-001" type="0"/>
    <Peak1D F1="7.481343" intensity="2.406028e+000" type="0"/>
    <Peak1D F1="7.459678" intensity="2.644464e+000" type="0"/>
    <Peak1D F1="7.440069" intensity="6.950009e-001" type="0"/>
    <Peak1D F1="7.410023" intensity="4.002322e-002" type="0"/>
    <Peak1D F1="7.391818" intensity="1.432900e-002" type="0"/>
    <Peak1D F1="7.332805" intensity="1.121872e-002" type="0"/>
    <Peak1D F1="7.325624" intensity="1.697130e-002" type="0"/>
    <Peak1D F1="7.318099" intensity="1.483685e-002" type="0"/>
    <Peak1D F1="7.294553" intensity="1.555861e-002" type="0"/>
    <Peak1D F1="7.274713" intensity="1.999749e-002" type="0"/>
    <Peak1D F1="7.243142" intensity="1.446554e-001" type="0"/>
    <Peak1D F1="7.220034" intensity="5.376599e-002" type="0"/>
    <Peak1D F1="7.193271" intensity="9.036431e+000" type="0"/>
    <Peak1D F1="7.143107" intensity="1.228126e-001" type="0"/>
    <Peak1D F1="6.960227" intensity="1.305779e-001" type="0"/>
    <Peak1D F1="6.939116" intensity="1.202136e-001" type="0"/>
    <Peak1D F1="6.928698" intensity="6.821616e-002" type="0"/>
    <Peak1D F1="6.913395" intensity="1.933982e-001" type="0"/>
    <Peak1D F1="6.899549" intensity="2.208057e-001" type="0"/>
    <Peak1D F1="6.892549" intensity="2.112384e-001" type="0"/>
    <Peak1D F1="6.877754" intensity="2.243977e-001" type="0"/>
    <Peak1D F1="6.853618" intensity="1.148768e-001" type="0"/>
    <Peak1D F1="6.710533" intensity="2.933864e-002" type="0"/>
    <Peak1D F1="6.706782" intensity="2.685403e-002" type="0"/>
    <Peak1D F1="6.695235" intensity="1.031235e-002" type="0"/>
    <Peak1D F1="6.219078" intensity="1.729888e-002" type="0"/>
    <Peak1D F1="6.168520" intensity="9.406229e-003" type="0"/>
    <Peak1D F1="6.117713" intensity="1.469137e-001" type="0"/>
    <Peak1D F1="6.068806" intensity="7.359197e-002" type="0"/>
    <Peak1D F1="6.019024" intensity="4.949316e+000" type="0"/>
    <Peak1D F1="5.969180" intensity="6.735916e-002" type="0"/>
    <Peak1D F1="5.927274" intensity="1.035503e-002" type="0"/>
    <Peak1D F1="5.917181" intensity="9.792845e-003" type="0"/>
    <Peak1D F1="5.817449" intensity="1.437113e-002" type="0"/>
    <Peak1D F1="5.812521" intensity="9.627647e-003" type="0"/>
    <Peak1D F1="5.785724" intensity="8.173863e-002" type="0"/>
    <Peak1D F1="5.778409" intensity="8.401168e-002" type="0"/>
    <Peak1D F1="5.630481" intensity="8.444979e-002" type="0"/>
    <Peak1D F1="5.604364" intensity="8.881497e-002" type="0"/>
    <Peak1D F1="5.567205" intensity="8.367908e-003" type="0"/>
    <Peak1D F1="5.547826" intensity="9.046679e-003" type="0"/>
    <Peak1D F1="5.542708" intensity="9.215457e-003" type="0"/>
    <Peak1D F1="5.495992" intensity="4.064481e-002" type="0"/>
    <Peak1D F1="5.472148" intensity="2.770027e-002" type="0"/>
    <Peak1D F1="5.415314" intensity="1.752502e-002" type="0"/>
    <Peak1D F1="5.360079" intensity="3.461557e-001" type="0"/>
    <Peak1D F1="5.352758" intensity="3.479620e-001" type="0"/>
    <Peak1D F1="5.308956" intensity="1.659294e-002" type="0"/>
    <Peak1D F1="5.289759" intensity="8.059983e-003" type="0"/>
    <Peak1D F1="5.231101" intensity="3.215687e-001" type="0"/>
    <Peak1D F1="5.120743" intensity="9.129840e-003" type="0"/>
    <Peak1D F1="4.968400" intensity="1.188945e-002" type="0"/>
    <Peak1D F1="4.945008" intensity="1.279873e-002" type="0"/>
    <Peak1D F1="4.886580" intensity="1.393127e-002" type="0"/>
    <Peak1D F1="4.878012" intensity="1.242420e-002" type="0"/>
    <Peak1D F1="4.868711" intensity="2.955922e-002" type="0"/>
    <Peak1D F1="4.851608" intensity="5.248987e-002" type="0"/>
    <Peak1D F1="4.835596" intensity="4.708563e-002" type="0"/>
    <Peak1D F1="4.815150" intensity="4.833281e-002" type="0"/>
    <Peak1D F1="4.788154" intensity="1.244321e+000" type="0"/>
    <Peak1D F1="4.765208" intensity="1.267239e+000" type="0"/>
    <Peak1D F1="4.737569" intensity="6.461625e-002" type="0"/>
    <Peak1D F1="4.679083" intensity="1.490708e-001" type="0"/>
    <Peak1D F1="4.582403" intensity="2.493886e-002" type="0"/>
    <Peak1D F1="4.564078" intensity="1.792947e-002" type="0"/>
    <Peak1D F1="4.546885" intensity="1.635813e-002" type="0"/>
    <Peak1D F1="4.527587" intensity="1.445686e-002" type="0"/>
    <Peak1D F1="4.499905" intensity="1.078592e-002" type="0"/>
    <Peak1D F1="4.485354" intensity="9.999707e-003" type="0"/>
    <Peak1D F1="4.437551" intensity="1.122584e-002" type="0"/>
    <Peak1D F1="4.414347" intensity="8.581906e-003" type="0"/>
    <Peak1D F1="4.400506" intensity="8.823642e-003" type="0"/>
    <Peak1D F1="4.304294" intensity="9.108212e-003" type="0"/>
    <Peak1D F1="4.036183" intensity="9.508394e-003" type="0"/>
    <Peak1D F1="4.003537" intensity="9.833350e-003" type="0"/>
    <Peak1D F1="3.971213" intensity="1.956568e-002" type="0"/>
    <Peak1D F1="3.957555" intensity="2.008452e-002" type="0"/>
    <Peak1D F1="3.926633" intensity="9.174491e-003" type="0"/>
    <Peak1D F1="3.902136" intensity="9.825497e-003" type="0"/>
    <Peak1D F1="3.879919" intensity="9.157841e-002" type="0"/>
    <Peak1D F1="3.846223" intensity="5.241576e-002" type="0"/>
    <Peak1D F1="3.829042" intensity="5.063654e-001" type="0"/>
    <Peak1D F1="3.813190" intensity="4.967415e-001" type="0"/>
    <Peak1D F1="3.798108" intensity="8.687453e-001" type="0"/>
    <Peak1D F1="3.794291" intensity="8.639898e-001" type="0"/>
    <Peak1D F1="3.781419" intensity="1.658968e-001" type="0"/>
    <Peak1D F1="3.774697" intensity="5.291918e-001" type="0"/>
    <Peak1D F1="3.752066" intensity="2.520540e-001" type="0"/>
    <Peak1D F1="3.747023" intensity="3.239100e-001" type="0"/>
    <Peak1D F1="3.724479" intensity="1.080170e-001" type="0"/>
    <Peak1D F1="3.702217" intensity="1.500000e+001" type="0"/>
    <Peak1D F1="3.670419" intensity="3.145676e-002" type="0"/>
    <Peak1D F1="3.652304" intensity="2.169532e-001" type="0"/>
    <Peak1D F1="3.603553" intensity="1.083543e-002" type="0"/>
    <Peak1D F1="3.520138" intensity="7.751496e-002" type="0"/>
    <Peak1D F1="3.176369" intensity="1.187925e-002" type="0"/>
    <Peak1D F1="2.961863" intensity="1.004415e-002" type="0"/>
    <Peak1D F1="2.944376" intensity="1.562179e-002" type="0"/>
    <Peak1D F1="2.936559" intensity="1.501690e-002" type="0"/>
    <Peak1D F1="2.919054" intensity="1.187004e-002" type="0"/>
    <Peak1D F1="2.778980" intensity="9.364170e-003" type="0"/>
    <Peak1D F1="2.767351" intensity="1.386163e-002" type="0"/>
    <Peak1D F1="2.737354" intensity="2.671930e-002" type="0"/>
    <Peak1D F1="2.711751" intensity="4.192090e-002" type="0"/>
    <Peak1D F1="2.692694" intensity="2.390168e-002" type="0"/>
    <Peak1D F1="2.669215" intensity="1.071268e-002" type="0"/>
    <Peak1D F1="2.639273" intensity="1.972225e-002" type="0"/>
    <Peak1D F1="2.614026" intensity="2.117983e-002" type="0"/>
    <Peak1D F1="2.604826" intensity="2.103355e-002" type="0"/>
    <Peak1D F1="2.564072" intensity="2.555342e-002" type="0"/>
    <Peak1D F1="2.534450" intensity="2.038792e-002" type="0"/>
    <Peak1D F1="2.522259" intensity="2.491265e-002" type="0"/>
    <Peak1D F1="2.499528" intensity="3.387452e-002" type="0"/>
    <Peak1D F1="2.488044" intensity="3.432407e-002" type="0"/>
    <Peak1D F1="2.476415" intensity="3.639997e-002" type="0"/>
    <Peak1D F1="2.437532" intensity="3.207926e-001" type="0"/>
    <Peak1D F1="2.419133" intensity="3.736550e-001" type="0"/>
    <Peak1D F1="2.416660" intensity="3.767786e-001" type="0"/>
    <Peak1D F1="2.391100" intensity="4.539941e-001" type="0"/>
    <Peak1D F1="2.378391" intensity="2.210374e-001" type="0"/>
    <Peak1D F1="2.367976" intensity="4.766321e-001" type="0"/>
    <Peak1D F1="2.347465" intensity="3.032206e-001" type="0"/>
    <Peak1D F1="2.325039" intensity="4.785708e-001" type="0"/>
    <Peak1D F1="2.317290" intensity="3.683876e-001" type="0"/>
    <Peak1D F1="2.295092" intensity="4.926836e-001" type="0"/>
    <Peak1D F1="2.273972" intensity="2.581466e-001" type="0"/>
    <Peak1D F1="2.257040" intensity="4.099578e-001" type="0"/>
    <Peak1D F1="2.234781" intensity="5.003289e-001" type="0"/>
    <Peak1D F1="2.231159" intensity="4.619516e-001" type="0"/>
    <Peak1D F1="2.221512" intensity="1.146869e-001" type="0"/>
    <Peak1D F1="2.208241" intensity="5.974655e-001" type="0"/>
    <Peak1D F1="2.196270" intensity="9.870443e-002" type="0"/>
    <Peak1D F1="2.186739" intensity="3.232237e-001" type="0"/>
    <Peak1D F1="2.182192" intensity="3.201924e-001" type="0"/>
    <Peak1D F1="2.159586" intensity="4.073405e-001" type="0"/>
    <Peak1D F1="2.148636" intensity="2.388524e-001" type="0"/>
    <Peak1D F1="2.135235" intensity="2.853945e-001" type="0"/>
    <Peak1D F1="2.118036" intensity="2.739992e+000" type="0"/>
    <Peak1D F1="2.109344" intensity="2.415612e+000" type="0"/>
    <Peak1D F1="2.098682" intensity="8.547308e+000" type="0"/>
    <Peak1D F1="2.088270" intensity="2.607331e+000" type="0"/>
    <Peak1D F1="2.080117" intensity="4.364882e+000" type="0"/>
    <Peak1D F1="2.049390" intensity="2.895107e-001" type="0"/>
    <Peak1D F1="2.041068" intensity="2.742530e-001" type="0"/>
    <Peak1D F1="2.029466" intensity="1.526117e-001" type="0"/>
    <Peak1D F1="1.989924" intensity="2.621768e-001" type="0"/>
    <Peak1D F1="1.973204" intensity="3.368538e-001" type="0"/>
    <Peak1D F1="1.968490" intensity="4.078366e-001" type="0"/>
    <Peak1D F1="1.962385" intensity="4.598452e-001" type="0"/>
    <Peak1D F1="1.957859" intensity="4.672114e-001" type="0"/>
    <Peak1D F1="1.952347" intensity="4.964183e-001" type="0"/>
    <Peak1D F1="1.941558" intensity="5.891809e-001" type="0"/>
    <Peak1D F1="1.934534" intensity="6.904576e-001" type="0"/>
    <Peak1D F1="1.923252" intensity="7.198456e-001" type="0"/>
    <Peak1D F1="1.911747" intensity="4.306046e+000" type="0"/>
    <Peak1D F1="1.900858" intensity="3.805562e+000" type="0"/>
    <Peak1D F1="1.892238" intensity="8.742679e+000" type="0"/>
    <Peak1D F1="1.882340" intensity="3.607649e+000" type="0"/>
    <Peak1D F1="1.873011" intensity="2.861312e+000" type="0"/>
    <Peak1D F1="1.860380" intensity="4.352797e-001" type="0"/>
    <Peak1D F1="1.850311" intensity="2.475842e-001" type="0"/>
    <Peak1D F1="1.842414" intensity="2.308153e-001" type="0"/>
    <Peak1D F1="1.831843" intensity="1.370156e-001" type="0"/>
    <Peak1D F1="1.823713" intensity="1.037487e-001" type="0"/>
    <Peak1D F1="1.793365" intensity="5.456189e-002" type="0"/>
    <Peak1D F1="1.787600" intensity="4.987564e-002" type="0"/>
    <Peak1D F1="1.761961" intensity="5.403610e-002" type="0"/>
    <Peak1D F1="1.745754" intensity="1.390537e-001" type="0"/>
    <Peak1D F1="1.729790" intensity="1.906358e-001" type="0"/>
    <Peak1D F1="1.724854" intensity="1.956267e-001" type="0"/>
    <Peak1D F1="1.717578" intensity="2.270857e-001" type="0"/>
    <Peak1D F1="1.708995" intensity="2.636420e-001" type="0"/>
    <Peak1D F1="1.701640" intensity="3.846490e-001" type="0"/>
    <Peak1D F1="1.697650" intensity="3.596140e-001" type="0"/>
    <Peak1D F1="1.679186" intensity="8.533973e-001" type="0"/>
    <Peak1D F1="1.671356" intensity="6.191688e-001" type="0"/>
    <Peak1D F1="1.665168" intensity="5.973818e-001" type="0"/>
    <Peak1D F1="1.654622" intensity="9.075219e-001" type="0"/>
    <Peak1D F1="1.649894" intensity="7.321751e-001" type="0"/>
    <Peak1D F1="1.637571" intensity="5.242071e-001" type="0"/>
    <Peak1D F1="1.632777" intensity="6.680511e-001" type="0"/>
    <Peak1D F1="1.621719" intensity="2.860556e-001" type="0"/>
    <Peak1D F1="1.617113" intensity="3.485075e-001" type="0"/>
    <Peak1D F1="1.587003" intensity="1.152526e-001" type="0"/>
    <Peak1D F1="1.563286" intensity="1.307657e-001" type="0"/>
    <Peak1D F1="1.546931" intensity="1.494954e-001" type="0"/>
    <Peak1D F1="1.534718" intensity="3.275381e-001" type="0"/>
    <Peak1D F1="1.518980" intensity="2.607600e-001" type="0"/>
    <Peak1D F1="1.512381" intensity="2.962046e-001" type="0"/>
    <Peak1D F1="1.499881" intensity="5.188373e-001" type="0"/>
    <Peak1D F1="1.482880" intensity="6.019849e-001" type="0"/>
    <Peak1D F1="1.469860" intensity="4.301443e-001" type="0"/>
    <Peak1D F1="1.453423" intensity="4.013854e-001" type="0"/>
    <Peak1D F1="1.434936" intensity="1.282370e-001" type="0"/>
    <Peak1D F1="1.423132" intensity="1.420720e-001" type="0"/>
    <Peak1D F1="1.395319" intensity="5.194351e-002" type="0"/>
    <Peak1D F1="1.364290" intensity="4.445650e-002" type="0"/>
    <Peak1D F1="1.336877" intensity="5.633907e-002" type="0"/>
    <Peak1D F1="1.311805" intensity="5.121003e-002" type="0"/>
    <Peak1D F1="1.273766" intensity="6.785177e-002" type="0"/>
    <Peak1D F1="1.262623" intensity="6.735212e-002" type="0"/>
    <Peak1D F1="1.257131" intensity="6.539910e-002" type="0"/>
    <Peak1D F1="1.234700" intensity="1.060216e-001" type="0"/>
    <Peak1D F1="1.215111" intensity="1.126962e-001" type="0"/>
    <Peak1D F1="1.207002" intensity="1.087107e-001" type="0"/>
    <Peak1D F1="1.184837" intensity="2.735910e-001" type="0"/>
    <Peak1D F1="1.136215" intensity="1.769171e-002" type="0"/>
    <Peak1D F1="1.086271" intensity="9.595484e-003" type="0"/>
    <Peak1D F1="1.070072" intensity="9.887116e-003" type="0"/>
    <Peak1D F1="1.044198" intensity="9.661296e-003" type="0"/>
    <Peak1D F1="1.011615" intensity="8.524365e-003" type="0"/>
    <Peak1D F1="0.989757" intensity="1.110110e-002" type="0"/>
    <Peak1D F1="0.975260" intensity="8.301122e-003" type="0"/>
    <Peak1D F1="0.963575" intensity="1.042795e-002" type="0"/>
    <Peak1D F1="0.939353" intensity="8.306213e-003" type="0"/>
    <Peak1D F1="0.856706" intensity="9.836203e-003" type="0"/>
    <Peak1D F1="0.825831" intensity="4.319614e-002" type="0"/>
    <Peak1D F1="0.813861" intensity="7.827314e-002" type="0"/>
    <Peak1D F1="0.794072" intensity="4.287614e-002" type="0"/>
    <Peak1D F1="0.765122" intensity="2.468044e-002" type="0"/>
    <Peak1D F1="0.742287" intensity="1.434559e-002" type="0"/>
    <Peak1D F1="0.534852" intensity="8.234031e-003" type="0"/>
    <Peak1D F1="0.500888" intensity="8.092463e-003" type="0"/>
    <Peak1D F1="0.481711" intensity="8.245264e-003" type="0"/>
    <Peak1D F1="0.464401" intensity="8.599293e-003" type="0"/>
    <Peak1D F1="0.449960" intensity="8.541448e-003" type="0"/>
    <Peak1D F1="0.413968" intensity="8.289888e-003" type="0"/>
    <Peak1D F1="0.396604" intensity="1.100864e-002" type="0"/>
    <Peak1D F1="0.390445" intensity="1.389807e-002" type="0"/>
    <Peak1D F1="0.365496" intensity="9.516859e-003" type="0"/>
    <Peak1D F1="0.337491" intensity="1.031361e-002" type="0"/>
    <Peak1D F1="0.275561" intensity="8.708428e-003" type="0"/>
    <Peak1D F1="0.263388" intensity="8.191030e-003" type="0"/>
    <Peak1D F1="0.050409" intensity="1.214427e-002" type="0"/>
    <Peak1D F1="-0.000158" intensity="5.003760e-001" type="0"/>
    <Peak1D F1="-0.026508" intensity="8.672885e-003" type="0"/>
    <Peak1D F1="-0.050882" intensity="9.142966e-003" type="0"/>
    <Peak1D F1="-0.069570" intensity="8.259187e-003" type="0"/>
    <Peak1D F1="-2.901456" intensity="7.997735e-003" type="0"/>
    <Peak1D F1="-3.073381" intensity="7.958592e-003" type="0"/>
    <Peak1D F1="-3.226269" intensity="9.080419e-003" type="0"/>
    <Peak1D F1="-3.409462" intensity="8.140770e-003" type="0"/>
    <Peak1D F1="-3.544819" intensity="7.970626e-003" type="0"/>
    <Peak1D F1="-3.598011" intensity="9.197903e-003" type="0"/>
    <Peak1D F1="-3.608447" intensity="8.307079e-003" type="0"/>
    <Peak1D F1="-3.636593" intensity="8.613114e-003" type="0"/>
    <Peak1D F1="-3.654284" intensity="9.508058e-003" type="0"/>
    <Peak1D F1="-3.667919" intensity="7.970657e-003" type="0"/>
    <Peak1D F1="-3.701163" intensity="8.765971e-003" type="0"/>
    <Peak1D F1="-3.731955" intensity="8.209368e-003" type="0"/>
    <Peak1D F1="-3.783654" intensity="9.617639e-003" type="0"/>
    <Peak1D F1="-3.803385" intensity="8.319848e-003" type="0"/>
  </PeakList1D>
</PeakList>
