<?xml version="1.0" encoding="UTF-8"?>
<PeakList>
  <PeakList1D>
    <PeakList1DHeader creator="nmr" date="2021-04-13T16:09:40.751+03:00" expNo="10" name="ID-339-Crude-13.04.21" owner="" procNo="1" source="//132.72.8.180/400b/Milo/Milo">
      <PeakPickDetails>F1=16.099739ppm, F2=-3.929306ppm, MI=0.00cm, MAXI=10000.00cm, PC=1.000
      </PeakPickDetails>
    </PeakList1DHeader>
    <Peak1D F1="12.626310" intensity="8.036202e-003" type="0"/>
    <Peak1D F1="11.440362" intensity="7.670306e-003" type="0"/>
    <Peak1D F1="8.365251" intensity="1.333256e-002" type="0"/>
    <Peak1D F1="8.343663" intensity="1.583470e-002" type="0"/>
    <Peak1D F1="8.272808" intensity="1.973113e-002" type="0"/>
    <Peak1D F1="8.251128" intensity="2.354147e-002" type="0"/>
    <Peak1D F1="8.231548" intensity="1.137428e-001" type="0"/>
    <Peak1D F1="8.210328" intensity="2.600264e-001" type="0"/>
    <Peak1D F1="8.188667" intensity="2.111609e-001" type="0"/>
    <Peak1D F1="8.178061" intensity="1.689282e-001" type="0"/>
    <Peak1D F1="8.166264" intensity="5.100844e-001" type="0"/>
    <Peak1D F1="8.160258" intensity="2.450800e+000" type="0"/>
    <Peak1D F1="8.155215" intensity="1.391744e+000" type="0"/>
    <Peak1D F1="8.143141" intensity="9.221297e-001" type="0"/>
    <Peak1D F1="8.138324" intensity="2.584311e+000" type="0"/>
    <Peak1D F1="8.132722" intensity="9.479641e-001" type="0"/>
    <Peak1D F1="8.110088" intensity="6.139708e-002" type="0"/>
    <Peak1D F1="8.102387" intensity="6.125896e-002" type="0"/>
    <Peak1D F1="8.088769" intensity="4.811556e-002" type="0"/>
    <Peak1D F1="8.069535" intensity="1.572916e-001" type="0"/>
    <Peak1D F1="8.049953" intensity="1.678108e-001" type="0"/>
    <Peak1D F1="8.022532" intensity="1.095910e-002" type="0"/>
    <Peak1D F1="7.945947" intensity="1.013485e-002" type="0"/>
    <Peak1D F1="7.926963" intensity="9.667397e-003" type="0"/>
    <Peak1D F1="7.855174" intensity="1.406756e-002" type="0"/>
    <Peak1D F1="7.831722" intensity="1.080523e-001" type="0"/>
    <Peak1D F1="7.825728" intensity="1.083973e-001" type="0"/>
    <Peak1D F1="7.811762" intensity="1.141657e-001" type="0"/>
    <Peak1D F1="7.806251" intensity="1.021352e-001" type="0"/>
    <Peak1D F1="7.764100" intensity="7.826536e-003" type="0"/>
    <Peak1D F1="7.725947" intensity="8.353360e-003" type="0"/>
    <Peak1D F1="7.685578" intensity="1.313564e-002" type="0"/>
    <Peak1D F1="7.663185" intensity="1.675937e-002" type="0"/>
    <Peak1D F1="7.635728" intensity="8.995740e-002" type="0"/>
    <Peak1D F1="7.614567" intensity="9.626111e-002" type="0"/>
    <Peak1D F1="7.606038" intensity="5.909047e-002" type="0"/>
    <Peak1D F1="7.586297" intensity="1.323953e-001" type="0"/>
    <Peak1D F1="7.566740" intensity="1.124057e-001" type="0"/>
    <Peak1D F1="7.541198" intensity="1.160046e-001" type="0"/>
    <Peak1D F1="7.519889" intensity="1.600600e-001" type="0"/>
    <Peak1D F1="7.511003" intensity="1.315840e-001" type="0"/>
    <Peak1D F1="7.503728" intensity="1.435916e-001" type="0"/>
    <Peak1D F1="7.493501" intensity="2.839469e-001" type="0"/>
    <Peak1D F1="7.487111" intensity="4.335192e-001" type="0"/>
    <Peak1D F1="7.481089" intensity="2.317299e+000" type="0"/>
    <Peak1D F1="7.476300" intensity="8.735875e-001" type="0"/>
    <Peak1D F1="7.459238" intensity="2.327918e+000" type="0"/>
    <Peak1D F1="7.453553" intensity="4.359323e-001" type="0"/>
    <Peak1D F1="7.440817" intensity="5.175179e-001" type="0"/>
    <Peak1D F1="7.409150" intensity="4.062602e-002" type="0"/>
    <Peak1D F1="7.388727" intensity="1.429144e-002" type="0"/>
    <Peak1D F1="7.323820" intensity="1.677513e-002" type="0"/>
    <Peak1D F1="7.289538" intensity="2.095855e-002" type="0"/>
    <Peak1D F1="7.255454" intensity="1.566488e-001" type="0"/>
    <Peak1D F1="7.244585" intensity="1.275491e-001" type="0"/>
    <Peak1D F1="7.236746" intensity="1.549881e-001" type="0"/>
    <Peak1D F1="7.194674" intensity="6.798570e+000" type="0"/>
    <Peak1D F1="7.171652" intensity="1.151841e-001" type="0"/>
    <Peak1D F1="7.161620" intensity="1.233616e-001" type="0"/>
    <Peak1D F1="7.144587" intensity="1.905567e-001" type="0"/>
    <Peak1D F1="6.948340" intensity="8.656317e-003" type="0"/>
    <Peak1D F1="6.930677" intensity="3.099454e-002" type="0"/>
    <Peak1D F1="6.650424" intensity="8.096101e-003" type="0"/>
    <Peak1D F1="6.221861" intensity="1.221300e-002" type="0"/>
    <Peak1D F1="6.216643" intensity="1.599784e-002" type="0"/>
    <Peak1D F1="6.117422" intensity="9.086075e-002" type="0"/>
    <Peak1D F1="6.084111" intensity="1.177715e-002" type="0"/>
    <Peak1D F1="6.068343" intensity="7.548568e-002" type="0"/>
    <Peak1D F1="6.036782" intensity="6.357975e-002" type="0"/>
    <Peak1D F1="6.018204" intensity="4.946621e+000" type="0"/>
    <Peak1D F1="5.968542" intensity="7.399032e-002" type="0"/>
    <Peak1D F1="5.947926" intensity="1.987018e-002" type="0"/>
    <Peak1D F1="5.937223" intensity="1.965717e-002" type="0"/>
    <Peak1D F1="5.816944" intensity="1.454585e-002" type="0"/>
    <Peak1D F1="5.801742" intensity="4.230101e-002" type="0"/>
    <Peak1D F1="5.794752" intensity="4.383544e-002" type="0"/>
    <Peak1D F1="5.647372" intensity="4.788410e-002" type="0"/>
    <Peak1D F1="5.620685" intensity="4.765885e-002" type="0"/>
    <Peak1D F1="5.490972" intensity="3.349749e-002" type="0"/>
    <Peak1D F1="5.473319" intensity="3.824220e-002" type="0"/>
    <Peak1D F1="5.466896" intensity="3.867045e-002" type="0"/>
    <Peak1D F1="5.428381" intensity="8.784760e-003" type="0"/>
    <Peak1D F1="5.410211" intensity="9.984510e-003" type="0"/>
    <Peak1D F1="5.396821" intensity="1.174073e-002" type="0"/>
    <Peak1D F1="5.358353" intensity="2.196918e-001" type="0"/>
    <Peak1D F1="5.351301" intensity="2.205811e-001" type="0"/>
    <Peak1D F1="5.311380" intensity="1.218610e-002" type="0"/>
    <Peak1D F1="5.294759" intensity="9.068587e-003" type="0"/>
    <Peak1D F1="5.281348" intensity="1.724749e-002" type="0"/>
    <Peak1D F1="5.272694" intensity="1.073014e-002" type="0"/>
    <Peak1D F1="5.231310" intensity="1.133727e+000" type="0"/>
    <Peak1D F1="5.217609" intensity="1.411865e-002" type="0"/>
    <Peak1D F1="5.182053" intensity="1.878300e-002" type="0"/>
    <Peak1D F1="5.167465" intensity="1.157806e-002" type="0"/>
    <Peak1D F1="5.139869" intensity="8.231837e-003" type="0"/>
    <Peak1D F1="4.889599" intensity="1.256096e-002" type="0"/>
    <Peak1D F1="4.870992" intensity="1.971232e-002" type="0"/>
    <Peak1D F1="4.854915" intensity="6.930313e-002" type="0"/>
    <Peak1D F1="4.832950" intensity="5.989759e-002" type="0"/>
    <Peak1D F1="4.816757" intensity="3.798411e-002" type="0"/>
    <Peak1D F1="4.789710" intensity="1.139905e+000" type="0"/>
    <Peak1D F1="4.766858" intensity="1.160667e+000" type="0"/>
    <Peak1D F1="4.739057" intensity="5.641772e-002" type="0"/>
    <Peak1D F1="4.685363" intensity="2.340329e-001" type="0"/>
    <Peak1D F1="4.606516" intensity="2.537807e-002" type="0"/>
    <Peak1D F1="4.539008" intensity="9.821580e-003" type="0"/>
    <Peak1D F1="4.340369" intensity="9.526402e-003" type="0"/>
    <Peak1D F1="3.970665" intensity="1.202532e-002" type="0"/>
    <Peak1D F1="3.953449" intensity="1.013492e-002" type="0"/>
    <Peak1D F1="3.878970" intensity="7.774656e-002" type="0"/>
    <Peak1D F1="3.845095" intensity="2.146424e-002" type="0"/>
    <Peak1D F1="3.812501" intensity="2.698494e-001" type="0"/>
    <Peak1D F1="3.800928" intensity="2.492798e-002" type="0"/>
    <Peak1D F1="3.751569" intensity="2.333183e-001" type="0"/>
    <Peak1D F1="3.746500" intensity="1.830012e-001" type="0"/>
    <Peak1D F1="3.701555" intensity="1.500000e+001" type="0"/>
    <Peak1D F1="3.651878" intensity="2.256952e-001" type="0"/>
    <Peak1D F1="3.519370" intensity="7.871067e-002" type="0"/>
    <Peak1D F1="2.943481" intensity="1.256925e-002" type="0"/>
    <Peak1D F1="2.925885" intensity="8.323012e-003" type="0"/>
    <Peak1D F1="2.751847" intensity="1.647808e-002" type="0"/>
    <Peak1D F1="2.725607" intensity="2.123272e-002" type="0"/>
    <Peak1D F1="2.717368" intensity="1.928254e-002" type="0"/>
    <Peak1D F1="2.625702" intensity="2.305172e-002" type="0"/>
    <Peak1D F1="2.603614" intensity="2.601708e-002" type="0"/>
    <Peak1D F1="2.562319" intensity="2.923365e-002" type="0"/>
    <Peak1D F1="2.540794" intensity="3.097498e-002" type="0"/>
    <Peak1D F1="2.532911" intensity="3.127322e-002" type="0"/>
    <Peak1D F1="2.518622" intensity="4.052421e-002" type="0"/>
    <Peak1D F1="2.497120" intensity="5.031968e-002" type="0"/>
    <Peak1D F1="2.488266" intensity="4.078297e-002" type="0"/>
    <Peak1D F1="2.476057" intensity="4.436178e-002" type="0"/>
    <Peak1D F1="2.440345" intensity="2.354515e-001" type="0"/>
    <Peak1D F1="2.435568" intensity="2.809965e-001" type="0"/>
    <Peak1D F1="2.417981" intensity="2.779064e-001" type="0"/>
    <Peak1D F1="2.414247" intensity="3.168835e-001" type="0"/>
    <Peak1D F1="2.390268" intensity="3.865131e-001" type="0"/>
    <Peak1D F1="2.386838" intensity="3.942061e-001" type="0"/>
    <Peak1D F1="2.378197" intensity="6.882151e-001" type="0"/>
    <Peak1D F1="2.366222" intensity="4.682472e-001" type="0"/>
    <Peak1D F1="2.346983" intensity="5.209196e-001" type="0"/>
    <Peak1D F1="2.339660" intensity="4.170574e-001" type="0"/>
    <Peak1D F1="2.326034" intensity="5.519265e-001" type="0"/>
    <Peak1D F1="2.318909" intensity="5.060234e-001" type="0"/>
    <Peak1D F1="2.315091" intensity="5.489513e-001" type="0"/>
    <Peak1D F1="2.306530" intensity="3.933010e-001" type="0"/>
    <Peak1D F1="2.296305" intensity="4.456623e-001" type="0"/>
    <Peak1D F1="2.276411" intensity="2.446820e-001" type="0"/>
    <Peak1D F1="2.255225" intensity="4.026516e-001" type="0"/>
    <Peak1D F1="2.233060" intensity="4.610832e-001" type="0"/>
    <Peak1D F1="2.228752" intensity="4.399822e-001" type="0"/>
    <Peak1D F1="2.217259" intensity="1.047060e-001" type="0"/>
    <Peak1D F1="2.206279" intensity="5.917808e-001" type="0"/>
    <Peak1D F1="2.184917" intensity="3.301604e-001" type="0"/>
    <Peak1D F1="2.180017" intensity="3.384021e-001" type="0"/>
    <Peak1D F1="2.157658" intensity="4.191684e-001" type="0"/>
    <Peak1D F1="2.147946" intensity="3.221219e-001" type="0"/>
    <Peak1D F1="2.135181" intensity="3.482903e-001" type="0"/>
    <Peak1D F1="2.117573" intensity="3.568368e+000" type="0"/>
    <Peak1D F1="2.109130" intensity="2.898451e+000" type="0"/>
    <Peak1D F1="2.107084" intensity="3.015490e+000" type="0"/>
    <Peak1D F1="2.097986" intensity="1.124343e+001" type="0"/>
    <Peak1D F1="2.086442" intensity="3.189452e+000" type="0"/>
    <Peak1D F1="2.079208" intensity="5.591478e+000" type="0"/>
    <Peak1D F1="2.057962" intensity="3.108538e-001" type="0"/>
    <Peak1D F1="2.054338" intensity="3.069892e-001" type="0"/>
    <Peak1D F1="2.048492" intensity="3.285664e-001" type="0"/>
    <Peak1D F1="2.040903" intensity="2.611279e-001" type="0"/>
    <Peak1D F1="2.029545" intensity="1.666500e-001" type="0"/>
    <Peak1D F1="2.022514" intensity="9.894372e-002" type="0"/>
    <Peak1D F1="1.993025" intensity="1.953993e-001" type="0"/>
    <Peak1D F1="1.989015" intensity="2.416399e-001" type="0"/>
    <Peak1D F1="1.984160" intensity="2.034838e-001" type="0"/>
    <Peak1D F1="1.972347" intensity="2.951758e-001" type="0"/>
    <Peak1D F1="1.966872" intensity="3.621874e-001" type="0"/>
    <Peak1D F1="1.961220" intensity="4.662456e-001" type="0"/>
    <Peak1D F1="1.956517" intensity="4.463195e-001" type="0"/>
    <Peak1D F1="1.951856" intensity="4.725541e-001" type="0"/>
    <Peak1D F1="1.942388" intensity="5.860950e-001" type="0"/>
    <Peak1D F1="1.938812" intensity="5.914980e-001" type="0"/>
    <Peak1D F1="1.933573" intensity="7.739832e-001" type="0"/>
    <Peak1D F1="1.930242" intensity="7.099987e-001" type="0"/>
    <Peak1D F1="1.926293" intensity="8.378046e-001" type="0"/>
    <Peak1D F1="1.921741" intensity="9.118898e-001" type="0"/>
    <Peak1D F1="1.911427" intensity="5.727226e+000" type="0"/>
    <Peak1D F1="1.900085" intensity="4.731203e+000" type="0"/>
    <Peak1D F1="1.891816" intensity="1.192223e+001" type="0"/>
    <Peak1D F1="1.883310" intensity="4.222698e+000" type="0"/>
    <Peak1D F1="1.880864" intensity="4.279408e+000" type="0"/>
    <Peak1D F1="1.872378" intensity="3.654607e+000" type="0"/>
    <Peak1D F1="1.860639" intensity="4.935905e-001" type="0"/>
    <Peak1D F1="1.850396" intensity="2.914357e-001" type="0"/>
    <Peak1D F1="1.842195" intensity="2.722988e-001" type="0"/>
    <Peak1D F1="1.834619" intensity="1.443705e-001" type="0"/>
    <Peak1D F1="1.822552" intensity="1.104353e-001" type="0"/>
    <Peak1D F1="1.761098" intensity="5.920170e-002" type="0"/>
    <Peak1D F1="1.745242" intensity="1.408503e-001" type="0"/>
    <Peak1D F1="1.729599" intensity="1.905574e-001" type="0"/>
    <Peak1D F1="1.724452" intensity="1.986302e-001" type="0"/>
    <Peak1D F1="1.716962" intensity="2.170473e-001" type="0"/>
    <Peak1D F1="1.708439" intensity="2.612386e-001" type="0"/>
    <Peak1D F1="1.701307" intensity="3.583834e-001" type="0"/>
    <Peak1D F1="1.697371" intensity="3.116888e-001" type="0"/>
    <Peak1D F1="1.692822" intensity="2.560103e-001" type="0"/>
    <Peak1D F1="1.685393" intensity="3.271398e-001" type="0"/>
    <Peak1D F1="1.679473" intensity="8.135693e-001" type="0"/>
    <Peak1D F1="1.670850" intensity="5.327486e-001" type="0"/>
    <Peak1D F1="1.665043" intensity="4.775253e-001" type="0"/>
    <Peak1D F1="1.654267" intensity="7.536317e-001" type="0"/>
    <Peak1D F1="1.649951" intensity="6.305173e-001" type="0"/>
    <Peak1D F1="1.642534" intensity="3.726737e-001" type="0"/>
    <Peak1D F1="1.638316" intensity="4.880286e-001" type="0"/>
    <Peak1D F1="1.633298" intensity="5.449716e-001" type="0"/>
    <Peak1D F1="1.622335" intensity="2.409548e-001" type="0"/>
    <Peak1D F1="1.617490" intensity="3.067502e-001" type="0"/>
    <Peak1D F1="1.600827" intensity="1.020535e-001" type="0"/>
    <Peak1D F1="1.586342" intensity="9.070001e-002" type="0"/>
    <Peak1D F1="1.574128" intensity="8.700553e-002" type="0"/>
    <Peak1D F1="1.534852" intensity="2.626208e-001" type="0"/>
    <Peak1D F1="1.519276" intensity="1.994272e-001" type="0"/>
    <Peak1D F1="1.512636" intensity="2.256679e-001" type="0"/>
    <Peak1D F1="1.500501" intensity="3.948803e-001" type="0"/>
    <Peak1D F1="1.483060" intensity="5.049771e-001" type="0"/>
    <Peak1D F1="1.470268" intensity="3.329462e-001" type="0"/>
    <Peak1D F1="1.453512" intensity="3.193087e-001" type="0"/>
    <Peak1D F1="1.440438" intensity="7.456081e-002" type="0"/>
    <Peak1D F1="1.435836" intensity="9.454748e-002" type="0"/>
    <Peak1D F1="1.423160" intensity="1.166411e-001" type="0"/>
    <Peak1D F1="1.400344" intensity="3.476297e-002" type="0"/>
    <Peak1D F1="1.374595" intensity="2.635079e-002" type="0"/>
    <Peak1D F1="1.339977" intensity="3.247712e-002" type="0"/>
    <Peak1D F1="1.321709" intensity="2.871247e-002" type="0"/>
    <Peak1D F1="1.262482" intensity="4.476089e-002" type="0"/>
    <Peak1D F1="1.234247" intensity="7.152034e-002" type="0"/>
    <Peak1D F1="1.213957" intensity="7.305039e-002" type="0"/>
    <Peak1D F1="1.184461" intensity="1.691594e-001" type="0"/>
    <Peak1D F1="1.155776" intensity="1.621065e-002" type="0"/>
    <Peak1D F1="1.119068" intensity="1.027213e-002" type="0"/>
    <Peak1D F1="1.064986" intensity="8.006780e-003" type="0"/>
    <Peak1D F1="1.056385" intensity="8.080763e-003" type="0"/>
    <Peak1D F1="1.000062" intensity="7.882114e-003" type="0"/>
    <Peak1D F1="0.934676" intensity="7.937593e-003" type="0"/>
    <Peak1D F1="0.825475" intensity="2.996481e-002" type="0"/>
    <Peak1D F1="0.810293" intensity="5.216790e-002" type="0"/>
    <Peak1D F1="0.795483" intensity="2.853502e-002" type="0"/>
    <Peak1D F1="0.782344" intensity="1.331093e-002" type="0"/>
    <Peak1D F1="0.763539" intensity="1.590670e-002" type="0"/>
    <Peak1D F1="0.729365" intensity="8.521869e-003" type="0"/>
    <Peak1D F1="0.607285" intensity="7.700456e-003" type="0"/>
    <Peak1D F1="0.406475" intensity="8.330728e-003" type="0"/>
    <Peak1D F1="0.057031" intensity="7.926583e-003" type="0"/>
    <Peak1D F1="0.049656" intensity="9.711429e-003" type="0"/>
    <Peak1D F1="-0.000159" intensity="3.361941e-001" type="0"/>
    <Peak1D F1="-0.049018" intensity="8.185619e-003" type="0"/>
    <Peak1D F1="-0.153842" intensity="8.799947e-003" type="0"/>
    <Peak1D F1="-2.464924" intensity="7.609691e-003" type="0"/>
    <Peak1D F1="-2.636286" intensity="7.751496e-003" type="0"/>
  </PeakList1D>
</PeakList>
