<?xml version="1.0" encoding="UTF-8"?>
<PeakList>
  <PeakList1D>
    <PeakList1DHeader creator="nmr" date="2021-08-02T14:51:47.677+03:00" expNo="20" name="ID-420-C" owner="" procNo="1" source="//132.72.8.180/400b/Milo/Milo">
      <PeakPickDetails>F1=16.100519ppm, F2=-3.928526ppm, MI=0.00cm, MAXI=10000.00cm, PC=1.000
      </PeakPickDetails>
    </PeakList1DHeader>
    <Peak1D F1="13.470510" intensity="8.503332e-003" type="0"/>
    <Peak1D F1="10.668180" intensity="7.094331e-003" type="0"/>
    <Peak1D F1="10.094027" intensity="1.759108e-002" type="0"/>
    <Peak1D F1="8.372051" intensity="1.018754e-002" type="0"/>
    <Peak1D F1="8.347230" intensity="1.329266e-002" type="0"/>
    <Peak1D F1="8.342280" intensity="2.011554e-002" type="0"/>
    <Peak1D F1="8.320294" intensity="1.377806e-002" type="0"/>
    <Peak1D F1="8.251349" intensity="1.718815e-002" type="0"/>
    <Peak1D F1="8.232120" intensity="4.435661e-002" type="0"/>
    <Peak1D F1="8.209548" intensity="1.232981e-001" type="0"/>
    <Peak1D F1="8.187032" intensity="1.169350e-001" type="0"/>
    <Peak1D F1="8.158569" intensity="2.450595e+000" type="0"/>
    <Peak1D F1="8.136749" intensity="2.707316e+000" type="0"/>
    <Peak1D F1="8.104589" intensity="8.730990e-002" type="0"/>
    <Peak1D F1="8.086572" intensity="4.660376e-002" type="0"/>
    <Peak1D F1="8.061754" intensity="7.952647e-003" type="0"/>
    <Peak1D F1="8.039839" intensity="7.509613e-003" type="0"/>
    <Peak1D F1="8.020064" intensity="1.784846e-002" type="0"/>
    <Peak1D F1="7.998395" intensity="1.428127e-002" type="0"/>
    <Peak1D F1="7.944335" intensity="9.897190e-003" type="0"/>
    <Peak1D F1="7.927828" intensity="9.134552e-003" type="0"/>
    <Peak1D F1="7.835622" intensity="7.677061e-003" type="0"/>
    <Peak1D F1="7.762610" intensity="1.026851e-002" type="0"/>
    <Peak1D F1="7.681978" intensity="1.175226e-002" type="0"/>
    <Peak1D F1="7.663203" intensity="1.242078e-002" type="0"/>
    <Peak1D F1="7.633480" intensity="7.940019e-003" type="0"/>
    <Peak1D F1="7.617845" intensity="1.847565e-002" type="0"/>
    <Peak1D F1="7.608175" intensity="3.092697e-002" type="0"/>
    <Peak1D F1="7.601203" intensity="3.487977e-002" type="0"/>
    <Peak1D F1="7.586904" intensity="3.289437e-002" type="0"/>
    <Peak1D F1="7.558988" intensity="2.511843e-002" type="0"/>
    <Peak1D F1="7.538111" intensity="3.578866e-002" type="0"/>
    <Peak1D F1="7.530203" intensity="8.333227e-002" type="0"/>
    <Peak1D F1="7.508063" intensity="1.418038e-001" type="0"/>
    <Peak1D F1="7.480349" intensity="2.831893e+000" type="0"/>
    <Peak1D F1="7.458428" intensity="2.713026e+000" type="0"/>
    <Peak1D F1="7.440458" intensity="2.660425e-001" type="0"/>
    <Peak1D F1="7.430591" intensity="6.035751e-002" type="0"/>
    <Peak1D F1="7.408273" intensity="4.909413e-002" type="0"/>
    <Peak1D F1="7.324082" intensity="2.351667e-002" type="0"/>
    <Peak1D F1="7.281354" intensity="2.858502e-001" type="0"/>
    <Peak1D F1="7.275538" intensity="2.952070e-001" type="0"/>
    <Peak1D F1="7.245347" intensity="1.545404e-001" type="0"/>
    <Peak1D F1="7.195756" intensity="9.141831e+000" type="0"/>
    <Peak1D F1="7.145419" intensity="1.340600e-001" type="0"/>
    <Peak1D F1="7.086584" intensity="7.885375e-003" type="0"/>
    <Peak1D F1="7.054410" intensity="2.465652e-002" type="0"/>
    <Peak1D F1="7.049429" intensity="4.440664e-002" type="0"/>
    <Peak1D F1="7.043748" intensity="2.491174e-002" type="0"/>
    <Peak1D F1="7.034643" intensity="1.475281e-002" type="0"/>
    <Peak1D F1="7.016130" intensity="1.060301e-002" type="0"/>
    <Peak1D F1="7.010962" intensity="9.263250e-003" type="0"/>
    <Peak1D F1="6.979274" intensity="1.617940e-002" type="0"/>
    <Peak1D F1="6.973712" intensity="1.850534e-002" type="0"/>
    <Peak1D F1="6.931577" intensity="4.954950e-002" type="0"/>
    <Peak1D F1="6.829154" intensity="9.164262e-002" type="0"/>
    <Peak1D F1="6.815048" intensity="2.064621e-001" type="0"/>
    <Peak1D F1="6.765644" intensity="1.165780e-002" type="0"/>
    <Peak1D F1="6.661248" intensity="1.346508e-002" type="0"/>
    <Peak1D F1="6.654971" intensity="1.369137e-002" type="0"/>
    <Peak1D F1="6.639972" intensity="7.610507e-002" type="0"/>
    <Peak1D F1="6.634065" intensity="1.411224e-001" type="0"/>
    <Peak1D F1="6.628227" intensity="7.290743e-002" type="0"/>
    <Peak1D F1="6.562492" intensity="1.606010e-002" type="0"/>
    <Peak1D F1="6.541652" intensity="1.253824e-002" type="0"/>
    <Peak1D F1="6.516607" intensity="6.336077e-002" type="0"/>
    <Peak1D F1="6.511783" intensity="1.019218e-001" type="0"/>
    <Peak1D F1="6.506189" intensity="1.245305e-001" type="0"/>
    <Peak1D F1="6.471119" intensity="8.642707e-003" type="0"/>
    <Peak1D F1="6.216092" intensity="9.722449e-003" type="0"/>
    <Peak1D F1="6.117744" intensity="9.645273e-002" type="0"/>
    <Peak1D F1="6.082588" intensity="8.245514e-003" type="0"/>
    <Peak1D F1="6.068050" intensity="6.067265e-002" type="0"/>
    <Peak1D F1="6.017955" intensity="3.369946e+000" type="0"/>
    <Peak1D F1="5.990685" intensity="1.042213e-002" type="0"/>
    <Peak1D F1="5.967408" intensity="5.731147e-002" type="0"/>
    <Peak1D F1="5.958323" intensity="1.176910e-002" type="0"/>
    <Peak1D F1="5.924252" intensity="3.106121e-002" type="0"/>
    <Peak1D F1="5.913645" intensity="2.936012e-002" type="0"/>
    <Peak1D F1="5.785655" intensity="9.435575e-003" type="0"/>
    <Peak1D F1="5.622844" intensity="7.381591e-003" type="0"/>
    <Peak1D F1="5.595937" intensity="8.826271e-003" type="0"/>
    <Peak1D F1="5.493831" intensity="7.839336e-003" type="0"/>
    <Peak1D F1="5.400930" intensity="8.056584e-003" type="0"/>
    <Peak1D F1="5.387497" intensity="8.130404e-003" type="0"/>
    <Peak1D F1="5.369794" intensity="1.707098e-002" type="0"/>
    <Peak1D F1="5.355941" intensity="1.214557e-001" type="0"/>
    <Peak1D F1="5.348709" intensity="1.211099e-001" type="0"/>
    <Peak1D F1="5.120329" intensity="8.597824e-003" type="0"/>
    <Peak1D F1="5.106222" intensity="7.663997e-003" type="0"/>
    <Peak1D F1="5.020478" intensity="7.561428e-003" type="0"/>
    <Peak1D F1="4.995739" intensity="7.738120e-003" type="0"/>
    <Peak1D F1="4.968602" intensity="1.378004e-002" type="0"/>
    <Peak1D F1="4.946090" intensity="1.421883e-002" type="0"/>
    <Peak1D F1="4.919524" intensity="1.257817e-002" type="0"/>
    <Peak1D F1="4.890458" intensity="1.765970e-002" type="0"/>
    <Peak1D F1="4.867416" intensity="2.079016e-002" type="0"/>
    <Peak1D F1="4.840814" intensity="4.445226e-002" type="0"/>
    <Peak1D F1="4.818554" intensity="5.544301e-002" type="0"/>
    <Peak1D F1="4.790924" intensity="1.533696e+000" type="0"/>
    <Peak1D F1="4.768098" intensity="1.560390e+000" type="0"/>
    <Peak1D F1="4.741092" intensity="7.018003e-002" type="0"/>
    <Peak1D F1="4.718442" intensity="7.655920e-002" type="0"/>
    <Peak1D F1="4.669349" intensity="6.627665e-002" type="0"/>
    <Peak1D F1="4.663614" intensity="6.546786e-002" type="0"/>
    <Peak1D F1="4.639680" intensity="6.309099e-002" type="0"/>
    <Peak1D F1="4.583339" intensity="4.564188e-002" type="0"/>
    <Peak1D F1="4.514367" intensity="2.314994e-002" type="0"/>
    <Peak1D F1="4.500175" intensity="2.177506e-002" type="0"/>
    <Peak1D F1="4.472396" intensity="1.882794e-002" type="0"/>
    <Peak1D F1="4.444751" intensity="1.603171e-002" type="0"/>
    <Peak1D F1="4.394787" intensity="1.118533e-002" type="0"/>
    <Peak1D F1="4.380020" intensity="9.543681e-003" type="0"/>
    <Peak1D F1="4.329517" intensity="7.660460e-003" type="0"/>
    <Peak1D F1="4.317799" intensity="7.544569e-003" type="0"/>
    <Peak1D F1="4.295202" intensity="7.155700e-003" type="0"/>
    <Peak1D F1="4.263013" intensity="7.848581e-003" type="0"/>
    <Peak1D F1="3.969918" intensity="1.143488e-002" type="0"/>
    <Peak1D F1="3.953480" intensity="1.240890e-002" type="0"/>
    <Peak1D F1="3.936860" intensity="1.033626e-002" type="0"/>
    <Peak1D F1="3.927186" intensity="1.194216e-002" type="0"/>
    <Peak1D F1="3.894263" intensity="7.439905e-003" type="0"/>
    <Peak1D F1="3.878353" intensity="8.378167e-002" type="0"/>
    <Peak1D F1="3.844089" intensity="5.376102e-002" type="0"/>
    <Peak1D F1="3.828419" intensity="1.659087e+000" type="0"/>
    <Peak1D F1="3.811404" intensity="3.131534e-001" type="0"/>
    <Peak1D F1="3.799541" intensity="7.119604e-002" type="0"/>
    <Peak1D F1="3.789533" intensity="1.689190e-001" type="0"/>
    <Peak1D F1="3.782956" intensity="7.524652e-002" type="0"/>
    <Peak1D F1="3.775003" intensity="2.432502e-001" type="0"/>
    <Peak1D F1="3.759575" intensity="5.573696e-001" type="0"/>
    <Peak1D F1="3.749981" intensity="1.661667e+000" type="0"/>
    <Peak1D F1="3.723347" intensity="9.760435e-002" type="0"/>
    <Peak1D F1="3.700644" intensity="1.040881e+001" type="0"/>
    <Peak1D F1="3.650514" intensity="1.789868e-001" type="0"/>
    <Peak1D F1="3.632946" intensity="3.425676e-002" type="0"/>
    <Peak1D F1="3.597591" intensity="2.670941e-002" type="0"/>
    <Peak1D F1="3.568624" intensity="1.315835e-002" type="0"/>
    <Peak1D F1="3.518340" intensity="5.421593e-002" type="0"/>
    <Peak1D F1="3.480805" intensity="7.172505e-003" type="0"/>
    <Peak1D F1="3.417292" intensity="2.803368e-002" type="0"/>
    <Peak1D F1="2.953881" intensity="8.921959e-003" type="0"/>
    <Peak1D F1="2.943891" intensity="1.323805e-002" type="0"/>
    <Peak1D F1="2.935477" intensity="1.444462e-002" type="0"/>
    <Peak1D F1="2.918237" intensity="1.118515e-002" type="0"/>
    <Peak1D F1="2.776635" intensity="7.086113e-003" type="0"/>
    <Peak1D F1="2.759804" intensity="1.460768e-002" type="0"/>
    <Peak1D F1="2.732175" intensity="1.037867e-002" type="0"/>
    <Peak1D F1="2.432834" intensity="2.626248e-001" type="0"/>
    <Peak1D F1="2.415987" intensity="2.841874e-001" type="0"/>
    <Peak1D F1="2.411787" intensity="2.941648e-001" type="0"/>
    <Peak1D F1="2.387871" intensity="3.993838e-001" type="0"/>
    <Peak1D F1="2.363332" intensity="4.551956e-001" type="0"/>
    <Peak1D F1="2.351089" intensity="2.977009e-001" type="0"/>
    <Peak1D F1="2.328097" intensity="5.131859e-001" type="0"/>
    <Peak1D F1="2.320723" intensity="3.091524e-001" type="0"/>
    <Peak1D F1="2.317304" intensity="2.772109e-001" type="0"/>
    <Peak1D F1="2.308239" intensity="4.051321e-001" type="0"/>
    <Peak1D F1="2.297951" intensity="4.785392e-001" type="0"/>
    <Peak1D F1="2.277686" intensity="3.001164e-001" type="0"/>
    <Peak1D F1="2.252029" intensity="4.190985e-001" type="0"/>
    <Peak1D F1="2.237173" intensity="1.188878e-001" type="0"/>
    <Peak1D F1="2.226613" intensity="5.363627e-001" type="0"/>
    <Peak1D F1="2.203172" intensity="6.273847e-001" type="0"/>
    <Peak1D F1="2.181767" intensity="3.361993e-001" type="0"/>
    <Peak1D F1="2.177278" intensity="3.508694e-001" type="0"/>
    <Peak1D F1="2.166221" intensity="1.554074e-001" type="0"/>
    <Peak1D F1="2.154553" intensity="4.332973e-001" type="0"/>
    <Peak1D F1="2.146490" intensity="3.889201e-001" type="0"/>
    <Peak1D F1="2.116195" intensity="4.491396e+000" type="0"/>
    <Peak1D F1="2.096466" intensity="1.409644e+001" type="0"/>
    <Peak1D F1="2.085804" intensity="3.886689e+000" type="0"/>
    <Peak1D F1="2.077825" intensity="7.161892e+000" type="0"/>
    <Peak1D F1="2.056375" intensity="4.052716e-001" type="0"/>
    <Peak1D F1="2.051904" intensity="4.020149e-001" type="0"/>
    <Peak1D F1="2.046690" intensity="4.267839e-001" type="0"/>
    <Peak1D F1="2.028024" intensity="2.052296e-001" type="0"/>
    <Peak1D F1="1.986246" intensity="2.635069e-001" type="0"/>
    <Peak1D F1="1.958889" intensity="5.225699e-001" type="0"/>
    <Peak1D F1="1.954220" intensity="4.910984e-001" type="0"/>
    <Peak1D F1="1.948723" intensity="5.305150e-001" type="0"/>
    <Peak1D F1="1.941456" intensity="7.649675e-001" type="0"/>
    <Peak1D F1="1.932396" intensity="9.350035e-001" type="0"/>
    <Peak1D F1="1.925485" intensity="9.369461e-001" type="0"/>
    <Peak1D F1="1.920733" intensity="9.588107e-001" type="0"/>
    <Peak1D F1="1.910542" intensity="7.281180e+000" type="0"/>
    <Peak1D F1="1.899541" intensity="6.123048e+000" type="0"/>
    <Peak1D F1="1.890998" intensity="1.500000e+001" type="0"/>
    <Peak1D F1="1.880896" intensity="5.658248e+000" type="0"/>
    <Peak1D F1="1.871629" intensity="4.828343e+000" type="0"/>
    <Peak1D F1="1.859570" intensity="6.664630e-001" type="0"/>
    <Peak1D F1="1.849444" intensity="4.029396e-001" type="0"/>
    <Peak1D F1="1.841202" intensity="3.897762e-001" type="0"/>
    <Peak1D F1="1.831638" intensity="1.989621e-001" type="0"/>
    <Peak1D F1="1.822349" intensity="1.608620e-001" type="0"/>
    <Peak1D F1="1.793412" intensity="7.468872e-002" type="0"/>
    <Peak1D F1="1.759668" intensity="8.064989e-002" type="0"/>
    <Peak1D F1="1.744611" intensity="1.799375e-001" type="0"/>
    <Peak1D F1="1.729097" intensity="2.274680e-001" type="0"/>
    <Peak1D F1="1.723840" intensity="2.389535e-001" type="0"/>
    <Peak1D F1="1.716776" intensity="2.608859e-001" type="0"/>
    <Peak1D F1="1.707854" intensity="2.841106e-001" type="0"/>
    <Peak1D F1="1.700927" intensity="4.420424e-001" type="0"/>
    <Peak1D F1="1.696965" intensity="3.975816e-001" type="0"/>
    <Peak1D F1="1.688247" intensity="3.172532e-001" type="0"/>
    <Peak1D F1="1.680869" intensity="1.026283e+000" type="0"/>
    <Peak1D F1="1.675798" intensity="5.571384e-001" type="0"/>
    <Peak1D F1="1.670854" intensity="6.212671e-001" type="0"/>
    <Peak1D F1="1.657352" intensity="8.925892e-001" type="0"/>
    <Peak1D F1="1.652810" intensity="7.562930e-001" type="0"/>
    <Peak1D F1="1.641159" intensity="5.073009e-001" type="0"/>
    <Peak1D F1="1.636818" intensity="5.997717e-001" type="0"/>
    <Peak1D F1="1.632529" intensity="4.596702e-001" type="0"/>
    <Peak1D F1="1.625485" intensity="2.339902e-001" type="0"/>
    <Peak1D F1="1.620961" intensity="2.795949e-001" type="0"/>
    <Peak1D F1="1.616920" intensity="2.810507e-001" type="0"/>
    <Peak1D F1="1.602922" intensity="7.758113e-002" type="0"/>
    <Peak1D F1="1.586288" intensity="7.222588e-002" type="0"/>
    <Peak1D F1="1.574291" intensity="6.432638e-002" type="0"/>
    <Peak1D F1="1.534925" intensity="2.533666e-001" type="0"/>
    <Peak1D F1="1.519578" intensity="1.850348e-001" type="0"/>
    <Peak1D F1="1.512253" intensity="2.193210e-001" type="0"/>
    <Peak1D F1="1.500604" intensity="4.642041e-001" type="0"/>
    <Peak1D F1="1.492360" intensity="1.614288e-001" type="0"/>
    <Peak1D F1="1.483221" intensity="5.763239e-001" type="0"/>
    <Peak1D F1="1.470256" intensity="3.940822e-001" type="0"/>
    <Peak1D F1="1.453544" intensity="3.999516e-001" type="0"/>
    <Peak1D F1="1.441601" intensity="8.806045e-002" type="0"/>
    <Peak1D F1="1.435665" intensity="1.212296e-001" type="0"/>
    <Peak1D F1="1.423626" intensity="1.423486e-001" type="0"/>
    <Peak1D F1="1.403225" intensity="3.639377e-002" type="0"/>
    <Peak1D F1="1.353222" intensity="2.818932e-002" type="0"/>
    <Peak1D F1="1.320195" intensity="3.028405e-002" type="0"/>
    <Peak1D F1="1.263279" intensity="4.995198e-002" type="0"/>
    <Peak1D F1="1.215335" intensity="7.467054e-002" type="0"/>
    <Peak1D F1="1.206280" intensity="7.451006e-002" type="0"/>
    <Peak1D F1="1.183104" intensity="1.631594e-001" type="0"/>
    <Peak1D F1="1.110988" intensity="1.379305e-002" type="0"/>
    <Peak1D F1="1.103833" intensity="1.390293e-002" type="0"/>
    <Peak1D F1="1.081255" intensity="1.434281e-002" type="0"/>
    <Peak1D F1="1.062930" intensity="1.507714e-002" type="0"/>
    <Peak1D F1="1.047006" intensity="1.190536e-002" type="0"/>
    <Peak1D F1="1.033236" intensity="1.141291e-002" type="0"/>
    <Peak1D F1="1.018494" intensity="1.182988e-002" type="0"/>
    <Peak1D F1="0.992517" intensity="1.072160e-002" type="0"/>
    <Peak1D F1="0.982564" intensity="1.013099e-002" type="0"/>
    <Peak1D F1="0.926452" intensity="1.040240e-002" type="0"/>
    <Peak1D F1="0.915024" intensity="1.048015e-002" type="0"/>
    <Peak1D F1="0.906010" intensity="1.029230e-002" type="0"/>
    <Peak1D F1="0.875297" intensity="1.100520e-002" type="0"/>
    <Peak1D F1="0.870848" intensity="1.139445e-002" type="0"/>
    <Peak1D F1="0.826024" intensity="3.185819e-002" type="0"/>
    <Peak1D F1="0.809751" intensity="4.821426e-002" type="0"/>
    <Peak1D F1="0.792700" intensity="2.968344e-002" type="0"/>
    <Peak1D F1="0.782613" intensity="2.005686e-002" type="0"/>
    <Peak1D F1="0.771240" intensity="1.693950e-002" type="0"/>
    <Peak1D F1="0.731034" intensity="1.114038e-002" type="0"/>
    <Peak1D F1="0.706272" intensity="8.837466e-003" type="0"/>
    <Peak1D F1="0.648845" intensity="7.552716e-003" type="0"/>
    <Peak1D F1="0.622875" intensity="8.190567e-003" type="0"/>
    <Peak1D F1="0.559812" intensity="7.948738e-003" type="0"/>
    <Peak1D F1="0.528394" intensity="8.968582e-003" type="0"/>
    <Peak1D F1="0.502554" intensity="7.261849e-003" type="0"/>
    <Peak1D F1="0.471891" intensity="8.877679e-003" type="0"/>
    <Peak1D F1="0.427113" intensity="1.009508e-002" type="0"/>
    <Peak1D F1="0.117917" intensity="7.619031e-003" type="0"/>
    <Peak1D F1="-0.000149" intensity="2.910665e-001" type="0"/>
    <Peak1D F1="-0.023691" intensity="8.684374e-003" type="0"/>
    <Peak1D F1="-0.050844" intensity="7.833564e-003" type="0"/>
    <Peak1D F1="-0.148481" intensity="7.810366e-003" type="0"/>
    <Peak1D F1="-2.548272" intensity="6.993081e-003" type="0"/>
    <Peak1D F1="-3.192441" intensity="7.290871e-003" type="0"/>
    <Peak1D F1="-3.473175" intensity="7.567603e-003" type="0"/>
    <Peak1D F1="-3.549674" intensity="7.471010e-003" type="0"/>
    <Peak1D F1="-3.628874" intensity="7.318437e-003" type="0"/>
  </PeakList1D>
</PeakList>
