<?xml version="1.0" encoding="UTF-8"?>
<PeakList>
  <PeakList1D>
    <PeakList1DHeader creator="nmr" date="2021-04-13T15:57:32.769+03:00" expNo="20" name="ID-338-Crude-13.04.21" owner="" procNo="1" source="//132.72.8.180/400b/Milo/Milo">
      <PeakPickDetails>F1=16.099760ppm, F2=-3.929285ppm, MI=0.00cm, MAXI=10000.00cm, PC=1.000
      </PeakPickDetails>
    </PeakList1DHeader>
    <Peak1D F1="12.769271" intensity="7.176549e-003" type="0"/>
    <Peak1D F1="8.625054" intensity="7.001778e-003" type="0"/>
    <Peak1D F1="8.364940" intensity="1.230558e-002" type="0"/>
    <Peak1D F1="8.348110" intensity="1.446077e-002" type="0"/>
    <Peak1D F1="8.239305" intensity="1.103208e-001" type="0"/>
    <Peak1D F1="8.219422" intensity="1.645380e-001" type="0"/>
    <Peak1D F1="8.209999" intensity="9.465588e-002" type="0"/>
    <Peak1D F1="8.197685" intensity="1.689209e-001" type="0"/>
    <Peak1D F1="8.191502" intensity="1.923848e-001" type="0"/>
    <Peak1D F1="8.174781" intensity="2.398166e-001" type="0"/>
    <Peak1D F1="8.171231" intensity="2.723482e-001" type="0"/>
    <Peak1D F1="8.159599" intensity="2.499441e+000" type="0"/>
    <Peak1D F1="8.154535" intensity="1.200700e+000" type="0"/>
    <Peak1D F1="8.148786" intensity="4.555100e-001" type="0"/>
    <Peak1D F1="8.137609" intensity="2.576769e+000" type="0"/>
    <Peak1D F1="8.131852" intensity="8.162823e-001" type="0"/>
    <Peak1D F1="8.109605" intensity="1.028247e-001" type="0"/>
    <Peak1D F1="8.087873" intensity="4.044681e-002" type="0"/>
    <Peak1D F1="8.064005" intensity="1.103996e-002" type="0"/>
    <Peak1D F1="8.051948" intensity="1.192550e-002" type="0"/>
    <Peak1D F1="8.022763" intensity="9.233848e-003" type="0"/>
    <Peak1D F1="7.990440" intensity="7.750706e-003" type="0"/>
    <Peak1D F1="7.961690" intensity="1.282139e-002" type="0"/>
    <Peak1D F1="7.942730" intensity="9.664504e-002" type="0"/>
    <Peak1D F1="7.936862" intensity="8.404566e-002" type="0"/>
    <Peak1D F1="7.925886" intensity="1.003159e-001" type="0"/>
    <Peak1D F1="7.922369" intensity="1.098348e-001" type="0"/>
    <Peak1D F1="7.916844" intensity="6.736030e-002" type="0"/>
    <Peak1D F1="7.885924" intensity="9.703238e-003" type="0"/>
    <Peak1D F1="7.864413" intensity="8.771529e-003" type="0"/>
    <Peak1D F1="7.846936" intensity="7.809000e-003" type="0"/>
    <Peak1D F1="7.833087" intensity="1.167974e-002" type="0"/>
    <Peak1D F1="7.811116" intensity="1.071389e-002" type="0"/>
    <Peak1D F1="7.714981" intensity="4.640174e-002" type="0"/>
    <Peak1D F1="7.695411" intensity="1.205078e-001" type="0"/>
    <Peak1D F1="7.674812" intensity="9.214590e-002" type="0"/>
    <Peak1D F1="7.644263" intensity="8.731277e-002" type="0"/>
    <Peak1D F1="7.622423" intensity="8.510451e-002" type="0"/>
    <Peak1D F1="7.596149" intensity="2.491028e-002" type="0"/>
    <Peak1D F1="7.587542" intensity="2.923029e-002" type="0"/>
    <Peak1D F1="7.556932" intensity="1.275222e-001" type="0"/>
    <Peak1D F1="7.539088" intensity="1.183709e-001" type="0"/>
    <Peak1D F1="7.534478" intensity="1.360367e-001" type="0"/>
    <Peak1D F1="7.529867" intensity="1.320445e-001" type="0"/>
    <Peak1D F1="7.520627" intensity="1.425884e-001" type="0"/>
    <Peak1D F1="7.507444" intensity="1.426394e-001" type="0"/>
    <Peak1D F1="7.492766" intensity="2.240271e-001" type="0"/>
    <Peak1D F1="7.480838" intensity="2.452237e+000" type="0"/>
    <Peak1D F1="7.476128" intensity="9.197502e-001" type="0"/>
    <Peak1D F1="7.459079" intensity="2.498194e+000" type="0"/>
    <Peak1D F1="7.453273" intensity="4.874778e-001" type="0"/>
    <Peak1D F1="7.446771" intensity="3.587275e-001" type="0"/>
    <Peak1D F1="7.440381" intensity="4.803682e-001" type="0"/>
    <Peak1D F1="7.434301" intensity="1.546768e-001" type="0"/>
    <Peak1D F1="7.429839" intensity="1.584550e-001" type="0"/>
    <Peak1D F1="7.420283" intensity="7.590057e-002" type="0"/>
    <Peak1D F1="7.410342" intensity="8.953967e-002" type="0"/>
    <Peak1D F1="7.402525" intensity="1.051516e-001" type="0"/>
    <Peak1D F1="7.384215" intensity="1.203144e-001" type="0"/>
    <Peak1D F1="7.368947" intensity="1.416022e-001" type="0"/>
    <Peak1D F1="7.354278" intensity="1.368902e-001" type="0"/>
    <Peak1D F1="7.335882" intensity="1.279138e-001" type="0"/>
    <Peak1D F1="7.318186" intensity="6.026791e-002" type="0"/>
    <Peak1D F1="7.294048" intensity="1.664505e-002" type="0"/>
    <Peak1D F1="7.289346" intensity="1.671974e-002" type="0"/>
    <Peak1D F1="7.244912" intensity="1.062793e-001" type="0"/>
    <Peak1D F1="7.194860" intensity="5.394365e+000" type="0"/>
    <Peak1D F1="7.185447" intensity="1.431306e-001" type="0"/>
    <Peak1D F1="7.170803" intensity="1.602774e-002" type="0"/>
    <Peak1D F1="7.165481" intensity="1.463999e-002" type="0"/>
    <Peak1D F1="7.144894" intensity="8.279852e-002" type="0"/>
    <Peak1D F1="6.930763" intensity="2.650576e-002" type="0"/>
    <Peak1D F1="6.216220" intensity="1.473489e-002" type="0"/>
    <Peak1D F1="6.137167" intensity="7.746791e-003" type="0"/>
    <Peak1D F1="6.117293" intensity="9.189451e-002" type="0"/>
    <Peak1D F1="6.067941" intensity="7.188886e-002" type="0"/>
    <Peak1D F1="6.052751" intensity="5.001888e-002" type="0"/>
    <Peak1D F1="6.046899" intensity="5.064896e-002" type="0"/>
    <Peak1D F1="6.017826" intensity="4.919931e+000" type="0"/>
    <Peak1D F1="6.007101" intensity="1.783627e-001" type="0"/>
    <Peak1D F1="5.968019" intensity="6.680293e-002" type="0"/>
    <Peak1D F1="5.952683" intensity="3.498512e-002" type="0"/>
    <Peak1D F1="5.941260" intensity="3.198563e-002" type="0"/>
    <Peak1D F1="5.823722" intensity="4.628047e-002" type="0"/>
    <Peak1D F1="5.816474" intensity="4.817579e-002" type="0"/>
    <Peak1D F1="5.767736" intensity="6.552881e-003" type="0"/>
    <Peak1D F1="5.672104" intensity="4.195417e-002" type="0"/>
    <Peak1D F1="5.645609" intensity="4.584688e-002" type="0"/>
    <Peak1D F1="5.580688" intensity="6.964927e-003" type="0"/>
    <Peak1D F1="5.493522" intensity="2.283269e-002" type="0"/>
    <Peak1D F1="5.472202" intensity="2.066452e-002" type="0"/>
    <Peak1D F1="5.449930" intensity="1.012798e-002" type="0"/>
    <Peak1D F1="5.410093" intensity="9.578041e-003" type="0"/>
    <Peak1D F1="5.385473" intensity="1.366522e-002" type="0"/>
    <Peak1D F1="5.357698" intensity="1.801506e-001" type="0"/>
    <Peak1D F1="5.350377" intensity="1.789886e-001" type="0"/>
    <Peak1D F1="5.309667" intensity="1.517917e-002" type="0"/>
    <Peak1D F1="5.280939" intensity="1.447045e-002" type="0"/>
    <Peak1D F1="5.253798" intensity="9.908462e-003" type="0"/>
    <Peak1D F1="5.231068" intensity="3.242976e-001" type="0"/>
    <Peak1D F1="5.220716" intensity="1.475473e-002" type="0"/>
    <Peak1D F1="4.979600" intensity="7.880673e-003" type="0"/>
    <Peak1D F1="4.968663" intensity="1.099417e-002" type="0"/>
    <Peak1D F1="4.945125" intensity="9.937134e-003" type="0"/>
    <Peak1D F1="4.921892" intensity="8.139417e-003" type="0"/>
    <Peak1D F1="4.889119" intensity="1.528433e-002" type="0"/>
    <Peak1D F1="4.870826" intensity="2.099526e-002" type="0"/>
    <Peak1D F1="4.854100" intensity="4.607988e-002" type="0"/>
    <Peak1D F1="4.839593" intensity="4.375158e-002" type="0"/>
    <Peak1D F1="4.832677" intensity="4.409542e-002" type="0"/>
    <Peak1D F1="4.817328" intensity="4.410267e-002" type="0"/>
    <Peak1D F1="4.789695" intensity="1.296937e+000" type="0"/>
    <Peak1D F1="4.766833" intensity="1.320632e+000" type="0"/>
    <Peak1D F1="4.740269" intensity="6.956500e-002" type="0"/>
    <Peak1D F1="4.686416" intensity="1.779040e-001" type="0"/>
    <Peak1D F1="4.583318" intensity="2.489449e-002" type="0"/>
    <Peak1D F1="4.555059" intensity="1.389687e-002" type="0"/>
    <Peak1D F1="4.525970" intensity="1.065248e-002" type="0"/>
    <Peak1D F1="4.432250" intensity="6.678672e-003" type="0"/>
    <Peak1D F1="4.414628" intensity="6.814808e-003" type="0"/>
    <Peak1D F1="4.381454" intensity="7.023844e-003" type="0"/>
    <Peak1D F1="3.979821" intensity="9.285968e-003" type="0"/>
    <Peak1D F1="3.948931" intensity="9.649357e-003" type="0"/>
    <Peak1D F1="3.915080" intensity="9.002226e-003" type="0"/>
    <Peak1D F1="3.894151" intensity="7.009823e-003" type="0"/>
    <Peak1D F1="3.878553" intensity="8.035820e-002" type="0"/>
    <Peak1D F1="3.862049" intensity="9.107914e-003" type="0"/>
    <Peak1D F1="3.845324" intensity="1.925743e-002" type="0"/>
    <Peak1D F1="3.812035" intensity="2.687156e-001" type="0"/>
    <Peak1D F1="3.751305" intensity="2.340005e-001" type="0"/>
    <Peak1D F1="3.746210" intensity="1.762948e-001" type="0"/>
    <Peak1D F1="3.736145" intensity="5.841159e-002" type="0"/>
    <Peak1D F1="3.701115" intensity="1.500000e+001" type="0"/>
    <Peak1D F1="3.690362" intensity="5.554940e-001" type="0"/>
    <Peak1D F1="3.651286" intensity="2.104478e-001" type="0"/>
    <Peak1D F1="3.640745" intensity="2.407370e-002" type="0"/>
    <Peak1D F1="3.600789" intensity="8.779091e-003" type="0"/>
    <Peak1D F1="3.518872" intensity="8.063394e-002" type="0"/>
    <Peak1D F1="3.507057" intensity="8.128866e-003" type="0"/>
    <Peak1D F1="2.942940" intensity="1.167707e-002" type="0"/>
    <Peak1D F1="2.923665" intensity="6.839273e-003" type="0"/>
    <Peak1D F1="2.803570" intensity="9.829287e-003" type="0"/>
    <Peak1D F1="2.787134" intensity="9.175220e-003" type="0"/>
    <Peak1D F1="2.771176" intensity="2.187167e-002" type="0"/>
    <Peak1D F1="2.750476" intensity="2.501089e-002" type="0"/>
    <Peak1D F1="2.744310" intensity="2.145651e-002" type="0"/>
    <Peak1D F1="2.734370" intensity="1.633816e-002" type="0"/>
    <Peak1D F1="2.602967" intensity="1.902576e-002" type="0"/>
    <Peak1D F1="2.548480" intensity="2.135708e-002" type="0"/>
    <Peak1D F1="2.517914" intensity="2.615021e-002" type="0"/>
    <Peak1D F1="2.497834" intensity="2.856204e-002" type="0"/>
    <Peak1D F1="2.474896" intensity="3.125373e-002" type="0"/>
    <Peak1D F1="2.439447" intensity="2.400774e-001" type="0"/>
    <Peak1D F1="2.435057" intensity="2.672436e-001" type="0"/>
    <Peak1D F1="2.417629" intensity="2.872149e-001" type="0"/>
    <Peak1D F1="2.413836" intensity="2.992100e-001" type="0"/>
    <Peak1D F1="2.389632" intensity="3.828245e-001" type="0"/>
    <Peak1D F1="2.386382" intensity="3.623005e-001" type="0"/>
    <Peak1D F1="2.376979" intensity="2.135847e-001" type="0"/>
    <Peak1D F1="2.365606" intensity="4.215550e-001" type="0"/>
    <Peak1D F1="2.349405" intensity="2.722333e-001" type="0"/>
    <Peak1D F1="2.326506" intensity="4.573289e-001" type="0"/>
    <Peak1D F1="2.319206" intensity="3.170388e-001" type="0"/>
    <Peak1D F1="2.315911" intensity="3.036467e-001" type="0"/>
    <Peak1D F1="2.306566" intensity="3.794259e-001" type="0"/>
    <Peak1D F1="2.296397" intensity="4.580431e-001" type="0"/>
    <Peak1D F1="2.276367" intensity="2.547706e-001" type="0"/>
    <Peak1D F1="2.254634" intensity="3.983087e-001" type="0"/>
    <Peak1D F1="2.232369" intensity="4.856980e-001" type="0"/>
    <Peak1D F1="2.228195" intensity="4.284265e-001" type="0"/>
    <Peak1D F1="2.221078" intensity="1.219698e-001" type="0"/>
    <Peak1D F1="2.216364" intensity="1.197238e-001" type="0"/>
    <Peak1D F1="2.205697" intensity="5.745537e-001" type="0"/>
    <Peak1D F1="2.195338" intensity="1.240327e-001" type="0"/>
    <Peak1D F1="2.184243" intensity="3.315039e-001" type="0"/>
    <Peak1D F1="2.179390" intensity="3.248516e-001" type="0"/>
    <Peak1D F1="2.173519" intensity="1.065840e-001" type="0"/>
    <Peak1D F1="2.157094" intensity="3.985741e-001" type="0"/>
    <Peak1D F1="2.147689" intensity="2.731779e-001" type="0"/>
    <Peak1D F1="2.143265" intensity="2.241565e-001" type="0"/>
    <Peak1D F1="2.117068" intensity="2.996826e+000" type="0"/>
    <Peak1D F1="2.108910" intensity="2.505746e+000" type="0"/>
    <Peak1D F1="2.106691" intensity="2.651549e+000" type="0"/>
    <Peak1D F1="2.097589" intensity="9.264867e+000" type="0"/>
    <Peak1D F1="2.088237" intensity="2.732610e+000" type="0"/>
    <Peak1D F1="2.086056" intensity="2.861974e+000" type="0"/>
    <Peak1D F1="2.078976" intensity="4.641750e+000" type="0"/>
    <Peak1D F1="2.057729" intensity="2.826968e-001" type="0"/>
    <Peak1D F1="2.054171" intensity="2.675403e-001" type="0"/>
    <Peak1D F1="2.051361" intensity="2.593030e-001" type="0"/>
    <Peak1D F1="2.047989" intensity="2.746471e-001" type="0"/>
    <Peak1D F1="2.040659" intensity="2.217779e-001" type="0"/>
    <Peak1D F1="2.029458" intensity="1.437952e-001" type="0"/>
    <Peak1D F1="2.021873" intensity="8.464003e-002" type="0"/>
    <Peak1D F1="1.988296" intensity="2.439270e-001" type="0"/>
    <Peak1D F1="1.983566" intensity="1.992248e-001" type="0"/>
    <Peak1D F1="1.971425" intensity="2.912773e-001" type="0"/>
    <Peak1D F1="1.966457" intensity="3.622448e-001" type="0"/>
    <Peak1D F1="1.960705" intensity="4.521255e-001" type="0"/>
    <Peak1D F1="1.956076" intensity="4.360985e-001" type="0"/>
    <Peak1D F1="1.951195" intensity="4.483483e-001" type="0"/>
    <Peak1D F1="1.942423" intensity="5.807195e-001" type="0"/>
    <Peak1D F1="1.938052" intensity="5.646979e-001" type="0"/>
    <Peak1D F1="1.933227" intensity="6.983263e-001" type="0"/>
    <Peak1D F1="1.926013" intensity="7.287540e-001" type="0"/>
    <Peak1D F1="1.921266" intensity="7.916211e-001" type="0"/>
    <Peak1D F1="1.911208" intensity="4.727887e+000" type="0"/>
    <Peak1D F1="1.900078" intensity="4.015584e+000" type="0"/>
    <Peak1D F1="1.891529" intensity="9.855339e+000" type="0"/>
    <Peak1D F1="1.882553" intensity="3.747550e+000" type="0"/>
    <Peak1D F1="1.880530" intensity="3.699222e+000" type="0"/>
    <Peak1D F1="1.872244" intensity="3.124722e+000" type="0"/>
    <Peak1D F1="1.860598" intensity="5.062867e-001" type="0"/>
    <Peak1D F1="1.850200" intensity="2.741801e-001" type="0"/>
    <Peak1D F1="1.841791" intensity="2.315003e-001" type="0"/>
    <Peak1D F1="1.833878" intensity="1.358890e-001" type="0"/>
    <Peak1D F1="1.822630" intensity="1.083738e-001" type="0"/>
    <Peak1D F1="1.781281" intensity="5.150812e-002" type="0"/>
    <Peak1D F1="1.760842" intensity="5.598738e-002" type="0"/>
    <Peak1D F1="1.745002" intensity="1.497187e-001" type="0"/>
    <Peak1D F1="1.729335" intensity="2.018909e-001" type="0"/>
    <Peak1D F1="1.723963" intensity="1.873526e-001" type="0"/>
    <Peak1D F1="1.716827" intensity="2.330159e-001" type="0"/>
    <Peak1D F1="1.708090" intensity="2.619421e-001" type="0"/>
    <Peak1D F1="1.700959" intensity="3.799430e-001" type="0"/>
    <Peak1D F1="1.697129" intensity="3.327494e-001" type="0"/>
    <Peak1D F1="1.685323" intensity="3.320765e-001" type="0"/>
    <Peak1D F1="1.679391" intensity="8.668107e-001" type="0"/>
    <Peak1D F1="1.670444" intensity="5.604903e-001" type="0"/>
    <Peak1D F1="1.665199" intensity="4.678292e-001" type="0"/>
    <Peak1D F1="1.654817" intensity="7.919714e-001" type="0"/>
    <Peak1D F1="1.649946" intensity="6.477993e-001" type="0"/>
    <Peak1D F1="1.642292" intensity="3.715787e-001" type="0"/>
    <Peak1D F1="1.638293" intensity="5.083472e-001" type="0"/>
    <Peak1D F1="1.633434" intensity="5.613012e-001" type="0"/>
    <Peak1D F1="1.622539" intensity="2.409765e-001" type="0"/>
    <Peak1D F1="1.617449" intensity="3.072939e-001" type="0"/>
    <Peak1D F1="1.586871" intensity="7.492220e-002" type="0"/>
    <Peak1D F1="1.554713" intensity="7.842359e-002" type="0"/>
    <Peak1D F1="1.534720" intensity="2.516831e-001" type="0"/>
    <Peak1D F1="1.519009" intensity="1.916805e-001" type="0"/>
    <Peak1D F1="1.512386" intensity="2.150493e-001" type="0"/>
    <Peak1D F1="1.500368" intensity="4.069350e-001" type="0"/>
    <Peak1D F1="1.482970" intensity="5.220959e-001" type="0"/>
    <Peak1D F1="1.470206" intensity="3.557054e-001" type="0"/>
    <Peak1D F1="1.453460" intensity="3.397703e-001" type="0"/>
    <Peak1D F1="1.440810" intensity="8.108228e-002" type="0"/>
    <Peak1D F1="1.435670" intensity="9.633867e-002" type="0"/>
    <Peak1D F1="1.423058" intensity="1.247754e-001" type="0"/>
    <Peak1D F1="1.399058" intensity="3.283108e-002" type="0"/>
    <Peak1D F1="1.369472" intensity="3.298270e-002" type="0"/>
    <Peak1D F1="1.346384" intensity="2.537392e-002" type="0"/>
    <Peak1D F1="1.339168" intensity="2.871196e-002" type="0"/>
    <Peak1D F1="1.332849" intensity="2.425615e-002" type="0"/>
    <Peak1D F1="1.234608" intensity="4.972365e-002" type="0"/>
    <Peak1D F1="1.184114" intensity="1.054876e-001" type="0"/>
    <Peak1D F1="1.141474" intensity="1.130860e-002" type="0"/>
    <Peak1D F1="1.098915" intensity="7.625127e-003" type="0"/>
    <Peak1D F1="1.051199" intensity="7.484520e-003" type="0"/>
    <Peak1D F1="1.032831" intensity="7.602387e-003" type="0"/>
    <Peak1D F1="0.974466" intensity="8.270176e-003" type="0"/>
    <Peak1D F1="0.821783" intensity="1.872575e-002" type="0"/>
    <Peak1D F1="0.813754" intensity="3.462898e-002" type="0"/>
    <Peak1D F1="0.793694" intensity="1.856302e-002" type="0"/>
    <Peak1D F1="0.742479" intensity="8.311698e-003" type="0"/>
    <Peak1D F1="0.661314" intensity="6.702603e-003" type="0"/>
    <Peak1D F1="0.652108" intensity="8.161264e-003" type="0"/>
    <Peak1D F1="0.405648" intensity="6.925744e-003" type="0"/>
    <Peak1D F1="0.386634" intensity="7.185298e-003" type="0"/>
    <Peak1D F1="0.374608" intensity="6.848824e-003" type="0"/>
    <Peak1D F1="0.299770" intensity="7.181231e-003" type="0"/>
    <Peak1D F1="0.049743" intensity="7.672765e-003" type="0"/>
    <Peak1D F1="0.009100" intensity="1.876118e-002" type="0"/>
    <Peak1D F1="-0.000156" intensity="3.629271e-001" type="0"/>
    <Peak1D F1="-0.009937" intensity="2.165681e-002" type="0"/>
    <Peak1D F1="-0.050461" intensity="9.601641e-003" type="0"/>
    <Peak1D F1="-0.810731" intensity="7.240873e-003" type="0"/>
    <Peak1D F1="-3.515186" intensity="6.753300e-003" type="0"/>
  </PeakList1D>
</PeakList>
