<?xml version="1.0" encoding="UTF-8"?>
<PeakList>
  <PeakList1D>
    <PeakList1DHeader creator="nmr" date="2021-08-01T20:59:21.494+03:00" expNo="20" name="ID-419-O" owner="" procNo="1" source="//132.72.8.180/400b/Milo/Milo">
      <PeakPickDetails>F1=16.127251ppm, F2=-3.901795ppm, MI=0.00cm, MAXI=10000.00cm, PC=1.000
      </PeakPickDetails>
    </PeakList1DHeader>
    <Peak1D F1="10.461781" intensity="2.213805e-003" type="0"/>
    <Peak1D F1="10.351996" intensity="1.193984e-003" type="0"/>
    <Peak1D F1="10.301189" intensity="2.654610e-002" type="0"/>
    <Peak1D F1="10.281253" intensity="1.546514e-003" type="0"/>
    <Peak1D F1="10.268359" intensity="1.546983e-003" type="0"/>
    <Peak1D F1="10.221374" intensity="2.508812e-003" type="0"/>
    <Peak1D F1="10.182641" intensity="5.024904e-003" type="0"/>
    <Peak1D F1="10.161259" intensity="5.839483e-003" type="0"/>
    <Peak1D F1="10.130190" intensity="8.355755e-002" type="0"/>
    <Peak1D F1="10.121550" intensity="1.338909e-002" type="0"/>
    <Peak1D F1="10.111362" intensity="4.314839e-002" type="0"/>
    <Peak1D F1="10.080361" intensity="4.683346e+000" type="0"/>
    <Peak1D F1="10.059559" intensity="1.228087e-002" type="0"/>
    <Peak1D F1="10.048372" intensity="2.712875e-002" type="0"/>
    <Peak1D F1="10.041932" intensity="5.369798e-003" type="0"/>
    <Peak1D F1="10.030333" intensity="7.770063e-002" type="0"/>
    <Peak1D F1="9.853579" intensity="2.474174e-002" type="0"/>
    <Peak1D F1="8.624087" intensity="1.068864e-003" type="0"/>
    <Peak1D F1="8.571080" intensity="1.848596e-003" type="0"/>
    <Peak1D F1="8.557114" intensity="2.034089e-003" type="0"/>
    <Peak1D F1="8.535536" intensity="1.235979e-002" type="0"/>
    <Peak1D F1="8.529679" intensity="1.311514e-002" type="0"/>
    <Peak1D F1="8.512756" intensity="1.414794e-002" type="0"/>
    <Peak1D F1="8.508998" intensity="1.206570e-002" type="0"/>
    <Peak1D F1="8.466784" intensity="7.653845e-003" type="0"/>
    <Peak1D F1="8.400779" intensity="1.081453e-002" type="0"/>
    <Peak1D F1="8.370690" intensity="6.681522e-002" type="0"/>
    <Peak1D F1="8.348871" intensity="8.601971e-002" type="0"/>
    <Peak1D F1="8.320839" intensity="3.208931e+000" type="0"/>
    <Peak1D F1="8.316215" intensity="1.146664e+000" type="0"/>
    <Peak1D F1="8.298977" intensity="3.657389e+000" type="0"/>
    <Peak1D F1="8.294192" intensity="5.815887e-001" type="0"/>
    <Peak1D F1="8.270782" intensity="6.407682e-002" type="0"/>
    <Peak1D F1="8.249023" intensity="6.657410e-002" type="0"/>
    <Peak1D F1="8.222164" intensity="2.387780e-002" type="0"/>
    <Peak1D F1="8.217181" intensity="2.556488e-002" type="0"/>
    <Peak1D F1="8.213467" intensity="1.949251e-002" type="0"/>
    <Peak1D F1="8.202371" intensity="3.441060e-002" type="0"/>
    <Peak1D F1="8.198754" intensity="3.320311e-002" type="0"/>
    <Peak1D F1="8.194737" intensity="2.684826e-002" type="0"/>
    <Peak1D F1="8.189032" intensity="3.237333e-002" type="0"/>
    <Peak1D F1="8.179914" intensity="5.071888e-002" type="0"/>
    <Peak1D F1="8.173944" intensity="4.556026e-002" type="0"/>
    <Peak1D F1="8.167484" intensity="3.678802e-002" type="0"/>
    <Peak1D F1="8.157199" intensity="4.656443e-002" type="0"/>
    <Peak1D F1="8.151998" intensity="4.665173e-002" type="0"/>
    <Peak1D F1="8.134909" intensity="1.657577e-001" type="0"/>
    <Peak1D F1="8.129565" intensity="9.423329e-001" type="0"/>
    <Peak1D F1="8.124850" intensity="3.467892e-001" type="0"/>
    <Peak1D F1="8.107698" intensity="1.048951e+000" type="0"/>
    <Peak1D F1="8.101884" intensity="1.979205e-001" type="0"/>
    <Peak1D F1="8.092796" intensity="9.101488e-002" type="0"/>
    <Peak1D F1="8.088261" intensity="1.846133e-001" type="0"/>
    <Peak1D F1="8.081870" intensity="5.978234e-002" type="0"/>
    <Peak1D F1="8.063921" intensity="8.926836e-002" type="0"/>
    <Peak1D F1="8.058874" intensity="5.761268e-002" type="0"/>
    <Peak1D F1="8.042031" intensity="8.455153e-002" type="0"/>
    <Peak1D F1="8.019001" intensity="7.309498e-001" type="0"/>
    <Peak1D F1="8.014078" intensity="4.154063e+000" type="0"/>
    <Peak1D F1="8.009257" intensity="1.283922e+000" type="0"/>
    <Peak1D F1="7.996824" intensity="1.318391e+000" type="0"/>
    <Peak1D F1="7.992370" intensity="3.403464e+000" type="0"/>
    <Peak1D F1="7.987072" intensity="4.895468e-001" type="0"/>
    <Peak1D F1="7.964068" intensity="7.769893e-002" type="0"/>
    <Peak1D F1="7.946745" intensity="2.794207e-002" type="0"/>
    <Peak1D F1="7.942351" intensity="6.004849e-002" type="0"/>
    <Peak1D F1="7.926345" intensity="6.381113e-003" type="0"/>
    <Peak1D F1="7.920887" intensity="6.009763e-003" type="0"/>
    <Peak1D F1="7.914341" intensity="6.653016e-003" type="0"/>
    <Peak1D F1="7.900415" intensity="9.180877e-003" type="0"/>
    <Peak1D F1="7.893370" intensity="1.163934e-002" type="0"/>
    <Peak1D F1="7.879066" intensity="8.222739e-003" type="0"/>
    <Peak1D F1="7.872078" intensity="9.687802e-003" type="0"/>
    <Peak1D F1="7.860563" intensity="1.118008e-002" type="0"/>
    <Peak1D F1="7.838981" intensity="1.347682e-002" type="0"/>
    <Peak1D F1="7.827334" intensity="2.916012e-002" type="0"/>
    <Peak1D F1="7.822748" intensity="3.161537e-002" type="0"/>
    <Peak1D F1="7.804897" intensity="5.884353e-002" type="0"/>
    <Peak1D F1="7.791956" intensity="3.156772e-002" type="0"/>
    <Peak1D F1="7.787361" intensity="3.664193e-002" type="0"/>
    <Peak1D F1="7.780010" intensity="1.895935e-002" type="0"/>
    <Peak1D F1="7.764858" intensity="6.393541e-002" type="0"/>
    <Peak1D F1="7.760450" intensity="6.782488e-002" type="0"/>
    <Peak1D F1="7.746840" intensity="1.178636e-001" type="0"/>
    <Peak1D F1="7.742985" intensity="1.210917e-001" type="0"/>
    <Peak1D F1="7.729019" intensity="7.666124e-002" type="0"/>
    <Peak1D F1="7.725154" intensity="8.983355e-002" type="0"/>
    <Peak1D F1="7.708005" intensity="4.589616e-002" type="0"/>
    <Peak1D F1="7.703761" intensity="4.438689e-002" type="0"/>
    <Peak1D F1="7.690258" intensity="2.657532e-002" type="0"/>
    <Peak1D F1="7.685734" intensity="2.349737e-002" type="0"/>
    <Peak1D F1="7.675653" intensity="9.024189e-003" type="0"/>
    <Peak1D F1="7.654856" intensity="8.949830e-003" type="0"/>
    <Peak1D F1="7.632875" intensity="1.457573e-002" type="0"/>
    <Peak1D F1="7.611768" intensity="1.441121e-002" type="0"/>
    <Peak1D F1="7.605263" intensity="9.529637e-003" type="0"/>
    <Peak1D F1="7.598750" intensity="9.259755e-003" type="0"/>
    <Peak1D F1="7.593606" intensity="1.234468e-002" type="0"/>
    <Peak1D F1="7.588691" intensity="1.085980e-002" type="0"/>
    <Peak1D F1="7.583008" intensity="1.177121e-002" type="0"/>
    <Peak1D F1="7.571013" intensity="2.460512e-002" type="0"/>
    <Peak1D F1="7.563657" intensity="3.150192e-002" type="0"/>
    <Peak1D F1="7.548110" intensity="2.320392e-002" type="0"/>
    <Peak1D F1="7.541654" intensity="2.947862e-002" type="0"/>
    <Peak1D F1="7.523409" intensity="4.835605e-002" type="0"/>
    <Peak1D F1="7.518330" intensity="1.422107e-001" type="0"/>
    <Peak1D F1="7.496290" intensity="1.414174e-001" type="0"/>
    <Peak1D F1="7.488758" intensity="6.245284e-002" type="0"/>
    <Peak1D F1="7.480167" intensity="1.594126e-001" type="0"/>
    <Peak1D F1="7.474403" intensity="8.784140e-001" type="0"/>
    <Peak1D F1="7.469552" intensity="3.277575e-001" type="0"/>
    <Peak1D F1="7.452451" intensity="8.237859e-001" type="0"/>
    <Peak1D F1="7.446512" intensity="1.534925e-001" type="0"/>
    <Peak1D F1="7.423329" intensity="4.097763e-002" type="0"/>
    <Peak1D F1="7.417172" intensity="3.560960e-002" type="0"/>
    <Peak1D F1="7.402161" intensity="6.178366e-002" type="0"/>
    <Peak1D F1="7.394236" intensity="6.644784e-002" type="0"/>
    <Peak1D F1="7.388912" intensity="6.836789e-002" type="0"/>
    <Peak1D F1="7.378504" intensity="8.388113e-002" type="0"/>
    <Peak1D F1="7.374043" intensity="1.156198e-001" type="0"/>
    <Peak1D F1="7.360235" intensity="8.026855e-002" type="0"/>
    <Peak1D F1="7.355253" intensity="1.180454e-001" type="0"/>
    <Peak1D F1="7.350310" intensity="6.800400e-002" type="0"/>
    <Peak1D F1="7.339787" intensity="6.171155e-002" type="0"/>
    <Peak1D F1="7.334982" intensity="5.930937e-002" type="0"/>
    <Peak1D F1="7.327013" intensity="4.423468e-002" type="0"/>
    <Peak1D F1="7.321258" intensity="3.736513e-002" type="0"/>
    <Peak1D F1="7.318557" intensity="4.017331e-002" type="0"/>
    <Peak1D F1="7.313681" intensity="3.800072e-002" type="0"/>
    <Peak1D F1="7.308548" intensity="4.568667e-002" type="0"/>
    <Peak1D F1="7.303313" intensity="3.336897e-002" type="0"/>
    <Peak1D F1="7.296390" intensity="3.415921e-002" type="0"/>
    <Peak1D F1="7.288567" intensity="2.513540e-002" type="0"/>
    <Peak1D F1="7.271371" intensity="4.724437e-002" type="0"/>
    <Peak1D F1="7.262326" intensity="1.064948e-002" type="0"/>
    <Peak1D F1="7.251728" intensity="1.169855e-002" type="0"/>
    <Peak1D F1="7.247956" intensity="1.220941e-002" type="0"/>
    <Peak1D F1="7.221487" intensity="2.451870e+000" type="0"/>
    <Peak1D F1="7.199536" intensity="1.198843e-002" type="0"/>
    <Peak1D F1="7.192974" intensity="7.804108e-003" type="0"/>
    <Peak1D F1="7.182708" intensity="8.177327e-003" type="0"/>
    <Peak1D F1="7.171387" intensity="5.465930e-002" type="0"/>
    <Peak1D F1="7.167279" intensity="4.443540e-002" type="0"/>
    <Peak1D F1="7.148772" intensity="7.727003e-002" type="0"/>
    <Peak1D F1="7.130241" intensity="5.529699e-002" type="0"/>
    <Peak1D F1="7.122789" intensity="1.199600e-001" type="0"/>
    <Peak1D F1="7.104408" intensity="2.042812e-001" type="0"/>
    <Peak1D F1="7.086282" intensity="1.161644e-001" type="0"/>
    <Peak1D F1="7.070272" intensity="7.100409e-002" type="0"/>
    <Peak1D F1="7.051875" intensity="3.624346e-002" type="0"/>
    <Peak1D F1="7.033958" intensity="1.216243e-002" type="0"/>
    <Peak1D F1="7.010823" intensity="1.279883e-002" type="0"/>
    <Peak1D F1="7.002155" intensity="1.363530e-002" type="0"/>
    <Peak1D F1="6.984087" intensity="5.087651e-002" type="0"/>
    <Peak1D F1="6.974528" intensity="1.209014e-001" type="0"/>
    <Peak1D F1="6.961902" intensity="5.026033e-002" type="0"/>
    <Peak1D F1="6.954308" intensity="1.274867e-001" type="0"/>
    <Peak1D F1="6.948008" intensity="1.265209e-001" type="0"/>
    <Peak1D F1="6.938048" intensity="6.699878e-002" type="0"/>
    <Peak1D F1="6.926981" intensity="1.063502e-001" type="0"/>
    <Peak1D F1="6.919528" intensity="4.308347e-002" type="0"/>
    <Peak1D F1="6.913615" intensity="4.453320e-002" type="0"/>
    <Peak1D F1="6.892160" intensity="3.515263e-002" type="0"/>
    <Peak1D F1="6.875777" intensity="3.889365e-003" type="0"/>
    <Peak1D F1="6.867327" intensity="5.640200e-003" type="0"/>
    <Peak1D F1="6.841488" intensity="4.160545e-003" type="0"/>
    <Peak1D F1="6.819947" intensity="3.017613e-003" type="0"/>
    <Peak1D F1="6.796753" intensity="1.450512e-003" type="0"/>
    <Peak1D F1="6.193437" intensity="6.914132e-003" type="0"/>
    <Peak1D F1="6.188018" intensity="1.415445e-002" type="0"/>
    <Peak1D F1="6.182799" intensity="7.462970e-003" type="0"/>
    <Peak1D F1="6.149238" intensity="1.689468e-003" type="0"/>
    <Peak1D F1="6.106402" intensity="1.318106e-002" type="0"/>
    <Peak1D F1="6.099163" intensity="2.909845e-002" type="0"/>
    <Peak1D F1="6.085069" intensity="4.114959e-003" type="0"/>
    <Peak1D F1="6.039345" intensity="8.934636e-002" type="0"/>
    <Peak1D F1="6.030275" intensity="1.447793e-002" type="0"/>
    <Peak1D F1="6.026206" intensity="1.267401e-002" type="0"/>
    <Peak1D F1="6.020821" intensity="1.673546e-002" type="0"/>
    <Peak1D F1="5.989500" intensity="5.322647e+000" type="0"/>
    <Peak1D F1="5.978267" intensity="1.132686e-001" type="0"/>
    <Peak1D F1="5.966213" intensity="9.753730e-002" type="0"/>
    <Peak1D F1="5.950975" intensity="1.628307e-002" type="0"/>
    <Peak1D F1="5.939429" intensity="1.085292e-001" type="0"/>
    <Peak1D F1="5.898263" intensity="4.354725e-003" type="0"/>
    <Peak1D F1="5.890010" intensity="3.309123e-003" type="0"/>
    <Peak1D F1="5.812384" intensity="4.136808e-003" type="0"/>
    <Peak1D F1="5.805076" intensity="4.693623e-003" type="0"/>
    <Peak1D F1="5.793100" intensity="9.303248e-003" type="0"/>
    <Peak1D F1="5.787807" intensity="1.593090e-002" type="0"/>
    <Peak1D F1="5.782676" intensity="7.429234e-003" type="0"/>
    <Peak1D F1="5.737390" intensity="2.015893e-003" type="0"/>
    <Peak1D F1="5.718068" intensity="3.044417e-003" type="0"/>
    <Peak1D F1="5.696834" intensity="8.669565e-003" type="0"/>
    <Peak1D F1="5.670134" intensity="1.213204e-002" type="0"/>
    <Peak1D F1="5.596458" intensity="6.422289e-002" type="0"/>
    <Peak1D F1="5.565516" intensity="6.959189e-002" type="0"/>
    <Peak1D F1="5.499446" intensity="1.192012e-002" type="0"/>
    <Peak1D F1="5.469241" intensity="8.044111e-003" type="0"/>
    <Peak1D F1="5.450022" intensity="6.433973e-003" type="0"/>
    <Peak1D F1="5.434187" intensity="1.997931e-002" type="0"/>
    <Peak1D F1="5.393334" intensity="4.823291e-003" type="0"/>
    <Peak1D F1="5.380969" intensity="4.316789e-003" type="0"/>
    <Peak1D F1="5.363790" intensity="4.294201e-003" type="0"/>
    <Peak1D F1="5.343024" intensity="1.778883e-002" type="0"/>
    <Peak1D F1="5.336525" intensity="1.780544e-002" type="0"/>
    <Peak1D F1="5.285698" intensity="1.511099e-003" type="0"/>
    <Peak1D F1="5.271649" intensity="2.566453e-003" type="0"/>
    <Peak1D F1="5.256926" intensity="5.089624e-003" type="0"/>
    <Peak1D F1="5.240981" intensity="1.857897e-003" type="0"/>
    <Peak1D F1="5.226547" intensity="9.297047e-003" type="0"/>
    <Peak1D F1="5.213390" intensity="3.135357e-003" type="0"/>
    <Peak1D F1="5.177141" intensity="1.779803e-003" type="0"/>
    <Peak1D F1="5.162487" intensity="1.055858e-003" type="0"/>
    <Peak1D F1="5.050585" intensity="2.192518e-003" type="0"/>
    <Peak1D F1="5.042571" intensity="1.799527e-003" type="0"/>
    <Peak1D F1="4.990264" intensity="1.846581e-003" type="0"/>
    <Peak1D F1="4.966774" intensity="1.930002e-003" type="0"/>
    <Peak1D F1="4.915807" intensity="3.174265e-003" type="0"/>
    <Peak1D F1="4.896769" intensity="2.746516e-003" type="0"/>
    <Peak1D F1="4.885271" intensity="2.989990e-003" type="0"/>
    <Peak1D F1="4.877916" intensity="3.104993e-003" type="0"/>
    <Peak1D F1="4.860467" intensity="9.652864e-003" type="0"/>
    <Peak1D F1="4.838046" intensity="1.141281e-002" type="0"/>
    <Peak1D F1="4.810513" intensity="4.310606e-001" type="0"/>
    <Peak1D F1="4.788360" intensity="4.359158e-001" type="0"/>
    <Peak1D F1="4.760124" intensity="1.527834e-002" type="0"/>
    <Peak1D F1="4.738783" intensity="2.153537e-002" type="0"/>
    <Peak1D F1="4.704001" intensity="6.683913e-002" type="0"/>
    <Peak1D F1="4.688922" intensity="1.498937e-001" type="0"/>
    <Peak1D F1="4.673857" intensity="1.252093e-001" type="0"/>
    <Peak1D F1="4.658384" intensity="6.943396e-002" type="0"/>
    <Peak1D F1="4.643022" intensity="3.223974e-002" type="0"/>
    <Peak1D F1="4.627362" intensity="1.416964e-002" type="0"/>
    <Peak1D F1="4.605355" intensity="6.750523e-003" type="0"/>
    <Peak1D F1="4.577725" intensity="3.518590e-003" type="0"/>
    <Peak1D F1="4.559934" intensity="3.624640e-003" type="0"/>
    <Peak1D F1="4.544823" intensity="3.288131e-003" type="0"/>
    <Peak1D F1="4.299139" intensity="1.508562e-003" type="0"/>
    <Peak1D F1="4.276075" intensity="2.276110e-003" type="0"/>
    <Peak1D F1="4.257315" intensity="1.691679e-003" type="0"/>
    <Peak1D F1="4.047513" intensity="2.414797e-003" type="0"/>
    <Peak1D F1="4.029606" intensity="2.702886e-003" type="0"/>
    <Peak1D F1="4.005016" intensity="1.296389e-003" type="0"/>
    <Peak1D F1="3.985721" intensity="4.412268e-003" type="0"/>
    <Peak1D F1="3.970144" intensity="2.014829e-002" type="0"/>
    <Peak1D F1="3.954853" intensity="4.836467e-002" type="0"/>
    <Peak1D F1="3.939531" intensity="6.446692e-002" type="0"/>
    <Peak1D F1="3.924239" intensity="4.864708e-002" type="0"/>
    <Peak1D F1="3.908907" intensity="2.136724e-002" type="0"/>
    <Peak1D F1="3.893754" intensity="5.436072e-003" type="0"/>
    <Peak1D F1="3.875443" intensity="3.356770e-003" type="0"/>
    <Peak1D F1="3.856019" intensity="8.685001e-002" type="0"/>
    <Peak1D F1="3.830452" intensity="1.906251e-002" type="0"/>
    <Peak1D F1="3.807111" intensity="1.383415e-002" type="0"/>
    <Peak1D F1="3.797372" intensity="1.444421e-002" type="0"/>
    <Peak1D F1="3.788228" intensity="5.986885e-002" type="0"/>
    <Peak1D F1="3.781096" intensity="1.552016e-002" type="0"/>
    <Peak1D F1="3.774727" intensity="1.046237e-002" type="0"/>
    <Peak1D F1="3.760493" intensity="1.425500e-002" type="0"/>
    <Peak1D F1="3.738810" intensity="3.201640e-002" type="0"/>
    <Peak1D F1="3.728533" intensity="2.886682e-001" type="0"/>
    <Peak1D F1="3.719490" intensity="4.080174e-002" type="0"/>
    <Peak1D F1="3.715056" intensity="3.427435e-002" type="0"/>
    <Peak1D F1="3.710084" intensity="4.966789e-002" type="0"/>
    <Peak1D F1="3.678643" intensity="1.500000e+001" type="0"/>
    <Peak1D F1="3.658748" intensity="5.888828e-002" type="0"/>
    <Peak1D F1="3.650504" intensity="3.145969e-002" type="0"/>
    <Peak1D F1="3.643531" intensity="2.210540e-002" type="0"/>
    <Peak1D F1="3.640073" intensity="2.630610e-002" type="0"/>
    <Peak1D F1="3.628558" intensity="2.643035e-001" type="0"/>
    <Peak1D F1="3.611178" intensity="3.880625e-003" type="0"/>
    <Peak1D F1="3.601444" intensity="3.873475e-003" type="0"/>
    <Peak1D F1="3.585347" intensity="2.391009e-003" type="0"/>
    <Peak1D F1="3.578416" intensity="4.765293e-003" type="0"/>
    <Peak1D F1="3.546112" intensity="1.082993e-003" type="0"/>
    <Peak1D F1="3.532529" intensity="1.620031e-003" type="0"/>
    <Peak1D F1="3.514776" intensity="1.127578e-003" type="0"/>
    <Peak1D F1="3.507084" intensity="2.040985e-003" type="0"/>
    <Peak1D F1="3.496329" intensity="8.370957e-002" type="0"/>
    <Peak1D F1="3.446829" intensity="1.428797e-003" type="0"/>
    <Peak1D F1="3.286412" intensity="1.520809e-003" type="0"/>
    <Peak1D F1="3.273642" intensity="1.562542e-003" type="0"/>
    <Peak1D F1="3.264215" intensity="1.744731e-003" type="0"/>
    <Peak1D F1="3.252166" intensity="1.770794e-003" type="0"/>
    <Peak1D F1="3.245709" intensity="1.492490e-003" type="0"/>
    <Peak1D F1="3.235981" intensity="2.346457e-003" type="0"/>
    <Peak1D F1="3.223633" intensity="2.567969e-003" type="0"/>
    <Peak1D F1="3.189375" intensity="3.995709e-003" type="0"/>
    <Peak1D F1="3.172024" intensity="5.219059e-003" type="0"/>
    <Peak1D F1="3.154050" intensity="5.305005e-003" type="0"/>
    <Peak1D F1="3.144452" intensity="4.768311e-003" type="0"/>
    <Peak1D F1="3.124949" intensity="4.127614e-003" type="0"/>
    <Peak1D F1="3.109157" intensity="3.108965e-003" type="0"/>
    <Peak1D F1="3.080669" intensity="2.468954e-003" type="0"/>
    <Peak1D F1="3.070563" intensity="1.646568e-003" type="0"/>
    <Peak1D F1="3.062198" intensity="1.942775e-003" type="0"/>
    <Peak1D F1="2.955502" intensity="2.448281e-003" type="0"/>
    <Peak1D F1="2.945933" intensity="2.400971e-003" type="0"/>
    <Peak1D F1="2.928036" intensity="3.118317e-003" type="0"/>
    <Peak1D F1="2.898726" intensity="3.579845e-003" type="0"/>
    <Peak1D F1="2.866057" intensity="3.920574e-003" type="0"/>
    <Peak1D F1="2.840914" intensity="3.393944e-003" type="0"/>
    <Peak1D F1="2.824201" intensity="3.400109e-003" type="0"/>
    <Peak1D F1="2.818541" intensity="3.687199e-003" type="0"/>
    <Peak1D F1="2.790260" intensity="1.524038e-002" type="0"/>
    <Peak1D F1="2.778626" intensity="1.648983e-002" type="0"/>
    <Peak1D F1="2.765480" intensity="2.350692e-002" type="0"/>
    <Peak1D F1="2.753819" intensity="2.403764e-002" type="0"/>
    <Peak1D F1="2.744745" intensity="1.573721e-002" type="0"/>
    <Peak1D F1="2.733113" intensity="1.326947e-002" type="0"/>
    <Peak1D F1="2.689654" intensity="2.458434e-003" type="0"/>
    <Peak1D F1="2.674119" intensity="3.504592e-003" type="0"/>
    <Peak1D F1="2.657413" intensity="3.636967e-003" type="0"/>
    <Peak1D F1="2.644196" intensity="3.566579e-003" type="0"/>
    <Peak1D F1="2.626035" intensity="3.904657e-003" type="0"/>
    <Peak1D F1="2.620904" intensity="3.922734e-003" type="0"/>
    <Peak1D F1="2.601340" intensity="4.010458e-003" type="0"/>
    <Peak1D F1="2.573129" intensity="4.685683e-003" type="0"/>
    <Peak1D F1="2.551602" intensity="4.360500e-003" type="0"/>
    <Peak1D F1="2.525959" intensity="4.892401e-003" type="0"/>
    <Peak1D F1="2.517679" intensity="4.843146e-003" type="0"/>
    <Peak1D F1="2.497110" intensity="6.106574e-003" type="0"/>
    <Peak1D F1="2.473545" intensity="6.910348e-003" type="0"/>
    <Peak1D F1="2.456978" intensity="9.136731e-003" type="0"/>
    <Peak1D F1="2.436673" intensity="1.224643e-002" type="0"/>
    <Peak1D F1="2.407741" intensity="7.705805e-002" type="0"/>
    <Peak1D F1="2.403234" intensity="8.113251e-002" type="0"/>
    <Peak1D F1="2.391086" intensity="6.123841e-002" type="0"/>
    <Peak1D F1="2.386391" intensity="1.026799e-001" type="0"/>
    <Peak1D F1="2.382247" intensity="9.389032e-002" type="0"/>
    <Peak1D F1="2.377605" intensity="6.366399e-002" type="0"/>
    <Peak1D F1="2.369626" intensity="8.318722e-002" type="0"/>
    <Peak1D F1="2.363071" intensity="1.155976e-001" type="0"/>
    <Peak1D F1="2.359086" intensity="1.377884e-001" type="0"/>
    <Peak1D F1="2.355003" intensity="1.653074e-001" type="0"/>
    <Peak1D F1="2.348629" intensity="2.201602e-001" type="0"/>
    <Peak1D F1="2.343999" intensity="1.947309e-001" type="0"/>
    <Peak1D F1="2.336878" intensity="2.350412e-001" type="0"/>
    <Peak1D F1="2.328168" intensity="1.580861e-001" type="0"/>
    <Peak1D F1="2.315947" intensity="1.595677e-001" type="0"/>
    <Peak1D F1="2.297088" intensity="9.173048e-002" type="0"/>
    <Peak1D F1="2.294297" intensity="8.539002e-002" type="0"/>
    <Peak1D F1="2.286550" intensity="3.997636e-002" type="0"/>
    <Peak1D F1="2.269413" intensity="1.086746e-001" type="0"/>
    <Peak1D F1="2.253096" intensity="1.712361e-001" type="0"/>
    <Peak1D F1="2.236343" intensity="1.559901e-001" type="0"/>
    <Peak1D F1="2.221302" intensity="1.776535e-001" type="0"/>
    <Peak1D F1="2.198785" intensity="2.178244e-001" type="0"/>
    <Peak1D F1="2.194590" intensity="1.928669e-001" type="0"/>
    <Peak1D F1="2.180815" intensity="8.377340e-002" type="0"/>
    <Peak1D F1="2.172546" intensity="3.085417e-001" type="0"/>
    <Peak1D F1="2.165939" intensity="9.477524e-002" type="0"/>
    <Peak1D F1="2.158824" intensity="8.693656e-002" type="0"/>
    <Peak1D F1="2.150325" intensity="2.029586e-001" type="0"/>
    <Peak1D F1="2.146341" intensity="2.236780e-001" type="0"/>
    <Peak1D F1="2.139574" intensity="1.485350e-001" type="0"/>
    <Peak1D F1="2.128346" intensity="3.125774e-001" type="0"/>
    <Peak1D F1="2.124069" intensity="3.268464e-001" type="0"/>
    <Peak1D F1="2.115332" intensity="2.640532e-001" type="0"/>
    <Peak1D F1="2.098208" intensity="3.130912e+000" type="0"/>
    <Peak1D F1="2.078640" intensity="9.572207e+000" type="0"/>
    <Peak1D F1="2.066894" intensity="2.652150e+000" type="0"/>
    <Peak1D F1="2.059787" intensity="4.840526e+000" type="0"/>
    <Peak1D F1="2.043906" intensity="3.129486e-001" type="0"/>
    <Peak1D F1="2.038681" intensity="2.474922e-001" type="0"/>
    <Peak1D F1="2.034740" intensity="2.493522e-001" type="0"/>
    <Peak1D F1="2.032396" intensity="2.463880e-001" type="0"/>
    <Peak1D F1="2.028843" intensity="2.946343e-001" type="0"/>
    <Peak1D F1="2.009836" intensity="1.398386e-001" type="0"/>
    <Peak1D F1="1.981924" intensity="7.239047e-002" type="0"/>
    <Peak1D F1="1.962442" intensity="1.306678e-001" type="0"/>
    <Peak1D F1="1.957681" intensity="1.450149e-001" type="0"/>
    <Peak1D F1="1.946951" intensity="2.091748e-001" type="0"/>
    <Peak1D F1="1.940232" intensity="2.711674e-001" type="0"/>
    <Peak1D F1="1.932049" intensity="1.306282e+000" type="0"/>
    <Peak1D F1="1.920091" intensity="5.336297e-001" type="0"/>
    <Peak1D F1="1.913506" intensity="7.974260e-001" type="0"/>
    <Peak1D F1="1.909374" intensity="6.950842e-001" type="0"/>
    <Peak1D F1="1.898823" intensity="4.971570e+000" type="0"/>
    <Peak1D F1="1.888890" intensity="4.103454e+000" type="0"/>
    <Peak1D F1="1.887629" intensity="4.163977e+000" type="0"/>
    <Peak1D F1="1.879222" intensity="9.833857e+000" type="0"/>
    <Peak1D F1="1.870370" intensity="3.595020e+000" type="0"/>
    <Peak1D F1="1.868356" intensity="3.667502e+000" type="0"/>
    <Peak1D F1="1.859746" intensity="3.136170e+000" type="0"/>
    <Peak1D F1="1.847791" intensity="4.387712e-001" type="0"/>
    <Peak1D F1="1.837574" intensity="2.697209e-001" type="0"/>
    <Peak1D F1="1.829410" intensity="2.568128e-001" type="0"/>
    <Peak1D F1="1.821406" intensity="1.309283e-001" type="0"/>
    <Peak1D F1="1.810201" intensity="1.190796e-001" type="0"/>
    <Peak1D F1="1.798791" intensity="9.748209e-002" type="0"/>
    <Peak1D F1="1.783352" intensity="1.174034e-001" type="0"/>
    <Peak1D F1="1.768322" intensity="8.470117e-002" type="0"/>
    <Peak1D F1="1.764645" intensity="9.036508e-002" type="0"/>
    <Peak1D F1="1.749181" intensity="6.176662e-002" type="0"/>
    <Peak1D F1="1.736872" intensity="5.834656e-002" type="0"/>
    <Peak1D F1="1.729126" intensity="6.050482e-002" type="0"/>
    <Peak1D F1="1.721001" intensity="7.712822e-002" type="0"/>
    <Peak1D F1="1.709789" intensity="1.245492e-001" type="0"/>
    <Peak1D F1="1.704152" intensity="8.709089e-002" type="0"/>
    <Peak1D F1="1.693742" intensity="2.192379e-001" type="0"/>
    <Peak1D F1="1.690070" intensity="1.894981e-001" type="0"/>
    <Peak1D F1="1.685149" intensity="1.387008e-001" type="0"/>
    <Peak1D F1="1.673476" intensity="3.767327e-001" type="0"/>
    <Peak1D F1="1.651506" intensity="2.420866e-001" type="0"/>
    <Peak1D F1="1.645542" intensity="2.200597e-001" type="0"/>
    <Peak1D F1="1.640858" intensity="1.452089e-001" type="0"/>
    <Peak1D F1="1.636435" intensity="1.361374e-001" type="0"/>
    <Peak1D F1="1.629850" intensity="1.158360e-001" type="0"/>
    <Peak1D F1="1.624496" intensity="9.962442e-002" type="0"/>
    <Peak1D F1="1.609265" intensity="6.876198e-002" type="0"/>
    <Peak1D F1="1.591969" intensity="2.803343e-002" type="0"/>
    <Peak1D F1="1.583238" intensity="2.040617e-002" type="0"/>
    <Peak1D F1="1.566548" intensity="1.786671e-002" type="0"/>
    <Peak1D F1="1.559046" intensity="1.833357e-002" type="0"/>
    <Peak1D F1="1.539066" intensity="3.898688e-002" type="0"/>
    <Peak1D F1="1.532452" intensity="3.978013e-002" type="0"/>
    <Peak1D F1="1.523525" intensity="6.371499e-002" type="0"/>
    <Peak1D F1="1.513456" intensity="5.246615e-002" type="0"/>
    <Peak1D F1="1.505439" intensity="1.296457e-001" type="0"/>
    <Peak1D F1="1.487758" intensity="1.354894e-001" type="0"/>
    <Peak1D F1="1.475655" intensity="1.107304e-001" type="0"/>
    <Peak1D F1="1.458068" intensity="1.016841e-001" type="0"/>
    <Peak1D F1="1.439698" intensity="3.115958e-002" type="0"/>
    <Peak1D F1="1.427863" intensity="2.193662e-002" type="0"/>
    <Peak1D F1="1.413994" intensity="1.074111e-002" type="0"/>
    <Peak1D F1="1.362936" intensity="6.293250e-003" type="0"/>
    <Peak1D F1="1.347124" intensity="7.033303e-003" type="0"/>
    <Peak1D F1="1.328178" intensity="3.645279e-003" type="0"/>
    <Peak1D F1="1.313112" intensity="4.465261e-003" type="0"/>
    <Peak1D F1="1.308820" intensity="3.818393e-003" type="0"/>
    <Peak1D F1="1.296638" intensity="4.277393e-003" type="0"/>
    <Peak1D F1="1.283849" intensity="7.595438e-003" type="0"/>
    <Peak1D F1="1.267583" intensity="1.089897e-002" type="0"/>
    <Peak1D F1="1.257149" intensity="2.014394e-002" type="0"/>
    <Peak1D F1="1.241757" intensity="2.576454e-002" type="0"/>
    <Peak1D F1="1.207346" intensity="6.170093e-001" type="0"/>
    <Peak1D F1="1.191943" intensity="6.188933e-001" type="0"/>
    <Peak1D F1="1.178445" intensity="5.851494e-002" type="0"/>
    <Peak1D F1="1.172912" intensity="7.096341e-002" type="0"/>
    <Peak1D F1="1.157307" intensity="2.500197e-002" type="0"/>
    <Peak1D F1="1.141983" intensity="2.587350e-002" type="0"/>
    <Peak1D F1="1.128735" intensity="6.688689e-001" type="0"/>
    <Peak1D F1="1.113417" intensity="6.573830e-001" type="0"/>
    <Peak1D F1="1.078773" intensity="1.315395e-002" type="0"/>
    <Peak1D F1="1.063407" intensity="1.231347e-002" type="0"/>
    <Peak1D F1="1.048430" intensity="4.961425e-003" type="0"/>
    <Peak1D F1="1.037324" intensity="6.583828e-003" type="0"/>
    <Peak1D F1="1.008363" intensity="2.309367e-003" type="0"/>
    <Peak1D F1="0.992891" intensity="2.284683e-003" type="0"/>
    <Peak1D F1="0.970524" intensity="4.285587e-003" type="0"/>
    <Peak1D F1="0.955367" intensity="4.296402e-003" type="0"/>
    <Peak1D F1="0.852926" intensity="1.301203e-003" type="0"/>
    <Peak1D F1="0.836600" intensity="1.268576e-003" type="0"/>
    <Peak1D F1="0.810274" intensity="9.006291e-003" type="0"/>
    <Peak1D F1="0.793888" intensity="2.080896e-002" type="0"/>
    <Peak1D F1="0.776092" intensity="1.287784e-002" type="0"/>
    <Peak1D F1="0.752368" intensity="7.984748e-003" type="0"/>
    <Peak1D F1="0.734254" intensity="4.793135e-003" type="0"/>
    <Peak1D F1="0.716294" intensity="1.696503e-003" type="0"/>
    <Peak1D F1="0.145530" intensity="1.138844e-003" type="0"/>
    <Peak1D F1="0.049832" intensity="4.628371e-003" type="0"/>
    <Peak1D F1="0.008921" intensity="1.286827e-002" type="0"/>
    <Peak1D F1="-0.000154" intensity="3.007987e-001" type="0"/>
    <Peak1D F1="-0.009120" intensity="1.133621e-002" type="0"/>
    <Peak1D F1="-0.028789" intensity="2.616383e-003" type="0"/>
    <Peak1D F1="-0.050388" intensity="4.557431e-003" type="0"/>
  </PeakList1D>
</PeakList>
