<?xml version="1.0" encoding="UTF-8"?>
<PeakList>
  <PeakList1D>
    <PeakList1DHeader creator="nmr" date="2021-08-01T16:13:19.681+03:00" expNo="20" name="ID-419-H" owner="" procNo="1" source="//132.72.8.180/400b/Milo/Milo">
      <PeakPickDetails>F1=16.101721ppm, F2=-3.927324ppm, MI=0.00cm, MAXI=10000.00cm, PC=1.000
      </PeakPickDetails>
    </PeakList1DHeader>
    <Peak1D F1="10.312760" intensity="1.434471e-002" type="0"/>
    <Peak1D F1="10.172864" intensity="5.581518e-003" type="0"/>
    <Peak1D F1="10.142396" intensity="4.028685e-002" type="0"/>
    <Peak1D F1="10.122557" intensity="1.642248e-002" type="0"/>
    <Peak1D F1="10.092410" intensity="2.327785e+000" type="0"/>
    <Peak1D F1="10.060917" intensity="1.547549e-002" type="0"/>
    <Peak1D F1="10.042736" intensity="3.709535e-002" type="0"/>
    <Peak1D F1="9.865798" intensity="1.239695e-002" type="0"/>
    <Peak1D F1="8.888212" intensity="6.208636e-003" type="0"/>
    <Peak1D F1="8.839583" intensity="2.375625e-001" type="0"/>
    <Peak1D F1="8.790764" intensity="6.540166e-003" type="0"/>
    <Peak1D F1="8.549091" intensity="7.645358e-003" type="0"/>
    <Peak1D F1="8.532002" intensity="9.131496e-003" type="0"/>
    <Peak1D F1="8.490212" intensity="1.874425e-002" type="0"/>
    <Peak1D F1="8.472814" intensity="1.915137e-002" type="0"/>
    <Peak1D F1="8.441056" intensity="5.165896e-003" type="0"/>
    <Peak1D F1="8.410443" intensity="8.233938e-003" type="0"/>
    <Peak1D F1="8.390253" intensity="3.241095e-002" type="0"/>
    <Peak1D F1="8.368106" intensity="3.841425e-002" type="0"/>
    <Peak1D F1="8.339857" intensity="1.545839e+000" type="0"/>
    <Peak1D F1="8.318197" intensity="1.714719e+000" type="0"/>
    <Peak1D F1="8.292648" intensity="1.556533e-001" type="0"/>
    <Peak1D F1="8.272071" intensity="1.755820e-001" type="0"/>
    <Peak1D F1="8.258713" intensity="4.092474e-002" type="0"/>
    <Peak1D F1="8.241036" intensity="1.127098e-001" type="0"/>
    <Peak1D F1="8.225970" intensity="4.215040e-002" type="0"/>
    <Peak1D F1="8.206306" intensity="3.794013e-002" type="0"/>
    <Peak1D F1="8.185619" intensity="3.145181e-002" type="0"/>
    <Peak1D F1="8.156681" intensity="8.771332e-001" type="0"/>
    <Peak1D F1="8.151878" intensity="3.512728e-001" type="0"/>
    <Peak1D F1="8.134878" intensity="9.233730e-001" type="0"/>
    <Peak1D F1="8.128942" intensity="2.152539e-001" type="0"/>
    <Peak1D F1="8.106236" intensity="3.880816e-002" type="0"/>
    <Peak1D F1="8.084322" intensity="2.415687e-002" type="0"/>
    <Peak1D F1="8.069657" intensity="4.335901e-002" type="0"/>
    <Peak1D F1="8.051662" intensity="1.180159e-001" type="0"/>
    <Peak1D F1="8.023571" intensity="3.309920e-001" type="0"/>
    <Peak1D F1="8.018861" intensity="2.003976e+000" type="0"/>
    <Peak1D F1="8.014407" intensity="6.182594e-001" type="0"/>
    <Peak1D F1="8.001315" intensity="6.448900e-001" type="0"/>
    <Peak1D F1="7.997445" intensity="1.681884e+000" type="0"/>
    <Peak1D F1="7.992335" intensity="2.462598e-001" type="0"/>
    <Peak1D F1="7.968550" intensity="4.529718e-002" type="0"/>
    <Peak1D F1="7.952563" intensity="1.800841e-001" type="0"/>
    <Peak1D F1="7.932148" intensity="1.467285e-001" type="0"/>
    <Peak1D F1="7.886047" intensity="1.065809e-001" type="0"/>
    <Peak1D F1="7.867475" intensity="1.126508e-001" type="0"/>
    <Peak1D F1="7.832731" intensity="7.998359e-002" type="0"/>
    <Peak1D F1="7.812049" intensity="9.739575e-002" type="0"/>
    <Peak1D F1="7.801418" intensity="7.077821e-002" type="0"/>
    <Peak1D F1="7.791947" intensity="7.899854e-002" type="0"/>
    <Peak1D F1="7.780589" intensity="1.057741e-001" type="0"/>
    <Peak1D F1="7.768662" intensity="7.195093e-002" type="0"/>
    <Peak1D F1="7.743786" intensity="8.382310e-002" type="0"/>
    <Peak1D F1="7.723065" intensity="4.797769e-002" type="0"/>
    <Peak1D F1="7.709141" intensity="1.977679e-002" type="0"/>
    <Peak1D F1="7.683443" intensity="1.637768e-002" type="0"/>
    <Peak1D F1="7.658606" intensity="1.797757e-002" type="0"/>
    <Peak1D F1="7.635447" intensity="2.819666e-002" type="0"/>
    <Peak1D F1="7.613081" intensity="2.690521e-002" type="0"/>
    <Peak1D F1="7.598878" intensity="1.604729e-002" type="0"/>
    <Peak1D F1="7.567485" intensity="5.781043e-002" type="0"/>
    <Peak1D F1="7.553639" intensity="1.302238e-001" type="0"/>
    <Peak1D F1="7.535215" intensity="1.692858e-001" type="0"/>
    <Peak1D F1="7.518792" intensity="1.009914e-001" type="0"/>
    <Peak1D F1="7.515848" intensity="1.051974e-001" type="0"/>
    <Peak1D F1="7.502464" intensity="6.474753e-002" type="0"/>
    <Peak1D F1="7.479574" intensity="9.564763e-001" type="0"/>
    <Peak1D F1="7.457609" intensity="9.505889e-001" type="0"/>
    <Peak1D F1="7.441300" intensity="1.587947e-001" type="0"/>
    <Peak1D F1="7.424287" intensity="6.262828e-002" type="0"/>
    <Peak1D F1="7.407255" intensity="4.031286e-002" type="0"/>
    <Peak1D F1="7.383749" intensity="6.087376e-003" type="0"/>
    <Peak1D F1="7.363252" intensity="7.086733e-003" type="0"/>
    <Peak1D F1="7.333668" intensity="9.234246e-003" type="0"/>
    <Peak1D F1="7.315937" intensity="9.998580e-003" type="0"/>
    <Peak1D F1="7.298023" intensity="1.210590e-002" type="0"/>
    <Peak1D F1="7.272395" intensity="1.158183e-002" type="0"/>
    <Peak1D F1="7.246551" intensity="1.366933e-001" type="0"/>
    <Peak1D F1="7.233256" intensity="1.426455e-002" type="0"/>
    <Peak1D F1="7.221564" intensity="3.232472e-002" type="0"/>
    <Peak1D F1="7.196596" intensity="7.940330e+000" type="0"/>
    <Peak1D F1="7.179092" intensity="2.756236e-002" type="0"/>
    <Peak1D F1="7.170498" intensity="1.813290e-002" type="0"/>
    <Peak1D F1="7.157005" intensity="1.258798e-002" type="0"/>
    <Peak1D F1="7.146634" intensity="1.141172e-001" type="0"/>
    <Peak1D F1="7.096867" intensity="5.453046e-003" type="0"/>
    <Peak1D F1="6.932493" intensity="4.266950e-002" type="0"/>
    <Peak1D F1="6.312008" intensity="9.661379e-003" type="0"/>
    <Peak1D F1="6.214577" intensity="1.607749e-002" type="0"/>
    <Peak1D F1="6.115775" intensity="9.884006e-002" type="0"/>
    <Peak1D F1="6.094761" intensity="2.805683e-002" type="0"/>
    <Peak1D F1="6.066223" intensity="4.485165e-002" type="0"/>
    <Peak1D F1="6.015960" intensity="2.773260e+000" type="0"/>
    <Peak1D F1="5.966263" intensity="3.945272e-002" type="0"/>
    <Peak1D F1="5.945577" intensity="8.310708e-003" type="0"/>
    <Peak1D F1="5.814451" intensity="8.856663e-003" type="0"/>
    <Peak1D F1="5.807492" intensity="1.006069e-002" type="0"/>
    <Peak1D F1="5.779545" intensity="8.954538e-003" type="0"/>
    <Peak1D F1="5.540183" intensity="5.757187e-003" type="0"/>
    <Peak1D F1="5.440741" intensity="5.547643e-003" type="0"/>
    <Peak1D F1="5.355215" intensity="3.005301e-002" type="0"/>
    <Peak1D F1="5.349393" intensity="3.047268e-002" type="0"/>
    <Peak1D F1="5.317186" intensity="8.737791e-003" type="0"/>
    <Peak1D F1="5.211931" intensity="6.897883e-003" type="0"/>
    <Peak1D F1="5.042317" intensity="5.947776e-003" type="0"/>
    <Peak1D F1="5.016383" intensity="6.164960e-003" type="0"/>
    <Peak1D F1="4.992521" intensity="6.252372e-003" type="0"/>
    <Peak1D F1="4.967383" intensity="6.834550e-003" type="0"/>
    <Peak1D F1="4.947448" intensity="8.904366e-003" type="0"/>
    <Peak1D F1="4.899101" intensity="8.983493e-003" type="0"/>
    <Peak1D F1="4.892665" intensity="8.741413e-003" type="0"/>
    <Peak1D F1="4.871198" intensity="9.223546e-003" type="0"/>
    <Peak1D F1="4.841580" intensity="1.482551e-002" type="0"/>
    <Peak1D F1="4.818906" intensity="1.972228e-002" type="0"/>
    <Peak1D F1="4.791788" intensity="5.165465e-001" type="0"/>
    <Peak1D F1="4.769016" intensity="5.258382e-001" type="0"/>
    <Peak1D F1="4.743335" intensity="2.404205e-002" type="0"/>
    <Peak1D F1="4.720303" intensity="3.096393e-002" type="0"/>
    <Peak1D F1="4.670614" intensity="3.538660e-002" type="0"/>
    <Peak1D F1="4.583161" intensity="1.389230e-002" type="0"/>
    <Peak1D F1="4.567809" intensity="1.058239e-002" type="0"/>
    <Peak1D F1="4.512864" intensity="5.622723e-003" type="0"/>
    <Peak1D F1="4.472444" intensity="5.466796e-003" type="0"/>
    <Peak1D F1="3.876509" intensity="4.707320e-002" type="0"/>
    <Peak1D F1="3.860578" intensity="5.932445e-003" type="0"/>
    <Peak1D F1="3.842989" intensity="7.072118e-002" type="0"/>
    <Peak1D F1="3.821280" intensity="3.998646e-002" type="0"/>
    <Peak1D F1="3.809654" intensity="3.037575e-001" type="0"/>
    <Peak1D F1="3.801003" intensity="1.885745e-002" type="0"/>
    <Peak1D F1="3.748751" intensity="1.551149e-001" type="0"/>
    <Peak1D F1="3.744102" intensity="1.822861e-001" type="0"/>
    <Peak1D F1="3.733319" intensity="2.778075e-002" type="0"/>
    <Peak1D F1="3.699224" intensity="8.531925e+000" type="0"/>
    <Peak1D F1="3.681616" intensity="4.765274e-002" type="0"/>
    <Peak1D F1="3.660579" intensity="2.318346e-002" type="0"/>
    <Peak1D F1="3.649545" intensity="1.222713e-001" type="0"/>
    <Peak1D F1="3.633597" intensity="6.036075e-003" type="0"/>
    <Peak1D F1="3.599768" intensity="5.462806e-003" type="0"/>
    <Peak1D F1="3.516852" intensity="4.584733e-002" type="0"/>
    <Peak1D F1="3.199987" intensity="4.946981e-003" type="0"/>
    <Peak1D F1="2.851395" intensity="7.065337e-003" type="0"/>
    <Peak1D F1="2.828844" intensity="6.720214e-003" type="0"/>
    <Peak1D F1="2.625992" intensity="5.858210e-003" type="0"/>
    <Peak1D F1="2.551952" intensity="5.735675e-003" type="0"/>
    <Peak1D F1="2.506489" intensity="7.405840e-003" type="0"/>
    <Peak1D F1="2.479499" intensity="1.035002e-002" type="0"/>
    <Peak1D F1="2.456070" intensity="1.195959e-002" type="0"/>
    <Peak1D F1="2.434876" intensity="8.147782e-002" type="0"/>
    <Peak1D F1="2.430597" intensity="8.765546e-002" type="0"/>
    <Peak1D F1="2.414936" intensity="9.483908e-002" type="0"/>
    <Peak1D F1="2.409595" intensity="9.285182e-002" type="0"/>
    <Peak1D F1="2.385474" intensity="1.370009e-001" type="0"/>
    <Peak1D F1="2.361108" intensity="1.580525e-001" type="0"/>
    <Peak1D F1="2.351245" intensity="1.124515e-001" type="0"/>
    <Peak1D F1="2.328428" intensity="1.811087e-001" type="0"/>
    <Peak1D F1="2.320966" intensity="1.047519e-001" type="0"/>
    <Peak1D F1="2.308634" intensity="1.389087e-001" type="0"/>
    <Peak1D F1="2.298340" intensity="1.612241e-001" type="0"/>
    <Peak1D F1="2.278095" intensity="1.235811e-001" type="0"/>
    <Peak1D F1="2.256317" intensity="1.038971e-001" type="0"/>
    <Peak1D F1="2.249685" intensity="1.755351e-001" type="0"/>
    <Peak1D F1="2.237190" intensity="7.121580e-002" type="0"/>
    <Peak1D F1="2.227061" intensity="1.990956e-001" type="0"/>
    <Peak1D F1="2.223354" intensity="1.935175e-001" type="0"/>
    <Peak1D F1="2.200732" intensity="2.458642e-001" type="0"/>
    <Peak1D F1="2.179054" intensity="1.631538e-001" type="0"/>
    <Peak1D F1="2.174592" intensity="1.626914e-001" type="0"/>
    <Peak1D F1="2.165679" intensity="1.530217e-001" type="0"/>
    <Peak1D F1="2.151711" intensity="2.855790e-001" type="0"/>
    <Peak1D F1="2.145571" intensity="3.806928e-001" type="0"/>
    <Peak1D F1="2.115404" intensity="4.600609e+000" type="0"/>
    <Peak1D F1="2.095705" intensity="1.457967e+001" type="0"/>
    <Peak1D F1="2.084183" intensity="3.746128e+000" type="0"/>
    <Peak1D F1="2.077158" intensity="7.116986e+000" type="0"/>
    <Peak1D F1="2.055557" intensity="3.545198e-001" type="0"/>
    <Peak1D F1="2.051375" intensity="3.571196e-001" type="0"/>
    <Peak1D F1="2.046151" intensity="3.754107e-001" type="0"/>
    <Peak1D F1="2.027982" intensity="1.671819e-001" type="0"/>
    <Peak1D F1="2.019623" intensity="7.303545e-002" type="0"/>
    <Peak1D F1="1.985537" intensity="1.406127e-001" type="0"/>
    <Peak1D F1="1.959210" intensity="2.822517e-001" type="0"/>
    <Peak1D F1="1.947732" intensity="3.530200e-001" type="0"/>
    <Peak1D F1="1.936257" intensity="2.480546e+000" type="0"/>
    <Peak1D F1="1.932400" intensity="8.087478e-001" type="0"/>
    <Peak1D F1="1.924698" intensity="9.021667e-001" type="0"/>
    <Peak1D F1="1.920444" intensity="8.307139e-001" type="0"/>
    <Peak1D F1="1.909895" intensity="7.294432e+000" type="0"/>
    <Peak1D F1="1.899809" intensity="6.131028e+000" type="0"/>
    <Peak1D F1="1.890423" intensity="1.500000e+001" type="0"/>
    <Peak1D F1="1.881030" intensity="5.591798e+000" type="0"/>
    <Peak1D F1="1.871070" intensity="4.720498e+000" type="0"/>
    <Peak1D F1="1.858868" intensity="5.948387e-001" type="0"/>
    <Peak1D F1="1.849047" intensity="3.290331e-001" type="0"/>
    <Peak1D F1="1.840840" intensity="3.147382e-001" type="0"/>
    <Peak1D F1="1.831067" intensity="1.335693e-001" type="0"/>
    <Peak1D F1="1.821983" intensity="1.081010e-001" type="0"/>
    <Peak1D F1="1.794085" intensity="3.559669e-002" type="0"/>
    <Peak1D F1="1.780916" intensity="2.716656e-002" type="0"/>
    <Peak1D F1="1.773583" intensity="2.708321e-002" type="0"/>
    <Peak1D F1="1.764613" intensity="3.541693e-002" type="0"/>
    <Peak1D F1="1.759071" intensity="4.101730e-002" type="0"/>
    <Peak1D F1="1.743347" intensity="8.591007e-002" type="0"/>
    <Peak1D F1="1.723163" intensity="1.327054e-001" type="0"/>
    <Peak1D F1="1.715697" intensity="9.631162e-002" type="0"/>
    <Peak1D F1="1.706676" intensity="1.294129e-001" type="0"/>
    <Peak1D F1="1.699944" intensity="1.609450e-001" type="0"/>
    <Peak1D F1="1.696200" intensity="1.432305e-001" type="0"/>
    <Peak1D F1="1.687895" intensity="1.218619e-001" type="0"/>
    <Peak1D F1="1.680339" intensity="3.404994e-001" type="0"/>
    <Peak1D F1="1.675512" intensity="2.009812e-001" type="0"/>
    <Peak1D F1="1.669655" intensity="2.219008e-001" type="0"/>
    <Peak1D F1="1.657090" intensity="3.159916e-001" type="0"/>
    <Peak1D F1="1.652389" intensity="2.648129e-001" type="0"/>
    <Peak1D F1="1.641081" intensity="1.957527e-001" type="0"/>
    <Peak1D F1="1.636497" intensity="2.257068e-001" type="0"/>
    <Peak1D F1="1.632120" intensity="1.703572e-001" type="0"/>
    <Peak1D F1="1.625553" intensity="1.088023e-001" type="0"/>
    <Peak1D F1="1.620692" intensity="1.259470e-001" type="0"/>
    <Peak1D F1="1.616453" intensity="1.203975e-001" type="0"/>
    <Peak1D F1="1.589768" intensity="6.236122e-002" type="0"/>
    <Peak1D F1="1.534623" intensity="1.049890e-001" type="0"/>
    <Peak1D F1="1.519645" intensity="7.548661e-002" type="0"/>
    <Peak1D F1="1.511833" intensity="8.680576e-002" type="0"/>
    <Peak1D F1="1.500441" intensity="1.649703e-001" type="0"/>
    <Peak1D F1="1.491386" intensity="6.169308e-002" type="0"/>
    <Peak1D F1="1.482911" intensity="1.920359e-001" type="0"/>
    <Peak1D F1="1.470044" intensity="1.385846e-001" type="0"/>
    <Peak1D F1="1.453359" intensity="1.374056e-001" type="0"/>
    <Peak1D F1="1.441247" intensity="3.535321e-002" type="0"/>
    <Peak1D F1="1.435258" intensity="4.686020e-002" type="0"/>
    <Peak1D F1="1.423395" intensity="5.008530e-002" type="0"/>
    <Peak1D F1="1.401827" intensity="1.846379e-002" type="0"/>
    <Peak1D F1="1.374809" intensity="1.460223e-002" type="0"/>
    <Peak1D F1="1.360992" intensity="1.040849e-002" type="0"/>
    <Peak1D F1="1.355309" intensity="1.037564e-002" type="0"/>
    <Peak1D F1="1.324236" intensity="1.065722e-002" type="0"/>
    <Peak1D F1="1.307235" intensity="1.183872e-002" type="0"/>
    <Peak1D F1="1.236815" intensity="2.584896e-002" type="0"/>
    <Peak1D F1="1.183410" intensity="6.780082e-002" type="0"/>
    <Peak1D F1="1.155471" intensity="1.044096e-002" type="0"/>
    <Peak1D F1="1.134293" intensity="7.088981e-003" type="0"/>
    <Peak1D F1="0.971861" intensity="5.129147e-003" type="0"/>
    <Peak1D F1="0.834876" intensity="5.488840e-003" type="0"/>
    <Peak1D F1="0.825026" intensity="1.157245e-002" type="0"/>
    <Peak1D F1="0.809187" intensity="1.827238e-002" type="0"/>
    <Peak1D F1="0.793260" intensity="1.168807e-002" type="0"/>
    <Peak1D F1="0.772940" intensity="7.961912e-003" type="0"/>
    <Peak1D F1="0.710830" intensity="5.601065e-003" type="0"/>
    <Peak1D F1="-0.000158" intensity="9.014042e-002" type="0"/>
    <Peak1D F1="-1.003675" intensity="5.072931e-003" type="0"/>
  </PeakList1D>
</PeakList>
