<?xml version="1.0" encoding="UTF-8"?>
<PeakList>
  <PeakList1D>
    <PeakList1DHeader creator="nmr" date="2021-08-02T15:03:59.100+03:00" expNo="10" name="ID-420-D" owner="" procNo="1" source="//132.72.8.180/400b/Milo/Milo">
      <PeakPickDetails>F1=16.101400ppm, F2=-3.927645ppm, MI=0.00cm, MAXI=10000.00cm, PC=1.000
      </PeakPickDetails>
    </PeakList1DHeader>
    <Peak1D F1="10.093566" intensity="1.325287e-001" type="0"/>
    <Peak1D F1="10.042626" intensity="6.054176e-003" type="0"/>
    <Peak1D F1="8.390302" intensity="6.933626e-003" type="0"/>
    <Peak1D F1="8.369979" intensity="1.475692e-002" type="0"/>
    <Peak1D F1="8.364182" intensity="1.200479e-002" type="0"/>
    <Peak1D F1="8.341258" intensity="9.704462e-002" type="0"/>
    <Peak1D F1="8.319693" intensity="1.042065e-001" type="0"/>
    <Peak1D F1="8.269347" intensity="1.515865e-002" type="0"/>
    <Peak1D F1="8.244415" intensity="4.305708e-002" type="0"/>
    <Peak1D F1="8.222504" intensity="7.432599e-002" type="0"/>
    <Peak1D F1="8.207372" intensity="1.312396e-001" type="0"/>
    <Peak1D F1="8.185609" intensity="1.464455e-001" type="0"/>
    <Peak1D F1="8.157491" intensity="3.457611e+000" type="0"/>
    <Peak1D F1="8.152598" intensity="1.277248e+000" type="0"/>
    <Peak1D F1="8.135605" intensity="3.612194e+000" type="0"/>
    <Peak1D F1="8.129768" intensity="6.991781e-001" type="0"/>
    <Peak1D F1="8.116785" intensity="1.161525e-001" type="0"/>
    <Peak1D F1="8.107470" intensity="6.792462e-002" type="0"/>
    <Peak1D F1="8.085771" intensity="6.190440e-002" type="0"/>
    <Peak1D F1="8.063140" intensity="1.330864e-002" type="0"/>
    <Peak1D F1="8.041566" intensity="1.352598e-002" type="0"/>
    <Peak1D F1="8.020291" intensity="1.193109e-001" type="0"/>
    <Peak1D F1="7.998507" intensity="9.864501e-002" type="0"/>
    <Peak1D F1="7.970664" intensity="7.052626e-003" type="0"/>
    <Peak1D F1="7.942387" intensity="1.263825e-001" type="0"/>
    <Peak1D F1="7.924575" intensity="1.288806e-001" type="0"/>
    <Peak1D F1="7.832388" intensity="8.780529e-003" type="0"/>
    <Peak1D F1="7.815310" intensity="7.657574e-002" type="0"/>
    <Peak1D F1="7.808669" intensity="7.806177e-002" type="0"/>
    <Peak1D F1="7.792657" intensity="7.553452e-002" type="0"/>
    <Peak1D F1="7.785879" intensity="7.958461e-002" type="0"/>
    <Peak1D F1="7.763945" intensity="9.232251e-003" type="0"/>
    <Peak1D F1="7.732151" intensity="6.025045e-003" type="0"/>
    <Peak1D F1="7.696148" intensity="8.170740e-003" type="0"/>
    <Peak1D F1="7.680429" intensity="2.312418e-002" type="0"/>
    <Peak1D F1="7.661439" intensity="2.369209e-002" type="0"/>
    <Peak1D F1="7.628773" intensity="1.825919e-002" type="0"/>
    <Peak1D F1="7.608935" intensity="4.641619e-002" type="0"/>
    <Peak1D F1="7.586709" intensity="4.141668e-002" type="0"/>
    <Peak1D F1="7.580102" intensity="3.109589e-002" type="0"/>
    <Peak1D F1="7.558492" intensity="4.724427e-002" type="0"/>
    <Peak1D F1="7.544402" intensity="6.013682e-002" type="0"/>
    <Peak1D F1="7.529762" intensity="8.934154e-002" type="0"/>
    <Peak1D F1="7.517559" intensity="1.421842e-001" type="0"/>
    <Peak1D F1="7.508961" intensity="1.261426e-001" type="0"/>
    <Peak1D F1="7.495137" intensity="1.866005e-001" type="0"/>
    <Peak1D F1="7.480219" intensity="3.508029e+000" type="0"/>
    <Peak1D F1="7.475718" intensity="1.153461e+000" type="0"/>
    <Peak1D F1="7.458435" intensity="3.351259e+000" type="0"/>
    <Peak1D F1="7.452669" intensity="5.200481e-001" type="0"/>
    <Peak1D F1="7.441093" intensity="3.219637e-001" type="0"/>
    <Peak1D F1="7.429872" intensity="1.526538e-001" type="0"/>
    <Peak1D F1="7.424069" intensity="8.712930e-002" type="0"/>
    <Peak1D F1="7.410186" intensity="1.300792e-001" type="0"/>
    <Peak1D F1="7.391957" intensity="7.743769e-002" type="0"/>
    <Peak1D F1="7.376136" intensity="5.124199e-002" type="0"/>
    <Peak1D F1="7.368744" intensity="5.351364e-002" type="0"/>
    <Peak1D F1="7.360141" intensity="2.727615e-002" type="0"/>
    <Peak1D F1="7.339997" intensity="3.245432e-002" type="0"/>
    <Peak1D F1="7.326323" intensity="7.103324e-002" type="0"/>
    <Peak1D F1="7.306858" intensity="9.266073e-002" type="0"/>
    <Peak1D F1="7.291859" intensity="7.884135e-002" type="0"/>
    <Peak1D F1="7.274251" intensity="5.879142e-002" type="0"/>
    <Peak1D F1="7.260810" intensity="6.611919e-002" type="0"/>
    <Peak1D F1="7.254092" intensity="7.120273e-002" type="0"/>
    <Peak1D F1="7.245978" intensity="1.971490e-001" type="0"/>
    <Peak1D F1="7.238396" intensity="1.029032e-001" type="0"/>
    <Peak1D F1="7.231419" intensity="9.568836e-002" type="0"/>
    <Peak1D F1="7.215716" intensity="8.953374e-002" type="0"/>
    <Peak1D F1="7.196238" intensity="1.103722e+001" type="0"/>
    <Peak1D F1="7.146036" intensity="1.704206e-001" type="0"/>
    <Peak1D F1="7.115750" intensity="3.272080e-002" type="0"/>
    <Peak1D F1="7.097344" intensity="5.864071e-002" type="0"/>
    <Peak1D F1="7.083878" intensity="5.827694e-002" type="0"/>
    <Peak1D F1="7.076812" intensity="6.126381e-002" type="0"/>
    <Peak1D F1="7.062608" intensity="2.636245e-002" type="0"/>
    <Peak1D F1="6.932123" intensity="5.825401e-002" type="0"/>
    <Peak1D F1="6.539937" intensity="6.150026e-003" type="0"/>
    <Peak1D F1="6.532407" intensity="6.470246e-003" type="0"/>
    <Peak1D F1="6.313233" intensity="6.522986e-003" type="0"/>
    <Peak1D F1="6.216472" intensity="1.062164e-002" type="0"/>
    <Peak1D F1="6.117308" intensity="1.087905e-001" type="0"/>
    <Peak1D F1="6.066931" intensity="7.440986e-002" type="0"/>
    <Peak1D F1="6.017213" intensity="4.487168e+000" type="0"/>
    <Peak1D F1="5.967107" intensity="6.863026e-002" type="0"/>
    <Peak1D F1="5.914709" intensity="4.921207e-002" type="0"/>
    <Peak1D F1="5.902359" intensity="4.600600e-002" type="0"/>
    <Peak1D F1="5.815581" intensity="1.448419e-002" type="0"/>
    <Peak1D F1="5.766785" intensity="8.318114e-003" type="0"/>
    <Peak1D F1="5.681138" intensity="7.385528e-003" type="0"/>
    <Peak1D F1="5.646323" intensity="7.785210e-003" type="0"/>
    <Peak1D F1="5.618280" intensity="8.152543e-003" type="0"/>
    <Peak1D F1="5.577810" intensity="9.794029e-003" type="0"/>
    <Peak1D F1="5.438141" intensity="6.095265e-003" type="0"/>
    <Peak1D F1="5.386260" intensity="2.616311e-002" type="0"/>
    <Peak1D F1="5.354721" intensity="1.032449e-001" type="0"/>
    <Peak1D F1="5.347648" intensity="1.042607e-001" type="0"/>
    <Peak1D F1="5.142902" intensity="7.102219e-003" type="0"/>
    <Peak1D F1="5.126290" intensity="7.385061e-003" type="0"/>
    <Peak1D F1="5.068948" intensity="6.300092e-003" type="0"/>
    <Peak1D F1="5.044533" intensity="8.132036e-003" type="0"/>
    <Peak1D F1="4.996233" intensity="1.060266e-002" type="0"/>
    <Peak1D F1="4.970823" intensity="1.675082e-002" type="0"/>
    <Peak1D F1="4.947233" intensity="1.814644e-002" type="0"/>
    <Peak1D F1="4.926571" intensity="1.297632e-002" type="0"/>
    <Peak1D F1="4.912208" intensity="1.196835e-002" type="0"/>
    <Peak1D F1="4.890691" intensity="1.792457e-002" type="0"/>
    <Peak1D F1="4.870347" intensity="2.042110e-002" type="0"/>
    <Peak1D F1="4.841779" intensity="5.513043e-002" type="0"/>
    <Peak1D F1="4.818386" intensity="5.907388e-002" type="0"/>
    <Peak1D F1="4.791632" intensity="1.881073e+000" type="0"/>
    <Peak1D F1="4.768846" intensity="1.919708e+000" type="0"/>
    <Peak1D F1="4.741110" intensity="8.685628e-002" type="0"/>
    <Peak1D F1="4.718091" intensity="1.204361e-001" type="0"/>
    <Peak1D F1="4.677632" intensity="1.907196e-001" type="0"/>
    <Peak1D F1="4.585236" intensity="4.265429e-002" type="0"/>
    <Peak1D F1="4.500598" intensity="1.205912e-002" type="0"/>
    <Peak1D F1="4.487166" intensity="1.122059e-002" type="0"/>
    <Peak1D F1="4.468500" intensity="8.426527e-003" type="0"/>
    <Peak1D F1="4.447319" intensity="7.909864e-003" type="0"/>
    <Peak1D F1="4.412797" intensity="7.142432e-003" type="0"/>
    <Peak1D F1="3.972427" intensity="8.103995e-003" type="0"/>
    <Peak1D F1="3.952881" intensity="6.096922e-003" type="0"/>
    <Peak1D F1="3.877409" intensity="6.856558e-002" type="0"/>
    <Peak1D F1="3.843701" intensity="6.275434e-002" type="0"/>
    <Peak1D F1="3.822018" intensity="3.617407e-002" type="0"/>
    <Peak1D F1="3.810619" intensity="3.316289e-001" type="0"/>
    <Peak1D F1="3.749858" intensity="2.408778e-001" type="0"/>
    <Peak1D F1="3.744874" intensity="2.024683e-001" type="0"/>
    <Peak1D F1="3.732585" intensity="4.029403e-002" type="0"/>
    <Peak1D F1="3.700007" intensity="1.368228e+001" type="0"/>
    <Peak1D F1="3.649848" intensity="2.153378e-001" type="0"/>
    <Peak1D F1="3.624914" intensity="9.770994e-003" type="0"/>
    <Peak1D F1="3.600516" intensity="7.718615e-003" type="0"/>
    <Peak1D F1="3.517720" intensity="7.233264e-002" type="0"/>
    <Peak1D F1="3.416502" intensity="1.287848e-002" type="0"/>
    <Peak1D F1="3.157384" intensity="6.836254e-003" type="0"/>
    <Peak1D F1="2.954827" intensity="1.103129e-002" type="0"/>
    <Peak1D F1="2.942057" intensity="1.580790e-002" type="0"/>
    <Peak1D F1="2.935386" intensity="1.503157e-002" type="0"/>
    <Peak1D F1="2.924292" intensity="7.888166e-003" type="0"/>
    <Peak1D F1="2.918688" intensity="8.604224e-003" type="0"/>
    <Peak1D F1="2.784908" intensity="1.272257e-002" type="0"/>
    <Peak1D F1="2.775100" intensity="1.464227e-002" type="0"/>
    <Peak1D F1="2.757472" intensity="1.763364e-002" type="0"/>
    <Peak1D F1="2.740078" intensity="1.374568e-002" type="0"/>
    <Peak1D F1="2.727597" intensity="1.553761e-002" type="0"/>
    <Peak1D F1="2.640675" intensity="6.356539e-003" type="0"/>
    <Peak1D F1="2.620733" intensity="6.969673e-003" type="0"/>
    <Peak1D F1="2.608117" intensity="6.788359e-003" type="0"/>
    <Peak1D F1="2.535715" intensity="1.032882e-002" type="0"/>
    <Peak1D F1="2.509701" intensity="1.071105e-002" type="0"/>
    <Peak1D F1="2.482317" intensity="2.021197e-002" type="0"/>
    <Peak1D F1="2.436406" intensity="2.992762e-001" type="0"/>
    <Peak1D F1="2.431523" intensity="3.275011e-001" type="0"/>
    <Peak1D F1="2.422786" intensity="1.777878e-001" type="0"/>
    <Peak1D F1="2.416056" intensity="3.482628e-001" type="0"/>
    <Peak1D F1="2.410680" intensity="3.512172e-001" type="0"/>
    <Peak1D F1="2.386824" intensity="5.071307e-001" type="0"/>
    <Peak1D F1="2.383191" intensity="4.661584e-001" type="0"/>
    <Peak1D F1="2.362389" intensity="5.859175e-001" type="0"/>
    <Peak1D F1="2.351827" intensity="3.781758e-001" type="0"/>
    <Peak1D F1="2.328884" intensity="6.408060e-001" type="0"/>
    <Peak1D F1="2.321399" intensity="3.823815e-001" type="0"/>
    <Peak1D F1="2.318154" intensity="3.353217e-001" type="0"/>
    <Peak1D F1="2.309173" intensity="4.954543e-001" type="0"/>
    <Peak1D F1="2.305682" intensity="4.282546e-001" type="0"/>
    <Peak1D F1="2.298683" intensity="5.886270e-001" type="0"/>
    <Peak1D F1="2.286797" intensity="1.489499e-001" type="0"/>
    <Peak1D F1="2.278687" intensity="3.786706e-001" type="0"/>
    <Peak1D F1="2.265454" intensity="8.622826e-002" type="0"/>
    <Peak1D F1="2.250970" intensity="5.944582e-001" type="0"/>
    <Peak1D F1="2.228731" intensity="7.083164e-001" type="0"/>
    <Peak1D F1="2.224793" intensity="6.883654e-001" type="0"/>
    <Peak1D F1="2.202086" intensity="8.745340e-001" type="0"/>
    <Peak1D F1="2.194649" intensity="1.733707e-001" type="0"/>
    <Peak1D F1="2.180621" intensity="4.756380e-001" type="0"/>
    <Peak1D F1="2.175951" intensity="4.671890e-001" type="0"/>
    <Peak1D F1="2.165815" intensity="1.652540e-001" type="0"/>
    <Peak1D F1="2.153508" intensity="5.831122e-001" type="0"/>
    <Peak1D F1="2.145956" intensity="4.178545e-001" type="0"/>
    <Peak1D F1="2.115804" intensity="4.560884e+000" type="0"/>
    <Peak1D F1="2.107466" intensity="3.555334e+000" type="0"/>
    <Peak1D F1="2.096225" intensity="1.434351e+001" type="0"/>
    <Peak1D F1="2.084624" intensity="3.766728e+000" type="0"/>
    <Peak1D F1="2.077667" intensity="6.984996e+000" type="0"/>
    <Peak1D F1="2.061679" intensity="4.175099e-001" type="0"/>
    <Peak1D F1="2.056035" intensity="3.637698e-001" type="0"/>
    <Peak1D F1="2.052311" intensity="3.602590e-001" type="0"/>
    <Peak1D F1="2.050223" intensity="3.529893e-001" type="0"/>
    <Peak1D F1="2.046406" intensity="3.959070e-001" type="0"/>
    <Peak1D F1="2.027853" intensity="1.843342e-001" type="0"/>
    <Peak1D F1="1.985753" intensity="3.354898e-001" type="0"/>
    <Peak1D F1="1.968858" intensity="3.638080e-001" type="0"/>
    <Peak1D F1="1.963790" intensity="4.861272e-001" type="0"/>
    <Peak1D F1="1.958294" intensity="6.394231e-001" type="0"/>
    <Peak1D F1="1.953727" intensity="5.950411e-001" type="0"/>
    <Peak1D F1="1.948903" intensity="6.122188e-001" type="0"/>
    <Peak1D F1="1.941149" intensity="9.160830e-001" type="0"/>
    <Peak1D F1="1.932307" intensity="1.049517e+000" type="0"/>
    <Peak1D F1="1.925522" intensity="1.032677e+000" type="0"/>
    <Peak1D F1="1.920149" intensity="1.026241e+000" type="0"/>
    <Peak1D F1="1.910512" intensity="7.292383e+000" type="0"/>
    <Peak1D F1="1.900107" intensity="5.914400e+000" type="0"/>
    <Peak1D F1="1.899271" intensity="5.929999e+000" type="0"/>
    <Peak1D F1="1.890944" intensity="1.500000e+001" type="0"/>
    <Peak1D F1="1.881833" intensity="5.374820e+000" type="0"/>
    <Peak1D F1="1.880004" intensity="5.210174e+000" type="0"/>
    <Peak1D F1="1.871610" intensity="4.584048e+000" type="0"/>
    <Peak1D F1="1.859447" intensity="6.076922e-001" type="0"/>
    <Peak1D F1="1.849481" intensity="3.481025e-001" type="0"/>
    <Peak1D F1="1.840985" intensity="3.398384e-001" type="0"/>
    <Peak1D F1="1.831976" intensity="1.726722e-001" type="0"/>
    <Peak1D F1="1.821668" intensity="1.417356e-001" type="0"/>
    <Peak1D F1="1.811551" intensity="7.937645e-002" type="0"/>
    <Peak1D F1="1.788822" intensity="6.779532e-002" type="0"/>
    <Peak1D F1="1.760283" intensity="7.249176e-002" type="0"/>
    <Peak1D F1="1.744831" intensity="1.991445e-001" type="0"/>
    <Peak1D F1="1.729082" intensity="2.724789e-001" type="0"/>
    <Peak1D F1="1.723791" intensity="2.712651e-001" type="0"/>
    <Peak1D F1="1.716660" intensity="3.061695e-001" type="0"/>
    <Peak1D F1="1.707884" intensity="3.364481e-001" type="0"/>
    <Peak1D F1="1.700892" intensity="5.380995e-001" type="0"/>
    <Peak1D F1="1.697115" intensity="4.886886e-001" type="0"/>
    <Peak1D F1="1.688608" intensity="3.735057e-001" type="0"/>
    <Peak1D F1="1.681220" intensity="1.243977e+000" type="0"/>
    <Peak1D F1="1.676242" intensity="6.765683e-001" type="0"/>
    <Peak1D F1="1.670734" intensity="7.397554e-001" type="0"/>
    <Peak1D F1="1.657581" intensity="1.076265e+000" type="0"/>
    <Peak1D F1="1.652948" intensity="8.954810e-001" type="0"/>
    <Peak1D F1="1.641707" intensity="6.142067e-001" type="0"/>
    <Peak1D F1="1.637224" intensity="7.231973e-001" type="0"/>
    <Peak1D F1="1.632687" intensity="5.135552e-001" type="0"/>
    <Peak1D F1="1.625842" intensity="2.845607e-001" type="0"/>
    <Peak1D F1="1.621278" intensity="3.283235e-001" type="0"/>
    <Peak1D F1="1.617040" intensity="3.137417e-001" type="0"/>
    <Peak1D F1="1.585818" intensity="7.594644e-002" type="0"/>
    <Peak1D F1="1.575467" intensity="7.188770e-002" type="0"/>
    <Peak1D F1="1.560512" intensity="7.115582e-002" type="0"/>
    <Peak1D F1="1.535126" intensity="3.093911e-001" type="0"/>
    <Peak1D F1="1.519752" intensity="2.225279e-001" type="0"/>
    <Peak1D F1="1.512449" intensity="2.606055e-001" type="0"/>
    <Peak1D F1="1.501114" intensity="5.561599e-001" type="0"/>
    <Peak1D F1="1.492302" intensity="1.834269e-001" type="0"/>
    <Peak1D F1="1.483577" intensity="6.827198e-001" type="0"/>
    <Peak1D F1="1.470874" intensity="4.671338e-001" type="0"/>
    <Peak1D F1="1.453942" intensity="4.754431e-001" type="0"/>
    <Peak1D F1="1.441559" intensity="1.015286e-001" type="0"/>
    <Peak1D F1="1.435974" intensity="1.440526e-001" type="0"/>
    <Peak1D F1="1.423905" intensity="1.586904e-001" type="0"/>
    <Peak1D F1="1.402569" intensity="3.268528e-002" type="0"/>
    <Peak1D F1="1.391084" intensity="2.271795e-002" type="0"/>
    <Peak1D F1="1.343560" intensity="2.047030e-002" type="0"/>
    <Peak1D F1="1.309803" intensity="2.134000e-002" type="0"/>
    <Peak1D F1="1.292663" intensity="2.209494e-002" type="0"/>
    <Peak1D F1="1.262687" intensity="3.465171e-002" type="0"/>
    <Peak1D F1="1.232968" intensity="4.617581e-002" type="0"/>
    <Peak1D F1="1.184859" intensity="1.442419e-001" type="0"/>
    <Peak1D F1="1.102881" intensity="9.842042e-003" type="0"/>
    <Peak1D F1="1.094822" intensity="8.900298e-003" type="0"/>
    <Peak1D F1="1.077413" intensity="1.026178e-002" type="0"/>
    <Peak1D F1="1.066431" intensity="9.296509e-003" type="0"/>
    <Peak1D F1="1.022371" intensity="9.510010e-003" type="0"/>
    <Peak1D F1="0.955614" intensity="9.145815e-003" type="0"/>
    <Peak1D F1="0.921472" intensity="7.017219e-003" type="0"/>
    <Peak1D F1="0.889648" intensity="6.928096e-003" type="0"/>
    <Peak1D F1="0.850192" intensity="6.358848e-003" type="0"/>
    <Peak1D F1="0.826354" intensity="2.144509e-002" type="0"/>
    <Peak1D F1="0.809397" intensity="3.897840e-002" type="0"/>
    <Peak1D F1="0.793445" intensity="2.170227e-002" type="0"/>
    <Peak1D F1="0.775331" intensity="2.084554e-002" type="0"/>
    <Peak1D F1="0.760762" intensity="1.861490e-002" type="0"/>
    <Peak1D F1="0.745414" intensity="1.283474e-002" type="0"/>
    <Peak1D F1="0.738979" intensity="1.209675e-002" type="0"/>
    <Peak1D F1="0.658304" intensity="6.276193e-003" type="0"/>
    <Peak1D F1="0.574951" intensity="6.357106e-003" type="0"/>
    <Peak1D F1="0.371620" intensity="6.630944e-003" type="0"/>
    <Peak1D F1="-0.000158" intensity="2.566403e-001" type="0"/>
    <Peak1D F1="-0.009143" intensity="1.331788e-002" type="0"/>
    <Peak1D F1="-3.372977" intensity="6.479141e-003" type="0"/>
  </PeakList1D>
</PeakList>
