<?xml version="1.0" encoding="UTF-8"?>
<PeakList>
  <PeakList1D>
    <PeakList1DHeader creator="nmr" date="2021-08-01T18:53:37.371+03:00" expNo="10" name="ID-419-K" owner="" procNo="1" source="//132.72.8.180/400b/Milo/Milo">
      <PeakPickDetails>F1=16.100460ppm, F2=-3.928585ppm, MI=0.00cm, MAXI=10000.00cm, PC=1.000
      </PeakPickDetails>
    </PeakList1DHeader>
    <Peak1D F1="10.093909" intensity="1.151060e-001" type="0"/>
    <Peak1D F1="8.425479" intensity="7.054531e-003" type="0"/>
    <Peak1D F1="8.365497" intensity="1.248074e-002" type="0"/>
    <Peak1D F1="8.342009" intensity="8.778142e-002" type="0"/>
    <Peak1D F1="8.320357" intensity="9.250577e-002" type="0"/>
    <Peak1D F1="8.272037" intensity="2.754028e-002" type="0"/>
    <Peak1D F1="8.249928" intensity="3.451020e-002" type="0"/>
    <Peak1D F1="8.229322" intensity="1.160914e-001" type="0"/>
    <Peak1D F1="8.224346" intensity="7.892190e-002" type="0"/>
    <Peak1D F1="8.208861" intensity="2.259289e-001" type="0"/>
    <Peak1D F1="8.187907" intensity="2.053072e-001" type="0"/>
    <Peak1D F1="8.164432" intensity="4.797485e-001" type="0"/>
    <Peak1D F1="8.158775" intensity="2.818263e+000" type="0"/>
    <Peak1D F1="8.153718" intensity="1.300024e+000" type="0"/>
    <Peak1D F1="8.141479" intensity="1.012551e+000" type="0"/>
    <Peak1D F1="8.136862" intensity="2.980065e+000" type="0"/>
    <Peak1D F1="8.131102" intensity="8.512381e-001" type="0"/>
    <Peak1D F1="8.112280" intensity="2.743508e-001" type="0"/>
    <Peak1D F1="8.102380" intensity="7.891602e-002" type="0"/>
    <Peak1D F1="8.090807" intensity="2.708005e-001" type="0"/>
    <Peak1D F1="8.070652" intensity="1.278355e-002" type="0"/>
    <Peak1D F1="8.062692" intensity="1.561404e-002" type="0"/>
    <Peak1D F1="8.040371" intensity="2.077969e-002" type="0"/>
    <Peak1D F1="8.020503" intensity="1.059662e-001" type="0"/>
    <Peak1D F1="7.998949" intensity="8.602167e-002" type="0"/>
    <Peak1D F1="7.946961" intensity="1.028310e-002" type="0"/>
    <Peak1D F1="7.921802" intensity="1.507181e-002" type="0"/>
    <Peak1D F1="7.883766" intensity="1.032796e-001" type="0"/>
    <Peak1D F1="7.876356" intensity="9.866044e-002" type="0"/>
    <Peak1D F1="7.862281" intensity="1.080075e-001" type="0"/>
    <Peak1D F1="7.854966" intensity="9.441034e-002" type="0"/>
    <Peak1D F1="7.833854" intensity="2.757058e-002" type="0"/>
    <Peak1D F1="7.818022" intensity="1.800232e-002" type="0"/>
    <Peak1D F1="7.811347" intensity="2.212008e-002" type="0"/>
    <Peak1D F1="7.804529" intensity="1.529363e-002" type="0"/>
    <Peak1D F1="7.795439" intensity="1.078848e-002" type="0"/>
    <Peak1D F1="7.740077" intensity="6.592290e-003" type="0"/>
    <Peak1D F1="7.692951" intensity="1.016024e-002" type="0"/>
    <Peak1D F1="7.676322" intensity="1.893389e-002" type="0"/>
    <Peak1D F1="7.664629" intensity="5.024453e-002" type="0"/>
    <Peak1D F1="7.642191" intensity="1.509923e-001" type="0"/>
    <Peak1D F1="7.631794" intensity="9.870151e-002" type="0"/>
    <Peak1D F1="7.625185" intensity="1.024576e-001" type="0"/>
    <Peak1D F1="7.620307" intensity="1.434802e-001" type="0"/>
    <Peak1D F1="7.609980" intensity="1.073123e-001" type="0"/>
    <Peak1D F1="7.594885" intensity="3.591109e-002" type="0"/>
    <Peak1D F1="7.587483" intensity="3.667546e-002" type="0"/>
    <Peak1D F1="7.575727" intensity="2.696911e-002" type="0"/>
    <Peak1D F1="7.559227" intensity="2.814510e-002" type="0"/>
    <Peak1D F1="7.543437" intensity="1.005004e-001" type="0"/>
    <Peak1D F1="7.530236" intensity="7.987688e-002" type="0"/>
    <Peak1D F1="7.525666" intensity="8.808265e-002" type="0"/>
    <Peak1D F1="7.521084" intensity="1.235769e-001" type="0"/>
    <Peak1D F1="7.509380" intensity="1.128646e-001" type="0"/>
    <Peak1D F1="7.504258" intensity="1.199674e-001" type="0"/>
    <Peak1D F1="7.480700" intensity="2.701670e+000" type="0"/>
    <Peak1D F1="7.476030" intensity="9.036373e-001" type="0"/>
    <Peak1D F1="7.458766" intensity="2.664830e+000" type="0"/>
    <Peak1D F1="7.440876" intensity="4.124140e-001" type="0"/>
    <Peak1D F1="7.434811" intensity="9.111229e-002" type="0"/>
    <Peak1D F1="7.409419" intensity="4.479374e-002" type="0"/>
    <Peak1D F1="7.392395" intensity="1.343859e-002" type="0"/>
    <Peak1D F1="7.347076" intensity="1.017582e-002" type="0"/>
    <Peak1D F1="7.323696" intensity="2.348806e-002" type="0"/>
    <Peak1D F1="7.317717" intensity="2.276527e-002" type="0"/>
    <Peak1D F1="7.296446" intensity="2.254638e-002" type="0"/>
    <Peak1D F1="7.275154" intensity="2.604022e-002" type="0"/>
    <Peak1D F1="7.245567" intensity="3.625390e-001" type="0"/>
    <Peak1D F1="7.222592" intensity="8.355575e-002" type="0"/>
    <Peak1D F1="7.215475" intensity="8.560310e-002" type="0"/>
    <Peak1D F1="7.195448" intensity="1.869382e+001" type="0"/>
    <Peak1D F1="7.145288" intensity="2.551792e-001" type="0"/>
    <Peak1D F1="6.982247" intensity="6.909270e-003" type="0"/>
    <Peak1D F1="6.975434" intensity="9.548239e-003" type="0"/>
    <Peak1D F1="6.959068" intensity="2.640156e-001" type="0"/>
    <Peak1D F1="6.937523" intensity="2.513399e-001" type="0"/>
    <Peak1D F1="6.931457" intensity="1.341768e-001" type="0"/>
    <Peak1D F1="6.912045" intensity="1.034411e-001" type="0"/>
    <Peak1D F1="6.897813" intensity="1.181850e-001" type="0"/>
    <Peak1D F1="6.890624" intensity="1.049684e-001" type="0"/>
    <Peak1D F1="6.883411" intensity="6.711157e-002" type="0"/>
    <Peak1D F1="6.876449" intensity="1.218884e-001" type="0"/>
    <Peak1D F1="6.870409" intensity="1.964269e-001" type="0"/>
    <Peak1D F1="6.848865" intensity="1.636180e-001" type="0"/>
    <Peak1D F1="6.831020" intensity="1.117230e-002" type="0"/>
    <Peak1D F1="6.770994" intensity="6.501489e-003" type="0"/>
    <Peak1D F1="6.707377" intensity="2.862394e-002" type="0"/>
    <Peak1D F1="6.693142" intensity="1.133965e-002" type="0"/>
    <Peak1D F1="6.671124" intensity="8.443428e-003" type="0"/>
    <Peak1D F1="6.313091" intensity="1.375013e-002" type="0"/>
    <Peak1D F1="6.216677" intensity="1.481180e-002" type="0"/>
    <Peak1D F1="6.117784" intensity="1.061289e-001" type="0"/>
    <Peak1D F1="6.086121" intensity="7.497913e-003" type="0"/>
    <Peak1D F1="6.068035" intensity="7.050299e-002" type="0"/>
    <Peak1D F1="6.017916" intensity="4.028243e+000" type="0"/>
    <Peak1D F1="5.967573" intensity="5.607219e-002" type="0"/>
    <Peak1D F1="5.930411" intensity="1.400500e-002" type="0"/>
    <Peak1D F1="5.918535" intensity="2.003550e-002" type="0"/>
    <Peak1D F1="5.816410" intensity="8.417980e-003" type="0"/>
    <Peak1D F1="5.785076" intensity="3.894917e-002" type="0"/>
    <Peak1D F1="5.776994" intensity="3.720031e-002" type="0"/>
    <Peak1D F1="5.630853" intensity="4.211348e-002" type="0"/>
    <Peak1D F1="5.604355" intensity="4.262908e-002" type="0"/>
    <Peak1D F1="5.567281" intensity="7.879335e-003" type="0"/>
    <Peak1D F1="5.520868" intensity="6.570808e-003" type="0"/>
    <Peak1D F1="5.493978" intensity="2.756682e-002" type="0"/>
    <Peak1D F1="5.467204" intensity="6.829947e-003" type="0"/>
    <Peak1D F1="5.415634" intensity="1.369733e-002" type="0"/>
    <Peak1D F1="5.356367" intensity="1.895549e-001" type="0"/>
    <Peak1D F1="5.349081" intensity="1.913717e-001" type="0"/>
    <Peak1D F1="5.311677" intensity="1.587760e-002" type="0"/>
    <Peak1D F1="5.279083" intensity="7.388061e-003" type="0"/>
    <Peak1D F1="5.269432" intensity="7.070357e-003" type="0"/>
    <Peak1D F1="5.257665" intensity="7.309887e-003" type="0"/>
    <Peak1D F1="4.967992" intensity="1.064695e-002" type="0"/>
    <Peak1D F1="4.946774" intensity="1.481858e-002" type="0"/>
    <Peak1D F1="4.929272" intensity="9.174358e-003" type="0"/>
    <Peak1D F1="4.890219" intensity="1.898437e-002" type="0"/>
    <Peak1D F1="4.871082" intensity="3.006132e-002" type="0"/>
    <Peak1D F1="4.853167" intensity="3.618288e-002" type="0"/>
    <Peak1D F1="4.841165" intensity="4.358983e-002" type="0"/>
    <Peak1D F1="4.818235" intensity="5.045191e-002" type="0"/>
    <Peak1D F1="4.790846" intensity="1.419687e+000" type="0"/>
    <Peak1D F1="4.768044" intensity="1.449625e+000" type="0"/>
    <Peak1D F1="4.740424" intensity="6.522214e-002" type="0"/>
    <Peak1D F1="4.717824" intensity="8.275327e-002" type="0"/>
    <Peak1D F1="4.677546" intensity="9.403601e-002" type="0"/>
    <Peak1D F1="4.584286" intensity="4.045557e-002" type="0"/>
    <Peak1D F1="4.543874" intensity="2.227660e-002" type="0"/>
    <Peak1D F1="4.517113" intensity="1.816133e-002" type="0"/>
    <Peak1D F1="4.506646" intensity="1.523560e-002" type="0"/>
    <Peak1D F1="4.471878" intensity="1.187139e-002" type="0"/>
    <Peak1D F1="4.443752" intensity="1.131397e-002" type="0"/>
    <Peak1D F1="4.416450" intensity="9.366048e-003" type="0"/>
    <Peak1D F1="4.005405" intensity="9.229646e-003" type="0"/>
    <Peak1D F1="3.975480" intensity="1.266017e-002" type="0"/>
    <Peak1D F1="3.948792" intensity="1.507637e-002" type="0"/>
    <Peak1D F1="3.878243" intensity="8.707096e-002" type="0"/>
    <Peak1D F1="3.844541" intensity="1.063380e-001" type="0"/>
    <Peak1D F1="3.827664" intensity="1.116560e+000" type="0"/>
    <Peak1D F1="3.811498" intensity="3.751983e-001" type="0"/>
    <Peak1D F1="3.796732" intensity="4.415950e-001" type="0"/>
    <Peak1D F1="3.792564" intensity="4.330606e-001" type="0"/>
    <Peak1D F1="3.779212" intensity="2.119197e-001" type="0"/>
    <Peak1D F1="3.770950" intensity="7.055899e-001" type="0"/>
    <Peak1D F1="3.750956" intensity="2.487090e-001" type="0"/>
    <Peak1D F1="3.745558" intensity="2.321414e-001" type="0"/>
    <Peak1D F1="3.723404" intensity="1.074818e-001" type="0"/>
    <Peak1D F1="3.700823" intensity="1.226343e+001" type="0"/>
    <Peak1D F1="3.650687" intensity="1.738509e-001" type="0"/>
    <Peak1D F1="3.628335" intensity="8.904323e-003" type="0"/>
    <Peak1D F1="3.602484" intensity="7.886679e-003" type="0"/>
    <Peak1D F1="3.518578" intensity="6.595001e-002" type="0"/>
    <Peak1D F1="3.432573" intensity="6.809290e-003" type="0"/>
    <Peak1D F1="3.175036" intensity="6.837002e-003" type="0"/>
    <Peak1D F1="2.960988" intensity="1.026507e-002" type="0"/>
    <Peak1D F1="2.942622" intensity="1.777352e-002" type="0"/>
    <Peak1D F1="2.936004" intensity="1.635944e-002" type="0"/>
    <Peak1D F1="2.918656" intensity="1.075673e-002" type="0"/>
    <Peak1D F1="2.756185" intensity="1.303005e-002" type="0"/>
    <Peak1D F1="2.732548" intensity="1.848254e-002" type="0"/>
    <Peak1D F1="2.712485" intensity="2.111787e-002" type="0"/>
    <Peak1D F1="2.690703" intensity="1.226330e-002" type="0"/>
    <Peak1D F1="2.638448" intensity="1.029034e-002" type="0"/>
    <Peak1D F1="2.618439" intensity="1.388270e-002" type="0"/>
    <Peak1D F1="2.595792" intensity="1.297658e-002" type="0"/>
    <Peak1D F1="2.557307" intensity="1.694891e-002" type="0"/>
    <Peak1D F1="2.483170" intensity="2.256000e-002" type="0"/>
    <Peak1D F1="2.437646" intensity="2.453323e-001" type="0"/>
    <Peak1D F1="2.432873" intensity="2.902101e-001" type="0"/>
    <Peak1D F1="2.416044" intensity="2.913747e-001" type="0"/>
    <Peak1D F1="2.411791" intensity="3.213838e-001" type="0"/>
    <Peak1D F1="2.388240" intensity="4.130268e-001" type="0"/>
    <Peak1D F1="2.384426" intensity="3.826550e-001" type="0"/>
    <Peak1D F1="2.367611" intensity="3.708668e-001" type="0"/>
    <Peak1D F1="2.363638" intensity="4.723201e-001" type="0"/>
    <Peak1D F1="2.350786" intensity="3.010258e-001" type="0"/>
    <Peak1D F1="2.328064" intensity="4.894899e-001" type="0"/>
    <Peak1D F1="2.320571" intensity="2.949156e-001" type="0"/>
    <Peak1D F1="2.317166" intensity="2.793640e-001" type="0"/>
    <Peak1D F1="2.308194" intensity="4.096206e-001" type="0"/>
    <Peak1D F1="2.304772" intensity="3.477946e-001" type="0"/>
    <Peak1D F1="2.297731" intensity="4.669029e-001" type="0"/>
    <Peak1D F1="2.277541" intensity="2.845929e-001" type="0"/>
    <Peak1D F1="2.266148" intensity="7.802497e-002" type="0"/>
    <Peak1D F1="2.252304" intensity="4.821652e-001" type="0"/>
    <Peak1D F1="2.230122" intensity="5.410210e-001" type="0"/>
    <Peak1D F1="2.226104" intensity="5.405064e-001" type="0"/>
    <Peak1D F1="2.203444" intensity="7.072455e-001" type="0"/>
    <Peak1D F1="2.195748" intensity="1.271082e-001" type="0"/>
    <Peak1D F1="2.181939" intensity="3.857734e-001" type="0"/>
    <Peak1D F1="2.177238" intensity="3.930211e-001" type="0"/>
    <Peak1D F1="2.166264" intensity="1.512302e-001" type="0"/>
    <Peak1D F1="2.154880" intensity="5.059372e-001" type="0"/>
    <Peak1D F1="2.146986" intensity="4.052486e-001" type="0"/>
    <Peak1D F1="2.116355" intensity="4.497648e+000" type="0"/>
    <Peak1D F1="2.096797" intensity="1.436098e+001" type="0"/>
    <Peak1D F1="2.085154" intensity="3.795510e+000" type="0"/>
    <Peak1D F1="2.077994" intensity="7.184401e+000" type="0"/>
    <Peak1D F1="2.062203" intensity="4.351342e-001" type="0"/>
    <Peak1D F1="2.056689" intensity="3.863545e-001" type="0"/>
    <Peak1D F1="2.052958" intensity="3.763522e-001" type="0"/>
    <Peak1D F1="2.046949" intensity="3.891460e-001" type="0"/>
    <Peak1D F1="2.027742" intensity="1.844040e-001" type="0"/>
    <Peak1D F1="1.987303" intensity="4.267063e-001" type="0"/>
    <Peak1D F1="1.969929" intensity="3.233908e-001" type="0"/>
    <Peak1D F1="1.964470" intensity="4.340580e-001" type="0"/>
    <Peak1D F1="1.959484" intensity="5.537391e-001" type="0"/>
    <Peak1D F1="1.954487" intensity="5.470662e-001" type="0"/>
    <Peak1D F1="1.948995" intensity="6.476032e-001" type="0"/>
    <Peak1D F1="1.937221" intensity="9.654016e+000" type="0"/>
    <Peak1D F1="1.925790" intensity="1.049898e+000" type="0"/>
    <Peak1D F1="1.920699" intensity="1.009740e+000" type="0"/>
    <Peak1D F1="1.910987" intensity="7.247601e+000" type="0"/>
    <Peak1D F1="1.899791" intensity="5.968466e+000" type="0"/>
    <Peak1D F1="1.891324" intensity="1.500000e+001" type="0"/>
    <Peak1D F1="1.882478" intensity="5.248061e+000" type="0"/>
    <Peak1D F1="1.880619" intensity="5.338903e+000" type="0"/>
    <Peak1D F1="1.871953" intensity="4.684805e+000" type="0"/>
    <Peak1D F1="1.859915" intensity="5.974585e-001" type="0"/>
    <Peak1D F1="1.849796" intensity="3.660828e-001" type="0"/>
    <Peak1D F1="1.841486" intensity="3.332513e-001" type="0"/>
    <Peak1D F1="1.833147" intensity="1.648056e-001" type="0"/>
    <Peak1D F1="1.821767" intensity="1.291606e-001" type="0"/>
    <Peak1D F1="1.792732" intensity="6.358037e-002" type="0"/>
    <Peak1D F1="1.765336" intensity="9.696798e-002" type="0"/>
    <Peak1D F1="1.760033" intensity="7.480031e-002" type="0"/>
    <Peak1D F1="1.745066" intensity="1.681192e-001" type="0"/>
    <Peak1D F1="1.729344" intensity="2.211130e-001" type="0"/>
    <Peak1D F1="1.724152" intensity="2.338901e-001" type="0"/>
    <Peak1D F1="1.716978" intensity="2.491376e-001" type="0"/>
    <Peak1D F1="1.708184" intensity="2.939851e-001" type="0"/>
    <Peak1D F1="1.701272" intensity="4.228883e-001" type="0"/>
    <Peak1D F1="1.697164" intensity="3.812117e-001" type="0"/>
    <Peak1D F1="1.687658" intensity="3.235360e-001" type="0"/>
    <Peak1D F1="1.680903" intensity="1.013937e+000" type="0"/>
    <Peak1D F1="1.675145" intensity="5.370679e-001" type="0"/>
    <Peak1D F1="1.671068" intensity="6.015874e-001" type="0"/>
    <Peak1D F1="1.657021" intensity="8.589483e-001" type="0"/>
    <Peak1D F1="1.652820" intensity="7.514680e-001" type="0"/>
    <Peak1D F1="1.640931" intensity="5.308021e-001" type="0"/>
    <Peak1D F1="1.636637" intensity="5.776512e-001" type="0"/>
    <Peak1D F1="1.632372" intensity="4.784272e-001" type="0"/>
    <Peak1D F1="1.625477" intensity="2.695337e-001" type="0"/>
    <Peak1D F1="1.620549" intensity="3.039277e-001" type="0"/>
    <Peak1D F1="1.616844" intensity="2.985955e-001" type="0"/>
    <Peak1D F1="1.600209" intensity="1.161417e-001" type="0"/>
    <Peak1D F1="1.585529" intensity="1.168887e-001" type="0"/>
    <Peak1D F1="1.568798" intensity="1.154760e-001" type="0"/>
    <Peak1D F1="1.549994" intensity="1.185958e-001" type="0"/>
    <Peak1D F1="1.534956" intensity="3.042706e-001" type="0"/>
    <Peak1D F1="1.519706" intensity="2.291369e-001" type="0"/>
    <Peak1D F1="1.512433" intensity="2.557155e-001" type="0"/>
    <Peak1D F1="1.500706" intensity="4.757091e-001" type="0"/>
    <Peak1D F1="1.492862" intensity="1.955290e-001" type="0"/>
    <Peak1D F1="1.483194" intensity="5.722739e-001" type="0"/>
    <Peak1D F1="1.470502" intensity="3.928908e-001" type="0"/>
    <Peak1D F1="1.453827" intensity="3.873326e-001" type="0"/>
    <Peak1D F1="1.441410" intensity="9.677307e-002" type="0"/>
    <Peak1D F1="1.435806" intensity="1.276588e-001" type="0"/>
    <Peak1D F1="1.423508" intensity="1.418086e-001" type="0"/>
    <Peak1D F1="1.400179" intensity="4.501261e-002" type="0"/>
    <Peak1D F1="1.376078" intensity="3.390502e-002" type="0"/>
    <Peak1D F1="1.339561" intensity="3.931123e-002" type="0"/>
    <Peak1D F1="1.308366" intensity="3.786074e-002" type="0"/>
    <Peak1D F1="1.288980" intensity="4.018776e-002" type="0"/>
    <Peak1D F1="1.262796" intensity="5.411512e-002" type="0"/>
    <Peak1D F1="1.234315" intensity="8.267893e-002" type="0"/>
    <Peak1D F1="1.184781" intensity="2.074185e-001" type="0"/>
    <Peak1D F1="1.036352" intensity="8.778548e-003" type="0"/>
    <Peak1D F1="0.986825" intensity="1.032066e-002" type="0"/>
    <Peak1D F1="0.919481" intensity="7.989850e-003" type="0"/>
    <Peak1D F1="0.903944" intensity="7.189264e-003" type="0"/>
    <Peak1D F1="0.881035" intensity="9.007236e-003" type="0"/>
    <Peak1D F1="0.856606" intensity="9.724728e-003" type="0"/>
    <Peak1D F1="0.810025" intensity="5.989574e-002" type="0"/>
    <Peak1D F1="0.794731" intensity="3.298857e-002" type="0"/>
    <Peak1D F1="0.761019" intensity="2.062597e-002" type="0"/>
    <Peak1D F1="0.695148" intensity="8.471766e-003" type="0"/>
    <Peak1D F1="0.684620" intensity="7.791433e-003" type="0"/>
    <Peak1D F1="0.663162" intensity="6.997876e-003" type="0"/>
    <Peak1D F1="0.632373" intensity="7.186161e-003" type="0"/>
    <Peak1D F1="0.608554" intensity="7.789786e-003" type="0"/>
    <Peak1D F1="0.427851" intensity="8.597839e-003" type="0"/>
    <Peak1D F1="0.050100" intensity="6.565277e-003" type="0"/>
    <Peak1D F1="-0.000154" intensity="2.480880e-001" type="0"/>
    <Peak1D F1="-2.301220" intensity="7.251117e-003" type="0"/>
    <Peak1D F1="-2.927137" intensity="6.552863e-003" type="0"/>
  </PeakList1D>
</PeakList>
