<?xml version="1.0" encoding="UTF-8"?>
<PeakList>
  <PeakList1D>
    <PeakList1DHeader creator="nmr" date="2021-08-02T22:31:04.051+03:00" expNo="20" name="ID-421-N" owner="" procNo="1" source="//132.72.8.180/400b/Milo/Milo">
      <PeakPickDetails>F1=16.099489ppm, F2=-3.929556ppm, MI=0.00cm, MAXI=10000.00cm, PC=1.000
      </PeakPickDetails>
    </PeakList1DHeader>
    <Peak1D F1="13.771989" intensity="4.438030e-003" type="0"/>
    <Peak1D F1="13.265326" intensity="3.935321e-003" type="0"/>
    <Peak1D F1="12.938204" intensity="3.998001e-003" type="0"/>
    <Peak1D F1="11.927205" intensity="4.138274e-003" type="0"/>
    <Peak1D F1="11.518383" intensity="4.099993e-003" type="0"/>
    <Peak1D F1="10.142995" intensity="9.061406e-003" type="0"/>
    <Peak1D F1="10.125502" intensity="7.146389e-003" type="0"/>
    <Peak1D F1="10.093886" intensity="5.825326e-001" type="0"/>
    <Peak1D F1="10.061556" intensity="4.293656e-003" type="0"/>
    <Peak1D F1="10.043523" intensity="1.077163e-002" type="0"/>
    <Peak1D F1="8.391004" intensity="6.725422e-003" type="0"/>
    <Peak1D F1="8.370129" intensity="1.533434e-002" type="0"/>
    <Peak1D F1="8.341372" intensity="3.878742e-001" type="0"/>
    <Peak1D F1="8.324260" intensity="1.483795e-001" type="0"/>
    <Peak1D F1="8.319658" intensity="4.400965e-001" type="0"/>
    <Peak1D F1="8.288630" intensity="6.589139e-002" type="0"/>
    <Peak1D F1="8.269163" intensity="7.570100e-002" type="0"/>
    <Peak1D F1="8.251987" intensity="1.627413e-002" type="0"/>
    <Peak1D F1="8.220686" intensity="1.861698e-002" type="0"/>
    <Peak1D F1="8.213212" intensity="2.748830e-002" type="0"/>
    <Peak1D F1="8.208601" intensity="4.249306e-002" type="0"/>
    <Peak1D F1="8.186746" intensity="4.957819e-002" type="0"/>
    <Peak1D F1="8.164281" intensity="1.979576e-001" type="0"/>
    <Peak1D F1="8.158591" intensity="1.292153e+000" type="0"/>
    <Peak1D F1="8.153879" intensity="5.358168e-001" type="0"/>
    <Peak1D F1="8.141430" intensity="4.632469e-001" type="0"/>
    <Peak1D F1="8.136689" intensity="1.410607e+000" type="0"/>
    <Peak1D F1="8.131188" intensity="2.822029e-001" type="0"/>
    <Peak1D F1="8.108696" intensity="3.150249e-002" type="0"/>
    <Peak1D F1="8.086649" intensity="2.805167e-002" type="0"/>
    <Peak1D F1="8.069430" intensity="1.192414e-002" type="0"/>
    <Peak1D F1="8.063675" intensity="9.665729e-003" type="0"/>
    <Peak1D F1="8.048079" intensity="1.742926e-002" type="0"/>
    <Peak1D F1="8.024820" intensity="8.949517e-002" type="0"/>
    <Peak1D F1="8.019718" intensity="5.158361e-001" type="0"/>
    <Peak1D F1="8.014979" intensity="1.689329e-001" type="0"/>
    <Peak1D F1="8.002641" intensity="1.565342e-001" type="0"/>
    <Peak1D F1="7.997964" intensity="4.475937e-001" type="0"/>
    <Peak1D F1="7.992722" intensity="6.552771e-002" type="0"/>
    <Peak1D F1="7.969544" intensity="1.098248e-002" type="0"/>
    <Peak1D F1="7.948558" intensity="1.613954e-002" type="0"/>
    <Peak1D F1="7.921872" intensity="8.933322e-003" type="0"/>
    <Peak1D F1="7.834794" intensity="1.116111e-001" type="0"/>
    <Peak1D F1="7.815486" intensity="1.270850e-001" type="0"/>
    <Peak1D F1="7.765501" intensity="8.253403e-003" type="0"/>
    <Peak1D F1="7.756667" intensity="8.227340e-003" type="0"/>
    <Peak1D F1="7.725315" intensity="6.972292e-002" type="0"/>
    <Peak1D F1="7.705801" intensity="6.587020e-002" type="0"/>
    <Peak1D F1="7.657748" intensity="9.090939e-003" type="0"/>
    <Peak1D F1="7.634264" intensity="1.348372e-002" type="0"/>
    <Peak1D F1="7.585544" intensity="1.549516e-001" type="0"/>
    <Peak1D F1="7.565709" intensity="1.335077e-001" type="0"/>
    <Peak1D F1="7.544321" intensity="2.504588e-002" type="0"/>
    <Peak1D F1="7.530062" intensity="3.910951e-002" type="0"/>
    <Peak1D F1="7.522014" intensity="5.520748e-002" type="0"/>
    <Peak1D F1="7.508314" intensity="4.048788e-002" type="0"/>
    <Peak1D F1="7.500566" intensity="5.442949e-002" type="0"/>
    <Peak1D F1="7.485871" intensity="2.121993e-001" type="0"/>
    <Peak1D F1="7.480226" intensity="1.343966e+000" type="0"/>
    <Peak1D F1="7.475513" intensity="4.437109e-001" type="0"/>
    <Peak1D F1="7.462991" intensity="5.055127e-001" type="0"/>
    <Peak1D F1="7.458333" intensity="1.263897e+000" type="0"/>
    <Peak1D F1="7.453341" intensity="2.549326e-001" type="0"/>
    <Peak1D F1="7.447008" intensity="5.302150e-002" type="0"/>
    <Peak1D F1="7.441149" intensity="8.075112e-002" type="0"/>
    <Peak1D F1="7.430576" intensity="3.041102e-002" type="0"/>
    <Peak1D F1="7.408423" intensity="2.495200e-002" type="0"/>
    <Peak1D F1="7.392361" intensity="6.288425e-003" type="0"/>
    <Peak1D F1="7.349914" intensity="9.046617e-003" type="0"/>
    <Peak1D F1="7.327453" intensity="1.011203e-002" type="0"/>
    <Peak1D F1="7.294142" intensity="1.319433e-002" type="0"/>
    <Peak1D F1="7.244584" intensity="2.677868e-001" type="0"/>
    <Peak1D F1="7.194573" intensity="1.634820e+001" type="0"/>
    <Peak1D F1="7.160485" intensity="1.603306e-002" type="0"/>
    <Peak1D F1="7.144606" intensity="2.497471e-001" type="0"/>
    <Peak1D F1="7.123611" intensity="4.761368e-003" type="0"/>
    <Peak1D F1="7.095190" intensity="4.096248e-003" type="0"/>
    <Peak1D F1="6.930546" intensity="8.653694e-002" type="0"/>
    <Peak1D F1="6.851995" intensity="4.876235e-003" type="0"/>
    <Peak1D F1="6.830514" intensity="3.988722e-003" type="0"/>
    <Peak1D F1="6.313902" intensity="5.433936e-003" type="0"/>
    <Peak1D F1="6.216851" intensity="7.074960e-003" type="0"/>
    <Peak1D F1="6.118016" intensity="8.512493e-002" type="0"/>
    <Peak1D F1="6.096147" intensity="5.913211e-003" type="0"/>
    <Peak1D F1="6.068521" intensity="3.538771e-002" type="0"/>
    <Peak1D F1="6.018404" intensity="2.093724e+000" type="0"/>
    <Peak1D F1="5.968538" intensity="3.296242e-002" type="0"/>
    <Peak1D F1="5.898885" intensity="1.457144e-002" type="0"/>
    <Peak1D F1="5.886449" intensity="1.447812e-002" type="0"/>
    <Peak1D F1="5.846802" intensity="4.253567e-003" type="0"/>
    <Peak1D F1="5.812310" intensity="5.733429e-003" type="0"/>
    <Peak1D F1="5.795347" intensity="3.864364e-003" type="0"/>
    <Peak1D F1="5.407826" intensity="1.295824e-002" type="0"/>
    <Peak1D F1="5.387600" intensity="4.163682e-003" type="0"/>
    <Peak1D F1="5.356210" intensity="3.633751e-002" type="0"/>
    <Peak1D F1="5.349191" intensity="3.586184e-002" type="0"/>
    <Peak1D F1="5.275217" intensity="4.938360e-003" type="0"/>
    <Peak1D F1="5.213692" intensity="4.534675e-003" type="0"/>
    <Peak1D F1="5.178452" intensity="5.374692e-003" type="0"/>
    <Peak1D F1="5.125513" intensity="5.802319e-003" type="0"/>
    <Peak1D F1="5.092843" intensity="6.119176e-003" type="0"/>
    <Peak1D F1="5.079693" intensity="6.441419e-003" type="0"/>
    <Peak1D F1="5.068674" intensity="6.550334e-003" type="0"/>
    <Peak1D F1="5.055787" intensity="7.359089e-003" type="0"/>
    <Peak1D F1="5.030528" intensity="7.260130e-003" type="0"/>
    <Peak1D F1="5.017682" intensity="8.024815e-003" type="0"/>
    <Peak1D F1="4.968989" intensity="9.652383e-003" type="0"/>
    <Peak1D F1="4.947102" intensity="9.513310e-003" type="0"/>
    <Peak1D F1="4.927212" intensity="7.784917e-003" type="0"/>
    <Peak1D F1="4.905672" intensity="8.518027e-003" type="0"/>
    <Peak1D F1="4.870573" intensity="1.098725e-002" type="0"/>
    <Peak1D F1="4.861476" intensity="1.005038e-002" type="0"/>
    <Peak1D F1="4.856152" intensity="1.052767e-002" type="0"/>
    <Peak1D F1="4.840415" intensity="1.916652e-002" type="0"/>
    <Peak1D F1="4.818014" intensity="2.440080e-002" type="0"/>
    <Peak1D F1="4.790810" intensity="7.258003e-001" type="0"/>
    <Peak1D F1="4.768002" intensity="7.397814e-001" type="0"/>
    <Peak1D F1="4.741544" intensity="3.137146e-002" type="0"/>
    <Peak1D F1="4.717804" intensity="3.920645e-002" type="0"/>
    <Peak1D F1="4.663390" intensity="6.972465e-002" type="0"/>
    <Peak1D F1="4.609330" intensity="2.918371e-002" type="0"/>
    <Peak1D F1="4.583520" intensity="1.885782e-002" type="0"/>
    <Peak1D F1="4.555282" intensity="1.074468e-002" type="0"/>
    <Peak1D F1="4.501472" intensity="6.194370e-003" type="0"/>
    <Peak1D F1="4.496545" intensity="5.593184e-003" type="0"/>
    <Peak1D F1="4.474129" intensity="4.810967e-003" type="0"/>
    <Peak1D F1="4.435366" intensity="4.759140e-003" type="0"/>
    <Peak1D F1="4.426592" intensity="4.762765e-003" type="0"/>
    <Peak1D F1="4.382102" intensity="3.930458e-003" type="0"/>
    <Peak1D F1="4.252928" intensity="3.885371e-003" type="0"/>
    <Peak1D F1="4.005575" intensity="3.973563e-003" type="0"/>
    <Peak1D F1="3.974727" intensity="7.417088e-003" type="0"/>
    <Peak1D F1="3.950353" intensity="7.829075e-003" type="0"/>
    <Peak1D F1="3.878108" intensity="3.440072e-002" type="0"/>
    <Peak1D F1="3.861665" intensity="4.157988e-003" type="0"/>
    <Peak1D F1="3.843747" intensity="4.685693e-002" type="0"/>
    <Peak1D F1="3.823431" intensity="3.123480e-002" type="0"/>
    <Peak1D F1="3.811181" intensity="2.666992e-001" type="0"/>
    <Peak1D F1="3.750822" intensity="1.155513e-001" type="0"/>
    <Peak1D F1="3.744935" intensity="1.521446e-001" type="0"/>
    <Peak1D F1="3.700742" intensity="6.474397e+000" type="0"/>
    <Peak1D F1="3.650803" intensity="1.025563e-001" type="0"/>
    <Peak1D F1="3.627939" intensity="5.231007e-003" type="0"/>
    <Peak1D F1="3.592503" intensity="4.112781e-003" type="0"/>
    <Peak1D F1="3.568999" intensity="4.252789e-003" type="0"/>
    <Peak1D F1="3.534967" intensity="4.318930e-003" type="0"/>
    <Peak1D F1="3.518608" intensity="3.644360e-002" type="0"/>
    <Peak1D F1="3.498390" intensity="3.983957e-003" type="0"/>
    <Peak1D F1="3.479730" intensity="3.852960e-003" type="0"/>
    <Peak1D F1="3.418818" intensity="3.689177e-002" type="0"/>
    <Peak1D F1="3.367957" intensity="4.271199e-003" type="0"/>
    <Peak1D F1="3.178583" intensity="4.871097e-003" type="0"/>
    <Peak1D F1="3.158978" intensity="7.374614e-003" type="0"/>
    <Peak1D F1="2.942149" intensity="4.190674e-003" type="0"/>
    <Peak1D F1="2.934725" intensity="4.189332e-003" type="0"/>
    <Peak1D F1="2.747792" intensity="4.086357e-003" type="0"/>
    <Peak1D F1="2.483332" intensity="7.516099e-003" type="0"/>
    <Peak1D F1="2.436605" intensity="1.097517e-001" type="0"/>
    <Peak1D F1="2.432147" intensity="1.213102e-001" type="0"/>
    <Peak1D F1="2.423812" intensity="6.824616e-002" type="0"/>
    <Peak1D F1="2.415860" intensity="1.304988e-001" type="0"/>
    <Peak1D F1="2.411123" intensity="1.250187e-001" type="0"/>
    <Peak1D F1="2.387334" intensity="1.877167e-001" type="0"/>
    <Peak1D F1="2.383607" intensity="1.680218e-001" type="0"/>
    <Peak1D F1="2.362553" intensity="2.173707e-001" type="0"/>
    <Peak1D F1="2.351198" intensity="1.434640e-001" type="0"/>
    <Peak1D F1="2.328140" intensity="2.403848e-001" type="0"/>
    <Peak1D F1="2.320877" intensity="1.492667e-001" type="0"/>
    <Peak1D F1="2.317584" intensity="1.297028e-001" type="0"/>
    <Peak1D F1="2.308450" intensity="1.916206e-001" type="0"/>
    <Peak1D F1="2.304971" intensity="1.624292e-001" type="0"/>
    <Peak1D F1="2.298001" intensity="2.314012e-001" type="0"/>
    <Peak1D F1="2.278119" intensity="1.626841e-001" type="0"/>
    <Peak1D F1="2.275313" intensity="1.526687e-001" type="0"/>
    <Peak1D F1="2.265431" intensity="5.373133e-002" type="0"/>
    <Peak1D F1="2.256736" intensity="1.122065e-001" type="0"/>
    <Peak1D F1="2.251273" intensity="2.519292e-001" type="0"/>
    <Peak1D F1="2.236414" intensity="8.125380e-002" type="0"/>
    <Peak1D F1="2.229140" intensity="2.699546e-001" type="0"/>
    <Peak1D F1="2.225010" intensity="2.823438e-001" type="0"/>
    <Peak1D F1="2.202332" intensity="3.575143e-001" type="0"/>
    <Peak1D F1="2.194772" intensity="9.556915e-002" type="0"/>
    <Peak1D F1="2.180909" intensity="2.166252e-001" type="0"/>
    <Peak1D F1="2.176363" intensity="2.230000e-001" type="0"/>
    <Peak1D F1="2.165905" intensity="1.497314e-001" type="0"/>
    <Peak1D F1="2.153679" intensity="3.257304e-001" type="0"/>
    <Peak1D F1="2.146331" intensity="3.880407e-001" type="0"/>
    <Peak1D F1="2.138326" intensity="2.814934e-001" type="0"/>
    <Peak1D F1="2.116147" intensity="4.471486e+000" type="0"/>
    <Peak1D F1="2.106004" intensity="3.607658e+000" type="0"/>
    <Peak1D F1="2.096411" intensity="1.415474e+001" type="0"/>
    <Peak1D F1="2.084926" intensity="3.801638e+000" type="0"/>
    <Peak1D F1="2.077649" intensity="7.008295e+000" type="0"/>
    <Peak1D F1="2.070239" intensity="1.120752e+000" type="0"/>
    <Peak1D F1="2.061979" intensity="4.175588e-001" type="0"/>
    <Peak1D F1="2.056489" intensity="3.614251e-001" type="0"/>
    <Peak1D F1="2.051021" intensity="3.545602e-001" type="0"/>
    <Peak1D F1="2.046779" intensity="3.907489e-001" type="0"/>
    <Peak1D F1="2.027829" intensity="1.803891e-001" type="0"/>
    <Peak1D F1="2.021056" intensity="9.530094e-002" type="0"/>
    <Peak1D F1="1.986105" intensity="1.616063e-001" type="0"/>
    <Peak1D F1="1.981638" intensity="1.454217e-001" type="0"/>
    <Peak1D F1="1.969479" intensity="1.891408e-001" type="0"/>
    <Peak1D F1="1.959044" intensity="3.461170e-001" type="0"/>
    <Peak1D F1="1.953620" intensity="3.284926e-001" type="0"/>
    <Peak1D F1="1.948674" intensity="3.711635e-001" type="0"/>
    <Peak1D F1="1.941438" intensity="6.057889e-001" type="0"/>
    <Peak1D F1="1.932473" intensity="7.670896e-001" type="0"/>
    <Peak1D F1="1.929693" intensity="7.291299e-001" type="0"/>
    <Peak1D F1="1.925856" intensity="9.252610e-001" type="0"/>
    <Peak1D F1="1.920918" intensity="9.346337e-001" type="0"/>
    <Peak1D F1="1.910716" intensity="7.157169e+000" type="0"/>
    <Peak1D F1="1.899403" intensity="5.916175e+000" type="0"/>
    <Peak1D F1="1.891218" intensity="1.500000e+001" type="0"/>
    <Peak1D F1="1.882776" intensity="5.148463e+000" type="0"/>
    <Peak1D F1="1.880363" intensity="5.476447e+000" type="0"/>
    <Peak1D F1="1.871649" intensity="4.655474e+000" type="0"/>
    <Peak1D F1="1.859990" intensity="5.829861e-001" type="0"/>
    <Peak1D F1="1.849594" intensity="3.451689e-001" type="0"/>
    <Peak1D F1="1.841415" intensity="3.370211e-001" type="0"/>
    <Peak1D F1="1.833414" intensity="1.492214e-001" type="0"/>
    <Peak1D F1="1.821974" intensity="1.237186e-001" type="0"/>
    <Peak1D F1="1.759954" intensity="4.876396e-002" type="0"/>
    <Peak1D F1="1.745198" intensity="9.487562e-002" type="0"/>
    <Peak1D F1="1.729856" intensity="1.199001e-001" type="0"/>
    <Peak1D F1="1.724259" intensity="1.561730e-001" type="0"/>
    <Peak1D F1="1.717464" intensity="1.318576e-001" type="0"/>
    <Peak1D F1="1.708388" intensity="1.532855e-001" type="0"/>
    <Peak1D F1="1.701646" intensity="2.262313e-001" type="0"/>
    <Peak1D F1="1.697893" intensity="1.983553e-001" type="0"/>
    <Peak1D F1="1.689668" intensity="1.617121e-001" type="0"/>
    <Peak1D F1="1.682110" intensity="4.710248e-001" type="0"/>
    <Peak1D F1="1.677281" intensity="2.686431e-001" type="0"/>
    <Peak1D F1="1.671429" intensity="2.929922e-001" type="0"/>
    <Peak1D F1="1.658509" intensity="4.244438e-001" type="0"/>
    <Peak1D F1="1.653903" intensity="3.526843e-001" type="0"/>
    <Peak1D F1="1.642814" intensity="2.534918e-001" type="0"/>
    <Peak1D F1="1.638051" intensity="2.932307e-001" type="0"/>
    <Peak1D F1="1.633466" intensity="2.165288e-001" type="0"/>
    <Peak1D F1="1.626968" intensity="1.307449e-001" type="0"/>
    <Peak1D F1="1.622295" intensity="1.495890e-001" type="0"/>
    <Peak1D F1="1.617777" intensity="1.475688e-001" type="0"/>
    <Peak1D F1="1.592850" intensity="7.200978e-002" type="0"/>
    <Peak1D F1="1.550001" intensity="9.918033e-002" type="0"/>
    <Peak1D F1="1.535188" intensity="1.890380e-001" type="0"/>
    <Peak1D F1="1.519494" intensity="1.454421e-001" type="0"/>
    <Peak1D F1="1.512385" intensity="1.582142e-001" type="0"/>
    <Peak1D F1="1.501008" intensity="2.533134e-001" type="0"/>
    <Peak1D F1="1.492483" intensity="1.165475e-001" type="0"/>
    <Peak1D F1="1.483381" intensity="2.944973e-001" type="0"/>
    <Peak1D F1="1.470595" intensity="2.080779e-001" type="0"/>
    <Peak1D F1="1.453727" intensity="2.021001e-001" type="0"/>
    <Peak1D F1="1.442049" intensity="5.885199e-002" type="0"/>
    <Peak1D F1="1.436158" intensity="7.610201e-002" type="0"/>
    <Peak1D F1="1.430057" intensity="4.799895e-002" type="0"/>
    <Peak1D F1="1.423917" intensity="7.819248e-002" type="0"/>
    <Peak1D F1="1.348293" intensity="1.834819e-002" type="0"/>
    <Peak1D F1="1.304795" intensity="2.076084e-002" type="0"/>
    <Peak1D F1="1.263429" intensity="3.734836e-002" type="0"/>
    <Peak1D F1="1.237603" intensity="6.038716e-002" type="0"/>
    <Peak1D F1="1.213566" intensity="6.140807e-002" type="0"/>
    <Peak1D F1="1.207312" intensity="6.049530e-002" type="0"/>
    <Peak1D F1="1.185468" intensity="1.621718e-001" type="0"/>
    <Peak1D F1="1.132908" intensity="1.156924e-002" type="0"/>
    <Peak1D F1="1.115803" intensity="8.518104e-003" type="0"/>
    <Peak1D F1="1.105071" intensity="7.967539e-003" type="0"/>
    <Peak1D F1="1.071625" intensity="7.250548e-003" type="0"/>
    <Peak1D F1="1.048769" intensity="7.154246e-003" type="0"/>
    <Peak1D F1="1.021546" intensity="7.227061e-003" type="0"/>
    <Peak1D F1="1.013916" intensity="6.547876e-003" type="0"/>
    <Peak1D F1="0.995309" intensity="7.976172e-003" type="0"/>
    <Peak1D F1="0.982577" intensity="7.217856e-003" type="0"/>
    <Peak1D F1="0.962409" intensity="6.879725e-003" type="0"/>
    <Peak1D F1="0.948318" intensity="6.015693e-003" type="0"/>
    <Peak1D F1="0.937238" intensity="5.937067e-003" type="0"/>
    <Peak1D F1="0.904486" intensity="5.392983e-003" type="0"/>
    <Peak1D F1="0.872733" intensity="7.348122e-003" type="0"/>
    <Peak1D F1="0.858614" intensity="5.486843e-003" type="0"/>
    <Peak1D F1="0.827076" intensity="2.656150e-002" type="0"/>
    <Peak1D F1="0.813764" intensity="4.251239e-002" type="0"/>
    <Peak1D F1="0.810428" intensity="4.770231e-002" type="0"/>
    <Peak1D F1="0.793024" intensity="2.533991e-002" type="0"/>
    <Peak1D F1="0.780900" intensity="1.776874e-002" type="0"/>
    <Peak1D F1="0.762076" intensity="1.564033e-002" type="0"/>
    <Peak1D F1="0.686675" intensity="4.632345e-003" type="0"/>
    <Peak1D F1="0.638222" intensity="4.214165e-003" type="0"/>
    <Peak1D F1="0.586702" intensity="3.866804e-003" type="0"/>
    <Peak1D F1="0.534130" intensity="4.235479e-003" type="0"/>
    <Peak1D F1="0.512560" intensity="4.363340e-003" type="0"/>
    <Peak1D F1="0.439292" intensity="4.484172e-003" type="0"/>
    <Peak1D F1="0.317138" intensity="4.607107e-003" type="0"/>
    <Peak1D F1="0.301313" intensity="4.119376e-003" type="0"/>
    <Peak1D F1="0.280618" intensity="4.267078e-003" type="0"/>
    <Peak1D F1="0.204528" intensity="3.972414e-003" type="0"/>
    <Peak1D F1="0.049853" intensity="8.937209e-003" type="0"/>
    <Peak1D F1="0.016718" intensity="8.241017e-003" type="0"/>
    <Peak1D F1="-0.000151" intensity="3.699989e-001" type="0"/>
    <Peak1D F1="-0.009015" intensity="1.492088e-002" type="0"/>
    <Peak1D F1="-0.050149" intensity="6.996053e-003" type="0"/>
    <Peak1D F1="-2.957536" intensity="4.423116e-003" type="0"/>
    <Peak1D F1="-3.147303" intensity="4.095971e-003" type="0"/>
    <Peak1D F1="-3.250047" intensity="4.248357e-003" type="0"/>
  </PeakList1D>
</PeakList>
