<?xml version="1.0" encoding="UTF-8"?>
<PeakList>
  <PeakList1D>
    <PeakList1DHeader creator="nmr" date="2021-08-01T18:10:54.634+03:00" expNo="20" name="ID-419-G" owner="" procNo="1" source="//132.72.8.180/400b/Milo/Milo">
      <PeakPickDetails>F1=16.099701ppm, F2=-3.929344ppm, MI=0.00cm, MAXI=10000.00cm, PC=1.000
      </PeakPickDetails>
    </PeakList1DHeader>
    <Peak1D F1="10.315376" intensity="1.073182e-002" type="0"/>
    <Peak1D F1="10.144540" intensity="3.692597e-002" type="0"/>
    <Peak1D F1="10.125245" intensity="1.912612e-002" type="0"/>
    <Peak1D F1="10.094199" intensity="1.972484e+000" type="0"/>
    <Peak1D F1="10.062922" intensity="1.148114e-002" type="0"/>
    <Peak1D F1="10.043904" intensity="3.085619e-002" type="0"/>
    <Peak1D F1="9.867769" intensity="8.360109e-003" type="0"/>
    <Peak1D F1="8.383424" intensity="1.774004e-001" type="0"/>
    <Peak1D F1="8.371417" intensity="1.537703e-001" type="0"/>
    <Peak1D F1="8.342097" intensity="1.342420e+000" type="0"/>
    <Peak1D F1="8.320390" intensity="1.473940e+000" type="0"/>
    <Peak1D F1="8.290833" intensity="2.760154e-002" type="0"/>
    <Peak1D F1="8.271154" intensity="5.672184e-002" type="0"/>
    <Peak1D F1="8.259970" intensity="4.245911e-002" type="0"/>
    <Peak1D F1="8.249418" intensity="4.479323e-002" type="0"/>
    <Peak1D F1="8.239989" intensity="5.735313e-002" type="0"/>
    <Peak1D F1="8.219971" intensity="6.278706e-002" type="0"/>
    <Peak1D F1="8.209293" intensity="8.526270e-002" type="0"/>
    <Peak1D F1="8.186485" intensity="8.520702e-002" type="0"/>
    <Peak1D F1="8.158754" intensity="2.067678e+000" type="0"/>
    <Peak1D F1="8.154140" intensity="8.251585e-001" type="0"/>
    <Peak1D F1="8.136941" intensity="2.183833e+000" type="0"/>
    <Peak1D F1="8.131279" intensity="4.875591e-001" type="0"/>
    <Peak1D F1="8.108309" intensity="7.817626e-002" type="0"/>
    <Peak1D F1="8.087560" intensity="5.009378e-002" type="0"/>
    <Peak1D F1="8.070268" intensity="5.969104e-002" type="0"/>
    <Peak1D F1="8.049289" intensity="5.269073e-002" type="0"/>
    <Peak1D F1="8.020406" intensity="1.721025e+000" type="0"/>
    <Peak1D F1="8.015890" intensity="5.341461e-001" type="0"/>
    <Peak1D F1="8.002884" intensity="5.785952e-001" type="0"/>
    <Peak1D F1="7.998973" intensity="1.429791e+000" type="0"/>
    <Peak1D F1="7.993784" intensity="2.056664e-001" type="0"/>
    <Peak1D F1="7.970029" intensity="1.810833e-001" type="0"/>
    <Peak1D F1="7.949061" intensity="6.635902e-002" type="0"/>
    <Peak1D F1="7.899925" intensity="1.124287e-001" type="0"/>
    <Peak1D F1="7.880822" intensity="1.122033e-001" type="0"/>
    <Peak1D F1="7.829613" intensity="1.016844e-001" type="0"/>
    <Peak1D F1="7.810076" intensity="1.178029e-001" type="0"/>
    <Peak1D F1="7.731145" intensity="1.370716e-002" type="0"/>
    <Peak1D F1="7.711864" intensity="1.884532e-002" type="0"/>
    <Peak1D F1="7.694890" intensity="2.319100e-002" type="0"/>
    <Peak1D F1="7.656065" intensity="9.587406e-002" type="0"/>
    <Peak1D F1="7.635776" intensity="1.700118e-001" type="0"/>
    <Peak1D F1="7.616165" intensity="1.469658e-001" type="0"/>
    <Peak1D F1="7.597247" intensity="8.557539e-002" type="0"/>
    <Peak1D F1="7.575040" intensity="3.174544e-002" type="0"/>
    <Peak1D F1="7.565194" intensity="3.316531e-002" type="0"/>
    <Peak1D F1="7.549841" intensity="5.802564e-002" type="0"/>
    <Peak1D F1="7.524120" intensity="1.136255e-001" type="0"/>
    <Peak1D F1="7.501853" intensity="1.193964e-001" type="0"/>
    <Peak1D F1="7.480529" intensity="2.192955e+000" type="0"/>
    <Peak1D F1="7.458587" intensity="2.038375e+000" type="0"/>
    <Peak1D F1="7.453302" intensity="4.091963e-001" type="0"/>
    <Peak1D F1="7.440847" intensity="1.438871e-001" type="0"/>
    <Peak1D F1="7.429918" intensity="1.077777e-001" type="0"/>
    <Peak1D F1="7.408393" intensity="4.431596e-002" type="0"/>
    <Peak1D F1="7.394024" intensity="1.740825e-002" type="0"/>
    <Peak1D F1="7.373167" intensity="1.113500e-002" type="0"/>
    <Peak1D F1="7.350295" intensity="1.350220e-002" type="0"/>
    <Peak1D F1="7.320329" intensity="1.598951e-002" type="0"/>
    <Peak1D F1="7.300514" intensity="1.957645e-002" type="0"/>
    <Peak1D F1="7.271890" intensity="2.790476e-002" type="0"/>
    <Peak1D F1="7.244386" intensity="2.528215e-001" type="0"/>
    <Peak1D F1="7.224403" intensity="6.534442e-002" type="0"/>
    <Peak1D F1="7.194529" intensity="1.299055e+001" type="0"/>
    <Peak1D F1="7.161098" intensity="1.087768e-002" type="0"/>
    <Peak1D F1="7.144415" intensity="1.821974e-001" type="0"/>
    <Peak1D F1="6.930452" intensity="6.807891e-002" type="0"/>
    <Peak1D F1="6.312798" intensity="1.835314e-002" type="0"/>
    <Peak1D F1="6.215323" intensity="1.790897e-002" type="0"/>
    <Peak1D F1="6.117259" intensity="1.463703e-001" type="0"/>
    <Peak1D F1="6.095947" intensity="1.231664e-002" type="0"/>
    <Peak1D F1="6.067783" intensity="7.404131e-002" type="0"/>
    <Peak1D F1="6.017669" intensity="3.949331e+000" type="0"/>
    <Peak1D F1="5.967711" intensity="5.597098e-002" type="0"/>
    <Peak1D F1="5.902218" intensity="2.184802e-002" type="0"/>
    <Peak1D F1="5.889548" intensity="2.401762e-002" type="0"/>
    <Peak1D F1="5.860114" intensity="1.047703e-002" type="0"/>
    <Peak1D F1="5.814975" intensity="1.250967e-002" type="0"/>
    <Peak1D F1="5.795350" intensity="8.365502e-003" type="0"/>
    <Peak1D F1="5.715833" intensity="9.515782e-003" type="0"/>
    <Peak1D F1="5.661740" intensity="9.561672e-003" type="0"/>
    <Peak1D F1="5.634975" intensity="9.012794e-003" type="0"/>
    <Peak1D F1="5.583850" intensity="9.455957e-003" type="0"/>
    <Peak1D F1="5.406957" intensity="2.204504e-002" type="0"/>
    <Peak1D F1="5.357730" intensity="5.855662e-002" type="0"/>
    <Peak1D F1="5.350744" intensity="6.104987e-002" type="0"/>
    <Peak1D F1="5.322386" intensity="1.721682e-002" type="0"/>
    <Peak1D F1="5.306711" intensity="8.662276e-003" type="0"/>
    <Peak1D F1="5.188322" intensity="9.372144e-003" type="0"/>
    <Peak1D F1="5.152021" intensity="1.430114e-002" type="0"/>
    <Peak1D F1="5.081956" intensity="1.256042e-002" type="0"/>
    <Peak1D F1="5.077703" intensity="1.403795e-002" type="0"/>
    <Peak1D F1="5.062003" intensity="1.395948e-002" type="0"/>
    <Peak1D F1="5.032495" intensity="1.232655e-002" type="0"/>
    <Peak1D F1="5.007675" intensity="1.593939e-002" type="0"/>
    <Peak1D F1="4.969720" intensity="1.505268e-002" type="0"/>
    <Peak1D F1="4.944446" intensity="1.561639e-002" type="0"/>
    <Peak1D F1="4.931191" intensity="1.321372e-002" type="0"/>
    <Peak1D F1="4.911706" intensity="1.737563e-002" type="0"/>
    <Peak1D F1="4.869615" intensity="1.895922e-002" type="0"/>
    <Peak1D F1="4.840337" intensity="4.057748e-002" type="0"/>
    <Peak1D F1="4.816993" intensity="4.041779e-002" type="0"/>
    <Peak1D F1="4.790591" intensity="1.163693e+000" type="0"/>
    <Peak1D F1="4.767783" intensity="1.196142e+000" type="0"/>
    <Peak1D F1="4.740247" intensity="5.560615e-002" type="0"/>
    <Peak1D F1="4.716842" intensity="7.555772e-002" type="0"/>
    <Peak1D F1="4.674052" intensity="1.224436e-001" type="0"/>
    <Peak1D F1="4.530806" intensity="1.134273e-002" type="0"/>
    <Peak1D F1="4.524521" intensity="1.235026e-002" type="0"/>
    <Peak1D F1="4.501629" intensity="9.844554e-003" type="0"/>
    <Peak1D F1="4.496634" intensity="8.400800e-003" type="0"/>
    <Peak1D F1="4.486150" intensity="1.181298e-002" type="0"/>
    <Peak1D F1="4.424555" intensity="8.532836e-003" type="0"/>
    <Peak1D F1="3.878166" intensity="6.036852e-002" type="0"/>
    <Peak1D F1="3.861705" intensity="1.277743e-002" type="0"/>
    <Peak1D F1="3.844234" intensity="1.573397e-001" type="0"/>
    <Peak1D F1="3.822991" intensity="9.921194e-002" type="0"/>
    <Peak1D F1="3.811263" intensity="4.422108e-001" type="0"/>
    <Peak1D F1="3.780238" intensity="1.520578e-002" type="0"/>
    <Peak1D F1="3.750798" intensity="2.387009e-001" type="0"/>
    <Peak1D F1="3.745301" intensity="2.641661e-001" type="0"/>
    <Peak1D F1="3.700646" intensity="1.212001e+001" type="0"/>
    <Peak1D F1="3.682015" intensity="5.323390e-002" type="0"/>
    <Peak1D F1="3.666344" intensity="2.671116e-002" type="0"/>
    <Peak1D F1="3.650264" intensity="1.791835e-001" type="0"/>
    <Peak1D F1="3.631081" intensity="1.136103e-002" type="0"/>
    <Peak1D F1="3.518300" intensity="6.464300e-002" type="0"/>
    <Peak1D F1="2.797044" intensity="1.184609e-002" type="0"/>
    <Peak1D F1="2.769345" intensity="1.204056e-002" type="0"/>
    <Peak1D F1="2.745548" intensity="1.012586e-002" type="0"/>
    <Peak1D F1="2.484330" intensity="1.762155e-002" type="0"/>
    <Peak1D F1="2.474838" intensity="1.702751e-002" type="0"/>
    <Peak1D F1="2.438109" intensity="1.827208e-001" type="0"/>
    <Peak1D F1="2.433458" intensity="2.115901e-001" type="0"/>
    <Peak1D F1="2.416782" intensity="2.156496e-001" type="0"/>
    <Peak1D F1="2.412575" intensity="2.095260e-001" type="0"/>
    <Peak1D F1="2.388470" intensity="3.205550e-001" type="0"/>
    <Peak1D F1="2.385153" intensity="2.949064e-001" type="0"/>
    <Peak1D F1="2.364142" intensity="3.676904e-001" type="0"/>
    <Peak1D F1="2.350925" intensity="2.428957e-001" type="0"/>
    <Peak1D F1="2.328054" intensity="4.073569e-001" type="0"/>
    <Peak1D F1="2.320378" intensity="2.438185e-001" type="0"/>
    <Peak1D F1="2.317090" intensity="2.155655e-001" type="0"/>
    <Peak1D F1="2.308006" intensity="3.061859e-001" type="0"/>
    <Peak1D F1="2.304346" intensity="2.753269e-001" type="0"/>
    <Peak1D F1="2.297757" intensity="3.738518e-001" type="0"/>
    <Peak1D F1="2.277469" intensity="2.496065e-001" type="0"/>
    <Peak1D F1="2.253036" intensity="3.758494e-001" type="0"/>
    <Peak1D F1="2.230704" intensity="4.442278e-001" type="0"/>
    <Peak1D F1="2.226974" intensity="4.190790e-001" type="0"/>
    <Peak1D F1="2.204162" intensity="5.320047e-001" type="0"/>
    <Peak1D F1="2.182715" intensity="2.989567e-001" type="0"/>
    <Peak1D F1="2.178092" intensity="3.021704e-001" type="0"/>
    <Peak1D F1="2.155526" intensity="4.201037e-001" type="0"/>
    <Peak1D F1="2.147231" intensity="4.174278e-001" type="0"/>
    <Peak1D F1="2.117099" intensity="4.644462e+000" type="0"/>
    <Peak1D F1="2.097376" intensity="1.466791e+001" type="0"/>
    <Peak1D F1="2.085766" intensity="3.795275e+000" type="0"/>
    <Peak1D F1="2.078718" intensity="7.120453e+000" type="0"/>
    <Peak1D F1="2.056799" intensity="3.453010e-001" type="0"/>
    <Peak1D F1="2.053505" intensity="3.486318e-001" type="0"/>
    <Peak1D F1="2.047491" intensity="3.728764e-001" type="0"/>
    <Peak1D F1="2.028399" intensity="1.757579e-001" type="0"/>
    <Peak1D F1="2.013177" intensity="7.057066e-002" type="0"/>
    <Peak1D F1="1.987117" intensity="2.826858e-001" type="0"/>
    <Peak1D F1="1.960031" intensity="4.733186e-001" type="0"/>
    <Peak1D F1="1.954971" intensity="4.474831e-001" type="0"/>
    <Peak1D F1="1.949702" intensity="5.242095e-001" type="0"/>
    <Peak1D F1="1.937395" intensity="3.863378e+000" type="0"/>
    <Peak1D F1="1.925878" intensity="9.558211e-001" type="0"/>
    <Peak1D F1="1.921349" intensity="9.740022e-001" type="0"/>
    <Peak1D F1="1.911080" intensity="7.336867e+000" type="0"/>
    <Peak1D F1="1.901113" intensity="6.169971e+000" type="0"/>
    <Peak1D F1="1.899945" intensity="6.114682e+000" type="0"/>
    <Peak1D F1="1.891576" intensity="1.500000e+001" type="0"/>
    <Peak1D F1="1.882497" intensity="5.637458e+000" type="0"/>
    <Peak1D F1="1.872171" intensity="4.677285e+000" type="0"/>
    <Peak1D F1="1.860113" intensity="5.996018e-001" type="0"/>
    <Peak1D F1="1.849982" intensity="3.402859e-001" type="0"/>
    <Peak1D F1="1.841512" intensity="3.206621e-001" type="0"/>
    <Peak1D F1="1.832613" intensity="1.549838e-001" type="0"/>
    <Peak1D F1="1.821795" intensity="1.282546e-001" type="0"/>
    <Peak1D F1="1.765820" intensity="6.470899e-002" type="0"/>
    <Peak1D F1="1.760042" intensity="6.203552e-002" type="0"/>
    <Peak1D F1="1.745173" intensity="1.470828e-001" type="0"/>
    <Peak1D F1="1.729598" intensity="1.871719e-001" type="0"/>
    <Peak1D F1="1.724434" intensity="2.075003e-001" type="0"/>
    <Peak1D F1="1.717186" intensity="2.061156e-001" type="0"/>
    <Peak1D F1="1.708317" intensity="2.349739e-001" type="0"/>
    <Peak1D F1="1.701528" intensity="3.518176e-001" type="0"/>
    <Peak1D F1="1.697382" intensity="2.970936e-001" type="0"/>
    <Peak1D F1="1.687210" intensity="2.553646e-001" type="0"/>
    <Peak1D F1="1.680903" intensity="7.985809e-001" type="0"/>
    <Peak1D F1="1.671455" intensity="4.648442e-001" type="0"/>
    <Peak1D F1="1.656932" intensity="6.902371e-001" type="0"/>
    <Peak1D F1="1.640434" intensity="4.034999e-001" type="0"/>
    <Peak1D F1="1.636296" intensity="4.657350e-001" type="0"/>
    <Peak1D F1="1.624789" intensity="2.028351e-001" type="0"/>
    <Peak1D F1="1.619695" intensity="2.537473e-001" type="0"/>
    <Peak1D F1="1.586880" intensity="1.130265e-001" type="0"/>
    <Peak1D F1="1.558232" intensity="1.216308e-001" type="0"/>
    <Peak1D F1="1.535017" intensity="2.623320e-001" type="0"/>
    <Peak1D F1="1.519861" intensity="1.998902e-001" type="0"/>
    <Peak1D F1="1.512532" intensity="2.177912e-001" type="0"/>
    <Peak1D F1="1.500737" intensity="3.958243e-001" type="0"/>
    <Peak1D F1="1.483393" intensity="4.786481e-001" type="0"/>
    <Peak1D F1="1.470633" intensity="3.299825e-001" type="0"/>
    <Peak1D F1="1.453936" intensity="3.277605e-001" type="0"/>
    <Peak1D F1="1.436000" intensity="1.082922e-001" type="0"/>
    <Peak1D F1="1.423678" intensity="1.146216e-001" type="0"/>
    <Peak1D F1="1.368669" intensity="2.652220e-002" type="0"/>
    <Peak1D F1="1.345608" intensity="2.292741e-002" type="0"/>
    <Peak1D F1="1.270956" intensity="3.247485e-002" type="0"/>
    <Peak1D F1="1.236324" intensity="4.435464e-002" type="0"/>
    <Peak1D F1="1.213506" intensity="4.209105e-002" type="0"/>
    <Peak1D F1="1.184401" intensity="9.189510e-002" type="0"/>
    <Peak1D F1="1.072802" intensity="1.021675e-002" type="0"/>
    <Peak1D F1="1.048408" intensity="8.077062e-003" type="0"/>
    <Peak1D F1="0.968035" intensity="9.253732e-003" type="0"/>
    <Peak1D F1="0.924681" intensity="8.599895e-003" type="0"/>
    <Peak1D F1="0.914602" intensity="8.785848e-003" type="0"/>
    <Peak1D F1="0.884654" intensity="8.216480e-003" type="0"/>
    <Peak1D F1="0.810241" intensity="2.780196e-002" type="0"/>
    <Peak1D F1="0.792549" intensity="1.823165e-002" type="0"/>
    <Peak1D F1="0.782337" intensity="1.317011e-002" type="0"/>
    <Peak1D F1="0.777318" intensity="1.399384e-002" type="0"/>
    <Peak1D F1="0.761797" intensity="1.610192e-002" type="0"/>
    <Peak1D F1="0.745098" intensity="9.859322e-003" type="0"/>
    <Peak1D F1="0.543207" intensity="8.108345e-003" type="0"/>
    <Peak1D F1="0.402073" intensity="9.264641e-003" type="0"/>
    <Peak1D F1="-0.000155" intensity="1.630784e-001" type="0"/>
    <Peak1D F1="-3.636806" intensity="8.093186e-003" type="0"/>
  </PeakList1D>
</PeakList>
