<?xml version="1.0" encoding="UTF-8"?>
<PeakList>
  <PeakList1D>
    <PeakList1DHeader creator="nmr" date="2021-08-05T13:30:24.570+03:00" expNo="10" name="ID-422-A" owner="" procNo="1" source="//132.72.8.180/400b/Milo/Milo">
      <PeakPickDetails>F1=16.097530ppm, F2=-3.931515ppm, MI=0.00cm, MAXI=10000.00cm, PC=1.000
      </PeakPickDetails>
    </PeakList1DHeader>
    <Peak1D F1="10.095511" intensity="1.445887e-002" type="0"/>
    <Peak1D F1="8.230755" intensity="5.421569e-002" type="0"/>
    <Peak1D F1="8.208749" intensity="1.069808e-001" type="0"/>
    <Peak1D F1="8.185499" intensity="1.039022e-001" type="0"/>
    <Peak1D F1="8.181002" intensity="1.112190e-001" type="0"/>
    <Peak1D F1="8.175163" intensity="1.659334e-001" type="0"/>
    <Peak1D F1="8.160506" intensity="1.278159e+000" type="0"/>
    <Peak1D F1="8.155993" intensity="6.713156e-001" type="0"/>
    <Peak1D F1="8.138802" intensity="1.296519e+000" type="0"/>
    <Peak1D F1="8.109521" intensity="3.057224e-002" type="0"/>
    <Peak1D F1="8.060127" intensity="1.626767e-002" type="0"/>
    <Peak1D F1="7.880405" intensity="4.702596e-002" type="0"/>
    <Peak1D F1="7.872154" intensity="4.682798e-002" type="0"/>
    <Peak1D F1="7.859107" intensity="5.644235e-002" type="0"/>
    <Peak1D F1="7.851953" intensity="4.914488e-002" type="0"/>
    <Peak1D F1="7.783637" intensity="1.296694e-002" type="0"/>
    <Peak1D F1="7.684526" intensity="1.529288e-002" type="0"/>
    <Peak1D F1="7.655949" intensity="2.166096e-002" type="0"/>
    <Peak1D F1="7.633625" intensity="6.345680e-002" type="0"/>
    <Peak1D F1="7.625370" intensity="1.105974e-001" type="0"/>
    <Peak1D F1="7.604679" intensity="1.258700e-001" type="0"/>
    <Peak1D F1="7.577476" intensity="5.691259e-002" type="0"/>
    <Peak1D F1="7.557668" intensity="6.182405e-002" type="0"/>
    <Peak1D F1="7.536529" intensity="5.436284e-002" type="0"/>
    <Peak1D F1="7.504165" intensity="1.390384e-001" type="0"/>
    <Peak1D F1="7.493317" intensity="1.626922e-001" type="0"/>
    <Peak1D F1="7.480961" intensity="1.241520e+000" type="0"/>
    <Peak1D F1="7.458918" intensity="1.202906e+000" type="0"/>
    <Peak1D F1="7.452006" intensity="3.652100e-001" type="0"/>
    <Peak1D F1="7.440493" intensity="2.090096e-001" type="0"/>
    <Peak1D F1="7.423956" intensity="7.190455e-002" type="0"/>
    <Peak1D F1="7.409439" intensity="9.341385e-002" type="0"/>
    <Peak1D F1="7.383796" intensity="1.684688e-001" type="0"/>
    <Peak1D F1="7.363351" intensity="1.295994e-001" type="0"/>
    <Peak1D F1="7.348696" intensity="7.111187e-002" type="0"/>
    <Peak1D F1="7.328362" intensity="6.904099e-002" type="0"/>
    <Peak1D F1="7.306864" intensity="2.527215e-002" type="0"/>
    <Peak1D F1="7.256020" intensity="6.871148e-002" type="0"/>
    <Peak1D F1="7.242424" intensity="7.179860e-001" type="0"/>
    <Peak1D F1="7.192432" intensity="4.047980e+001" type="0"/>
    <Peak1D F1="7.171628" intensity="6.760238e-002" type="0"/>
    <Peak1D F1="7.165717" intensity="6.738441e-002" type="0"/>
    <Peak1D F1="7.141946" intensity="5.572034e-001" type="0"/>
    <Peak1D F1="6.928411" intensity="2.140786e-001" type="0"/>
    <Peak1D F1="6.313842" intensity="2.604465e-002" type="0"/>
    <Peak1D F1="6.118465" intensity="1.864380e-001" type="0"/>
    <Peak1D F1="6.069383" intensity="3.393050e-002" type="0"/>
    <Peak1D F1="6.019423" intensity="1.582918e+000" type="0"/>
    <Peak1D F1="5.969779" intensity="1.807035e-002" type="0"/>
    <Peak1D F1="5.805051" intensity="1.950971e-002" type="0"/>
    <Peak1D F1="5.652167" intensity="1.808435e-002" type="0"/>
    <Peak1D F1="5.626020" intensity="2.531544e-002" type="0"/>
    <Peak1D F1="5.499834" intensity="5.670764e-002" type="0"/>
    <Peak1D F1="5.471556" intensity="2.919095e-002" type="0"/>
    <Peak1D F1="5.420078" intensity="1.400698e-002" type="0"/>
    <Peak1D F1="5.357960" intensity="8.842078e-002" type="0"/>
    <Peak1D F1="5.351984" intensity="9.349186e-002" type="0"/>
    <Peak1D F1="4.867265" intensity="1.471067e-002" type="0"/>
    <Peak1D F1="4.852214" intensity="4.414069e-002" type="0"/>
    <Peak1D F1="4.830161" intensity="4.174877e-002" type="0"/>
    <Peak1D F1="4.788740" intensity="6.132905e-001" type="0"/>
    <Peak1D F1="4.765868" intensity="6.228971e-001" type="0"/>
    <Peak1D F1="4.738929" intensity="3.221714e-002" type="0"/>
    <Peak1D F1="4.686264" intensity="5.362864e-002" type="0"/>
    <Peak1D F1="4.669933" intensity="5.694185e-002" type="0"/>
    <Peak1D F1="4.584108" intensity="2.897771e-002" type="0"/>
    <Peak1D F1="4.534033" intensity="1.831327e-002" type="0"/>
    <Peak1D F1="4.472280" intensity="1.474573e-002" type="0"/>
    <Peak1D F1="4.371376" intensity="1.348283e-002" type="0"/>
    <Peak1D F1="4.288254" intensity="1.367260e-002" type="0"/>
    <Peak1D F1="3.880115" intensity="2.743842e-002" type="0"/>
    <Peak1D F1="3.844633" intensity="1.526066e-001" type="0"/>
    <Peak1D F1="3.824377" intensity="9.921559e-002" type="0"/>
    <Peak1D F1="3.812415" intensity="5.820611e-001" type="0"/>
    <Peak1D F1="3.751710" intensity="1.042610e-001" type="0"/>
    <Peak1D F1="3.745866" intensity="3.142755e-001" type="0"/>
    <Peak1D F1="3.701810" intensity="4.905240e+000" type="0"/>
    <Peak1D F1="3.651261" intensity="7.598442e-002" type="0"/>
    <Peak1D F1="3.608022" intensity="1.609246e-002" type="0"/>
    <Peak1D F1="3.560962" intensity="1.674077e-002" type="0"/>
    <Peak1D F1="3.519805" intensity="4.026674e-002" type="0"/>
    <Peak1D F1="3.480626" intensity="3.185529e-002" type="0"/>
    <Peak1D F1="3.470520" intensity="4.212391e-002" type="0"/>
    <Peak1D F1="3.465270" intensity="3.070063e-002" type="0"/>
    <Peak1D F1="3.420319" intensity="1.670218e+000" type="0"/>
    <Peak1D F1="3.369700" intensity="3.196903e-002" type="0"/>
    <Peak1D F1="3.333443" intensity="1.584249e-002" type="0"/>
    <Peak1D F1="3.256653" intensity="2.453913e-002" type="0"/>
    <Peak1D F1="2.604328" intensity="1.379600e-002" type="0"/>
    <Peak1D F1="2.564514" intensity="1.812613e-002" type="0"/>
    <Peak1D F1="2.498834" intensity="1.765513e-002" type="0"/>
    <Peak1D F1="2.435180" intensity="1.250896e-001" type="0"/>
    <Peak1D F1="2.417710" intensity="1.356566e-001" type="0"/>
    <Peak1D F1="2.390414" intensity="1.828439e-001" type="0"/>
    <Peak1D F1="2.365461" intensity="2.011217e-001" type="0"/>
    <Peak1D F1="2.348802" intensity="1.186533e-001" type="0"/>
    <Peak1D F1="2.326197" intensity="2.125605e-001" type="0"/>
    <Peak1D F1="2.318925" intensity="1.379784e-001" type="0"/>
    <Peak1D F1="2.306352" intensity="1.690174e-001" type="0"/>
    <Peak1D F1="2.296179" intensity="2.075227e-001" type="0"/>
    <Peak1D F1="2.275617" intensity="1.331515e-001" type="0"/>
    <Peak1D F1="2.254277" intensity="2.211034e-001" type="0"/>
    <Peak1D F1="2.231865" intensity="2.331686e-001" type="0"/>
    <Peak1D F1="2.228090" intensity="2.300629e-001" type="0"/>
    <Peak1D F1="2.205407" intensity="2.973831e-001" type="0"/>
    <Peak1D F1="2.183902" intensity="1.732592e-001" type="0"/>
    <Peak1D F1="2.179196" intensity="1.796098e-001" type="0"/>
    <Peak1D F1="2.156727" intensity="2.754300e-001" type="0"/>
    <Peak1D F1="2.147435" intensity="3.759226e-001" type="0"/>
    <Peak1D F1="2.117100" intensity="4.582204e+000" type="0"/>
    <Peak1D F1="2.097508" intensity="1.454122e+001" type="0"/>
    <Peak1D F1="2.085926" intensity="3.940238e+000" type="0"/>
    <Peak1D F1="2.078759" intensity="7.355827e+000" type="0"/>
    <Peak1D F1="2.053036" intensity="3.819152e-001" type="0"/>
    <Peak1D F1="2.047765" intensity="3.791883e-001" type="0"/>
    <Peak1D F1="2.028326" intensity="1.833911e-001" type="0"/>
    <Peak1D F1="1.987778" intensity="1.472974e-001" type="0"/>
    <Peak1D F1="1.960949" intensity="3.554733e-001" type="0"/>
    <Peak1D F1="1.950623" intensity="3.623371e-001" type="0"/>
    <Peak1D F1="1.942401" intensity="5.422132e-001" type="0"/>
    <Peak1D F1="1.932984" intensity="7.466721e-001" type="0"/>
    <Peak1D F1="1.926112" intensity="8.813148e-001" type="0"/>
    <Peak1D F1="1.921844" intensity="8.901826e-001" type="0"/>
    <Peak1D F1="1.911354" intensity="7.223961e+000" type="0"/>
    <Peak1D F1="1.900298" intensity="6.236245e+000" type="0"/>
    <Peak1D F1="1.891722" intensity="1.500000e+001" type="0"/>
    <Peak1D F1="1.881597" intensity="5.645194e+000" type="0"/>
    <Peak1D F1="1.872430" intensity="4.781744e+000" type="0"/>
    <Peak1D F1="1.859984" intensity="6.276134e-001" type="0"/>
    <Peak1D F1="1.850047" intensity="3.591972e-001" type="0"/>
    <Peak1D F1="1.841696" intensity="3.356838e-001" type="0"/>
    <Peak1D F1="1.831689" intensity="1.700100e-001" type="0"/>
    <Peak1D F1="1.822693" intensity="1.308720e-001" type="0"/>
    <Peak1D F1="1.760433" intensity="5.734784e-002" type="0"/>
    <Peak1D F1="1.746111" intensity="1.030837e-001" type="0"/>
    <Peak1D F1="1.730548" intensity="1.115940e-001" type="0"/>
    <Peak1D F1="1.724911" intensity="1.582062e-001" type="0"/>
    <Peak1D F1="1.717795" intensity="1.273990e-001" type="0"/>
    <Peak1D F1="1.709021" intensity="1.548743e-001" type="0"/>
    <Peak1D F1="1.702171" intensity="2.150359e-001" type="0"/>
    <Peak1D F1="1.681008" intensity="4.511995e-001" type="0"/>
    <Peak1D F1="1.671723" intensity="2.905835e-001" type="0"/>
    <Peak1D F1="1.657466" intensity="4.080133e-001" type="0"/>
    <Peak1D F1="1.635751" intensity="2.892708e-001" type="0"/>
    <Peak1D F1="1.620445" intensity="1.704127e-001" type="0"/>
    <Peak1D F1="1.574878" intensity="8.461392e-002" type="0"/>
    <Peak1D F1="1.567547" intensity="9.139189e-002" type="0"/>
    <Peak1D F1="1.534592" intensity="2.067388e-001" type="0"/>
    <Peak1D F1="1.518131" intensity="2.024251e-001" type="0"/>
    <Peak1D F1="1.511773" intensity="2.297727e-001" type="0"/>
    <Peak1D F1="1.500256" intensity="3.643595e-001" type="0"/>
    <Peak1D F1="1.482589" intensity="4.703959e-001" type="0"/>
    <Peak1D F1="1.470117" intensity="3.982880e-001" type="0"/>
    <Peak1D F1="1.453133" intensity="3.834801e-001" type="0"/>
    <Peak1D F1="1.422911" intensity="1.941251e-001" type="0"/>
    <Peak1D F1="1.314231" intensity="1.739860e-001" type="0"/>
    <Peak1D F1="1.310394" intensity="1.542794e-001" type="0"/>
    <Peak1D F1="1.284865" intensity="6.732063e-001" type="0"/>
    <Peak1D F1="1.280535" intensity="6.814818e-001" type="0"/>
    <Peak1D F1="1.266146" intensity="1.839024e+000" type="0"/>
    <Peak1D F1="1.253913" intensity="8.290985e-001" type="0"/>
    <Peak1D F1="1.221035" intensity="9.562285e-002" type="0"/>
    <Peak1D F1="1.215549" intensity="1.140840e-001" type="0"/>
    <Peak1D F1="1.203358" intensity="6.473880e-002" type="0"/>
    <Peak1D F1="1.187189" intensity="1.321699e-001" type="0"/>
    <Peak1D F1="1.120430" intensity="2.116349e-002" type="0"/>
    <Peak1D F1="1.107186" intensity="2.313908e-002" type="0"/>
    <Peak1D F1="1.083251" intensity="1.892599e-002" type="0"/>
    <Peak1D F1="1.061141" intensity="1.582630e-002" type="0"/>
    <Peak1D F1="1.054063" intensity="1.659183e-002" type="0"/>
    <Peak1D F1="1.030855" intensity="1.629759e-002" type="0"/>
    <Peak1D F1="1.000995" intensity="2.028680e-002" type="0"/>
    <Peak1D F1="0.930874" intensity="1.614756e-002" type="0"/>
    <Peak1D F1="0.905628" intensity="1.429913e-002" type="0"/>
    <Peak1D F1="0.898960" intensity="1.441526e-002" type="0"/>
    <Peak1D F1="0.828223" intensity="2.677734e-002" type="0"/>
    <Peak1D F1="0.811788" intensity="3.437318e-002" type="0"/>
    <Peak1D F1="0.790110" intensity="2.571007e-002" type="0"/>
    <Peak1D F1="0.784899" intensity="3.140119e-002" type="0"/>
    <Peak1D F1="0.762004" intensity="3.011049e-002" type="0"/>
    <Peak1D F1="0.696625" intensity="1.355070e-002" type="0"/>
    <Peak1D F1="0.638834" intensity="1.536618e-002" type="0"/>
    <Peak1D F1="0.594571" intensity="1.301046e-002" type="0"/>
    <Peak1D F1="0.150735" intensity="1.382391e-002" type="0"/>
    <Peak1D F1="0.059832" intensity="1.544302e-002" type="0"/>
    <Peak1D F1="0.049891" intensity="1.401502e-002" type="0"/>
    <Peak1D F1="-0.000154" intensity="7.234327e-001" type="0"/>
    <Peak1D F1="-0.052481" intensity="1.549768e-002" type="0"/>
    <Peak1D F1="-0.144978" intensity="1.583560e-002" type="0"/>
    <Peak1D F1="-0.468818" intensity="1.414936e-002" type="0"/>
  </PeakList1D>
</PeakList>
