<?xml version="1.0" encoding="UTF-8"?>
<PeakList>
  <PeakList1D>
    <PeakList1DHeader creator="nmr" date="2021-08-15T11:46:39.373+03:00" expNo="20" name="Id-427-B-15.8-redo" owner="" procNo="1" source="//132.72.8.180/400b/Milo/Milo">
      <PeakPickDetails>F1=16.103500ppm, F2=-3.925545ppm, MI=0.00cm, MAXI=10000.00cm, PC=1.000
      </PeakPickDetails>
    </PeakList1DHeader>
    <Peak1D F1="11.211926" intensity="3.657500e-003" type="0"/>
    <Peak1D F1="9.160274" intensity="3.628254e-003" type="0"/>
    <Peak1D F1="8.472037" intensity="4.375685e-003" type="0"/>
    <Peak1D F1="8.418128" intensity="3.956361e-003" type="0"/>
    <Peak1D F1="8.391618" intensity="5.099532e-003" type="0"/>
    <Peak1D F1="8.369905" intensity="9.361684e-003" type="0"/>
    <Peak1D F1="8.362304" intensity="1.092383e-002" type="0"/>
    <Peak1D F1="8.342580" intensity="1.239805e-002" type="0"/>
    <Peak1D F1="8.319765" intensity="6.675770e-003" type="0"/>
    <Peak1D F1="8.228171" intensity="6.154912e-002" type="0"/>
    <Peak1D F1="8.222447" intensity="4.916906e-002" type="0"/>
    <Peak1D F1="8.207473" intensity="1.257278e-001" type="0"/>
    <Peak1D F1="8.186315" intensity="1.142610e-001" type="0"/>
    <Peak1D F1="8.178892" intensity="9.850231e-002" type="0"/>
    <Peak1D F1="8.171858" intensity="1.746635e-001" type="0"/>
    <Peak1D F1="8.162757" intensity="4.837389e-001" type="0"/>
    <Peak1D F1="8.157054" intensity="1.970424e+000" type="0"/>
    <Peak1D F1="8.151533" intensity="1.209992e+000" type="0"/>
    <Peak1D F1="8.145827" intensity="5.468498e-001" type="0"/>
    <Peak1D F1="8.139848" intensity="8.021705e-001" type="0"/>
    <Peak1D F1="8.135253" intensity="2.046166e+000" type="0"/>
    <Peak1D F1="8.129143" intensity="9.178620e-001" type="0"/>
    <Peak1D F1="8.111639" intensity="1.121497e-001" type="0"/>
    <Peak1D F1="8.100092" intensity="5.119470e-002" type="0"/>
    <Peak1D F1="8.090489" intensity="1.035722e-001" type="0"/>
    <Peak1D F1="8.067452" intensity="7.441154e-003" type="0"/>
    <Peak1D F1="8.046514" intensity="1.278373e-002" type="0"/>
    <Peak1D F1="8.025212" intensity="4.685670e-003" type="0"/>
    <Peak1D F1="8.021145" intensity="4.151293e-003" type="0"/>
    <Peak1D F1="7.947018" intensity="8.249078e-003" type="0"/>
    <Peak1D F1="7.941998" intensity="7.581729e-003" type="0"/>
    <Peak1D F1="7.926791" intensity="8.536755e-003" type="0"/>
    <Peak1D F1="7.919582" intensity="1.149257e-002" type="0"/>
    <Peak1D F1="7.895409" intensity="1.198547e-002" type="0"/>
    <Peak1D F1="7.883305" intensity="3.076892e-002" type="0"/>
    <Peak1D F1="7.875592" intensity="3.420695e-002" type="0"/>
    <Peak1D F1="7.862246" intensity="3.432133e-002" type="0"/>
    <Peak1D F1="7.854989" intensity="3.593637e-002" type="0"/>
    <Peak1D F1="7.845725" intensity="1.062705e-002" type="0"/>
    <Peak1D F1="7.836213" intensity="1.474545e-002" type="0"/>
    <Peak1D F1="7.824615" intensity="1.195533e-002" type="0"/>
    <Peak1D F1="7.803211" intensity="1.520180e-002" type="0"/>
    <Peak1D F1="7.782458" intensity="1.367076e-002" type="0"/>
    <Peak1D F1="7.770023" intensity="5.485905e-003" type="0"/>
    <Peak1D F1="7.741657" intensity="1.158619e-002" type="0"/>
    <Peak1D F1="7.721326" intensity="1.350964e-002" type="0"/>
    <Peak1D F1="7.702014" intensity="9.459586e-003" type="0"/>
    <Peak1D F1="7.679970" intensity="2.043180e-002" type="0"/>
    <Peak1D F1="7.673755" intensity="3.144543e-002" type="0"/>
    <Peak1D F1="7.651049" intensity="2.774163e-001" type="0"/>
    <Peak1D F1="7.629628" intensity="2.908914e-001" type="0"/>
    <Peak1D F1="7.610271" intensity="6.455351e-002" type="0"/>
    <Peak1D F1="7.595215" intensity="3.817721e-002" type="0"/>
    <Peak1D F1="7.587875" intensity="3.607551e-002" type="0"/>
    <Peak1D F1="7.577544" intensity="2.826780e-002" type="0"/>
    <Peak1D F1="7.555729" intensity="3.300917e-002" type="0"/>
    <Peak1D F1="7.543801" intensity="5.255405e-002" type="0"/>
    <Peak1D F1="7.518157" intensity="7.815460e-002" type="0"/>
    <Peak1D F1="7.504816" intensity="2.209028e-001" type="0"/>
    <Peak1D F1="7.493674" intensity="2.400745e-001" type="0"/>
    <Peak1D F1="7.480241" intensity="1.893786e+000" type="0"/>
    <Peak1D F1="7.475451" intensity="7.452845e-001" type="0"/>
    <Peak1D F1="7.463139" intensity="1.180703e+000" type="0"/>
    <Peak1D F1="7.458281" intensity="1.909160e+000" type="0"/>
    <Peak1D F1="7.442089" intensity="6.060073e-001" type="0"/>
    <Peak1D F1="7.408519" intensity="3.553964e-002" type="0"/>
    <Peak1D F1="7.392157" intensity="1.402118e-002" type="0"/>
    <Peak1D F1="7.370917" intensity="4.219034e-003" type="0"/>
    <Peak1D F1="7.323323" intensity="1.142478e-002" type="0"/>
    <Peak1D F1="7.316741" intensity="7.574880e-003" type="0"/>
    <Peak1D F1="7.292798" intensity="1.035981e-002" type="0"/>
    <Peak1D F1="7.272186" intensity="1.704920e-002" type="0"/>
    <Peak1D F1="7.248550" intensity="7.560440e-002" type="0"/>
    <Peak1D F1="7.198637" intensity="4.577021e+000" type="0"/>
    <Peak1D F1="7.148637" intensity="6.458034e-002" type="0"/>
    <Peak1D F1="6.958627" intensity="9.675105e-002" type="0"/>
    <Peak1D F1="6.937082" intensity="9.336976e-002" type="0"/>
    <Peak1D F1="6.917059" intensity="2.307096e-002" type="0"/>
    <Peak1D F1="6.911316" intensity="3.796617e-002" type="0"/>
    <Peak1D F1="6.896758" intensity="5.630105e-002" type="0"/>
    <Peak1D F1="6.890785" intensity="4.948372e-002" type="0"/>
    <Peak1D F1="6.874400" intensity="8.524322e-002" type="0"/>
    <Peak1D F1="6.867062" intensity="3.236415e-001" type="0"/>
    <Peak1D F1="6.846019" intensity="2.885426e-001" type="0"/>
    <Peak1D F1="6.830244" intensity="1.489664e-002" type="0"/>
    <Peak1D F1="6.818200" intensity="6.185082e-003" type="0"/>
    <Peak1D F1="6.706465" intensity="3.523318e-002" type="0"/>
    <Peak1D F1="6.215395" intensity="8.247665e-003" type="0"/>
    <Peak1D F1="6.174768" intensity="4.989203e-003" type="0"/>
    <Peak1D F1="6.117467" intensity="4.553116e-002" type="0"/>
    <Peak1D F1="6.092244" intensity="7.904631e-003" type="0"/>
    <Peak1D F1="6.067238" intensity="5.562413e-002" type="0"/>
    <Peak1D F1="6.016983" intensity="3.517813e+000" type="0"/>
    <Peak1D F1="5.967136" intensity="5.010753e-002" type="0"/>
    <Peak1D F1="5.933832" intensity="9.332833e-003" type="0"/>
    <Peak1D F1="5.922105" intensity="8.703534e-003" type="0"/>
    <Peak1D F1="5.815123" intensity="9.389872e-003" type="0"/>
    <Peak1D F1="5.785664" intensity="1.201121e-002" type="0"/>
    <Peak1D F1="5.778395" intensity="1.289316e-002" type="0"/>
    <Peak1D F1="5.742484" intensity="5.864492e-003" type="0"/>
    <Peak1D F1="5.735762" intensity="4.839094e-003" type="0"/>
    <Peak1D F1="5.631161" intensity="1.249886e-002" type="0"/>
    <Peak1D F1="5.603975" intensity="1.265470e-002" type="0"/>
    <Peak1D F1="5.529487" intensity="1.024691e-002" type="0"/>
    <Peak1D F1="5.491255" intensity="7.184837e-002" type="0"/>
    <Peak1D F1="5.484812" intensity="7.227112e-002" type="0"/>
    <Peak1D F1="5.466701" intensity="3.741293e-002" type="0"/>
    <Peak1D F1="5.460061" intensity="3.475291e-002" type="0"/>
    <Peak1D F1="5.436290" intensity="7.346055e-003" type="0"/>
    <Peak1D F1="5.412756" intensity="2.539493e-002" type="0"/>
    <Peak1D F1="5.406655" intensity="2.661453e-002" type="0"/>
    <Peak1D F1="5.390754" intensity="2.151315e-002" type="0"/>
    <Peak1D F1="5.384757" intensity="2.192938e-002" type="0"/>
    <Peak1D F1="5.355718" intensity="2.497269e-001" type="0"/>
    <Peak1D F1="5.348649" intensity="2.487499e-001" type="0"/>
    <Peak1D F1="5.297995" intensity="8.798464e-003" type="0"/>
    <Peak1D F1="5.277794" intensity="5.058520e-003" type="0"/>
    <Peak1D F1="5.169228" intensity="3.925128e-003" type="0"/>
    <Peak1D F1="5.053389" intensity="3.488123e-003" type="0"/>
    <Peak1D F1="5.023403" intensity="3.855059e-003" type="0"/>
    <Peak1D F1="4.999649" intensity="4.075668e-003" type="0"/>
    <Peak1D F1="4.985944" intensity="4.237996e-003" type="0"/>
    <Peak1D F1="4.972856" intensity="8.712755e-003" type="0"/>
    <Peak1D F1="4.949764" intensity="9.384102e-003" type="0"/>
    <Peak1D F1="4.936763" intensity="7.778292e-003" type="0"/>
    <Peak1D F1="4.893546" intensity="1.997631e-002" type="0"/>
    <Peak1D F1="4.875879" intensity="2.964296e-002" type="0"/>
    <Peak1D F1="4.861833" intensity="6.001549e-002" type="0"/>
    <Peak1D F1="4.840617" intensity="7.903158e-002" type="0"/>
    <Peak1D F1="4.821274" intensity="5.600708e-002" type="0"/>
    <Peak1D F1="4.793701" intensity="9.673590e-001" type="0"/>
    <Peak1D F1="4.770958" intensity="9.876119e-001" type="0"/>
    <Peak1D F1="4.743493" intensity="5.106842e-002" type="0"/>
    <Peak1D F1="4.720356" intensity="7.280102e-002" type="0"/>
    <Peak1D F1="4.683630" intensity="1.571781e-001" type="0"/>
    <Peak1D F1="4.610190" intensity="2.782215e-002" type="0"/>
    <Peak1D F1="4.588063" intensity="1.896542e-002" type="0"/>
    <Peak1D F1="4.549957" intensity="9.381341e-003" type="0"/>
    <Peak1D F1="4.455226" intensity="6.768880e-003" type="0"/>
    <Peak1D F1="4.434539" intensity="6.531104e-003" type="0"/>
    <Peak1D F1="4.302353" intensity="3.704408e-003" type="0"/>
    <Peak1D F1="4.005465" intensity="4.379059e-003" type="0"/>
    <Peak1D F1="3.990170" intensity="3.891842e-003" type="0"/>
    <Peak1D F1="3.946966" intensity="8.823397e-003" type="0"/>
    <Peak1D F1="3.929764" intensity="4.840853e-003" type="0"/>
    <Peak1D F1="3.877450" intensity="6.396922e-002" type="0"/>
    <Peak1D F1="3.857374" intensity="8.417995e-003" type="0"/>
    <Peak1D F1="3.843992" intensity="2.636334e-002" type="0"/>
    <Peak1D F1="3.827297" intensity="3.997776e-001" type="0"/>
    <Peak1D F1="3.810911" intensity="1.665806e-001" type="0"/>
    <Peak1D F1="3.796056" intensity="1.563019e-001" type="0"/>
    <Peak1D F1="3.791888" intensity="1.661807e-001" type="0"/>
    <Peak1D F1="3.788018" intensity="1.526773e-001" type="0"/>
    <Peak1D F1="3.778337" intensity="2.061157e-001" type="0"/>
    <Peak1D F1="3.769036" intensity="1.242954e+000" type="0"/>
    <Peak1D F1="3.750003" intensity="1.787799e-001" type="0"/>
    <Peak1D F1="3.745417" intensity="1.211549e-001" type="0"/>
    <Peak1D F1="3.699958" intensity="1.054025e+001" type="0"/>
    <Peak1D F1="3.650081" intensity="1.611480e-001" type="0"/>
    <Peak1D F1="3.586608" intensity="9.280186e-003" type="0"/>
    <Peak1D F1="3.546549" intensity="6.133999e-003" type="0"/>
    <Peak1D F1="3.517776" intensity="5.937950e-002" type="0"/>
    <Peak1D F1="3.473051" intensity="7.138911e-003" type="0"/>
    <Peak1D F1="3.451978" intensity="6.630803e-003" type="0"/>
    <Peak1D F1="3.416200" intensity="7.015388e-003" type="0"/>
    <Peak1D F1="3.345531" intensity="5.301309e-003" type="0"/>
    <Peak1D F1="3.282543" intensity="3.553809e-003" type="0"/>
    <Peak1D F1="3.248272" intensity="3.575291e-003" type="0"/>
    <Peak1D F1="3.222786" intensity="4.226078e-003" type="0"/>
    <Peak1D F1="2.967164" intensity="5.382586e-003" type="0"/>
    <Peak1D F1="2.960441" intensity="8.306222e-003" type="0"/>
    <Peak1D F1="2.942757" intensity="1.274886e-002" type="0"/>
    <Peak1D F1="2.935518" intensity="1.177641e-002" type="0"/>
    <Peak1D F1="2.924959" intensity="7.248157e-003" type="0"/>
    <Peak1D F1="2.809798" intensity="6.066623e-003" type="0"/>
    <Peak1D F1="2.758105" intensity="1.746847e-002" type="0"/>
    <Peak1D F1="2.736011" intensity="2.252484e-002" type="0"/>
    <Peak1D F1="2.721591" intensity="2.367922e-002" type="0"/>
    <Peak1D F1="2.699828" intensity="2.402808e-002" type="0"/>
    <Peak1D F1="2.675009" intensity="2.475412e-002" type="0"/>
    <Peak1D F1="2.651531" intensity="3.044348e-002" type="0"/>
    <Peak1D F1="2.643132" intensity="3.009068e-002" type="0"/>
    <Peak1D F1="2.621236" intensity="3.540224e-002" type="0"/>
    <Peak1D F1="2.599189" intensity="3.629133e-002" type="0"/>
    <Peak1D F1="2.576873" intensity="3.489305e-002" type="0"/>
    <Peak1D F1="2.555380" intensity="3.761940e-002" type="0"/>
    <Peak1D F1="2.540309" intensity="3.542120e-002" type="0"/>
    <Peak1D F1="2.519009" intensity="3.188581e-002" type="0"/>
    <Peak1D F1="2.511379" intensity="2.699082e-002" type="0"/>
    <Peak1D F1="2.496814" intensity="3.321293e-002" type="0"/>
    <Peak1D F1="2.475702" intensity="3.158392e-002" type="0"/>
    <Peak1D F1="2.454873" intensity="3.493711e-002" type="0"/>
    <Peak1D F1="2.435598" intensity="2.134682e-001" type="0"/>
    <Peak1D F1="2.431055" intensity="2.272698e-001" type="0"/>
    <Peak1D F1="2.415485" intensity="2.365170e-001" type="0"/>
    <Peak1D F1="2.409868" intensity="2.793913e-001" type="0"/>
    <Peak1D F1="2.386758" intensity="3.182270e-001" type="0"/>
    <Peak1D F1="2.382513" intensity="2.892807e-001" type="0"/>
    <Peak1D F1="2.361897" intensity="3.465652e-001" type="0"/>
    <Peak1D F1="2.355148" intensity="2.734078e-001" type="0"/>
    <Peak1D F1="2.331777" intensity="3.777742e-001" type="0"/>
    <Peak1D F1="2.324156" intensity="2.044293e-001" type="0"/>
    <Peak1D F1="2.311398" intensity="3.009559e-001" type="0"/>
    <Peak1D F1="2.308164" intensity="2.970736e-001" type="0"/>
    <Peak1D F1="2.301553" intensity="3.507126e-001" type="0"/>
    <Peak1D F1="2.281353" intensity="2.227732e-001" type="0"/>
    <Peak1D F1="2.257112" intensity="1.138376e-001" type="0"/>
    <Peak1D F1="2.250030" intensity="3.204574e-001" type="0"/>
    <Peak1D F1="2.235977" intensity="8.969620e-002" type="0"/>
    <Peak1D F1="2.227854" intensity="3.652608e-001" type="0"/>
    <Peak1D F1="2.223782" intensity="3.728196e-001" type="0"/>
    <Peak1D F1="2.201149" intensity="4.748931e-001" type="0"/>
    <Peak1D F1="2.193678" intensity="1.166460e-001" type="0"/>
    <Peak1D F1="2.179622" intensity="2.721319e-001" type="0"/>
    <Peak1D F1="2.174905" intensity="2.706023e-001" type="0"/>
    <Peak1D F1="2.167005" intensity="1.541334e-001" type="0"/>
    <Peak1D F1="2.152488" intensity="3.997625e-001" type="0"/>
    <Peak1D F1="2.146461" intensity="3.913767e-001" type="0"/>
    <Peak1D F1="2.116190" intensity="4.633416e+000" type="0"/>
    <Peak1D F1="2.107387" intensity="3.697569e+000" type="0"/>
    <Peak1D F1="2.096675" intensity="1.439621e+001" type="0"/>
    <Peak1D F1="2.085086" intensity="3.905446e+000" type="0"/>
    <Peak1D F1="2.077904" intensity="7.272937e+000" type="0"/>
    <Peak1D F1="2.056561" intensity="3.997048e-001" type="0"/>
    <Peak1D F1="2.052341" intensity="3.987300e-001" type="0"/>
    <Peak1D F1="2.046966" intensity="4.164412e-001" type="0"/>
    <Peak1D F1="2.043113" intensity="3.608074e-001" type="0"/>
    <Peak1D F1="2.028239" intensity="1.964699e-001" type="0"/>
    <Peak1D F1="2.013207" intensity="8.473647e-002" type="0"/>
    <Peak1D F1="1.989504" intensity="1.790587e-001" type="0"/>
    <Peak1D F1="1.984723" intensity="2.239432e-001" type="0"/>
    <Peak1D F1="1.979821" intensity="2.240429e-001" type="0"/>
    <Peak1D F1="1.972714" intensity="2.450116e-001" type="0"/>
    <Peak1D F1="1.968434" intensity="2.675280e-001" type="0"/>
    <Peak1D F1="1.957532" intensity="4.614741e-001" type="0"/>
    <Peak1D F1="1.952870" intensity="4.971285e-001" type="0"/>
    <Peak1D F1="1.948293" intensity="5.162803e-001" type="0"/>
    <Peak1D F1="1.940914" intensity="7.070907e-001" type="0"/>
    <Peak1D F1="1.932040" intensity="9.260586e-001" type="0"/>
    <Peak1D F1="1.925507" intensity="1.049403e+000" type="0"/>
    <Peak1D F1="1.920296" intensity="9.640808e-001" type="0"/>
    <Peak1D F1="1.910658" intensity="7.290772e+000" type="0"/>
    <Peak1D F1="1.899568" intensity="6.199913e+000" type="0"/>
    <Peak1D F1="1.891083" intensity="1.500000e+001" type="0"/>
    <Peak1D F1="1.880893" intensity="5.633420e+000" type="0"/>
    <Peak1D F1="1.871709" intensity="4.814458e+000" type="0"/>
    <Peak1D F1="1.859422" intensity="6.539490e-001" type="0"/>
    <Peak1D F1="1.849516" intensity="3.846215e-001" type="0"/>
    <Peak1D F1="1.841353" intensity="3.774867e-001" type="0"/>
    <Peak1D F1="1.832386" intensity="1.783337e-001" type="0"/>
    <Peak1D F1="1.821949" intensity="1.472290e-001" type="0"/>
    <Peak1D F1="1.808186" intensity="7.366990e-002" type="0"/>
    <Peak1D F1="1.795290" intensity="7.172081e-002" type="0"/>
    <Peak1D F1="1.766141" intensity="6.770939e-002" type="0"/>
    <Peak1D F1="1.759799" intensity="8.392246e-002" type="0"/>
    <Peak1D F1="1.744531" intensity="1.520824e-001" type="0"/>
    <Peak1D F1="1.729060" intensity="1.875816e-001" type="0"/>
    <Peak1D F1="1.723920" intensity="2.182868e-001" type="0"/>
    <Peak1D F1="1.716784" intensity="2.175885e-001" type="0"/>
    <Peak1D F1="1.707580" intensity="2.670355e-001" type="0"/>
    <Peak1D F1="1.701101" intensity="3.564879e-001" type="0"/>
    <Peak1D F1="1.697093" intensity="3.429552e-001" type="0"/>
    <Peak1D F1="1.689430" intensity="3.227639e-001" type="0"/>
    <Peak1D F1="1.681483" intensity="7.710990e-001" type="0"/>
    <Peak1D F1="1.670772" intensity="6.006030e-001" type="0"/>
    <Peak1D F1="1.658285" intensity="8.317093e-001" type="0"/>
    <Peak1D F1="1.653548" intensity="7.338778e-001" type="0"/>
    <Peak1D F1="1.642327" intensity="6.533821e-001" type="0"/>
    <Peak1D F1="1.637890" intensity="7.632613e-001" type="0"/>
    <Peak1D F1="1.633107" intensity="6.404433e-001" type="0"/>
    <Peak1D F1="1.621915" intensity="6.516368e-001" type="0"/>
    <Peak1D F1="1.617570" intensity="6.640561e-001" type="0"/>
    <Peak1D F1="1.535075" intensity="2.447970e-001" type="0"/>
    <Peak1D F1="1.519585" intensity="1.757457e-001" type="0"/>
    <Peak1D F1="1.512308" intensity="1.865872e-001" type="0"/>
    <Peak1D F1="1.500962" intensity="3.314145e-001" type="0"/>
    <Peak1D F1="1.492151" intensity="1.352946e-001" type="0"/>
    <Peak1D F1="1.483490" intensity="3.806016e-001" type="0"/>
    <Peak1D F1="1.470654" intensity="2.670813e-001" type="0"/>
    <Peak1D F1="1.453745" intensity="2.637994e-001" type="0"/>
    <Peak1D F1="1.442011" intensity="6.645408e-002" type="0"/>
    <Peak1D F1="1.436059" intensity="9.100224e-002" type="0"/>
    <Peak1D F1="1.424074" intensity="9.481969e-002" type="0"/>
    <Peak1D F1="1.402558" intensity="3.464602e-002" type="0"/>
    <Peak1D F1="1.380638" intensity="2.585645e-002" type="0"/>
    <Peak1D F1="1.366438" intensity="2.852909e-002" type="0"/>
    <Peak1D F1="1.349090" intensity="2.562095e-002" type="0"/>
    <Peak1D F1="1.339906" intensity="2.372966e-002" type="0"/>
    <Peak1D F1="1.334816" intensity="2.504303e-002" type="0"/>
    <Peak1D F1="1.325149" intensity="2.098922e-002" type="0"/>
    <Peak1D F1="1.317148" intensity="2.375723e-002" type="0"/>
    <Peak1D F1="1.246661" intensity="5.314747e-002" type="0"/>
    <Peak1D F1="1.232555" intensity="8.785415e-002" type="0"/>
    <Peak1D F1="1.213185" intensity="1.174908e-001" type="0"/>
    <Peak1D F1="1.194071" intensity="2.900053e-001" type="0"/>
    <Peak1D F1="1.087895" intensity="7.296663e-003" type="0"/>
    <Peak1D F1="1.069387" intensity="7.585160e-003" type="0"/>
    <Peak1D F1="1.054637" intensity="7.583837e-003" type="0"/>
    <Peak1D F1="1.030834" intensity="7.714775e-003" type="0"/>
    <Peak1D F1="1.025887" intensity="7.369007e-003" type="0"/>
    <Peak1D F1="0.966455" intensity="7.228979e-003" type="0"/>
    <Peak1D F1="0.951407" intensity="6.503853e-003" type="0"/>
    <Peak1D F1="0.923263" intensity="6.093794e-003" type="0"/>
    <Peak1D F1="0.902522" intensity="6.894701e-003" type="0"/>
    <Peak1D F1="0.861637" intensity="1.366533e-002" type="0"/>
    <Peak1D F1="0.828930" intensity="1.720909e-001" type="0"/>
    <Peak1D F1="0.812223" intensity="4.528036e-001" type="0"/>
    <Peak1D F1="0.794826" intensity="1.930463e-001" type="0"/>
    <Peak1D F1="0.762189" intensity="1.635877e-002" type="0"/>
    <Peak1D F1="0.745049" intensity="8.873302e-003" type="0"/>
    <Peak1D F1="0.722172" intensity="5.656736e-003" type="0"/>
    <Peak1D F1="0.662990" intensity="5.346533e-003" type="0"/>
    <Peak1D F1="0.655304" intensity="5.937074e-003" type="0"/>
    <Peak1D F1="0.636956" intensity="5.785150e-003" type="0"/>
    <Peak1D F1="0.576996" intensity="4.505450e-003" type="0"/>
    <Peak1D F1="0.543369" intensity="4.280939e-003" type="0"/>
    <Peak1D F1="0.506712" intensity="3.797824e-003" type="0"/>
    <Peak1D F1="0.456498" intensity="4.485922e-003" type="0"/>
    <Peak1D F1="0.433390" intensity="4.021884e-003" type="0"/>
    <Peak1D F1="0.399770" intensity="4.226456e-003" type="0"/>
    <Peak1D F1="0.320670" intensity="4.431777e-003" type="0"/>
    <Peak1D F1="0.293840" intensity="3.765367e-003" type="0"/>
    <Peak1D F1="0.248711" intensity="3.356005e-003" type="0"/>
    <Peak1D F1="0.207797" intensity="3.614351e-003" type="0"/>
    <Peak1D F1="0.104257" intensity="3.749313e-003" type="0"/>
    <Peak1D F1="0.045266" intensity="3.601037e-003" type="0"/>
    <Peak1D F1="-0.000150" intensity="4.324675e-002" type="0"/>
    <Peak1D F1="-3.618055" intensity="3.516451e-003" type="0"/>
    <Peak1D F1="-3.673538" intensity="3.536146e-003" type="0"/>
    <Peak1D F1="-3.682101" intensity="3.880743e-003" type="0"/>
    <Peak1D F1="-3.748229" intensity="3.828032e-003" type="0"/>
    <Peak1D F1="-3.789420" intensity="3.825845e-003" type="0"/>
    <Peak1D F1="-3.830187" intensity="3.964701e-003" type="0"/>
  </PeakList1D>
</PeakList>
