<?xml version="1.0" encoding="UTF-8"?>
<PeakList>
  <PeakList1D>
    <PeakList1DHeader creator="nmr" date="2021-04-18T22:53:12.027+03:00" expNo="10" name="ID-357-Crude" owner="" procNo="1" source="//132.72.8.180/400b/Milo/Milo">
      <PeakPickDetails>F1=16.102301ppm, F2=-3.926744ppm, MI=0.00cm, MAXI=10000.00cm, PC=1.000
      </PeakPickDetails>
    </PeakList1DHeader>
    <Peak1D F1="14.793502" intensity="4.345154e-003" type="0"/>
    <Peak1D F1="14.530400" intensity="4.488103e-003" type="0"/>
    <Peak1D F1="13.207636" intensity="4.559067e-003" type="0"/>
    <Peak1D F1="10.314802" intensity="5.524558e-003" type="0"/>
    <Peak1D F1="10.144297" intensity="1.480167e-002" type="0"/>
    <Peak1D F1="10.125306" intensity="8.883419e-003" type="0"/>
    <Peak1D F1="10.094473" intensity="7.997211e-001" type="0"/>
    <Peak1D F1="10.062471" intensity="4.832674e-003" type="0"/>
    <Peak1D F1="10.043653" intensity="9.863956e-003" type="0"/>
    <Peak1D F1="8.555460" intensity="4.718004e-003" type="0"/>
    <Peak1D F1="8.526571" intensity="4.877335e-003" type="0"/>
    <Peak1D F1="8.393081" intensity="1.437320e-002" type="0"/>
    <Peak1D F1="8.370677" intensity="3.103013e-002" type="0"/>
    <Peak1D F1="8.363899" intensity="2.567331e-002" type="0"/>
    <Peak1D F1="8.342691" intensity="5.675697e-001" type="0"/>
    <Peak1D F1="8.321041" intensity="6.135197e-001" type="0"/>
    <Peak1D F1="8.292314" intensity="1.897807e-002" type="0"/>
    <Peak1D F1="8.271262" intensity="2.280147e-002" type="0"/>
    <Peak1D F1="8.251362" intensity="5.261924e-002" type="0"/>
    <Peak1D F1="8.236047" intensity="6.004351e-002" type="0"/>
    <Peak1D F1="8.229415" intensity="7.361040e-002" type="0"/>
    <Peak1D F1="8.214236" intensity="1.267020e-001" type="0"/>
    <Peak1D F1="8.208334" intensity="1.194302e-001" type="0"/>
    <Peak1D F1="8.191625" intensity="1.219160e-001" type="0"/>
    <Peak1D F1="8.187660" intensity="1.293650e-001" type="0"/>
    <Peak1D F1="8.158299" intensity="3.562519e+000" type="0"/>
    <Peak1D F1="8.137248" intensity="3.520726e+000" type="0"/>
    <Peak1D F1="8.108294" intensity="5.806091e-002" type="0"/>
    <Peak1D F1="8.087261" intensity="5.702521e-002" type="0"/>
    <Peak1D F1="8.073584" intensity="2.040904e-002" type="0"/>
    <Peak1D F1="8.051119" intensity="1.606677e-002" type="0"/>
    <Peak1D F1="8.021651" intensity="7.145593e-001" type="0"/>
    <Peak1D F1="8.000921" intensity="5.599726e-001" type="0"/>
    <Peak1D F1="7.971667" intensity="9.808450e-003" type="0"/>
    <Peak1D F1="7.943379" intensity="1.811074e-002" type="0"/>
    <Peak1D F1="7.928555" intensity="1.526129e-002" type="0"/>
    <Peak1D F1="7.920970" intensity="1.787324e-002" type="0"/>
    <Peak1D F1="7.809779" intensity="4.263489e-003" type="0"/>
    <Peak1D F1="7.762282" intensity="4.631293e-003" type="0"/>
    <Peak1D F1="7.684186" intensity="1.781699e-002" type="0"/>
    <Peak1D F1="7.662473" intensity="2.108681e-002" type="0"/>
    <Peak1D F1="7.589134" intensity="7.665789e-002" type="0"/>
    <Peak1D F1="7.548396" intensity="3.852315e-002" type="0"/>
    <Peak1D F1="7.529480" intensity="1.334565e-001" type="0"/>
    <Peak1D F1="7.506890" intensity="2.345392e-001" type="0"/>
    <Peak1D F1="7.481274" intensity="3.728535e+000" type="0"/>
    <Peak1D F1="7.459349" intensity="3.493614e+000" type="0"/>
    <Peak1D F1="7.441447" intensity="2.037198e-001" type="0"/>
    <Peak1D F1="7.431274" intensity="6.645484e-002" type="0"/>
    <Peak1D F1="7.410007" intensity="6.011317e-002" type="0"/>
    <Peak1D F1="7.394247" intensity="3.339902e-002" type="0"/>
    <Peak1D F1="7.375347" intensity="3.161287e-002" type="0"/>
    <Peak1D F1="7.361225" intensity="1.647745e-002" type="0"/>
    <Peak1D F1="7.311807" intensity="2.383948e-002" type="0"/>
    <Peak1D F1="7.295969" intensity="2.702113e-002" type="0"/>
    <Peak1D F1="7.274596" intensity="3.612908e-002" type="0"/>
    <Peak1D F1="7.247729" intensity="9.619500e-002" type="0"/>
    <Peak1D F1="7.207788" intensity="2.905581e-001" type="0"/>
    <Peak1D F1="7.197171" intensity="4.648193e+000" type="0"/>
    <Peak1D F1="7.147280" intensity="6.717295e-002" type="0"/>
    <Peak1D F1="7.112761" intensity="5.664921e-003" type="0"/>
    <Peak1D F1="7.015202" intensity="1.328594e-002" type="0"/>
    <Peak1D F1="6.990900" intensity="2.309841e-002" type="0"/>
    <Peak1D F1="6.971539" intensity="1.077516e-002" type="0"/>
    <Peak1D F1="6.933033" intensity="2.540899e-002" type="0"/>
    <Peak1D F1="6.906256" intensity="1.410285e-002" type="0"/>
    <Peak1D F1="6.887616" intensity="2.173269e-002" type="0"/>
    <Peak1D F1="6.864344" intensity="1.856249e-002" type="0"/>
    <Peak1D F1="6.837699" intensity="6.827499e-002" type="0"/>
    <Peak1D F1="6.831189" intensity="6.367971e-002" type="0"/>
    <Peak1D F1="6.822414" intensity="7.017217e-002" type="0"/>
    <Peak1D F1="6.815388" intensity="1.060475e-001" type="0"/>
    <Peak1D F1="6.809379" intensity="7.262277e-002" type="0"/>
    <Peak1D F1="6.800178" intensity="3.505822e-002" type="0"/>
    <Peak1D F1="6.793962" intensity="4.827060e-002" type="0"/>
    <Peak1D F1="6.315952" intensity="9.558451e-003" type="0"/>
    <Peak1D F1="6.297390" intensity="8.206573e-003" type="0"/>
    <Peak1D F1="6.215897" intensity="1.527064e-002" type="0"/>
    <Peak1D F1="6.117416" intensity="2.701375e-002" type="0"/>
    <Peak1D F1="6.089909" intensity="1.160067e-002" type="0"/>
    <Peak1D F1="6.066906" intensity="8.569711e-002" type="0"/>
    <Peak1D F1="6.017015" intensity="4.972073e+000" type="0"/>
    <Peak1D F1="5.978291" intensity="5.073543e-003" type="0"/>
    <Peak1D F1="5.966957" intensity="6.417914e-002" type="0"/>
    <Peak1D F1="5.866183" intensity="4.390881e-002" type="0"/>
    <Peak1D F1="5.853845" intensity="4.514413e-002" type="0"/>
    <Peak1D F1="5.814987" intensity="2.104888e-002" type="0"/>
    <Peak1D F1="5.618931" intensity="1.245889e-002" type="0"/>
    <Peak1D F1="5.591336" intensity="1.200776e-002" type="0"/>
    <Peak1D F1="5.528822" intensity="5.183950e-003" type="0"/>
    <Peak1D F1="5.489636" intensity="5.145770e-003" type="0"/>
    <Peak1D F1="5.436956" intensity="4.910128e-003" type="0"/>
    <Peak1D F1="5.389281" intensity="5.614911e-002" type="0"/>
    <Peak1D F1="5.353534" intensity="7.415839e-002" type="0"/>
    <Peak1D F1="5.231091" intensity="1.612796e-001" type="0"/>
    <Peak1D F1="5.212478" intensity="2.775312e-002" type="0"/>
    <Peak1D F1="5.152305" intensity="1.033305e-001" type="0"/>
    <Peak1D F1="5.116236" intensity="8.106227e-003" type="0"/>
    <Peak1D F1="5.097476" intensity="7.079381e-003" type="0"/>
    <Peak1D F1="4.972584" intensity="1.076063e-002" type="0"/>
    <Peak1D F1="4.950121" intensity="1.067133e-002" type="0"/>
    <Peak1D F1="4.938713" intensity="5.798984e-003" type="0"/>
    <Peak1D F1="4.887022" intensity="8.737973e-003" type="0"/>
    <Peak1D F1="4.842615" intensity="3.820086e-002" type="0"/>
    <Peak1D F1="4.819450" intensity="4.687680e-002" type="0"/>
    <Peak1D F1="4.792619" intensity="1.757451e+000" type="0"/>
    <Peak1D F1="4.769802" intensity="1.784400e+000" type="0"/>
    <Peak1D F1="4.734594" intensity="6.766828e-002" type="0"/>
    <Peak1D F1="4.719475" intensity="4.908202e-002" type="0"/>
    <Peak1D F1="4.685105" intensity="2.994889e+000" type="0"/>
    <Peak1D F1="4.634962" intensity="4.852789e-002" type="0"/>
    <Peak1D F1="4.609173" intensity="1.124385e-002" type="0"/>
    <Peak1D F1="4.585595" intensity="9.786217e-003" type="0"/>
    <Peak1D F1="3.978045" intensity="9.587311e-003" type="0"/>
    <Peak1D F1="3.957148" intensity="1.031912e-002" type="0"/>
    <Peak1D F1="3.929823" intensity="4.697223e-003" type="0"/>
    <Peak1D F1="3.916558" intensity="6.660947e-003" type="0"/>
    <Peak1D F1="3.877795" intensity="8.110824e-002" type="0"/>
    <Peak1D F1="3.811087" intensity="6.872799e-002" type="0"/>
    <Peak1D F1="3.795378" intensity="2.194476e-002" type="0"/>
    <Peak1D F1="3.750245" intensity="2.380761e-001" type="0"/>
    <Peak1D F1="3.700333" intensity="1.500000e+001" type="0"/>
    <Peak1D F1="3.667019" intensity="2.172665e-002" type="0"/>
    <Peak1D F1="3.661912" intensity="2.242102e-002" type="0"/>
    <Peak1D F1="3.650306" intensity="2.046750e-001" type="0"/>
    <Peak1D F1="3.597560" intensity="4.411409e-003" type="0"/>
    <Peak1D F1="3.518091" intensity="7.879914e-002" type="0"/>
    <Peak1D F1="3.471227" intensity="6.968790e-003" type="0"/>
    <Peak1D F1="3.436802" intensity="4.914945e-003" type="0"/>
    <Peak1D F1="3.418830" intensity="5.278843e-003" type="0"/>
    <Peak1D F1="3.412467" intensity="4.890566e-003" type="0"/>
    <Peak1D F1="3.401595" intensity="5.065625e-003" type="0"/>
    <Peak1D F1="3.175770" intensity="7.074411e-003" type="0"/>
    <Peak1D F1="3.159746" intensity="5.520165e-003" type="0"/>
    <Peak1D F1="3.100577" intensity="4.520163e-003" type="0"/>
    <Peak1D F1="2.938857" intensity="4.634390e-003" type="0"/>
    <Peak1D F1="2.827042" intensity="5.388436e-003" type="0"/>
    <Peak1D F1="2.804980" intensity="4.715715e-003" type="0"/>
    <Peak1D F1="2.768751" intensity="1.538629e-002" type="0"/>
    <Peak1D F1="2.756392" intensity="1.646271e-002" type="0"/>
    <Peak1D F1="2.745314" intensity="1.944318e-002" type="0"/>
    <Peak1D F1="2.721528" intensity="1.489459e-002" type="0"/>
    <Peak1D F1="2.709418" intensity="1.198992e-002" type="0"/>
    <Peak1D F1="2.666526" intensity="4.659304e-003" type="0"/>
    <Peak1D F1="2.565139" intensity="4.855764e-002" type="0"/>
    <Peak1D F1="2.554182" intensity="3.915779e-002" type="0"/>
    <Peak1D F1="2.509759" intensity="1.187468e-002" type="0"/>
    <Peak1D F1="2.475135" intensity="1.978353e-002" type="0"/>
    <Peak1D F1="2.437619" intensity="3.363432e-001" type="0"/>
    <Peak1D F1="2.433583" intensity="3.769528e-001" type="0"/>
    <Peak1D F1="2.423991" intensity="2.128862e-001" type="0"/>
    <Peak1D F1="2.417578" intensity="3.792295e-001" type="0"/>
    <Peak1D F1="2.412869" intensity="3.827292e-001" type="0"/>
    <Peak1D F1="2.387745" intensity="5.850496e-001" type="0"/>
    <Peak1D F1="2.385036" intensity="5.519622e-001" type="0"/>
    <Peak1D F1="2.374383" intensity="2.975474e-001" type="0"/>
    <Peak1D F1="2.364512" intensity="6.682505e-001" type="0"/>
    <Peak1D F1="2.352268" intensity="4.179249e-001" type="0"/>
    <Peak1D F1="2.330109" intensity="7.327428e-001" type="0"/>
    <Peak1D F1="2.322595" intensity="4.308968e-001" type="0"/>
    <Peak1D F1="2.309782" intensity="5.475231e-001" type="0"/>
    <Peak1D F1="2.299971" intensity="6.596557e-001" type="0"/>
    <Peak1D F1="2.278653" intensity="4.247144e-001" type="0"/>
    <Peak1D F1="2.252761" intensity="6.085401e-001" type="0"/>
    <Peak1D F1="2.230270" intensity="7.993073e-001" type="0"/>
    <Peak1D F1="2.227841" intensity="7.570502e-001" type="0"/>
    <Peak1D F1="2.204204" intensity="8.803309e-001" type="0"/>
    <Peak1D F1="2.182247" intensity="4.932280e-001" type="0"/>
    <Peak1D F1="2.177658" intensity="4.902465e-001" type="0"/>
    <Peak1D F1="2.170794" intensity="1.741113e-001" type="0"/>
    <Peak1D F1="2.155491" intensity="6.256965e-001" type="0"/>
    <Peak1D F1="2.148156" intensity="4.141189e-001" type="0"/>
    <Peak1D F1="2.117427" intensity="4.619553e+000" type="0"/>
    <Peak1D F1="2.109249" intensity="3.947105e+000" type="0"/>
    <Peak1D F1="2.098197" intensity="1.400637e+001" type="0"/>
    <Peak1D F1="2.088573" intensity="4.121361e+000" type="0"/>
    <Peak1D F1="2.086549" intensity="3.868597e+000" type="0"/>
    <Peak1D F1="2.079681" intensity="6.945070e+000" type="0"/>
    <Peak1D F1="2.057836" intensity="3.638172e-001" type="0"/>
    <Peak1D F1="2.054119" intensity="3.722979e-001" type="0"/>
    <Peak1D F1="2.048566" intensity="3.719233e-001" type="0"/>
    <Peak1D F1="2.030427" intensity="1.849444e-001" type="0"/>
    <Peak1D F1="1.986866" intensity="3.571997e-001" type="0"/>
    <Peak1D F1="1.959842" intensity="6.776777e-001" type="0"/>
    <Peak1D F1="1.955214" intensity="6.623048e-001" type="0"/>
    <Peak1D F1="1.950176" intensity="6.944652e-001" type="0"/>
    <Peak1D F1="1.942659" intensity="9.469785e-001" type="0"/>
    <Peak1D F1="1.933886" intensity="1.122985e+000" type="0"/>
    <Peak1D F1="1.926434" intensity="1.026195e+000" type="0"/>
    <Peak1D F1="1.921153" intensity="1.148348e+000" type="0"/>
    <Peak1D F1="1.911714" intensity="7.118766e+000" type="0"/>
    <Peak1D F1="1.901691" intensity="6.392991e+000" type="0"/>
    <Peak1D F1="1.892124" intensity="1.407714e+001" type="0"/>
    <Peak1D F1="1.882701" intensity="5.862039e+000" type="0"/>
    <Peak1D F1="1.873100" intensity="4.575195e+000" type="0"/>
    <Peak1D F1="1.860522" intensity="5.844404e-001" type="0"/>
    <Peak1D F1="1.850630" intensity="3.334247e-001" type="0"/>
    <Peak1D F1="1.842636" intensity="2.995276e-001" type="0"/>
    <Peak1D F1="1.833357" intensity="1.641240e-001" type="0"/>
    <Peak1D F1="1.823548" intensity="1.260605e-001" type="0"/>
    <Peak1D F1="1.775869" intensity="4.275747e-002" type="0"/>
    <Peak1D F1="1.760783" intensity="5.077506e-002" type="0"/>
    <Peak1D F1="1.745303" intensity="1.969918e-001" type="0"/>
    <Peak1D F1="1.729554" intensity="2.670504e-001" type="0"/>
    <Peak1D F1="1.724584" intensity="2.657036e-001" type="0"/>
    <Peak1D F1="1.717368" intensity="3.132009e-001" type="0"/>
    <Peak1D F1="1.708424" intensity="3.356567e-001" type="0"/>
    <Peak1D F1="1.701569" intensity="5.518192e-001" type="0"/>
    <Peak1D F1="1.697615" intensity="5.064793e-001" type="0"/>
    <Peak1D F1="1.689251" intensity="4.036771e-001" type="0"/>
    <Peak1D F1="1.681186" intensity="1.321632e+000" type="0"/>
    <Peak1D F1="1.676271" intensity="7.272219e-001" type="0"/>
    <Peak1D F1="1.671788" intensity="7.965824e-001" type="0"/>
    <Peak1D F1="1.657081" intensity="1.169466e+000" type="0"/>
    <Peak1D F1="1.636949" intensity="7.684127e-001" type="0"/>
    <Peak1D F1="1.619497" intensity="3.760566e-001" type="0"/>
    <Peak1D F1="1.560211" intensity="8.652619e-001" type="0"/>
    <Peak1D F1="1.535866" intensity="3.828796e-001" type="0"/>
    <Peak1D F1="1.520570" intensity="2.839457e-001" type="0"/>
    <Peak1D F1="1.513252" intensity="3.049089e-001" type="0"/>
    <Peak1D F1="1.501549" intensity="6.367191e-001" type="0"/>
    <Peak1D F1="1.484285" intensity="7.759842e-001" type="0"/>
    <Peak1D F1="1.471351" intensity="5.319694e-001" type="0"/>
    <Peak1D F1="1.454511" intensity="5.395651e-001" type="0"/>
    <Peak1D F1="1.442440" intensity="9.594261e-002" type="0"/>
    <Peak1D F1="1.436544" intensity="1.408653e-001" type="0"/>
    <Peak1D F1="1.424478" intensity="1.666164e-001" type="0"/>
    <Peak1D F1="1.356358" intensity="1.373520e-002" type="0"/>
    <Peak1D F1="1.342629" intensity="1.484143e-002" type="0"/>
    <Peak1D F1="1.324930" intensity="1.714195e-002" type="0"/>
    <Peak1D F1="1.308138" intensity="1.886252e-002" type="0"/>
    <Peak1D F1="1.235374" intensity="8.141133e-002" type="0"/>
    <Peak1D F1="1.183827" intensity="1.702345e-001" type="0"/>
    <Peak1D F1="1.154430" intensity="1.587558e-002" type="0"/>
    <Peak1D F1="1.148807" intensity="1.729921e-002" type="0"/>
    <Peak1D F1="1.136937" intensity="1.650480e-002" type="0"/>
    <Peak1D F1="1.131997" intensity="1.686384e-002" type="0"/>
    <Peak1D F1="1.119489" intensity="9.147105e-003" type="0"/>
    <Peak1D F1="1.095561" intensity="5.449627e-003" type="0"/>
    <Peak1D F1="1.038908" intensity="5.216405e-003" type="0"/>
    <Peak1D F1="1.025674" intensity="5.066483e-003" type="0"/>
    <Peak1D F1="0.983753" intensity="5.217472e-003" type="0"/>
    <Peak1D F1="0.826282" intensity="3.108671e-002" type="0"/>
    <Peak1D F1="0.810582" intensity="5.438891e-002" type="0"/>
    <Peak1D F1="0.792397" intensity="3.153697e-002" type="0"/>
    <Peak1D F1="0.774272" intensity="1.882591e-002" type="0"/>
    <Peak1D F1="0.755357" intensity="2.327381e-002" type="0"/>
    <Peak1D F1="0.735325" intensity="1.461563e-002" type="0"/>
    <Peak1D F1="0.666635" intensity="4.402714e-003" type="0"/>
    <Peak1D F1="0.576015" intensity="4.436462e-003" type="0"/>
    <Peak1D F1="0.563954" intensity="4.936459e-003" type="0"/>
    <Peak1D F1="0.442099" intensity="4.445742e-003" type="0"/>
    <Peak1D F1="0.392112" intensity="4.870258e-003" type="0"/>
    <Peak1D F1="0.369615" intensity="6.711707e-003" type="0"/>
    <Peak1D F1="0.338771" intensity="5.234397e-003" type="0"/>
    <Peak1D F1="0.223063" intensity="6.608482e-003" type="0"/>
    <Peak1D F1="0.182367" intensity="1.198374e-002" type="0"/>
    <Peak1D F1="0.085902" intensity="1.032125e-002" type="0"/>
    <Peak1D F1="0.058661" intensity="5.875324e-003" type="0"/>
    <Peak1D F1="0.044215" intensity="1.318068e-002" type="0"/>
    <Peak1D F1="0.016494" intensity="2.356753e-002" type="0"/>
    <Peak1D F1="-0.000156" intensity="6.031582e-001" type="0"/>
    <Peak1D F1="-0.048283" intensity="9.600763e-003" type="0"/>
    <Peak1D F1="-0.149772" intensity="4.397739e-003" type="0"/>
    <Peak1D F1="-2.999078" intensity="4.388641e-003" type="0"/>
  </PeakList1D>
</PeakList>
