<?xml version="1.0" encoding="UTF-8"?>
<PeakList>
  <PeakList1D>
    <PeakList1DHeader creator="nmr" date="2021-08-06T19:23:48.206+03:00" expNo="20" name="ID_422_N" owner="" procNo="1" source="//132.72.8.180/400b/Milo/Milo">
      <PeakPickDetails>F1=16.138121ppm, F2=-3.890925ppm, MI=0.00cm, MAXI=10000.00cm, PC=1.000
      </PeakPickDetails>
    </PeakList1DHeader>
    <Peak1D F1="11.925631" intensity="1.853301e-003" type="0"/>
    <Peak1D F1="11.244557" intensity="1.534651e-003" type="0"/>
    <Peak1D F1="10.136653" intensity="2.984815e-003" type="0"/>
    <Peak1D F1="10.115700" intensity="2.325178e-003" type="0"/>
    <Peak1D F1="10.091484" intensity="6.998844e-002" type="0"/>
    <Peak1D F1="10.084936" intensity="1.274566e-001" type="0"/>
    <Peak1D F1="10.080093" intensity="6.918062e-002" type="0"/>
    <Peak1D F1="10.041025" intensity="2.304511e-003" type="0"/>
    <Peak1D F1="8.565569" intensity="1.929757e-003" type="0"/>
    <Peak1D F1="8.541627" intensity="1.765310e-003" type="0"/>
    <Peak1D F1="8.514176" intensity="2.167248e-003" type="0"/>
    <Peak1D F1="8.477589" intensity="1.843029e-003" type="0"/>
    <Peak1D F1="8.466522" intensity="1.963543e-003" type="0"/>
    <Peak1D F1="8.449013" intensity="2.602294e-003" type="0"/>
    <Peak1D F1="8.436695" intensity="2.972034e-003" type="0"/>
    <Peak1D F1="8.424170" intensity="3.431308e-003" type="0"/>
    <Peak1D F1="8.333913" intensity="6.331418e-002" type="0"/>
    <Peak1D F1="8.327443" intensity="1.045085e-001" type="0"/>
    <Peak1D F1="8.322215" intensity="8.360794e-002" type="0"/>
    <Peak1D F1="8.312675" intensity="7.827987e-002" type="0"/>
    <Peak1D F1="8.305717" intensity="1.133476e-001" type="0"/>
    <Peak1D F1="8.300388" intensity="6.843770e-002" type="0"/>
    <Peak1D F1="8.232000" intensity="7.408351e-002" type="0"/>
    <Peak1D F1="8.225316" intensity="1.115200e-001" type="0"/>
    <Peak1D F1="8.219902" intensity="1.041575e-001" type="0"/>
    <Peak1D F1="8.215470" intensity="1.158244e-001" type="0"/>
    <Peak1D F1="8.208429" intensity="1.711480e-001" type="0"/>
    <Peak1D F1="8.203224" intensity="1.913106e-001" type="0"/>
    <Peak1D F1="8.197727" intensity="1.417488e-001" type="0"/>
    <Peak1D F1="8.193651" intensity="1.435542e-001" type="0"/>
    <Peak1D F1="8.186414" intensity="1.574695e-001" type="0"/>
    <Peak1D F1="8.180658" intensity="1.266101e-001" type="0"/>
    <Peak1D F1="8.172197" intensity="1.102095e-001" type="0"/>
    <Peak1D F1="8.143273" intensity="8.608367e-001" type="0"/>
    <Peak1D F1="8.135218" intensity="1.475007e+000" type="0"/>
    <Peak1D F1="8.128231" intensity="1.226347e+000" type="0"/>
    <Peak1D F1="8.121736" intensity="1.202489e+000" type="0"/>
    <Peak1D F1="8.118419" intensity="1.157278e+000" type="0"/>
    <Peak1D F1="8.113296" intensity="1.560459e+000" type="0"/>
    <Peak1D F1="8.107354" intensity="9.793043e-001" type="0"/>
    <Peak1D F1="8.085010" intensity="6.006026e-002" type="0"/>
    <Peak1D F1="8.078470" intensity="4.671864e-002" type="0"/>
    <Peak1D F1="8.072176" intensity="3.706210e-002" type="0"/>
    <Peak1D F1="8.063985" intensity="2.915756e-002" type="0"/>
    <Peak1D F1="8.026021" intensity="7.815018e-002" type="0"/>
    <Peak1D F1="8.020890" intensity="1.479000e-001" type="0"/>
    <Peak1D F1="8.015969" intensity="1.025352e-001" type="0"/>
    <Peak1D F1="8.010432" intensity="3.880979e-002" type="0"/>
    <Peak1D F1="8.004031" intensity="8.225619e-002" type="0"/>
    <Peak1D F1="7.998783" intensity="1.273751e-001" type="0"/>
    <Peak1D F1="7.938495" intensity="6.569926e-002" type="0"/>
    <Peak1D F1="7.933880" intensity="7.505629e-002" type="0"/>
    <Peak1D F1="7.928505" intensity="9.798122e-002" type="0"/>
    <Peak1D F1="7.923185" intensity="1.270992e-001" type="0"/>
    <Peak1D F1="7.918016" intensity="1.249529e-001" type="0"/>
    <Peak1D F1="7.913331" intensity="1.279128e-001" type="0"/>
    <Peak1D F1="7.907306" intensity="1.238120e-001" type="0"/>
    <Peak1D F1="7.902052" intensity="1.003082e-001" type="0"/>
    <Peak1D F1="7.891838" intensity="6.279358e-002" type="0"/>
    <Peak1D F1="7.874566" intensity="1.409204e-002" type="0"/>
    <Peak1D F1="7.854265" intensity="9.041830e-003" type="0"/>
    <Peak1D F1="7.833321" intensity="1.037087e-002" type="0"/>
    <Peak1D F1="7.816792" intensity="1.078837e-002" type="0"/>
    <Peak1D F1="7.789101" intensity="2.973593e-002" type="0"/>
    <Peak1D F1="7.767305" intensity="6.579497e-002" type="0"/>
    <Peak1D F1="7.762476" intensity="7.839983e-002" type="0"/>
    <Peak1D F1="7.746182" intensity="1.160662e-001" type="0"/>
    <Peak1D F1="7.726095" intensity="8.248062e-002" type="0"/>
    <Peak1D F1="7.711845" intensity="2.275260e-002" type="0"/>
    <Peak1D F1="7.692231" intensity="2.783885e-002" type="0"/>
    <Peak1D F1="7.676913" intensity="4.396817e-002" type="0"/>
    <Peak1D F1="7.657814" intensity="3.236344e-002" type="0"/>
    <Peak1D F1="7.633786" intensity="1.036916e-001" type="0"/>
    <Peak1D F1="7.612743" intensity="1.153154e-001" type="0"/>
    <Peak1D F1="7.598941" intensity="3.504535e-002" type="0"/>
    <Peak1D F1="7.592592" intensity="3.964588e-002" type="0"/>
    <Peak1D F1="7.570177" intensity="3.744623e-002" type="0"/>
    <Peak1D F1="7.551997" intensity="1.421991e-001" type="0"/>
    <Peak1D F1="7.530311" intensity="1.605577e-001" type="0"/>
    <Peak1D F1="7.507443" intensity="2.671808e-001" type="0"/>
    <Peak1D F1="7.483034" intensity="1.030801e+000" type="0"/>
    <Peak1D F1="7.477040" intensity="1.739763e+000" type="0"/>
    <Peak1D F1="7.472745" intensity="1.433173e+000" type="0"/>
    <Peak1D F1="7.467689" intensity="7.100878e-001" type="0"/>
    <Peak1D F1="7.460831" intensity="1.097017e+000" type="0"/>
    <Peak1D F1="7.455549" intensity="1.605129e+000" type="0"/>
    <Peak1D F1="7.450722" intensity="1.015184e+000" type="0"/>
    <Peak1D F1="7.433571" intensity="5.853363e-002" type="0"/>
    <Peak1D F1="7.428285" intensity="5.757289e-002" type="0"/>
    <Peak1D F1="7.411136" intensity="3.282401e-002" type="0"/>
    <Peak1D F1="7.405401" intensity="3.326340e-002" type="0"/>
    <Peak1D F1="7.378231" intensity="1.240682e-002" type="0"/>
    <Peak1D F1="7.337103" intensity="8.719042e-003" type="0"/>
    <Peak1D F1="7.305888" intensity="2.949330e-002" type="0"/>
    <Peak1D F1="7.300661" intensity="3.113660e-002" type="0"/>
    <Peak1D F1="7.283414" intensity="1.800427e-001" type="0"/>
    <Peak1D F1="7.281650" intensity="1.977575e-001" type="0"/>
    <Peak1D F1="7.269220" intensity="7.241598e-002" type="0"/>
    <Peak1D F1="7.232475" intensity="1.213696e+001" type="0"/>
    <Peak1D F1="7.183185" intensity="1.794892e-001" type="0"/>
    <Peak1D F1="7.168375" intensity="3.055434e-003" type="0"/>
    <Peak1D F1="7.131444" intensity="3.221933e-003" type="0"/>
    <Peak1D F1="7.111599" intensity="3.909057e-003" type="0"/>
    <Peak1D F1="7.105682" intensity="3.823837e-003" type="0"/>
    <Peak1D F1="7.070094" intensity="5.112068e-002" type="0"/>
    <Peak1D F1="7.064333" intensity="4.649809e-002" type="0"/>
    <Peak1D F1="7.048200" intensity="1.202210e-001" type="0"/>
    <Peak1D F1="7.027555" intensity="1.213752e-001" type="0"/>
    <Peak1D F1="7.013494" intensity="6.190039e-002" type="0"/>
    <Peak1D F1="7.005734" intensity="7.411843e-002" type="0"/>
    <Peak1D F1="6.998495" intensity="7.910617e-002" type="0"/>
    <Peak1D F1="6.988363" intensity="8.943099e-002" type="0"/>
    <Peak1D F1="6.980982" intensity="8.686248e-002" type="0"/>
    <Peak1D F1="6.975476" intensity="9.845456e-002" type="0"/>
    <Peak1D F1="6.967430" intensity="1.752575e-001" type="0"/>
    <Peak1D F1="6.959742" intensity="9.442122e-002" type="0"/>
    <Peak1D F1="6.953646" intensity="6.755303e-002" type="0"/>
    <Peak1D F1="6.944587" intensity="6.696169e-002" type="0"/>
    <Peak1D F1="6.847103" intensity="2.211438e-003" type="0"/>
    <Peak1D F1="6.824454" intensity="5.986839e-003" type="0"/>
    <Peak1D F1="6.803196" intensity="1.643080e-003" type="0"/>
    <Peak1D F1="6.199843" intensity="7.284113e-003" type="0"/>
    <Peak1D F1="6.194660" intensity="6.098046e-003" type="0"/>
    <Peak1D F1="6.112279" intensity="5.642632e-003" type="0"/>
    <Peak1D F1="6.090580" intensity="1.115440e-002" type="0"/>
    <Peak1D F1="6.059253" intensity="3.597580e-002" type="0"/>
    <Peak1D F1="6.044662" intensity="4.269814e-002" type="0"/>
    <Peak1D F1="6.009240" intensity="1.164000e+000" type="0"/>
    <Peak1D F1="6.001589" intensity="2.040266e+000" type="0"/>
    <Peak1D F1="5.995165" intensity="1.125958e+000" type="0"/>
    <Peak1D F1="5.959502" intensity="3.073164e-002" type="0"/>
    <Peak1D F1="5.951888" intensity="2.378299e-002" type="0"/>
    <Peak1D F1="5.945023" intensity="3.138952e-002" type="0"/>
    <Peak1D F1="5.929798" intensity="2.106026e-002" type="0"/>
    <Peak1D F1="5.907955" intensity="1.375410e-003" type="0"/>
    <Peak1D F1="5.850415" intensity="2.508022e-003" type="0"/>
    <Peak1D F1="5.802883" intensity="6.731727e-002" type="0"/>
    <Peak1D F1="5.764013" intensity="1.016492e-002" type="0"/>
    <Peak1D F1="5.690948" intensity="3.348004e-003" type="0"/>
    <Peak1D F1="5.636838" intensity="5.078708e-002" type="0"/>
    <Peak1D F1="5.609959" intensity="5.252410e-002" type="0"/>
    <Peak1D F1="5.572104" intensity="5.806128e-003" type="0"/>
    <Peak1D F1="5.544420" intensity="6.915830e-003" type="0"/>
    <Peak1D F1="5.504190" intensity="7.914456e-003" type="0"/>
    <Peak1D F1="5.461890" intensity="9.061558e-002" type="0"/>
    <Peak1D F1="5.455495" intensity="9.646403e-002" type="0"/>
    <Peak1D F1="5.431303" intensity="1.312717e-002" type="0"/>
    <Peak1D F1="5.424828" intensity="1.338190e-002" type="0"/>
    <Peak1D F1="5.381604" intensity="7.493044e-003" type="0"/>
    <Peak1D F1="5.373871" intensity="6.096079e-003" type="0"/>
    <Peak1D F1="5.336612" intensity="1.478114e-001" type="0"/>
    <Peak1D F1="5.330595" intensity="1.451201e-001" type="0"/>
    <Peak1D F1="5.285672" intensity="5.690304e-003" type="0"/>
    <Peak1D F1="5.147430" intensity="1.784200e-003" type="0"/>
    <Peak1D F1="5.029318" intensity="2.548362e-003" type="0"/>
    <Peak1D F1="5.018680" intensity="3.433918e-003" type="0"/>
    <Peak1D F1="4.997270" intensity="9.767312e-003" type="0"/>
    <Peak1D F1="4.976558" intensity="1.061635e-002" type="0"/>
    <Peak1D F1="4.926709" intensity="1.577348e-002" type="0"/>
    <Peak1D F1="4.904432" intensity="2.285580e-002" type="0"/>
    <Peak1D F1="4.889986" intensity="3.078217e-002" type="0"/>
    <Peak1D F1="4.869318" intensity="6.449476e-002" type="0"/>
    <Peak1D F1="4.847320" intensity="5.177711e-002" type="0"/>
    <Peak1D F1="4.818913" intensity="1.097854e+000" type="0"/>
    <Peak1D F1="4.796946" intensity="1.121724e+000" type="0"/>
    <Peak1D F1="4.769548" intensity="5.587703e-002" type="0"/>
    <Peak1D F1="4.746765" intensity="5.993353e-002" type="0"/>
    <Peak1D F1="4.690074" intensity="4.958201e-002" type="0"/>
    <Peak1D F1="4.635736" intensity="4.449799e-002" type="0"/>
    <Peak1D F1="4.614319" intensity="3.793854e-002" type="0"/>
    <Peak1D F1="4.368252" intensity="6.263875e-003" type="0"/>
    <Peak1D F1="4.344110" intensity="5.642457e-003" type="0"/>
    <Peak1D F1="4.340449" intensity="5.602426e-003" type="0"/>
    <Peak1D F1="4.324524" intensity="5.076319e-003" type="0"/>
    <Peak1D F1="4.318343" intensity="4.590974e-003" type="0"/>
    <Peak1D F1="4.295718" intensity="4.906597e-003" type="0"/>
    <Peak1D F1="4.257276" intensity="4.247324e-003" type="0"/>
    <Peak1D F1="4.243352" intensity="3.643606e-003" type="0"/>
    <Peak1D F1="4.222456" intensity="3.318519e-003" type="0"/>
    <Peak1D F1="4.199069" intensity="3.331271e-003" type="0"/>
    <Peak1D F1="4.194052" intensity="3.265131e-003" type="0"/>
    <Peak1D F1="4.183280" intensity="3.369302e-003" type="0"/>
    <Peak1D F1="4.154492" intensity="2.911101e-003" type="0"/>
    <Peak1D F1="4.129926" intensity="2.961053e-003" type="0"/>
    <Peak1D F1="4.122516" intensity="2.957388e-003" type="0"/>
    <Peak1D F1="4.108576" intensity="2.714816e-003" type="0"/>
    <Peak1D F1="4.079965" intensity="3.060929e-003" type="0"/>
    <Peak1D F1="4.047318" intensity="2.689031e-003" type="0"/>
    <Peak1D F1="4.033602" intensity="3.107957e-003" type="0"/>
    <Peak1D F1="3.981264" intensity="2.799587e-003" type="0"/>
    <Peak1D F1="3.885971" intensity="6.595063e-003" type="0"/>
    <Peak1D F1="3.879379" intensity="1.045887e-002" type="0"/>
    <Peak1D F1="3.871515" intensity="2.127024e-002" type="0"/>
    <Peak1D F1="3.864067" intensity="3.540252e-002" type="0"/>
    <Peak1D F1="3.858001" intensity="2.111768e-002" type="0"/>
    <Peak1D F1="3.841012" intensity="6.479120e-003" type="0"/>
    <Peak1D F1="3.836303" intensity="8.098420e-003" type="0"/>
    <Peak1D F1="3.804162" intensity="1.496245e-002" type="0"/>
    <Peak1D F1="3.797567" intensity="1.971800e-002" type="0"/>
    <Peak1D F1="3.790933" intensity="1.413841e-002" type="0"/>
    <Peak1D F1="3.744122" intensity="1.187766e-001" type="0"/>
    <Peak1D F1="3.735997" intensity="9.527018e-002" type="0"/>
    <Peak1D F1="3.729959" intensity="9.377892e-002" type="0"/>
    <Peak1D F1="3.694125" intensity="3.516628e+000" type="0"/>
    <Peak1D F1="3.686704" intensity="6.313211e+000" type="0"/>
    <Peak1D F1="3.680459" intensity="3.478754e+000" type="0"/>
    <Peak1D F1="3.644336" intensity="1.044931e-001" type="0"/>
    <Peak1D F1="3.637045" intensity="8.313344e-002" type="0"/>
    <Peak1D F1="3.630498" intensity="7.300917e-002" type="0"/>
    <Peak1D F1="3.607674" intensity="9.096840e-003" type="0"/>
    <Peak1D F1="3.593019" intensity="8.610428e-003" type="0"/>
    <Peak1D F1="3.549836" intensity="5.175828e-003" type="0"/>
    <Peak1D F1="3.511792" intensity="2.192112e-002" type="0"/>
    <Peak1D F1="3.504416" intensity="3.687849e-002" type="0"/>
    <Peak1D F1="3.498239" intensity="2.203386e-002" type="0"/>
    <Peak1D F1="3.485216" intensity="1.252043e-002" type="0"/>
    <Peak1D F1="3.478517" intensity="1.857044e-002" type="0"/>
    <Peak1D F1="3.443035" intensity="1.055777e-002" type="0"/>
    <Peak1D F1="3.424539" intensity="9.596611e-003" type="0"/>
    <Peak1D F1="3.392984" intensity="1.758018e-001" type="0"/>
    <Peak1D F1="3.383729" intensity="2.512429e-001" type="0"/>
    <Peak1D F1="3.375589" intensity="1.701996e-001" type="0"/>
    <Peak1D F1="3.342979" intensity="1.058303e-002" type="0"/>
    <Peak1D F1="3.333419" intensity="9.175663e-003" type="0"/>
    <Peak1D F1="3.299616" intensity="4.992949e-003" type="0"/>
    <Peak1D F1="3.277194" intensity="8.803216e-003" type="0"/>
    <Peak1D F1="3.270736" intensity="1.282705e-002" type="0"/>
    <Peak1D F1="3.250649" intensity="4.716636e-003" type="0"/>
    <Peak1D F1="3.228171" intensity="4.859417e-003" type="0"/>
    <Peak1D F1="3.206493" intensity="5.535622e-003" type="0"/>
    <Peak1D F1="3.167793" intensity="3.398535e-003" type="0"/>
    <Peak1D F1="3.129970" intensity="4.794747e-003" type="0"/>
    <Peak1D F1="3.119645" intensity="3.097736e-003" type="0"/>
    <Peak1D F1="3.085654" intensity="2.662205e-003" type="0"/>
    <Peak1D F1="3.058613" intensity="2.267489e-003" type="0"/>
    <Peak1D F1="3.014692" intensity="2.556609e-003" type="0"/>
    <Peak1D F1="2.996355" intensity="3.000067e-003" type="0"/>
    <Peak1D F1="2.973357" intensity="3.528303e-003" type="0"/>
    <Peak1D F1="2.937704" intensity="8.487025e-003" type="0"/>
    <Peak1D F1="2.919485" intensity="5.870197e-003" type="0"/>
    <Peak1D F1="2.898558" intensity="3.011332e-003" type="0"/>
    <Peak1D F1="2.869859" intensity="3.501456e-003" type="0"/>
    <Peak1D F1="2.844960" intensity="4.301320e-003" type="0"/>
    <Peak1D F1="2.818318" intensity="6.772202e-003" type="0"/>
    <Peak1D F1="2.787744" intensity="2.419797e-002" type="0"/>
    <Peak1D F1="2.766556" intensity="3.782060e-002" type="0"/>
    <Peak1D F1="2.704426" intensity="9.399414e-003" type="0"/>
    <Peak1D F1="2.680091" intensity="7.591413e-003" type="0"/>
    <Peak1D F1="2.653114" intensity="7.867421e-003" type="0"/>
    <Peak1D F1="2.631884" intensity="1.041804e-002" type="0"/>
    <Peak1D F1="2.618555" intensity="1.055247e-002" type="0"/>
    <Peak1D F1="2.589014" intensity="1.322562e-002" type="0"/>
    <Peak1D F1="2.542913" intensity="5.215124e-002" type="0"/>
    <Peak1D F1="2.495418" intensity="2.311561e-002" type="0"/>
    <Peak1D F1="2.475103" intensity="2.032110e-002" type="0"/>
    <Peak1D F1="2.455992" intensity="2.330906e-002" type="0"/>
    <Peak1D F1="2.401934" intensity="2.253370e-001" type="0"/>
    <Peak1D F1="2.395390" intensity="2.534392e-001" type="0"/>
    <Peak1D F1="2.385610" intensity="2.726625e-001" type="0"/>
    <Peak1D F1="2.376544" intensity="4.054698e-001" type="0"/>
    <Peak1D F1="2.374792" intensity="4.049894e-001" type="0"/>
    <Peak1D F1="2.368198" intensity="3.133528e-001" type="0"/>
    <Peak1D F1="2.354197" intensity="7.419633e-001" type="0"/>
    <Peak1D F1="2.346521" intensity="6.546522e-001" type="0"/>
    <Peak1D F1="2.333238" intensity="5.932266e-001" type="0"/>
    <Peak1D F1="2.325351" intensity="6.048802e-001" type="0"/>
    <Peak1D F1="2.304355" intensity="2.851077e-001" type="0"/>
    <Peak1D F1="2.284774" intensity="8.827681e-002" type="0"/>
    <Peak1D F1="2.276520" intensity="1.034480e-001" type="0"/>
    <Peak1D F1="2.257262" intensity="1.207720e-001" type="0"/>
    <Peak1D F1="2.250382" intensity="1.228267e-001" type="0"/>
    <Peak1D F1="2.243192" intensity="1.290507e-001" type="0"/>
    <Peak1D F1="2.237416" intensity="1.250393e-001" type="0"/>
    <Peak1D F1="2.227149" intensity="1.821967e-001" type="0"/>
    <Peak1D F1="2.217726" intensity="2.188177e-001" type="0"/>
    <Peak1D F1="2.209161" intensity="2.116117e-001" type="0"/>
    <Peak1D F1="2.204464" intensity="2.405609e-001" type="0"/>
    <Peak1D F1="2.199624" intensity="2.831433e-001" type="0"/>
    <Peak1D F1="2.194923" intensity="3.267801e-001" type="0"/>
    <Peak1D F1="2.190899" intensity="3.390155e-001" type="0"/>
    <Peak1D F1="2.178454" intensity="3.205878e-001" type="0"/>
    <Peak1D F1="2.168998" intensity="4.079660e-001" type="0"/>
    <Peak1D F1="2.160342" intensity="3.968843e-001" type="0"/>
    <Peak1D F1="2.138282" intensity="6.489949e-001" type="0"/>
    <Peak1D F1="2.101393" intensity="5.939567e+000" type="0"/>
    <Peak1D F1="2.088846" intensity="1.085898e+001" type="0"/>
    <Peak1D F1="2.088080" intensity="1.087182e+001" type="0"/>
    <Peak1D F1="2.082177" intensity="1.447876e+001" type="0"/>
    <Peak1D F1="2.071211" intensity="8.498905e+000" type="0"/>
    <Peak1D F1="2.063812" intensity="7.464096e+000" type="0"/>
    <Peak1D F1="2.040558" intensity="7.531685e-001" type="0"/>
    <Peak1D F1="1.939219" intensity="8.679165e-001" type="0"/>
    <Peak1D F1="1.924888" intensity="1.479213e+000" type="0"/>
    <Peak1D F1="1.918067" intensity="1.848852e+000" type="0"/>
    <Peak1D F1="1.902299" intensity="8.185551e+000" type="0"/>
    <Peak1D F1="1.896907" intensity="8.761924e+000" type="0"/>
    <Peak1D F1="1.890271" intensity="1.259525e+001" type="0"/>
    <Peak1D F1="1.883398" intensity="1.500000e+001" type="0"/>
    <Peak1D F1="1.878873" intensity="1.112200e+001" type="0"/>
    <Peak1D F1="1.872021" intensity="7.685870e+000" type="0"/>
    <Peak1D F1="1.866396" intensity="5.347833e+000" type="0"/>
    <Peak1D F1="1.840781" intensity="6.657813e-001" type="0"/>
    <Peak1D F1="1.751366" intensity="1.009401e-001" type="0"/>
    <Peak1D F1="1.738586" intensity="1.502084e-001" type="0"/>
    <Peak1D F1="1.732686" intensity="1.641010e-001" type="0"/>
    <Peak1D F1="1.722394" intensity="2.297228e-001" type="0"/>
    <Peak1D F1="1.716975" intensity="3.103291e-001" type="0"/>
    <Peak1D F1="1.711896" intensity="3.092720e-001" type="0"/>
    <Peak1D F1="1.701326" intensity="5.468280e-001" type="0"/>
    <Peak1D F1="1.697204" intensity="5.880000e-001" type="0"/>
    <Peak1D F1="1.677385" intensity="9.115034e-001" type="0"/>
    <Peak1D F1="1.657839" intensity="6.512109e-001" type="0"/>
    <Peak1D F1="1.653532" intensity="6.232922e-001" type="0"/>
    <Peak1D F1="1.642443" intensity="4.239992e-001" type="0"/>
    <Peak1D F1="1.638281" intensity="3.696996e-001" type="0"/>
    <Peak1D F1="1.632757" intensity="2.968307e-001" type="0"/>
    <Peak1D F1="1.626301" intensity="2.517824e-001" type="0"/>
    <Peak1D F1="1.610972" intensity="1.896730e-001" type="0"/>
    <Peak1D F1="1.572350" intensity="7.366631e-002" type="0"/>
    <Peak1D F1="1.541289" intensity="1.475939e-001" type="0"/>
    <Peak1D F1="1.526655" intensity="2.231529e-001" type="0"/>
    <Peak1D F1="1.512307" intensity="3.231155e-001" type="0"/>
    <Peak1D F1="1.508127" intensity="3.662823e-001" type="0"/>
    <Peak1D F1="1.489995" intensity="3.530528e-001" type="0"/>
    <Peak1D F1="1.477669" intensity="3.018212e-001" type="0"/>
    <Peak1D F1="1.460700" intensity="2.598894e-001" type="0"/>
    <Peak1D F1="1.443198" intensity="8.899590e-002" type="0"/>
    <Peak1D F1="1.436486" intensity="7.366076e-002" type="0"/>
    <Peak1D F1="1.431139" intensity="6.979282e-002" type="0"/>
    <Peak1D F1="1.427232" intensity="6.570838e-002" type="0"/>
    <Peak1D F1="1.407055" intensity="3.353794e-002" type="0"/>
    <Peak1D F1="1.381292" intensity="3.607371e-002" type="0"/>
    <Peak1D F1="1.356710" intensity="3.155540e-002" type="0"/>
    <Peak1D F1="1.225840" intensity="2.701267e-002" type="0"/>
    <Peak1D F1="1.180162" intensity="7.148582e-002" type="0"/>
    <Peak1D F1="1.131980" intensity="1.360149e-002" type="0"/>
    <Peak1D F1="1.091703" intensity="8.222891e-003" type="0"/>
    <Peak1D F1="0.977565" intensity="5.895510e-003" type="0"/>
    <Peak1D F1="0.965137" intensity="5.559557e-003" type="0"/>
    <Peak1D F1="0.911008" intensity="4.374877e-003" type="0"/>
    <Peak1D F1="0.884207" intensity="4.216483e-003" type="0"/>
    <Peak1D F1="0.863755" intensity="5.027768e-003" type="0"/>
    <Peak1D F1="0.799333" intensity="1.827976e-002" type="0"/>
    <Peak1D F1="0.778439" intensity="1.631279e-002" type="0"/>
    <Peak1D F1="0.689535" intensity="3.211687e-003" type="0"/>
    <Peak1D F1="0.682258" intensity="2.982193e-003" type="0"/>
    <Peak1D F1="0.671541" intensity="3.371815e-003" type="0"/>
    <Peak1D F1="0.638568" intensity="2.673629e-003" type="0"/>
    <Peak1D F1="0.607672" intensity="1.860105e-003" type="0"/>
    <Peak1D F1="0.559726" intensity="1.692641e-003" type="0"/>
    <Peak1D F1="0.475244" intensity="1.407569e-003" type="0"/>
    <Peak1D F1="0.365077" intensity="1.562476e-003" type="0"/>
    <Peak1D F1="0.330147" intensity="1.391303e-003" type="0"/>
    <Peak1D F1="0.263487" intensity="1.423520e-003" type="0"/>
    <Peak1D F1="0.155686" intensity="1.390765e-003" type="0"/>
    <Peak1D F1="0.048033" intensity="2.228246e-003" type="0"/>
    <Peak1D F1="0.005575" intensity="5.514174e-002" type="0"/>
    <Peak1D F1="-0.000147" intensity="1.119105e-001" type="0"/>
    <Peak1D F1="-0.048757" intensity="1.978301e-003" type="0"/>
    <Peak1D F1="-2.797637" intensity="1.321885e-003" type="0"/>
    <Peak1D F1="-2.850481" intensity="1.325807e-003" type="0"/>
    <Peak1D F1="-3.149583" intensity="1.442061e-003" type="0"/>
  </PeakList1D>
</PeakList>
