<?xml version="1.0" encoding="UTF-8"?>
<PeakList>
  <PeakList1D>
    <PeakList1DHeader creator="nmr" date="2021-08-02T18:56:07.134+03:00" expNo="20" name="ID-421-I" owner="" procNo="1" source="//132.72.8.180/400b/Milo/Milo">
      <PeakPickDetails>F1=16.100960ppm, F2=-3.928085ppm, MI=0.00cm, MAXI=10000.00cm, PC=1.000
      </PeakPickDetails>
    </PeakList1DHeader>
    <Peak1D F1="11.631434" intensity="3.808212e-003" type="0"/>
    <Peak1D F1="10.093491" intensity="9.895033e-002" type="0"/>
    <Peak1D F1="8.433026" intensity="3.967328e-003" type="0"/>
    <Peak1D F1="8.382654" intensity="1.204388e-001" type="0"/>
    <Peak1D F1="8.370567" intensity="8.941339e-002" type="0"/>
    <Peak1D F1="8.351685" intensity="8.407384e-002" type="0"/>
    <Peak1D F1="8.341605" intensity="8.100792e-002" type="0"/>
    <Peak1D F1="8.319697" intensity="8.038400e-002" type="0"/>
    <Peak1D F1="8.290703" intensity="4.938589e-003" type="0"/>
    <Peak1D F1="8.269815" intensity="1.291735e-002" type="0"/>
    <Peak1D F1="8.259313" intensity="2.455736e-002" type="0"/>
    <Peak1D F1="8.239112" intensity="3.765503e-002" type="0"/>
    <Peak1D F1="8.218655" intensity="4.973943e-002" type="0"/>
    <Peak1D F1="8.207913" intensity="1.034775e-001" type="0"/>
    <Peak1D F1="8.185919" intensity="1.132958e-001" type="0"/>
    <Peak1D F1="8.177044" intensity="7.306394e-002" type="0"/>
    <Peak1D F1="8.163305" intensity="4.423354e-001" type="0"/>
    <Peak1D F1="8.157688" intensity="3.161321e+000" type="0"/>
    <Peak1D F1="8.152895" intensity="1.256919e+000" type="0"/>
    <Peak1D F1="8.140354" intensity="1.121361e+000" type="0"/>
    <Peak1D F1="8.135791" intensity="3.358899e+000" type="0"/>
    <Peak1D F1="8.130049" intensity="7.296835e-001" type="0"/>
    <Peak1D F1="8.107473" intensity="7.298317e-002" type="0"/>
    <Peak1D F1="8.085769" intensity="6.657355e-002" type="0"/>
    <Peak1D F1="8.067164" intensity="1.779367e-002" type="0"/>
    <Peak1D F1="8.053870" intensity="1.613323e-002" type="0"/>
    <Peak1D F1="8.038151" intensity="1.297529e-002" type="0"/>
    <Peak1D F1="8.020314" intensity="9.653594e-002" type="0"/>
    <Peak1D F1="7.998492" intensity="7.939397e-002" type="0"/>
    <Peak1D F1="7.975686" intensity="1.255453e-001" type="0"/>
    <Peak1D F1="7.955095" intensity="5.541152e-002" type="0"/>
    <Peak1D F1="7.919109" intensity="4.424307e-002" type="0"/>
    <Peak1D F1="7.904474" intensity="9.197922e-002" type="0"/>
    <Peak1D F1="7.886380" intensity="8.484789e-002" type="0"/>
    <Peak1D F1="7.861235" intensity="8.011114e-003" type="0"/>
    <Peak1D F1="7.828686" intensity="6.261281e-002" type="0"/>
    <Peak1D F1="7.808977" intensity="7.666752e-002" type="0"/>
    <Peak1D F1="7.780782" intensity="1.006528e-002" type="0"/>
    <Peak1D F1="7.758304" intensity="9.570365e-003" type="0"/>
    <Peak1D F1="7.731723" intensity="6.802766e-003" type="0"/>
    <Peak1D F1="7.680403" intensity="1.996773e-002" type="0"/>
    <Peak1D F1="7.650090" intensity="9.475765e-002" type="0"/>
    <Peak1D F1="7.634201" intensity="1.370467e-001" type="0"/>
    <Peak1D F1="7.615396" intensity="1.077243e-001" type="0"/>
    <Peak1D F1="7.596642" intensity="6.640897e-002" type="0"/>
    <Peak1D F1="7.586267" intensity="3.110060e-002" type="0"/>
    <Peak1D F1="7.575547" intensity="2.320847e-002" type="0"/>
    <Peak1D F1="7.564918" intensity="2.140453e-002" type="0"/>
    <Peak1D F1="7.549660" intensity="4.034278e-002" type="0"/>
    <Peak1D F1="7.529334" intensity="9.331735e-002" type="0"/>
    <Peak1D F1="7.523367" intensity="1.290378e-001" type="0"/>
    <Peak1D F1="7.507116" intensity="9.498094e-002" type="0"/>
    <Peak1D F1="7.501354" intensity="1.375224e-001" type="0"/>
    <Peak1D F1="7.480183" intensity="3.053112e+000" type="0"/>
    <Peak1D F1="7.458415" intensity="2.978180e+000" type="0"/>
    <Peak1D F1="7.444970" intensity="2.433607e-001" type="0"/>
    <Peak1D F1="7.441213" intensity="2.635769e-001" type="0"/>
    <Peak1D F1="7.429485" intensity="9.488165e-002" type="0"/>
    <Peak1D F1="7.408541" intensity="5.986061e-002" type="0"/>
    <Peak1D F1="7.354890" intensity="5.312177e-003" type="0"/>
    <Peak1D F1="7.323732" intensity="1.759419e-002" type="0"/>
    <Peak1D F1="7.300732" intensity="1.148409e-002" type="0"/>
    <Peak1D F1="7.272289" intensity="1.603248e-002" type="0"/>
    <Peak1D F1="7.245830" intensity="1.082101e-001" type="0"/>
    <Peak1D F1="7.196034" intensity="6.210069e+000" type="0"/>
    <Peak1D F1="7.145980" intensity="1.023154e-001" type="0"/>
    <Peak1D F1="7.100362" intensity="4.997544e-003" type="0"/>
    <Peak1D F1="7.096055" intensity="4.934469e-003" type="0"/>
    <Peak1D F1="7.082276" intensity="4.283476e-003" type="0"/>
    <Peak1D F1="7.015857" intensity="6.077911e-003" type="0"/>
    <Peak1D F1="6.954514" intensity="4.241524e-003" type="0"/>
    <Peak1D F1="6.931895" intensity="3.330738e-002" type="0"/>
    <Peak1D F1="6.313596" intensity="1.098781e-002" type="0"/>
    <Peak1D F1="6.215913" intensity="1.125840e-002" type="0"/>
    <Peak1D F1="6.117551" intensity="1.040087e-001" type="0"/>
    <Peak1D F1="6.097465" intensity="6.183419e-003" type="0"/>
    <Peak1D F1="6.085529" intensity="5.863885e-003" type="0"/>
    <Peak1D F1="6.067346" intensity="7.094939e-002" type="0"/>
    <Peak1D F1="6.017455" intensity="4.119836e+000" type="0"/>
    <Peak1D F1="5.982117" intensity="9.747587e-003" type="0"/>
    <Peak1D F1="5.967457" intensity="6.663540e-002" type="0"/>
    <Peak1D F1="5.907728" intensity="4.232626e-002" type="0"/>
    <Peak1D F1="5.894854" intensity="4.113442e-002" type="0"/>
    <Peak1D F1="5.859838" intensity="6.016964e-003" type="0"/>
    <Peak1D F1="5.815554" intensity="1.024228e-002" type="0"/>
    <Peak1D F1="5.810166" intensity="8.800898e-003" type="0"/>
    <Peak1D F1="5.661779" intensity="4.186940e-003" type="0"/>
    <Peak1D F1="5.592791" intensity="5.750030e-003" type="0"/>
    <Peak1D F1="5.483630" intensity="4.199452e-003" type="0"/>
    <Peak1D F1="5.476809" intensity="4.115480e-003" type="0"/>
    <Peak1D F1="5.407292" intensity="2.075092e-002" type="0"/>
    <Peak1D F1="5.355553" intensity="9.756334e-002" type="0"/>
    <Peak1D F1="5.348015" intensity="9.925307e-002" type="0"/>
    <Peak1D F1="5.326769" intensity="6.369072e-003" type="0"/>
    <Peak1D F1="5.271797" intensity="7.203664e-003" type="0"/>
    <Peak1D F1="5.215620" intensity="8.440595e-003" type="0"/>
    <Peak1D F1="5.206718" intensity="6.389366e-003" type="0"/>
    <Peak1D F1="5.170632" intensity="9.213197e-003" type="0"/>
    <Peak1D F1="5.152140" intensity="8.665130e-003" type="0"/>
    <Peak1D F1="5.119747" intensity="7.172487e-003" type="0"/>
    <Peak1D F1="5.087657" intensity="6.273168e-003" type="0"/>
    <Peak1D F1="5.075279" intensity="7.076464e-003" type="0"/>
    <Peak1D F1="5.006560" intensity="1.017212e-002" type="0"/>
    <Peak1D F1="4.987591" intensity="1.142518e-002" type="0"/>
    <Peak1D F1="4.970779" intensity="1.386916e-002" type="0"/>
    <Peak1D F1="4.947842" intensity="1.696830e-002" type="0"/>
    <Peak1D F1="4.929678" intensity="1.205914e-002" type="0"/>
    <Peak1D F1="4.900174" intensity="1.190287e-002" type="0"/>
    <Peak1D F1="4.891262" intensity="1.386466e-002" type="0"/>
    <Peak1D F1="4.869910" intensity="1.999645e-002" type="0"/>
    <Peak1D F1="4.841496" intensity="4.678369e-002" type="0"/>
    <Peak1D F1="4.818581" intensity="5.030617e-002" type="0"/>
    <Peak1D F1="4.791532" intensity="1.631187e+000" type="0"/>
    <Peak1D F1="4.768738" intensity="1.668575e+000" type="0"/>
    <Peak1D F1="4.741469" intensity="8.262299e-002" type="0"/>
    <Peak1D F1="4.718679" intensity="1.020648e-001" type="0"/>
    <Peak1D F1="4.673368" intensity="1.232975e-001" type="0"/>
    <Peak1D F1="4.608136" intensity="5.928468e-002" type="0"/>
    <Peak1D F1="4.586033" intensity="4.259818e-002" type="0"/>
    <Peak1D F1="4.504957" intensity="1.447465e-002" type="0"/>
    <Peak1D F1="4.450404" intensity="9.619891e-003" type="0"/>
    <Peak1D F1="4.425632" intensity="7.263653e-003" type="0"/>
    <Peak1D F1="4.385225" intensity="6.025882e-003" type="0"/>
    <Peak1D F1="4.319691" intensity="4.572056e-003" type="0"/>
    <Peak1D F1="4.277866" intensity="4.210917e-003" type="0"/>
    <Peak1D F1="3.949288" intensity="5.073442e-003" type="0"/>
    <Peak1D F1="3.877617" intensity="6.490402e-002" type="0"/>
    <Peak1D F1="3.843895" intensity="8.930960e-002" type="0"/>
    <Peak1D F1="3.822228" intensity="5.571559e-002" type="0"/>
    <Peak1D F1="3.810753" intensity="3.328515e-001" type="0"/>
    <Peak1D F1="3.749954" intensity="2.162918e-001" type="0"/>
    <Peak1D F1="3.745014" intensity="1.971235e-001" type="0"/>
    <Peak1D F1="3.700158" intensity="1.253819e+001" type="0"/>
    <Peak1D F1="3.663565" intensity="1.841892e-002" type="0"/>
    <Peak1D F1="3.650159" intensity="2.071898e-001" type="0"/>
    <Peak1D F1="3.600364" intensity="8.627109e-003" type="0"/>
    <Peak1D F1="3.517892" intensity="6.546358e-002" type="0"/>
    <Peak1D F1="3.487744" intensity="4.186753e-003" type="0"/>
    <Peak1D F1="3.097170" intensity="4.080047e-003" type="0"/>
    <Peak1D F1="2.961249" intensity="9.140251e-003" type="0"/>
    <Peak1D F1="2.954315" intensity="1.162401e-002" type="0"/>
    <Peak1D F1="2.943125" intensity="1.618299e-002" type="0"/>
    <Peak1D F1="2.935691" intensity="1.680562e-002" type="0"/>
    <Peak1D F1="2.917449" intensity="8.532097e-003" type="0"/>
    <Peak1D F1="2.820432" intensity="4.015933e-003" type="0"/>
    <Peak1D F1="2.795343" intensity="1.154804e-002" type="0"/>
    <Peak1D F1="2.784038" intensity="1.088098e-002" type="0"/>
    <Peak1D F1="2.768841" intensity="1.378659e-002" type="0"/>
    <Peak1D F1="2.747497" intensity="1.172963e-002" type="0"/>
    <Peak1D F1="2.733713" intensity="1.127106e-002" type="0"/>
    <Peak1D F1="2.723168" intensity="4.620410e-003" type="0"/>
    <Peak1D F1="2.628427" intensity="3.949225e-003" type="0"/>
    <Peak1D F1="2.589411" intensity="4.727176e-003" type="0"/>
    <Peak1D F1="2.529172" intensity="7.007620e-003" type="0"/>
    <Peak1D F1="2.521553" intensity="7.582289e-003" type="0"/>
    <Peak1D F1="2.504639" intensity="8.597800e-003" type="0"/>
    <Peak1D F1="2.487441" intensity="1.916687e-002" type="0"/>
    <Peak1D F1="2.465189" intensity="2.330857e-002" type="0"/>
    <Peak1D F1="2.436659" intensity="2.676258e-001" type="0"/>
    <Peak1D F1="2.431903" intensity="3.016493e-001" type="0"/>
    <Peak1D F1="2.423343" intensity="1.539331e-001" type="0"/>
    <Peak1D F1="2.415926" intensity="3.028027e-001" type="0"/>
    <Peak1D F1="2.410936" intensity="3.242589e-001" type="0"/>
    <Peak1D F1="2.387294" intensity="4.558968e-001" type="0"/>
    <Peak1D F1="2.383476" intensity="4.198502e-001" type="0"/>
    <Peak1D F1="2.366593" intensity="4.211995e-001" type="0"/>
    <Peak1D F1="2.362808" intensity="5.350359e-001" type="0"/>
    <Peak1D F1="2.351757" intensity="3.289411e-001" type="0"/>
    <Peak1D F1="2.328916" intensity="5.600706e-001" type="0"/>
    <Peak1D F1="2.321523" intensity="3.309230e-001" type="0"/>
    <Peak1D F1="2.318340" intensity="2.898830e-001" type="0"/>
    <Peak1D F1="2.309037" intensity="4.302977e-001" type="0"/>
    <Peak1D F1="2.298777" intensity="5.169645e-001" type="0"/>
    <Peak1D F1="2.278573" intensity="3.325077e-001" type="0"/>
    <Peak1D F1="2.265992" intensity="7.968456e-002" type="0"/>
    <Peak1D F1="2.251250" intensity="5.606489e-001" type="0"/>
    <Peak1D F1="2.235993" intensity="1.251441e-001" type="0"/>
    <Peak1D F1="2.229135" intensity="6.393400e-001" type="0"/>
    <Peak1D F1="2.225069" intensity="6.526953e-001" type="0"/>
    <Peak1D F1="2.202407" intensity="8.170917e-001" type="0"/>
    <Peak1D F1="2.194803" intensity="1.527494e-001" type="0"/>
    <Peak1D F1="2.180910" intensity="4.400195e-001" type="0"/>
    <Peak1D F1="2.176211" intensity="4.348609e-001" type="0"/>
    <Peak1D F1="2.153810" intensity="5.491185e-001" type="0"/>
    <Peak1D F1="2.146455" intensity="4.027592e-001" type="0"/>
    <Peak1D F1="2.116321" intensity="4.543501e+000" type="0"/>
    <Peak1D F1="2.096740" intensity="1.439039e+001" type="0"/>
    <Peak1D F1="2.085171" intensity="3.820550e+000" type="0"/>
    <Peak1D F1="2.078045" intensity="7.233183e+000" type="0"/>
    <Peak1D F1="2.062273" intensity="4.227476e-001" type="0"/>
    <Peak1D F1="2.056509" intensity="3.674930e-001" type="0"/>
    <Peak1D F1="2.052837" intensity="3.720849e-001" type="0"/>
    <Peak1D F1="2.047097" intensity="4.146132e-001" type="0"/>
    <Peak1D F1="2.028193" intensity="1.934398e-001" type="0"/>
    <Peak1D F1="2.021088" intensity="1.126019e-001" type="0"/>
    <Peak1D F1="1.985950" intensity="2.956614e-001" type="0"/>
    <Peak1D F1="1.981466" intensity="2.398747e-001" type="0"/>
    <Peak1D F1="1.969413" intensity="3.225727e-001" type="0"/>
    <Peak1D F1="1.964051" intensity="4.362016e-001" type="0"/>
    <Peak1D F1="1.958678" intensity="5.820225e-001" type="0"/>
    <Peak1D F1="1.953960" intensity="5.424622e-001" type="0"/>
    <Peak1D F1="1.949185" intensity="5.767238e-001" type="0"/>
    <Peak1D F1="1.941549" intensity="8.555715e-001" type="0"/>
    <Peak1D F1="1.932567" intensity="9.713939e-001" type="0"/>
    <Peak1D F1="1.925820" intensity="9.836797e-001" type="0"/>
    <Peak1D F1="1.920506" intensity="9.666795e-001" type="0"/>
    <Peak1D F1="1.910820" intensity="7.222933e+000" type="0"/>
    <Peak1D F1="1.899795" intensity="6.019521e+000" type="0"/>
    <Peak1D F1="1.891165" intensity="1.500000e+001" type="0"/>
    <Peak1D F1="1.882322" intensity="5.346820e+000" type="0"/>
    <Peak1D F1="1.880480" intensity="5.403704e+000" type="0"/>
    <Peak1D F1="1.871857" intensity="4.679889e+000" type="0"/>
    <Peak1D F1="1.859882" intensity="5.954912e-001" type="0"/>
    <Peak1D F1="1.849690" intensity="3.636843e-001" type="0"/>
    <Peak1D F1="1.841356" intensity="3.527617e-001" type="0"/>
    <Peak1D F1="1.832867" intensity="1.674104e-001" type="0"/>
    <Peak1D F1="1.822198" intensity="1.400782e-001" type="0"/>
    <Peak1D F1="1.808913" intensity="7.105852e-002" type="0"/>
    <Peak1D F1="1.796294" intensity="6.389047e-002" type="0"/>
    <Peak1D F1="1.779043" intensity="5.401884e-002" type="0"/>
    <Peak1D F1="1.759779" intensity="6.284240e-002" type="0"/>
    <Peak1D F1="1.745047" intensity="1.812083e-001" type="0"/>
    <Peak1D F1="1.729374" intensity="2.443030e-001" type="0"/>
    <Peak1D F1="1.724117" intensity="2.499693e-001" type="0"/>
    <Peak1D F1="1.717012" intensity="2.733223e-001" type="0"/>
    <Peak1D F1="1.708154" intensity="3.037566e-001" type="0"/>
    <Peak1D F1="1.701175" intensity="4.736365e-001" type="0"/>
    <Peak1D F1="1.697362" intensity="4.303490e-001" type="0"/>
    <Peak1D F1="1.688870" intensity="3.295146e-001" type="0"/>
    <Peak1D F1="1.681354" intensity="1.074733e+000" type="0"/>
    <Peak1D F1="1.676502" intensity="6.011405e-001" type="0"/>
    <Peak1D F1="1.671060" intensity="6.555527e-001" type="0"/>
    <Peak1D F1="1.657711" intensity="9.498652e-001" type="0"/>
    <Peak1D F1="1.653261" intensity="7.987694e-001" type="0"/>
    <Peak1D F1="1.641778" intensity="5.347740e-001" type="0"/>
    <Peak1D F1="1.637332" intensity="6.357548e-001" type="0"/>
    <Peak1D F1="1.632856" intensity="4.723462e-001" type="0"/>
    <Peak1D F1="1.625958" intensity="2.510733e-001" type="0"/>
    <Peak1D F1="1.621243" intensity="2.909375e-001" type="0"/>
    <Peak1D F1="1.617213" intensity="2.870594e-001" type="0"/>
    <Peak1D F1="1.592388" intensity="7.076652e-002" type="0"/>
    <Peak1D F1="1.585472" intensity="6.913161e-002" type="0"/>
    <Peak1D F1="1.575661" intensity="6.507051e-002" type="0"/>
    <Peak1D F1="1.564538" intensity="6.994371e-002" type="0"/>
    <Peak1D F1="1.535126" intensity="2.772174e-001" type="0"/>
    <Peak1D F1="1.519738" intensity="2.006470e-001" type="0"/>
    <Peak1D F1="1.512534" intensity="2.326557e-001" type="0"/>
    <Peak1D F1="1.500921" intensity="4.871228e-001" type="0"/>
    <Peak1D F1="1.492520" intensity="1.646042e-001" type="0"/>
    <Peak1D F1="1.483498" intensity="6.064298e-001" type="0"/>
    <Peak1D F1="1.470670" intensity="4.139865e-001" type="0"/>
    <Peak1D F1="1.453861" intensity="4.224391e-001" type="0"/>
    <Peak1D F1="1.441926" intensity="8.771151e-002" type="0"/>
    <Peak1D F1="1.435981" intensity="1.335632e-001" type="0"/>
    <Peak1D F1="1.423866" intensity="1.426422e-001" type="0"/>
    <Peak1D F1="1.403282" intensity="3.175518e-002" type="0"/>
    <Peak1D F1="1.375558" intensity="2.148321e-002" type="0"/>
    <Peak1D F1="1.342082" intensity="1.926812e-002" type="0"/>
    <Peak1D F1="1.323536" intensity="1.843924e-002" type="0"/>
    <Peak1D F1="1.311914" intensity="1.790773e-002" type="0"/>
    <Peak1D F1="1.291821" intensity="2.160288e-002" type="0"/>
    <Peak1D F1="1.272148" intensity="2.510905e-002" type="0"/>
    <Peak1D F1="1.236941" intensity="3.992170e-002" type="0"/>
    <Peak1D F1="1.214091" intensity="4.384078e-002" type="0"/>
    <Peak1D F1="1.186141" intensity="1.613303e-001" type="0"/>
    <Peak1D F1="1.089587" intensity="9.447888e-003" type="0"/>
    <Peak1D F1="0.937248" intensity="6.491823e-003" type="0"/>
    <Peak1D F1="0.907485" intensity="5.965100e-003" type="0"/>
    <Peak1D F1="0.826256" intensity="2.123464e-002" type="0"/>
    <Peak1D F1="0.809934" intensity="4.235371e-002" type="0"/>
    <Peak1D F1="0.792419" intensity="2.514601e-002" type="0"/>
    <Peak1D F1="0.782379" intensity="2.662747e-002" type="0"/>
    <Peak1D F1="0.759498" intensity="2.449215e-002" type="0"/>
    <Peak1D F1="0.651120" intensity="5.041177e-003" type="0"/>
    <Peak1D F1="0.613994" intensity="4.605352e-003" type="0"/>
    <Peak1D F1="0.588757" intensity="3.906140e-003" type="0"/>
    <Peak1D F1="0.446129" intensity="4.411940e-003" type="0"/>
    <Peak1D F1="0.437764" intensity="4.453129e-003" type="0"/>
    <Peak1D F1="0.301151" intensity="3.855650e-003" type="0"/>
    <Peak1D F1="0.048833" intensity="4.356545e-003" type="0"/>
    <Peak1D F1="-0.000153" intensity="2.934212e-001" type="0"/>
    <Peak1D F1="-0.049923" intensity="5.319045e-003" type="0"/>
  </PeakList1D>
</PeakList>
