<?xml version="1.0" encoding="UTF-8"?>
<PeakList>
  <PeakList1D>
    <PeakList1DHeader creator="nmr" date="2021-08-02T14:14:25.001+03:00" expNo="10" name="ID-420-B" owner="" procNo="1" source="//132.72.8.180/400b/Milo/Milo">
      <PeakPickDetails>F1=16.101460ppm, F2=-3.927586ppm, MI=0.00cm, MAXI=10000.00cm, PC=1.000
      </PeakPickDetails>
    </PeakList1DHeader>
    <Peak1D F1="15.545148" intensity="6.511824e-003" type="0"/>
    <Peak1D F1="14.304846" intensity="5.812232e-003" type="0"/>
    <Peak1D F1="13.898316" intensity="5.908691e-003" type="0"/>
    <Peak1D F1="13.696967" intensity="5.694039e-003" type="0"/>
    <Peak1D F1="12.001935" intensity="6.258369e-003" type="0"/>
    <Peak1D F1="11.209662" intensity="5.845465e-003" type="0"/>
    <Peak1D F1="10.093615" intensity="8.309207e-002" type="0"/>
    <Peak1D F1="8.370056" intensity="1.060191e-002" type="0"/>
    <Peak1D F1="8.341533" intensity="6.471402e-002" type="0"/>
    <Peak1D F1="8.319640" intensity="6.432057e-002" type="0"/>
    <Peak1D F1="8.278769" intensity="7.297958e-003" type="0"/>
    <Peak1D F1="8.269246" intensity="1.181626e-002" type="0"/>
    <Peak1D F1="8.229781" intensity="5.155979e-002" type="0"/>
    <Peak1D F1="8.208291" intensity="1.539395e-001" type="0"/>
    <Peak1D F1="8.186268" intensity="1.353251e-001" type="0"/>
    <Peak1D F1="8.163015" intensity="4.292688e-001" type="0"/>
    <Peak1D F1="8.157553" intensity="2.555722e+000" type="0"/>
    <Peak1D F1="8.152578" intensity="1.112113e+000" type="0"/>
    <Peak1D F1="8.135830" intensity="2.656775e+000" type="0"/>
    <Peak1D F1="8.129972" intensity="7.275381e-001" type="0"/>
    <Peak1D F1="8.107275" intensity="5.999464e-002" type="0"/>
    <Peak1D F1="8.099254" intensity="7.377788e-002" type="0"/>
    <Peak1D F1="8.085559" intensity="5.046177e-002" type="0"/>
    <Peak1D F1="8.067664" intensity="2.195914e-001" type="0"/>
    <Peak1D F1="8.048116" intensity="2.303536e-001" type="0"/>
    <Peak1D F1="8.020151" intensity="7.767503e-002" type="0"/>
    <Peak1D F1="7.999017" intensity="6.722051e-002" type="0"/>
    <Peak1D F1="7.948035" intensity="9.191036e-003" type="0"/>
    <Peak1D F1="7.927279" intensity="1.130557e-002" type="0"/>
    <Peak1D F1="7.920448" intensity="1.189907e-002" type="0"/>
    <Peak1D F1="7.868298" intensity="7.514707e-003" type="0"/>
    <Peak1D F1="7.831132" intensity="3.863984e-002" type="0"/>
    <Peak1D F1="7.824453" intensity="4.249468e-002" type="0"/>
    <Peak1D F1="7.810699" intensity="4.665630e-002" type="0"/>
    <Peak1D F1="7.774147" intensity="7.141225e-003" type="0"/>
    <Peak1D F1="7.737177" intensity="8.616206e-003" type="0"/>
    <Peak1D F1="7.729770" intensity="7.969889e-003" type="0"/>
    <Peak1D F1="7.719307" intensity="9.135068e-003" type="0"/>
    <Peak1D F1="7.699909" intensity="7.446150e-003" type="0"/>
    <Peak1D F1="7.685320" intensity="9.544463e-003" type="0"/>
    <Peak1D F1="7.663252" intensity="1.458468e-002" type="0"/>
    <Peak1D F1="7.636043" intensity="3.838505e-002" type="0"/>
    <Peak1D F1="7.610913" intensity="7.993957e-002" type="0"/>
    <Peak1D F1="7.589704" intensity="1.717471e-001" type="0"/>
    <Peak1D F1="7.569805" intensity="1.520838e-001" type="0"/>
    <Peak1D F1="7.555479" intensity="3.113111e-002" type="0"/>
    <Peak1D F1="7.541536" intensity="5.835085e-002" type="0"/>
    <Peak1D F1="7.530539" intensity="6.713754e-002" type="0"/>
    <Peak1D F1="7.520127" intensity="1.136679e-001" type="0"/>
    <Peak1D F1="7.508665" intensity="1.100401e-001" type="0"/>
    <Peak1D F1="7.503966" intensity="9.729283e-002" type="0"/>
    <Peak1D F1="7.498177" intensity="1.063236e-001" type="0"/>
    <Peak1D F1="7.486151" intensity="4.310070e-001" type="0"/>
    <Peak1D F1="7.480429" intensity="2.595345e+000" type="0"/>
    <Peak1D F1="7.462939" intensity="1.207817e+000" type="0"/>
    <Peak1D F1="7.458433" intensity="2.513357e+000" type="0"/>
    <Peak1D F1="7.440970" intensity="3.518519e-001" type="0"/>
    <Peak1D F1="7.430606" intensity="6.087483e-002" type="0"/>
    <Peak1D F1="7.408935" intensity="4.367392e-002" type="0"/>
    <Peak1D F1="7.355015" intensity="7.066066e-003" type="0"/>
    <Peak1D F1="7.324029" intensity="2.185323e-002" type="0"/>
    <Peak1D F1="7.303951" intensity="1.116343e-002" type="0"/>
    <Peak1D F1="7.254507" intensity="2.243465e-001" type="0"/>
    <Peak1D F1="7.246383" intensity="1.910998e-001" type="0"/>
    <Peak1D F1="7.234399" intensity="2.087322e-001" type="0"/>
    <Peak1D F1="7.196409" intensity="1.001357e+001" type="0"/>
    <Peak1D F1="7.170253" intensity="8.609055e-002" type="0"/>
    <Peak1D F1="7.157070" intensity="1.516446e-001" type="0"/>
    <Peak1D F1="7.146295" intensity="1.930587e-001" type="0"/>
    <Peak1D F1="7.138372" intensity="1.241043e-001" type="0"/>
    <Peak1D F1="7.109918" intensity="8.274413e-003" type="0"/>
    <Peak1D F1="6.983304" intensity="8.497204e-003" type="0"/>
    <Peak1D F1="6.965876" intensity="7.461953e-003" type="0"/>
    <Peak1D F1="6.932426" intensity="5.396635e-002" type="0"/>
    <Peak1D F1="6.672915" intensity="5.910477e-003" type="0"/>
    <Peak1D F1="6.313722" intensity="1.031796e-002" type="0"/>
    <Peak1D F1="6.215334" intensity="9.908088e-003" type="0"/>
    <Peak1D F1="6.117512" intensity="1.060085e-001" type="0"/>
    <Peak1D F1="6.066988" intensity="5.055330e-002" type="0"/>
    <Peak1D F1="6.037779" intensity="3.643353e-002" type="0"/>
    <Peak1D F1="6.017154" intensity="3.344850e+000" type="0"/>
    <Peak1D F1="5.967039" intensity="4.814645e-002" type="0"/>
    <Peak1D F1="5.948488" intensity="2.663630e-002" type="0"/>
    <Peak1D F1="5.938515" intensity="2.556951e-002" type="0"/>
    <Peak1D F1="5.820610" intensity="6.463030e-003" type="0"/>
    <Peak1D F1="5.815305" intensity="8.841605e-003" type="0"/>
    <Peak1D F1="5.809831" intensity="6.344125e-003" type="0"/>
    <Peak1D F1="5.793285" intensity="1.639284e-002" type="0"/>
    <Peak1D F1="5.647271" intensity="1.616072e-002" type="0"/>
    <Peak1D F1="5.620002" intensity="1.854542e-002" type="0"/>
    <Peak1D F1="5.490517" intensity="1.677113e-002" type="0"/>
    <Peak1D F1="5.441885" intensity="6.141555e-003" type="0"/>
    <Peak1D F1="5.401871" intensity="5.762314e-003" type="0"/>
    <Peak1D F1="5.378736" intensity="6.413918e-003" type="0"/>
    <Peak1D F1="5.355084" intensity="1.726166e-001" type="0"/>
    <Peak1D F1="5.347985" intensity="1.689878e-001" type="0"/>
    <Peak1D F1="5.299033" intensity="7.352487e-003" type="0"/>
    <Peak1D F1="5.015352" intensity="5.765203e-003" type="0"/>
    <Peak1D F1="4.971721" intensity="1.249821e-002" type="0"/>
    <Peak1D F1="4.947108" intensity="1.211470e-002" type="0"/>
    <Peak1D F1="4.928759" intensity="8.734806e-003" type="0"/>
    <Peak1D F1="4.903677" intensity="1.055964e-002" type="0"/>
    <Peak1D F1="4.890378" intensity="1.681564e-002" type="0"/>
    <Peak1D F1="4.854943" intensity="2.381581e-002" type="0"/>
    <Peak1D F1="4.841418" intensity="4.367504e-002" type="0"/>
    <Peak1D F1="4.818745" intensity="4.957275e-002" type="0"/>
    <Peak1D F1="4.791856" intensity="1.395124e+000" type="0"/>
    <Peak1D F1="4.769079" intensity="1.427572e+000" type="0"/>
    <Peak1D F1="4.741496" intensity="5.885120e-002" type="0"/>
    <Peak1D F1="4.718763" intensity="6.386296e-002" type="0"/>
    <Peak1D F1="4.685156" intensity="5.337335e-002" type="0"/>
    <Peak1D F1="4.681602" intensity="5.392240e-002" type="0"/>
    <Peak1D F1="4.658152" intensity="5.365638e-002" type="0"/>
    <Peak1D F1="4.634221" intensity="5.025912e-002" type="0"/>
    <Peak1D F1="4.607382" intensity="4.586753e-002" type="0"/>
    <Peak1D F1="4.585246" intensity="4.267766e-002" type="0"/>
    <Peak1D F1="4.543466" intensity="2.693271e-002" type="0"/>
    <Peak1D F1="4.496285" intensity="1.849319e-002" type="0"/>
    <Peak1D F1="4.470701" intensity="1.550384e-002" type="0"/>
    <Peak1D F1="4.457770" intensity="1.586806e-002" type="0"/>
    <Peak1D F1="4.436251" intensity="1.208193e-002" type="0"/>
    <Peak1D F1="4.370459" intensity="9.685090e-003" type="0"/>
    <Peak1D F1="4.308035" intensity="6.390667e-003" type="0"/>
    <Peak1D F1="4.295930" intensity="6.075800e-003" type="0"/>
    <Peak1D F1="3.972452" intensity="6.782570e-003" type="0"/>
    <Peak1D F1="3.877641" intensity="5.252221e-002" type="0"/>
    <Peak1D F1="3.857667" intensity="8.045675e-003" type="0"/>
    <Peak1D F1="3.843873" intensity="6.920824e-002" type="0"/>
    <Peak1D F1="3.821850" intensity="4.229309e-002" type="0"/>
    <Peak1D F1="3.810647" intensity="3.310996e-001" type="0"/>
    <Peak1D F1="3.749902" intensity="1.684885e-001" type="0"/>
    <Peak1D F1="3.744883" intensity="1.889875e-001" type="0"/>
    <Peak1D F1="3.699988" intensity="1.019957e+001" type="0"/>
    <Peak1D F1="3.649907" intensity="1.603741e-001" type="0"/>
    <Peak1D F1="3.628312" intensity="6.985172e-003" type="0"/>
    <Peak1D F1="3.517800" intensity="5.473621e-002" type="0"/>
    <Peak1D F1="3.416622" intensity="2.186271e-002" type="0"/>
    <Peak1D F1="2.955675" intensity="5.805349e-003" type="0"/>
    <Peak1D F1="2.941898" intensity="1.402213e-002" type="0"/>
    <Peak1D F1="2.935687" intensity="1.525383e-002" type="0"/>
    <Peak1D F1="2.925939" intensity="7.911174e-003" type="0"/>
    <Peak1D F1="2.794472" intensity="7.569424e-003" type="0"/>
    <Peak1D F1="2.757772" intensity="1.164072e-002" type="0"/>
    <Peak1D F1="2.723694" intensity="1.090182e-002" type="0"/>
    <Peak1D F1="2.707389" intensity="9.560853e-003" type="0"/>
    <Peak1D F1="2.678052" intensity="6.005793e-003" type="0"/>
    <Peak1D F1="2.576084" intensity="7.166876e-003" type="0"/>
    <Peak1D F1="2.555611" intensity="1.097288e-002" type="0"/>
    <Peak1D F1="2.537235" intensity="9.722536e-003" type="0"/>
    <Peak1D F1="2.509859" intensity="8.368409e-003" type="0"/>
    <Peak1D F1="2.436115" intensity="2.396671e-001" type="0"/>
    <Peak1D F1="2.431176" intensity="2.727169e-001" type="0"/>
    <Peak1D F1="2.415966" intensity="2.774450e-001" type="0"/>
    <Peak1D F1="2.410510" intensity="3.050089e-001" type="0"/>
    <Peak1D F1="2.386783" intensity="4.163549e-001" type="0"/>
    <Peak1D F1="2.377293" intensity="9.821759e-001" type="0"/>
    <Peak1D F1="2.362191" intensity="4.816748e-001" type="0"/>
    <Peak1D F1="2.351731" intensity="3.472802e-001" type="0"/>
    <Peak1D F1="2.328936" intensity="5.380927e-001" type="0"/>
    <Peak1D F1="2.321851" intensity="4.618064e-001" type="0"/>
    <Peak1D F1="2.317105" intensity="4.330523e-001" type="0"/>
    <Peak1D F1="2.310066" intensity="7.229380e-001" type="0"/>
    <Peak1D F1="2.298853" intensity="4.532326e-001" type="0"/>
    <Peak1D F1="2.278631" intensity="2.983657e-001" type="0"/>
    <Peak1D F1="2.250557" intensity="4.474525e-001" type="0"/>
    <Peak1D F1="2.235779" intensity="1.200026e-001" type="0"/>
    <Peak1D F1="2.228370" intensity="5.206389e-001" type="0"/>
    <Peak1D F1="2.224473" intensity="5.205714e-001" type="0"/>
    <Peak1D F1="2.201753" intensity="6.587017e-001" type="0"/>
    <Peak1D F1="2.194378" intensity="1.456797e-001" type="0"/>
    <Peak1D F1="2.180219" intensity="3.584261e-001" type="0"/>
    <Peak1D F1="2.175495" intensity="3.493803e-001" type="0"/>
    <Peak1D F1="2.164887" intensity="1.626113e-001" type="0"/>
    <Peak1D F1="2.153091" intensity="4.769804e-001" type="0"/>
    <Peak1D F1="2.145916" intensity="4.011568e-001" type="0"/>
    <Peak1D F1="2.115613" intensity="4.573299e+000" type="0"/>
    <Peak1D F1="2.106863" intensity="3.673706e+000" type="0"/>
    <Peak1D F1="2.095991" intensity="1.446058e+001" type="0"/>
    <Peak1D F1="2.085819" intensity="3.756320e+000" type="0"/>
    <Peak1D F1="2.084245" intensity="3.829292e+000" type="0"/>
    <Peak1D F1="2.077185" intensity="7.214622e+000" type="0"/>
    <Peak1D F1="2.055763" intensity="3.913681e-001" type="0"/>
    <Peak1D F1="2.051698" intensity="3.930705e-001" type="0"/>
    <Peak1D F1="2.046242" intensity="4.105951e-001" type="0"/>
    <Peak1D F1="2.027505" intensity="1.996391e-001" type="0"/>
    <Peak1D F1="1.985632" intensity="2.666904e-001" type="0"/>
    <Peak1D F1="1.980860" intensity="2.272973e-001" type="0"/>
    <Peak1D F1="1.969011" intensity="3.044837e-001" type="0"/>
    <Peak1D F1="1.963551" intensity="4.096631e-001" type="0"/>
    <Peak1D F1="1.958331" intensity="5.287040e-001" type="0"/>
    <Peak1D F1="1.953358" intensity="5.119786e-001" type="0"/>
    <Peak1D F1="1.948524" intensity="5.380523e-001" type="0"/>
    <Peak1D F1="1.941116" intensity="7.927111e-001" type="0"/>
    <Peak1D F1="1.932035" intensity="9.541194e-001" type="0"/>
    <Peak1D F1="1.925216" intensity="9.960678e-001" type="0"/>
    <Peak1D F1="1.919922" intensity="9.799227e-001" type="0"/>
    <Peak1D F1="1.910453" intensity="7.398462e+000" type="0"/>
    <Peak1D F1="1.900417" intensity="6.070417e+000" type="0"/>
    <Peak1D F1="1.899300" intensity="6.132495e+000" type="0"/>
    <Peak1D F1="1.890868" intensity="1.500000e+001" type="0"/>
    <Peak1D F1="1.880937" intensity="5.534532e+000" type="0"/>
    <Peak1D F1="1.871496" intensity="4.765107e+000" type="0"/>
    <Peak1D F1="1.859338" intensity="6.251084e-001" type="0"/>
    <Peak1D F1="1.849190" intensity="3.781504e-001" type="0"/>
    <Peak1D F1="1.841013" intensity="3.599134e-001" type="0"/>
    <Peak1D F1="1.831782" intensity="1.749277e-001" type="0"/>
    <Peak1D F1="1.821313" intensity="1.403095e-001" type="0"/>
    <Peak1D F1="1.796464" intensity="6.640563e-002" type="0"/>
    <Peak1D F1="1.789341" intensity="6.640290e-002" type="0"/>
    <Peak1D F1="1.779708" intensity="6.261739e-002" type="0"/>
    <Peak1D F1="1.774589" intensity="6.295230e-002" type="0"/>
    <Peak1D F1="1.759246" intensity="7.783573e-002" type="0"/>
    <Peak1D F1="1.744555" intensity="1.652346e-001" type="0"/>
    <Peak1D F1="1.728921" intensity="2.060580e-001" type="0"/>
    <Peak1D F1="1.723835" intensity="2.209467e-001" type="0"/>
    <Peak1D F1="1.716617" intensity="2.315434e-001" type="0"/>
    <Peak1D F1="1.707723" intensity="2.699564e-001" type="0"/>
    <Peak1D F1="1.700950" intensity="4.000705e-001" type="0"/>
    <Peak1D F1="1.697161" intensity="3.645557e-001" type="0"/>
    <Peak1D F1="1.688803" intensity="2.979070e-001" type="0"/>
    <Peak1D F1="1.681247" intensity="9.122484e-001" type="0"/>
    <Peak1D F1="1.676405" intensity="5.291952e-001" type="0"/>
    <Peak1D F1="1.670835" intensity="5.803048e-001" type="0"/>
    <Peak1D F1="1.657969" intensity="8.318611e-001" type="0"/>
    <Peak1D F1="1.653210" intensity="6.874269e-001" type="0"/>
    <Peak1D F1="1.641839" intensity="4.900334e-001" type="0"/>
    <Peak1D F1="1.637399" intensity="5.553521e-001" type="0"/>
    <Peak1D F1="1.633037" intensity="3.916152e-001" type="0"/>
    <Peak1D F1="1.625986" intensity="2.396722e-001" type="0"/>
    <Peak1D F1="1.621523" intensity="2.554271e-001" type="0"/>
    <Peak1D F1="1.617412" intensity="2.389062e-001" type="0"/>
    <Peak1D F1="1.590503" intensity="5.715429e-002" type="0"/>
    <Peak1D F1="1.550252" intensity="4.981790e-002" type="0"/>
    <Peak1D F1="1.535217" intensity="2.240012e-001" type="0"/>
    <Peak1D F1="1.519644" intensity="1.600937e-001" type="0"/>
    <Peak1D F1="1.512500" intensity="1.971313e-001" type="0"/>
    <Peak1D F1="1.501125" intensity="4.127764e-001" type="0"/>
    <Peak1D F1="1.492043" intensity="1.420769e-001" type="0"/>
    <Peak1D F1="1.483602" intensity="5.076427e-001" type="0"/>
    <Peak1D F1="1.470764" intensity="3.493683e-001" type="0"/>
    <Peak1D F1="1.454009" intensity="3.497358e-001" type="0"/>
    <Peak1D F1="1.441694" intensity="7.261971e-002" type="0"/>
    <Peak1D F1="1.435920" intensity="1.067085e-001" type="0"/>
    <Peak1D F1="1.424119" intensity="1.186666e-001" type="0"/>
    <Peak1D F1="1.402859" intensity="2.957186e-002" type="0"/>
    <Peak1D F1="1.377026" intensity="2.329069e-002" type="0"/>
    <Peak1D F1="1.372874" intensity="2.210643e-002" type="0"/>
    <Peak1D F1="1.346322" intensity="2.253118e-002" type="0"/>
    <Peak1D F1="1.325442" intensity="2.253110e-002" type="0"/>
    <Peak1D F1="1.314624" intensity="2.051653e-002" type="0"/>
    <Peak1D F1="1.294360" intensity="2.216746e-002" type="0"/>
    <Peak1D F1="1.256758" intensity="2.616851e-002" type="0"/>
    <Peak1D F1="1.235525" intensity="3.463533e-002" type="0"/>
    <Peak1D F1="1.197457" intensity="3.916590e-002" type="0"/>
    <Peak1D F1="1.184934" intensity="7.126473e-002" type="0"/>
    <Peak1D F1="1.133360" intensity="1.146721e-002" type="0"/>
    <Peak1D F1="1.071872" intensity="1.004372e-002" type="0"/>
    <Peak1D F1="1.030857" intensity="9.401281e-003" type="0"/>
    <Peak1D F1="1.007575" intensity="7.845556e-003" type="0"/>
    <Peak1D F1="0.969827" intensity="7.249651e-003" type="0"/>
    <Peak1D F1="0.944464" intensity="6.911822e-003" type="0"/>
    <Peak1D F1="0.902992" intensity="7.012764e-003" type="0"/>
    <Peak1D F1="0.893151" intensity="7.228764e-003" type="0"/>
    <Peak1D F1="0.856047" intensity="7.226901e-003" type="0"/>
    <Peak1D F1="0.826744" intensity="1.579046e-002" type="0"/>
    <Peak1D F1="0.810785" intensity="2.531820e-002" type="0"/>
    <Peak1D F1="0.793130" intensity="1.357971e-002" type="0"/>
    <Peak1D F1="0.770550" intensity="1.298237e-002" type="0"/>
    <Peak1D F1="0.758150" intensity="9.783307e-003" type="0"/>
    <Peak1D F1="0.698282" intensity="6.679933e-003" type="0"/>
    <Peak1D F1="0.671988" intensity="6.753817e-003" type="0"/>
    <Peak1D F1="0.622208" intensity="6.853267e-003" type="0"/>
    <Peak1D F1="0.604919" intensity="7.336564e-003" type="0"/>
    <Peak1D F1="0.540570" intensity="6.101566e-003" type="0"/>
    <Peak1D F1="0.490529" intensity="6.923128e-003" type="0"/>
    <Peak1D F1="0.462976" intensity="6.999071e-003" type="0"/>
    <Peak1D F1="0.388631" intensity="5.790081e-003" type="0"/>
    <Peak1D F1="0.350378" intensity="5.979507e-003" type="0"/>
    <Peak1D F1="0.328543" intensity="6.374848e-003" type="0"/>
    <Peak1D F1="0.220337" intensity="5.930174e-003" type="0"/>
    <Peak1D F1="-0.000154" intensity="1.868963e-001" type="0"/>
    <Peak1D F1="-0.048567" intensity="5.818199e-003" type="0"/>
    <Peak1D F1="-0.536051" intensity="5.920629e-003" type="0"/>
    <Peak1D F1="-3.341406" intensity="5.875746e-003" type="0"/>
    <Peak1D F1="-3.479409" intensity="6.707052e-003" type="0"/>
    <Peak1D F1="-3.606189" intensity="5.772804e-003" type="0"/>
    <Peak1D F1="-3.647754" intensity="6.844981e-003" type="0"/>
    <Peak1D F1="-3.806996" intensity="5.691367e-003" type="0"/>
  </PeakList1D>
</PeakList>
