<?xml version="1.0" encoding="UTF-8"?>
<PeakList>
  <PeakList1D>
    <PeakList1DHeader creator="nmr" date="2021-08-01T14:33:44.725+03:00" expNo="20" name="ID-419-C" owner="" procNo="1" source="//132.72.8.180/400b/Milo/Milo">
      <PeakPickDetails>F1=16.100420ppm, F2=-3.928625ppm, MI=0.00cm, MAXI=10000.00cm, PC=1.000
      </PeakPickDetails>
    </PeakList1DHeader>
    <Peak1D F1="15.426942" intensity="8.153525e-003" type="0"/>
    <Peak1D F1="10.093890" intensity="4.123836e-002" type="0"/>
    <Peak1D F1="8.364902" intensity="1.004450e-002" type="0"/>
    <Peak1D F1="8.342690" intensity="3.247485e-002" type="0"/>
    <Peak1D F1="8.320447" intensity="3.451250e-002" type="0"/>
    <Peak1D F1="8.271871" intensity="1.927348e-002" type="0"/>
    <Peak1D F1="8.250479" intensity="3.011972e-002" type="0"/>
    <Peak1D F1="8.230536" intensity="7.018708e-002" type="0"/>
    <Peak1D F1="8.208411" intensity="1.705661e-001" type="0"/>
    <Peak1D F1="8.186131" intensity="1.429531e-001" type="0"/>
    <Peak1D F1="8.164579" intensity="4.159724e-001" type="0"/>
    <Peak1D F1="8.158998" intensity="2.525553e+000" type="0"/>
    <Peak1D F1="8.154051" intensity="1.075984e+000" type="0"/>
    <Peak1D F1="8.137179" intensity="2.642228e+000" type="0"/>
    <Peak1D F1="8.131397" intensity="6.684320e-001" type="0"/>
    <Peak1D F1="8.112713" intensity="2.427069e-001" type="0"/>
    <Peak1D F1="8.092503" intensity="2.326057e-001" type="0"/>
    <Peak1D F1="8.061352" intensity="1.576479e-002" type="0"/>
    <Peak1D F1="8.045066" intensity="1.744052e-002" type="0"/>
    <Peak1D F1="8.020932" intensity="3.999310e-002" type="0"/>
    <Peak1D F1="7.999048" intensity="3.288443e-002" type="0"/>
    <Peak1D F1="7.944335" intensity="1.105710e-002" type="0"/>
    <Peak1D F1="7.928878" intensity="1.252010e-002" type="0"/>
    <Peak1D F1="7.922130" intensity="1.322374e-002" type="0"/>
    <Peak1D F1="7.880376" intensity="5.790704e-002" type="0"/>
    <Peak1D F1="7.872118" intensity="5.816595e-002" type="0"/>
    <Peak1D F1="7.859613" intensity="7.038921e-002" type="0"/>
    <Peak1D F1="7.851654" intensity="5.798251e-002" type="0"/>
    <Peak1D F1="7.834198" intensity="1.966084e-002" type="0"/>
    <Peak1D F1="7.818966" intensity="2.121495e-002" type="0"/>
    <Peak1D F1="7.812738" intensity="2.228877e-002" type="0"/>
    <Peak1D F1="7.796917" intensity="1.426508e-002" type="0"/>
    <Peak1D F1="7.775558" intensity="9.746349e-003" type="0"/>
    <Peak1D F1="7.695978" intensity="8.194604e-003" type="0"/>
    <Peak1D F1="7.682934" intensity="1.791403e-002" type="0"/>
    <Peak1D F1="7.664713" intensity="5.865540e-002" type="0"/>
    <Peak1D F1="7.644421" intensity="8.050479e-002" type="0"/>
    <Peak1D F1="7.634238" intensity="1.751827e-001" type="0"/>
    <Peak1D F1="7.613765" intensity="1.989666e-001" type="0"/>
    <Peak1D F1="7.597593" intensity="3.478163e-002" type="0"/>
    <Peak1D F1="7.588421" intensity="2.755725e-002" type="0"/>
    <Peak1D F1="7.573765" intensity="2.433828e-002" type="0"/>
    <Peak1D F1="7.554238" intensity="2.875426e-002" type="0"/>
    <Peak1D F1="7.537890" intensity="8.032526e-002" type="0"/>
    <Peak1D F1="7.531453" intensity="7.483058e-002" type="0"/>
    <Peak1D F1="7.521196" intensity="9.759150e-002" type="0"/>
    <Peak1D F1="7.515412" intensity="1.070153e-001" type="0"/>
    <Peak1D F1="7.510355" intensity="1.094427e-001" type="0"/>
    <Peak1D F1="7.504379" intensity="1.138144e-001" type="0"/>
    <Peak1D F1="7.499037" intensity="1.060855e-001" type="0"/>
    <Peak1D F1="7.480984" intensity="2.747040e+000" type="0"/>
    <Peak1D F1="7.459002" intensity="2.563001e+000" type="0"/>
    <Peak1D F1="7.440921" intensity="3.348752e-001" type="0"/>
    <Peak1D F1="7.433596" intensity="9.342912e-002" type="0"/>
    <Peak1D F1="7.423326" intensity="8.997585e-002" type="0"/>
    <Peak1D F1="7.408887" intensity="1.342309e-001" type="0"/>
    <Peak1D F1="7.396922" intensity="8.166580e-002" type="0"/>
    <Peak1D F1="7.388225" intensity="8.948933e-002" type="0"/>
    <Peak1D F1="7.378895" intensity="2.056437e-001" type="0"/>
    <Peak1D F1="7.358634" intensity="1.437294e-001" type="0"/>
    <Peak1D F1="7.323551" intensity="2.095416e-002" type="0"/>
    <Peak1D F1="7.308334" intensity="1.525982e-002" type="0"/>
    <Peak1D F1="7.285864" intensity="1.944104e-002" type="0"/>
    <Peak1D F1="7.245444" intensity="2.336838e-001" type="0"/>
    <Peak1D F1="7.237325" intensity="5.879917e-002" type="0"/>
    <Peak1D F1="7.223536" intensity="5.390477e-002" type="0"/>
    <Peak1D F1="7.195306" intensity="1.611638e+001" type="0"/>
    <Peak1D F1="7.159735" intensity="3.315698e-002" type="0"/>
    <Peak1D F1="7.145632" intensity="2.447945e-001" type="0"/>
    <Peak1D F1="7.134332" intensity="8.948455e-003" type="0"/>
    <Peak1D F1="7.094001" intensity="9.518287e-003" type="0"/>
    <Peak1D F1="6.931313" intensity="8.592968e-002" type="0"/>
    <Peak1D F1="6.709715" intensity="1.003690e-002" type="0"/>
    <Peak1D F1="6.687746" intensity="1.053423e-002" type="0"/>
    <Peak1D F1="6.313703" intensity="1.728156e-002" type="0"/>
    <Peak1D F1="6.216150" intensity="1.381441e-002" type="0"/>
    <Peak1D F1="6.117725" intensity="1.468103e-001" type="0"/>
    <Peak1D F1="6.068069" intensity="4.593699e-002" type="0"/>
    <Peak1D F1="6.059766" intensity="1.292434e-002" type="0"/>
    <Peak1D F1="6.043574" intensity="2.685250e-002" type="0"/>
    <Peak1D F1="6.017815" intensity="3.210278e+000" type="0"/>
    <Peak1D F1="5.968460" intensity="4.749123e-002" type="0"/>
    <Peak1D F1="5.951532" intensity="2.978362e-002" type="0"/>
    <Peak1D F1="5.940474" intensity="2.981422e-002" type="0"/>
    <Peak1D F1="5.806129" intensity="3.060204e-002" type="0"/>
    <Peak1D F1="5.799084" intensity="2.564015e-002" type="0"/>
    <Peak1D F1="5.652521" intensity="2.200304e-002" type="0"/>
    <Peak1D F1="5.626960" intensity="2.809727e-002" type="0"/>
    <Peak1D F1="5.488598" intensity="1.618581e-002" type="0"/>
    <Peak1D F1="5.419565" intensity="7.862398e-003" type="0"/>
    <Peak1D F1="5.356852" intensity="1.351477e-001" type="0"/>
    <Peak1D F1="5.349266" intensity="1.388801e-001" type="0"/>
    <Peak1D F1="5.311484" intensity="1.070948e-002" type="0"/>
    <Peak1D F1="5.275525" intensity="9.113110e-003" type="0"/>
    <Peak1D F1="5.247072" intensity="7.985028e-003" type="0"/>
    <Peak1D F1="4.970855" intensity="1.109641e-002" type="0"/>
    <Peak1D F1="4.945711" intensity="9.860443e-003" type="0"/>
    <Peak1D F1="4.889497" intensity="1.849467e-002" type="0"/>
    <Peak1D F1="4.872468" intensity="2.193950e-002" type="0"/>
    <Peak1D F1="4.853217" intensity="2.969858e-002" type="0"/>
    <Peak1D F1="4.840127" intensity="4.268614e-002" type="0"/>
    <Peak1D F1="4.818285" intensity="4.288618e-002" type="0"/>
    <Peak1D F1="4.791027" intensity="1.357840e+000" type="0"/>
    <Peak1D F1="4.768195" intensity="1.396168e+000" type="0"/>
    <Peak1D F1="4.741839" intensity="6.550080e-002" type="0"/>
    <Peak1D F1="4.718282" intensity="9.056988e-002" type="0"/>
    <Peak1D F1="4.670314" intensity="1.072568e-001" type="0"/>
    <Peak1D F1="4.497523" intensity="1.387915e-002" type="0"/>
    <Peak1D F1="4.448081" intensity="1.121605e-002" type="0"/>
    <Peak1D F1="3.878480" intensity="4.976664e-002" type="0"/>
    <Peak1D F1="3.861942" intensity="8.457979e-003" type="0"/>
    <Peak1D F1="3.844854" intensity="1.190646e-001" type="0"/>
    <Peak1D F1="3.822574" intensity="7.542089e-002" type="0"/>
    <Peak1D F1="3.811664" intensity="4.610657e-001" type="0"/>
    <Peak1D F1="3.750662" intensity="1.541274e-001" type="0"/>
    <Peak1D F1="3.745585" intensity="2.594549e-001" type="0"/>
    <Peak1D F1="3.700841" intensity="9.834928e+000" type="0"/>
    <Peak1D F1="3.661452" intensity="2.554824e-002" type="0"/>
    <Peak1D F1="3.651226" intensity="1.408389e-001" type="0"/>
    <Peak1D F1="3.600283" intensity="1.140764e-002" type="0"/>
    <Peak1D F1="3.518798" intensity="5.353546e-002" type="0"/>
    <Peak1D F1="2.942905" intensity="1.130639e-002" type="0"/>
    <Peak1D F1="2.925384" intensity="8.797630e-003" type="0"/>
    <Peak1D F1="2.750952" intensity="1.633032e-002" type="0"/>
    <Peak1D F1="2.720518" intensity="1.500707e-002" type="0"/>
    <Peak1D F1="2.551663" intensity="1.200962e-002" type="0"/>
    <Peak1D F1="2.529180" intensity="1.232717e-002" type="0"/>
    <Peak1D F1="2.503717" intensity="1.311724e-002" type="0"/>
    <Peak1D F1="2.475625" intensity="1.947078e-002" type="0"/>
    <Peak1D F1="2.438082" intensity="2.225604e-001" type="0"/>
    <Peak1D F1="2.433470" intensity="2.556898e-001" type="0"/>
    <Peak1D F1="2.416478" intensity="2.578473e-001" type="0"/>
    <Peak1D F1="2.412219" intensity="2.766506e-001" type="0"/>
    <Peak1D F1="2.388642" intensity="3.718851e-001" type="0"/>
    <Peak1D F1="2.384581" intensity="3.475301e-001" type="0"/>
    <Peak1D F1="2.363944" intensity="4.269021e-001" type="0"/>
    <Peak1D F1="2.350928" intensity="2.703996e-001" type="0"/>
    <Peak1D F1="2.328008" intensity="4.583799e-001" type="0"/>
    <Peak1D F1="2.320469" intensity="2.706402e-001" type="0"/>
    <Peak1D F1="2.317218" intensity="2.550689e-001" type="0"/>
    <Peak1D F1="2.308169" intensity="3.668693e-001" type="0"/>
    <Peak1D F1="2.304423" intensity="3.210742e-001" type="0"/>
    <Peak1D F1="2.297775" intensity="4.329387e-001" type="0"/>
    <Peak1D F1="2.277394" intensity="2.677695e-001" type="0"/>
    <Peak1D F1="2.252621" intensity="4.246166e-001" type="0"/>
    <Peak1D F1="2.230392" intensity="4.987142e-001" type="0"/>
    <Peak1D F1="2.226554" intensity="4.763943e-001" type="0"/>
    <Peak1D F1="2.203799" intensity="6.274589e-001" type="0"/>
    <Peak1D F1="2.196699" intensity="1.150988e-001" type="0"/>
    <Peak1D F1="2.182329" intensity="3.506298e-001" type="0"/>
    <Peak1D F1="2.177542" intensity="3.445918e-001" type="0"/>
    <Peak1D F1="2.155276" intensity="4.518462e-001" type="0"/>
    <Peak1D F1="2.146816" intensity="3.628910e-001" type="0"/>
    <Peak1D F1="2.139232" intensity="2.730223e-001" type="0"/>
    <Peak1D F1="2.116632" intensity="4.455301e+000" type="0"/>
    <Peak1D F1="2.107799" intensity="3.558453e+000" type="0"/>
    <Peak1D F1="2.097006" intensity="1.439348e+001" type="0"/>
    <Peak1D F1="2.085332" intensity="3.753721e+000" type="0"/>
    <Peak1D F1="2.078206" intensity="7.162049e+000" type="0"/>
    <Peak1D F1="2.056905" intensity="3.850604e-001" type="0"/>
    <Peak1D F1="2.052795" intensity="3.837710e-001" type="0"/>
    <Peak1D F1="2.047599" intensity="4.012830e-001" type="0"/>
    <Peak1D F1="2.028767" intensity="1.814032e-001" type="0"/>
    <Peak1D F1="1.987308" intensity="3.395973e-001" type="0"/>
    <Peak1D F1="1.965024" intensity="3.956455e-001" type="0"/>
    <Peak1D F1="1.959472" intensity="5.050966e-001" type="0"/>
    <Peak1D F1="1.954698" intensity="4.980641e-001" type="0"/>
    <Peak1D F1="1.949476" intensity="5.817167e-001" type="0"/>
    <Peak1D F1="1.937547" intensity="7.305116e+000" type="0"/>
    <Peak1D F1="1.925738" intensity="9.761568e-001" type="0"/>
    <Peak1D F1="1.920947" intensity="9.640340e-001" type="0"/>
    <Peak1D F1="1.911023" intensity="7.273396e+000" type="0"/>
    <Peak1D F1="1.899862" intensity="5.990262e+000" type="0"/>
    <Peak1D F1="1.891430" intensity="1.500000e+001" type="0"/>
    <Peak1D F1="1.881295" intensity="5.409238e+000" type="0"/>
    <Peak1D F1="1.872037" intensity="4.751441e+000" type="0"/>
    <Peak1D F1="1.859882" intensity="6.163448e-001" type="0"/>
    <Peak1D F1="1.849786" intensity="3.518893e-001" type="0"/>
    <Peak1D F1="1.842114" intensity="3.375452e-001" type="0"/>
    <Peak1D F1="1.834201" intensity="1.662759e-001" type="0"/>
    <Peak1D F1="1.822242" intensity="1.246382e-001" type="0"/>
    <Peak1D F1="1.809862" intensity="6.126420e-002" type="0"/>
    <Peak1D F1="1.791674" intensity="6.462914e-002" type="0"/>
    <Peak1D F1="1.779966" intensity="5.835178e-002" type="0"/>
    <Peak1D F1="1.765623" intensity="8.127107e-002" type="0"/>
    <Peak1D F1="1.759900" intensity="6.884765e-002" type="0"/>
    <Peak1D F1="1.744980" intensity="1.584398e-001" type="0"/>
    <Peak1D F1="1.729392" intensity="2.058657e-001" type="0"/>
    <Peak1D F1="1.724068" intensity="2.151880e-001" type="0"/>
    <Peak1D F1="1.716974" intensity="2.309088e-001" type="0"/>
    <Peak1D F1="1.708100" intensity="2.603633e-001" type="0"/>
    <Peak1D F1="1.701279" intensity="3.863707e-001" type="0"/>
    <Peak1D F1="1.697004" intensity="3.425415e-001" type="0"/>
    <Peak1D F1="1.687269" intensity="2.867662e-001" type="0"/>
    <Peak1D F1="1.680702" intensity="9.395802e-001" type="0"/>
    <Peak1D F1="1.671037" intensity="5.461630e-001" type="0"/>
    <Peak1D F1="1.656726" intensity="7.848155e-001" type="0"/>
    <Peak1D F1="1.640581" intensity="4.726264e-001" type="0"/>
    <Peak1D F1="1.636330" intensity="5.392414e-001" type="0"/>
    <Peak1D F1="1.632377" intensity="4.388169e-001" type="0"/>
    <Peak1D F1="1.624971" intensity="2.359409e-001" type="0"/>
    <Peak1D F1="1.620300" intensity="2.798094e-001" type="0"/>
    <Peak1D F1="1.616947" intensity="2.656038e-001" type="0"/>
    <Peak1D F1="1.585170" intensity="8.741648e-002" type="0"/>
    <Peak1D F1="1.570802" intensity="8.582701e-002" type="0"/>
    <Peak1D F1="1.549137" intensity="9.141359e-002" type="0"/>
    <Peak1D F1="1.535156" intensity="2.621552e-001" type="0"/>
    <Peak1D F1="1.519715" intensity="1.929602e-001" type="0"/>
    <Peak1D F1="1.512595" intensity="2.177736e-001" type="0"/>
    <Peak1D F1="1.500947" intensity="4.345401e-001" type="0"/>
    <Peak1D F1="1.483408" intensity="5.379454e-001" type="0"/>
    <Peak1D F1="1.470539" intensity="3.743511e-001" type="0"/>
    <Peak1D F1="1.453977" intensity="3.667383e-001" type="0"/>
    <Peak1D F1="1.441376" intensity="8.665178e-002" type="0"/>
    <Peak1D F1="1.435813" intensity="1.219882e-001" type="0"/>
    <Peak1D F1="1.423754" intensity="1.344864e-001" type="0"/>
    <Peak1D F1="1.403417" intensity="4.188244e-002" type="0"/>
    <Peak1D F1="1.381320" intensity="3.353924e-002" type="0"/>
    <Peak1D F1="1.363251" intensity="6.396256e-002" type="0"/>
    <Peak1D F1="1.313620" intensity="2.714415e+000" type="0"/>
    <Peak1D F1="1.283918" intensity="8.743993e-001" type="0"/>
    <Peak1D F1="1.279528" intensity="9.371085e-001" type="0"/>
    <Peak1D F1="1.270923" intensity="9.141911e-001" type="0"/>
    <Peak1D F1="1.264113" intensity="2.200104e+000" type="0"/>
    <Peak1D F1="1.237843" intensity="1.143065e-001" type="0"/>
    <Peak1D F1="1.219038" intensity="1.511315e-001" type="0"/>
    <Peak1D F1="1.214798" intensity="1.420334e-001" type="0"/>
    <Peak1D F1="1.194196" intensity="7.903725e-002" type="0"/>
    <Peak1D F1="1.183028" intensity="1.275146e-001" type="0"/>
    <Peak1D F1="1.154710" intensity="2.905545e-002" type="0"/>
    <Peak1D F1="1.128598" intensity="1.582043e-002" type="0"/>
    <Peak1D F1="1.118738" intensity="1.557048e-002" type="0"/>
    <Peak1D F1="1.104473" intensity="2.187798e-002" type="0"/>
    <Peak1D F1="1.058281" intensity="1.184019e-002" type="0"/>
    <Peak1D F1="1.010890" intensity="8.923819e-003" type="0"/>
    <Peak1D F1="0.981354" intensity="9.887101e-003" type="0"/>
    <Peak1D F1="0.941664" intensity="9.017329e-003" type="0"/>
    <Peak1D F1="0.915894" intensity="1.026381e-002" type="0"/>
    <Peak1D F1="0.900380" intensity="8.976093e-003" type="0"/>
    <Peak1D F1="0.871232" intensity="1.112864e-002" type="0"/>
    <Peak1D F1="0.810861" intensity="2.573953e-002" type="0"/>
    <Peak1D F1="0.792516" intensity="1.846748e-002" type="0"/>
    <Peak1D F1="0.703744" intensity="7.984732e-003" type="0"/>
    <Peak1D F1="0.674176" intensity="8.034630e-003" type="0"/>
    <Peak1D F1="0.358598" intensity="8.277413e-003" type="0"/>
    <Peak1D F1="-0.000156" intensity="1.005547e-001" type="0"/>
    <Peak1D F1="-3.730157" intensity="7.965344e-003" type="0"/>
  </PeakList1D>
</PeakList>
