<?xml version="1.0" encoding="UTF-8"?>
<PeakList>
  <PeakList1D>
    <PeakList1DHeader creator="nmr" date="2021-10-28T19:15:45.936+03:00" expNo="20" name="ID_451_D" owner="" procNo="1" source="//132.72.8.180/400b/Milo/Milo">
      <PeakPickDetails>F1=16.143990ppm, F2=-3.885056ppm, MI=0.00cm, MAXI=10000.00cm, PC=1.000
      </PeakPickDetails>
    </PeakList1DHeader>
    <Peak1D F1="13.495907" intensity="9.518467e-004" type="0"/>
    <Peak1D F1="13.264915" intensity="8.481812e-004" type="0"/>
    <Peak1D F1="12.445737" intensity="9.081597e-004" type="0"/>
    <Peak1D F1="10.083642" intensity="1.651221e-002" type="0"/>
    <Peak1D F1="8.650368" intensity="8.785783e-004" type="0"/>
    <Peak1D F1="8.466806" intensity="1.305882e-003" type="0"/>
    <Peak1D F1="8.420410" intensity="1.638925e-003" type="0"/>
    <Peak1D F1="8.396173" intensity="2.257163e-003" type="0"/>
    <Peak1D F1="8.361908" intensity="3.164780e-003" type="0"/>
    <Peak1D F1="8.346655" intensity="7.878998e-003" type="0"/>
    <Peak1D F1="8.339226" intensity="8.748660e-003" type="0"/>
    <Peak1D F1="8.326066" intensity="1.825775e-002" type="0"/>
    <Peak1D F1="8.304738" intensity="1.766311e-002" type="0"/>
    <Peak1D F1="8.261353" intensity="8.244703e-003" type="0"/>
    <Peak1D F1="8.237187" intensity="2.081083e-002" type="0"/>
    <Peak1D F1="8.218800" intensity="6.190524e-002" type="0"/>
    <Peak1D F1="8.198039" intensity="1.447487e-001" type="0"/>
    <Peak1D F1="8.194074" intensity="1.499228e-001" type="0"/>
    <Peak1D F1="8.176837" intensity="1.449401e-001" type="0"/>
    <Peak1D F1="8.172058" intensity="1.390545e-001" type="0"/>
    <Peak1D F1="8.161529" intensity="7.940786e-002" type="0"/>
    <Peak1D F1="8.155810" intensity="1.003169e-001" type="0"/>
    <Peak1D F1="8.134013" intensity="1.633845e+000" type="0"/>
    <Peak1D F1="8.124716" intensity="5.793454e-001" type="0"/>
    <Peak1D F1="8.112823" intensity="1.637969e+000" type="0"/>
    <Peak1D F1="8.103722" intensity="5.400394e-001" type="0"/>
    <Peak1D F1="8.083252" intensity="4.389669e-002" type="0"/>
    <Peak1D F1="8.076596" intensity="7.442744e-002" type="0"/>
    <Peak1D F1="8.063173" intensity="2.934977e-002" type="0"/>
    <Peak1D F1="8.055081" intensity="1.736873e-002" type="0"/>
    <Peak1D F1="8.033593" intensity="8.012567e-003" type="0"/>
    <Peak1D F1="8.019814" intensity="1.569654e-002" type="0"/>
    <Peak1D F1="7.999087" intensity="1.081958e-002" type="0"/>
    <Peak1D F1="7.919385" intensity="4.579543e-003" type="0"/>
    <Peak1D F1="7.903368" intensity="9.179486e-003" type="0"/>
    <Peak1D F1="7.896942" intensity="6.968829e-003" type="0"/>
    <Peak1D F1="7.886204" intensity="2.091074e-003" type="0"/>
    <Peak1D F1="7.880862" intensity="4.370064e-003" type="0"/>
    <Peak1D F1="7.859768" intensity="4.111516e-003" type="0"/>
    <Peak1D F1="7.837918" intensity="4.717985e-003" type="0"/>
    <Peak1D F1="7.739293" intensity="2.063722e-003" type="0"/>
    <Peak1D F1="7.720055" intensity="2.707287e-003" type="0"/>
    <Peak1D F1="7.678100" intensity="1.073465e-002" type="0"/>
    <Peak1D F1="7.663728" intensity="1.280075e-002" type="0"/>
    <Peak1D F1="7.633904" intensity="4.278669e-002" type="0"/>
    <Peak1D F1="7.611812" intensity="1.337621e-001" type="0"/>
    <Peak1D F1="7.590556" intensity="1.021793e-001" type="0"/>
    <Peak1D F1="7.574926" intensity="2.306886e-002" type="0"/>
    <Peak1D F1="7.571829" intensity="2.285979e-002" type="0"/>
    <Peak1D F1="7.552022" intensity="3.793980e-002" type="0"/>
    <Peak1D F1="7.542014" intensity="5.641146e-002" type="0"/>
    <Peak1D F1="7.525184" intensity="1.046177e-001" type="0"/>
    <Peak1D F1="7.505191" intensity="1.193726e-001" type="0"/>
    <Peak1D F1="7.496838" intensity="1.215995e-001" type="0"/>
    <Peak1D F1="7.477728" intensity="1.690974e+000" type="0"/>
    <Peak1D F1="7.472806" intensity="9.842501e-001" type="0"/>
    <Peak1D F1="7.455785" intensity="1.587852e+000" type="0"/>
    <Peak1D F1="7.450338" intensity="6.064618e-001" type="0"/>
    <Peak1D F1="7.427285" intensity="5.093615e-002" type="0"/>
    <Peak1D F1="7.422482" intensity="4.393485e-002" type="0"/>
    <Peak1D F1="7.405837" intensity="3.652595e-002" type="0"/>
    <Peak1D F1="7.380627" intensity="1.562927e-002" type="0"/>
    <Peak1D F1="7.356586" intensity="1.379401e-002" type="0"/>
    <Peak1D F1="7.334299" intensity="1.766175e-002" type="0"/>
    <Peak1D F1="7.311553" intensity="3.370603e-002" type="0"/>
    <Peak1D F1="7.304480" intensity="4.891663e-002" type="0"/>
    <Peak1D F1="7.297628" intensity="3.204750e-002" type="0"/>
    <Peak1D F1="7.287448" intensity="8.432318e-002" type="0"/>
    <Peak1D F1="7.269020" intensity="2.423415e-002" type="0"/>
    <Peak1D F1="7.238986" intensity="4.378109e+000" type="0"/>
    <Peak1D F1="7.237573" intensity="4.746008e+000" type="0"/>
    <Peak1D F1="7.215119" intensity="3.071374e-003" type="0"/>
    <Peak1D F1="7.202812" intensity="1.648066e-003" type="0"/>
    <Peak1D F1="7.189468" intensity="6.655145e-002" type="0"/>
    <Peak1D F1="7.187509" intensity="7.534859e-002" type="0"/>
    <Peak1D F1="7.134618" intensity="3.343444e-003" type="0"/>
    <Peak1D F1="7.112208" intensity="5.487808e-003" type="0"/>
    <Peak1D F1="7.054834" intensity="9.553290e-002" type="0"/>
    <Peak1D F1="7.049574" intensity="1.125117e-001" type="0"/>
    <Peak1D F1="7.042003" intensity="1.171913e-001" type="0"/>
    <Peak1D F1="7.035237" intensity="6.637225e-002" type="0"/>
    <Peak1D F1="7.023215" intensity="1.659879e-002" type="0"/>
    <Peak1D F1="7.007932" intensity="5.557585e-003" type="0"/>
    <Peak1D F1="6.997040" intensity="9.290428e-003" type="0"/>
    <Peak1D F1="6.990176" intensity="6.910952e-003" type="0"/>
    <Peak1D F1="6.972786" intensity="2.670126e-002" type="0"/>
    <Peak1D F1="6.965023" intensity="1.698147e-002" type="0"/>
    <Peak1D F1="6.959567" intensity="1.660144e-002" type="0"/>
    <Peak1D F1="6.928649" intensity="7.419519e-003" type="0"/>
    <Peak1D F1="6.915202" intensity="7.219367e-002" type="0"/>
    <Peak1D F1="6.909788" intensity="7.494932e-002" type="0"/>
    <Peak1D F1="6.890276" intensity="9.497752e-002" type="0"/>
    <Peak1D F1="6.884841" intensity="9.868500e-002" type="0"/>
    <Peak1D F1="6.876274" intensity="7.638052e-002" type="0"/>
    <Peak1D F1="6.870851" intensity="7.327887e-002" type="0"/>
    <Peak1D F1="6.837724" intensity="2.392325e-003" type="0"/>
    <Peak1D F1="6.827384" intensity="4.585238e-003" type="0"/>
    <Peak1D F1="6.822234" intensity="6.849418e-003" type="0"/>
    <Peak1D F1="6.707445" intensity="1.182460e-003" type="0"/>
    <Peak1D F1="6.668274" intensity="5.341783e-003" type="0"/>
    <Peak1D F1="6.648494" intensity="7.511558e-003" type="0"/>
    <Peak1D F1="6.642421" intensity="7.077341e-003" type="0"/>
    <Peak1D F1="6.628793" intensity="2.035006e-003" type="0"/>
    <Peak1D F1="6.624029" intensity="1.940994e-003" type="0"/>
    <Peak1D F1="6.573963" intensity="8.132981e-003" type="0"/>
    <Peak1D F1="6.564321" intensity="1.809542e-002" type="0"/>
    <Peak1D F1="6.558630" intensity="2.882536e-002" type="0"/>
    <Peak1D F1="6.551468" intensity="2.316159e-002" type="0"/>
    <Peak1D F1="6.543628" intensity="3.019515e-002" type="0"/>
    <Peak1D F1="6.539394" intensity="1.848057e-002" type="0"/>
    <Peak1D F1="6.516491" intensity="7.687143e-003" type="0"/>
    <Peak1D F1="6.493390" intensity="2.577368e-002" type="0"/>
    <Peak1D F1="6.487948" intensity="5.996700e-002" type="0"/>
    <Peak1D F1="6.482447" intensity="5.726038e-002" type="0"/>
    <Peak1D F1="6.476995" intensity="2.473088e-002" type="0"/>
    <Peak1D F1="6.470670" intensity="3.128145e-002" type="0"/>
    <Peak1D F1="6.464945" intensity="5.244273e-002" type="0"/>
    <Peak1D F1="6.459204" intensity="3.155717e-002" type="0"/>
    <Peak1D F1="6.438066" intensity="5.367020e-002" type="0"/>
    <Peak1D F1="6.400362" intensity="3.709014e-003" type="0"/>
    <Peak1D F1="6.392797" intensity="5.836511e-003" type="0"/>
    <Peak1D F1="6.388393" intensity="4.772313e-003" type="0"/>
    <Peak1D F1="6.341099" intensity="1.009222e-002" type="0"/>
    <Peak1D F1="6.336123" intensity="8.944013e-003" type="0"/>
    <Peak1D F1="6.198681" intensity="6.231810e-003" type="0"/>
    <Peak1D F1="6.194071" intensity="3.542128e-003" type="0"/>
    <Peak1D F1="6.154581" intensity="1.888352e-003" type="0"/>
    <Peak1D F1="6.112604" intensity="3.876614e-003" type="0"/>
    <Peak1D F1="6.049804" intensity="6.869763e-002" type="0"/>
    <Peak1D F1="6.028734" intensity="1.004681e-002" type="0"/>
    <Peak1D F1="6.000067" intensity="2.587775e+000" type="0"/>
    <Peak1D F1="5.970633" intensity="1.534622e-002" type="0"/>
    <Peak1D F1="5.965452" intensity="2.235899e-002" type="0"/>
    <Peak1D F1="5.951817" intensity="4.937093e-002" type="0"/>
    <Peak1D F1="5.949800" intensity="5.218315e-002" type="0"/>
    <Peak1D F1="5.944897" intensity="3.599428e-002" type="0"/>
    <Peak1D F1="5.925887" intensity="2.216666e-003" type="0"/>
    <Peak1D F1="5.869937" intensity="1.318479e-003" type="0"/>
    <Peak1D F1="5.800059" intensity="2.804807e-002" type="0"/>
    <Peak1D F1="5.794342" intensity="2.699206e-002" type="0"/>
    <Peak1D F1="5.757135" intensity="6.724871e-003" type="0"/>
    <Peak1D F1="5.708152" intensity="1.958573e-003" type="0"/>
    <Peak1D F1="5.627983" intensity="1.745816e-002" type="0"/>
    <Peak1D F1="5.601001" intensity="1.896637e-002" type="0"/>
    <Peak1D F1="5.565675" intensity="2.276778e-003" type="0"/>
    <Peak1D F1="5.538201" intensity="3.464639e-003" type="0"/>
    <Peak1D F1="5.492573" intensity="8.646968e-003" type="0"/>
    <Peak1D F1="5.451846" intensity="5.013262e-003" type="0"/>
    <Peak1D F1="5.439157" intensity="5.363917e-003" type="0"/>
    <Peak1D F1="5.386292" intensity="1.072527e-002" type="0"/>
    <Peak1D F1="5.334223" intensity="1.778755e-001" type="0"/>
    <Peak1D F1="5.328468" intensity="1.778566e-001" type="0"/>
    <Peak1D F1="5.273890" intensity="3.213781e-003" type="0"/>
    <Peak1D F1="5.267946" intensity="2.544031e-003" type="0"/>
    <Peak1D F1="5.260813" intensity="2.989635e-003" type="0"/>
    <Peak1D F1="5.254487" intensity="2.583513e-003" type="0"/>
    <Peak1D F1="5.243625" intensity="1.806208e-003" type="0"/>
    <Peak1D F1="5.144694" intensity="8.735886e-004" type="0"/>
    <Peak1D F1="4.999785" intensity="3.079915e-003" type="0"/>
    <Peak1D F1="4.978321" intensity="3.657403e-003" type="0"/>
    <Peak1D F1="4.926421" intensity="1.800117e-002" type="0"/>
    <Peak1D F1="4.905304" intensity="2.045602e-002" type="0"/>
    <Peak1D F1="4.883291" intensity="5.737351e-003" type="0"/>
    <Peak1D F1="4.870575" intensity="2.052340e-002" type="0"/>
    <Peak1D F1="4.848843" intensity="2.339546e-002" type="0"/>
    <Peak1D F1="4.820707" intensity="8.103712e-001" type="0"/>
    <Peak1D F1="4.798810" intensity="8.176738e-001" type="0"/>
    <Peak1D F1="4.770903" intensity="2.553076e-002" type="0"/>
    <Peak1D F1="4.748417" intensity="3.805002e-002" type="0"/>
    <Peak1D F1="4.703230" intensity="3.484751e-001" type="0"/>
    <Peak1D F1="4.637858" intensity="1.671103e-002" type="0"/>
    <Peak1D F1="4.616593" intensity="1.091297e-002" type="0"/>
    <Peak1D F1="4.510694" intensity="1.179702e-003" type="0"/>
    <Peak1D F1="4.337971" intensity="1.044919e-003" type="0"/>
    <Peak1D F1="4.327186" intensity="1.080492e-003" type="0"/>
    <Peak1D F1="4.296269" intensity="1.063633e-003" type="0"/>
    <Peak1D F1="4.126418" intensity="3.741240e-003" type="0"/>
    <Peak1D F1="4.105546" intensity="8.003999e-003" type="0"/>
    <Peak1D F1="4.085627" intensity="4.968480e-003" type="0"/>
    <Peak1D F1="4.068962" intensity="5.172044e-003" type="0"/>
    <Peak1D F1="4.055305" intensity="6.876487e-003" type="0"/>
    <Peak1D F1="4.047361" intensity="6.509617e-003" type="0"/>
    <Peak1D F1="4.032223" intensity="4.967797e-003" type="0"/>
    <Peak1D F1="3.939170" intensity="5.351988e-003" type="0"/>
    <Peak1D F1="3.916084" intensity="2.940591e-003" type="0"/>
    <Peak1D F1="3.902153" intensity="3.988553e-003" type="0"/>
    <Peak1D F1="3.863557" intensity="4.292137e-002" type="0"/>
    <Peak1D F1="3.853135" intensity="4.637241e-003" type="0"/>
    <Peak1D F1="3.838154" intensity="6.432082e-003" type="0"/>
    <Peak1D F1="3.826870" intensity="1.066146e-002" type="0"/>
    <Peak1D F1="3.821950" intensity="1.033186e-002" type="0"/>
    <Peak1D F1="3.812132" intensity="2.885306e-002" type="0"/>
    <Peak1D F1="3.796855" intensity="2.319803e-002" type="0"/>
    <Peak1D F1="3.777469" intensity="3.434307e-001" type="0"/>
    <Peak1D F1="3.770930" intensity="1.613597e-001" type="0"/>
    <Peak1D F1="3.762036" intensity="1.324193e+000" type="0"/>
    <Peak1D F1="3.738228" intensity="5.708616e-001" type="0"/>
    <Peak1D F1="3.730076" intensity="5.109920e-001" type="0"/>
    <Peak1D F1="3.725026" intensity="6.469839e-001" type="0"/>
    <Peak1D F1="3.719696" intensity="1.677998e-001" type="0"/>
    <Peak1D F1="3.686118" intensity="7.580217e+000" type="0"/>
    <Peak1D F1="3.661669" intensity="1.200560e-001" type="0"/>
    <Peak1D F1="3.648400" intensity="3.194150e-002" type="0"/>
    <Peak1D F1="3.635999" intensity="1.349352e-001" type="0"/>
    <Peak1D F1="3.620842" intensity="2.115499e-002" type="0"/>
    <Peak1D F1="3.613366" intensity="2.390232e-002" type="0"/>
    <Peak1D F1="3.608647" intensity="2.733825e-002" type="0"/>
    <Peak1D F1="3.595646" intensity="7.117581e-003" type="0"/>
    <Peak1D F1="3.581411" intensity="7.103895e-002" type="0"/>
    <Peak1D F1="3.566004" intensity="2.765852e-002" type="0"/>
    <Peak1D F1="3.556364" intensity="6.070150e-003" type="0"/>
    <Peak1D F1="3.534035" intensity="1.333190e-001" type="0"/>
    <Peak1D F1="3.503878" intensity="4.280695e-002" type="0"/>
    <Peak1D F1="3.492297" intensity="8.822445e-003" type="0"/>
    <Peak1D F1="3.467988" intensity="1.153251e-002" type="0"/>
    <Peak1D F1="3.454682" intensity="1.767309e-002" type="0"/>
    <Peak1D F1="3.447431" intensity="1.495443e-002" type="0"/>
    <Peak1D F1="3.433493" intensity="1.920579e-002" type="0"/>
    <Peak1D F1="3.415174" intensity="8.849816e-003" type="0"/>
    <Peak1D F1="3.381271" intensity="3.374887e-002" type="0"/>
    <Peak1D F1="3.354907" intensity="3.544017e-002" type="0"/>
    <Peak1D F1="3.261113" intensity="2.209951e-003" type="0"/>
    <Peak1D F1="3.242874" intensity="1.699543e-003" type="0"/>
    <Peak1D F1="3.221264" intensity="3.517427e-003" type="0"/>
    <Peak1D F1="3.205006" intensity="3.973404e-003" type="0"/>
    <Peak1D F1="3.193755" intensity="5.518452e-003" type="0"/>
    <Peak1D F1="3.175873" intensity="2.823692e-003" type="0"/>
    <Peak1D F1="3.146864" intensity="2.982266e-003" type="0"/>
    <Peak1D F1="3.128824" intensity="1.370881e-002" type="0"/>
    <Peak1D F1="3.100505" intensity="3.615590e-003" type="0"/>
    <Peak1D F1="2.957568" intensity="2.126314e-002" type="0"/>
    <Peak1D F1="2.950733" intensity="2.410253e-002" type="0"/>
    <Peak1D F1="2.939480" intensity="3.909104e-002" type="0"/>
    <Peak1D F1="2.932515" intensity="3.947515e-002" type="0"/>
    <Peak1D F1="2.921146" intensity="2.010746e-002" type="0"/>
    <Peak1D F1="2.914272" intensity="2.407152e-002" type="0"/>
    <Peak1D F1="2.891943" intensity="3.722136e-003" type="0"/>
    <Peak1D F1="2.809031" intensity="2.237033e-003" type="0"/>
    <Peak1D F1="2.787495" intensity="1.102169e-002" type="0"/>
    <Peak1D F1="2.779265" intensity="1.273995e-002" type="0"/>
    <Peak1D F1="2.760460" intensity="2.063284e-002" type="0"/>
    <Peak1D F1="2.753033" intensity="2.053005e-002" type="0"/>
    <Peak1D F1="2.744802" intensity="1.525893e-002" type="0"/>
    <Peak1D F1="2.734502" intensity="1.283950e-002" type="0"/>
    <Peak1D F1="2.699852" intensity="8.079651e-003" type="0"/>
    <Peak1D F1="2.678317" intensity="9.174345e-003" type="0"/>
    <Peak1D F1="2.670981" intensity="5.102371e-003" type="0"/>
    <Peak1D F1="2.657207" intensity="3.082451e-003" type="0"/>
    <Peak1D F1="2.648858" intensity="7.089541e-003" type="0"/>
    <Peak1D F1="2.627371" intensity="3.124386e-003" type="0"/>
    <Peak1D F1="2.544282" intensity="1.269775e-003" type="0"/>
    <Peak1D F1="2.513757" intensity="1.944254e-003" type="0"/>
    <Peak1D F1="2.494989" intensity="2.304401e-003" type="0"/>
    <Peak1D F1="2.480192" intensity="2.114052e-003" type="0"/>
    <Peak1D F1="2.469868" intensity="2.088858e-003" type="0"/>
    <Peak1D F1="2.450156" intensity="9.679983e-003" type="0"/>
    <Peak1D F1="2.427359" intensity="2.375306e-002" type="0"/>
    <Peak1D F1="2.399583" intensity="1.958732e-001" type="0"/>
    <Peak1D F1="2.393777" intensity="1.818275e-001" type="0"/>
    <Peak1D F1="2.377098" intensity="3.877988e-001" type="0"/>
    <Peak1D F1="2.354817" intensity="5.541897e-001" type="0"/>
    <Peak1D F1="2.333986" intensity="4.588294e-001" type="0"/>
    <Peak1D F1="2.325944" intensity="5.114547e-001" type="0"/>
    <Peak1D F1="2.304092" intensity="2.307459e-001" type="0"/>
    <Peak1D F1="2.280910" intensity="8.347015e-002" type="0"/>
    <Peak1D F1="2.274232" intensity="9.892864e-002" type="0"/>
    <Peak1D F1="2.260976" intensity="1.175516e-001" type="0"/>
    <Peak1D F1="2.255096" intensity="1.088612e-001" type="0"/>
    <Peak1D F1="2.241703" intensity="1.239321e-001" type="0"/>
    <Peak1D F1="2.224772" intensity="9.451368e-002" type="0"/>
    <Peak1D F1="2.214409" intensity="2.489694e-001" type="0"/>
    <Peak1D F1="2.207396" intensity="1.055883e-001" type="0"/>
    <Peak1D F1="2.191384" intensity="3.687480e-001" type="0"/>
    <Peak1D F1="2.188399" intensity="3.583774e-001" type="0"/>
    <Peak1D F1="2.165798" intensity="4.650902e-001" type="0"/>
    <Peak1D F1="2.142416" intensity="3.915083e-001" type="0"/>
    <Peak1D F1="2.140002" intensity="3.934278e-001" type="0"/>
    <Peak1D F1="2.130726" intensity="5.151580e-001" type="0"/>
    <Peak1D F1="2.116152" intensity="6.249105e-001" type="0"/>
    <Peak1D F1="2.100105" intensity="5.179756e+000" type="0"/>
    <Peak1D F1="2.091733" intensity="4.471403e+000" type="0"/>
    <Peak1D F1="2.080930" intensity="1.500000e+001" type="0"/>
    <Peak1D F1="2.071022" intensity="4.602463e+000" type="0"/>
    <Peak1D F1="2.062523" intensity="7.822231e+000" type="0"/>
    <Peak1D F1="2.036642" intensity="5.086203e-001" type="0"/>
    <Peak1D F1="2.031179" intensity="5.659447e-001" type="0"/>
    <Peak1D F1="2.013067" intensity="3.003389e-001" type="0"/>
    <Peak1D F1="1.993928" intensity="1.606448e-001" type="0"/>
    <Peak1D F1="1.986959" intensity="1.808561e-001" type="0"/>
    <Peak1D F1="1.975805" intensity="1.874572e-001" type="0"/>
    <Peak1D F1="1.969342" intensity="1.890906e-001" type="0"/>
    <Peak1D F1="1.952659" intensity="5.048659e-001" type="0"/>
    <Peak1D F1="1.934999" intensity="3.564149e+000" type="0"/>
    <Peak1D F1="1.924331" intensity="9.852562e-001" type="0"/>
    <Peak1D F1="1.917076" intensity="1.230545e+000" type="0"/>
    <Peak1D F1="1.913683" intensity="1.219987e+000" type="0"/>
    <Peak1D F1="1.902726" intensity="7.937958e+000" type="0"/>
    <Peak1D F1="1.892587" intensity="7.218872e+000" type="0"/>
    <Peak1D F1="1.883264" intensity="1.491155e+001" type="0"/>
    <Peak1D F1="1.873517" intensity="6.515525e+000" type="0"/>
    <Peak1D F1="1.864077" intensity="5.167897e+000" type="0"/>
    <Peak1D F1="1.851407" intensity="8.069233e-001" type="0"/>
    <Peak1D F1="1.841540" intensity="4.850077e-001" type="0"/>
    <Peak1D F1="1.833611" intensity="4.478848e-001" type="0"/>
    <Peak1D F1="1.825902" intensity="2.678342e-001" type="0"/>
    <Peak1D F1="1.814728" intensity="1.897278e-001" type="0"/>
    <Peak1D F1="1.775698" intensity="7.023545e-002" type="0"/>
    <Peak1D F1="1.764888" intensity="7.914123e-002" type="0"/>
    <Peak1D F1="1.763237" intensity="7.910597e-002" type="0"/>
    <Peak1D F1="1.751882" intensity="8.333979e-002" type="0"/>
    <Peak1D F1="1.735674" intensity="1.395025e-001" type="0"/>
    <Peak1D F1="1.715979" intensity="2.314667e-001" type="0"/>
    <Peak1D F1="1.700168" intensity="4.074357e-001" type="0"/>
    <Peak1D F1="1.693182" intensity="3.960083e-001" type="0"/>
    <Peak1D F1="1.677000" intensity="6.545454e-001" type="0"/>
    <Peak1D F1="1.657314" intensity="4.669952e-001" type="0"/>
    <Peak1D F1="1.652859" intensity="4.076933e-001" type="0"/>
    <Peak1D F1="1.646610" intensity="3.404056e-001" type="0"/>
    <Peak1D F1="1.641328" intensity="3.060224e-001" type="0"/>
    <Peak1D F1="1.624704" intensity="1.991644e-001" type="0"/>
    <Peak1D F1="1.609962" intensity="1.579016e-001" type="0"/>
    <Peak1D F1="1.597626" intensity="6.526295e-002" type="0"/>
    <Peak1D F1="1.589363" intensity="4.903267e-002" type="0"/>
    <Peak1D F1="1.582119" intensity="4.278345e-002" type="0"/>
    <Peak1D F1="1.568988" intensity="4.080842e-002" type="0"/>
    <Peak1D F1="1.560133" intensity="3.978443e-002" type="0"/>
    <Peak1D F1="1.554092" intensity="4.416331e-002" type="0"/>
    <Peak1D F1="1.546863" intensity="6.047640e-002" type="0"/>
    <Peak1D F1="1.541820" intensity="8.094260e-002" type="0"/>
    <Peak1D F1="1.535105" intensity="1.049029e-001" type="0"/>
    <Peak1D F1="1.527186" intensity="1.441080e-001" type="0"/>
    <Peak1D F1="1.508232" intensity="2.754622e-001" type="0"/>
    <Peak1D F1="1.491073" intensity="2.627873e-001" type="0"/>
    <Peak1D F1="1.478445" intensity="2.426694e-001" type="0"/>
    <Peak1D F1="1.461631" intensity="2.146171e-001" type="0"/>
    <Peak1D F1="1.443382" intensity="6.675741e-002" type="0"/>
    <Peak1D F1="1.437433" intensity="4.469749e-002" type="0"/>
    <Peak1D F1="1.430402" intensity="4.552495e-002" type="0"/>
    <Peak1D F1="1.427039" intensity="4.868503e-002" type="0"/>
    <Peak1D F1="1.413009" intensity="2.198489e-002" type="0"/>
    <Peak1D F1="1.393383" intensity="1.551628e-002" type="0"/>
    <Peak1D F1="1.385298" intensity="1.491052e-002" type="0"/>
    <Peak1D F1="1.363713" intensity="1.635877e-002" type="0"/>
    <Peak1D F1="1.350023" intensity="2.476124e-002" type="0"/>
    <Peak1D F1="1.331984" intensity="1.478578e-002" type="0"/>
    <Peak1D F1="1.302567" intensity="1.075421e-002" type="0"/>
    <Peak1D F1="1.255855" intensity="1.120687e-002" type="0"/>
    <Peak1D F1="1.225875" intensity="1.713136e-002" type="0"/>
    <Peak1D F1="1.208423" intensity="1.701644e-002" type="0"/>
    <Peak1D F1="1.178608" intensity="3.332179e-002" type="0"/>
    <Peak1D F1="1.158100" intensity="1.021661e-002" type="0"/>
    <Peak1D F1="1.149187" intensity="8.309352e-003" type="0"/>
    <Peak1D F1="1.126939" intensity="1.624118e-002" type="0"/>
    <Peak1D F1="1.111747" intensity="1.487622e-002" type="0"/>
    <Peak1D F1="1.037948" intensity="4.714015e-003" type="0"/>
    <Peak1D F1="1.018884" intensity="4.967318e-003" type="0"/>
    <Peak1D F1="1.000249" intensity="4.067598e-003" type="0"/>
    <Peak1D F1="0.992206" intensity="4.083242e-003" type="0"/>
    <Peak1D F1="0.919998" intensity="3.622221e-003" type="0"/>
    <Peak1D F1="0.909994" intensity="3.395360e-003" type="0"/>
    <Peak1D F1="0.891969" intensity="3.324103e-003" type="0"/>
    <Peak1D F1="0.856785" intensity="3.639288e-003" type="0"/>
    <Peak1D F1="0.815553" intensity="6.312457e-003" type="0"/>
    <Peak1D F1="0.799652" intensity="1.031166e-002" type="0"/>
    <Peak1D F1="0.782501" intensity="7.907126e-003" type="0"/>
    <Peak1D F1="0.754766" intensity="7.243847e-003" type="0"/>
    <Peak1D F1="0.737206" intensity="5.873342e-003" type="0"/>
    <Peak1D F1="0.719699" intensity="4.409169e-003" type="0"/>
    <Peak1D F1="0.700604" intensity="2.909235e-003" type="0"/>
    <Peak1D F1="0.646509" intensity="2.367249e-003" type="0"/>
    <Peak1D F1="0.629599" intensity="2.087896e-003" type="0"/>
    <Peak1D F1="0.609195" intensity="2.065822e-003" type="0"/>
    <Peak1D F1="0.575697" intensity="1.952064e-003" type="0"/>
    <Peak1D F1="0.517808" intensity="1.558028e-003" type="0"/>
    <Peak1D F1="0.500490" intensity="1.664242e-003" type="0"/>
    <Peak1D F1="0.493458" intensity="1.544165e-003" type="0"/>
    <Peak1D F1="0.475990" intensity="1.727013e-003" type="0"/>
    <Peak1D F1="0.447088" intensity="1.451868e-003" type="0"/>
    <Peak1D F1="0.411624" intensity="1.523375e-003" type="0"/>
    <Peak1D F1="0.362885" intensity="1.415101e-003" type="0"/>
    <Peak1D F1="0.338806" intensity="1.356076e-003" type="0"/>
    <Peak1D F1="0.329271" intensity="1.088289e-003" type="0"/>
    <Peak1D F1="0.250767" intensity="1.364705e-003" type="0"/>
    <Peak1D F1="0.226369" intensity="9.868124e-004" type="0"/>
    <Peak1D F1="0.160678" intensity="1.359181e-003" type="0"/>
    <Peak1D F1="0.146679" intensity="1.093601e-003" type="0"/>
    <Peak1D F1="0.128441" intensity="1.146147e-003" type="0"/>
    <Peak1D F1="0.075453" intensity="1.024614e-003" type="0"/>
    <Peak1D F1="0.065609" intensity="1.044695e-003" type="0"/>
    <Peak1D F1="0.051027" intensity="1.918299e-003" type="0"/>
    <Peak1D F1="0.032247" intensity="1.086424e-003" type="0"/>
    <Peak1D F1="-0.000157" intensity="8.166313e-002" type="0"/>
    <Peak1D F1="-0.027483" intensity="1.973168e-003" type="0"/>
    <Peak1D F1="-0.048910" intensity="2.420756e-003" type="0"/>
    <Peak1D F1="-0.071791" intensity="8.850477e-004" type="0"/>
    <Peak1D F1="-0.105191" intensity="9.097995e-004" type="0"/>
    <Peak1D F1="-0.170404" intensity="8.932270e-004" type="0"/>
    <Peak1D F1="-0.199642" intensity="8.443731e-004" type="0"/>
    <Peak1D F1="-3.040355" intensity="9.350116e-004" type="0"/>
    <Peak1D F1="-3.351305" intensity="9.642208e-004" type="0"/>
    <Peak1D F1="-3.372483" intensity="9.342679e-004" type="0"/>
    <Peak1D F1="-3.388182" intensity="8.597636e-004" type="0"/>
    <Peak1D F1="-3.394082" intensity="8.894792e-004" type="0"/>
    <Peak1D F1="-3.483119" intensity="9.316925e-004" type="0"/>
    <Peak1D F1="-3.595756" intensity="9.162570e-004" type="0"/>
    <Peak1D F1="-3.620586" intensity="9.563366e-004" type="0"/>
    <Peak1D F1="-3.645493" intensity="9.896934e-004" type="0"/>
    <Peak1D F1="-3.660084" intensity="8.555421e-004" type="0"/>
    <Peak1D F1="-3.750430" intensity="9.680581e-004" type="0"/>
  </PeakList1D>
</PeakList>
