<?xml version="1.0" encoding="UTF-8"?>
<PeakList>
  <PeakList1D>
    <PeakList1DHeader creator="nmr" date="2021-08-02T14:02:06.122+03:00" expNo="20" name="ID-420-A" owner="" procNo="1" source="//132.72.8.180/400b/Milo/Milo">
      <PeakPickDetails>F1=16.099350ppm, F2=-3.929695ppm, MI=0.00cm, MAXI=10000.00cm, PC=1.000
      </PeakPickDetails>
    </PeakList1DHeader>
    <Peak1D F1="10.314025" intensity="1.655980e-002" type="0"/>
    <Peak1D F1="10.197341" intensity="7.143172e-003" type="0"/>
    <Peak1D F1="10.184691" intensity="7.730109e-003" type="0"/>
    <Peak1D F1="10.143791" intensity="5.108851e-002" type="0"/>
    <Peak1D F1="10.124326" intensity="2.848912e-002" type="0"/>
    <Peak1D F1="10.093637" intensity="3.048261e+000" type="0"/>
    <Peak1D F1="10.061675" intensity="2.086039e-002" type="0"/>
    <Peak1D F1="10.043759" intensity="4.616132e-002" type="0"/>
    <Peak1D F1="9.867640" intensity="1.509136e-002" type="0"/>
    <Peak1D F1="8.551065" intensity="9.950412e-003" type="0"/>
    <Peak1D F1="8.528893" intensity="1.120409e-002" type="0"/>
    <Peak1D F1="8.391578" intensity="4.476878e-002" type="0"/>
    <Peak1D F1="8.370082" intensity="6.279825e-002" type="0"/>
    <Peak1D F1="8.341475" intensity="2.031275e+000" type="0"/>
    <Peak1D F1="8.319837" intensity="2.328639e+000" type="0"/>
    <Peak1D F1="8.291604" intensity="3.753439e-002" type="0"/>
    <Peak1D F1="8.270067" intensity="5.160568e-002" type="0"/>
    <Peak1D F1="8.250476" intensity="3.556107e-002" type="0"/>
    <Peak1D F1="8.228548" intensity="4.358583e-002" type="0"/>
    <Peak1D F1="8.213546" intensity="9.190752e-002" type="0"/>
    <Peak1D F1="8.208458" intensity="8.138187e-002" type="0"/>
    <Peak1D F1="8.191461" intensity="9.724171e-002" type="0"/>
    <Peak1D F1="8.185818" intensity="8.324992e-002" type="0"/>
    <Peak1D F1="8.157928" intensity="2.100473e+000" type="0"/>
    <Peak1D F1="8.136290" intensity="2.216429e+000" type="0"/>
    <Peak1D F1="8.130867" intensity="4.412591e-001" type="0"/>
    <Peak1D F1="8.107667" intensity="6.229154e-002" type="0"/>
    <Peak1D F1="8.085889" intensity="4.398855e-002" type="0"/>
    <Peak1D F1="8.070006" intensity="5.527387e-002" type="0"/>
    <Peak1D F1="8.048911" intensity="5.798413e-002" type="0"/>
    <Peak1D F1="8.024885" intensity="4.326302e-001" type="0"/>
    <Peak1D F1="8.019953" intensity="2.626833e+000" type="0"/>
    <Peak1D F1="8.015966" intensity="8.067279e-001" type="0"/>
    <Peak1D F1="8.002697" intensity="7.904257e-001" type="0"/>
    <Peak1D F1="7.998765" intensity="2.162011e+000" type="0"/>
    <Peak1D F1="7.993924" intensity="3.081224e-001" type="0"/>
    <Peak1D F1="7.970052" intensity="3.913937e-002" type="0"/>
    <Peak1D F1="7.948751" intensity="3.692095e-002" type="0"/>
    <Peak1D F1="7.928222" intensity="6.485369e-003" type="0"/>
    <Peak1D F1="7.826928" intensity="8.277274e-003" type="0"/>
    <Peak1D F1="7.808127" intensity="1.503604e-002" type="0"/>
    <Peak1D F1="7.792513" intensity="8.335743e-003" type="0"/>
    <Peak1D F1="7.679434" intensity="1.013960e-002" type="0"/>
    <Peak1D F1="7.660233" intensity="1.061074e-002" type="0"/>
    <Peak1D F1="7.606637" intensity="6.199456e-002" type="0"/>
    <Peak1D F1="7.601515" intensity="8.778419e-002" type="0"/>
    <Peak1D F1="7.587138" intensity="9.138855e-002" type="0"/>
    <Peak1D F1="7.557137" intensity="1.658081e-002" type="0"/>
    <Peak1D F1="7.545968" intensity="2.629044e-002" type="0"/>
    <Peak1D F1="7.527586" intensity="9.968312e-002" type="0"/>
    <Peak1D F1="7.506129" intensity="1.636437e-001" type="0"/>
    <Peak1D F1="7.480383" intensity="2.225749e+000" type="0"/>
    <Peak1D F1="7.458392" intensity="2.096632e+000" type="0"/>
    <Peak1D F1="7.440098" intensity="8.174316e-002" type="0"/>
    <Peak1D F1="7.430963" intensity="4.549960e-002" type="0"/>
    <Peak1D F1="7.408440" intensity="3.804714e-002" type="0"/>
    <Peak1D F1="7.394513" intensity="1.021519e-002" type="0"/>
    <Peak1D F1="7.356012" intensity="9.778759e-003" type="0"/>
    <Peak1D F1="7.311052" intensity="2.101822e-002" type="0"/>
    <Peak1D F1="7.291512" intensity="2.589158e-002" type="0"/>
    <Peak1D F1="7.272068" intensity="2.044247e-002" type="0"/>
    <Peak1D F1="7.244209" intensity="1.066470e-001" type="0"/>
    <Peak1D F1="7.194407" intensity="6.234726e+000" type="0"/>
    <Peak1D F1="7.144271" intensity="9.012613e-002" type="0"/>
    <Peak1D F1="7.013103" intensity="2.219539e-002" type="0"/>
    <Peak1D F1="7.007243" intensity="1.733106e-002" type="0"/>
    <Peak1D F1="6.996529" intensity="2.293539e-002" type="0"/>
    <Peak1D F1="6.990546" intensity="4.505106e-002" type="0"/>
    <Peak1D F1="6.968020" intensity="2.149584e-002" type="0"/>
    <Peak1D F1="6.930470" intensity="3.359518e-002" type="0"/>
    <Peak1D F1="6.880493" intensity="7.029728e-003" type="0"/>
    <Peak1D F1="6.847228" intensity="2.503327e-002" type="0"/>
    <Peak1D F1="6.840663" intensity="4.383884e-002" type="0"/>
    <Peak1D F1="6.835472" intensity="3.684876e-002" type="0"/>
    <Peak1D F1="6.824752" intensity="4.426116e-002" type="0"/>
    <Peak1D F1="6.818467" intensity="6.544912e-002" type="0"/>
    <Peak1D F1="6.812944" intensity="4.357092e-002" type="0"/>
    <Peak1D F1="6.802556" intensity="2.231748e-002" type="0"/>
    <Peak1D F1="6.795854" intensity="2.853231e-002" type="0"/>
    <Peak1D F1="6.321185" intensity="6.444842e-003" type="0"/>
    <Peak1D F1="6.215253" intensity="1.432979e-002" type="0"/>
    <Peak1D F1="6.116518" intensity="1.074951e-001" type="0"/>
    <Peak1D F1="6.095080" intensity="2.217897e-002" type="0"/>
    <Peak1D F1="6.066982" intensity="7.706799e-002" type="0"/>
    <Peak1D F1="6.016740" intensity="4.875747e+000" type="0"/>
    <Peak1D F1="5.966678" intensity="7.617128e-002" type="0"/>
    <Peak1D F1="5.854060" intensity="2.473568e-002" type="0"/>
    <Peak1D F1="5.841526" intensity="2.685260e-002" type="0"/>
    <Peak1D F1="5.814432" intensity="1.438905e-002" type="0"/>
    <Peak1D F1="5.489599" intensity="7.100062e-003" type="0"/>
    <Peak1D F1="5.453794" intensity="6.567746e-003" type="0"/>
    <Peak1D F1="5.433164" intensity="6.627270e-003" type="0"/>
    <Peak1D F1="5.385956" intensity="5.506210e-002" type="0"/>
    <Peak1D F1="5.356810" intensity="4.187834e-002" type="0"/>
    <Peak1D F1="5.349227" intensity="4.562016e-002" type="0"/>
    <Peak1D F1="5.303948" intensity="6.742316e-003" type="0"/>
    <Peak1D F1="5.057891" intensity="7.773431e-003" type="0"/>
    <Peak1D F1="4.993927" intensity="7.537390e-003" type="0"/>
    <Peak1D F1="4.968628" intensity="1.291425e-002" type="0"/>
    <Peak1D F1="4.945452" intensity="1.094858e-002" type="0"/>
    <Peak1D F1="4.919779" intensity="8.498190e-003" type="0"/>
    <Peak1D F1="4.885811" intensity="1.447679e-002" type="0"/>
    <Peak1D F1="4.869777" intensity="1.379070e-002" type="0"/>
    <Peak1D F1="4.840758" intensity="3.187307e-002" type="0"/>
    <Peak1D F1="4.817311" intensity="3.936298e-002" type="0"/>
    <Peak1D F1="4.790233" intensity="1.147431e+000" type="0"/>
    <Peak1D F1="4.767386" intensity="1.172081e+000" type="0"/>
    <Peak1D F1="4.739892" intensity="5.834468e-002" type="0"/>
    <Peak1D F1="4.717206" intensity="6.917259e-002" type="0"/>
    <Peak1D F1="4.669737" intensity="7.855891e-002" type="0"/>
    <Peak1D F1="4.493407" intensity="1.227122e-002" type="0"/>
    <Peak1D F1="4.475091" intensity="1.004071e-002" type="0"/>
    <Peak1D F1="4.440027" intensity="9.749451e-003" type="0"/>
    <Peak1D F1="4.412693" intensity="7.989408e-003" type="0"/>
    <Peak1D F1="3.988009" intensity="6.507698e-003" type="0"/>
    <Peak1D F1="3.968362" intensity="9.025993e-003" type="0"/>
    <Peak1D F1="3.953802" intensity="8.933906e-003" type="0"/>
    <Peak1D F1="3.904761" intensity="7.077825e-003" type="0"/>
    <Peak1D F1="3.893856" intensity="7.189604e-003" type="0"/>
    <Peak1D F1="3.877409" intensity="7.769644e-002" type="0"/>
    <Peak1D F1="3.860972" intensity="7.215740e-003" type="0"/>
    <Peak1D F1="3.843722" intensity="4.581769e-002" type="0"/>
    <Peak1D F1="3.822253" intensity="2.931667e-002" type="0"/>
    <Peak1D F1="3.810430" intensity="3.244618e-001" type="0"/>
    <Peak1D F1="3.772999" intensity="1.844661e-002" type="0"/>
    <Peak1D F1="3.749816" intensity="2.554517e-001" type="0"/>
    <Peak1D F1="3.745039" intensity="2.150917e-001" type="0"/>
    <Peak1D F1="3.699874" intensity="1.500000e+001" type="0"/>
    <Peak1D F1="3.649976" intensity="2.328777e-001" type="0"/>
    <Peak1D F1="3.624722" intensity="1.136101e-002" type="0"/>
    <Peak1D F1="3.597886" intensity="8.184260e-003" type="0"/>
    <Peak1D F1="3.517672" intensity="7.904537e-002" type="0"/>
    <Peak1D F1="3.415168" intensity="8.493162e-003" type="0"/>
    <Peak1D F1="2.789751" intensity="6.413639e-003" type="0"/>
    <Peak1D F1="2.770166" intensity="6.593564e-003" type="0"/>
    <Peak1D F1="2.735279" intensity="1.128446e-002" type="0"/>
    <Peak1D F1="2.718019" intensity="9.141003e-003" type="0"/>
    <Peak1D F1="2.706657" intensity="6.299675e-003" type="0"/>
    <Peak1D F1="2.437562" intensity="1.808654e-001" type="0"/>
    <Peak1D F1="2.433260" intensity="2.054588e-001" type="0"/>
    <Peak1D F1="2.416824" intensity="2.146732e-001" type="0"/>
    <Peak1D F1="2.411964" intensity="2.023183e-001" type="0"/>
    <Peak1D F1="2.388287" intensity="3.159580e-001" type="0"/>
    <Peak1D F1="2.384344" intensity="2.944476e-001" type="0"/>
    <Peak1D F1="2.363712" intensity="3.728080e-001" type="0"/>
    <Peak1D F1="2.350668" intensity="2.302144e-001" type="0"/>
    <Peak1D F1="2.327763" intensity="3.936506e-001" type="0"/>
    <Peak1D F1="2.320409" intensity="2.370643e-001" type="0"/>
    <Peak1D F1="2.317128" intensity="2.115104e-001" type="0"/>
    <Peak1D F1="2.307885" intensity="3.027856e-001" type="0"/>
    <Peak1D F1="2.304662" intensity="2.818595e-001" type="0"/>
    <Peak1D F1="2.297744" intensity="3.673961e-001" type="0"/>
    <Peak1D F1="2.277542" intensity="2.389597e-001" type="0"/>
    <Peak1D F1="2.252675" intensity="3.722365e-001" type="0"/>
    <Peak1D F1="2.230360" intensity="4.328188e-001" type="0"/>
    <Peak1D F1="2.226788" intensity="4.401046e-001" type="0"/>
    <Peak1D F1="2.203957" intensity="5.515721e-001" type="0"/>
    <Peak1D F1="2.196302" intensity="1.094210e-001" type="0"/>
    <Peak1D F1="2.182406" intensity="2.987404e-001" type="0"/>
    <Peak1D F1="2.177747" intensity="2.976578e-001" type="0"/>
    <Peak1D F1="2.155318" intensity="3.610874e-001" type="0"/>
    <Peak1D F1="2.146865" intensity="2.550632e-001" type="0"/>
    <Peak1D F1="2.116881" intensity="2.846245e+000" type="0"/>
    <Peak1D F1="2.107625" intensity="2.298283e+000" type="0"/>
    <Peak1D F1="2.097113" intensity="9.020493e+000" type="0"/>
    <Peak1D F1="2.085603" intensity="2.409493e+000" type="0"/>
    <Peak1D F1="2.078356" intensity="4.586116e+000" type="0"/>
    <Peak1D F1="2.052855" intensity="2.454184e-001" type="0"/>
    <Peak1D F1="2.047616" intensity="2.639616e-001" type="0"/>
    <Peak1D F1="2.028477" intensity="1.360347e-001" type="0"/>
    <Peak1D F1="1.998625" intensity="8.540439e-002" type="0"/>
    <Peak1D F1="1.986915" intensity="2.185891e-001" type="0"/>
    <Peak1D F1="1.982334" intensity="1.986963e-001" type="0"/>
    <Peak1D F1="1.970283" intensity="2.293616e-001" type="0"/>
    <Peak1D F1="1.965026" intensity="3.132730e-001" type="0"/>
    <Peak1D F1="1.959522" intensity="4.124617e-001" type="0"/>
    <Peak1D F1="1.955076" intensity="3.781213e-001" type="0"/>
    <Peak1D F1="1.949843" intensity="3.928814e-001" type="0"/>
    <Peak1D F1="1.942218" intensity="5.458518e-001" type="0"/>
    <Peak1D F1="1.932959" intensity="6.437227e-001" type="0"/>
    <Peak1D F1="1.925698" intensity="6.065962e-001" type="0"/>
    <Peak1D F1="1.920737" intensity="6.600943e-001" type="0"/>
    <Peak1D F1="1.910883" intensity="4.633384e+000" type="0"/>
    <Peak1D F1="1.899759" intensity="3.894779e+000" type="0"/>
    <Peak1D F1="1.891258" intensity="9.448448e+000" type="0"/>
    <Peak1D F1="1.881015" intensity="3.554525e+000" type="0"/>
    <Peak1D F1="1.871901" intensity="3.017960e+000" type="0"/>
    <Peak1D F1="1.859218" intensity="3.925392e-001" type="0"/>
    <Peak1D F1="1.849588" intensity="2.454178e-001" type="0"/>
    <Peak1D F1="1.841214" intensity="2.304517e-001" type="0"/>
    <Peak1D F1="1.831792" intensity="1.264382e-001" type="0"/>
    <Peak1D F1="1.821808" intensity="1.017501e-001" type="0"/>
    <Peak1D F1="1.801952" intensity="5.597332e-002" type="0"/>
    <Peak1D F1="1.760399" intensity="5.113951e-002" type="0"/>
    <Peak1D F1="1.745416" intensity="1.333706e-001" type="0"/>
    <Peak1D F1="1.729704" intensity="1.773591e-001" type="0"/>
    <Peak1D F1="1.724249" intensity="1.771930e-001" type="0"/>
    <Peak1D F1="1.717368" intensity="2.016614e-001" type="0"/>
    <Peak1D F1="1.708330" intensity="2.055671e-001" type="0"/>
    <Peak1D F1="1.701514" intensity="3.380393e-001" type="0"/>
    <Peak1D F1="1.697323" intensity="2.970283e-001" type="0"/>
    <Peak1D F1="1.687369" intensity="2.380940e-001" type="0"/>
    <Peak1D F1="1.680859" intensity="7.835193e-001" type="0"/>
    <Peak1D F1="1.671256" intensity="4.570292e-001" type="0"/>
    <Peak1D F1="1.657089" intensity="6.493794e-001" type="0"/>
    <Peak1D F1="1.640381" intensity="3.662192e-001" type="0"/>
    <Peak1D F1="1.636327" intensity="4.293213e-001" type="0"/>
    <Peak1D F1="1.624735" intensity="1.591650e-001" type="0"/>
    <Peak1D F1="1.620218" intensity="2.097937e-001" type="0"/>
    <Peak1D F1="1.617150" intensity="2.044868e-001" type="0"/>
    <Peak1D F1="1.583620" intensity="4.498404e-002" type="0"/>
    <Peak1D F1="1.570858" intensity="4.263986e-002" type="0"/>
    <Peak1D F1="1.560874" intensity="4.329584e-002" type="0"/>
    <Peak1D F1="1.534932" intensity="1.936493e-001" type="0"/>
    <Peak1D F1="1.519661" intensity="1.451888e-001" type="0"/>
    <Peak1D F1="1.512437" intensity="1.697455e-001" type="0"/>
    <Peak1D F1="1.500661" intensity="3.549682e-001" type="0"/>
    <Peak1D F1="1.483266" intensity="4.450334e-001" type="0"/>
    <Peak1D F1="1.470466" intensity="3.120528e-001" type="0"/>
    <Peak1D F1="1.453368" intensity="3.207898e-001" type="0"/>
    <Peak1D F1="1.441192" intensity="6.479083e-002" type="0"/>
    <Peak1D F1="1.435635" intensity="8.909197e-002" type="0"/>
    <Peak1D F1="1.423608" intensity="1.068871e-001" type="0"/>
    <Peak1D F1="1.358794" intensity="1.872588e-002" type="0"/>
    <Peak1D F1="1.340408" intensity="1.893903e-002" type="0"/>
    <Peak1D F1="1.309378" intensity="2.069514e-002" type="0"/>
    <Peak1D F1="1.236641" intensity="6.132285e-002" type="0"/>
    <Peak1D F1="1.184613" intensity="1.734372e-001" type="0"/>
    <Peak1D F1="1.097274" intensity="8.616883e-003" type="0"/>
    <Peak1D F1="1.064946" intensity="1.013567e-002" type="0"/>
    <Peak1D F1="1.034444" intensity="7.771653e-003" type="0"/>
    <Peak1D F1="0.913882" intensity="7.299869e-003" type="0"/>
    <Peak1D F1="0.864001" intensity="8.571780e-003" type="0"/>
    <Peak1D F1="0.826864" intensity="2.547772e-002" type="0"/>
    <Peak1D F1="0.809371" intensity="4.901190e-002" type="0"/>
    <Peak1D F1="0.792431" intensity="3.137359e-002" type="0"/>
    <Peak1D F1="0.774686" intensity="2.618304e-002" type="0"/>
    <Peak1D F1="0.755616" intensity="2.974960e-002" type="0"/>
    <Peak1D F1="0.737293" intensity="1.897327e-002" type="0"/>
    <Peak1D F1="0.720056" intensity="7.329016e-003" type="0"/>
    <Peak1D F1="0.637815" intensity="6.693872e-003" type="0"/>
    <Peak1D F1="0.609649" intensity="6.762837e-003" type="0"/>
    <Peak1D F1="0.577780" intensity="7.739082e-003" type="0"/>
    <Peak1D F1="0.537120" intensity="7.020623e-003" type="0"/>
    <Peak1D F1="0.181370" intensity="1.013495e-002" type="0"/>
    <Peak1D F1="0.085889" intensity="8.504635e-003" type="0"/>
    <Peak1D F1="0.044204" intensity="8.912810e-003" type="0"/>
    <Peak1D F1="-0.000156" intensity="3.013730e-001" type="0"/>
    <Peak1D F1="-0.025074" intensity="7.470054e-003" type="0"/>
    <Peak1D F1="-0.050266" intensity="7.344483e-003" type="0"/>
    <Peak1D F1="-3.623267" intensity="6.381440e-003" type="0"/>
  </PeakList1D>
</PeakList>
