<?xml version="1.0" encoding="UTF-8"?>
<PeakList>
  <PeakList1D>
    <PeakList1DHeader creator="nmr" date="2021-10-21T10:29:45.841+03:00" expNo="10" name="ID_448_B" owner="" procNo="1" source="//132.72.8.180/400b/Milo/Milo">
      <PeakPickDetails>F1=16.146521ppm, F2=-3.882525ppm, MI=0.00cm, MAXI=10000.00cm, PC=1.000
      </PeakPickDetails>
    </PeakList1DHeader>
    <Peak1D F1="13.720220" intensity="8.972086e-004" type="0"/>
    <Peak1D F1="12.207664" intensity="8.649360e-004" type="0"/>
    <Peak1D F1="11.933995" intensity="1.115318e-003" type="0"/>
    <Peak1D F1="10.307656" intensity="5.102744e-003" type="0"/>
    <Peak1D F1="10.195609" intensity="8.410713e-004" type="0"/>
    <Peak1D F1="10.162380" intensity="1.556107e-003" type="0"/>
    <Peak1D F1="10.157963" intensity="1.892442e-003" type="0"/>
    <Peak1D F1="10.153275" intensity="1.973833e-003" type="0"/>
    <Peak1D F1="10.137030" intensity="1.547752e-002" type="0"/>
    <Peak1D F1="10.117635" intensity="8.322802e-003" type="0"/>
    <Peak1D F1="10.086924" intensity="8.748768e-001" type="0"/>
    <Peak1D F1="10.054705" intensity="4.754116e-003" type="0"/>
    <Peak1D F1="10.037218" intensity="1.369027e-002" type="0"/>
    <Peak1D F1="9.859982" intensity="4.381386e-003" type="0"/>
    <Peak1D F1="8.556415" intensity="9.955346e-004" type="0"/>
    <Peak1D F1="8.544478" intensity="2.348001e-003" type="0"/>
    <Peak1D F1="8.539225" intensity="2.645144e-003" type="0"/>
    <Peak1D F1="8.521136" intensity="3.146932e-003" type="0"/>
    <Peak1D F1="8.489126" intensity="1.297015e-003" type="0"/>
    <Peak1D F1="8.470284" intensity="1.425138e-003" type="0"/>
    <Peak1D F1="8.379493" intensity="1.360250e-002" type="0"/>
    <Peak1D F1="8.358275" intensity="1.800550e-002" type="0"/>
    <Peak1D F1="8.329857" intensity="6.026298e-001" type="0"/>
    <Peak1D F1="8.308195" intensity="6.898148e-001" type="0"/>
    <Peak1D F1="8.280032" intensity="1.260840e-002" type="0"/>
    <Peak1D F1="8.258217" intensity="1.461118e-002" type="0"/>
    <Peak1D F1="8.233163" intensity="1.194289e-002" type="0"/>
    <Peak1D F1="8.228777" intensity="1.146189e-002" type="0"/>
    <Peak1D F1="8.199706" intensity="5.514819e-002" type="0"/>
    <Peak1D F1="8.185967" intensity="5.061849e-002" type="0"/>
    <Peak1D F1="8.178279" intensity="6.474419e-002" type="0"/>
    <Peak1D F1="8.164912" intensity="5.724204e-002" type="0"/>
    <Peak1D F1="8.136357" intensity="1.833818e+000" type="0"/>
    <Peak1D F1="8.114830" intensity="1.973848e+000" type="0"/>
    <Peak1D F1="8.097018" intensity="8.648451e-002" type="0"/>
    <Peak1D F1="8.086555" intensity="3.812449e-002" type="0"/>
    <Peak1D F1="8.074732" intensity="2.160234e-002" type="0"/>
    <Peak1D F1="8.064961" intensity="3.812221e-002" type="0"/>
    <Peak1D F1="8.053905" intensity="1.902461e-002" type="0"/>
    <Peak1D F1="8.024668" intensity="7.352435e-001" type="0"/>
    <Peak1D F1="8.003592" intensity="6.339898e-001" type="0"/>
    <Peak1D F1="7.974658" intensity="1.237472e-002" type="0"/>
    <Peak1D F1="7.953755" intensity="1.061698e-002" type="0"/>
    <Peak1D F1="7.926440" intensity="6.191419e-003" type="0"/>
    <Peak1D F1="7.921525" intensity="5.684286e-003" type="0"/>
    <Peak1D F1="7.905385" intensity="1.083754e-002" type="0"/>
    <Peak1D F1="7.899364" intensity="8.592002e-003" type="0"/>
    <Peak1D F1="7.883224" intensity="4.714047e-003" type="0"/>
    <Peak1D F1="7.862315" intensity="4.134924e-003" type="0"/>
    <Peak1D F1="7.840544" intensity="4.201199e-003" type="0"/>
    <Peak1D F1="7.814747" intensity="2.893607e-003" type="0"/>
    <Peak1D F1="7.795419" intensity="2.130613e-003" type="0"/>
    <Peak1D F1="7.681419" intensity="8.043356e-003" type="0"/>
    <Peak1D F1="7.662303" intensity="8.373713e-003" type="0"/>
    <Peak1D F1="7.614533" intensity="7.574413e-003" type="0"/>
    <Peak1D F1="7.592330" intensity="1.189472e-002" type="0"/>
    <Peak1D F1="7.569481" intensity="1.347267e-002" type="0"/>
    <Peak1D F1="7.540676" intensity="5.277660e-002" type="0"/>
    <Peak1D F1="7.530597" intensity="5.029070e-002" type="0"/>
    <Peak1D F1="7.518974" intensity="5.857733e-002" type="0"/>
    <Peak1D F1="7.507595" intensity="9.137671e-002" type="0"/>
    <Peak1D F1="7.501311" intensity="7.414658e-002" type="0"/>
    <Peak1D F1="7.480706" intensity="1.905655e+000" type="0"/>
    <Peak1D F1="7.458745" intensity="1.768631e+000" type="0"/>
    <Peak1D F1="7.430748" intensity="3.660394e-002" type="0"/>
    <Peak1D F1="7.408806" intensity="3.349674e-002" type="0"/>
    <Peak1D F1="7.391173" intensity="6.219277e-003" type="0"/>
    <Peak1D F1="7.358955" intensity="2.066308e-002" type="0"/>
    <Peak1D F1="7.336162" intensity="3.179601e-002" type="0"/>
    <Peak1D F1="7.313070" intensity="2.910767e-002" type="0"/>
    <Peak1D F1="7.306010" intensity="2.641092e-002" type="0"/>
    <Peak1D F1="7.291571" intensity="1.134431e-001" type="0"/>
    <Peak1D F1="7.290492" intensity="1.159845e-001" type="0"/>
    <Peak1D F1="7.279596" intensity="5.865737e-002" type="0"/>
    <Peak1D F1="7.256162" intensity="1.588027e-001" type="0"/>
    <Peak1D F1="7.241486" intensity="5.406662e+000" type="0"/>
    <Peak1D F1="7.240613" intensity="5.310431e+000" type="0"/>
    <Peak1D F1="7.203202" intensity="9.032334e-003" type="0"/>
    <Peak1D F1="7.191617" intensity="8.485903e-002" type="0"/>
    <Peak1D F1="7.190451" intensity="8.894747e-002" type="0"/>
    <Peak1D F1="7.137278" intensity="4.482157e-003" type="0"/>
    <Peak1D F1="7.115930" intensity="3.141660e-003" type="0"/>
    <Peak1D F1="7.022378" intensity="3.455473e-003" type="0"/>
    <Peak1D F1="7.001336" intensity="5.706878e-003" type="0"/>
    <Peak1D F1="6.976613" intensity="3.037788e-002" type="0"/>
    <Peak1D F1="6.905988" intensity="3.247265e-003" type="0"/>
    <Peak1D F1="6.891929" intensity="4.337280e-003" type="0"/>
    <Peak1D F1="6.871414" intensity="5.306911e-003" type="0"/>
    <Peak1D F1="6.848782" intensity="8.409883e-003" type="0"/>
    <Peak1D F1="6.842709" intensity="5.726930e-003" type="0"/>
    <Peak1D F1="6.826307" intensity="1.034138e-002" type="0"/>
    <Peak1D F1="6.821059" intensity="1.216627e-002" type="0"/>
    <Peak1D F1="6.797803" intensity="3.505103e-002" type="0"/>
    <Peak1D F1="6.791579" intensity="4.060929e-002" type="0"/>
    <Peak1D F1="6.785211" intensity="2.343209e-002" type="0"/>
    <Peak1D F1="6.774597" intensity="4.714033e-002" type="0"/>
    <Peak1D F1="6.768796" intensity="6.802063e-002" type="0"/>
    <Peak1D F1="6.763074" intensity="3.825218e-002" type="0"/>
    <Peak1D F1="6.751702" intensity="2.228898e-002" type="0"/>
    <Peak1D F1="6.746122" intensity="3.336198e-002" type="0"/>
    <Peak1D F1="6.740642" intensity="1.868501e-002" type="0"/>
    <Peak1D F1="6.696974" intensity="7.858686e-004" type="0"/>
    <Peak1D F1="6.649203" intensity="1.357450e-003" type="0"/>
    <Peak1D F1="6.625053" intensity="1.135214e-003" type="0"/>
    <Peak1D F1="6.600678" intensity="1.397335e-003" type="0"/>
    <Peak1D F1="6.571344" intensity="8.183818e-004" type="0"/>
    <Peak1D F1="6.418097" intensity="1.459238e-003" type="0"/>
    <Peak1D F1="6.314527" intensity="7.977478e-003" type="0"/>
    <Peak1D F1="6.292151" intensity="1.030601e-002" type="0"/>
    <Peak1D F1="6.253364" intensity="1.265670e-002" type="0"/>
    <Peak1D F1="6.235879" intensity="1.310626e-002" type="0"/>
    <Peak1D F1="6.203951" intensity="1.409529e-002" type="0"/>
    <Peak1D F1="6.198084" intensity="1.708294e-002" type="0"/>
    <Peak1D F1="6.142790" intensity="5.017191e-003" type="0"/>
    <Peak1D F1="6.111497" intensity="6.747861e-003" type="0"/>
    <Peak1D F1="6.049430" intensity="5.372337e-002" type="0"/>
    <Peak1D F1="5.999699" intensity="2.858729e+000" type="0"/>
    <Peak1D F1="5.949221" intensity="4.614610e-002" type="0"/>
    <Peak1D F1="5.933288" intensity="2.346896e-002" type="0"/>
    <Peak1D F1="5.921263" intensity="2.267499e-002" type="0"/>
    <Peak1D F1="5.802822" intensity="3.658028e-003" type="0"/>
    <Peak1D F1="5.797482" intensity="7.060827e-003" type="0"/>
    <Peak1D F1="5.792876" intensity="3.256787e-003" type="0"/>
    <Peak1D F1="5.612032" intensity="1.576272e-003" type="0"/>
    <Peak1D F1="5.598584" intensity="8.374935e-004" type="0"/>
    <Peak1D F1="5.426646" intensity="4.112080e-002" type="0"/>
    <Peak1D F1="5.385295" intensity="1.198630e-003" type="0"/>
    <Peak1D F1="5.362529" intensity="2.195956e-003" type="0"/>
    <Peak1D F1="5.336048" intensity="3.140230e-002" type="0"/>
    <Peak1D F1="5.276168" intensity="4.143944e-003" type="0"/>
    <Peak1D F1="5.271145" intensity="4.594516e-003" type="0"/>
    <Peak1D F1="5.265075" intensity="5.095103e-003" type="0"/>
    <Peak1D F1="5.260464" intensity="4.292024e-003" type="0"/>
    <Peak1D F1="5.217789" intensity="8.889692e-004" type="0"/>
    <Peak1D F1="5.004424" intensity="4.162539e-003" type="0"/>
    <Peak1D F1="4.982468" intensity="4.798297e-003" type="0"/>
    <Peak1D F1="4.932030" intensity="1.583736e-003" type="0"/>
    <Peak1D F1="4.922496" intensity="1.755909e-003" type="0"/>
    <Peak1D F1="4.890831" intensity="4.875572e-003" type="0"/>
    <Peak1D F1="4.874818" intensity="2.188141e-002" type="0"/>
    <Peak1D F1="4.853357" intensity="2.555460e-002" type="0"/>
    <Peak1D F1="4.825243" intensity="9.338828e-001" type="0"/>
    <Peak1D F1="4.803373" intensity="9.493550e-001" type="0"/>
    <Peak1D F1="4.774824" intensity="4.071459e-002" type="0"/>
    <Peak1D F1="4.722848" intensity="4.677907e-001" type="0"/>
    <Peak1D F1="4.641174" intensity="1.704843e-002" type="0"/>
    <Peak1D F1="4.620658" intensity="1.597656e-002" type="0"/>
    <Peak1D F1="4.515113" intensity="1.340745e-003" type="0"/>
    <Peak1D F1="4.500935" intensity="1.549276e-003" type="0"/>
    <Peak1D F1="3.864380" intensity="4.399511e-002" type="0"/>
    <Peak1D F1="3.838740" intensity="9.689278e-004" type="0"/>
    <Peak1D F1="3.812768" intensity="1.898947e-003" type="0"/>
    <Peak1D F1="3.797603" intensity="1.578844e-002" type="0"/>
    <Peak1D F1="3.784770" intensity="5.556168e-003" type="0"/>
    <Peak1D F1="3.776452" intensity="1.157106e-002" type="0"/>
    <Peak1D F1="3.736726" intensity="1.516641e-001" type="0"/>
    <Peak1D F1="3.687153" intensity="8.295916e+000" type="0"/>
    <Peak1D F1="3.636541" intensity="1.401795e-001" type="0"/>
    <Peak1D F1="3.619127" intensity="4.250086e-003" type="0"/>
    <Peak1D F1="3.602158" intensity="1.562480e-003" type="0"/>
    <Peak1D F1="3.587711" intensity="8.465743e-004" type="0"/>
    <Peak1D F1="3.504654" intensity="4.438260e-002" type="0"/>
    <Peak1D F1="3.423286" intensity="6.973089e-003" type="0"/>
    <Peak1D F1="3.386101" intensity="3.306013e-003" type="0"/>
    <Peak1D F1="3.100769" intensity="2.290718e-003" type="0"/>
    <Peak1D F1="3.091144" intensity="1.053342e-003" type="0"/>
    <Peak1D F1="3.084803" intensity="1.384059e-003" type="0"/>
    <Peak1D F1="3.075311" intensity="3.046734e-003" type="0"/>
    <Peak1D F1="2.938770" intensity="1.060411e-003" type="0"/>
    <Peak1D F1="2.915792" intensity="1.738137e-003" type="0"/>
    <Peak1D F1="2.892784" intensity="2.127557e-003" type="0"/>
    <Peak1D F1="2.877306" intensity="1.478717e-003" type="0"/>
    <Peak1D F1="2.862904" intensity="9.306455e-004" type="0"/>
    <Peak1D F1="2.813928" intensity="1.684165e-003" type="0"/>
    <Peak1D F1="2.797403" intensity="3.827574e-003" type="0"/>
    <Peak1D F1="2.765644" intensity="5.334651e-003" type="0"/>
    <Peak1D F1="2.750877" intensity="7.942524e-003" type="0"/>
    <Peak1D F1="2.730229" intensity="5.867099e-003" type="0"/>
    <Peak1D F1="2.717752" intensity="5.213919e-003" type="0"/>
    <Peak1D F1="2.628778" intensity="1.590554e-003" type="0"/>
    <Peak1D F1="2.618091" intensity="1.247038e-003" type="0"/>
    <Peak1D F1="2.576690" intensity="2.096602e-003" type="0"/>
    <Peak1D F1="2.562121" intensity="2.291986e-003" type="0"/>
    <Peak1D F1="2.547908" intensity="2.404287e-003" type="0"/>
    <Peak1D F1="2.518435" intensity="5.094938e-003" type="0"/>
    <Peak1D F1="2.497861" intensity="5.528993e-003" type="0"/>
    <Peak1D F1="2.486412" intensity="5.112114e-003" type="0"/>
    <Peak1D F1="2.431292" intensity="1.435808e-002" type="0"/>
    <Peak1D F1="2.402749" intensity="1.858590e-001" type="0"/>
    <Peak1D F1="2.395858" intensity="1.583952e-001" type="0"/>
    <Peak1D F1="2.391467" intensity="1.373719e-001" type="0"/>
    <Peak1D F1="2.381406" intensity="3.685037e-001" type="0"/>
    <Peak1D F1="2.358570" intensity="5.694376e-001" type="0"/>
    <Peak1D F1="2.352329" intensity="5.271563e-001" type="0"/>
    <Peak1D F1="2.337130" intensity="5.139681e-001" type="0"/>
    <Peak1D F1="2.330601" intensity="6.091382e-001" type="0"/>
    <Peak1D F1="2.309152" intensity="2.145985e-001" type="0"/>
    <Peak1D F1="2.277530" intensity="3.917224e-002" type="0"/>
    <Peak1D F1="2.264053" intensity="6.409702e-002" type="0"/>
    <Peak1D F1="2.244814" intensity="1.176324e-001" type="0"/>
    <Peak1D F1="2.227554" intensity="8.998891e-002" type="0"/>
    <Peak1D F1="2.217036" intensity="2.711757e-001" type="0"/>
    <Peak1D F1="2.209693" intensity="1.058711e-001" type="0"/>
    <Peak1D F1="2.194216" intensity="4.169279e-001" type="0"/>
    <Peak1D F1="2.190779" intensity="4.108728e-001" type="0"/>
    <Peak1D F1="2.168461" intensity="5.384836e-001" type="0"/>
    <Peak1D F1="2.152616" intensity="2.373007e-001" type="0"/>
    <Peak1D F1="2.145249" intensity="4.319661e-001" type="0"/>
    <Peak1D F1="2.142275" intensity="4.439097e-001" type="0"/>
    <Peak1D F1="2.134019" intensity="5.101498e-001" type="0"/>
    <Peak1D F1="2.118528" intensity="6.968178e-001" type="0"/>
    <Peak1D F1="2.104036" intensity="5.205122e+000" type="0"/>
    <Peak1D F1="2.084382" intensity="1.500000e+001" type="0"/>
    <Peak1D F1="2.073756" intensity="4.479102e+000" type="0"/>
    <Peak1D F1="2.065616" intensity="7.840438e+000" type="0"/>
    <Peak1D F1="2.050535" intensity="6.206055e-001" type="0"/>
    <Peak1D F1="2.044933" intensity="5.096421e-001" type="0"/>
    <Peak1D F1="2.039470" intensity="5.197335e-001" type="0"/>
    <Peak1D F1="2.034572" intensity="5.812540e-001" type="0"/>
    <Peak1D F1="2.015828" intensity="3.071534e-001" type="0"/>
    <Peak1D F1="1.999234" intensity="1.421584e-001" type="0"/>
    <Peak1D F1="1.979907" intensity="1.302060e-001" type="0"/>
    <Peak1D F1="1.954840" intensity="3.832437e-001" type="0"/>
    <Peak1D F1="1.934115" intensity="7.086936e-001" type="0"/>
    <Peak1D F1="1.926042" intensity="9.123803e-001" type="0"/>
    <Peak1D F1="1.918936" intensity="1.250570e+000" type="0"/>
    <Peak1D F1="1.915345" intensity="1.211610e+000" type="0"/>
    <Peak1D F1="1.904521" intensity="7.869732e+000" type="0"/>
    <Peak1D F1="1.893651" intensity="7.147967e+000" type="0"/>
    <Peak1D F1="1.885133" intensity="1.497228e+001" type="0"/>
    <Peak1D F1="1.874898" intensity="6.315104e+000" type="0"/>
    <Peak1D F1="1.865645" intensity="5.125516e+000" type="0"/>
    <Peak1D F1="1.853267" intensity="7.203791e-001" type="0"/>
    <Peak1D F1="1.843379" intensity="4.279304e-001" type="0"/>
    <Peak1D F1="1.835258" intensity="3.947680e-001" type="0"/>
    <Peak1D F1="1.825481" intensity="1.938624e-001" type="0"/>
    <Peak1D F1="1.815860" intensity="1.514274e-001" type="0"/>
    <Peak1D F1="1.803356" intensity="6.265199e-002" type="0"/>
    <Peak1D F1="1.787772" intensity="4.802200e-002" type="0"/>
    <Peak1D F1="1.773447" intensity="4.225653e-002" type="0"/>
    <Peak1D F1="1.753511" intensity="5.991325e-002" type="0"/>
    <Peak1D F1="1.737909" intensity="1.195152e-001" type="0"/>
    <Peak1D F1="1.722476" intensity="1.654544e-001" type="0"/>
    <Peak1D F1="1.718110" intensity="2.297566e-001" type="0"/>
    <Peak1D F1="1.702604" intensity="4.403551e-001" type="0"/>
    <Peak1D F1="1.695731" intensity="4.248060e-001" type="0"/>
    <Peak1D F1="1.679019" intensity="7.185349e-001" type="0"/>
    <Peak1D F1="1.659136" intensity="4.467571e-001" type="0"/>
    <Peak1D F1="1.654831" intensity="4.042806e-001" type="0"/>
    <Peak1D F1="1.648579" intensity="2.634502e-001" type="0"/>
    <Peak1D F1="1.643912" intensity="2.184382e-001" type="0"/>
    <Peak1D F1="1.632521" intensity="1.291275e-001" type="0"/>
    <Peak1D F1="1.627032" intensity="1.312956e-001" type="0"/>
    <Peak1D F1="1.611459" intensity="9.878355e-002" type="0"/>
    <Peak1D F1="1.590891" intensity="2.715843e-002" type="0"/>
    <Peak1D F1="1.572421" intensity="2.403543e-002" type="0"/>
    <Peak1D F1="1.557126" intensity="3.244436e-002" type="0"/>
    <Peak1D F1="1.550116" intensity="5.142730e-002" type="0"/>
    <Peak1D F1="1.544996" intensity="7.168779e-002" type="0"/>
    <Peak1D F1="1.529927" intensity="1.520123e-001" type="0"/>
    <Peak1D F1="1.510954" intensity="2.885968e-001" type="0"/>
    <Peak1D F1="1.493846" intensity="2.900502e-001" type="0"/>
    <Peak1D F1="1.481042" intensity="2.693741e-001" type="0"/>
    <Peak1D F1="1.464433" intensity="2.466095e-001" type="0"/>
    <Peak1D F1="1.445813" intensity="8.413143e-002" type="0"/>
    <Peak1D F1="1.429919" intensity="5.042260e-002" type="0"/>
    <Peak1D F1="1.414599" intensity="1.253921e-002" type="0"/>
    <Peak1D F1="1.366496" intensity="5.994545e-003" type="0"/>
    <Peak1D F1="1.350683" intensity="6.639027e-003" type="0"/>
    <Peak1D F1="1.332965" intensity="6.036942e-003" type="0"/>
    <Peak1D F1="1.320130" intensity="5.659164e-003" type="0"/>
    <Peak1D F1="1.304556" intensity="5.054826e-003" type="0"/>
    <Peak1D F1="1.291351" intensity="4.485320e-003" type="0"/>
    <Peak1D F1="1.273097" intensity="5.028396e-003" type="0"/>
    <Peak1D F1="1.224876" intensity="1.088777e-002" type="0"/>
    <Peak1D F1="1.206685" intensity="1.051407e-002" type="0"/>
    <Peak1D F1="1.176678" intensity="3.615129e-002" type="0"/>
    <Peak1D F1="1.150834" intensity="7.453871e-003" type="0"/>
    <Peak1D F1="1.133459" intensity="4.940826e-003" type="0"/>
    <Peak1D F1="1.115819" intensity="3.624259e-003" type="0"/>
    <Peak1D F1="1.080445" intensity="2.315303e-003" type="0"/>
    <Peak1D F1="1.036682" intensity="3.225433e-003" type="0"/>
    <Peak1D F1="1.019161" intensity="2.987858e-003" type="0"/>
    <Peak1D F1="0.971301" intensity="1.797851e-003" type="0"/>
    <Peak1D F1="0.933925" intensity="1.601030e-003" type="0"/>
    <Peak1D F1="0.918295" intensity="1.602413e-003" type="0"/>
    <Peak1D F1="0.906633" intensity="1.360966e-003" type="0"/>
    <Peak1D F1="0.875793" intensity="1.287132e-003" type="0"/>
    <Peak1D F1="0.851679" intensity="1.321276e-003" type="0"/>
    <Peak1D F1="0.814374" intensity="4.454950e-003" type="0"/>
    <Peak1D F1="0.798358" intensity="7.937042e-003" type="0"/>
    <Peak1D F1="0.782322" intensity="6.309312e-003" type="0"/>
    <Peak1D F1="0.765468" intensity="1.214972e-002" type="0"/>
    <Peak1D F1="0.747332" intensity="1.415168e-002" type="0"/>
    <Peak1D F1="0.728739" intensity="9.037700e-003" type="0"/>
    <Peak1D F1="0.708981" intensity="3.064034e-003" type="0"/>
    <Peak1D F1="0.662524" intensity="7.851072e-004" type="0"/>
    <Peak1D F1="0.656240" intensity="9.467391e-004" type="0"/>
    <Peak1D F1="0.537684" intensity="8.368819e-004" type="0"/>
    <Peak1D F1="0.177302" intensity="5.668676e-003" type="0"/>
    <Peak1D F1="0.146316" intensity="1.562278e-003" type="0"/>
    <Peak1D F1="0.074900" intensity="5.237713e-003" type="0"/>
    <Peak1D F1="0.051166" intensity="7.859126e-003" type="0"/>
    <Peak1D F1="0.033872" intensity="6.570968e-003" type="0"/>
    <Peak1D F1="0.009383" intensity="2.483761e-002" type="0"/>
    <Peak1D F1="-0.000152" intensity="3.397475e-001" type="0"/>
    <Peak1D F1="-0.027422" intensity="4.049626e-003" type="0"/>
    <Peak1D F1="-0.050498" intensity="6.097985e-003" type="0"/>
    <Peak1D F1="-0.149085" intensity="1.516429e-003" type="0"/>
  </PeakList1D>
</PeakList>
