<?xml version="1.0" encoding="UTF-8"?>
<PeakList>
  <PeakList1D>
    <PeakList1DHeader creator="nmr" date="2021-04-13T20:16:39.928+03:00" expNo="10" name="ID-343-Crude-13.4.21" owner="" procNo="1" source="//132.72.8.180/400b/Milo/Milo">
      <PeakPickDetails>F1=16.101629ppm, F2=-3.927416ppm, MI=0.00cm, MAXI=10000.00cm, PC=1.000
      </PeakPickDetails>
    </PeakList1DHeader>
    <Peak1D F1="10.092686" intensity="6.018305e-003" type="0"/>
    <Peak1D F1="8.361168" intensity="9.279180e-003" type="0"/>
    <Peak1D F1="8.343976" intensity="1.281759e-002" type="0"/>
    <Peak1D F1="8.320857" intensity="7.014038e-003" type="0"/>
    <Peak1D F1="8.296714" intensity="6.010248e-003" type="0"/>
    <Peak1D F1="8.269359" intensity="7.252407e-003" type="0"/>
    <Peak1D F1="8.264812" intensity="9.568293e-003" type="0"/>
    <Peak1D F1="8.252777" intensity="1.120195e-002" type="0"/>
    <Peak1D F1="8.206277" intensity="4.334733e-002" type="0"/>
    <Peak1D F1="8.184257" intensity="1.001438e-001" type="0"/>
    <Peak1D F1="8.160267" intensity="1.276921e+000" type="0"/>
    <Peak1D F1="8.156116" intensity="1.287690e+000" type="0"/>
    <Peak1D F1="8.151011" intensity="7.058752e-001" type="0"/>
    <Peak1D F1="8.143018" intensity="8.077900e-001" type="0"/>
    <Peak1D F1="8.138315" intensity="1.381332e+000" type="0"/>
    <Peak1D F1="8.134280" intensity="1.154323e+000" type="0"/>
    <Peak1D F1="8.128700" intensity="4.510356e-001" type="0"/>
    <Peak1D F1="8.108092" intensity="6.888565e-002" type="0"/>
    <Peak1D F1="8.089070" intensity="2.320732e-002" type="0"/>
    <Peak1D F1="8.022841" intensity="1.061671e-002" type="0"/>
    <Peak1D F1="8.000739" intensity="8.994355e-003" type="0"/>
    <Peak1D F1="7.947319" intensity="7.848425e-003" type="0"/>
    <Peak1D F1="7.926353" intensity="7.941880e-003" type="0"/>
    <Peak1D F1="7.861087" intensity="1.398877e-002" type="0"/>
    <Peak1D F1="7.844565" intensity="1.575142e-002" type="0"/>
    <Peak1D F1="7.834922" intensity="8.820569e-003" type="0"/>
    <Peak1D F1="7.811858" intensity="8.792941e-003" type="0"/>
    <Peak1D F1="7.767892" intensity="1.334672e-002" type="0"/>
    <Peak1D F1="7.750743" intensity="1.740292e-002" type="0"/>
    <Peak1D F1="7.722549" intensity="1.795872e-002" type="0"/>
    <Peak1D F1="7.678718" intensity="6.195608e-002" type="0"/>
    <Peak1D F1="7.661978" intensity="5.454826e-002" type="0"/>
    <Peak1D F1="7.609159" intensity="7.669199e-002" type="0"/>
    <Peak1D F1="7.589976" intensity="9.327377e-002" type="0"/>
    <Peak1D F1="7.550273" intensity="5.756372e-002" type="0"/>
    <Peak1D F1="7.528330" intensity="8.614574e-002" type="0"/>
    <Peak1D F1="7.480820" intensity="1.392521e+000" type="0"/>
    <Peak1D F1="7.479662" intensity="1.370520e+000" type="0"/>
    <Peak1D F1="7.458975" intensity="1.418693e+000" type="0"/>
    <Peak1D F1="7.441655" intensity="4.614694e-001" type="0"/>
    <Peak1D F1="7.413224" intensity="3.524720e-002" type="0"/>
    <Peak1D F1="7.382346" intensity="9.220728e-003" type="0"/>
    <Peak1D F1="7.362079" intensity="5.741318e-003" type="0"/>
    <Peak1D F1="7.343165" intensity="6.698687e-003" type="0"/>
    <Peak1D F1="7.324702" intensity="1.242419e-002" type="0"/>
    <Peak1D F1="7.300583" intensity="8.477872e-003" type="0"/>
    <Peak1D F1="7.247324" intensity="8.428481e-002" type="0"/>
    <Peak1D F1="7.197239" intensity="5.463934e+000" type="0"/>
    <Peak1D F1="7.146227" intensity="6.993508e-002" type="0"/>
    <Peak1D F1="6.933345" intensity="2.795419e-002" type="0"/>
    <Peak1D F1="6.216912" intensity="9.404874e-003" type="0"/>
    <Peak1D F1="6.207178" intensity="6.165277e-003" type="0"/>
    <Peak1D F1="6.117756" intensity="6.268503e-002" type="0"/>
    <Peak1D F1="6.068065" intensity="2.919923e-002" type="0"/>
    <Peak1D F1="6.064549" intensity="2.856363e-002" type="0"/>
    <Peak1D F1="6.039868" intensity="4.711961e-002" type="0"/>
    <Peak1D F1="6.018123" intensity="2.353440e+000" type="0"/>
    <Peak1D F1="6.014662" intensity="2.032886e+000" type="0"/>
    <Peak1D F1="5.968102" intensity="2.657663e-002" type="0"/>
    <Peak1D F1="5.964620" intensity="2.391720e-002" type="0"/>
    <Peak1D F1="5.911586" intensity="2.911061e-002" type="0"/>
    <Peak1D F1="5.898952" intensity="3.213548e-002" type="0"/>
    <Peak1D F1="5.815342" intensity="5.906829e-003" type="0"/>
    <Peak1D F1="5.742281" intensity="1.812214e-002" type="0"/>
    <Peak1D F1="5.650200" intensity="7.964165e-003" type="0"/>
    <Peak1D F1="5.600393" intensity="5.918884e-003" type="0"/>
    <Peak1D F1="5.580136" intensity="1.629547e-002" type="0"/>
    <Peak1D F1="5.550160" intensity="1.870888e-002" type="0"/>
    <Peak1D F1="5.492716" intensity="1.977403e-002" type="0"/>
    <Peak1D F1="5.473383" intensity="3.213390e-002" type="0"/>
    <Peak1D F1="5.467927" intensity="3.721374e-002" type="0"/>
    <Peak1D F1="5.451026" intensity="1.610931e-002" type="0"/>
    <Peak1D F1="5.400778" intensity="1.404000e-002" type="0"/>
    <Peak1D F1="5.354248" intensity="1.756280e-001" type="0"/>
    <Peak1D F1="5.316776" intensity="1.071521e-002" type="0"/>
    <Peak1D F1="5.281931" intensity="2.794789e-002" type="0"/>
    <Peak1D F1="5.232177" intensity="1.942008e+000" type="0"/>
    <Peak1D F1="5.229929" intensity="1.690709e+000" type="0"/>
    <Peak1D F1="5.191485" intensity="8.329420e-003" type="0"/>
    <Peak1D F1="5.182337" intensity="2.707878e-002" type="0"/>
    <Peak1D F1="5.124985" intensity="8.911929e-003" type="0"/>
    <Peak1D F1="5.112998" intensity="7.923395e-003" type="0"/>
    <Peak1D F1="5.098846" intensity="8.558643e-003" type="0"/>
    <Peak1D F1="5.084167" intensity="7.859203e-003" type="0"/>
    <Peak1D F1="5.053693" intensity="1.027859e-002" type="0"/>
    <Peak1D F1="5.005119" intensity="1.784271e-002" type="0"/>
    <Peak1D F1="4.968670" intensity="1.366186e-002" type="0"/>
    <Peak1D F1="4.948466" intensity="1.566955e-002" type="0"/>
    <Peak1D F1="4.874048" intensity="2.071986e-002" type="0"/>
    <Peak1D F1="4.858620" intensity="6.181851e-002" type="0"/>
    <Peak1D F1="4.836640" intensity="6.641293e-002" type="0"/>
    <Peak1D F1="4.817298" intensity="3.312807e-002" type="0"/>
    <Peak1D F1="4.791074" intensity="8.985735e-001" type="0"/>
    <Peak1D F1="4.768262" intensity="9.180108e-001" type="0"/>
    <Peak1D F1="4.717040" intensity="6.598347e-002" type="0"/>
    <Peak1D F1="4.689595" intensity="7.954915e-002" type="0"/>
    <Peak1D F1="4.607633" intensity="3.095324e-002" type="0"/>
    <Peak1D F1="4.583810" intensity="1.951014e-002" type="0"/>
    <Peak1D F1="4.573587" intensity="1.760405e-002" type="0"/>
    <Peak1D F1="4.545954" intensity="1.186388e-002" type="0"/>
    <Peak1D F1="4.503981" intensity="1.013535e-002" type="0"/>
    <Peak1D F1="4.498009" intensity="8.359890e-003" type="0"/>
    <Peak1D F1="4.410942" intensity="7.155242e-003" type="0"/>
    <Peak1D F1="4.351189" intensity="6.256948e-003" type="0"/>
    <Peak1D F1="4.311271" intensity="6.030342e-003" type="0"/>
    <Peak1D F1="3.973131" intensity="1.067566e-002" type="0"/>
    <Peak1D F1="3.950671" intensity="1.086340e-002" type="0"/>
    <Peak1D F1="3.879023" intensity="4.083972e-002" type="0"/>
    <Peak1D F1="3.875749" intensity="3.296344e-002" type="0"/>
    <Peak1D F1="3.858925" intensity="5.813014e-003" type="0"/>
    <Peak1D F1="3.846163" intensity="1.549951e-002" type="0"/>
    <Peak1D F1="3.812800" intensity="1.780584e-001" type="0"/>
    <Peak1D F1="3.809534" intensity="1.240440e-001" type="0"/>
    <Peak1D F1="3.751565" intensity="1.148396e-001" type="0"/>
    <Peak1D F1="3.748137" intensity="1.408345e-001" type="0"/>
    <Peak1D F1="3.743722" intensity="8.866281e-002" type="0"/>
    <Peak1D F1="3.701643" intensity="7.334923e+000" type="0"/>
    <Peak1D F1="3.698346" intensity="6.317984e+000" type="0"/>
    <Peak1D F1="3.651715" intensity="8.894318e-002" type="0"/>
    <Peak1D F1="3.648347" intensity="8.759741e-002" type="0"/>
    <Peak1D F1="3.590491" intensity="5.793162e-003" type="0"/>
    <Peak1D F1="3.565786" intensity="6.265805e-003" type="0"/>
    <Peak1D F1="3.519411" intensity="3.947121e-002" type="0"/>
    <Peak1D F1="3.516073" intensity="3.547813e-002" type="0"/>
    <Peak1D F1="3.176346" intensity="5.983498e-003" type="0"/>
    <Peak1D F1="2.940691" intensity="9.352717e-003" type="0"/>
    <Peak1D F1="2.743162" intensity="2.013046e-002" type="0"/>
    <Peak1D F1="2.725500" intensity="1.420074e-002" type="0"/>
    <Peak1D F1="2.715380" intensity="1.413646e-002" type="0"/>
    <Peak1D F1="2.651590" intensity="1.223353e-002" type="0"/>
    <Peak1D F1="2.600032" intensity="2.391072e-002" type="0"/>
    <Peak1D F1="2.573223" intensity="1.809587e-002" type="0"/>
    <Peak1D F1="2.544277" intensity="1.710008e-002" type="0"/>
    <Peak1D F1="2.515691" intensity="2.349227e-002" type="0"/>
    <Peak1D F1="2.493271" intensity="2.822022e-002" type="0"/>
    <Peak1D F1="2.471767" intensity="2.122501e-002" type="0"/>
    <Peak1D F1="2.439032" intensity="1.480701e-001" type="0"/>
    <Peak1D F1="2.434744" intensity="1.793855e-001" type="0"/>
    <Peak1D F1="2.430764" intensity="1.519116e-001" type="0"/>
    <Peak1D F1="2.413690" intensity="2.178941e-001" type="0"/>
    <Peak1D F1="2.409192" intensity="1.878302e-001" type="0"/>
    <Peak1D F1="2.389709" intensity="2.549615e-001" type="0"/>
    <Peak1D F1="2.386094" intensity="2.778388e-001" type="0"/>
    <Peak1D F1="2.381718" intensity="2.333218e-001" type="0"/>
    <Peak1D F1="2.376986" intensity="1.846544e-001" type="0"/>
    <Peak1D F1="2.374262" intensity="1.718374e-001" type="0"/>
    <Peak1D F1="2.369578" intensity="2.284547e-001" type="0"/>
    <Peak1D F1="2.365195" intensity="2.787447e-001" type="0"/>
    <Peak1D F1="2.361153" intensity="2.368937e-001" type="0"/>
    <Peak1D F1="2.350767" intensity="2.177631e-001" type="0"/>
    <Peak1D F1="2.327881" intensity="3.277409e-001" type="0"/>
    <Peak1D F1="2.320208" intensity="2.121652e-001" type="0"/>
    <Peak1D F1="2.307710" intensity="2.795689e-001" type="0"/>
    <Peak1D F1="2.297632" intensity="3.266247e-001" type="0"/>
    <Peak1D F1="2.277007" intensity="2.041544e-001" type="0"/>
    <Peak1D F1="2.254221" intensity="2.308254e-001" type="0"/>
    <Peak1D F1="2.249506" intensity="1.915764e-001" type="0"/>
    <Peak1D F1="2.232156" intensity="2.508758e-001" type="0"/>
    <Peak1D F1="2.227516" intensity="3.058648e-001" type="0"/>
    <Peak1D F1="2.223072" intensity="1.903465e-001" type="0"/>
    <Peak1D F1="2.205075" intensity="2.669398e-001" type="0"/>
    <Peak1D F1="2.200543" intensity="2.278434e-001" type="0"/>
    <Peak1D F1="2.183899" intensity="1.847198e-001" type="0"/>
    <Peak1D F1="2.179052" intensity="2.319954e-001" type="0"/>
    <Peak1D F1="2.174227" intensity="1.592729e-001" type="0"/>
    <Peak1D F1="2.156397" intensity="2.673652e-001" type="0"/>
    <Peak1D F1="2.151638" intensity="3.204138e-001" type="0"/>
    <Peak1D F1="2.147261" intensity="3.462953e-001" type="0"/>
    <Peak1D F1="2.143619" intensity="3.702869e-001" type="0"/>
    <Peak1D F1="2.116606" intensity="4.849096e+000" type="0"/>
    <Peak1D F1="2.114441" intensity="5.306170e+000" type="0"/>
    <Peak1D F1="2.111313" intensity="4.744793e+000" type="0"/>
    <Peak1D F1="2.109016" intensity="4.899472e+000" type="0"/>
    <Peak1D F1="2.097220" intensity="1.418273e+001" type="0"/>
    <Peak1D F1="2.094379" intensity="1.403724e+001" type="0"/>
    <Peak1D F1="2.086017" intensity="6.033123e+000" type="0"/>
    <Peak1D F1="2.078627" intensity="7.373631e+000" type="0"/>
    <Peak1D F1="2.075655" intensity="6.359028e+000" type="0"/>
    <Peak1D F1="2.053889" intensity="5.197853e-001" type="0"/>
    <Peak1D F1="2.051419" intensity="5.006439e-001" type="0"/>
    <Peak1D F1="2.047983" intensity="4.927020e-001" type="0"/>
    <Peak1D F1="2.044382" intensity="4.363947e-001" type="0"/>
    <Peak1D F1="1.988383" intensity="1.804374e-001" type="0"/>
    <Peak1D F1="1.983817" intensity="1.844209e-001" type="0"/>
    <Peak1D F1="1.971331" intensity="2.476936e-001" type="0"/>
    <Peak1D F1="1.960817" intensity="3.911844e-001" type="0"/>
    <Peak1D F1="1.956259" intensity="4.200936e-001" type="0"/>
    <Peak1D F1="1.938637" intensity="6.917366e-001" type="0"/>
    <Peak1D F1="1.930025" intensity="1.031525e+000" type="0"/>
    <Peak1D F1="1.926526" intensity="1.162551e+000" type="0"/>
    <Peak1D F1="1.923347" intensity="1.161805e+000" type="0"/>
    <Peak1D F1="1.921610" intensity="1.124633e+000" type="0"/>
    <Peak1D F1="1.910891" intensity="6.967767e+000" type="0"/>
    <Peak1D F1="1.908930" intensity="7.411972e+000" type="0"/>
    <Peak1D F1="1.899450" intensity="8.098318e+000" type="0"/>
    <Peak1D F1="1.891703" intensity="1.500000e+001" type="0"/>
    <Peak1D F1="1.889245" intensity="1.350214e+001" type="0"/>
    <Peak1D F1="1.882508" intensity="7.099894e+000" type="0"/>
    <Peak1D F1="1.880627" intensity="7.394409e+000" type="0"/>
    <Peak1D F1="1.877698" intensity="5.277498e+000" type="0"/>
    <Peak1D F1="1.871711" intensity="5.314402e+000" type="0"/>
    <Peak1D F1="1.858585" intensity="7.633238e-001" type="0"/>
    <Peak1D F1="1.850612" intensity="4.433585e-001" type="0"/>
    <Peak1D F1="1.847486" intensity="4.171817e-001" type="0"/>
    <Peak1D F1="1.842051" intensity="3.523932e-001" type="0"/>
    <Peak1D F1="1.821743" intensity="1.607851e-001" type="0"/>
    <Peak1D F1="1.797563" intensity="6.374624e-002" type="0"/>
    <Peak1D F1="1.759118" intensity="6.842187e-002" type="0"/>
    <Peak1D F1="1.742893" intensity="1.329618e-001" type="0"/>
    <Peak1D F1="1.724540" intensity="1.872794e-001" type="0"/>
    <Peak1D F1="1.717254" intensity="1.674885e-001" type="0"/>
    <Peak1D F1="1.714093" intensity="1.701023e-001" type="0"/>
    <Peak1D F1="1.708533" intensity="2.010284e-001" type="0"/>
    <Peak1D F1="1.705640" intensity="2.224984e-001" type="0"/>
    <Peak1D F1="1.698350" intensity="2.862726e-001" type="0"/>
    <Peak1D F1="1.679550" intensity="6.140046e-001" type="0"/>
    <Peak1D F1="1.674230" intensity="4.331931e-001" type="0"/>
    <Peak1D F1="1.671197" intensity="4.400540e-001" type="0"/>
    <Peak1D F1="1.656256" intensity="6.260089e-001" type="0"/>
    <Peak1D F1="1.639339" intensity="4.132597e-001" type="0"/>
    <Peak1D F1="1.635188" intensity="4.481833e-001" type="0"/>
    <Peak1D F1="1.619486" intensity="2.540811e-001" type="0"/>
    <Peak1D F1="1.572229" intensity="8.610085e-002" type="0"/>
    <Peak1D F1="1.535321" intensity="1.674285e-001" type="0"/>
    <Peak1D F1="1.519420" intensity="1.423497e-001" type="0"/>
    <Peak1D F1="1.513164" intensity="1.530190e-001" type="0"/>
    <Peak1D F1="1.500421" intensity="2.898440e-001" type="0"/>
    <Peak1D F1="1.483314" intensity="3.354169e-001" type="0"/>
    <Peak1D F1="1.470073" intensity="2.434385e-001" type="0"/>
    <Peak1D F1="1.453713" intensity="2.342370e-001" type="0"/>
    <Peak1D F1="1.435570" intensity="7.812117e-002" type="0"/>
    <Peak1D F1="1.423317" intensity="9.100445e-002" type="0"/>
    <Peak1D F1="1.401374" intensity="3.496873e-002" type="0"/>
    <Peak1D F1="1.372367" intensity="2.457032e-002" type="0"/>
    <Peak1D F1="1.347340" intensity="2.201635e-002" type="0"/>
    <Peak1D F1="1.273709" intensity="4.524440e-002" type="0"/>
    <Peak1D F1="1.269752" intensity="4.497948e-002" type="0"/>
    <Peak1D F1="1.220010" intensity="7.381029e-002" type="0"/>
    <Peak1D F1="1.206228" intensity="7.383841e-002" type="0"/>
    <Peak1D F1="1.183514" intensity="1.587970e-001" type="0"/>
    <Peak1D F1="1.088422" intensity="7.324062e-003" type="0"/>
    <Peak1D F1="1.053383" intensity="1.056876e-002" type="0"/>
    <Peak1D F1="1.035441" intensity="8.021810e-003" type="0"/>
    <Peak1D F1="1.013740" intensity="7.424801e-003" type="0"/>
    <Peak1D F1="1.007482" intensity="7.640536e-003" type="0"/>
    <Peak1D F1="0.989030" intensity="6.026019e-003" type="0"/>
    <Peak1D F1="0.938121" intensity="6.406620e-003" type="0"/>
    <Peak1D F1="0.887687" intensity="7.592416e-003" type="0"/>
    <Peak1D F1="0.869895" intensity="7.126065e-003" type="0"/>
    <Peak1D F1="0.813715" intensity="4.449296e-002" type="0"/>
    <Peak1D F1="0.809950" intensity="4.219847e-002" type="0"/>
    <Peak1D F1="0.796303" intensity="2.350228e-002" type="0"/>
    <Peak1D F1="0.746408" intensity="7.572841e-003" type="0"/>
    <Peak1D F1="0.726522" intensity="6.571313e-003" type="0"/>
    <Peak1D F1="0.679954" intensity="5.735832e-003" type="0"/>
    <Peak1D F1="0.658274" intensity="6.235541e-003" type="0"/>
    <Peak1D F1="0.612220" intensity="5.707997e-003" type="0"/>
    <Peak1D F1="0.583736" intensity="6.060516e-003" type="0"/>
    <Peak1D F1="0.566697" intensity="6.099781e-003" type="0"/>
    <Peak1D F1="0.549779" intensity="6.036917e-003" type="0"/>
    <Peak1D F1="0.529925" intensity="5.621785e-003" type="0"/>
    <Peak1D F1="0.441561" intensity="8.268720e-003" type="0"/>
    <Peak1D F1="0.419945" intensity="6.659936e-003" type="0"/>
    <Peak1D F1="0.390712" intensity="6.827476e-003" type="0"/>
    <Peak1D F1="0.334802" intensity="6.734582e-003" type="0"/>
    <Peak1D F1="0.318274" intensity="6.554012e-003" type="0"/>
    <Peak1D F1="0.305708" intensity="7.460416e-003" type="0"/>
    <Peak1D F1="0.144294" intensity="7.072067e-003" type="0"/>
    <Peak1D F1="0.049381" intensity="9.598503e-003" type="0"/>
    <Peak1D F1="-0.000152" intensity="4.780940e-001" type="0"/>
    <Peak1D F1="-0.002510" intensity="3.044633e-001" type="0"/>
    <Peak1D F1="-0.050344" intensity="7.559449e-003" type="0"/>
    <Peak1D F1="-3.257697" intensity="6.050113e-003" type="0"/>
    <Peak1D F1="-3.423296" intensity="6.699421e-003" type="0"/>
    <Peak1D F1="-3.563626" intensity="5.545244e-003" type="0"/>
    <Peak1D F1="-3.593269" intensity="5.623947e-003" type="0"/>
    <Peak1D F1="-3.626016" intensity="6.354195e-003" type="0"/>
  </PeakList1D>
</PeakList>
