<?xml version="1.0" encoding="UTF-8"?>
<PeakList>
  <PeakList1D>
    <PeakList1DHeader creator="nmr" date="2021-08-01T13:44:04.056+03:00" expNo="20" name="ID-419-A" owner="" procNo="1" source="//132.72.8.180/400b/Milo/Milo">
      <PeakPickDetails>F1=16.102800ppm, F2=-3.926245ppm, MI=0.00cm, MAXI=10000.00cm, PC=1.000
      </PeakPickDetails>
    </PeakList1DHeader>
    <Peak1D F1="12.046443" intensity="6.060014e-003" type="0"/>
    <Peak1D F1="10.313807" intensity="9.010748e-003" type="0"/>
    <Peak1D F1="10.143617" intensity="2.218499e-002" type="0"/>
    <Peak1D F1="10.125033" intensity="1.346186e-002" type="0"/>
    <Peak1D F1="10.093476" intensity="1.480932e+000" type="0"/>
    <Peak1D F1="10.060843" intensity="1.017771e-002" type="0"/>
    <Peak1D F1="10.043967" intensity="2.462782e-002" type="0"/>
    <Peak1D F1="9.866983" intensity="7.740634e-003" type="0"/>
    <Peak1D F1="8.550591" intensity="6.291346e-003" type="0"/>
    <Peak1D F1="8.533365" intensity="7.656655e-003" type="0"/>
    <Peak1D F1="8.391165" intensity="1.817988e-002" type="0"/>
    <Peak1D F1="8.369638" intensity="2.901204e-002" type="0"/>
    <Peak1D F1="8.340994" intensity="1.012058e+000" type="0"/>
    <Peak1D F1="8.319371" intensity="1.085542e+000" type="0"/>
    <Peak1D F1="8.291081" intensity="2.229333e-002" type="0"/>
    <Peak1D F1="8.269795" intensity="3.600089e-002" type="0"/>
    <Peak1D F1="8.244107" intensity="5.816171e-002" type="0"/>
    <Peak1D F1="8.222313" intensity="7.494097e-002" type="0"/>
    <Peak1D F1="8.206169" intensity="8.795822e-002" type="0"/>
    <Peak1D F1="8.185527" intensity="8.025471e-002" type="0"/>
    <Peak1D F1="8.156664" intensity="2.200937e+000" type="0"/>
    <Peak1D F1="8.152080" intensity="7.952396e-001" type="0"/>
    <Peak1D F1="8.134982" intensity="2.316702e+000" type="0"/>
    <Peak1D F1="8.129120" intensity="4.397317e-001" type="0"/>
    <Peak1D F1="8.114845" intensity="9.620410e-002" type="0"/>
    <Peak1D F1="8.106056" intensity="7.565373e-002" type="0"/>
    <Peak1D F1="8.085066" intensity="4.196073e-002" type="0"/>
    <Peak1D F1="8.071076" intensity="2.776441e-002" type="0"/>
    <Peak1D F1="8.049191" intensity="2.850984e-002" type="0"/>
    <Peak1D F1="8.020935" intensity="1.308098e+000" type="0"/>
    <Peak1D F1="8.016296" intensity="3.994029e-001" type="0"/>
    <Peak1D F1="7.999373" intensity="1.110623e+000" type="0"/>
    <Peak1D F1="7.994177" intensity="1.539936e-001" type="0"/>
    <Peak1D F1="7.970494" intensity="2.780294e-002" type="0"/>
    <Peak1D F1="7.942345" intensity="1.368691e-001" type="0"/>
    <Peak1D F1="7.923467" intensity="1.408804e-001" type="0"/>
    <Peak1D F1="7.877929" intensity="8.627052e-003" type="0"/>
    <Peak1D F1="7.811929" intensity="9.038876e-002" type="0"/>
    <Peak1D F1="7.807958" intensity="9.334001e-002" type="0"/>
    <Peak1D F1="7.791811" intensity="8.654936e-002" type="0"/>
    <Peak1D F1="7.785052" intensity="7.799008e-002" type="0"/>
    <Peak1D F1="7.763546" intensity="6.808578e-003" type="0"/>
    <Peak1D F1="7.706431" intensity="1.318370e-002" type="0"/>
    <Peak1D F1="7.680045" intensity="2.317422e-002" type="0"/>
    <Peak1D F1="7.663110" intensity="1.930505e-002" type="0"/>
    <Peak1D F1="7.629907" intensity="2.663773e-002" type="0"/>
    <Peak1D F1="7.608407" intensity="3.464909e-002" type="0"/>
    <Peak1D F1="7.582060" intensity="2.878380e-002" type="0"/>
    <Peak1D F1="7.560136" intensity="4.891007e-002" type="0"/>
    <Peak1D F1="7.545949" intensity="5.732627e-002" type="0"/>
    <Peak1D F1="7.530254" intensity="6.339512e-002" type="0"/>
    <Peak1D F1="7.523734" intensity="6.843679e-002" type="0"/>
    <Peak1D F1="7.517661" intensity="1.122125e-001" type="0"/>
    <Peak1D F1="7.495392" intensity="1.390361e-001" type="0"/>
    <Peak1D F1="7.480421" intensity="2.462027e+000" type="0"/>
    <Peak1D F1="7.458482" intensity="2.273804e+000" type="0"/>
    <Peak1D F1="7.452684" intensity="4.089327e-001" type="0"/>
    <Peak1D F1="7.442366" intensity="2.353855e-001" type="0"/>
    <Peak1D F1="7.430403" intensity="1.464804e-001" type="0"/>
    <Peak1D F1="7.423719" intensity="9.797473e-002" type="0"/>
    <Peak1D F1="7.410266" intensity="1.164993e-001" type="0"/>
    <Peak1D F1="7.397683" intensity="7.711400e-002" type="0"/>
    <Peak1D F1="7.373630" intensity="6.114532e-002" type="0"/>
    <Peak1D F1="7.355902" intensity="2.251365e-002" type="0"/>
    <Peak1D F1="7.338541" intensity="3.072792e-002" type="0"/>
    <Peak1D F1="7.323905" intensity="6.194168e-002" type="0"/>
    <Peak1D F1="7.309737" intensity="7.456906e-002" type="0"/>
    <Peak1D F1="7.304601" intensity="8.325456e-002" type="0"/>
    <Peak1D F1="7.290859" intensity="8.378511e-002" type="0"/>
    <Peak1D F1="7.272346" intensity="4.878885e-002" type="0"/>
    <Peak1D F1="7.257149" intensity="6.751896e-002" type="0"/>
    <Peak1D F1="7.253894" intensity="7.367205e-002" type="0"/>
    <Peak1D F1="7.248499" intensity="1.428381e-001" type="0"/>
    <Peak1D F1="7.236346" intensity="8.964698e-002" type="0"/>
    <Peak1D F1="7.231413" intensity="1.067205e-001" type="0"/>
    <Peak1D F1="7.197559" intensity="9.348259e+000" type="0"/>
    <Peak1D F1="7.179802" intensity="2.472771e-002" type="0"/>
    <Peak1D F1="7.156961" intensity="2.768599e-002" type="0"/>
    <Peak1D F1="7.147467" intensity="1.550165e-001" type="0"/>
    <Peak1D F1="7.094056" intensity="5.410250e-002" type="0"/>
    <Peak1D F1="7.080011" intensity="6.432658e-002" type="0"/>
    <Peak1D F1="7.058029" intensity="2.989456e-002" type="0"/>
    <Peak1D F1="6.933440" intensity="4.849482e-002" type="0"/>
    <Peak1D F1="6.312784" intensity="1.096816e-002" type="0"/>
    <Peak1D F1="6.214954" intensity="1.348954e-002" type="0"/>
    <Peak1D F1="6.116355" intensity="1.105324e-001" type="0"/>
    <Peak1D F1="6.066382" intensity="5.019260e-002" type="0"/>
    <Peak1D F1="6.048985" intensity="1.185318e-002" type="0"/>
    <Peak1D F1="6.015932" intensity="3.798198e+000" type="0"/>
    <Peak1D F1="5.966120" intensity="5.609537e-002" type="0"/>
    <Peak1D F1="5.919484" intensity="4.149575e-002" type="0"/>
    <Peak1D F1="5.907588" intensity="3.697202e-002" type="0"/>
    <Peak1D F1="5.878419" intensity="9.212236e-003" type="0"/>
    <Peak1D F1="5.857778" intensity="8.827255e-003" type="0"/>
    <Peak1D F1="5.813178" intensity="1.863907e-002" type="0"/>
    <Peak1D F1="5.761218" intensity="6.471495e-003" type="0"/>
    <Peak1D F1="5.646424" intensity="1.002175e-002" type="0"/>
    <Peak1D F1="5.619902" intensity="9.294941e-003" type="0"/>
    <Peak1D F1="5.581207" intensity="7.243171e-003" type="0"/>
    <Peak1D F1="5.408695" intensity="7.159425e-003" type="0"/>
    <Peak1D F1="5.389241" intensity="1.865133e-002" type="0"/>
    <Peak1D F1="5.355200" intensity="5.207606e-002" type="0"/>
    <Peak1D F1="5.348837" intensity="5.139771e-002" type="0"/>
    <Peak1D F1="5.311337" intensity="1.073142e-002" type="0"/>
    <Peak1D F1="5.186246" intensity="6.641088e-003" type="0"/>
    <Peak1D F1="5.144701" intensity="1.166381e-002" type="0"/>
    <Peak1D F1="5.127339" intensity="1.358562e-002" type="0"/>
    <Peak1D F1="5.097668" intensity="1.814982e-002" type="0"/>
    <Peak1D F1="5.081379" intensity="1.641561e-002" type="0"/>
    <Peak1D F1="5.065012" intensity="1.638838e-002" type="0"/>
    <Peak1D F1="5.024739" intensity="1.325521e-002" type="0"/>
    <Peak1D F1="4.972222" intensity="1.544527e-002" type="0"/>
    <Peak1D F1="4.948085" intensity="1.164077e-002" type="0"/>
    <Peak1D F1="4.894353" intensity="1.193647e-002" type="0"/>
    <Peak1D F1="4.870402" intensity="1.633110e-002" type="0"/>
    <Peak1D F1="4.855715" intensity="1.657572e-002" type="0"/>
    <Peak1D F1="4.843160" intensity="2.989379e-002" type="0"/>
    <Peak1D F1="4.819805" intensity="3.423202e-002" type="0"/>
    <Peak1D F1="4.793058" intensity="1.373579e+000" type="0"/>
    <Peak1D F1="4.770287" intensity="1.399244e+000" type="0"/>
    <Peak1D F1="4.742606" intensity="5.576415e-002" type="0"/>
    <Peak1D F1="4.720042" intensity="7.498835e-002" type="0"/>
    <Peak1D F1="4.680251" intensity="3.421816e-001" type="0"/>
    <Peak1D F1="4.610847" intensity="2.971778e-002" type="0"/>
    <Peak1D F1="4.587009" intensity="2.136964e-002" type="0"/>
    <Peak1D F1="4.530508" intensity="6.830632e-003" type="0"/>
    <Peak1D F1="3.876732" intensity="5.946005e-002" type="0"/>
    <Peak1D F1="3.843823" intensity="7.426634e-002" type="0"/>
    <Peak1D F1="3.821038" intensity="4.559535e-002" type="0"/>
    <Peak1D F1="3.810100" intensity="3.303995e-001" type="0"/>
    <Peak1D F1="3.748418" intensity="1.840915e-001" type="0"/>
    <Peak1D F1="3.744799" intensity="1.895845e-001" type="0"/>
    <Peak1D F1="3.699444" intensity="1.165741e+001" type="0"/>
    <Peak1D F1="3.649654" intensity="1.745247e-001" type="0"/>
    <Peak1D F1="3.517171" intensity="6.558417e-002" type="0"/>
    <Peak1D F1="2.942939" intensity="7.151748e-003" type="0"/>
    <Peak1D F1="2.785660" intensity="1.080650e-002" type="0"/>
    <Peak1D F1="2.773170" intensity="1.186815e-002" type="0"/>
    <Peak1D F1="2.763202" intensity="1.718434e-002" type="0"/>
    <Peak1D F1="2.637897" intensity="6.865500e-003" type="0"/>
    <Peak1D F1="2.624744" intensity="8.264062e-003" type="0"/>
    <Peak1D F1="2.601662" intensity="8.424784e-003" type="0"/>
    <Peak1D F1="2.554254" intensity="6.984955e-003" type="0"/>
    <Peak1D F1="2.535828" intensity="7.827036e-003" type="0"/>
    <Peak1D F1="2.481258" intensity="1.670661e-002" type="0"/>
    <Peak1D F1="2.435473" intensity="2.166296e-001" type="0"/>
    <Peak1D F1="2.431000" intensity="2.134288e-001" type="0"/>
    <Peak1D F1="2.415105" intensity="2.427401e-001" type="0"/>
    <Peak1D F1="2.409848" intensity="2.259771e-001" type="0"/>
    <Peak1D F1="2.386354" intensity="3.695176e-001" type="0"/>
    <Peak1D F1="2.365356" intensity="3.658057e-001" type="0"/>
    <Peak1D F1="2.361683" intensity="3.983164e-001" type="0"/>
    <Peak1D F1="2.352880" intensity="2.918212e-001" type="0"/>
    <Peak1D F1="2.329961" intensity="4.804290e-001" type="0"/>
    <Peak1D F1="2.322450" intensity="2.797458e-001" type="0"/>
    <Peak1D F1="2.319202" intensity="2.409618e-001" type="0"/>
    <Peak1D F1="2.310229" intensity="3.569829e-001" type="0"/>
    <Peak1D F1="2.306720" intensity="3.108474e-001" type="0"/>
    <Peak1D F1="2.299812" intensity="4.308772e-001" type="0"/>
    <Peak1D F1="2.279690" intensity="2.821451e-001" type="0"/>
    <Peak1D F1="2.250491" intensity="4.027053e-001" type="0"/>
    <Peak1D F1="2.228138" intensity="5.279525e-001" type="0"/>
    <Peak1D F1="2.224231" intensity="4.343320e-001" type="0"/>
    <Peak1D F1="2.201529" intensity="5.481066e-001" type="0"/>
    <Peak1D F1="2.194456" intensity="1.207412e-001" type="0"/>
    <Peak1D F1="2.179742" intensity="3.537089e-001" type="0"/>
    <Peak1D F1="2.175555" intensity="3.075862e-001" type="0"/>
    <Peak1D F1="2.166871" intensity="1.371158e-001" type="0"/>
    <Peak1D F1="2.152804" intensity="4.086666e-001" type="0"/>
    <Peak1D F1="2.146014" intensity="3.371037e-001" type="0"/>
    <Peak1D F1="2.116015" intensity="4.793263e+000" type="0"/>
    <Peak1D F1="2.096166" intensity="1.466200e+001" type="0"/>
    <Peak1D F1="2.084332" intensity="3.922253e+000" type="0"/>
    <Peak1D F1="2.077729" intensity="7.073974e+000" type="0"/>
    <Peak1D F1="2.055768" intensity="4.140190e-001" type="0"/>
    <Peak1D F1="2.050386" intensity="4.155629e-001" type="0"/>
    <Peak1D F1="2.046507" intensity="4.216854e-001" type="0"/>
    <Peak1D F1="2.028284" intensity="1.803413e-001" type="0"/>
    <Peak1D F1="1.985196" intensity="2.426988e-001" type="0"/>
    <Peak1D F1="1.957565" intensity="4.724211e-001" type="0"/>
    <Peak1D F1="1.952760" intensity="4.724388e-001" type="0"/>
    <Peak1D F1="1.948867" intensity="4.813863e-001" type="0"/>
    <Peak1D F1="1.938108" intensity="2.762287e+000" type="0"/>
    <Peak1D F1="1.932065" intensity="9.303440e-001" type="0"/>
    <Peak1D F1="1.928516" intensity="8.534971e-001" type="0"/>
    <Peak1D F1="1.925162" intensity="9.819248e-001" type="0"/>
    <Peak1D F1="1.920769" intensity="8.990546e-001" type="0"/>
    <Peak1D F1="1.910403" intensity="7.443298e+000" type="0"/>
    <Peak1D F1="1.900661" intensity="6.416440e+000" type="0"/>
    <Peak1D F1="1.899120" intensity="6.262991e+000" type="0"/>
    <Peak1D F1="1.890909" intensity="1.500000e+001" type="0"/>
    <Peak1D F1="1.882329" intensity="5.955303e+000" type="0"/>
    <Peak1D F1="1.871561" intensity="4.675632e+000" type="0"/>
    <Peak1D F1="1.859992" intensity="6.467717e-001" type="0"/>
    <Peak1D F1="1.849315" intensity="3.854091e-001" type="0"/>
    <Peak1D F1="1.841183" intensity="3.573730e-001" type="0"/>
    <Peak1D F1="1.832843" intensity="1.799291e-001" type="0"/>
    <Peak1D F1="1.822584" intensity="1.349649e-001" type="0"/>
    <Peak1D F1="1.809333" intensity="7.906524e-002" type="0"/>
    <Peak1D F1="1.794725" intensity="7.156329e-002" type="0"/>
    <Peak1D F1="1.766124" intensity="6.386804e-002" type="0"/>
    <Peak1D F1="1.760214" intensity="6.070646e-002" type="0"/>
    <Peak1D F1="1.744610" intensity="1.478407e-001" type="0"/>
    <Peak1D F1="1.728886" intensity="1.883690e-001" type="0"/>
    <Peak1D F1="1.723695" intensity="2.095476e-001" type="0"/>
    <Peak1D F1="1.716470" intensity="2.157993e-001" type="0"/>
    <Peak1D F1="1.707791" intensity="2.382139e-001" type="0"/>
    <Peak1D F1="1.700635" intensity="3.818746e-001" type="0"/>
    <Peak1D F1="1.697181" intensity="3.380914e-001" type="0"/>
    <Peak1D F1="1.688785" intensity="2.702681e-001" type="0"/>
    <Peak1D F1="1.681264" intensity="8.670342e-001" type="0"/>
    <Peak1D F1="1.676272" intensity="4.926667e-001" type="0"/>
    <Peak1D F1="1.670600" intensity="5.397519e-001" type="0"/>
    <Peak1D F1="1.657840" intensity="8.061287e-001" type="0"/>
    <Peak1D F1="1.653083" intensity="6.505442e-001" type="0"/>
    <Peak1D F1="1.641759" intensity="4.616333e-001" type="0"/>
    <Peak1D F1="1.637350" intensity="5.582815e-001" type="0"/>
    <Peak1D F1="1.632872" intensity="3.938152e-001" type="0"/>
    <Peak1D F1="1.625838" intensity="2.315661e-001" type="0"/>
    <Peak1D F1="1.621659" intensity="2.733613e-001" type="0"/>
    <Peak1D F1="1.617226" intensity="2.594658e-001" type="0"/>
    <Peak1D F1="1.585211" intensity="1.155125e-001" type="0"/>
    <Peak1D F1="1.579432" intensity="1.140292e-001" type="0"/>
    <Peak1D F1="1.562831" intensity="1.019344e-001" type="0"/>
    <Peak1D F1="1.548825" intensity="9.791454e-002" type="0"/>
    <Peak1D F1="1.535653" intensity="2.517990e-001" type="0"/>
    <Peak1D F1="1.520304" intensity="1.813394e-001" type="0"/>
    <Peak1D F1="1.513036" intensity="1.982508e-001" type="0"/>
    <Peak1D F1="1.501652" intensity="4.238353e-001" type="0"/>
    <Peak1D F1="1.492893" intensity="1.398735e-001" type="0"/>
    <Peak1D F1="1.484329" intensity="5.051993e-001" type="0"/>
    <Peak1D F1="1.471337" intensity="3.523694e-001" type="0"/>
    <Peak1D F1="1.454595" intensity="3.540286e-001" type="0"/>
    <Peak1D F1="1.442275" intensity="7.770573e-002" type="0"/>
    <Peak1D F1="1.436617" intensity="1.073353e-001" type="0"/>
    <Peak1D F1="1.424570" intensity="1.180546e-001" type="0"/>
    <Peak1D F1="1.404585" intensity="2.770733e-002" type="0"/>
    <Peak1D F1="1.394553" intensity="2.339764e-002" type="0"/>
    <Peak1D F1="1.342983" intensity="1.832327e-002" type="0"/>
    <Peak1D F1="1.309881" intensity="1.638433e-002" type="0"/>
    <Peak1D F1="1.233849" intensity="3.471258e-002" type="0"/>
    <Peak1D F1="1.182957" intensity="8.589654e-002" type="0"/>
    <Peak1D F1="1.131069" intensity="1.224570e-002" type="0"/>
    <Peak1D F1="1.120610" intensity="9.667838e-003" type="0"/>
    <Peak1D F1="1.035103" intensity="6.224690e-003" type="0"/>
    <Peak1D F1="0.977955" intensity="7.534907e-003" type="0"/>
    <Peak1D F1="0.962883" intensity="7.152267e-003" type="0"/>
    <Peak1D F1="0.925400" intensity="8.950298e-003" type="0"/>
    <Peak1D F1="0.915988" intensity="6.926735e-003" type="0"/>
    <Peak1D F1="0.879442" intensity="6.816427e-003" type="0"/>
    <Peak1D F1="0.825247" intensity="1.497546e-002" type="0"/>
    <Peak1D F1="0.807963" intensity="2.065863e-002" type="0"/>
    <Peak1D F1="0.792792" intensity="1.246098e-002" type="0"/>
    <Peak1D F1="0.758819" intensity="1.354993e-002" type="0"/>
    <Peak1D F1="0.719572" intensity="6.562277e-003" type="0"/>
    <Peak1D F1="0.600609" intensity="6.195654e-003" type="0"/>
    <Peak1D F1="-0.000154" intensity="1.055268e-001" type="0"/>
    <Peak1D F1="-3.177388" intensity="6.120078e-003" type="0"/>
  </PeakList1D>
</PeakList>
