<?xml version="1.0" encoding="UTF-8"?>
<PeakList>
  <PeakList1D>
    <PeakList1DHeader creator="nmr" date="2021-08-09T16:00:15.223+03:00" expNo="20" name="ID-428-C" owner="" procNo="1" source="//132.72.8.180/400b/Milo/Milo">
      <PeakPickDetails>F1=16.099800ppm, F2=-3.929245ppm, MI=0.00cm, MAXI=10000.00cm, PC=1.000
      </PeakPickDetails>
    </PeakList1DHeader>
    <Peak1D F1="10.095073" intensity="2.265701e-002" type="0"/>
    <Peak1D F1="8.347958" intensity="8.909641e-003" type="0"/>
    <Peak1D F1="8.343472" intensity="1.767062e-002" type="0"/>
    <Peak1D F1="8.321366" intensity="1.748867e-002" type="0"/>
    <Peak1D F1="8.273705" intensity="9.129854e-003" type="0"/>
    <Peak1D F1="8.251861" intensity="9.340941e-003" type="0"/>
    <Peak1D F1="8.204817" intensity="1.084601e-002" type="0"/>
    <Peak1D F1="8.187782" intensity="1.422413e-002" type="0"/>
    <Peak1D F1="8.160569" intensity="2.423027e-001" type="0"/>
    <Peak1D F1="8.155795" intensity="4.157552e-001" type="0"/>
    <Peak1D F1="8.151181" intensity="1.344906e-001" type="0"/>
    <Peak1D F1="8.138647" intensity="3.271300e-001" type="0"/>
    <Peak1D F1="8.133805" intensity="4.003108e-001" type="0"/>
    <Peak1D F1="8.112123" intensity="1.186510e-002" type="0"/>
    <Peak1D F1="8.105047" intensity="9.150196e-003" type="0"/>
    <Peak1D F1="8.093675" intensity="7.549494e-003" type="0"/>
    <Peak1D F1="8.021051" intensity="1.744113e-002" type="0"/>
    <Peak1D F1="8.000335" intensity="1.510141e-002" type="0"/>
    <Peak1D F1="7.533208" intensity="7.793347e-003" type="0"/>
    <Peak1D F1="7.506100" intensity="1.595641e-002" type="0"/>
    <Peak1D F1="7.493278" intensity="2.454189e-002" type="0"/>
    <Peak1D F1="7.481615" intensity="1.914895e-001" type="0"/>
    <Peak1D F1="7.464348" intensity="3.856238e-001" type="0"/>
    <Peak1D F1="7.459724" intensity="2.852706e-001" type="0"/>
    <Peak1D F1="7.453621" intensity="1.761837e-001" type="0"/>
    <Peak1D F1="7.442449" intensity="3.009723e-001" type="0"/>
    <Peak1D F1="7.413653" intensity="1.205193e-002" type="0"/>
    <Peak1D F1="7.391060" intensity="8.396680e-003" type="0"/>
    <Peak1D F1="7.351482" intensity="8.129559e-003" type="0"/>
    <Peak1D F1="7.244488" intensity="3.642271e-001" type="0"/>
    <Peak1D F1="7.194695" intensity="2.419901e+001" type="0"/>
    <Peak1D F1="7.168335" intensity="4.022534e-002" type="0"/>
    <Peak1D F1="7.157046" intensity="3.287037e-002" type="0"/>
    <Peak1D F1="7.144806" intensity="3.462010e-001" type="0"/>
    <Peak1D F1="7.114580" intensity="7.920691e-003" type="0"/>
    <Peak1D F1="6.981520" intensity="6.589424e-003" type="0"/>
    <Peak1D F1="6.930699" intensity="1.278809e-001" type="0"/>
    <Peak1D F1="6.315022" intensity="7.712210e-003" type="0"/>
    <Peak1D F1="6.118671" intensity="6.300268e-002" type="0"/>
    <Peak1D F1="6.019228" intensity="5.278045e-001" type="0"/>
    <Peak1D F1="5.627557" intensity="7.057077e-003" type="0"/>
    <Peak1D F1="5.500409" intensity="6.730246e-003" type="0"/>
    <Peak1D F1="5.414931" intensity="1.036367e-002" type="0"/>
    <Peak1D F1="5.355592" intensity="1.132965e-001" type="0"/>
    <Peak1D F1="4.791210" intensity="8.245610e-002" type="0"/>
    <Peak1D F1="4.768269" intensity="8.500419e-002" type="0"/>
    <Peak1D F1="4.716918" intensity="6.435107e-003" type="0"/>
    <Peak1D F1="4.669338" intensity="8.360847e-002" type="0"/>
    <Peak1D F1="3.879035" intensity="9.686077e-003" type="0"/>
    <Peak1D F1="3.863083" intensity="7.864549e-003" type="0"/>
    <Peak1D F1="3.845190" intensity="5.609661e-002" type="0"/>
    <Peak1D F1="3.824338" intensity="3.453000e-002" type="0"/>
    <Peak1D F1="3.812635" intensity="2.137654e-001" type="0"/>
    <Peak1D F1="3.751566" intensity="3.018829e-002" type="0"/>
    <Peak1D F1="3.746099" intensity="1.089028e-001" type="0"/>
    <Peak1D F1="3.701949" intensity="1.609218e+000" type="0"/>
    <Peak1D F1="3.676814" intensity="8.058844e-003" type="0"/>
    <Peak1D F1="3.669817" intensity="7.903479e-003" type="0"/>
    <Peak1D F1="3.652368" intensity="2.472187e-002" type="0"/>
    <Peak1D F1="3.629113" intensity="8.267371e-003" type="0"/>
    <Peak1D F1="3.602664" intensity="9.433406e-003" type="0"/>
    <Peak1D F1="3.547182" intensity="8.866368e-003" type="0"/>
    <Peak1D F1="3.537340" intensity="6.944105e-003" type="0"/>
    <Peak1D F1="3.519531" intensity="1.447047e-002" type="0"/>
    <Peak1D F1="3.495546" intensity="1.196324e-002" type="0"/>
    <Peak1D F1="3.484126" intensity="1.210396e-002" type="0"/>
    <Peak1D F1="3.474625" intensity="1.155849e-002" type="0"/>
    <Peak1D F1="3.447280" intensity="1.329903e-002" type="0"/>
    <Peak1D F1="3.421482" intensity="1.405840e-002" type="0"/>
    <Peak1D F1="3.396591" intensity="1.149808e-002" type="0"/>
    <Peak1D F1="3.391593" intensity="1.154371e-002" type="0"/>
    <Peak1D F1="3.371554" intensity="1.096250e-002" type="0"/>
    <Peak1D F1="3.342240" intensity="8.768181e-003" type="0"/>
    <Peak1D F1="3.298127" intensity="6.768719e-003" type="0"/>
    <Peak1D F1="3.284498" intensity="6.588704e-003" type="0"/>
    <Peak1D F1="3.266812" intensity="6.864610e-003" type="0"/>
    <Peak1D F1="2.542680" intensity="1.065322e-002" type="0"/>
    <Peak1D F1="2.496372" intensity="5.865722e-002" type="0"/>
    <Peak1D F1="2.442780" intensity="5.481200e-002" type="0"/>
    <Peak1D F1="2.434578" intensity="6.820430e-002" type="0"/>
    <Peak1D F1="2.415134" intensity="8.599554e-002" type="0"/>
    <Peak1D F1="2.395436" intensity="6.012350e-002" type="0"/>
    <Peak1D F1="2.389380" intensity="6.666090e-002" type="0"/>
    <Peak1D F1="2.364998" intensity="5.590395e-002" type="0"/>
    <Peak1D F1="2.351936" intensity="4.270217e-002" type="0"/>
    <Peak1D F1="2.338083" intensity="4.791823e-002" type="0"/>
    <Peak1D F1="2.331386" intensity="4.716801e-002" type="0"/>
    <Peak1D F1="2.309330" intensity="7.793237e-002" type="0"/>
    <Peak1D F1="2.295541" intensity="7.651247e-002" type="0"/>
    <Peak1D F1="2.277467" intensity="5.859017e-002" type="0"/>
    <Peak1D F1="2.257825" intensity="9.547620e-002" type="0"/>
    <Peak1D F1="2.239784" intensity="5.729690e-002" type="0"/>
    <Peak1D F1="2.230916" intensity="6.562163e-002" type="0"/>
    <Peak1D F1="2.227209" intensity="6.351605e-002" type="0"/>
    <Peak1D F1="2.204383" intensity="8.187202e-002" type="0"/>
    <Peak1D F1="2.183289" intensity="8.479401e-002" type="0"/>
    <Peak1D F1="2.178282" intensity="8.931284e-002" type="0"/>
    <Peak1D F1="2.166423" intensity="1.472599e-001" type="0"/>
    <Peak1D F1="2.147363" intensity="3.735248e-001" type="0"/>
    <Peak1D F1="2.117185" intensity="4.650234e+000" type="0"/>
    <Peak1D F1="2.097575" intensity="1.452389e+001" type="0"/>
    <Peak1D F1="2.085845" intensity="3.875939e+000" type="0"/>
    <Peak1D F1="2.078770" intensity="7.169899e+000" type="0"/>
    <Peak1D F1="2.063098" intensity="4.060024e-001" type="0"/>
    <Peak1D F1="2.057405" intensity="3.484674e-001" type="0"/>
    <Peak1D F1="2.053293" intensity="3.527662e-001" type="0"/>
    <Peak1D F1="2.048063" intensity="3.781965e-001" type="0"/>
    <Peak1D F1="2.029172" intensity="1.655394e-001" type="0"/>
    <Peak1D F1="1.961577" intensity="2.379316e-001" type="0"/>
    <Peak1D F1="1.947766" intensity="3.044149e-001" type="0"/>
    <Peak1D F1="1.941835" intensity="4.469661e-001" type="0"/>
    <Peak1D F1="1.933218" intensity="6.887385e-001" type="0"/>
    <Peak1D F1="1.930427" intensity="6.971578e-001" type="0"/>
    <Peak1D F1="1.926494" intensity="9.274831e-001" type="0"/>
    <Peak1D F1="1.921803" intensity="8.914787e-001" type="0"/>
    <Peak1D F1="1.911735" intensity="7.286585e+000" type="0"/>
    <Peak1D F1="1.900559" intensity="6.105997e+000" type="0"/>
    <Peak1D F1="1.892091" intensity="1.500000e+001" type="0"/>
    <Peak1D F1="1.883531" intensity="5.351066e+000" type="0"/>
    <Peak1D F1="1.881472" intensity="5.338646e+000" type="0"/>
    <Peak1D F1="1.872714" intensity="4.638888e+000" type="0"/>
    <Peak1D F1="1.860828" intensity="5.592235e-001" type="0"/>
    <Peak1D F1="1.850576" intensity="3.232886e-001" type="0"/>
    <Peak1D F1="1.842525" intensity="2.962941e-001" type="0"/>
    <Peak1D F1="1.835085" intensity="1.360100e-001" type="0"/>
    <Peak1D F1="1.823245" intensity="9.082878e-002" type="0"/>
    <Peak1D F1="1.803851" intensity="2.210976e-002" type="0"/>
    <Peak1D F1="1.795521" intensity="2.408252e-002" type="0"/>
    <Peak1D F1="1.773861" intensity="1.745413e-002" type="0"/>
    <Peak1D F1="1.760983" intensity="3.220436e-002" type="0"/>
    <Peak1D F1="1.741664" intensity="6.096045e-002" type="0"/>
    <Peak1D F1="1.725030" intensity="8.904523e-002" type="0"/>
    <Peak1D F1="1.708624" intensity="6.660914e-002" type="0"/>
    <Peak1D F1="1.682239" intensity="1.231047e-001" type="0"/>
    <Peak1D F1="1.667704" intensity="1.107727e-001" type="0"/>
    <Peak1D F1="1.657815" intensity="1.191712e-001" type="0"/>
    <Peak1D F1="1.644438" intensity="1.022571e-001" type="0"/>
    <Peak1D F1="1.633399" intensity="7.170771e-002" type="0"/>
    <Peak1D F1="1.622657" intensity="5.174312e-002" type="0"/>
    <Peak1D F1="1.600874" intensity="2.904925e-002" type="0"/>
    <Peak1D F1="1.564218" intensity="4.438143e-002" type="0"/>
    <Peak1D F1="1.517063" intensity="9.890011e-001" type="0"/>
    <Peak1D F1="1.483931" intensity="7.314280e-002" type="0"/>
    <Peak1D F1="1.472022" intensity="5.843081e-002" type="0"/>
    <Peak1D F1="1.454612" intensity="3.840850e-002" type="0"/>
    <Peak1D F1="1.437539" intensity="1.519847e-002" type="0"/>
    <Peak1D F1="1.424944" intensity="1.587018e-002" type="0"/>
    <Peak1D F1="1.371378" intensity="7.184452e-003" type="0"/>
    <Peak1D F1="1.306167" intensity="8.160611e-003" type="0"/>
    <Peak1D F1="1.292058" intensity="7.203535e-003" type="0"/>
    <Peak1D F1="1.245537" intensity="8.905886e-003" type="0"/>
    <Peak1D F1="1.237954" intensity="8.006420e-003" type="0"/>
    <Peak1D F1="1.214826" intensity="1.023150e-002" type="0"/>
    <Peak1D F1="1.191130" intensity="1.985725e-002" type="0"/>
    <Peak1D F1="1.011821" intensity="6.655515e-003" type="0"/>
    <Peak1D F1="0.997815" intensity="6.785943e-003" type="0"/>
    <Peak1D F1="0.824627" intensity="6.915768e-003" type="0"/>
    <Peak1D F1="0.811522" intensity="8.291030e-003" type="0"/>
    <Peak1D F1="0.772531" intensity="9.078599e-003" type="0"/>
    <Peak1D F1="0.763373" intensity="7.404570e-003" type="0"/>
    <Peak1D F1="0.689138" intensity="6.709085e-003" type="0"/>
    <Peak1D F1="0.672496" intensity="7.600702e-003" type="0"/>
    <Peak1D F1="0.202285" intensity="7.191716e-003" type="0"/>
    <Peak1D F1="-0.000153" intensity="3.098627e-002" type="0"/>
    <Peak1D F1="-3.841700" intensity="7.372463e-003" type="0"/>
  </PeakList1D>
</PeakList>
