<?xml version="1.0" encoding="UTF-8"?>
<PeakList>
  <PeakList1D>
    <PeakList1DHeader creator="nmr" date="2021-08-11T20:37:16.309+03:00" expNo="10" name="ID-427-J-11.8.21" owner="" procNo="1" source="//132.72.8.180/400b/Milo/Milo">
      <PeakPickDetails>F1=16.189520ppm, F2=-3.839527ppm, MI=0.00cm, MAXI=10000.00cm, PC=1.000
      </PeakPickDetails>
    </PeakList1DHeader>
    <Peak1D F1="16.105347" intensity="9.616255e-004" type="0"/>
    <Peak1D F1="16.001215" intensity="9.645661e-004" type="0"/>
    <Peak1D F1="15.875468" intensity="9.178481e-004" type="0"/>
    <Peak1D F1="15.677082" intensity="9.240537e-004" type="0"/>
    <Peak1D F1="13.229715" intensity="1.101907e-003" type="0"/>
    <Peak1D F1="11.977403" intensity="2.681950e-003" type="0"/>
    <Peak1D F1="11.847250" intensity="1.004911e-003" type="0"/>
    <Peak1D F1="11.833403" intensity="8.946400e-004" type="0"/>
    <Peak1D F1="11.764067" intensity="9.013535e-004" type="0"/>
    <Peak1D F1="11.737025" intensity="1.024901e-003" type="0"/>
    <Peak1D F1="11.263188" intensity="8.924092e-004" type="0"/>
    <Peak1D F1="11.209159" intensity="9.158396e-004" type="0"/>
    <Peak1D F1="10.917772" intensity="9.158743e-004" type="0"/>
    <Peak1D F1="10.130753" intensity="1.469389e-003" type="0"/>
    <Peak1D F1="10.109077" intensity="1.269339e-003" type="0"/>
    <Peak1D F1="8.426546" intensity="1.521844e-003" type="0"/>
    <Peak1D F1="8.420818" intensity="1.635623e-003" type="0"/>
    <Peak1D F1="8.395410" intensity="3.317578e-003" type="0"/>
    <Peak1D F1="8.366344" intensity="9.068713e-003" type="0"/>
    <Peak1D F1="8.353771" intensity="8.104610e-003" type="0"/>
    <Peak1D F1="8.283914" intensity="1.144416e-002" type="0"/>
    <Peak1D F1="8.257119" intensity="6.166799e-002" type="0"/>
    <Peak1D F1="8.234721" intensity="1.693418e-001" type="0"/>
    <Peak1D F1="8.225587" intensity="1.545137e-001" type="0"/>
    <Peak1D F1="8.213921" intensity="1.889808e-001" type="0"/>
    <Peak1D F1="8.204834" intensity="1.410188e-001" type="0"/>
    <Peak1D F1="8.200691" intensity="1.316992e-001" type="0"/>
    <Peak1D F1="8.195308" intensity="1.432948e-001" type="0"/>
    <Peak1D F1="8.182599" intensity="7.890760e-001" type="0"/>
    <Peak1D F1="8.177190" intensity="6.493641e-001" type="0"/>
    <Peak1D F1="8.165739" intensity="9.787757e-001" type="0"/>
    <Peak1D F1="8.160633" intensity="1.479595e+000" type="0"/>
    <Peak1D F1="8.154621" intensity="1.403196e+000" type="0"/>
    <Peak1D F1="8.150134" intensity="1.157169e+000" type="0"/>
    <Peak1D F1="8.138240" intensity="7.924497e-001" type="0"/>
    <Peak1D F1="8.132828" intensity="7.835923e-001" type="0"/>
    <Peak1D F1="8.124258" intensity="2.870066e-001" type="0"/>
    <Peak1D F1="8.104773" intensity="5.067844e-002" type="0"/>
    <Peak1D F1="8.099679" intensity="4.513168e-002" type="0"/>
    <Peak1D F1="8.088364" intensity="2.117259e-002" type="0"/>
    <Peak1D F1="8.082579" intensity="2.483047e-002" type="0"/>
    <Peak1D F1="8.069707" intensity="1.565678e-002" type="0"/>
    <Peak1D F1="8.062001" intensity="1.884336e-002" type="0"/>
    <Peak1D F1="8.051877" intensity="1.223212e-002" type="0"/>
    <Peak1D F1="8.040021" intensity="8.685363e-003" type="0"/>
    <Peak1D F1="8.010508" intensity="1.584363e-003" type="0"/>
    <Peak1D F1="7.951513" intensity="5.729994e-003" type="0"/>
    <Peak1D F1="7.945152" intensity="7.241221e-003" type="0"/>
    <Peak1D F1="7.917237" intensity="2.782363e-003" type="0"/>
    <Peak1D F1="7.861969" intensity="2.413131e-002" type="0"/>
    <Peak1D F1="7.853518" intensity="2.487021e-002" type="0"/>
    <Peak1D F1="7.843436" intensity="4.083139e-002" type="0"/>
    <Peak1D F1="7.837966" intensity="3.881311e-002" type="0"/>
    <Peak1D F1="7.824799" intensity="3.528532e-002" type="0"/>
    <Peak1D F1="7.817482" intensity="4.370729e-002" type="0"/>
    <Peak1D F1="7.808553" intensity="2.585294e-002" type="0"/>
    <Peak1D F1="7.796814" intensity="2.673965e-002" type="0"/>
    <Peak1D F1="7.776330" intensity="1.057572e-002" type="0"/>
    <Peak1D F1="7.755159" intensity="1.079234e-002" type="0"/>
    <Peak1D F1="7.731889" intensity="8.292580e-003" type="0"/>
    <Peak1D F1="7.707108" intensity="1.179103e-002" type="0"/>
    <Peak1D F1="7.656617" intensity="9.373435e-002" type="0"/>
    <Peak1D F1="7.650910" intensity="9.195772e-002" type="0"/>
    <Peak1D F1="7.641100" intensity="9.317884e-002" type="0"/>
    <Peak1D F1="7.635116" intensity="1.045115e-001" type="0"/>
    <Peak1D F1="7.614658" intensity="3.414842e-002" type="0"/>
    <Peak1D F1="7.609223" intensity="3.694769e-002" type="0"/>
    <Peak1D F1="7.604838" intensity="3.742299e-002" type="0"/>
    <Peak1D F1="7.573277" intensity="1.171972e-001" type="0"/>
    <Peak1D F1="7.566531" intensity="1.123088e-001" type="0"/>
    <Peak1D F1="7.556036" intensity="1.772652e-001" type="0"/>
    <Peak1D F1="7.549815" intensity="1.852403e-001" type="0"/>
    <Peak1D F1="7.544337" intensity="2.318466e-001" type="0"/>
    <Peak1D F1="7.538123" intensity="1.997761e-001" type="0"/>
    <Peak1D F1="7.525023" intensity="9.722545e-001" type="0"/>
    <Peak1D F1="7.520187" intensity="1.008508e+000" type="0"/>
    <Peak1D F1="7.516122" intensity="1.181752e+000" type="0"/>
    <Peak1D F1="7.504542" intensity="1.621464e+000" type="0"/>
    <Peak1D F1="7.499996" intensity="1.077655e+000" type="0"/>
    <Peak1D F1="7.494267" intensity="1.093556e+000" type="0"/>
    <Peak1D F1="7.484059" intensity="9.649480e-001" type="0"/>
    <Peak1D F1="7.454005" intensity="8.138593e-002" type="0"/>
    <Peak1D F1="7.433218" intensity="3.742323e-002" type="0"/>
    <Peak1D F1="7.422470" intensity="2.968813e-002" type="0"/>
    <Peak1D F1="7.400175" intensity="1.842257e-002" type="0"/>
    <Peak1D F1="7.385460" intensity="1.953913e-002" type="0"/>
    <Peak1D F1="7.365466" intensity="2.548844e-002" type="0"/>
    <Peak1D F1="7.354057" intensity="3.344372e-002" type="0"/>
    <Peak1D F1="7.333037" intensity="1.564537e-001" type="0"/>
    <Peak1D F1="7.284755" intensity="7.626088e+000" type="0"/>
    <Peak1D F1="7.256289" intensity="1.314046e-002" type="0"/>
    <Peak1D F1="7.233013" intensity="1.335758e-001" type="0"/>
    <Peak1D F1="7.207667" intensity="1.531138e-003" type="0"/>
    <Peak1D F1="7.088301" intensity="9.943106e-003" type="0"/>
    <Peak1D F1="7.034848" intensity="7.316464e-002" type="0"/>
    <Peak1D F1="7.020033" intensity="1.059761e-001" type="0"/>
    <Peak1D F1="7.007696" intensity="9.034774e-002" type="0"/>
    <Peak1D F1="6.997944" intensity="7.231687e-002" type="0"/>
    <Peak1D F1="6.983231" intensity="6.059324e-002" type="0"/>
    <Peak1D F1="6.954808" intensity="1.466909e-001" type="0"/>
    <Peak1D F1="6.939998" intensity="1.389857e-001" type="0"/>
    <Peak1D F1="6.925854" intensity="1.203958e-001" type="0"/>
    <Peak1D F1="6.906764" intensity="3.346872e-002" type="0"/>
    <Peak1D F1="6.877534" intensity="4.362638e-003" type="0"/>
    <Peak1D F1="6.809611" intensity="1.944835e-003" type="0"/>
    <Peak1D F1="6.794675" intensity="1.511351e-003" type="0"/>
    <Peak1D F1="6.294611" intensity="1.152836e-003" type="0"/>
    <Peak1D F1="6.247637" intensity="4.939098e-003" type="0"/>
    <Peak1D F1="6.241849" intensity="5.072646e-003" type="0"/>
    <Peak1D F1="6.237090" intensity="4.751918e-003" type="0"/>
    <Peak1D F1="6.222312" intensity="4.910469e-003" type="0"/>
    <Peak1D F1="6.197996" intensity="9.809302e-004" type="0"/>
    <Peak1D F1="6.161467" intensity="5.100203e-003" type="0"/>
    <Peak1D F1="6.150742" intensity="5.349743e-003" type="0"/>
    <Peak1D F1="6.141574" intensity="4.846115e-003" type="0"/>
    <Peak1D F1="6.119961" intensity="6.720525e-003" type="0"/>
    <Peak1D F1="6.099097" intensity="3.774362e-002" type="0"/>
    <Peak1D F1="6.087601" intensity="2.836754e-002" type="0"/>
    <Peak1D F1="6.073828" intensity="5.296911e-002" type="0"/>
    <Peak1D F1="6.049363" intensity="1.385764e+000" type="0"/>
    <Peak1D F1="6.042138" intensity="5.750633e-001" type="0"/>
    <Peak1D F1="6.038748" intensity="9.409473e-001" type="0"/>
    <Peak1D F1="6.023817" intensity="1.165512e+000" type="0"/>
    <Peak1D F1="5.999228" intensity="3.275593e-002" type="0"/>
    <Peak1D F1="5.987646" intensity="2.187164e-002" type="0"/>
    <Peak1D F1="5.973887" intensity="4.198292e-002" type="0"/>
    <Peak1D F1="5.958243" intensity="1.064871e-002" type="0"/>
    <Peak1D F1="5.847774" intensity="4.154488e-003" type="0"/>
    <Peak1D F1="5.821326" intensity="4.116340e-002" type="0"/>
    <Peak1D F1="5.814754" intensity="3.933067e-002" type="0"/>
    <Peak1D F1="5.797305" intensity="1.280330e-002" type="0"/>
    <Peak1D F1="5.743683" intensity="5.101017e-003" type="0"/>
    <Peak1D F1="5.712204" intensity="8.170407e-003" type="0"/>
    <Peak1D F1="5.677433" intensity="2.643689e-002" type="0"/>
    <Peak1D F1="5.670226" intensity="2.947717e-002" type="0"/>
    <Peak1D F1="5.661757" intensity="2.806928e-002" type="0"/>
    <Peak1D F1="5.650611" intensity="2.898508e-002" type="0"/>
    <Peak1D F1="5.643351" intensity="3.000697e-002" type="0"/>
    <Peak1D F1="5.634792" intensity="2.646343e-002" type="0"/>
    <Peak1D F1="5.598446" intensity="1.121496e-002" type="0"/>
    <Peak1D F1="5.590170" intensity="1.107156e-002" type="0"/>
    <Peak1D F1="5.562774" intensity="8.791620e-003" type="0"/>
    <Peak1D F1="5.539902" intensity="1.020098e-002" type="0"/>
    <Peak1D F1="5.529197" intensity="9.597715e-003" type="0"/>
    <Peak1D F1="5.500955" intensity="3.878352e-002" type="0"/>
    <Peak1D F1="5.478949" intensity="4.050928e-002" type="0"/>
    <Peak1D F1="5.424324" intensity="1.641164e-002" type="0"/>
    <Peak1D F1="5.406081" intensity="1.788863e-002" type="0"/>
    <Peak1D F1="5.382167" intensity="1.083937e-001" type="0"/>
    <Peak1D F1="5.374913" intensity="1.640740e-001" type="0"/>
    <Peak1D F1="5.364576" intensity="1.438332e-001" type="0"/>
    <Peak1D F1="5.307447" intensity="3.279796e-003" type="0"/>
    <Peak1D F1="5.044501" intensity="1.991968e-003" type="0"/>
    <Peak1D F1="5.022352" intensity="2.780945e-003" type="0"/>
    <Peak1D F1="4.974710" intensity="1.070801e-002" type="0"/>
    <Peak1D F1="4.953967" intensity="1.801334e-002" type="0"/>
    <Peak1D F1="4.932094" intensity="1.803545e-002" type="0"/>
    <Peak1D F1="4.914436" intensity="5.011557e-002" type="0"/>
    <Peak1D F1="4.886200" intensity="4.040642e-002" type="0"/>
    <Peak1D F1="4.865333" intensity="7.860045e-001" type="0"/>
    <Peak1D F1="4.843630" intensity="8.246592e-001" type="0"/>
    <Peak1D F1="4.812435" intensity="4.715719e-002" type="0"/>
    <Peak1D F1="4.747925" intensity="1.950240e-001" type="0"/>
    <Peak1D F1="4.576547" intensity="4.024902e-003" type="0"/>
    <Peak1D F1="4.526399" intensity="2.055504e-003" type="0"/>
    <Peak1D F1="4.232160" intensity="9.044201e-004" type="0"/>
    <Peak1D F1="3.912146" intensity="1.906511e-002" type="0"/>
    <Peak1D F1="3.901817" intensity="1.326674e-002" type="0"/>
    <Peak1D F1="3.887518" intensity="1.635805e-002" type="0"/>
    <Peak1D F1="3.863029" intensity="1.512636e-003" type="0"/>
    <Peak1D F1="3.845781" intensity="1.240757e-002" type="0"/>
    <Peak1D F1="3.835839" intensity="1.433089e-002" type="0"/>
    <Peak1D F1="3.821611" intensity="1.190278e-002" type="0"/>
    <Peak1D F1="3.810210" intensity="9.787302e-003" type="0"/>
    <Peak1D F1="3.784493" intensity="1.132786e-001" type="0"/>
    <Peak1D F1="3.774738" intensity="5.456774e-002" type="0"/>
    <Peak1D F1="3.760117" intensity="1.054140e-001" type="0"/>
    <Peak1D F1="3.734743" intensity="4.247634e+000" type="0"/>
    <Peak1D F1="3.727796" intensity="1.767192e+000" type="0"/>
    <Peak1D F1="3.724437" intensity="2.926155e+000" type="0"/>
    <Peak1D F1="3.713367" intensity="1.883144e+000" type="0"/>
    <Peak1D F1="3.710081" intensity="3.628867e+000" type="0"/>
    <Peak1D F1="3.684627" intensity="1.130140e-001" type="0"/>
    <Peak1D F1="3.674735" intensity="5.092173e-002" type="0"/>
    <Peak1D F1="3.660133" intensity="8.579835e-002" type="0"/>
    <Peak1D F1="3.636379" intensity="1.327350e-002" type="0"/>
    <Peak1D F1="3.631920" intensity="1.199337e-002" type="0"/>
    <Peak1D F1="3.610643" intensity="1.290350e-002" type="0"/>
    <Peak1D F1="3.589406" intensity="1.497209e-002" type="0"/>
    <Peak1D F1="3.552479" intensity="3.827237e-002" type="0"/>
    <Peak1D F1="3.541685" intensity="3.207287e-002" type="0"/>
    <Peak1D F1="3.527873" intensity="3.453518e-002" type="0"/>
    <Peak1D F1="2.998617" intensity="4.118361e-003" type="0"/>
    <Peak1D F1="2.987939" intensity="9.423726e-003" type="0"/>
    <Peak1D F1="2.980679" intensity="1.147814e-002" type="0"/>
    <Peak1D F1="2.970180" intensity="9.743889e-003" type="0"/>
    <Peak1D F1="2.961861" intensity="8.874105e-003" type="0"/>
    <Peak1D F1="2.871396" intensity="1.566049e-003" type="0"/>
    <Peak1D F1="2.783906" intensity="2.931203e-002" type="0"/>
    <Peak1D F1="2.764156" intensity="1.892726e-002" type="0"/>
    <Peak1D F1="2.741915" intensity="5.645835e-002" type="0"/>
    <Peak1D F1="2.732346" intensity="5.165147e-002" type="0"/>
    <Peak1D F1="2.721025" intensity="4.204549e-002" type="0"/>
    <Peak1D F1="2.701750" intensity="3.531175e-003" type="0"/>
    <Peak1D F1="2.677663" intensity="2.982634e-003" type="0"/>
    <Peak1D F1="2.666328" intensity="4.194077e-003" type="0"/>
    <Peak1D F1="2.639486" intensity="1.198899e-002" type="0"/>
    <Peak1D F1="2.615631" intensity="1.205265e-001" type="0"/>
    <Peak1D F1="2.606542" intensity="1.293666e-001" type="0"/>
    <Peak1D F1="2.595990" intensity="1.309813e-001" type="0"/>
    <Peak1D F1="2.580658" intensity="5.549110e-002" type="0"/>
    <Peak1D F1="2.567470" intensity="7.461151e-002" type="0"/>
    <Peak1D F1="2.554362" intensity="1.545789e-001" type="0"/>
    <Peak1D F1="2.545558" intensity="1.455370e-001" type="0"/>
    <Peak1D F1="2.533667" intensity="1.204816e-001" type="0"/>
    <Peak1D F1="2.506260" intensity="3.144209e-002" type="0"/>
    <Peak1D F1="2.493451" intensity="5.801358e-002" type="0"/>
    <Peak1D F1="2.483876" intensity="6.521153e-002" type="0"/>
    <Peak1D F1="2.472571" intensity="6.564165e-002" type="0"/>
    <Peak1D F1="2.457946" intensity="2.954536e-001" type="0"/>
    <Peak1D F1="2.446404" intensity="3.778417e-001" type="0"/>
    <Peak1D F1="2.432283" intensity="4.713865e-001" type="0"/>
    <Peak1D F1="2.418359" intensity="4.343425e-001" type="0"/>
    <Peak1D F1="2.396828" intensity="7.142985e-001" type="0"/>
    <Peak1D F1="2.384656" intensity="6.062899e-001" type="0"/>
    <Peak1D F1="2.381522" intensity="6.069289e-001" type="0"/>
    <Peak1D F1="2.372128" intensity="7.365879e-001" type="0"/>
    <Peak1D F1="2.350486" intensity="4.269301e-001" type="0"/>
    <Peak1D F1="2.330319" intensity="2.613638e-001" type="0"/>
    <Peak1D F1="2.316183" intensity="3.195142e-001" type="0"/>
    <Peak1D F1="2.307360" intensity="3.475400e-001" type="0"/>
    <Peak1D F1="2.299111" intensity="2.830556e-001" type="0"/>
    <Peak1D F1="2.292250" intensity="3.022581e-001" type="0"/>
    <Peak1D F1="2.287997" intensity="2.911083e-001" type="0"/>
    <Peak1D F1="2.276057" intensity="4.793134e-001" type="0"/>
    <Peak1D F1="2.262707" intensity="4.709158e-001" type="0"/>
    <Peak1D F1="2.255430" intensity="3.483833e-001" type="0"/>
    <Peak1D F1="2.249890" intensity="3.656740e-001" type="0"/>
    <Peak1D F1="2.239545" intensity="2.813682e-001" type="0"/>
    <Peak1D F1="2.235440" intensity="3.039626e-001" type="0"/>
    <Peak1D F1="2.227366" intensity="3.012674e-001" type="0"/>
    <Peak1D F1="2.223025" intensity="2.964931e-001" type="0"/>
    <Peak1D F1="2.213329" intensity="4.118782e-001" type="0"/>
    <Peak1D F1="2.205454" intensity="3.970182e-001" type="0"/>
    <Peak1D F1="2.199444" intensity="4.330020e-001" type="0"/>
    <Peak1D F1="2.178460" intensity="7.143404e-001" type="0"/>
    <Peak1D F1="2.174611" intensity="6.639298e-001" type="0"/>
    <Peak1D F1="2.147969" intensity="3.462981e+000" type="0"/>
    <Peak1D F1="2.145779" intensity="3.537982e+000" type="0"/>
    <Peak1D F1="2.128416" intensity="1.216509e+001" type="0"/>
    <Peak1D F1="2.124079" intensity="1.105919e+001" type="0"/>
    <Peak1D F1="2.122859" intensity="1.111198e+001" type="0"/>
    <Peak1D F1="2.117252" intensity="1.211429e+001" type="0"/>
    <Peak1D F1="2.109901" intensity="1.219337e+001" type="0"/>
    <Peak1D F1="2.103624" intensity="1.157483e+001" type="0"/>
    <Peak1D F1="2.086292" intensity="4.173595e+000" type="0"/>
    <Peak1D F1="2.085035" intensity="4.248938e+000" type="0"/>
    <Peak1D F1="2.060096" intensity="5.941988e-001" type="0"/>
    <Peak1D F1="2.054040" intensity="4.819336e-001" type="0"/>
    <Peak1D F1="2.035031" intensity="2.770446e-001" type="0"/>
    <Peak1D F1="2.024103" intensity="2.467954e-001" type="0"/>
    <Peak1D F1="2.018844" intensity="2.549552e-001" type="0"/>
    <Peak1D F1="1.999736" intensity="5.019708e-001" type="0"/>
    <Peak1D F1="1.979493" intensity="8.711813e-001" type="0"/>
    <Peak1D F1="1.950600" intensity="5.284284e+000" type="0"/>
    <Peak1D F1="1.939346" intensity="8.328089e+000" type="0"/>
    <Peak1D F1="1.931180" intensity="1.500000e+001" type="0"/>
    <Peak1D F1="1.920719" intensity="1.400175e+001" type="0"/>
    <Peak1D F1="1.909637" intensity="1.206820e+001" type="0"/>
    <Peak1D F1="1.902176" intensity="6.361227e+000" type="0"/>
    <Peak1D F1="1.890342" intensity="3.045356e+000" type="0"/>
    <Peak1D F1="1.872263" intensity="5.848306e-001" type="0"/>
    <Peak1D F1="1.859877" intensity="4.095948e-001" type="0"/>
    <Peak1D F1="1.852454" intensity="2.498435e-001" type="0"/>
    <Peak1D F1="1.841664" intensity="1.709470e-001" type="0"/>
    <Peak1D F1="1.798812" intensity="9.363930e-002" type="0"/>
    <Peak1D F1="1.779610" intensity="1.377374e-001" type="0"/>
    <Peak1D F1="1.770154" intensity="1.810119e-001" type="0"/>
    <Peak1D F1="1.758819" intensity="2.864043e-001" type="0"/>
    <Peak1D F1="1.748096" intensity="4.097964e-001" type="0"/>
    <Peak1D F1="1.742918" intensity="5.184910e-001" type="0"/>
    <Peak1D F1="1.738990" intensity="5.059490e-001" type="0"/>
    <Peak1D F1="1.722462" intensity="7.335662e-001" type="0"/>
    <Peak1D F1="1.713807" intensity="6.498161e-001" type="0"/>
    <Peak1D F1="1.709853" intensity="6.257815e-001" type="0"/>
    <Peak1D F1="1.703936" intensity="6.558762e-001" type="0"/>
    <Peak1D F1="1.695244" intensity="5.635058e-001" type="0"/>
    <Peak1D F1="1.689219" intensity="4.943867e-001" type="0"/>
    <Peak1D F1="1.685940" intensity="4.723398e-001" type="0"/>
    <Peak1D F1="1.679533" intensity="4.164828e-001" type="0"/>
    <Peak1D F1="1.673418" intensity="3.720870e-001" type="0"/>
    <Peak1D F1="1.663979" intensity="2.986301e-001" type="0"/>
    <Peak1D F1="1.658783" intensity="2.792256e-001" type="0"/>
    <Peak1D F1="1.652235" intensity="2.254671e-001" type="0"/>
    <Peak1D F1="1.639677" intensity="1.625164e-001" type="0"/>
    <Peak1D F1="1.637007" intensity="1.625971e-001" type="0"/>
    <Peak1D F1="1.619910" intensity="9.623463e-002" type="0"/>
    <Peak1D F1="1.596860" intensity="1.063694e-001" type="0"/>
    <Peak1D F1="1.591115" intensity="1.174983e-001" type="0"/>
    <Peak1D F1="1.574885" intensity="1.929365e-001" type="0"/>
    <Peak1D F1="1.568068" intensity="1.939604e-001" type="0"/>
    <Peak1D F1="1.555765" intensity="2.382050e-001" type="0"/>
    <Peak1D F1="1.548898" intensity="2.569170e-001" type="0"/>
    <Peak1D F1="1.539792" intensity="3.112364e-001" type="0"/>
    <Peak1D F1="1.533651" intensity="2.669281e-001" type="0"/>
    <Peak1D F1="1.529973" intensity="2.847676e-001" type="0"/>
    <Peak1D F1="1.525974" intensity="3.002959e-001" type="0"/>
    <Peak1D F1="1.511536" intensity="2.424940e-001" type="0"/>
    <Peak1D F1="1.503260" intensity="1.956690e-001" type="0"/>
    <Peak1D F1="1.496455" intensity="1.701961e-001" type="0"/>
    <Peak1D F1="1.475664" intensity="7.240949e-002" type="0"/>
    <Peak1D F1="1.468830" intensity="6.329665e-002" type="0"/>
    <Peak1D F1="1.460638" intensity="5.230881e-002" type="0"/>
    <Peak1D F1="1.444509" intensity="3.004425e-002" type="0"/>
    <Peak1D F1="1.418119" intensity="3.302559e-002" type="0"/>
    <Peak1D F1="1.410530" intensity="3.246749e-002" type="0"/>
    <Peak1D F1="1.402664" intensity="3.344487e-002" type="0"/>
    <Peak1D F1="1.395081" intensity="3.325934e-002" type="0"/>
    <Peak1D F1="1.305928" intensity="1.494462e-002" type="0"/>
    <Peak1D F1="1.257741" intensity="2.524290e-002" type="0"/>
    <Peak1D F1="1.223782" intensity="3.522979e-002" type="0"/>
    <Peak1D F1="1.185551" intensity="1.207402e-002" type="0"/>
    <Peak1D F1="1.085305" intensity="5.365092e-003" type="0"/>
    <Peak1D F1="0.988138" intensity="3.866541e-003" type="0"/>
    <Peak1D F1="0.975968" intensity="4.157083e-003" type="0"/>
    <Peak1D F1="0.957954" intensity="3.952940e-003" type="0"/>
    <Peak1D F1="0.928893" intensity="3.890358e-003" type="0"/>
    <Peak1D F1="0.907000" intensity="3.656018e-003" type="0"/>
    <Peak1D F1="0.891307" intensity="3.749135e-003" type="0"/>
    <Peak1D F1="0.848853" intensity="1.135664e-002" type="0"/>
    <Peak1D F1="0.839576" intensity="1.088923e-002" type="0"/>
    <Peak1D F1="0.826644" intensity="1.067205e-002" type="0"/>
    <Peak1D F1="0.723811" intensity="2.365651e-003" type="0"/>
    <Peak1D F1="0.719793" intensity="2.442107e-003" type="0"/>
    <Peak1D F1="0.614815" intensity="1.714542e-003" type="0"/>
    <Peak1D F1="0.582375" intensity="1.580035e-003" type="0"/>
    <Peak1D F1="0.525723" intensity="1.409144e-003" type="0"/>
    <Peak1D F1="0.521601" intensity="1.476059e-003" type="0"/>
    <Peak1D F1="0.502822" intensity="1.638479e-003" type="0"/>
    <Peak1D F1="0.453967" intensity="1.252695e-003" type="0"/>
    <Peak1D F1="0.433512" intensity="1.382099e-003" type="0"/>
    <Peak1D F1="0.402555" intensity="1.242816e-003" type="0"/>
    <Peak1D F1="0.391105" intensity="1.193678e-003" type="0"/>
    <Peak1D F1="0.374856" intensity="1.249349e-003" type="0"/>
    <Peak1D F1="0.320783" intensity="1.159966e-003" type="0"/>
    <Peak1D F1="0.284819" intensity="9.644519e-004" type="0"/>
    <Peak1D F1="0.238247" intensity="1.011349e-003" type="0"/>
    <Peak1D F1="0.206167" intensity="1.266438e-003" type="0"/>
    <Peak1D F1="0.179186" intensity="9.831144e-004" type="0"/>
    <Peak1D F1="0.123148" intensity="1.040481e-003" type="0"/>
    <Peak1D F1="0.086248" intensity="1.306513e-003" type="0"/>
    <Peak1D F1="0.080150" intensity="1.281511e-003" type="0"/>
    <Peak1D F1="0.048742" intensity="2.023635e-002" type="0"/>
    <Peak1D F1="0.040495" intensity="1.868260e-002" type="0"/>
    <Peak1D F1="0.031301" intensity="1.724705e-002" type="0"/>
    <Peak1D F1="-0.002245" intensity="1.092464e-003" type="0"/>
    <Peak1D F1="-0.125021" intensity="9.788533e-004" type="0"/>
    <Peak1D F1="-2.200076" intensity="8.694349e-004" type="0"/>
    <Peak1D F1="-2.970146" intensity="8.719430e-004" type="0"/>
    <Peak1D F1="-3.081081" intensity="9.100004e-004" type="0"/>
  </PeakList1D>
</PeakList>
