<?xml version="1.0" encoding="UTF-8"?>
<PeakList>
  <PeakList1D>
    <PeakList1DHeader creator="nmr" date="2021-08-21T20:02:17.214+03:00" expNo="20" name="ID-427-A-21.8.21" owner="" procNo="1" source="//132.72.8.180/400b/Milo/Milo">
      <PeakPickDetails>F1=16.148060ppm, F2=-3.880986ppm, MI=0.00cm, MAXI=10000.00cm, PC=1.000
      </PeakPickDetails>
    </PeakList1DHeader>
    <Peak1D F1="15.673357" intensity="9.897074e-004" type="0"/>
    <Peak1D F1="10.705433" intensity="1.106897e-003" type="0"/>
    <Peak1D F1="10.307330" intensity="3.208248e-003" type="0"/>
    <Peak1D F1="10.186570" intensity="1.421149e-003" type="0"/>
    <Peak1D F1="10.175252" intensity="1.690649e-003" type="0"/>
    <Peak1D F1="10.142143" intensity="1.045102e-002" type="0"/>
    <Peak1D F1="10.130298" intensity="9.704513e-003" type="0"/>
    <Peak1D F1="10.092509" intensity="4.153783e-001" type="0"/>
    <Peak1D F1="10.086403" intensity="5.001667e-001" type="0"/>
    <Peak1D F1="10.080190" intensity="3.853287e-001" type="0"/>
    <Peak1D F1="10.060838" intensity="4.304986e-003" type="0"/>
    <Peak1D F1="10.042750" intensity="9.875746e-003" type="0"/>
    <Peak1D F1="10.036552" intensity="6.438371e-003" type="0"/>
    <Peak1D F1="10.030248" intensity="7.649725e-003" type="0"/>
    <Peak1D F1="9.859663" intensity="2.394916e-003" type="0"/>
    <Peak1D F1="8.538323" intensity="1.601758e-003" type="0"/>
    <Peak1D F1="8.521787" intensity="1.948491e-003" type="0"/>
    <Peak1D F1="8.415661" intensity="2.082174e-003" type="0"/>
    <Peak1D F1="8.385636" intensity="9.360536e-003" type="0"/>
    <Peak1D F1="8.380258" intensity="8.874710e-003" type="0"/>
    <Peak1D F1="8.372697" intensity="9.807356e-003" type="0"/>
    <Peak1D F1="8.363807" intensity="1.349812e-002" type="0"/>
    <Peak1D F1="8.336023" intensity="3.040112e-001" type="0"/>
    <Peak1D F1="8.329524" intensity="3.851708e-001" type="0"/>
    <Peak1D F1="8.322792" intensity="3.335494e-001" type="0"/>
    <Peak1D F1="8.314337" intensity="3.974684e-001" type="0"/>
    <Peak1D F1="8.307904" intensity="4.295432e-001" type="0"/>
    <Peak1D F1="8.300995" intensity="3.117133e-001" type="0"/>
    <Peak1D F1="8.286724" intensity="1.480900e-002" type="0"/>
    <Peak1D F1="8.272461" intensity="1.115866e-002" type="0"/>
    <Peak1D F1="8.264983" intensity="1.326961e-002" type="0"/>
    <Peak1D F1="8.257941" intensity="1.132492e-002" type="0"/>
    <Peak1D F1="8.251135" intensity="1.191583e-002" type="0"/>
    <Peak1D F1="8.233475" intensity="1.282622e-002" type="0"/>
    <Peak1D F1="8.227750" intensity="1.452098e-002" type="0"/>
    <Peak1D F1="8.202388" intensity="4.395692e-002" type="0"/>
    <Peak1D F1="8.195525" intensity="5.622220e-002" type="0"/>
    <Peak1D F1="8.188951" intensity="6.884689e-002" type="0"/>
    <Peak1D F1="8.176970" intensity="9.233738e-002" type="0"/>
    <Peak1D F1="8.172934" intensity="9.864376e-002" type="0"/>
    <Peak1D F1="8.167032" intensity="9.562536e-002" type="0"/>
    <Peak1D F1="8.161782" intensity="8.170663e-002" type="0"/>
    <Peak1D F1="8.154558" intensity="9.746110e-002" type="0"/>
    <Peak1D F1="8.148486" intensity="1.886423e-001" type="0"/>
    <Peak1D F1="8.142515" intensity="5.363137e-001" type="0"/>
    <Peak1D F1="8.134740" intensity="7.794969e-001" type="0"/>
    <Peak1D F1="8.126414" intensity="8.663613e-001" type="0"/>
    <Peak1D F1="8.120809" intensity="8.610926e-001" type="0"/>
    <Peak1D F1="8.118443" intensity="7.480456e-001" type="0"/>
    <Peak1D F1="8.112844" intensity="8.920150e-001" type="0"/>
    <Peak1D F1="8.104706" intensity="6.833224e-001" type="0"/>
    <Peak1D F1="8.097991" intensity="2.830009e-001" type="0"/>
    <Peak1D F1="8.080475" intensity="5.856674e-002" type="0"/>
    <Peak1D F1="8.075019" intensity="5.278244e-002" type="0"/>
    <Peak1D F1="8.063261" intensity="3.128839e-002" type="0"/>
    <Peak1D F1="8.054188" intensity="3.712755e-002" type="0"/>
    <Peak1D F1="8.047097" intensity="5.712377e-002" type="0"/>
    <Peak1D F1="8.030107" intensity="4.526113e-001" type="0"/>
    <Peak1D F1="8.025018" intensity="6.917072e-001" type="0"/>
    <Peak1D F1="8.019919" intensity="5.732812e-001" type="0"/>
    <Peak1D F1="8.014528" intensity="2.120270e-001" type="0"/>
    <Peak1D F1="8.008064" intensity="4.702767e-001" type="0"/>
    <Peak1D F1="8.002847" intensity="5.611503e-001" type="0"/>
    <Peak1D F1="7.997814" intensity="3.655114e-001" type="0"/>
    <Peak1D F1="7.992674" intensity="5.767441e-002" type="0"/>
    <Peak1D F1="7.980281" intensity="1.440391e-002" type="0"/>
    <Peak1D F1="7.974992" intensity="1.388629e-002" type="0"/>
    <Peak1D F1="7.969944" intensity="1.303807e-002" type="0"/>
    <Peak1D F1="7.964342" intensity="7.652066e-003" type="0"/>
    <Peak1D F1="7.958167" intensity="1.110102e-002" type="0"/>
    <Peak1D F1="7.952775" intensity="9.733993e-003" type="0"/>
    <Peak1D F1="7.947870" intensity="8.539826e-003" type="0"/>
    <Peak1D F1="7.939145" intensity="5.354032e-003" type="0"/>
    <Peak1D F1="7.932138" intensity="8.287084e-003" type="0"/>
    <Peak1D F1="7.924662" intensity="1.007304e-002" type="0"/>
    <Peak1D F1="7.910437" intensity="1.100981e-002" type="0"/>
    <Peak1D F1="7.904176" intensity="1.053657e-002" type="0"/>
    <Peak1D F1="7.897454" intensity="6.594785e-003" type="0"/>
    <Peak1D F1="7.868907" intensity="1.009707e-002" type="0"/>
    <Peak1D F1="7.849781" intensity="1.145980e-002" type="0"/>
    <Peak1D F1="7.817605" intensity="6.668044e-003" type="0"/>
    <Peak1D F1="7.771626" intensity="1.411661e-002" type="0"/>
    <Peak1D F1="7.758951" intensity="1.384575e-002" type="0"/>
    <Peak1D F1="7.693632" intensity="1.777718e-002" type="0"/>
    <Peak1D F1="7.688740" intensity="1.865491e-002" type="0"/>
    <Peak1D F1="7.666130" intensity="1.902278e-002" type="0"/>
    <Peak1D F1="7.654437" intensity="2.111761e-002" type="0"/>
    <Peak1D F1="7.648556" intensity="2.024239e-002" type="0"/>
    <Peak1D F1="7.640819" intensity="1.997738e-002" type="0"/>
    <Peak1D F1="7.613688" intensity="9.240980e-002" type="0"/>
    <Peak1D F1="7.609217" intensity="1.021400e-001" type="0"/>
    <Peak1D F1="7.596917" intensity="8.737488e-002" type="0"/>
    <Peak1D F1="7.592413" intensity="8.891923e-002" type="0"/>
    <Peak1D F1="7.561342" intensity="1.362941e-001" type="0"/>
    <Peak1D F1="7.552232" intensity="1.560625e-001" type="0"/>
    <Peak1D F1="7.544586" intensity="1.574292e-001" type="0"/>
    <Peak1D F1="7.540803" intensity="1.559212e-001" type="0"/>
    <Peak1D F1="7.512459" intensity="1.405643e-001" type="0"/>
    <Peak1D F1="7.507358" intensity="1.424131e-001" type="0"/>
    <Peak1D F1="7.502314" intensity="2.487295e-001" type="0"/>
    <Peak1D F1="7.496388" intensity="1.611401e-001" type="0"/>
    <Peak1D F1="7.478361" intensity="1.119652e+000" type="0"/>
    <Peak1D F1="7.473695" intensity="1.030447e+000" type="0"/>
    <Peak1D F1="7.468467" intensity="5.024833e-001" type="0"/>
    <Peak1D F1="7.461181" intensity="7.995198e-001" type="0"/>
    <Peak1D F1="7.456148" intensity="1.082076e+000" type="0"/>
    <Peak1D F1="7.451643" intensity="8.678128e-001" type="0"/>
    <Peak1D F1="7.437300" intensity="2.042822e-001" type="0"/>
    <Peak1D F1="7.429191" intensity="2.019887e-001" type="0"/>
    <Peak1D F1="7.426010" intensity="1.964497e-001" type="0"/>
    <Peak1D F1="7.412050" intensity="1.296147e-001" type="0"/>
    <Peak1D F1="7.406705" intensity="1.455642e-001" type="0"/>
    <Peak1D F1="7.356980" intensity="1.464417e-002" type="0"/>
    <Peak1D F1="7.341520" intensity="2.007280e-002" type="0"/>
    <Peak1D F1="7.311887" intensity="4.092698e-002" type="0"/>
    <Peak1D F1="7.304932" intensity="5.160211e-002" type="0"/>
    <Peak1D F1="7.292098" intensity="3.599412e-001" type="0"/>
    <Peak1D F1="7.243022" intensity="2.110681e+001" type="0"/>
    <Peak1D F1="7.206400" intensity="4.218784e-002" type="0"/>
    <Peak1D F1="7.201007" intensity="3.397435e-002" type="0"/>
    <Peak1D F1="7.191953" intensity="3.997824e-001" type="0"/>
    <Peak1D F1="7.168549" intensity="1.004224e-002" type="0"/>
    <Peak1D F1="7.141358" intensity="5.880014e-003" type="0"/>
    <Peak1D F1="7.122516" intensity="2.988891e-003" type="0"/>
    <Peak1D F1="7.106127" intensity="6.583983e-003" type="0"/>
    <Peak1D F1="7.100257" intensity="9.012412e-003" type="0"/>
    <Peak1D F1="7.096319" intensity="9.073780e-003" type="0"/>
    <Peak1D F1="7.079281" intensity="8.430079e-003" type="0"/>
    <Peak1D F1="7.040475" intensity="1.342714e-003" type="0"/>
    <Peak1D F1="7.026909" intensity="1.730966e-003" type="0"/>
    <Peak1D F1="6.977991" intensity="1.169844e-001" type="0"/>
    <Peak1D F1="6.926288" intensity="2.180574e-003" type="0"/>
    <Peak1D F1="6.759343" intensity="1.123131e-002" type="0"/>
    <Peak1D F1="6.327499" intensity="3.913209e-003" type="0"/>
    <Peak1D F1="6.194963" intensity="3.917898e-002" type="0"/>
    <Peak1D F1="6.189454" intensity="3.732941e-002" type="0"/>
    <Peak1D F1="6.145749" intensity="1.739883e-003" type="0"/>
    <Peak1D F1="6.134334" intensity="2.651722e-003" type="0"/>
    <Peak1D F1="6.117488" intensity="1.919443e-002" type="0"/>
    <Peak1D F1="6.111628" intensity="2.359768e-002" type="0"/>
    <Peak1D F1="6.105631" intensity="1.946646e-002" type="0"/>
    <Peak1D F1="6.096227" intensity="7.385330e-002" type="0"/>
    <Peak1D F1="6.090392" intensity="1.055665e-001" type="0"/>
    <Peak1D F1="6.084560" intensity="9.097707e-002" type="0"/>
    <Peak1D F1="6.048149" intensity="8.081421e-002" type="0"/>
    <Peak1D F1="6.042436" intensity="6.998544e-002" type="0"/>
    <Peak1D F1="6.037282" intensity="4.355800e-002" type="0"/>
    <Peak1D F1="6.030926" intensity="4.215206e-002" type="0"/>
    <Peak1D F1="6.024904" intensity="4.393094e-002" type="0"/>
    <Peak1D F1="6.006047" intensity="1.004650e+000" type="0"/>
    <Peak1D F1="5.998748" intensity="1.102871e+000" type="0"/>
    <Peak1D F1="5.990703" intensity="8.516276e-001" type="0"/>
    <Peak1D F1="5.956306" intensity="2.508619e-002" type="0"/>
    <Peak1D F1="5.948823" intensity="1.578258e-002" type="0"/>
    <Peak1D F1="5.940715" intensity="1.845919e-002" type="0"/>
    <Peak1D F1="5.930284" intensity="1.569483e-002" type="0"/>
    <Peak1D F1="5.923971" intensity="1.625039e-002" type="0"/>
    <Peak1D F1="5.918066" intensity="1.540749e-002" type="0"/>
    <Peak1D F1="5.891973" intensity="1.173241e-003" type="0"/>
    <Peak1D F1="5.802931" intensity="4.937980e-003" type="0"/>
    <Peak1D F1="5.741462" intensity="1.771465e-002" type="0"/>
    <Peak1D F1="5.577407" intensity="9.704052e-003" type="0"/>
    <Peak1D F1="5.550552" intensity="8.920093e-003" type="0"/>
    <Peak1D F1="5.513940" intensity="2.831654e-003" type="0"/>
    <Peak1D F1="5.464333" intensity="3.121683e-002" type="0"/>
    <Peak1D F1="5.457244" intensity="2.934121e-002" type="0"/>
    <Peak1D F1="5.435000" intensity="7.733534e-003" type="0"/>
    <Peak1D F1="5.426277" intensity="6.740488e-003" type="0"/>
    <Peak1D F1="5.389483" intensity="1.217652e-002" type="0"/>
    <Peak1D F1="5.382688" intensity="1.149707e-002" type="0"/>
    <Peak1D F1="5.338477" intensity="2.250194e-001" type="0"/>
    <Peak1D F1="5.332067" intensity="2.229408e-001" type="0"/>
    <Peak1D F1="5.289479" intensity="4.174526e-003" type="0"/>
    <Peak1D F1="5.004441" intensity="1.710686e-003" type="0"/>
    <Peak1D F1="4.982342" intensity="2.343663e-003" type="0"/>
    <Peak1D F1="4.934642" intensity="3.680577e-003" type="0"/>
    <Peak1D F1="4.913617" intensity="8.203015e-003" type="0"/>
    <Peak1D F1="4.895603" intensity="1.169576e-002" type="0"/>
    <Peak1D F1="4.875468" intensity="2.646041e-002" type="0"/>
    <Peak1D F1="4.853557" intensity="1.941535e-002" type="0"/>
    <Peak1D F1="4.824763" intensity="5.566731e-001" type="0"/>
    <Peak1D F1="4.802966" intensity="5.771964e-001" type="0"/>
    <Peak1D F1="4.774407" intensity="1.234864e-002" type="0"/>
    <Peak1D F1="4.753114" intensity="1.127939e-002" type="0"/>
    <Peak1D F1="4.710115" intensity="1.218786e-003" type="0"/>
    <Peak1D F1="4.640926" intensity="3.751054e-003" type="0"/>
    <Peak1D F1="4.618921" intensity="4.364426e-003" type="0"/>
    <Peak1D F1="4.566539" intensity="1.447418e-003" type="0"/>
    <Peak1D F1="4.544295" intensity="1.350621e-003" type="0"/>
    <Peak1D F1="4.512519" intensity="1.084644e-003" type="0"/>
    <Peak1D F1="4.498942" intensity="9.988694e-004" type="0"/>
    <Peak1D F1="4.486276" intensity="1.004154e-003" type="0"/>
    <Peak1D F1="4.422415" intensity="9.900184e-004" type="0"/>
    <Peak1D F1="4.400726" intensity="1.050023e-003" type="0"/>
    <Peak1D F1="3.979167" intensity="2.198770e-003" type="0"/>
    <Peak1D F1="3.968724" intensity="2.416564e-003" type="0"/>
    <Peak1D F1="3.961722" intensity="1.880706e-003" type="0"/>
    <Peak1D F1="3.956182" intensity="1.459661e-003" type="0"/>
    <Peak1D F1="3.920670" intensity="1.177337e-003" type="0"/>
    <Peak1D F1="3.877251" intensity="2.291421e-003" type="0"/>
    <Peak1D F1="3.870229" intensity="1.645768e-002" type="0"/>
    <Peak1D F1="3.863243" intensity="1.793357e-002" type="0"/>
    <Peak1D F1="3.855647" intensity="1.469466e-002" type="0"/>
    <Peak1D F1="3.843673" intensity="2.438315e-002" type="0"/>
    <Peak1D F1="3.837568" intensity="2.726779e-002" type="0"/>
    <Peak1D F1="3.831272" intensity="2.014687e-002" type="0"/>
    <Peak1D F1="3.810488" intensity="1.754420e-002" type="0"/>
    <Peak1D F1="3.804307" intensity="6.573927e-002" type="0"/>
    <Peak1D F1="3.797568" intensity="7.133055e-002" type="0"/>
    <Peak1D F1="3.790243" intensity="4.889658e-002" type="0"/>
    <Peak1D F1="3.750276" intensity="1.521434e-001" type="0"/>
    <Peak1D F1="3.743294" intensity="2.680292e-001" type="0"/>
    <Peak1D F1="3.736952" intensity="2.382082e-001" type="0"/>
    <Peak1D F1="3.729149" intensity="8.572532e-002" type="0"/>
    <Peak1D F1="3.723633" intensity="5.795670e-002" type="0"/>
    <Peak1D F1="3.717037" intensity="8.082440e-002" type="0"/>
    <Peak1D F1="3.709978" intensity="1.070446e-001" type="0"/>
    <Peak1D F1="3.705003" intensity="2.872865e-001" type="0"/>
    <Peak1D F1="3.698814" intensity="4.866827e-001" type="0"/>
    <Peak1D F1="3.692787" intensity="3.345900e+000" type="0"/>
    <Peak1D F1="3.685812" intensity="3.544973e+000" type="0"/>
    <Peak1D F1="3.678232" intensity="2.688803e+000" type="0"/>
    <Peak1D F1="3.663307" intensity="9.926391e-002" type="0"/>
    <Peak1D F1="3.657276" intensity="1.085571e-001" type="0"/>
    <Peak1D F1="3.651764" intensity="9.080872e-002" type="0"/>
    <Peak1D F1="3.643007" intensity="9.790972e-002" type="0"/>
    <Peak1D F1="3.635859" intensity="6.727117e-002" type="0"/>
    <Peak1D F1="3.628269" intensity="7.078989e-002" type="0"/>
    <Peak1D F1="3.618166" intensity="2.059098e-002" type="0"/>
    <Peak1D F1="3.609791" intensity="1.788280e-002" type="0"/>
    <Peak1D F1="3.600126" intensity="1.717173e-002" type="0"/>
    <Peak1D F1="3.567933" intensity="6.876261e-003" type="0"/>
    <Peak1D F1="3.542079" intensity="4.994173e-003" type="0"/>
    <Peak1D F1="3.510506" intensity="2.124667e-002" type="0"/>
    <Peak1D F1="3.503539" intensity="2.360030e-002" type="0"/>
    <Peak1D F1="3.496026" intensity="2.071917e-002" type="0"/>
    <Peak1D F1="3.467410" intensity="1.123846e-002" type="0"/>
    <Peak1D F1="3.452599" intensity="6.209954e-002" type="0"/>
    <Peak1D F1="3.446791" intensity="1.083749e-001" type="0"/>
    <Peak1D F1="3.441054" intensity="1.058720e-001" type="0"/>
    <Peak1D F1="3.390186" intensity="5.031384e-003" type="0"/>
    <Peak1D F1="3.385248" intensity="3.985224e-003" type="0"/>
    <Peak1D F1="3.330513" intensity="3.269667e-003" type="0"/>
    <Peak1D F1="3.301102" intensity="3.224449e-003" type="0"/>
    <Peak1D F1="3.263980" intensity="3.156745e-003" type="0"/>
    <Peak1D F1="3.225552" intensity="2.821135e-003" type="0"/>
    <Peak1D F1="3.212066" intensity="2.682633e-003" type="0"/>
    <Peak1D F1="3.172680" intensity="3.216737e-003" type="0"/>
    <Peak1D F1="3.165403" intensity="3.232700e-003" type="0"/>
    <Peak1D F1="3.150477" intensity="2.992542e-003" type="0"/>
    <Peak1D F1="3.132390" intensity="9.429455e-003" type="0"/>
    <Peak1D F1="3.114930" intensity="3.026823e-003" type="0"/>
    <Peak1D F1="3.103011" intensity="2.640791e-003" type="0"/>
    <Peak1D F1="3.065747" intensity="2.367652e-003" type="0"/>
    <Peak1D F1="3.034754" intensity="2.499343e-003" type="0"/>
    <Peak1D F1="2.954607" intensity="1.577528e-002" type="0"/>
    <Peak1D F1="2.948081" intensity="1.963405e-002" type="0"/>
    <Peak1D F1="2.941301" intensity="2.604167e-002" type="0"/>
    <Peak1D F1="2.936864" intensity="2.647468e-002" type="0"/>
    <Peak1D F1="2.930324" intensity="2.050477e-002" type="0"/>
    <Peak1D F1="2.923672" intensity="1.601395e-002" type="0"/>
    <Peak1D F1="2.918842" intensity="1.532311e-002" type="0"/>
    <Peak1D F1="2.876123" intensity="2.936955e-003" type="0"/>
    <Peak1D F1="2.861032" intensity="1.974000e-003" type="0"/>
    <Peak1D F1="2.824140" intensity="1.082448e-003" type="0"/>
    <Peak1D F1="2.795522" intensity="4.081404e-003" type="0"/>
    <Peak1D F1="2.767514" intensity="1.097990e-002" type="0"/>
    <Peak1D F1="2.752513" intensity="1.124809e-002" type="0"/>
    <Peak1D F1="2.543727" intensity="1.225795e-002" type="0"/>
    <Peak1D F1="2.523017" intensity="6.211302e-003" type="0"/>
    <Peak1D F1="2.381670" intensity="2.660677e-001" type="0"/>
    <Peak1D F1="2.360278" intensity="3.439900e-001" type="0"/>
    <Peak1D F1="2.351503" intensity="3.437893e-001" type="0"/>
    <Peak1D F1="2.340020" intensity="2.999976e-001" type="0"/>
    <Peak1D F1="2.336716" intensity="2.931578e-001" type="0"/>
    <Peak1D F1="2.329718" intensity="3.613195e-001" type="0"/>
    <Peak1D F1="2.309337" intensity="1.647555e-001" type="0"/>
    <Peak1D F1="2.288014" intensity="4.349288e-002" type="0"/>
    <Peak1D F1="2.280130" intensity="6.814422e-002" type="0"/>
    <Peak1D F1="2.270841" intensity="8.927383e-002" type="0"/>
    <Peak1D F1="2.261905" intensity="1.070262e-001" type="0"/>
    <Peak1D F1="2.253774" intensity="9.865357e-002" type="0"/>
    <Peak1D F1="2.248020" intensity="1.019012e-001" type="0"/>
    <Peak1D F1="2.240976" intensity="8.807045e-002" type="0"/>
    <Peak1D F1="2.233423" intensity="7.446263e-002" type="0"/>
    <Peak1D F1="2.222751" intensity="9.269258e-002" type="0"/>
    <Peak1D F1="2.214027" intensity="8.411313e-002" type="0"/>
    <Peak1D F1="2.200642" intensity="1.099180e-001" type="0"/>
    <Peak1D F1="2.196103" intensity="1.266644e-001" type="0"/>
    <Peak1D F1="2.191076" intensity="1.260271e-001" type="0"/>
    <Peak1D F1="2.186914" intensity="1.271511e-001" type="0"/>
    <Peak1D F1="2.180458" intensity="1.383395e-001" type="0"/>
    <Peak1D F1="2.174465" intensity="1.737271e-001" type="0"/>
    <Peak1D F1="2.164794" intensity="1.725130e-001" type="0"/>
    <Peak1D F1="2.154022" intensity="2.409493e-001" type="0"/>
    <Peak1D F1="2.128535" intensity="5.069257e-001" type="0"/>
    <Peak1D F1="2.098557" intensity="5.663143e+000" type="0"/>
    <Peak1D F1="2.086345" intensity="1.259670e+001" type="0"/>
    <Peak1D F1="2.079408" intensity="1.401912e+001" type="0"/>
    <Peak1D F1="2.072159" intensity="1.250224e+001" type="0"/>
    <Peak1D F1="2.062839" intensity="7.264748e+000" type="0"/>
    <Peak1D F1="2.060927" intensity="7.589407e+000" type="0"/>
    <Peak1D F1="2.054558" intensity="5.086854e+000" type="0"/>
    <Peak1D F1="2.053455" intensity="5.073667e+000" type="0"/>
    <Peak1D F1="2.036874" intensity="9.054075e-001" type="0"/>
    <Peak1D F1="2.022517" intensity="5.368246e-001" type="0"/>
    <Peak1D F1="2.003366" intensity="2.390809e-001" type="0"/>
    <Peak1D F1="1.995057" intensity="1.835384e-001" type="0"/>
    <Peak1D F1="1.977969" intensity="2.124413e-001" type="0"/>
    <Peak1D F1="1.956142" intensity="4.449028e-001" type="0"/>
    <Peak1D F1="1.952113" intensity="4.939302e-001" type="0"/>
    <Peak1D F1="1.946637" intensity="5.439014e-001" type="0"/>
    <Peak1D F1="1.938626" intensity="6.639770e-001" type="0"/>
    <Peak1D F1="1.924287" intensity="1.239248e+000" type="0"/>
    <Peak1D F1="1.918029" intensity="1.564352e+000" type="0"/>
    <Peak1D F1="1.908496" intensity="5.154607e+000" type="0"/>
    <Peak1D F1="1.902081" intensity="7.685017e+000" type="0"/>
    <Peak1D F1="1.896443" intensity="1.019570e+001" type="0"/>
    <Peak1D F1="1.889485" intensity="1.421519e+001" type="0"/>
    <Peak1D F1="1.883208" intensity="1.500000e+001" type="0"/>
    <Peak1D F1="1.876948" intensity="1.318417e+001" type="0"/>
    <Peak1D F1="1.871785" intensity="7.974841e+000" type="0"/>
    <Peak1D F1="1.865841" intensity="6.360799e+000" type="0"/>
    <Peak1D F1="1.858642" intensity="3.598107e+000" type="0"/>
    <Peak1D F1="1.840352" intensity="8.000875e-001" type="0"/>
    <Peak1D F1="1.827258" intensity="5.117292e-001" type="0"/>
    <Peak1D F1="1.808298" intensity="2.247988e-001" type="0"/>
    <Peak1D F1="1.758182" intensity="1.080970e-001" type="0"/>
    <Peak1D F1="1.752407" intensity="1.117158e-001" type="0"/>
    <Peak1D F1="1.738976" intensity="1.431492e-001" type="0"/>
    <Peak1D F1="1.717065" intensity="2.321755e-001" type="0"/>
    <Peak1D F1="1.702175" intensity="3.335410e-001" type="0"/>
    <Peak1D F1="1.699958" intensity="3.310058e-001" type="0"/>
    <Peak1D F1="1.697395" intensity="3.369055e-001" type="0"/>
    <Peak1D F1="1.679732" intensity="4.798572e-001" type="0"/>
    <Peak1D F1="1.664085" intensity="4.089252e-001" type="0"/>
    <Peak1D F1="1.660180" intensity="4.149575e-001" type="0"/>
    <Peak1D F1="1.655180" intensity="3.898346e-001" type="0"/>
    <Peak1D F1="1.648265" intensity="3.708003e-001" type="0"/>
    <Peak1D F1="1.642560" intensity="3.495121e-001" type="0"/>
    <Peak1D F1="1.632867" intensity="2.915203e-001" type="0"/>
    <Peak1D F1="1.620966" intensity="2.156781e-001" type="0"/>
    <Peak1D F1="1.550411" intensity="7.879994e-002" type="0"/>
    <Peak1D F1="1.533991" intensity="1.185212e-001" type="0"/>
    <Peak1D F1="1.529814" intensity="1.110353e-001" type="0"/>
    <Peak1D F1="1.525354" intensity="9.789135e-002" type="0"/>
    <Peak1D F1="1.512659" intensity="1.771258e-001" type="0"/>
    <Peak1D F1="1.495715" intensity="1.842700e-001" type="0"/>
    <Peak1D F1="1.483534" intensity="1.582914e-001" type="0"/>
    <Peak1D F1="1.463134" intensity="1.459435e-001" type="0"/>
    <Peak1D F1="1.447144" intensity="6.207133e-002" type="0"/>
    <Peak1D F1="1.443021" intensity="5.994722e-002" type="0"/>
    <Peak1D F1="1.430962" intensity="5.854670e-002" type="0"/>
    <Peak1D F1="1.316222" intensity="2.376531e-002" type="0"/>
    <Peak1D F1="1.308991" intensity="2.426751e-002" type="0"/>
    <Peak1D F1="1.301781" intensity="2.346189e-002" type="0"/>
    <Peak1D F1="1.184127" intensity="1.253312e-001" type="0"/>
    <Peak1D F1="1.153767" intensity="3.929327e-002" type="0"/>
    <Peak1D F1="1.145640" intensity="3.502479e-002" type="0"/>
    <Peak1D F1="1.139049" intensity="2.835110e-002" type="0"/>
    <Peak1D F1="1.136296" intensity="2.888398e-002" type="0"/>
    <Peak1D F1="1.127859" intensity="2.158301e-002" type="0"/>
    <Peak1D F1="1.118681" intensity="1.921201e-002" type="0"/>
    <Peak1D F1="1.088338" intensity="1.390556e-002" type="0"/>
    <Peak1D F1="1.041064" intensity="1.411718e-002" type="0"/>
    <Peak1D F1="1.034126" intensity="1.396731e-002" type="0"/>
    <Peak1D F1="1.026141" intensity="1.366256e-002" type="0"/>
    <Peak1D F1="1.023201" intensity="1.355581e-002" type="0"/>
    <Peak1D F1="1.016391" intensity="1.355452e-002" type="0"/>
    <Peak1D F1="0.996331" intensity="1.144214e-002" type="0"/>
    <Peak1D F1="0.904294" intensity="9.423742e-003" type="0"/>
    <Peak1D F1="0.891495" intensity="9.664331e-003" type="0"/>
    <Peak1D F1="0.853428" intensity="1.096333e-002" type="0"/>
    <Peak1D F1="0.845288" intensity="1.133343e-002" type="0"/>
    <Peak1D F1="0.818111" intensity="4.911238e-002" type="0"/>
    <Peak1D F1="0.808070" intensity="9.386991e-002" type="0"/>
    <Peak1D F1="0.801520" intensity="9.950355e-002" type="0"/>
    <Peak1D F1="0.794637" intensity="8.407123e-002" type="0"/>
    <Peak1D F1="0.784050" intensity="4.923196e-002" type="0"/>
    <Peak1D F1="0.777686" intensity="3.829484e-002" type="0"/>
    <Peak1D F1="0.649130" intensity="6.853810e-003" type="0"/>
    <Peak1D F1="0.606974" intensity="6.221945e-003" type="0"/>
    <Peak1D F1="0.562012" intensity="5.848744e-003" type="0"/>
    <Peak1D F1="0.539519" intensity="5.273894e-003" type="0"/>
    <Peak1D F1="0.501503" intensity="5.212388e-003" type="0"/>
    <Peak1D F1="0.403737" intensity="4.367084e-003" type="0"/>
    <Peak1D F1="0.380485" intensity="4.538229e-003" type="0"/>
    <Peak1D F1="0.315900" intensity="4.091270e-003" type="0"/>
    <Peak1D F1="0.250135" intensity="3.972520e-003" type="0"/>
    <Peak1D F1="0.183875" intensity="3.262080e-003" type="0"/>
    <Peak1D F1="0.150172" intensity="3.234714e-003" type="0"/>
    <Peak1D F1="0.125667" intensity="3.093853e-003" type="0"/>
    <Peak1D F1="0.108070" intensity="3.200565e-003" type="0"/>
    <Peak1D F1="0.055559" intensity="3.503689e-003" type="0"/>
    <Peak1D F1="0.033176" intensity="2.717459e-003" type="0"/>
    <Peak1D F1="0.005267" intensity="4.440449e-002" type="0"/>
    <Peak1D F1="-0.000156" intensity="5.654876e-002" type="0"/>
    <Peak1D F1="-0.005269" intensity="4.306317e-002" type="0"/>
    <Peak1D F1="-0.074031" intensity="2.535217e-003" type="0"/>
    <Peak1D F1="-0.113987" intensity="2.559694e-003" type="0"/>
    <Peak1D F1="-0.162740" intensity="2.304500e-003" type="0"/>
    <Peak1D F1="-0.181785" intensity="2.008307e-003" type="0"/>
    <Peak1D F1="-0.224946" intensity="1.920637e-003" type="0"/>
    <Peak1D F1="-0.272176" intensity="1.683208e-003" type="0"/>
    <Peak1D F1="-0.293586" intensity="1.642714e-003" type="0"/>
    <Peak1D F1="-0.321714" intensity="1.536516e-003" type="0"/>
    <Peak1D F1="-0.331248" intensity="1.548568e-003" type="0"/>
    <Peak1D F1="-0.372881" intensity="1.450780e-003" type="0"/>
    <Peak1D F1="-0.385518" intensity="1.372540e-003" type="0"/>
    <Peak1D F1="-0.422242" intensity="1.284360e-003" type="0"/>
    <Peak1D F1="-0.450307" intensity="1.204904e-003" type="0"/>
    <Peak1D F1="-0.464752" intensity="1.173913e-003" type="0"/>
    <Peak1D F1="-0.521770" intensity="1.175015e-003" type="0"/>
    <Peak1D F1="-0.535955" intensity="1.063524e-003" type="0"/>
    <Peak1D F1="-0.569397" intensity="1.117397e-003" type="0"/>
    <Peak1D F1="-0.592114" intensity="1.288031e-003" type="0"/>
    <Peak1D F1="-0.598357" intensity="1.112149e-003" type="0"/>
    <Peak1D F1="-3.077397" intensity="1.002942e-003" type="0"/>
    <Peak1D F1="-3.169671" intensity="1.050756e-003" type="0"/>
    <Peak1D F1="-3.256153" intensity="1.042855e-003" type="0"/>
    <Peak1D F1="-3.345165" intensity="1.018818e-003" type="0"/>
    <Peak1D F1="-3.376858" intensity="1.137603e-003" type="0"/>
    <Peak1D F1="-3.425230" intensity="1.158071e-003" type="0"/>
    <Peak1D F1="-3.464733" intensity="1.106510e-003" type="0"/>
    <Peak1D F1="-3.510347" intensity="1.220653e-003" type="0"/>
    <Peak1D F1="-3.538584" intensity="1.433359e-003" type="0"/>
    <Peak1D F1="-3.588758" intensity="1.861151e-003" type="0"/>
    <Peak1D F1="-3.716036" intensity="3.170151e-003" type="0"/>
    <Peak1D F1="-3.730115" intensity="3.297796e-003" type="0"/>
  </PeakList1D>
</PeakList>
