<?xml version="1.0" encoding="UTF-8"?>
<PeakList>
  <PeakList1D>
    <PeakList1DHeader creator="nmr" date="2021-08-06T16:48:19.566+03:00" expNo="10" name="ID_422_O" owner="" procNo="1" source="//132.72.8.180/400b/Milo/Milo">
      <PeakPickDetails>F1=16.121840ppm, F2=-3.907206ppm, MI=0.00cm, MAXI=10000.00cm, PC=1.000
      </PeakPickDetails>
    </PeakList1DHeader>
    <Peak1D F1="14.935835" intensity="1.624550e-003" type="0"/>
    <Peak1D F1="13.469447" intensity="1.607558e-003" type="0"/>
    <Peak1D F1="12.408068" intensity="1.553185e-003" type="0"/>
    <Peak1D F1="10.880518" intensity="1.594972e-003" type="0"/>
    <Peak1D F1="10.340297" intensity="1.529362e-003" type="0"/>
    <Peak1D F1="10.310029" intensity="4.160024e-003" type="0"/>
    <Peak1D F1="10.139857" intensity="1.248958e-002" type="0"/>
    <Peak1D F1="10.119786" intensity="7.815978e-003" type="0"/>
    <Peak1D F1="10.088979" intensity="7.560422e-001" type="0"/>
    <Peak1D F1="10.056795" intensity="5.408794e-003" type="0"/>
    <Peak1D F1="10.039154" intensity="9.752440e-003" type="0"/>
    <Peak1D F1="9.861751" intensity="3.843005e-003" type="0"/>
    <Peak1D F1="8.540924" intensity="2.613917e-003" type="0"/>
    <Peak1D F1="8.525759" intensity="2.396131e-003" type="0"/>
    <Peak1D F1="8.427369" intensity="2.721782e-003" type="0"/>
    <Peak1D F1="8.383511" intensity="1.141452e-002" type="0"/>
    <Peak1D F1="8.364153" intensity="1.633063e-002" type="0"/>
    <Peak1D F1="8.333554" intensity="5.061730e-001" type="0"/>
    <Peak1D F1="8.312161" intensity="5.914903e-001" type="0"/>
    <Peak1D F1="8.283606" intensity="1.228612e-002" type="0"/>
    <Peak1D F1="8.263661" intensity="2.208700e-002" type="0"/>
    <Peak1D F1="8.237304" intensity="7.663129e-002" type="0"/>
    <Peak1D F1="8.215721" intensity="1.187899e-001" type="0"/>
    <Peak1D F1="8.198070" intensity="1.084926e-001" type="0"/>
    <Peak1D F1="8.180578" intensity="5.813147e-002" type="0"/>
    <Peak1D F1="8.175457" intensity="5.979075e-002" type="0"/>
    <Peak1D F1="8.169389" intensity="5.783656e-002" type="0"/>
    <Peak1D F1="8.144851" intensity="1.269946e+000" type="0"/>
    <Peak1D F1="8.137018" intensity="5.117671e-001" type="0"/>
    <Peak1D F1="8.122833" intensity="1.363382e+000" type="0"/>
    <Peak1D F1="8.119724" intensity="8.318766e-001" type="0"/>
    <Peak1D F1="8.098053" intensity="5.792885e-002" type="0"/>
    <Peak1D F1="8.072929" intensity="3.753986e-002" type="0"/>
    <Peak1D F1="8.050922" intensity="2.303152e-002" type="0"/>
    <Peak1D F1="8.021126" intensity="7.217544e-001" type="0"/>
    <Peak1D F1="7.999027" intensity="6.242673e-001" type="0"/>
    <Peak1D F1="7.969055" intensity="1.047673e-002" type="0"/>
    <Peak1D F1="7.949466" intensity="8.144618e-003" type="0"/>
    <Peak1D F1="7.935630" intensity="6.930159e-003" type="0"/>
    <Peak1D F1="7.915994" intensity="7.209603e-003" type="0"/>
    <Peak1D F1="7.907501" intensity="6.164841e-003" type="0"/>
    <Peak1D F1="7.811319" intensity="4.691623e-003" type="0"/>
    <Peak1D F1="7.740762" intensity="4.621434e-003" type="0"/>
    <Peak1D F1="7.705899" intensity="3.326088e-002" type="0"/>
    <Peak1D F1="7.688436" intensity="4.172111e-002" type="0"/>
    <Peak1D F1="7.677847" intensity="4.241167e-002" type="0"/>
    <Peak1D F1="7.661775" intensity="1.713885e-002" type="0"/>
    <Peak1D F1="7.633680" intensity="6.795389e-002" type="0"/>
    <Peak1D F1="7.612530" intensity="7.916459e-002" type="0"/>
    <Peak1D F1="7.595783" intensity="3.542154e-002" type="0"/>
    <Peak1D F1="7.589192" intensity="3.692387e-002" type="0"/>
    <Peak1D F1="7.580925" intensity="4.795374e-002" type="0"/>
    <Peak1D F1="7.573303" intensity="5.231398e-002" type="0"/>
    <Peak1D F1="7.552099" intensity="1.285452e-001" type="0"/>
    <Peak1D F1="7.530017" intensity="1.172317e-001" type="0"/>
    <Peak1D F1="7.507645" intensity="2.773037e-001" type="0"/>
    <Peak1D F1="7.478459" intensity="1.404430e+000" type="0"/>
    <Peak1D F1="7.457417" intensity="1.313782e+000" type="0"/>
    <Peak1D F1="7.450039" intensity="3.668411e-001" type="0"/>
    <Peak1D F1="7.448343" intensity="3.808209e-001" type="0"/>
    <Peak1D F1="7.427651" intensity="1.030713e-001" type="0"/>
    <Peak1D F1="7.405852" intensity="8.232419e-002" type="0"/>
    <Peak1D F1="7.400079" intensity="7.454133e-002" type="0"/>
    <Peak1D F1="7.385174" intensity="2.827568e-002" type="0"/>
    <Peak1D F1="7.364640" intensity="4.464135e-002" type="0"/>
    <Peak1D F1="7.352708" intensity="4.435449e-002" type="0"/>
    <Peak1D F1="7.346567" intensity="4.478830e-002" type="0"/>
    <Peak1D F1="7.332687" intensity="5.110424e-002" type="0"/>
    <Peak1D F1="7.312212" intensity="3.630774e-002" type="0"/>
    <Peak1D F1="7.302311" intensity="5.103680e-002" type="0"/>
    <Peak1D F1="7.283414" intensity="7.931277e-002" type="0"/>
    <Peak1D F1="7.266460" intensity="3.389980e-001" type="0"/>
    <Peak1D F1="7.258007" intensity="7.034272e-002" type="0"/>
    <Peak1D F1="7.242984" intensity="7.243009e-002" type="0"/>
    <Peak1D F1="7.216604" intensity="1.510136e+001" type="0"/>
    <Peak1D F1="7.188266" intensity="1.492934e-002" type="0"/>
    <Peak1D F1="7.182223" intensity="2.056413e-002" type="0"/>
    <Peak1D F1="7.178482" intensity="2.460712e-002" type="0"/>
    <Peak1D F1="7.166562" intensity="2.041578e-001" type="0"/>
    <Peak1D F1="7.150510" intensity="3.214781e-002" type="0"/>
    <Peak1D F1="7.127778" intensity="3.327876e-002" type="0"/>
    <Peak1D F1="7.116314" intensity="1.859672e-002" type="0"/>
    <Peak1D F1="7.104863" intensity="1.944734e-002" type="0"/>
    <Peak1D F1="7.068583" intensity="4.738039e-002" type="0"/>
    <Peak1D F1="7.047829" intensity="6.433897e-002" type="0"/>
    <Peak1D F1="7.025564" intensity="3.891585e-002" type="0"/>
    <Peak1D F1="7.000591" intensity="1.129499e-002" type="0"/>
    <Peak1D F1="6.978485" intensity="4.625728e-003" type="0"/>
    <Peak1D F1="6.952116" intensity="8.247583e-002" type="0"/>
    <Peak1D F1="6.876658" intensity="2.024647e-003" type="0"/>
    <Peak1D F1="6.861951" intensity="3.389837e-003" type="0"/>
    <Peak1D F1="6.206522" intensity="8.311919e-003" type="0"/>
    <Peak1D F1="6.203386" intensity="7.426585e-003" type="0"/>
    <Peak1D F1="6.114106" intensity="1.386869e-002" type="0"/>
    <Peak1D F1="6.093230" intensity="1.228610e-002" type="0"/>
    <Peak1D F1="6.060357" intensity="3.914811e-002" type="0"/>
    <Peak1D F1="6.058044" intensity="4.052509e-002" type="0"/>
    <Peak1D F1="6.054849" intensity="3.828770e-002" type="0"/>
    <Peak1D F1="6.007949" intensity="2.578464e+000" type="0"/>
    <Peak1D F1="6.005099" intensity="1.257449e+000" type="0"/>
    <Peak1D F1="5.958104" intensity="3.335848e-002" type="0"/>
    <Peak1D F1="5.955018" intensity="2.774869e-002" type="0"/>
    <Peak1D F1="5.946036" intensity="2.425779e-002" type="0"/>
    <Peak1D F1="5.934542" intensity="2.304787e-002" type="0"/>
    <Peak1D F1="5.909715" intensity="2.594263e-003" type="0"/>
    <Peak1D F1="5.866654" intensity="2.536291e-003" type="0"/>
    <Peak1D F1="5.822215" intensity="3.460333e-002" type="0"/>
    <Peak1D F1="5.814787" intensity="3.646643e-002" type="0"/>
    <Peak1D F1="5.775016" intensity="1.050913e-002" type="0"/>
    <Peak1D F1="5.767722" intensity="8.683946e-003" type="0"/>
    <Peak1D F1="5.719121" intensity="5.511228e-003" type="0"/>
    <Peak1D F1="5.703293" intensity="5.620205e-003" type="0"/>
    <Peak1D F1="5.684363" intensity="5.089188e-003" type="0"/>
    <Peak1D F1="5.650747" intensity="3.641257e-002" type="0"/>
    <Peak1D F1="5.623977" intensity="3.713353e-002" type="0"/>
    <Peak1D F1="5.586233" intensity="5.984118e-003" type="0"/>
    <Peak1D F1="5.559435" intensity="6.841581e-003" type="0"/>
    <Peak1D F1="5.519521" intensity="6.973888e-003" type="0"/>
    <Peak1D F1="5.470510" intensity="7.538871e-002" type="0"/>
    <Peak1D F1="5.444155" intensity="1.038693e-002" type="0"/>
    <Peak1D F1="5.392212" intensity="7.973540e-003" type="0"/>
    <Peak1D F1="5.368602" intensity="8.351710e-003" type="0"/>
    <Peak1D F1="5.345535" intensity="1.157202e-001" type="0"/>
    <Peak1D F1="5.339601" intensity="1.236980e-001" type="0"/>
    <Peak1D F1="5.302129" intensity="4.961884e-003" type="0"/>
    <Peak1D F1="5.275499" intensity="2.963937e-003" type="0"/>
    <Peak1D F1="5.265526" intensity="2.731515e-003" type="0"/>
    <Peak1D F1="5.212308" intensity="2.179933e-003" type="0"/>
    <Peak1D F1="5.157231" intensity="3.242712e-003" type="0"/>
    <Peak1D F1="5.134610" intensity="2.284547e-003" type="0"/>
    <Peak1D F1="5.119987" intensity="1.755926e-003" type="0"/>
    <Peak1D F1="5.014685" intensity="3.276711e-003" type="0"/>
    <Peak1D F1="4.987741" intensity="8.320277e-003" type="0"/>
    <Peak1D F1="4.974448" intensity="4.468192e-003" type="0"/>
    <Peak1D F1="4.965393" intensity="8.104612e-003" type="0"/>
    <Peak1D F1="4.913189" intensity="1.356001e-002" type="0"/>
    <Peak1D F1="4.892303" intensity="1.766490e-002" type="0"/>
    <Peak1D F1="4.882106" intensity="1.904351e-002" type="0"/>
    <Peak1D F1="4.867979" intensity="2.370649e-002" type="0"/>
    <Peak1D F1="4.859110" intensity="3.803640e-002" type="0"/>
    <Peak1D F1="4.836282" intensity="3.844992e-002" type="0"/>
    <Peak1D F1="4.808376" intensity="9.439874e-001" type="0"/>
    <Peak1D F1="4.786089" intensity="9.583839e-001" type="0"/>
    <Peak1D F1="4.757947" intensity="3.352295e-002" type="0"/>
    <Peak1D F1="4.736119" intensity="3.461791e-002" type="0"/>
    <Peak1D F1="4.681499" intensity="2.551613e-002" type="0"/>
    <Peak1D F1="4.659475" intensity="2.557666e-002" type="0"/>
    <Peak1D F1="4.625278" intensity="2.623801e-002" type="0"/>
    <Peak1D F1="4.602936" intensity="2.413758e-002" type="0"/>
    <Peak1D F1="4.520967" intensity="1.136433e-002" type="0"/>
    <Peak1D F1="4.421022" intensity="6.775830e-003" type="0"/>
    <Peak1D F1="4.357513" intensity="4.779438e-003" type="0"/>
    <Peak1D F1="4.329481" intensity="3.678043e-003" type="0"/>
    <Peak1D F1="4.269861" intensity="3.253203e-003" type="0"/>
    <Peak1D F1="4.255477" intensity="2.981348e-003" type="0"/>
    <Peak1D F1="4.237900" intensity="2.632856e-003" type="0"/>
    <Peak1D F1="4.178670" intensity="2.178123e-003" type="0"/>
    <Peak1D F1="4.113221" intensity="1.725591e-003" type="0"/>
    <Peak1D F1="4.106109" intensity="1.832179e-003" type="0"/>
    <Peak1D F1="3.920742" intensity="1.662280e-003" type="0"/>
    <Peak1D F1="3.882036" intensity="3.969040e-003" type="0"/>
    <Peak1D F1="3.869892" intensity="4.176570e-002" type="0"/>
    <Peak1D F1="3.839606" intensity="6.484360e-003" type="0"/>
    <Peak1D F1="3.811725" intensity="7.116747e-003" type="0"/>
    <Peak1D F1="3.802941" intensity="4.082961e-002" type="0"/>
    <Peak1D F1="3.744766" intensity="1.213656e-001" type="0"/>
    <Peak1D F1="3.742544" intensity="1.298800e-001" type="0"/>
    <Peak1D F1="3.740037" intensity="1.106973e-001" type="0"/>
    <Peak1D F1="3.692464" intensity="7.979758e+000" type="0"/>
    <Peak1D F1="3.689825" intensity="4.080458e+000" type="0"/>
    <Peak1D F1="3.657531" intensity="2.446073e-002" type="0"/>
    <Peak1D F1="3.642559" intensity="1.044836e-001" type="0"/>
    <Peak1D F1="3.639699" intensity="8.688605e-002" type="0"/>
    <Peak1D F1="3.597997" intensity="4.725578e-003" type="0"/>
    <Peak1D F1="3.592209" intensity="6.159277e-003" type="0"/>
    <Peak1D F1="3.574813" intensity="4.343815e-003" type="0"/>
    <Peak1D F1="3.510195" intensity="4.487732e-002" type="0"/>
    <Peak1D F1="3.486555" intensity="2.164088e-002" type="0"/>
    <Peak1D F1="3.469001" intensity="5.348361e-003" type="0"/>
    <Peak1D F1="3.452580" intensity="8.429076e-003" type="0"/>
    <Peak1D F1="3.399381" intensity="3.094486e-001" type="0"/>
    <Peak1D F1="3.350108" intensity="6.901914e-003" type="0"/>
    <Peak1D F1="3.311440" intensity="2.541374e-003" type="0"/>
    <Peak1D F1="3.287423" intensity="3.024790e-003" type="0"/>
    <Peak1D F1="3.276744" intensity="1.167076e-002" type="0"/>
    <Peak1D F1="3.223091" intensity="2.885330e-003" type="0"/>
    <Peak1D F1="3.198607" intensity="2.172547e-003" type="0"/>
    <Peak1D F1="3.187555" intensity="2.145682e-003" type="0"/>
    <Peak1D F1="3.180579" intensity="1.946194e-003" type="0"/>
    <Peak1D F1="3.147559" intensity="2.737266e-003" type="0"/>
    <Peak1D F1="3.130732" intensity="2.518127e-003" type="0"/>
    <Peak1D F1="3.104726" intensity="2.447335e-003" type="0"/>
    <Peak1D F1="3.061889" intensity="2.458441e-003" type="0"/>
    <Peak1D F1="3.043377" intensity="2.708273e-003" type="0"/>
    <Peak1D F1="3.021608" intensity="2.750807e-003" type="0"/>
    <Peak1D F1="2.990434" intensity="2.883733e-003" type="0"/>
    <Peak1D F1="2.951363" intensity="6.081300e-003" type="0"/>
    <Peak1D F1="2.941257" intensity="6.351322e-003" type="0"/>
    <Peak1D F1="2.922724" intensity="5.282758e-003" type="0"/>
    <Peak1D F1="2.858711" intensity="4.346112e-003" type="0"/>
    <Peak1D F1="2.838691" intensity="6.850474e-003" type="0"/>
    <Peak1D F1="2.805110" intensity="1.000974e-002" type="0"/>
    <Peak1D F1="2.777199" intensity="2.026569e-002" type="0"/>
    <Peak1D F1="2.770341" intensity="1.785270e-002" type="0"/>
    <Peak1D F1="2.759586" intensity="1.782613e-002" type="0"/>
    <Peak1D F1="2.731556" intensity="8.589852e-003" type="0"/>
    <Peak1D F1="2.718127" intensity="6.016843e-003" type="0"/>
    <Peak1D F1="2.690746" intensity="5.036131e-003" type="0"/>
    <Peak1D F1="2.670365" intensity="4.664071e-003" type="0"/>
    <Peak1D F1="2.646649" intensity="4.810681e-003" type="0"/>
    <Peak1D F1="2.640013" intensity="8.311340e-003" type="0"/>
    <Peak1D F1="2.619033" intensity="7.019513e-003" type="0"/>
    <Peak1D F1="2.547609" intensity="2.899252e-002" type="0"/>
    <Peak1D F1="2.516480" intensity="1.430877e-002" type="0"/>
    <Peak1D F1="2.492932" intensity="1.257257e-002" type="0"/>
    <Peak1D F1="2.468959" intensity="1.367086e-002" type="0"/>
    <Peak1D F1="2.458108" intensity="1.470778e-002" type="0"/>
    <Peak1D F1="2.415449" intensity="1.655290e-001" type="0"/>
    <Peak1D F1="2.397987" intensity="1.765744e-001" type="0"/>
    <Peak1D F1="2.394223" intensity="1.876478e-001" type="0"/>
    <Peak1D F1="2.367257" intensity="3.984683e-001" type="0"/>
    <Peak1D F1="2.357904" intensity="1.984064e-001" type="0"/>
    <Peak1D F1="2.355598" intensity="2.020825e-001" type="0"/>
    <Peak1D F1="2.345455" intensity="5.499257e-001" type="0"/>
    <Peak1D F1="2.337420" intensity="2.562933e-001" type="0"/>
    <Peak1D F1="2.334561" intensity="2.705137e-001" type="0"/>
    <Peak1D F1="2.324497" intensity="2.344994e-001" type="0"/>
    <Peak1D F1="2.313908" intensity="3.193170e-001" type="0"/>
    <Peak1D F1="2.294820" intensity="1.961510e-001" type="0"/>
    <Peak1D F1="2.292253" intensity="1.900325e-001" type="0"/>
    <Peak1D F1="2.269287" intensity="8.583698e-002" type="0"/>
    <Peak1D F1="2.249831" intensity="1.111381e-001" type="0"/>
    <Peak1D F1="2.231958" intensity="2.146706e-001" type="0"/>
    <Peak1D F1="2.217169" intensity="9.247660e-002" type="0"/>
    <Peak1D F1="2.208157" intensity="2.929040e-001" type="0"/>
    <Peak1D F1="2.205368" intensity="2.884211e-001" type="0"/>
    <Peak1D F1="2.183110" intensity="3.539185e-001" type="0"/>
    <Peak1D F1="2.157283" intensity="3.517124e-001" type="0"/>
    <Peak1D F1="2.135042" intensity="5.589941e-001" type="0"/>
    <Peak1D F1="2.108279" intensity="5.196651e+000" type="0"/>
    <Peak1D F1="2.106236" intensity="4.976768e+000" type="0"/>
    <Peak1D F1="2.100523" intensity="4.580503e+000" type="0"/>
    <Peak1D F1="2.088940" intensity="1.455340e+001" type="0"/>
    <Peak1D F1="2.077574" intensity="4.955197e+000" type="0"/>
    <Peak1D F1="2.070350" intensity="7.640411e+000" type="0"/>
    <Peak1D F1="2.045316" intensity="4.927601e-001" type="0"/>
    <Peak1D F1="2.042562" intensity="4.998910e-001" type="0"/>
    <Peak1D F1="2.039526" intensity="4.853703e-001" type="0"/>
    <Peak1D F1="2.020126" intensity="1.959054e-001" type="0"/>
    <Peak1D F1="1.993090" intensity="1.037260e-001" type="0"/>
    <Peak1D F1="1.989738" intensity="1.016344e-001" type="0"/>
    <Peak1D F1="1.971454" intensity="2.519121e-001" type="0"/>
    <Peak1D F1="1.968125" intensity="2.588337e-001" type="0"/>
    <Peak1D F1="1.944231" intensity="5.347073e-001" type="0"/>
    <Peak1D F1="1.936907" intensity="7.091456e-001" type="0"/>
    <Peak1D F1="1.933871" intensity="7.003670e-001" type="0"/>
    <Peak1D F1="1.921915" intensity="1.275925e+000" type="0"/>
    <Peak1D F1="1.918566" intensity="1.252089e+000" type="0"/>
    <Peak1D F1="1.916937" intensity="1.200490e+000" type="0"/>
    <Peak1D F1="1.906841" intensity="7.427353e+000" type="0"/>
    <Peak1D F1="1.895968" intensity="7.453781e+000" type="0"/>
    <Peak1D F1="1.895078" intensity="7.440587e+000" type="0"/>
    <Peak1D F1="1.887220" intensity="1.500000e+001" type="0"/>
    <Peak1D F1="1.880307" intensity="6.102584e+000" type="0"/>
    <Peak1D F1="1.878000" intensity="6.889182e+000" type="0"/>
    <Peak1D F1="1.876302" intensity="6.519800e+000" type="0"/>
    <Peak1D F1="1.867958" intensity="5.060738e+000" type="0"/>
    <Peak1D F1="1.855906" intensity="8.096443e-001" type="0"/>
    <Peak1D F1="1.845914" intensity="4.700035e-001" type="0"/>
    <Peak1D F1="1.837629" intensity="3.741947e-001" type="0"/>
    <Peak1D F1="1.828086" intensity="2.070806e-001" type="0"/>
    <Peak1D F1="1.817539" intensity="1.526506e-001" type="0"/>
    <Peak1D F1="1.804301" intensity="8.484953e-002" type="0"/>
    <Peak1D F1="1.786860" intensity="7.251440e-002" type="0"/>
    <Peak1D F1="1.777824" intensity="7.017761e-002" type="0"/>
    <Peak1D F1="1.756194" intensity="7.871131e-002" type="0"/>
    <Peak1D F1="1.738693" intensity="1.305301e-001" type="0"/>
    <Peak1D F1="1.725851" intensity="1.425052e-001" type="0"/>
    <Peak1D F1="1.720508" intensity="1.811637e-001" type="0"/>
    <Peak1D F1="1.699498" intensity="3.646059e-001" type="0"/>
    <Peak1D F1="1.694487" intensity="3.164938e-001" type="0"/>
    <Peak1D F1="1.686637" intensity="3.207385e-001" type="0"/>
    <Peak1D F1="1.675325" intensity="6.164153e-001" type="0"/>
    <Peak1D F1="1.670219" intensity="4.904013e-001" type="0"/>
    <Peak1D F1="1.654209" intensity="4.234868e-001" type="0"/>
    <Peak1D F1="1.650501" intensity="4.474961e-001" type="0"/>
    <Peak1D F1="1.638357" intensity="2.265138e-001" type="0"/>
    <Peak1D F1="1.635008" intensity="2.432302e-001" type="0"/>
    <Peak1D F1="1.631410" intensity="2.316756e-001" type="0"/>
    <Peak1D F1="1.621369" intensity="1.271697e-001" type="0"/>
    <Peak1D F1="1.614348" intensity="1.312219e-001" type="0"/>
    <Peak1D F1="1.555192" intensity="5.811418e-002" type="0"/>
    <Peak1D F1="1.539658" intensity="1.143446e-001" type="0"/>
    <Peak1D F1="1.531421" intensity="1.040861e-001" type="0"/>
    <Peak1D F1="1.524330" intensity="1.638061e-001" type="0"/>
    <Peak1D F1="1.505498" intensity="2.625523e-001" type="0"/>
    <Peak1D F1="1.487839" intensity="2.768004e-001" type="0"/>
    <Peak1D F1="1.475382" intensity="2.204262e-001" type="0"/>
    <Peak1D F1="1.458130" intensity="2.157908e-001" type="0"/>
    <Peak1D F1="1.440072" intensity="6.986048e-002" type="0"/>
    <Peak1D F1="1.430000" intensity="5.442712e-002" type="0"/>
    <Peak1D F1="1.396598" intensity="2.357463e-002" type="0"/>
    <Peak1D F1="1.382374" intensity="2.269406e-002" type="0"/>
    <Peak1D F1="1.368619" intensity="2.190922e-002" type="0"/>
    <Peak1D F1="1.365819" intensity="2.172426e-002" type="0"/>
    <Peak1D F1="1.348108" intensity="1.839209e-002" type="0"/>
    <Peak1D F1="1.297540" intensity="1.105399e-002" type="0"/>
    <Peak1D F1="1.283300" intensity="1.076769e-002" type="0"/>
    <Peak1D F1="1.231372" intensity="1.971659e-002" type="0"/>
    <Peak1D F1="1.181857" intensity="4.802883e-002" type="0"/>
    <Peak1D F1="1.101050" intensity="5.740432e-003" type="0"/>
    <Peak1D F1="1.081826" intensity="5.525410e-003" type="0"/>
    <Peak1D F1="1.046676" intensity="4.840222e-003" type="0"/>
    <Peak1D F1="1.023916" intensity="5.078375e-003" type="0"/>
    <Peak1D F1="0.944499" intensity="3.591725e-003" type="0"/>
    <Peak1D F1="0.916514" intensity="3.561543e-003" type="0"/>
    <Peak1D F1="0.880115" intensity="3.673122e-003" type="0"/>
    <Peak1D F1="0.819323" intensity="7.995533e-003" type="0"/>
    <Peak1D F1="0.803844" intensity="1.327477e-002" type="0"/>
    <Peak1D F1="0.786677" intensity="1.004409e-002" type="0"/>
    <Peak1D F1="0.777584" intensity="9.465878e-003" type="0"/>
    <Peak1D F1="0.755748" intensity="8.666052e-003" type="0"/>
    <Peak1D F1="0.691815" intensity="2.610922e-003" type="0"/>
    <Peak1D F1="0.642129" intensity="2.597595e-003" type="0"/>
    <Peak1D F1="0.618939" intensity="2.286881e-003" type="0"/>
    <Peak1D F1="0.576332" intensity="1.943427e-003" type="0"/>
    <Peak1D F1="0.528356" intensity="1.708907e-003" type="0"/>
    <Peak1D F1="0.496866" intensity="1.729674e-003" type="0"/>
    <Peak1D F1="0.049656" intensity="2.496504e-003" type="0"/>
    <Peak1D F1="-0.000149" intensity="1.232698e-001" type="0"/>
    <Peak1D F1="-0.050431" intensity="1.943936e-003" type="0"/>
    <Peak1D F1="-0.149221" intensity="1.535078e-003" type="0"/>
    <Peak1D F1="-3.536220" intensity="1.546796e-003" type="0"/>
    <Peak1D F1="-3.568408" intensity="1.522234e-003" type="0"/>
  </PeakList1D>
</PeakList>
