<?xml version="1.0" encoding="UTF-8"?>
<PeakList>
  <PeakList1D>
    <PeakList1DHeader creator="nmr" date="2021-08-02T15:28:21.696+03:00" expNo="10" name="ID-420-E" owner="" procNo="1" source="//132.72.8.180/400b/Milo/Milo">
      <PeakPickDetails>F1=16.103571ppm, F2=-3.925474ppm, MI=0.00cm, MAXI=10000.00cm, PC=1.000
      </PeakPickDetails>
    </PeakList1DHeader>
    <Peak1D F1="15.826229" intensity="5.479657e-003" type="0"/>
    <Peak1D F1="13.205493" intensity="5.783254e-003" type="0"/>
    <Peak1D F1="12.972857" intensity="5.708058e-003" type="0"/>
    <Peak1D F1="10.548477" intensity="5.871855e-003" type="0"/>
    <Peak1D F1="10.093008" intensity="2.599527e-002" type="0"/>
    <Peak1D F1="8.358730" intensity="1.057585e-002" type="0"/>
    <Peak1D F1="8.339675" intensity="2.689840e-002" type="0"/>
    <Peak1D F1="8.318645" intensity="2.040884e-002" type="0"/>
    <Peak1D F1="8.226466" intensity="5.468876e-002" type="0"/>
    <Peak1D F1="8.205864" intensity="1.361101e-001" type="0"/>
    <Peak1D F1="8.184905" intensity="1.324513e-001" type="0"/>
    <Peak1D F1="8.156043" intensity="2.291584e+000" type="0"/>
    <Peak1D F1="8.134098" intensity="2.376154e+000" type="0"/>
    <Peak1D F1="8.111659" intensity="2.732827e-001" type="0"/>
    <Peak1D F1="8.090835" intensity="2.644754e-001" type="0"/>
    <Peak1D F1="8.058031" intensity="1.516694e-002" type="0"/>
    <Peak1D F1="8.020354" intensity="2.807014e-002" type="0"/>
    <Peak1D F1="7.998375" intensity="1.927899e-002" type="0"/>
    <Peak1D F1="7.944467" intensity="1.343024e-002" type="0"/>
    <Peak1D F1="7.918328" intensity="1.461044e-002" type="0"/>
    <Peak1D F1="7.879319" intensity="3.614982e-002" type="0"/>
    <Peak1D F1="7.871500" intensity="3.009528e-002" type="0"/>
    <Peak1D F1="7.858795" intensity="4.046839e-002" type="0"/>
    <Peak1D F1="7.850221" intensity="3.285511e-002" type="0"/>
    <Peak1D F1="7.825438" intensity="1.166485e-002" type="0"/>
    <Peak1D F1="7.790811" intensity="1.014506e-002" type="0"/>
    <Peak1D F1="7.772753" intensity="1.520204e-002" type="0"/>
    <Peak1D F1="7.672445" intensity="6.834068e-002" type="0"/>
    <Peak1D F1="7.651738" intensity="1.326165e-001" type="0"/>
    <Peak1D F1="7.642546" intensity="1.480730e-001" type="0"/>
    <Peak1D F1="7.631832" intensity="1.112772e-001" type="0"/>
    <Peak1D F1="7.623247" intensity="1.659929e-001" type="0"/>
    <Peak1D F1="7.586487" intensity="4.375057e-002" type="0"/>
    <Peak1D F1="7.576215" intensity="3.469642e-002" type="0"/>
    <Peak1D F1="7.554994" intensity="3.504712e-002" type="0"/>
    <Peak1D F1="7.538392" intensity="6.165944e-002" type="0"/>
    <Peak1D F1="7.519621" intensity="1.274655e-001" type="0"/>
    <Peak1D F1="7.507295" intensity="1.489215e-001" type="0"/>
    <Peak1D F1="7.497382" intensity="1.554997e-001" type="0"/>
    <Peak1D F1="7.479535" intensity="2.762123e+000" type="0"/>
    <Peak1D F1="7.458427" intensity="2.609896e+000" type="0"/>
    <Peak1D F1="7.441719" intensity="3.519875e-001" type="0"/>
    <Peak1D F1="7.432799" intensity="9.842779e-002" type="0"/>
    <Peak1D F1="7.407444" intensity="1.069055e-001" type="0"/>
    <Peak1D F1="7.389966" intensity="1.040639e-001" type="0"/>
    <Peak1D F1="7.373413" intensity="2.064199e-001" type="0"/>
    <Peak1D F1="7.357533" intensity="1.277159e-001" type="0"/>
    <Peak1D F1="7.352739" intensity="1.286327e-001" type="0"/>
    <Peak1D F1="7.322384" intensity="2.878553e-002" type="0"/>
    <Peak1D F1="7.303786" intensity="1.222068e-002" type="0"/>
    <Peak1D F1="7.283326" intensity="1.895778e-002" type="0"/>
    <Peak1D F1="7.274522" intensity="2.071930e-002" type="0"/>
    <Peak1D F1="7.254457" intensity="2.503603e-002" type="0"/>
    <Peak1D F1="7.249044" intensity="9.166194e-002" type="0"/>
    <Peak1D F1="7.247379" intensity="1.207523e-001" type="0"/>
    <Peak1D F1="7.198244" intensity="7.296782e+000" type="0"/>
    <Peak1D F1="7.148465" intensity="1.416304e-001" type="0"/>
    <Peak1D F1="7.110946" intensity="6.380155e-003" type="0"/>
    <Peak1D F1="7.089559" intensity="5.617845e-003" type="0"/>
    <Peak1D F1="6.934037" intensity="3.737235e-002" type="0"/>
    <Peak1D F1="6.689908" intensity="7.688519e-003" type="0"/>
    <Peak1D F1="6.214790" intensity="9.467133e-003" type="0"/>
    <Peak1D F1="6.117332" intensity="5.479256e-002" type="0"/>
    <Peak1D F1="6.065929" intensity="4.416625e-002" type="0"/>
    <Peak1D F1="6.045321" intensity="4.610802e-002" type="0"/>
    <Peak1D F1="6.016391" intensity="3.013830e+000" type="0"/>
    <Peak1D F1="5.969999" intensity="4.976651e-002" type="0"/>
    <Peak1D F1="5.954005" intensity="4.730902e-002" type="0"/>
    <Peak1D F1="5.942904" intensity="4.280981e-002" type="0"/>
    <Peak1D F1="5.808383" intensity="1.611584e-002" type="0"/>
    <Peak1D F1="5.738232" intensity="8.535925e-003" type="0"/>
    <Peak1D F1="5.652623" intensity="1.419550e-002" type="0"/>
    <Peak1D F1="5.625477" intensity="1.516664e-002" type="0"/>
    <Peak1D F1="5.584390" intensity="5.742591e-003" type="0"/>
    <Peak1D F1="5.523730" intensity="8.033302e-003" type="0"/>
    <Peak1D F1="5.487948" intensity="1.308967e-002" type="0"/>
    <Peak1D F1="5.461731" intensity="7.324451e-003" type="0"/>
    <Peak1D F1="5.448163" intensity="8.053796e-003" type="0"/>
    <Peak1D F1="5.434436" intensity="9.195547e-003" type="0"/>
    <Peak1D F1="5.419690" intensity="8.527664e-003" type="0"/>
    <Peak1D F1="5.399462" intensity="1.091088e-002" type="0"/>
    <Peak1D F1="5.352214" intensity="1.729433e-001" type="0"/>
    <Peak1D F1="5.320899" intensity="6.848536e-003" type="0"/>
    <Peak1D F1="5.313067" intensity="8.897085e-003" type="0"/>
    <Peak1D F1="5.271346" intensity="6.220462e-003" type="0"/>
    <Peak1D F1="5.141539" intensity="5.567613e-003" type="0"/>
    <Peak1D F1="5.110353" intensity="6.845346e-003" type="0"/>
    <Peak1D F1="5.092541" intensity="7.171486e-003" type="0"/>
    <Peak1D F1="5.030817" intensity="8.936152e-003" type="0"/>
    <Peak1D F1="5.010402" intensity="7.608371e-003" type="0"/>
    <Peak1D F1="4.999378" intensity="9.971187e-003" type="0"/>
    <Peak1D F1="4.972804" intensity="1.517111e-002" type="0"/>
    <Peak1D F1="4.948731" intensity="1.626794e-002" type="0"/>
    <Peak1D F1="4.894858" intensity="2.152375e-002" type="0"/>
    <Peak1D F1="4.875049" intensity="2.393837e-002" type="0"/>
    <Peak1D F1="4.856441" intensity="2.784042e-002" type="0"/>
    <Peak1D F1="4.843449" intensity="4.752837e-002" type="0"/>
    <Peak1D F1="4.820190" intensity="6.236180e-002" type="0"/>
    <Peak1D F1="4.793784" intensity="1.715854e+000" type="0"/>
    <Peak1D F1="4.771083" intensity="1.744673e+000" type="0"/>
    <Peak1D F1="4.743904" intensity="8.178765e-002" type="0"/>
    <Peak1D F1="4.721772" intensity="8.820024e-002" type="0"/>
    <Peak1D F1="4.679452" intensity="6.685079e-002" type="0"/>
    <Peak1D F1="4.658292" intensity="6.769367e-002" type="0"/>
    <Peak1D F1="4.631808" intensity="6.229065e-002" type="0"/>
    <Peak1D F1="4.611550" intensity="5.957844e-002" type="0"/>
    <Peak1D F1="4.589796" intensity="5.394365e-002" type="0"/>
    <Peak1D F1="4.512587" intensity="2.544862e-002" type="0"/>
    <Peak1D F1="4.475893" intensity="2.067784e-002" type="0"/>
    <Peak1D F1="4.450561" intensity="1.847431e-002" type="0"/>
    <Peak1D F1="4.358249" intensity="1.291448e-002" type="0"/>
    <Peak1D F1="4.320510" intensity="9.948985e-003" type="0"/>
    <Peak1D F1="4.306900" intensity="9.004108e-003" type="0"/>
    <Peak1D F1="4.258958" intensity="9.435245e-003" type="0"/>
    <Peak1D F1="4.227408" intensity="6.567830e-003" type="0"/>
    <Peak1D F1="4.153972" intensity="5.856329e-003" type="0"/>
    <Peak1D F1="4.101450" intensity="5.694352e-003" type="0"/>
    <Peak1D F1="3.983151" intensity="6.140647e-003" type="0"/>
    <Peak1D F1="3.970976" intensity="8.614261e-003" type="0"/>
    <Peak1D F1="3.953248" intensity="1.068799e-002" type="0"/>
    <Peak1D F1="3.903937" intensity="5.630135e-003" type="0"/>
    <Peak1D F1="3.876773" intensity="4.799750e-002" type="0"/>
    <Peak1D F1="3.843420" intensity="1.993631e-002" type="0"/>
    <Peak1D F1="3.809858" intensity="1.651307e-001" type="0"/>
    <Peak1D F1="3.775022" intensity="1.136318e-002" type="0"/>
    <Peak1D F1="3.759709" intensity="2.171262e-002" type="0"/>
    <Peak1D F1="3.748659" intensity="1.648191e-001" type="0"/>
    <Peak1D F1="3.746518" intensity="1.594709e-001" type="0"/>
    <Peak1D F1="3.699251" intensity="9.269672e+000" type="0"/>
    <Peak1D F1="3.652531" intensity="1.515979e-001" type="0"/>
    <Peak1D F1="3.568107" intensity="5.510207e-003" type="0"/>
    <Peak1D F1="3.517107" intensity="4.915237e-002" type="0"/>
    <Peak1D F1="3.359617" intensity="5.892371e-003" type="0"/>
    <Peak1D F1="2.959723" intensity="1.130846e-002" type="0"/>
    <Peak1D F1="2.941219" intensity="2.098782e-002" type="0"/>
    <Peak1D F1="2.924463" intensity="1.165074e-002" type="0"/>
    <Peak1D F1="2.916881" intensity="1.145396e-002" type="0"/>
    <Peak1D F1="2.789734" intensity="8.433471e-003" type="0"/>
    <Peak1D F1="2.775246" intensity="1.070365e-002" type="0"/>
    <Peak1D F1="2.751997" intensity="2.299994e-002" type="0"/>
    <Peak1D F1="2.729936" intensity="1.611266e-002" type="0"/>
    <Peak1D F1="2.703516" intensity="8.064357e-003" type="0"/>
    <Peak1D F1="2.686678" intensity="5.615837e-003" type="0"/>
    <Peak1D F1="2.551868" intensity="7.770222e-003" type="0"/>
    <Peak1D F1="2.531226" intensity="7.699519e-003" type="0"/>
    <Peak1D F1="2.430381" intensity="3.010851e-001" type="0"/>
    <Peak1D F1="2.411941" intensity="3.449363e-001" type="0"/>
    <Peak1D F1="2.408668" intensity="3.320477e-001" type="0"/>
    <Peak1D F1="2.384324" intensity="4.640697e-001" type="0"/>
    <Peak1D F1="2.381415" intensity="4.525424e-001" type="0"/>
    <Peak1D F1="2.360191" intensity="4.960066e-001" type="0"/>
    <Peak1D F1="2.354361" intensity="4.868699e-001" type="0"/>
    <Peak1D F1="2.331007" intensity="6.120098e-001" type="0"/>
    <Peak1D F1="2.323135" intensity="3.598876e-001" type="0"/>
    <Peak1D F1="2.310459" intensity="4.566830e-001" type="0"/>
    <Peak1D F1="2.300520" intensity="5.604266e-001" type="0"/>
    <Peak1D F1="2.280537" intensity="3.727364e-001" type="0"/>
    <Peak1D F1="2.248181" intensity="3.871009e-001" type="0"/>
    <Peak1D F1="2.226040" intensity="5.640873e-001" type="0"/>
    <Peak1D F1="2.222521" intensity="5.379854e-001" type="0"/>
    <Peak1D F1="2.199253" intensity="5.452347e-001" type="0"/>
    <Peak1D F1="2.177649" intensity="3.993150e-001" type="0"/>
    <Peak1D F1="2.173651" intensity="3.737400e-001" type="0"/>
    <Peak1D F1="2.147688" intensity="5.077288e-001" type="0"/>
    <Peak1D F1="2.114453" intensity="5.380237e+000" type="0"/>
    <Peak1D F1="2.112794" intensity="5.125534e+000" type="0"/>
    <Peak1D F1="2.110411" intensity="4.494700e+000" type="0"/>
    <Peak1D F1="2.094989" intensity="1.474871e+001" type="0"/>
    <Peak1D F1="2.083466" intensity="4.851429e+000" type="0"/>
    <Peak1D F1="2.076504" intensity="7.416174e+000" type="0"/>
    <Peak1D F1="2.055106" intensity="5.102463e-001" type="0"/>
    <Peak1D F1="2.048991" intensity="5.863494e-001" type="0"/>
    <Peak1D F1="2.028789" intensity="2.557058e-001" type="0"/>
    <Peak1D F1="1.983599" intensity="3.028218e-001" type="0"/>
    <Peak1D F1="1.975968" intensity="2.750385e-001" type="0"/>
    <Peak1D F1="1.950774" intensity="6.682295e-001" type="0"/>
    <Peak1D F1="1.939392" intensity="8.795290e-001" type="0"/>
    <Peak1D F1="1.930965" intensity="1.209826e+000" type="0"/>
    <Peak1D F1="1.928210" intensity="1.226123e+000" type="0"/>
    <Peak1D F1="1.924805" intensity="1.318871e+000" type="0"/>
    <Peak1D F1="1.923039" intensity="1.304242e+000" type="0"/>
    <Peak1D F1="1.909813" intensity="7.648995e+000" type="0"/>
    <Peak1D F1="1.898834" intensity="7.611361e+000" type="0"/>
    <Peak1D F1="1.890230" intensity="1.500000e+001" type="0"/>
    <Peak1D F1="1.881672" intensity="6.777459e+000" type="0"/>
    <Peak1D F1="1.870985" intensity="4.920083e+000" type="0"/>
    <Peak1D F1="1.859279" intensity="7.526897e-001" type="0"/>
    <Peak1D F1="1.851370" intensity="4.680142e-001" type="0"/>
    <Peak1D F1="1.849094" intensity="4.612657e-001" type="0"/>
    <Peak1D F1="1.842137" intensity="4.643230e-001" type="0"/>
    <Peak1D F1="1.832159" intensity="2.532134e-001" type="0"/>
    <Peak1D F1="1.823284" intensity="1.927981e-001" type="0"/>
    <Peak1D F1="1.759219" intensity="9.573566e-002" type="0"/>
    <Peak1D F1="1.743950" intensity="1.843798e-001" type="0"/>
    <Peak1D F1="1.728242" intensity="2.450148e-001" type="0"/>
    <Peak1D F1="1.726459" intensity="2.460997e-001" type="0"/>
    <Peak1D F1="1.723158" intensity="2.530190e-001" type="0"/>
    <Peak1D F1="1.715786" intensity="2.643351e-001" type="0"/>
    <Peak1D F1="1.699469" intensity="5.114791e-001" type="0"/>
    <Peak1D F1="1.689571" intensity="3.842297e-001" type="0"/>
    <Peak1D F1="1.681735" intensity="9.468870e-001" type="0"/>
    <Peak1D F1="1.670928" intensity="7.426479e-001" type="0"/>
    <Peak1D F1="1.658201" intensity="1.018122e+000" type="0"/>
    <Peak1D F1="1.642982" intensity="6.316255e-001" type="0"/>
    <Peak1D F1="1.638650" intensity="6.713319e-001" type="0"/>
    <Peak1D F1="1.627570" intensity="3.116325e-001" type="0"/>
    <Peak1D F1="1.623229" intensity="3.274489e-001" type="0"/>
    <Peak1D F1="1.584597" intensity="7.439545e-002" type="0"/>
    <Peak1D F1="1.574622" intensity="6.321730e-002" type="0"/>
    <Peak1D F1="1.535472" intensity="2.416093e-001" type="0"/>
    <Peak1D F1="1.519531" intensity="1.879404e-001" type="0"/>
    <Peak1D F1="1.512088" intensity="2.390836e-001" type="0"/>
    <Peak1D F1="1.501545" intensity="5.063073e-001" type="0"/>
    <Peak1D F1="1.484034" intensity="5.761548e-001" type="0"/>
    <Peak1D F1="1.470949" intensity="4.216248e-001" type="0"/>
    <Peak1D F1="1.454201" intensity="4.211208e-001" type="0"/>
    <Peak1D F1="1.443170" intensity="9.244848e-002" type="0"/>
    <Peak1D F1="1.436374" intensity="1.351812e-001" type="0"/>
    <Peak1D F1="1.424420" intensity="1.422198e-001" type="0"/>
    <Peak1D F1="1.404635" intensity="3.893739e-002" type="0"/>
    <Peak1D F1="1.388240" intensity="3.186360e-002" type="0"/>
    <Peak1D F1="1.374258" intensity="3.190433e-002" type="0"/>
    <Peak1D F1="1.362231" intensity="5.879163e-002" type="0"/>
    <Peak1D F1="1.312751" intensity="2.392815e+000" type="0"/>
    <Peak1D F1="1.280850" intensity="6.437418e-001" type="0"/>
    <Peak1D F1="1.278372" intensity="6.543526e-001" type="0"/>
    <Peak1D F1="1.269449" intensity="1.328623e+000" type="0"/>
    <Peak1D F1="1.265848" intensity="1.773929e+000" type="0"/>
    <Peak1D F1="1.262286" intensity="2.149703e+000" type="0"/>
    <Peak1D F1="1.237000" intensity="1.790900e-001" type="0"/>
    <Peak1D F1="1.217117" intensity="2.008660e-001" type="0"/>
    <Peak1D F1="1.184670" intensity="1.582420e-001" type="0"/>
    <Peak1D F1="1.153062" intensity="3.401857e-002" type="0"/>
    <Peak1D F1="1.143053" intensity="2.332804e-002" type="0"/>
    <Peak1D F1="1.135047" intensity="2.065771e-002" type="0"/>
    <Peak1D F1="1.103916" intensity="2.186292e-002" type="0"/>
    <Peak1D F1="1.055044" intensity="1.325268e-002" type="0"/>
    <Peak1D F1="1.046473" intensity="1.243443e-002" type="0"/>
    <Peak1D F1="1.020908" intensity="1.261498e-002" type="0"/>
    <Peak1D F1="0.988700" intensity="1.050305e-002" type="0"/>
    <Peak1D F1="0.979758" intensity="1.034707e-002" type="0"/>
    <Peak1D F1="0.920721" intensity="8.782068e-003" type="0"/>
    <Peak1D F1="0.857675" intensity="7.785579e-003" type="0"/>
    <Peak1D F1="0.812063" intensity="4.366877e-002" type="0"/>
    <Peak1D F1="0.791675" intensity="2.664640e-002" type="0"/>
    <Peak1D F1="0.724003" intensity="8.596290e-003" type="0"/>
    <Peak1D F1="0.693241" intensity="7.338354e-003" type="0"/>
    <Peak1D F1="0.580801" intensity="6.761297e-003" type="0"/>
    <Peak1D F1="0.542250" intensity="6.720056e-003" type="0"/>
    <Peak1D F1="0.529246" intensity="5.863638e-003" type="0"/>
    <Peak1D F1="0.512702" intensity="6.121179e-003" type="0"/>
    <Peak1D F1="0.457000" intensity="5.657115e-003" type="0"/>
    <Peak1D F1="0.432123" intensity="6.173983e-003" type="0"/>
    <Peak1D F1="0.419943" intensity="7.271911e-003" type="0"/>
    <Peak1D F1="0.384468" intensity="5.601837e-003" type="0"/>
    <Peak1D F1="0.328634" intensity="6.137363e-003" type="0"/>
    <Peak1D F1="0.050224" intensity="5.495827e-003" type="0"/>
    <Peak1D F1="-0.000154" intensity="2.342650e-001" type="0"/>
    <Peak1D F1="-0.046616" intensity="6.730900e-003" type="0"/>
    <Peak1D F1="-0.065017" intensity="5.549230e-003" type="0"/>
    <Peak1D F1="-3.259450" intensity="5.855640e-003" type="0"/>
    <Peak1D F1="-3.689191" intensity="5.581276e-003" type="0"/>
    <Peak1D F1="-3.748081" intensity="5.368628e-003" type="0"/>
  </PeakList1D>
</PeakList>
