<?xml version="1.0" encoding="UTF-8"?>
<PeakList>
  <PeakList1D>
    <PeakList1DHeader creator="nmr" date="2021-08-11T18:47:34.970+03:00" expNo="10" name="ID-427-F-11.8.21" owner="" procNo="1" source="//132.72.8.180/400b/Milo/Milo">
      <PeakPickDetails>F1=16.131790ppm, F2=-3.897256ppm, MI=0.00cm, MAXI=10000.00cm, PC=1.000
      </PeakPickDetails>
    </PeakList1DHeader>
    <Peak1D F1="12.894217" intensity="1.635997e-003" type="0"/>
    <Peak1D F1="11.762104" intensity="1.650806e-003" type="0"/>
    <Peak1D F1="11.679719" intensity="1.744764e-003" type="0"/>
    <Peak1D F1="11.171687" intensity="1.585906e-003" type="0"/>
    <Peak1D F1="10.083064" intensity="2.194768e-003" type="0"/>
    <Peak1D F1="10.072502" intensity="2.229170e-003" type="0"/>
    <Peak1D F1="8.400480" intensity="2.496795e-003" type="0"/>
    <Peak1D F1="8.391724" intensity="2.725136e-003" type="0"/>
    <Peak1D F1="8.327078" intensity="1.075048e-002" type="0"/>
    <Peak1D F1="8.305386" intensity="1.252623e-002" type="0"/>
    <Peak1D F1="8.213607" intensity="7.530595e-002" type="0"/>
    <Peak1D F1="8.196182" intensity="1.597593e-001" type="0"/>
    <Peak1D F1="8.191379" intensity="1.585081e-001" type="0"/>
    <Peak1D F1="8.186094" intensity="1.809950e-001" type="0"/>
    <Peak1D F1="8.174059" intensity="1.847139e-001" type="0"/>
    <Peak1D F1="8.165115" intensity="1.843960e-001" type="0"/>
    <Peak1D F1="8.156342" intensity="1.589388e-001" type="0"/>
    <Peak1D F1="8.137026" intensity="8.512633e-001" type="0"/>
    <Peak1D F1="8.131908" intensity="7.091563e-001" type="0"/>
    <Peak1D F1="8.123414" intensity="1.003218e+000" type="0"/>
    <Peak1D F1="8.120024" intensity="1.070980e+000" type="0"/>
    <Peak1D F1="8.115102" intensity="1.530979e+000" type="0"/>
    <Peak1D F1="8.105709" intensity="1.342192e+000" type="0"/>
    <Peak1D F1="8.103171" intensity="1.343795e+000" type="0"/>
    <Peak1D F1="8.095448" intensity="1.030972e+000" type="0"/>
    <Peak1D F1="7.997166" intensity="6.841600e-003" type="0"/>
    <Peak1D F1="7.874994" intensity="4.700173e-002" type="0"/>
    <Peak1D F1="7.864512" intensity="7.453454e-002" type="0"/>
    <Peak1D F1="7.854464" intensity="1.067796e-001" type="0"/>
    <Peak1D F1="7.843966" intensity="1.105956e-001" type="0"/>
    <Peak1D F1="7.835655" intensity="9.375779e-002" type="0"/>
    <Peak1D F1="7.783297" intensity="2.030728e-002" type="0"/>
    <Peak1D F1="7.762325" intensity="2.909088e-002" type="0"/>
    <Peak1D F1="7.752433" intensity="2.609056e-002" type="0"/>
    <Peak1D F1="7.730976" intensity="1.576155e-002" type="0"/>
    <Peak1D F1="7.712891" intensity="6.627344e-002" type="0"/>
    <Peak1D F1="7.692985" intensity="8.183017e-002" type="0"/>
    <Peak1D F1="7.676149" intensity="1.829440e-001" type="0"/>
    <Peak1D F1="7.671448" intensity="2.022555e-001" type="0"/>
    <Peak1D F1="7.656075" intensity="2.517846e-001" type="0"/>
    <Peak1D F1="7.651318" intensity="2.158791e-001" type="0"/>
    <Peak1D F1="7.610487" intensity="9.757303e-002" type="0"/>
    <Peak1D F1="7.606401" intensity="9.687787e-002" type="0"/>
    <Peak1D F1="7.587930" intensity="1.007358e-001" type="0"/>
    <Peak1D F1="7.583715" intensity="1.037180e-001" type="0"/>
    <Peak1D F1="7.565565" intensity="6.913944e-002" type="0"/>
    <Peak1D F1="7.560962" intensity="6.845855e-002" type="0"/>
    <Peak1D F1="7.545388" intensity="8.286804e-002" type="0"/>
    <Peak1D F1="7.540115" intensity="9.705231e-002" type="0"/>
    <Peak1D F1="7.524511" intensity="1.303995e-001" type="0"/>
    <Peak1D F1="7.517720" intensity="1.575836e-001" type="0"/>
    <Peak1D F1="7.505017" intensity="2.026285e-001" type="0"/>
    <Peak1D F1="7.496615" intensity="2.406525e-001" type="0"/>
    <Peak1D F1="7.476464" intensity="1.110925e+000" type="0"/>
    <Peak1D F1="7.467988" intensity="1.377358e+000" type="0"/>
    <Peak1D F1="7.462756" intensity="1.224821e+000" type="0"/>
    <Peak1D F1="7.459286" intensity="1.199343e+000" type="0"/>
    <Peak1D F1="7.454494" intensity="1.604156e+000" type="0"/>
    <Peak1D F1="7.446826" intensity="1.546146e+000" type="0"/>
    <Peak1D F1="7.413416" intensity="1.301139e-001" type="0"/>
    <Peak1D F1="7.396747" intensity="1.394013e-001" type="0"/>
    <Peak1D F1="7.392251" intensity="1.387164e-001" type="0"/>
    <Peak1D F1="7.380383" intensity="1.355564e-001" type="0"/>
    <Peak1D F1="7.375780" intensity="1.372208e-001" type="0"/>
    <Peak1D F1="7.373044" intensity="1.360768e-001" type="0"/>
    <Peak1D F1="7.362823" intensity="1.403626e-001" type="0"/>
    <Peak1D F1="7.343643" intensity="1.997961e-001" type="0"/>
    <Peak1D F1="7.327964" intensity="1.919837e-001" type="0"/>
    <Peak1D F1="7.323292" intensity="1.991059e-001" type="0"/>
    <Peak1D F1="7.310364" intensity="1.471416e-001" type="0"/>
    <Peak1D F1="7.275385" intensity="1.253186e-001" type="0"/>
    <Peak1D F1="7.263154" intensity="4.113118e-002" type="0"/>
    <Peak1D F1="7.227080" intensity="4.609193e+000" type="0"/>
    <Peak1D F1="7.192557" intensity="1.078178e-002" type="0"/>
    <Peak1D F1="7.175181" intensity="9.327850e-002" type="0"/>
    <Peak1D F1="7.158705" intensity="5.495277e-003" type="0"/>
    <Peak1D F1="7.137024" intensity="3.845650e-003" type="0"/>
    <Peak1D F1="7.129390" intensity="2.228257e-003" type="0"/>
    <Peak1D F1="6.962184" intensity="2.273253e-002" type="0"/>
    <Peak1D F1="6.710504" intensity="2.296842e-003" type="0"/>
    <Peak1D F1="6.688082" intensity="3.347291e-003" type="0"/>
    <Peak1D F1="6.201766" intensity="3.207362e-003" type="0"/>
    <Peak1D F1="6.190727" intensity="3.938538e-003" type="0"/>
    <Peak1D F1="6.103812" intensity="7.927396e-003" type="0"/>
    <Peak1D F1="6.093196" intensity="7.928791e-003" type="0"/>
    <Peak1D F1="6.085741" intensity="8.023920e-003" type="0"/>
    <Peak1D F1="6.080309" intensity="8.056743e-003" type="0"/>
    <Peak1D F1="6.053604" intensity="9.066405e-002" type="0"/>
    <Peak1D F1="6.042806" intensity="4.327000e-002" type="0"/>
    <Peak1D F1="6.035275" intensity="3.304632e-002" type="0"/>
    <Peak1D F1="6.029397" intensity="3.127098e-002" type="0"/>
    <Peak1D F1="6.003466" intensity="1.539939e+000" type="0"/>
    <Peak1D F1="5.992124" intensity="1.120636e+000" type="0"/>
    <Peak1D F1="5.985353" intensity="6.064076e-001" type="0"/>
    <Peak1D F1="5.980074" intensity="5.779924e-001" type="0"/>
    <Peak1D F1="5.970127" intensity="4.575865e-001" type="0"/>
    <Peak1D F1="5.953680" intensity="1.053277e-001" type="0"/>
    <Peak1D F1="5.801392" intensity="3.726548e-002" type="0"/>
    <Peak1D F1="5.744698" intensity="1.487025e-002" type="0"/>
    <Peak1D F1="5.655387" intensity="1.718168e-002" type="0"/>
    <Peak1D F1="5.647871" intensity="1.862457e-002" type="0"/>
    <Peak1D F1="5.628294" intensity="1.863568e-002" type="0"/>
    <Peak1D F1="5.621469" intensity="1.842952e-002" type="0"/>
    <Peak1D F1="5.494709" intensity="6.961646e-003" type="0"/>
    <Peak1D F1="5.457429" intensity="3.147028e-002" type="0"/>
    <Peak1D F1="5.446977" intensity="3.040741e-002" type="0"/>
    <Peak1D F1="5.387826" intensity="1.358861e-002" type="0"/>
    <Peak1D F1="5.380692" intensity="1.629862e-002" type="0"/>
    <Peak1D F1="5.367988" intensity="1.396981e-002" type="0"/>
    <Peak1D F1="5.337300" intensity="1.326624e-001" type="0"/>
    <Peak1D F1="5.329464" intensity="2.027235e-001" type="0"/>
    <Peak1D F1="5.319725" intensity="1.828302e-001" type="0"/>
    <Peak1D F1="5.123251" intensity="3.049193e-003" type="0"/>
    <Peak1D F1="5.111265" intensity="2.835101e-003" type="0"/>
    <Peak1D F1="4.993917" intensity="8.919790e-003" type="0"/>
    <Peak1D F1="4.971633" intensity="1.030858e-002" type="0"/>
    <Peak1D F1="4.922499" intensity="2.522799e-002" type="0"/>
    <Peak1D F1="4.901027" intensity="3.594627e-002" type="0"/>
    <Peak1D F1="4.879225" intensity="2.965056e-002" type="0"/>
    <Peak1D F1="4.864200" intensity="4.873695e-002" type="0"/>
    <Peak1D F1="4.851727" intensity="5.287635e-002" type="0"/>
    <Peak1D F1="4.842817" intensity="5.668107e-002" type="0"/>
    <Peak1D F1="4.813985" intensity="9.966524e-001" type="0"/>
    <Peak1D F1="4.792171" intensity="1.053999e+000" type="0"/>
    <Peak1D F1="4.765197" intensity="6.158261e-002" type="0"/>
    <Peak1D F1="4.742740" intensity="6.319172e-002" type="0"/>
    <Peak1D F1="4.686494" intensity="5.494333e-002" type="0"/>
    <Peak1D F1="4.631343" intensity="5.023987e-002" type="0"/>
    <Peak1D F1="4.608655" intensity="4.525675e-002" type="0"/>
    <Peak1D F1="4.459726" intensity="1.300017e-002" type="0"/>
    <Peak1D F1="4.450578" intensity="1.250871e-002" type="0"/>
    <Peak1D F1="4.375486" intensity="7.553318e-003" type="0"/>
    <Peak1D F1="4.266388" intensity="3.477196e-003" type="0"/>
    <Peak1D F1="4.202797" intensity="1.768881e-003" type="0"/>
    <Peak1D F1="3.865311" intensity="2.424045e-002" type="0"/>
    <Peak1D F1="3.854443" intensity="1.904096e-002" type="0"/>
    <Peak1D F1="3.842053" intensity="1.110214e-002" type="0"/>
    <Peak1D F1="3.833106" intensity="1.156518e-002" type="0"/>
    <Peak1D F1="3.798561" intensity="2.157350e-002" type="0"/>
    <Peak1D F1="3.788124" intensity="2.102595e-002" type="0"/>
    <Peak1D F1="3.775438" intensity="1.711376e-002" type="0"/>
    <Peak1D F1="3.759955" intensity="1.752288e-002" type="0"/>
    <Peak1D F1="3.737928" intensity="1.632712e-001" type="0"/>
    <Peak1D F1="3.726624" intensity="7.298697e-002" type="0"/>
    <Peak1D F1="3.687865" intensity="4.686627e+000" type="0"/>
    <Peak1D F1="3.681288" intensity="1.977162e+000" type="0"/>
    <Peak1D F1="3.676865" intensity="3.503673e+000" type="0"/>
    <Peak1D F1="3.670381" intensity="1.883734e+000" type="0"/>
    <Peak1D F1="3.665198" intensity="1.792879e+000" type="0"/>
    <Peak1D F1="3.655545" intensity="1.423260e+000" type="0"/>
    <Peak1D F1="3.637981" intensity="2.445003e-001" type="0"/>
    <Peak1D F1="3.627370" intensity="8.671828e-002" type="0"/>
    <Peak1D F1="3.615039" intensity="4.985810e-002" type="0"/>
    <Peak1D F1="3.605362" intensity="4.279491e-002" type="0"/>
    <Peak1D F1="3.548117" intensity="8.721849e-003" type="0"/>
    <Peak1D F1="3.522387" intensity="8.990523e-003" type="0"/>
    <Peak1D F1="3.505618" intensity="3.114274e-002" type="0"/>
    <Peak1D F1="3.494601" intensity="2.614417e-002" type="0"/>
    <Peak1D F1="3.473445" intensity="1.543909e-002" type="0"/>
    <Peak1D F1="3.425573" intensity="8.714899e-003" type="0"/>
    <Peak1D F1="3.390993" intensity="8.163240e-003" type="0"/>
    <Peak1D F1="3.373606" intensity="8.296276e-003" type="0"/>
    <Peak1D F1="3.237027" intensity="5.214840e-003" type="0"/>
    <Peak1D F1="3.227896" intensity="5.460354e-003" type="0"/>
    <Peak1D F1="3.172572" intensity="3.910295e-003" type="0"/>
    <Peak1D F1="3.164617" intensity="4.110799e-003" type="0"/>
    <Peak1D F1="3.120518" intensity="3.898826e-003" type="0"/>
    <Peak1D F1="3.101851" intensity="3.332216e-003" type="0"/>
    <Peak1D F1="3.077248" intensity="3.249479e-003" type="0"/>
    <Peak1D F1="3.004153" intensity="3.921684e-003" type="0"/>
    <Peak1D F1="2.992554" intensity="4.094284e-003" type="0"/>
    <Peak1D F1="2.957214" intensity="9.165516e-003" type="0"/>
    <Peak1D F1="2.939526" intensity="1.517621e-002" type="0"/>
    <Peak1D F1="2.930697" intensity="1.793060e-002" type="0"/>
    <Peak1D F1="2.922397" intensity="1.745614e-002" type="0"/>
    <Peak1D F1="2.913659" intensity="1.593309e-002" type="0"/>
    <Peak1D F1="2.803238" intensity="1.278015e-002" type="0"/>
    <Peak1D F1="2.737162" intensity="4.351050e-002" type="0"/>
    <Peak1D F1="2.677460" intensity="1.440110e-002" type="0"/>
    <Peak1D F1="2.647144" intensity="1.043464e-002" type="0"/>
    <Peak1D F1="2.627821" intensity="6.160270e-003" type="0"/>
    <Peak1D F1="2.596160" intensity="6.413226e-003" type="0"/>
    <Peak1D F1="2.525489" intensity="3.563937e-002" type="0"/>
    <Peak1D F1="2.367511" intensity="4.630329e-001" type="0"/>
    <Peak1D F1="2.360559" intensity="4.582216e-001" type="0"/>
    <Peak1D F1="2.345528" intensity="7.246532e-001" type="0"/>
    <Peak1D F1="2.341416" intensity="7.564294e-001" type="0"/>
    <Peak1D F1="2.330551" intensity="6.858239e-001" type="0"/>
    <Peak1D F1="2.319635" intensity="7.684916e-001" type="0"/>
    <Peak1D F1="2.298958" intensity="3.991935e-001" type="0"/>
    <Peak1D F1="2.278184" intensity="1.468920e-001" type="0"/>
    <Peak1D F1="2.263767" intensity="1.613646e-001" type="0"/>
    <Peak1D F1="2.258619" intensity="1.608530e-001" type="0"/>
    <Peak1D F1="2.243011" intensity="1.829529e-001" type="0"/>
    <Peak1D F1="2.232193" intensity="1.668252e-001" type="0"/>
    <Peak1D F1="2.219406" intensity="2.201159e-001" type="0"/>
    <Peak1D F1="2.211455" intensity="1.845077e-001" type="0"/>
    <Peak1D F1="2.196714" intensity="2.867541e-001" type="0"/>
    <Peak1D F1="2.192410" intensity="3.134764e-001" type="0"/>
    <Peak1D F1="2.170639" intensity="4.285226e-001" type="0"/>
    <Peak1D F1="2.152651" intensity="4.527335e-001" type="0"/>
    <Peak1D F1="2.148373" intensity="4.686280e-001" type="0"/>
    <Peak1D F1="2.144274" intensity="4.998126e-001" type="0"/>
    <Peak1D F1="2.132676" intensity="7.190034e-001" type="0"/>
    <Peak1D F1="2.120873" intensity="8.143674e-001" type="0"/>
    <Peak1D F1="2.102151" intensity="3.508169e+000" type="0"/>
    <Peak1D F1="2.100012" intensity="3.644279e+000" type="0"/>
    <Peak1D F1="2.082610" intensity="1.199500e+001" type="0"/>
    <Peak1D F1="2.076185" intensity="1.077537e+001" type="0"/>
    <Peak1D F1="2.071281" intensity="1.296187e+001" type="0"/>
    <Peak1D F1="2.064475" intensity="1.261955e+001" type="0"/>
    <Peak1D F1="2.053921" intensity="9.769874e+000" type="0"/>
    <Peak1D F1="1.967118" intensity="3.270544e-001" type="0"/>
    <Peak1D F1="1.950210" intensity="5.401714e-001" type="0"/>
    <Peak1D F1="1.940591" intensity="7.366258e-001" type="0"/>
    <Peak1D F1="1.933082" intensity="9.643918e-001" type="0"/>
    <Peak1D F1="1.917773" intensity="1.547797e+000" type="0"/>
    <Peak1D F1="1.912597" intensity="1.783284e+000" type="0"/>
    <Peak1D F1="1.902364" intensity="5.322596e+000" type="0"/>
    <Peak1D F1="1.891377" intensity="8.646984e+000" type="0"/>
    <Peak1D F1="1.883125" intensity="1.455000e+001" type="0"/>
    <Peak1D F1="1.872765" intensity="1.500000e+001" type="0"/>
    <Peak1D F1="1.863261" intensity="1.207667e+001" type="0"/>
    <Peak1D F1="1.854207" intensity="8.598009e+000" type="0"/>
    <Peak1D F1="1.751503" intensity="1.367860e-001" type="0"/>
    <Peak1D F1="1.732213" intensity="1.701052e-001" type="0"/>
    <Peak1D F1="1.721779" intensity="2.124412e-001" type="0"/>
    <Peak1D F1="1.705818" intensity="3.419365e-001" type="0"/>
    <Peak1D F1="1.699618" intensity="4.362330e-001" type="0"/>
    <Peak1D F1="1.690966" intensity="5.989584e-001" type="0"/>
    <Peak1D F1="1.685078" intensity="5.906571e-001" type="0"/>
    <Peak1D F1="1.669747" intensity="9.126793e-001" type="0"/>
    <Peak1D F1="1.656794" intensity="8.088505e-001" type="0"/>
    <Peak1D F1="1.651054" intensity="8.248675e-001" type="0"/>
    <Peak1D F1="1.647605" intensity="7.997799e-001" type="0"/>
    <Peak1D F1="1.539590" intensity="1.176766e-001" type="0"/>
    <Peak1D F1="1.523771" intensity="1.928103e-001" type="0"/>
    <Peak1D F1="1.516955" intensity="2.013719e-001" type="0"/>
    <Peak1D F1="1.504622" intensity="3.039472e-001" type="0"/>
    <Peak1D F1="1.499516" intensity="3.136985e-001" type="0"/>
    <Peak1D F1="1.494449" intensity="2.888948e-001" type="0"/>
    <Peak1D F1="1.487485" intensity="3.792917e-001" type="0"/>
    <Peak1D F1="1.475954" intensity="3.676328e-001" type="0"/>
    <Peak1D F1="1.471035" intensity="3.358861e-001" type="0"/>
    <Peak1D F1="1.458778" intensity="2.922903e-001" type="0"/>
    <Peak1D F1="1.453926" intensity="2.894505e-001" type="0"/>
    <Peak1D F1="1.343607" intensity="4.992697e-002" type="0"/>
    <Peak1D F1="1.319945" intensity="7.431989e-002" type="0"/>
    <Peak1D F1="1.305390" intensity="1.802131e-001" type="0"/>
    <Peak1D F1="1.299067" intensity="1.711789e-001" type="0"/>
    <Peak1D F1="1.293690" intensity="1.920965e-001" type="0"/>
    <Peak1D F1="1.275008" intensity="6.474079e-001" type="0"/>
    <Peak1D F1="1.272830" intensity="6.568159e-001" type="0"/>
    <Peak1D F1="1.269962" intensity="8.614932e-001" type="0"/>
    <Peak1D F1="1.263934" intensity="8.816980e-001" type="0"/>
    <Peak1D F1="1.259734" intensity="1.193530e+000" type="0"/>
    <Peak1D F1="1.256463" intensity="1.228503e+000" type="0"/>
    <Peak1D F1="1.249097" intensity="2.239812e+000" type="0"/>
    <Peak1D F1="1.238495" intensity="1.620863e+000" type="0"/>
    <Peak1D F1="1.204841" intensity="2.662857e-001" type="0"/>
    <Peak1D F1="1.199192" intensity="2.129759e-001" type="0"/>
    <Peak1D F1="1.194370" intensity="1.866843e-001" type="0"/>
    <Peak1D F1="1.185330" intensity="1.564255e-001" type="0"/>
    <Peak1D F1="1.175685" intensity="1.350915e-001" type="0"/>
    <Peak1D F1="1.099647" intensity="2.506940e-002" type="0"/>
    <Peak1D F1="1.090304" intensity="2.683305e-002" type="0"/>
    <Peak1D F1="1.039472" intensity="1.676125e-002" type="0"/>
    <Peak1D F1="1.031951" intensity="1.651089e-002" type="0"/>
    <Peak1D F1="0.959635" intensity="1.045311e-002" type="0"/>
    <Peak1D F1="0.937852" intensity="9.872086e-003" type="0"/>
    <Peak1D F1="0.898009" intensity="8.921043e-003" type="0"/>
    <Peak1D F1="0.883947" intensity="8.646114e-003" type="0"/>
    <Peak1D F1="0.791853" intensity="1.756333e-002" type="0"/>
    <Peak1D F1="0.699872" intensity="6.166544e-003" type="0"/>
    <Peak1D F1="0.689147" intensity="6.087985e-003" type="0"/>
    <Peak1D F1="0.667384" intensity="5.524275e-003" type="0"/>
    <Peak1D F1="0.611468" intensity="5.406323e-003" type="0"/>
    <Peak1D F1="0.587643" intensity="4.859988e-003" type="0"/>
    <Peak1D F1="0.553882" intensity="4.706779e-003" type="0"/>
    <Peak1D F1="0.527206" intensity="4.360675e-003" type="0"/>
    <Peak1D F1="0.521186" intensity="4.060022e-003" type="0"/>
    <Peak1D F1="0.493163" intensity="4.161478e-003" type="0"/>
    <Peak1D F1="0.444037" intensity="3.834352e-003" type="0"/>
    <Peak1D F1="0.425112" intensity="3.417892e-003" type="0"/>
    <Peak1D F1="0.388466" intensity="3.383607e-003" type="0"/>
    <Peak1D F1="0.374788" intensity="3.405895e-003" type="0"/>
    <Peak1D F1="0.334259" intensity="2.968427e-003" type="0"/>
    <Peak1D F1="0.328777" intensity="2.737823e-003" type="0"/>
    <Peak1D F1="0.299895" intensity="2.829889e-003" type="0"/>
    <Peak1D F1="0.252315" intensity="2.840789e-003" type="0"/>
    <Peak1D F1="0.235780" intensity="2.669803e-003" type="0"/>
    <Peak1D F1="0.213205" intensity="2.486712e-003" type="0"/>
    <Peak1D F1="0.198473" intensity="2.143049e-003" type="0"/>
    <Peak1D F1="0.147171" intensity="2.198535e-003" type="0"/>
    <Peak1D F1="0.114861" intensity="2.378291e-003" type="0"/>
    <Peak1D F1="0.099222" intensity="1.918937e-003" type="0"/>
    <Peak1D F1="0.062829" intensity="2.675890e-003" type="0"/>
    <Peak1D F1="-0.000150" intensity="4.228825e-002" type="0"/>
    <Peak1D F1="-0.008492" intensity="3.933173e-002" type="0"/>
    <Peak1D F1="-2.661133" intensity="1.585727e-003" type="0"/>
    <Peak1D F1="-2.804498" intensity="1.577273e-003" type="0"/>
    <Peak1D F1="-3.151470" intensity="1.648922e-003" type="0"/>
    <Peak1D F1="-3.353167" intensity="1.755173e-003" type="0"/>
    <Peak1D F1="-3.370262" intensity="1.724583e-003" type="0"/>
    <Peak1D F1="-3.393262" intensity="1.686082e-003" type="0"/>
    <Peak1D F1="-3.452469" intensity="1.646580e-003" type="0"/>
    <Peak1D F1="-3.586280" intensity="1.903995e-003" type="0"/>
    <Peak1D F1="-3.615366" intensity="1.745273e-003" type="0"/>
    <Peak1D F1="-3.688379" intensity="1.978530e-003" type="0"/>
    <Peak1D F1="-3.835445" intensity="1.803031e-003" type="0"/>
  </PeakList1D>
</PeakList>
