<?xml version="1.0" encoding="UTF-8"?>
<PeakList>
  <PeakList1D>
    <PeakList1DHeader creator="nmr" date="2021-04-18T21:49:38.870+03:00" expNo="20" name="ID-355-Crude" owner="" procNo="1" source="//132.72.8.180/400b/Milo/Milo">
      <PeakPickDetails>F1=16.100660ppm, F2=-3.928385ppm, MI=0.00cm, MAXI=10000.00cm, PC=1.000
      </PeakPickDetails>
    </PeakList1DHeader>
    <Peak1D F1="13.408192" intensity="3.835040e-003" type="0"/>
    <Peak1D F1="10.093188" intensity="4.474109e-003" type="0"/>
    <Peak1D F1="8.478050" intensity="3.828278e-003" type="0"/>
    <Peak1D F1="8.402796" intensity="4.882774e-003" type="0"/>
    <Peak1D F1="8.389520" intensity="5.261136e-003" type="0"/>
    <Peak1D F1="8.370111" intensity="1.223469e-002" type="0"/>
    <Peak1D F1="8.363678" intensity="1.428733e-002" type="0"/>
    <Peak1D F1="8.346884" intensity="1.484716e-002" type="0"/>
    <Peak1D F1="8.341332" intensity="1.839892e-002" type="0"/>
    <Peak1D F1="8.318933" intensity="8.616884e-003" type="0"/>
    <Peak1D F1="8.281407" intensity="1.300914e-002" type="0"/>
    <Peak1D F1="8.265143" intensity="3.081950e-002" type="0"/>
    <Peak1D F1="8.252816" intensity="3.527083e-002" type="0"/>
    <Peak1D F1="8.243711" intensity="4.146662e-002" type="0"/>
    <Peak1D F1="8.231904" intensity="1.657801e-001" type="0"/>
    <Peak1D F1="8.209941" intensity="3.229434e-001" type="0"/>
    <Peak1D F1="8.188049" intensity="2.238577e-001" type="0"/>
    <Peak1D F1="8.180103" intensity="1.070230e-001" type="0"/>
    <Peak1D F1="8.163415" intensity="5.751480e-001" type="0"/>
    <Peak1D F1="8.157799" intensity="3.326530e+000" type="0"/>
    <Peak1D F1="8.152708" intensity="1.483455e+000" type="0"/>
    <Peak1D F1="8.146666" intensity="4.537855e-001" type="0"/>
    <Peak1D F1="8.140570" intensity="1.213165e+000" type="0"/>
    <Peak1D F1="8.135882" intensity="3.563505e+000" type="0"/>
    <Peak1D F1="8.129925" intensity="9.879029e-001" type="0"/>
    <Peak1D F1="8.107589" intensity="8.114418e-002" type="0"/>
    <Peak1D F1="8.103423" intensity="9.751163e-002" type="0"/>
    <Peak1D F1="8.085794" intensity="5.208979e-002" type="0"/>
    <Peak1D F1="8.079602" intensity="1.810095e-002" type="0"/>
    <Peak1D F1="8.056958" intensity="1.427140e-002" type="0"/>
    <Peak1D F1="8.036278" intensity="1.193347e-002" type="0"/>
    <Peak1D F1="8.019855" intensity="9.010810e-003" type="0"/>
    <Peak1D F1="7.998506" intensity="4.853672e-003" type="0"/>
    <Peak1D F1="7.947371" intensity="9.604748e-003" type="0"/>
    <Peak1D F1="7.943263" intensity="9.666200e-003" type="0"/>
    <Peak1D F1="7.936520" intensity="5.704961e-003" type="0"/>
    <Peak1D F1="7.926858" intensity="1.142440e-002" type="0"/>
    <Peak1D F1="7.920128" intensity="1.139978e-002" type="0"/>
    <Peak1D F1="7.813724" intensity="1.244488e-002" type="0"/>
    <Peak1D F1="7.793911" intensity="1.273970e-002" type="0"/>
    <Peak1D F1="7.726995" intensity="3.988442e-003" type="0"/>
    <Peak1D F1="7.679788" intensity="1.520431e-002" type="0"/>
    <Peak1D F1="7.661344" intensity="1.618820e-002" type="0"/>
    <Peak1D F1="7.622417" intensity="1.109887e-001" type="0"/>
    <Peak1D F1="7.600914" intensity="1.178347e-001" type="0"/>
    <Peak1D F1="7.586162" intensity="2.827859e-002" type="0"/>
    <Peak1D F1="7.578074" intensity="2.497679e-002" type="0"/>
    <Peak1D F1="7.568798" intensity="2.988479e-002" type="0"/>
    <Peak1D F1="7.559331" intensity="3.418595e-002" type="0"/>
    <Peak1D F1="7.552918" intensity="4.073705e-002" type="0"/>
    <Peak1D F1="7.547628" intensity="4.131748e-002" type="0"/>
    <Peak1D F1="7.529641" intensity="1.970623e-001" type="0"/>
    <Peak1D F1="7.507511" intensity="2.648013e-001" type="0"/>
    <Peak1D F1="7.501335" intensity="1.498939e-001" type="0"/>
    <Peak1D F1="7.479637" intensity="3.261042e+000" type="0"/>
    <Peak1D F1="7.457782" intensity="3.119329e+000" type="0"/>
    <Peak1D F1="7.439312" intensity="4.301649e-001" type="0"/>
    <Peak1D F1="7.407897" intensity="5.303269e-002" type="0"/>
    <Peak1D F1="7.373837" intensity="4.158055e-003" type="0"/>
    <Peak1D F1="7.330809" intensity="9.950698e-003" type="0"/>
    <Peak1D F1="7.323351" intensity="1.422397e-002" type="0"/>
    <Peak1D F1="7.316065" intensity="1.298221e-002" type="0"/>
    <Peak1D F1="7.280851" intensity="1.259680e-001" type="0"/>
    <Peak1D F1="7.274830" intensity="1.344688e-001" type="0"/>
    <Peak1D F1="7.253955" intensity="1.991311e-002" type="0"/>
    <Peak1D F1="7.245625" intensity="7.839369e-002" type="0"/>
    <Peak1D F1="7.224805" intensity="3.380791e-002" type="0"/>
    <Peak1D F1="7.195781" intensity="4.651859e+000" type="0"/>
    <Peak1D F1="7.155280" intensity="5.682758e-003" type="0"/>
    <Peak1D F1="7.145623" intensity="6.286842e-002" type="0"/>
    <Peak1D F1="7.103766" intensity="3.631556e-003" type="0"/>
    <Peak1D F1="7.099241" intensity="6.248301e-003" type="0"/>
    <Peak1D F1="7.093211" intensity="9.534315e-003" type="0"/>
    <Peak1D F1="7.086800" intensity="8.312617e-003" type="0"/>
    <Peak1D F1="7.066732" intensity="2.680141e-002" type="0"/>
    <Peak1D F1="7.054773" intensity="1.976640e-001" type="0"/>
    <Peak1D F1="7.049117" intensity="3.631942e-001" type="0"/>
    <Peak1D F1="7.043498" intensity="1.987815e-001" type="0"/>
    <Peak1D F1="7.035107" intensity="1.881529e-002" type="0"/>
    <Peak1D F1="7.029097" intensity="1.427084e-002" type="0"/>
    <Peak1D F1="7.014963" intensity="9.952104e-003" type="0"/>
    <Peak1D F1="7.009901" intensity="1.367055e-002" type="0"/>
    <Peak1D F1="6.978903" intensity="1.695901e-002" type="0"/>
    <Peak1D F1="6.972916" intensity="1.521043e-002" type="0"/>
    <Peak1D F1="6.951145" intensity="3.996372e-003" type="0"/>
    <Peak1D F1="6.942205" intensity="4.872001e-003" type="0"/>
    <Peak1D F1="6.931701" intensity="2.349876e-002" type="0"/>
    <Peak1D F1="6.881516" intensity="4.735821e-003" type="0"/>
    <Peak1D F1="6.859202" intensity="9.600160e-003" type="0"/>
    <Peak1D F1="6.830678" intensity="9.402645e-002" type="0"/>
    <Peak1D F1="6.824893" intensity="1.094295e-001" type="0"/>
    <Peak1D F1="6.814665" intensity="3.574311e-001" type="0"/>
    <Peak1D F1="6.809134" intensity="3.412571e-001" type="0"/>
    <Peak1D F1="6.764131" intensity="6.318098e-003" type="0"/>
    <Peak1D F1="6.660058" intensity="1.404816e-002" type="0"/>
    <Peak1D F1="6.653602" intensity="1.547182e-002" type="0"/>
    <Peak1D F1="6.639575" intensity="3.589359e-002" type="0"/>
    <Peak1D F1="6.633765" intensity="5.885144e-002" type="0"/>
    <Peak1D F1="6.627699" intensity="3.009139e-002" type="0"/>
    <Peak1D F1="6.595445" intensity="9.850590e-003" type="0"/>
    <Peak1D F1="6.589746" intensity="1.594331e-002" type="0"/>
    <Peak1D F1="6.579455" intensity="5.205539e-002" type="0"/>
    <Peak1D F1="6.573440" intensity="9.500376e-002" type="0"/>
    <Peak1D F1="6.567769" intensity="9.842759e-002" type="0"/>
    <Peak1D F1="6.562016" intensity="1.005160e-001" type="0"/>
    <Peak1D F1="6.556231" intensity="5.586518e-002" type="0"/>
    <Peak1D F1="6.546856" intensity="1.332091e-002" type="0"/>
    <Peak1D F1="6.520800" intensity="3.432667e-002" type="0"/>
    <Peak1D F1="6.515045" intensity="8.317325e-002" type="0"/>
    <Peak1D F1="6.509402" intensity="1.777345e-001" type="0"/>
    <Peak1D F1="6.503705" intensity="2.260085e-001" type="0"/>
    <Peak1D F1="6.497923" intensity="1.048737e-001" type="0"/>
    <Peak1D F1="6.475863" intensity="4.443764e-003" type="0"/>
    <Peak1D F1="6.469260" intensity="8.085964e-003" type="0"/>
    <Peak1D F1="6.412142" intensity="9.164298e-003" type="0"/>
    <Peak1D F1="6.405427" intensity="7.341402e-003" type="0"/>
    <Peak1D F1="6.351233" intensity="2.336749e-002" type="0"/>
    <Peak1D F1="6.345499" intensity="1.934771e-002" type="0"/>
    <Peak1D F1="6.220643" intensity="7.007541e-003" type="0"/>
    <Peak1D F1="6.215932" intensity="1.338654e-002" type="0"/>
    <Peak1D F1="6.194531" intensity="6.818082e-003" type="0"/>
    <Peak1D F1="6.166697" intensity="4.155053e-003" type="0"/>
    <Peak1D F1="6.116986" intensity="5.454176e-002" type="0"/>
    <Peak1D F1="6.099064" intensity="7.372233e-003" type="0"/>
    <Peak1D F1="6.067278" intensity="8.071676e-002" type="0"/>
    <Peak1D F1="6.017284" intensity="5.003377e+000" type="0"/>
    <Peak1D F1="5.990551" intensity="1.393517e-002" type="0"/>
    <Peak1D F1="5.985275" intensity="1.056791e-002" type="0"/>
    <Peak1D F1="5.976566" intensity="7.884407e-003" type="0"/>
    <Peak1D F1="5.967214" intensity="7.424178e-002" type="0"/>
    <Peak1D F1="5.959374" intensity="3.206536e-002" type="0"/>
    <Peak1D F1="5.953972" intensity="2.336344e-002" type="0"/>
    <Peak1D F1="5.923682" intensity="2.759645e-002" type="0"/>
    <Peak1D F1="5.911854" intensity="2.905708e-002" type="0"/>
    <Peak1D F1="5.815372" intensity="1.332489e-002" type="0"/>
    <Peak1D F1="5.809650" intensity="6.991335e-003" type="0"/>
    <Peak1D F1="5.793763" intensity="5.245074e-002" type="0"/>
    <Peak1D F1="5.786669" intensity="5.092344e-002" type="0"/>
    <Peak1D F1="5.736457" intensity="5.990068e-003" type="0"/>
    <Peak1D F1="5.622040" intensity="5.612290e-002" type="0"/>
    <Peak1D F1="5.612017" intensity="7.468211e-003" type="0"/>
    <Peak1D F1="5.595325" intensity="5.770043e-002" type="0"/>
    <Peak1D F1="5.560783" intensity="9.373173e-003" type="0"/>
    <Peak1D F1="5.534613" intensity="1.076304e-002" type="0"/>
    <Peak1D F1="5.501873" intensity="4.727562e-003" type="0"/>
    <Peak1D F1="5.490454" intensity="2.714096e-002" type="0"/>
    <Peak1D F1="5.484619" intensity="2.756673e-002" type="0"/>
    <Peak1D F1="5.460828" intensity="1.555507e-002" type="0"/>
    <Peak1D F1="5.433830" intensity="1.368622e-002" type="0"/>
    <Peak1D F1="5.392793" intensity="1.624407e-002" type="0"/>
    <Peak1D F1="5.355479" intensity="1.770205e-001" type="0"/>
    <Peak1D F1="5.348830" intensity="1.732486e-001" type="0"/>
    <Peak1D F1="5.324157" intensity="1.067930e-002" type="0"/>
    <Peak1D F1="5.298759" intensity="1.094531e-002" type="0"/>
    <Peak1D F1="5.271858" intensity="6.517263e-003" type="0"/>
    <Peak1D F1="5.255855" intensity="4.285408e-003" type="0"/>
    <Peak1D F1="5.230780" intensity="1.390681e-001" type="0"/>
    <Peak1D F1="5.216152" intensity="6.425818e-003" type="0"/>
    <Peak1D F1="5.123728" intensity="4.918982e-003" type="0"/>
    <Peak1D F1="5.106549" intensity="6.081375e-003" type="0"/>
    <Peak1D F1="4.986916" intensity="4.035854e-003" type="0"/>
    <Peak1D F1="4.969394" intensity="1.380788e-002" type="0"/>
    <Peak1D F1="4.946650" intensity="1.491911e-002" type="0"/>
    <Peak1D F1="4.888828" intensity="2.340315e-002" type="0"/>
    <Peak1D F1="4.868607" intensity="3.993509e-002" type="0"/>
    <Peak1D F1="4.853043" intensity="5.401576e-002" type="0"/>
    <Peak1D F1="4.840571" intensity="6.974663e-002" type="0"/>
    <Peak1D F1="4.817895" intensity="6.860512e-002" type="0"/>
    <Peak1D F1="4.790359" intensity="1.625204e+000" type="0"/>
    <Peak1D F1="4.767529" intensity="1.641082e+000" type="0"/>
    <Peak1D F1="4.740340" intensity="5.924790e-002" type="0"/>
    <Peak1D F1="4.717391" intensity="9.040260e-002" type="0"/>
    <Peak1D F1="4.682475" intensity="6.159354e-001" type="0"/>
    <Peak1D F1="4.606401" intensity="1.981654e-002" type="0"/>
    <Peak1D F1="4.593053" intensity="1.132817e-002" type="0"/>
    <Peak1D F1="4.582636" intensity="1.338895e-002" type="0"/>
    <Peak1D F1="4.088032" intensity="4.221928e-003" type="0"/>
    <Peak1D F1="4.073150" intensity="4.160823e-003" type="0"/>
    <Peak1D F1="4.018345" intensity="4.339510e-003" type="0"/>
    <Peak1D F1="4.006210" intensity="6.782017e-003" type="0"/>
    <Peak1D F1="3.966239" intensity="9.677118e-003" type="0"/>
    <Peak1D F1="3.952353" intensity="1.193626e-002" type="0"/>
    <Peak1D F1="3.946398" intensity="7.010314e-003" type="0"/>
    <Peak1D F1="3.925160" intensity="1.541047e-002" type="0"/>
    <Peak1D F1="3.877973" intensity="9.233177e-002" type="0"/>
    <Peak1D F1="3.859626" intensity="1.419313e-002" type="0"/>
    <Peak1D F1="3.844099" intensity="3.869941e-002" type="0"/>
    <Peak1D F1="3.828573" intensity="7.172946e-001" type="0"/>
    <Peak1D F1="3.811029" intensity="2.038413e-001" type="0"/>
    <Peak1D F1="3.797960" intensity="1.169881e-001" type="0"/>
    <Peak1D F1="3.789448" intensity="1.115578e+000" type="0"/>
    <Peak1D F1="3.783397" intensity="2.725537e-001" type="0"/>
    <Peak1D F1="3.775065" intensity="1.231961e+000" type="0"/>
    <Peak1D F1="3.758726" intensity="6.594151e-001" type="0"/>
    <Peak1D F1="3.748102" intensity="2.602839e+000" type="0"/>
    <Peak1D F1="3.734832" intensity="1.718125e-001" type="0"/>
    <Peak1D F1="3.722876" intensity="1.508006e-001" type="0"/>
    <Peak1D F1="3.700482" intensity="1.500000e+001" type="0"/>
    <Peak1D F1="3.689702" intensity="2.608362e-001" type="0"/>
    <Peak1D F1="3.683836" intensity="2.243917e-001" type="0"/>
    <Peak1D F1="3.659860" intensity="3.422531e-002" type="0"/>
    <Peak1D F1="3.650418" intensity="2.285722e-001" type="0"/>
    <Peak1D F1="3.632405" intensity="4.864729e-002" type="0"/>
    <Peak1D F1="3.617824" intensity="8.242090e-003" type="0"/>
    <Peak1D F1="3.596879" intensity="1.289330e-001" type="0"/>
    <Peak1D F1="3.574606" intensity="6.125004e-003" type="0"/>
    <Peak1D F1="3.566069" intensity="1.592239e-002" type="0"/>
    <Peak1D F1="3.552915" intensity="4.585016e-003" type="0"/>
    <Peak1D F1="3.518154" intensity="7.935985e-002" type="0"/>
    <Peak1D F1="3.504456" intensity="4.195250e-003" type="0"/>
    <Peak1D F1="2.954057" intensity="6.166294e-003" type="0"/>
    <Peak1D F1="2.942479" intensity="1.201485e-002" type="0"/>
    <Peak1D F1="2.935668" intensity="1.078995e-002" type="0"/>
    <Peak1D F1="2.923893" intensity="6.672937e-003" type="0"/>
    <Peak1D F1="2.805509" intensity="5.264753e-003" type="0"/>
    <Peak1D F1="2.789410" intensity="9.123263e-003" type="0"/>
    <Peak1D F1="2.779341" intensity="1.102023e-002" type="0"/>
    <Peak1D F1="2.754202" intensity="2.580978e-002" type="0"/>
    <Peak1D F1="2.733022" intensity="2.833169e-002" type="0"/>
    <Peak1D F1="2.713464" intensity="1.793820e-002" type="0"/>
    <Peak1D F1="2.708501" intensity="1.576347e-002" type="0"/>
    <Peak1D F1="2.681504" intensity="5.076522e-003" type="0"/>
    <Peak1D F1="2.648317" intensity="1.138533e-002" type="0"/>
    <Peak1D F1="2.625517" intensity="1.630486e-002" type="0"/>
    <Peak1D F1="2.555927" intensity="4.769113e-002" type="0"/>
    <Peak1D F1="2.506937" intensity="2.264359e-002" type="0"/>
    <Peak1D F1="2.495875" intensity="2.365206e-002" type="0"/>
    <Peak1D F1="2.482398" intensity="2.588331e-002" type="0"/>
    <Peak1D F1="2.474741" intensity="2.638538e-002" type="0"/>
    <Peak1D F1="2.451704" intensity="4.273058e-002" type="0"/>
    <Peak1D F1="2.437687" intensity="3.148911e-001" type="0"/>
    <Peak1D F1="2.433025" intensity="3.492367e-001" type="0"/>
    <Peak1D F1="2.424467" intensity="1.737213e-001" type="0"/>
    <Peak1D F1="2.416437" intensity="3.397323e-001" type="0"/>
    <Peak1D F1="2.411789" intensity="3.840657e-001" type="0"/>
    <Peak1D F1="2.388204" intensity="4.996635e-001" type="0"/>
    <Peak1D F1="2.384466" intensity="4.668837e-001" type="0"/>
    <Peak1D F1="2.380166" intensity="3.642062e-001" type="0"/>
    <Peak1D F1="2.367528" intensity="4.509909e-001" type="0"/>
    <Peak1D F1="2.363552" intensity="5.678064e-001" type="0"/>
    <Peak1D F1="2.350697" intensity="3.532576e-001" type="0"/>
    <Peak1D F1="2.327825" intensity="5.892652e-001" type="0"/>
    <Peak1D F1="2.320530" intensity="3.652322e-001" type="0"/>
    <Peak1D F1="2.317171" intensity="3.481211e-001" type="0"/>
    <Peak1D F1="2.307944" intensity="4.859558e-001" type="0"/>
    <Peak1D F1="2.304578" intensity="4.308139e-001" type="0"/>
    <Peak1D F1="2.297659" intensity="5.578237e-001" type="0"/>
    <Peak1D F1="2.277334" intensity="3.207572e-001" type="0"/>
    <Peak1D F1="2.266680" intensity="9.207103e-002" type="0"/>
    <Peak1D F1="2.252487" intensity="5.518467e-001" type="0"/>
    <Peak1D F1="2.230330" intensity="6.382388e-001" type="0"/>
    <Peak1D F1="2.226228" intensity="6.403220e-001" type="0"/>
    <Peak1D F1="2.203562" intensity="8.344871e-001" type="0"/>
    <Peak1D F1="2.196615" intensity="1.484883e-001" type="0"/>
    <Peak1D F1="2.182203" intensity="4.401066e-001" type="0"/>
    <Peak1D F1="2.177439" intensity="4.440617e-001" type="0"/>
    <Peak1D F1="2.154978" intensity="5.218347e-001" type="0"/>
    <Peak1D F1="2.146805" intensity="3.050618e-001" type="0"/>
    <Peak1D F1="2.133989" intensity="2.709765e-001" type="0"/>
    <Peak1D F1="2.116618" intensity="3.133982e+000" type="0"/>
    <Peak1D F1="2.096925" intensity="9.802428e+000" type="0"/>
    <Peak1D F1="2.085562" intensity="2.698548e+000" type="0"/>
    <Peak1D F1="2.078154" intensity="4.857275e+000" type="0"/>
    <Peak1D F1="2.062580" intensity="3.361309e-001" type="0"/>
    <Peak1D F1="2.056789" intensity="2.683176e-001" type="0"/>
    <Peak1D F1="2.053597" intensity="2.624187e-001" type="0"/>
    <Peak1D F1="2.047229" intensity="2.832172e-001" type="0"/>
    <Peak1D F1="2.040638" intensity="2.298631e-001" type="0"/>
    <Peak1D F1="2.028468" intensity="1.390419e-001" type="0"/>
    <Peak1D F1="2.020638" intensity="8.703654e-002" type="0"/>
    <Peak1D F1="1.990578" intensity="2.250583e-001" type="0"/>
    <Peak1D F1="1.986418" intensity="2.971923e-001" type="0"/>
    <Peak1D F1="1.981886" intensity="2.497703e-001" type="0"/>
    <Peak1D F1="1.969704" intensity="3.407638e-001" type="0"/>
    <Peak1D F1="1.964635" intensity="4.413558e-001" type="0"/>
    <Peak1D F1="1.958878" intensity="5.575243e-001" type="0"/>
    <Peak1D F1="1.954470" intensity="5.474390e-001" type="0"/>
    <Peak1D F1="1.948729" intensity="5.445868e-001" type="0"/>
    <Peak1D F1="1.941602" intensity="7.352286e-001" type="0"/>
    <Peak1D F1="1.936673" intensity="6.560782e-001" type="0"/>
    <Peak1D F1="1.932497" intensity="8.127978e-001" type="0"/>
    <Peak1D F1="1.925849" intensity="7.437771e-001" type="0"/>
    <Peak1D F1="1.920279" intensity="8.405759e-001" type="0"/>
    <Peak1D F1="1.910515" intensity="4.955813e+000" type="0"/>
    <Peak1D F1="1.899259" intensity="4.154652e+000" type="0"/>
    <Peak1D F1="1.891003" intensity="1.017295e+001" type="0"/>
    <Peak1D F1="1.882512" intensity="3.585746e+000" type="0"/>
    <Peak1D F1="1.880205" intensity="3.771772e+000" type="0"/>
    <Peak1D F1="1.871473" intensity="3.188392e+000" type="0"/>
    <Peak1D F1="1.859757" intensity="4.114167e-001" type="0"/>
    <Peak1D F1="1.849478" intensity="2.479786e-001" type="0"/>
    <Peak1D F1="1.841194" intensity="2.400034e-001" type="0"/>
    <Peak1D F1="1.834159" intensity="1.218244e-001" type="0"/>
    <Peak1D F1="1.821593" intensity="9.388300e-002" type="0"/>
    <Peak1D F1="1.808669" intensity="5.247188e-002" type="0"/>
    <Peak1D F1="1.783212" intensity="4.583678e-002" type="0"/>
    <Peak1D F1="1.772220" intensity="4.476899e-002" type="0"/>
    <Peak1D F1="1.759448" intensity="5.478820e-002" type="0"/>
    <Peak1D F1="1.744626" intensity="1.688406e-001" type="0"/>
    <Peak1D F1="1.728946" intensity="2.367406e-001" type="0"/>
    <Peak1D F1="1.723705" intensity="2.180309e-001" type="0"/>
    <Peak1D F1="1.716251" intensity="2.740352e-001" type="0"/>
    <Peak1D F1="1.707666" intensity="3.011256e-001" type="0"/>
    <Peak1D F1="1.700502" intensity="4.695633e-001" type="0"/>
    <Peak1D F1="1.696457" intensity="4.185081e-001" type="0"/>
    <Peak1D F1="1.686225" intensity="3.698794e-001" type="0"/>
    <Peak1D F1="1.679677" intensity="1.167431e+000" type="0"/>
    <Peak1D F1="1.673511" intensity="6.343812e-001" type="0"/>
    <Peak1D F1="1.670159" intensity="6.938909e-001" type="0"/>
    <Peak1D F1="1.655907" intensity="9.840379e-001" type="0"/>
    <Peak1D F1="1.639087" intensity="6.019675e-001" type="0"/>
    <Peak1D F1="1.634824" intensity="6.535270e-001" type="0"/>
    <Peak1D F1="1.623879" intensity="2.968534e-001" type="0"/>
    <Peak1D F1="1.618810" intensity="3.591881e-001" type="0"/>
    <Peak1D F1="1.598696" intensity="1.408158e-001" type="0"/>
    <Peak1D F1="1.551679" intensity="3.958591e-001" type="0"/>
    <Peak1D F1="1.534234" intensity="4.882119e-001" type="0"/>
    <Peak1D F1="1.518741" intensity="3.230613e-001" type="0"/>
    <Peak1D F1="1.511780" intensity="3.374153e-001" type="0"/>
    <Peak1D F1="1.499742" intensity="5.658517e-001" type="0"/>
    <Peak1D F1="1.482296" intensity="6.718072e-001" type="0"/>
    <Peak1D F1="1.469481" intensity="4.586558e-001" type="0"/>
    <Peak1D F1="1.452801" intensity="4.363170e-001" type="0"/>
    <Peak1D F1="1.440285" intensity="9.224724e-002" type="0"/>
    <Peak1D F1="1.434871" intensity="1.222379e-001" type="0"/>
    <Peak1D F1="1.422691" intensity="1.461127e-001" type="0"/>
    <Peak1D F1="1.402328" intensity="3.164971e-002" type="0"/>
    <Peak1D F1="1.373955" intensity="2.497042e-002" type="0"/>
    <Peak1D F1="1.357014" intensity="3.039731e-002" type="0"/>
    <Peak1D F1="1.339937" intensity="2.846225e-002" type="0"/>
    <Peak1D F1="1.324252" intensity="2.404291e-002" type="0"/>
    <Peak1D F1="1.308666" intensity="2.016473e-002" type="0"/>
    <Peak1D F1="1.234651" intensity="4.346548e-002" type="0"/>
    <Peak1D F1="1.183513" intensity="1.188409e-001" type="0"/>
    <Peak1D F1="1.146336" intensity="1.554542e-002" type="0"/>
    <Peak1D F1="1.131943" intensity="1.345570e-002" type="0"/>
    <Peak1D F1="1.116513" intensity="7.180879e-003" type="0"/>
    <Peak1D F1="1.068124" intensity="6.000052e-003" type="0"/>
    <Peak1D F1="1.062173" intensity="5.726035e-003" type="0"/>
    <Peak1D F1="1.053927" intensity="5.766860e-003" type="0"/>
    <Peak1D F1="1.039816" intensity="6.490887e-003" type="0"/>
    <Peak1D F1="1.002585" intensity="4.843155e-003" type="0"/>
    <Peak1D F1="0.978658" intensity="4.921785e-003" type="0"/>
    <Peak1D F1="0.968672" intensity="3.946351e-003" type="0"/>
    <Peak1D F1="0.939339" intensity="4.108710e-003" type="0"/>
    <Peak1D F1="0.844647" intensity="7.277790e-003" type="0"/>
    <Peak1D F1="0.826812" intensity="1.719720e-002" type="0"/>
    <Peak1D F1="0.809501" intensity="3.395648e-002" type="0"/>
    <Peak1D F1="0.792430" intensity="1.811659e-002" type="0"/>
    <Peak1D F1="0.781787" intensity="1.130539e-002" type="0"/>
    <Peak1D F1="0.758661" intensity="9.060979e-003" type="0"/>
    <Peak1D F1="0.731710" intensity="5.895414e-003" type="0"/>
    <Peak1D F1="0.714502" intensity="5.436296e-003" type="0"/>
    <Peak1D F1="0.673542" intensity="3.709883e-003" type="0"/>
    <Peak1D F1="0.566901" intensity="3.834122e-003" type="0"/>
    <Peak1D F1="0.542699" intensity="3.743581e-003" type="0"/>
    <Peak1D F1="0.524983" intensity="3.962036e-003" type="0"/>
    <Peak1D F1="0.483895" intensity="3.869617e-003" type="0"/>
    <Peak1D F1="0.389297" intensity="4.892969e-003" type="0"/>
    <Peak1D F1="0.357669" intensity="4.701961e-003" type="0"/>
    <Peak1D F1="0.333252" intensity="5.547731e-003" type="0"/>
    <Peak1D F1="0.320698" intensity="4.265364e-003" type="0"/>
    <Peak1D F1="0.264596" intensity="3.543410e-003" type="0"/>
    <Peak1D F1="0.146092" intensity="4.070255e-003" type="0"/>
    <Peak1D F1="0.049884" intensity="9.372734e-003" type="0"/>
    <Peak1D F1="0.008887" intensity="2.353702e-002" type="0"/>
    <Peak1D F1="-0.000157" intensity="4.950745e-001" type="0"/>
    <Peak1D F1="-0.009094" intensity="2.290868e-002" type="0"/>
    <Peak1D F1="-0.050282" intensity="8.428811e-003" type="0"/>
    <Peak1D F1="-0.155462" intensity="4.429525e-003" type="0"/>
  </PeakList1D>
</PeakList>
