<?xml version="1.0" encoding="UTF-8"?>
<PeakList>
  <PeakList1D>
    <PeakList1DHeader creator="nmr" date="2021-10-27T00:34:40.333+03:00" expNo="20" name="ID-450-C-26.10.21" owner="" procNo="1" source="//132.72.8.180/400b/Milo/Milo">
      <PeakPickDetails>F1=16.100670ppm, F2=-3.928375ppm, MI=0.00cm, MAXI=10000.00cm, PC=1.000
      </PeakPickDetails>
    </PeakList1DHeader>
    <Peak1D F1="12.770420" intensity="2.427618e-003" type="0"/>
    <Peak1D F1="10.312655" intensity="7.574959e-003" type="0"/>
    <Peak1D F1="10.141962" intensity="2.034627e-002" type="0"/>
    <Peak1D F1="10.122697" intensity="1.254180e-002" type="0"/>
    <Peak1D F1="10.092081" intensity="1.259849e+000" type="0"/>
    <Peak1D F1="10.060286" intensity="6.178126e-003" type="0"/>
    <Peak1D F1="10.043006" intensity="1.802942e-002" type="0"/>
    <Peak1D F1="9.865511" intensity="7.070018e-003" type="0"/>
    <Peak1D F1="8.831573" intensity="2.692192e-003" type="0"/>
    <Peak1D F1="8.601707" intensity="3.227021e-003" type="0"/>
    <Peak1D F1="8.576554" intensity="2.859504e-003" type="0"/>
    <Peak1D F1="8.550221" intensity="5.008817e-003" type="0"/>
    <Peak1D F1="8.532454" intensity="6.307599e-003" type="0"/>
    <Peak1D F1="8.479308" intensity="4.088558e-003" type="0"/>
    <Peak1D F1="8.469434" intensity="5.007926e-003" type="0"/>
    <Peak1D F1="8.451449" intensity="4.994215e-003" type="0"/>
    <Peak1D F1="8.428310" intensity="6.361509e-003" type="0"/>
    <Peak1D F1="8.390039" intensity="1.988995e-002" type="0"/>
    <Peak1D F1="8.368174" intensity="3.341608e-002" type="0"/>
    <Peak1D F1="8.362004" intensity="2.718473e-002" type="0"/>
    <Peak1D F1="8.340119" intensity="8.665408e-001" type="0"/>
    <Peak1D F1="8.318282" intensity="9.744186e-001" type="0"/>
    <Peak1D F1="8.290609" intensity="2.120852e-002" type="0"/>
    <Peak1D F1="8.268246" intensity="2.500425e-002" type="0"/>
    <Peak1D F1="8.247740" intensity="2.490462e-002" type="0"/>
    <Peak1D F1="8.226099" intensity="4.439738e-002" type="0"/>
    <Peak1D F1="8.211883" intensity="1.594428e-001" type="0"/>
    <Peak1D F1="8.206450" intensity="1.217728e-001" type="0"/>
    <Peak1D F1="8.189965" intensity="1.800228e-001" type="0"/>
    <Peak1D F1="8.184006" intensity="1.267761e-001" type="0"/>
    <Peak1D F1="8.174686" intensity="9.049615e-002" type="0"/>
    <Peak1D F1="8.161349" intensity="4.874278e-001" type="0"/>
    <Peak1D F1="8.155759" intensity="3.191610e+000" type="0"/>
    <Peak1D F1="8.150962" intensity="1.166565e+000" type="0"/>
    <Peak1D F1="8.138438" intensity="1.144375e+000" type="0"/>
    <Peak1D F1="8.133873" intensity="3.332595e+000" type="0"/>
    <Peak1D F1="8.127870" intensity="6.381978e-001" type="0"/>
    <Peak1D F1="8.106194" intensity="6.481759e-002" type="0"/>
    <Peak1D F1="8.084471" intensity="5.460785e-002" type="0"/>
    <Peak1D F1="8.070223" intensity="2.127333e-002" type="0"/>
    <Peak1D F1="8.048333" intensity="2.401575e-002" type="0"/>
    <Peak1D F1="8.043222" intensity="1.392750e-002" type="0"/>
    <Peak1D F1="8.024515" intensity="1.769707e-001" type="0"/>
    <Peak1D F1="8.019505" intensity="1.092565e+000" type="0"/>
    <Peak1D F1="8.014863" intensity="3.321828e-001" type="0"/>
    <Peak1D F1="8.002275" intensity="3.281645e-001" type="0"/>
    <Peak1D F1="7.997936" intensity="9.094285e-001" type="0"/>
    <Peak1D F1="7.992835" intensity="1.249618e-001" type="0"/>
    <Peak1D F1="7.969669" intensity="1.770489e-002" type="0"/>
    <Peak1D F1="7.947577" intensity="1.910358e-002" type="0"/>
    <Peak1D F1="7.941225" intensity="1.061523e-002" type="0"/>
    <Peak1D F1="7.924984" intensity="1.095289e-002" type="0"/>
    <Peak1D F1="7.918537" intensity="1.244370e-002" type="0"/>
    <Peak1D F1="7.899529" intensity="4.058652e-003" type="0"/>
    <Peak1D F1="7.858018" intensity="3.591097e-003" type="0"/>
    <Peak1D F1="7.809172" intensity="4.543878e-003" type="0"/>
    <Peak1D F1="7.791424" intensity="4.080097e-003" type="0"/>
    <Peak1D F1="7.734523" intensity="2.749238e-003" type="0"/>
    <Peak1D F1="7.715695" intensity="4.062035e-003" type="0"/>
    <Peak1D F1="7.679577" intensity="1.594686e-002" type="0"/>
    <Peak1D F1="7.660933" intensity="1.752044e-002" type="0"/>
    <Peak1D F1="7.642386" intensity="1.051078e-002" type="0"/>
    <Peak1D F1="7.618962" intensity="1.340786e-002" type="0"/>
    <Peak1D F1="7.607664" intensity="2.068663e-002" type="0"/>
    <Peak1D F1="7.586258" intensity="2.237558e-002" type="0"/>
    <Peak1D F1="7.571512" intensity="2.376079e-002" type="0"/>
    <Peak1D F1="7.547265" intensity="3.502490e-002" type="0"/>
    <Peak1D F1="7.527673" intensity="1.887234e-001" type="0"/>
    <Peak1D F1="7.505176" intensity="2.981772e-001" type="0"/>
    <Peak1D F1="7.479077" intensity="3.213236e+000" type="0"/>
    <Peak1D F1="7.474486" intensity="1.080941e+000" type="0"/>
    <Peak1D F1="7.457114" intensity="3.001806e+000" type="0"/>
    <Peak1D F1="7.444765" intensity="8.736790e-002" type="0"/>
    <Peak1D F1="7.438203" intensity="1.552825e-001" type="0"/>
    <Peak1D F1="7.429739" intensity="7.055204e-002" type="0"/>
    <Peak1D F1="7.407635" intensity="5.293211e-002" type="0"/>
    <Peak1D F1="7.388394" intensity="9.307900e-003" type="0"/>
    <Peak1D F1="7.382535" intensity="1.044892e-002" type="0"/>
    <Peak1D F1="7.375984" intensity="1.061991e-002" type="0"/>
    <Peak1D F1="7.352554" intensity="1.720079e-002" type="0"/>
    <Peak1D F1="7.329579" intensity="3.290681e-002" type="0"/>
    <Peak1D F1="7.315057" intensity="4.356531e-002" type="0"/>
    <Peak1D F1="7.309436" intensity="5.194858e-002" type="0"/>
    <Peak1D F1="7.299191" intensity="3.693013e-002" type="0"/>
    <Peak1D F1="7.294733" intensity="5.452867e-002" type="0"/>
    <Peak1D F1="7.272751" intensity="4.148334e-002" type="0"/>
    <Peak1D F1="7.245988" intensity="1.688138e-001" type="0"/>
    <Peak1D F1="7.195516" intensity="1.144699e+001" type="0"/>
    <Peak1D F1="7.145625" intensity="1.554914e-001" type="0"/>
    <Peak1D F1="7.017002" intensity="3.331222e-003" type="0"/>
    <Peak1D F1="6.996672" intensity="4.562809e-003" type="0"/>
    <Peak1D F1="6.982598" intensity="3.721850e-003" type="0"/>
    <Peak1D F1="6.931443" intensity="6.261097e-002" type="0"/>
    <Peak1D F1="6.902495" intensity="2.001520e-002" type="0"/>
    <Peak1D F1="6.884934" intensity="3.877639e-002" type="0"/>
    <Peak1D F1="6.868598" intensity="3.234325e-002" type="0"/>
    <Peak1D F1="6.862779" intensity="4.134424e-002" type="0"/>
    <Peak1D F1="6.856572" intensity="3.699771e-002" type="0"/>
    <Peak1D F1="6.851156" intensity="3.448727e-002" type="0"/>
    <Peak1D F1="6.844410" intensity="3.940871e-002" type="0"/>
    <Peak1D F1="6.836872" intensity="5.370669e-002" type="0"/>
    <Peak1D F1="6.828745" intensity="5.738210e-002" type="0"/>
    <Peak1D F1="6.821296" intensity="6.134204e-002" type="0"/>
    <Peak1D F1="6.814710" intensity="8.155501e-002" type="0"/>
    <Peak1D F1="6.808757" intensity="5.138808e-002" type="0"/>
    <Peak1D F1="6.798508" intensity="3.239543e-002" type="0"/>
    <Peak1D F1="6.792282" intensity="3.989965e-002" type="0"/>
    <Peak1D F1="6.786609" intensity="1.982697e-002" type="0"/>
    <Peak1D F1="6.759282" intensity="4.084207e-003" type="0"/>
    <Peak1D F1="6.745750" intensity="2.757302e-003" type="0"/>
    <Peak1D F1="6.308803" intensity="4.375049e-003" type="0"/>
    <Peak1D F1="6.291028" intensity="4.084845e-003" type="0"/>
    <Peak1D F1="6.219688" intensity="6.857744e-003" type="0"/>
    <Peak1D F1="6.214422" intensity="1.243137e-002" type="0"/>
    <Peak1D F1="6.208706" intensity="6.963600e-003" type="0"/>
    <Peak1D F1="6.134312" intensity="3.769625e-003" type="0"/>
    <Peak1D F1="6.115755" intensity="1.525718e-002" type="0"/>
    <Peak1D F1="6.065689" intensity="7.219599e-002" type="0"/>
    <Peak1D F1="6.015586" intensity="5.057504e+000" type="0"/>
    <Peak1D F1="5.965948" intensity="7.269622e-002" type="0"/>
    <Peak1D F1="5.857216" intensity="4.919598e-002" type="0"/>
    <Peak1D F1="5.844617" intensity="4.914234e-002" type="0"/>
    <Peak1D F1="5.819611" intensity="8.424781e-003" type="0"/>
    <Peak1D F1="5.813490" intensity="1.577039e-002" type="0"/>
    <Peak1D F1="5.808517" intensity="1.035756e-002" type="0"/>
    <Peak1D F1="5.617548" intensity="3.404964e-003" type="0"/>
    <Peak1D F1="5.589280" intensity="2.402952e-003" type="0"/>
    <Peak1D F1="5.526005" intensity="4.216071e-003" type="0"/>
    <Peak1D F1="5.513619" intensity="3.196552e-003" type="0"/>
    <Peak1D F1="5.434835" intensity="4.992468e-003" type="0"/>
    <Peak1D F1="5.387473" intensity="1.206902e-001" type="0"/>
    <Peak1D F1="5.349148" intensity="5.568227e-002" type="0"/>
    <Peak1D F1="5.305119" intensity="4.495927e-003" type="0"/>
    <Peak1D F1="5.278576" intensity="8.002353e-003" type="0"/>
    <Peak1D F1="5.272708" intensity="9.011940e-003" type="0"/>
    <Peak1D F1="5.217188" intensity="6.163833e-003" type="0"/>
    <Peak1D F1="5.187218" intensity="6.694865e-003" type="0"/>
    <Peak1D F1="5.173094" intensity="1.091079e-002" type="0"/>
    <Peak1D F1="5.104900" intensity="2.492839e-002" type="0"/>
    <Peak1D F1="4.999276" intensity="6.175719e-003" type="0"/>
    <Peak1D F1="4.969634" intensity="1.118180e-002" type="0"/>
    <Peak1D F1="4.946901" intensity="1.107619e-002" type="0"/>
    <Peak1D F1="4.906524" intensity="6.852288e-003" type="0"/>
    <Peak1D F1="4.886193" intensity="9.697641e-003" type="0"/>
    <Peak1D F1="4.868715" intensity="9.579951e-003" type="0"/>
    <Peak1D F1="4.858273" intensity="1.006721e-002" type="0"/>
    <Peak1D F1="4.839822" intensity="2.984898e-002" type="0"/>
    <Peak1D F1="4.817320" intensity="3.822628e-002" type="0"/>
    <Peak1D F1="4.790403" intensity="1.488899e+000" type="0"/>
    <Peak1D F1="4.767593" intensity="1.512809e+000" type="0"/>
    <Peak1D F1="4.740414" intensity="4.400698e-002" type="0"/>
    <Peak1D F1="4.729905" intensity="4.238106e-002" type="0"/>
    <Peak1D F1="4.717972" intensity="4.828813e-002" type="0"/>
    <Peak1D F1="4.680165" intensity="1.539284e+000" type="0"/>
    <Peak1D F1="4.631024" intensity="3.887075e-002" type="0"/>
    <Peak1D F1="4.607546" intensity="1.141949e-002" type="0"/>
    <Peak1D F1="4.585009" intensity="1.101322e-002" type="0"/>
    <Peak1D F1="4.535717" intensity="2.774183e-003" type="0"/>
    <Peak1D F1="4.515489" intensity="2.564155e-003" type="0"/>
    <Peak1D F1="4.475748" intensity="3.265567e-003" type="0"/>
    <Peak1D F1="4.262940" intensity="2.374242e-003" type="0"/>
    <Peak1D F1="4.048072" intensity="2.649755e-003" type="0"/>
    <Peak1D F1="4.026618" intensity="3.287271e-003" type="0"/>
    <Peak1D F1="3.917159" intensity="2.901622e-003" type="0"/>
    <Peak1D F1="3.876255" intensity="8.110026e-002" type="0"/>
    <Peak1D F1="3.858710" intensity="3.529119e-003" type="0"/>
    <Peak1D F1="3.809183" intensity="4.303372e-002" type="0"/>
    <Peak1D F1="3.748808" intensity="2.149935e-001" type="0"/>
    <Peak1D F1="3.698802" intensity="1.500000e+001" type="0"/>
    <Peak1D F1="3.649102" intensity="2.181550e-001" type="0"/>
    <Peak1D F1="3.598810" intensity="4.845590e-003" type="0"/>
    <Peak1D F1="3.516597" intensity="7.968307e-002" type="0"/>
    <Peak1D F1="3.498024" intensity="2.427232e-003" type="0"/>
    <Peak1D F1="3.130663" intensity="7.208044e-003" type="0"/>
    <Peak1D F1="2.960126" intensity="4.370986e-003" type="0"/>
    <Peak1D F1="2.952276" intensity="5.222652e-003" type="0"/>
    <Peak1D F1="2.942657" intensity="8.672815e-003" type="0"/>
    <Peak1D F1="2.935259" intensity="8.348616e-003" type="0"/>
    <Peak1D F1="2.924209" intensity="7.026836e-003" type="0"/>
    <Peak1D F1="2.917665" intensity="6.853384e-003" type="0"/>
    <Peak1D F1="2.894397" intensity="3.485889e-003" type="0"/>
    <Peak1D F1="2.812502" intensity="5.351562e-003" type="0"/>
    <Peak1D F1="2.786503" intensity="6.006564e-003" type="0"/>
    <Peak1D F1="2.765896" intensity="1.425822e-002" type="0"/>
    <Peak1D F1="2.744160" intensity="1.544028e-002" type="0"/>
    <Peak1D F1="2.735946" intensity="1.624493e-002" type="0"/>
    <Peak1D F1="2.724886" intensity="1.461852e-002" type="0"/>
    <Peak1D F1="2.717899" intensity="1.495338e-002" type="0"/>
    <Peak1D F1="2.704063" intensity="1.268564e-002" type="0"/>
    <Peak1D F1="2.672512" intensity="4.650906e-003" type="0"/>
    <Peak1D F1="2.640228" intensity="4.994128e-003" type="0"/>
    <Peak1D F1="2.615378" intensity="7.006409e-003" type="0"/>
    <Peak1D F1="2.556089" intensity="2.847130e-002" type="0"/>
    <Peak1D F1="2.508536" intensity="8.585719e-003" type="0"/>
    <Peak1D F1="2.482405" intensity="1.481406e-002" type="0"/>
    <Peak1D F1="2.436383" intensity="2.619452e-001" type="0"/>
    <Peak1D F1="2.431743" intensity="3.022564e-001" type="0"/>
    <Peak1D F1="2.423259" intensity="1.486310e-001" type="0"/>
    <Peak1D F1="2.415215" intensity="2.983873e-001" type="0"/>
    <Peak1D F1="2.410623" intensity="3.069845e-001" type="0"/>
    <Peak1D F1="2.387037" intensity="4.515229e-001" type="0"/>
    <Peak1D F1="2.383146" intensity="4.208789e-001" type="0"/>
    <Peak1D F1="2.378599" intensity="3.270058e-001" type="0"/>
    <Peak1D F1="2.366328" intensity="4.265870e-001" type="0"/>
    <Peak1D F1="2.362444" intensity="5.329068e-001" type="0"/>
    <Peak1D F1="2.351278" intensity="3.304084e-001" type="0"/>
    <Peak1D F1="2.328466" intensity="5.655312e-001" type="0"/>
    <Peak1D F1="2.321047" intensity="3.335475e-001" type="0"/>
    <Peak1D F1="2.317680" intensity="2.970835e-001" type="0"/>
    <Peak1D F1="2.308518" intensity="4.285444e-001" type="0"/>
    <Peak1D F1="2.305182" intensity="3.786390e-001" type="0"/>
    <Peak1D F1="2.298342" intensity="5.174841e-001" type="0"/>
    <Peak1D F1="2.278057" intensity="3.181525e-001" type="0"/>
    <Peak1D F1="2.266444" intensity="7.267588e-002" type="0"/>
    <Peak1D F1="2.251368" intensity="5.442488e-001" type="0"/>
    <Peak1D F1="2.235542" intensity="1.201587e-001" type="0"/>
    <Peak1D F1="2.229229" intensity="6.380391e-001" type="0"/>
    <Peak1D F1="2.225223" intensity="6.320173e-001" type="0"/>
    <Peak1D F1="2.202535" intensity="8.096105e-001" type="0"/>
    <Peak1D F1="2.194977" intensity="1.342497e-001" type="0"/>
    <Peak1D F1="2.181084" intensity="4.250314e-001" type="0"/>
    <Peak1D F1="2.176329" intensity="4.238325e-001" type="0"/>
    <Peak1D F1="2.153982" intensity="4.873129e-001" type="0"/>
    <Peak1D F1="2.146216" intensity="1.907675e-001" type="0"/>
    <Peak1D F1="2.116017" intensity="1.872326e+000" type="0"/>
    <Peak1D F1="2.100608" intensity="2.916218e+000" type="0"/>
    <Peak1D F1="2.096428" intensity="5.956783e+000" type="0"/>
    <Peak1D F1="2.084806" intensity="1.569760e+000" type="0"/>
    <Peak1D F1="2.077594" intensity="2.970366e+000" type="0"/>
    <Peak1D F1="2.061823" intensity="1.968333e-001" type="0"/>
    <Peak1D F1="2.056103" intensity="1.752095e-001" type="0"/>
    <Peak1D F1="2.050682" intensity="1.856274e-001" type="0"/>
    <Peak1D F1="2.047040" intensity="1.838801e-001" type="0"/>
    <Peak1D F1="2.028297" intensity="9.166300e-002" type="0"/>
    <Peak1D F1="2.020108" intensity="6.480814e-002" type="0"/>
    <Peak1D F1="2.014951" intensity="5.857813e-002" type="0"/>
    <Peak1D F1="1.998363" intensity="8.661570e-002" type="0"/>
    <Peak1D F1="1.985539" intensity="2.868723e-001" type="0"/>
    <Peak1D F1="1.981041" intensity="2.661703e-001" type="0"/>
    <Peak1D F1="1.969032" intensity="3.006016e-001" type="0"/>
    <Peak1D F1="1.963888" intensity="4.104878e-001" type="0"/>
    <Peak1D F1="1.958108" intensity="4.893597e-001" type="0"/>
    <Peak1D F1="1.953874" intensity="4.625153e-001" type="0"/>
    <Peak1D F1="1.948698" intensity="4.607238e-001" type="0"/>
    <Peak1D F1="1.941273" intensity="6.163556e-001" type="0"/>
    <Peak1D F1="1.935645" intensity="5.386976e-001" type="0"/>
    <Peak1D F1="1.932334" intensity="6.271732e-001" type="0"/>
    <Peak1D F1="1.925557" intensity="4.987328e-001" type="0"/>
    <Peak1D F1="1.919522" intensity="5.511337e-001" type="0"/>
    <Peak1D F1="1.910246" intensity="3.080289e+000" type="0"/>
    <Peak1D F1="1.899061" intensity="2.493579e+000" type="0"/>
    <Peak1D F1="1.890627" intensity="6.164523e+000" type="0"/>
    <Peak1D F1="1.881558" intensity="2.192080e+000" type="0"/>
    <Peak1D F1="1.880055" intensity="2.228738e+000" type="0"/>
    <Peak1D F1="1.871222" intensity="1.945707e+000" type="0"/>
    <Peak1D F1="1.859308" intensity="2.530042e-001" type="0"/>
    <Peak1D F1="1.849039" intensity="1.611701e-001" type="0"/>
    <Peak1D F1="1.841186" intensity="1.526391e-001" type="0"/>
    <Peak1D F1="1.833692" intensity="8.290017e-002" type="0"/>
    <Peak1D F1="1.822264" intensity="7.003849e-002" type="0"/>
    <Peak1D F1="1.813978" intensity="4.229738e-002" type="0"/>
    <Peak1D F1="1.807051" intensity="4.225781e-002" type="0"/>
    <Peak1D F1="1.797729" intensity="4.168223e-002" type="0"/>
    <Peak1D F1="1.781881" intensity="3.473465e-002" type="0"/>
    <Peak1D F1="1.775442" intensity="3.487117e-002" type="0"/>
    <Peak1D F1="1.766561" intensity="3.362755e-002" type="0"/>
    <Peak1D F1="1.759578" intensity="3.442912e-002" type="0"/>
    <Peak1D F1="1.744430" intensity="1.542848e-001" type="0"/>
    <Peak1D F1="1.728699" intensity="2.205069e-001" type="0"/>
    <Peak1D F1="1.723426" intensity="1.925197e-001" type="0"/>
    <Peak1D F1="1.716254" intensity="2.600953e-001" type="0"/>
    <Peak1D F1="1.707458" intensity="2.620096e-001" type="0"/>
    <Peak1D F1="1.700476" intensity="4.503290e-001" type="0"/>
    <Peak1D F1="1.696409" intensity="4.005463e-001" type="0"/>
    <Peak1D F1="1.686619" intensity="3.050992e-001" type="0"/>
    <Peak1D F1="1.679992" intensity="1.095694e+000" type="0"/>
    <Peak1D F1="1.673833" intensity="5.449387e-001" type="0"/>
    <Peak1D F1="1.670277" intensity="6.250334e-001" type="0"/>
    <Peak1D F1="1.656203" intensity="9.120575e-001" type="0"/>
    <Peak1D F1="1.652049" intensity="7.720749e-001" type="0"/>
    <Peak1D F1="1.639773" intensity="5.104409e-001" type="0"/>
    <Peak1D F1="1.635632" intensity="6.118152e-001" type="0"/>
    <Peak1D F1="1.631690" intensity="4.915013e-001" type="0"/>
    <Peak1D F1="1.624005" intensity="2.397044e-001" type="0"/>
    <Peak1D F1="1.619444" intensity="3.016698e-001" type="0"/>
    <Peak1D F1="1.616061" intensity="3.002246e-001" type="0"/>
    <Peak1D F1="1.563649" intensity="2.085534e-001" type="0"/>
    <Peak1D F1="1.534316" intensity="3.234846e-001" type="0"/>
    <Peak1D F1="1.518882" intensity="2.276989e-001" type="0"/>
    <Peak1D F1="1.511806" intensity="2.454523e-001" type="0"/>
    <Peak1D F1="1.500000" intensity="4.972126e-001" type="0"/>
    <Peak1D F1="1.492263" intensity="1.760014e-001" type="0"/>
    <Peak1D F1="1.482549" intensity="6.227196e-001" type="0"/>
    <Peak1D F1="1.469888" intensity="4.365565e-001" type="0"/>
    <Peak1D F1="1.452567" intensity="4.565964e-001" type="0"/>
    <Peak1D F1="1.440670" intensity="8.411976e-002" type="0"/>
    <Peak1D F1="1.434902" intensity="1.265606e-001" type="0"/>
    <Peak1D F1="1.422916" intensity="1.407774e-001" type="0"/>
    <Peak1D F1="1.402258" intensity="2.397597e-002" type="0"/>
    <Peak1D F1="1.369736" intensity="1.534513e-002" type="0"/>
    <Peak1D F1="1.351689" intensity="1.773275e-002" type="0"/>
    <Peak1D F1="1.341458" intensity="1.600618e-002" type="0"/>
    <Peak1D F1="1.321756" intensity="1.617387e-002" type="0"/>
    <Peak1D F1="1.309495" intensity="1.664682e-002" type="0"/>
    <Peak1D F1="1.260597" intensity="3.043530e-002" type="0"/>
    <Peak1D F1="1.234564" intensity="4.582746e-002" type="0"/>
    <Peak1D F1="1.212469" intensity="5.249260e-002" type="0"/>
    <Peak1D F1="1.184496" intensity="2.604666e-001" type="0"/>
    <Peak1D F1="1.096944" intensity="1.254154e-002" type="0"/>
    <Peak1D F1="1.038748" intensity="1.253917e-002" type="0"/>
    <Peak1D F1="1.013872" intensity="1.200596e-002" type="0"/>
    <Peak1D F1="0.916958" intensity="7.625761e-003" type="0"/>
    <Peak1D F1="0.902430" intensity="7.038428e-003" type="0"/>
    <Peak1D F1="0.823987" intensity="3.133177e-002" type="0"/>
    <Peak1D F1="0.808093" intensity="6.112483e-002" type="0"/>
    <Peak1D F1="0.790220" intensity="4.622390e-002" type="0"/>
    <Peak1D F1="0.781563" intensity="5.234728e-002" type="0"/>
    <Peak1D F1="0.772493" intensity="6.631169e-002" type="0"/>
    <Peak1D F1="0.754427" intensity="6.458887e-002" type="0"/>
    <Peak1D F1="0.734981" intensity="3.928110e-002" type="0"/>
    <Peak1D F1="0.716224" intensity="1.382029e-002" type="0"/>
    <Peak1D F1="0.684708" intensity="5.047432e-003" type="0"/>
    <Peak1D F1="0.622998" intensity="3.456230e-003" type="0"/>
    <Peak1D F1="0.587694" intensity="3.013237e-003" type="0"/>
    <Peak1D F1="0.557415" intensity="3.449995e-003" type="0"/>
    <Peak1D F1="0.528078" intensity="2.642720e-003" type="0"/>
    <Peak1D F1="0.477226" intensity="2.630427e-003" type="0"/>
    <Peak1D F1="0.422476" intensity="2.520098e-003" type="0"/>
    <Peak1D F1="0.173608" intensity="2.548172e-003" type="0"/>
    <Peak1D F1="-0.000151" intensity="3.292673e-002" type="0"/>
    <Peak1D F1="-0.008935" intensity="2.975646e-003" type="0"/>
    <Peak1D F1="-3.805799" intensity="2.461393e-003" type="0"/>
  </PeakList1D>
</PeakList>
