<?xml version="1.0" encoding="UTF-8"?>
<PeakList>
  <PeakList1D>
    <PeakList1DHeader creator="nmr" date="2021-08-10T14:55:15.569+03:00" expNo="20" name="ID-429-E" owner="" procNo="1" source="//132.72.8.180/400b/Milo/Milo">
      <PeakPickDetails>F1=16.102011ppm, F2=-3.927034ppm, MI=0.00cm, MAXI=10000.00cm, PC=1.000
      </PeakPickDetails>
    </PeakList1DHeader>
    <Peak1D F1="10.315503" intensity="1.079851e-002" type="0"/>
    <Peak1D F1="10.144763" intensity="3.234893e-002" type="0"/>
    <Peak1D F1="10.125691" intensity="1.748018e-002" type="0"/>
    <Peak1D F1="10.094569" intensity="1.812561e+000" type="0"/>
    <Peak1D F1="10.062887" intensity="9.620914e-003" type="0"/>
    <Peak1D F1="10.044593" intensity="2.416337e-002" type="0"/>
    <Peak1D F1="9.867800" intensity="9.606396e-003" type="0"/>
    <Peak1D F1="8.549074" intensity="6.118072e-003" type="0"/>
    <Peak1D F1="8.529156" intensity="5.481651e-003" type="0"/>
    <Peak1D F1="8.464711" intensity="4.786160e-003" type="0"/>
    <Peak1D F1="8.454787" intensity="5.364919e-003" type="0"/>
    <Peak1D F1="8.442688" intensity="4.953372e-003" type="0"/>
    <Peak1D F1="8.392343" intensity="2.561883e-002" type="0"/>
    <Peak1D F1="8.370591" intensity="3.394370e-002" type="0"/>
    <Peak1D F1="8.342113" intensity="1.221208e+000" type="0"/>
    <Peak1D F1="8.320329" intensity="1.371241e+000" type="0"/>
    <Peak1D F1="8.291784" intensity="2.249358e-002" type="0"/>
    <Peak1D F1="8.270625" intensity="2.241359e-002" type="0"/>
    <Peak1D F1="8.249923" intensity="1.017517e-002" type="0"/>
    <Peak1D F1="8.222787" intensity="3.444237e-002" type="0"/>
    <Peak1D F1="8.196993" intensity="9.262884e-002" type="0"/>
    <Peak1D F1="8.175364" intensity="1.222570e-001" type="0"/>
    <Peak1D F1="8.164192" intensity="8.982421e-002" type="0"/>
    <Peak1D F1="8.158285" intensity="2.489091e-001" type="0"/>
    <Peak1D F1="8.153409" intensity="1.854338e-001" type="0"/>
    <Peak1D F1="8.145565" intensity="1.900547e-001" type="0"/>
    <Peak1D F1="8.141735" intensity="1.629651e-001" type="0"/>
    <Peak1D F1="8.136374" intensity="2.830930e-001" type="0"/>
    <Peak1D F1="8.130272" intensity="1.542450e-001" type="0"/>
    <Peak1D F1="8.123986" intensity="1.616265e-001" type="0"/>
    <Peak1D F1="8.113065" intensity="6.029883e-002" type="0"/>
    <Peak1D F1="8.087248" intensity="1.996794e-002" type="0"/>
    <Peak1D F1="8.071049" intensity="3.744022e-002" type="0"/>
    <Peak1D F1="8.049539" intensity="3.812471e-002" type="0"/>
    <Peak1D F1="8.043012" intensity="3.713252e-002" type="0"/>
    <Peak1D F1="8.026113" intensity="2.498390e-001" type="0"/>
    <Peak1D F1="8.021100" intensity="1.590566e+000" type="0"/>
    <Peak1D F1="8.016541" intensity="4.730437e-001" type="0"/>
    <Peak1D F1="8.003886" intensity="4.696255e-001" type="0"/>
    <Peak1D F1="7.999619" intensity="1.302951e+000" type="0"/>
    <Peak1D F1="7.994384" intensity="1.795166e-001" type="0"/>
    <Peak1D F1="7.971214" intensity="2.627508e-002" type="0"/>
    <Peak1D F1="7.949681" intensity="2.551753e-002" type="0"/>
    <Peak1D F1="7.924850" intensity="1.397508e-002" type="0"/>
    <Peak1D F1="7.903729" intensity="1.411828e-002" type="0"/>
    <Peak1D F1="7.884529" intensity="1.238677e-002" type="0"/>
    <Peak1D F1="7.862611" intensity="1.222462e-002" type="0"/>
    <Peak1D F1="7.849384" intensity="8.732279e-003" type="0"/>
    <Peak1D F1="7.831789" intensity="1.625304e-002" type="0"/>
    <Peak1D F1="7.810575" intensity="1.792283e-002" type="0"/>
    <Peak1D F1="7.786116" intensity="4.318929e-002" type="0"/>
    <Peak1D F1="7.781559" intensity="4.447277e-002" type="0"/>
    <Peak1D F1="7.767182" intensity="8.032868e-002" type="0"/>
    <Peak1D F1="7.750278" intensity="5.144225e-002" type="0"/>
    <Peak1D F1="7.738468" intensity="1.577710e-002" type="0"/>
    <Peak1D F1="7.718083" intensity="6.810271e-003" type="0"/>
    <Peak1D F1="7.684446" intensity="5.981333e-003" type="0"/>
    <Peak1D F1="7.661596" intensity="5.368298e-003" type="0"/>
    <Peak1D F1="7.647828" intensity="8.569440e-003" type="0"/>
    <Peak1D F1="7.618821" intensity="1.967696e-002" type="0"/>
    <Peak1D F1="7.595047" intensity="2.208736e-002" type="0"/>
    <Peak1D F1="7.588917" intensity="4.218176e-002" type="0"/>
    <Peak1D F1="7.566317" intensity="4.933823e-002" type="0"/>
    <Peak1D F1="7.561829" intensity="5.993674e-002" type="0"/>
    <Peak1D F1="7.550250" intensity="3.271531e-002" type="0"/>
    <Peak1D F1="7.539766" intensity="5.469876e-002" type="0"/>
    <Peak1D F1="7.528262" intensity="4.018688e-002" type="0"/>
    <Peak1D F1="7.506588" intensity="3.009041e-002" type="0"/>
    <Peak1D F1="7.495141" intensity="5.606393e-002" type="0"/>
    <Peak1D F1="7.481399" intensity="2.082753e-001" type="0"/>
    <Peak1D F1="7.476379" intensity="1.029413e-001" type="0"/>
    <Peak1D F1="7.464142" intensity="1.168862e-001" type="0"/>
    <Peak1D F1="7.459380" intensity="1.997082e-001" type="0"/>
    <Peak1D F1="7.442529" intensity="4.118404e-002" type="0"/>
    <Peak1D F1="7.423118" intensity="5.006918e-002" type="0"/>
    <Peak1D F1="7.418654" intensity="5.534151e-002" type="0"/>
    <Peak1D F1="7.403818" intensity="9.061312e-002" type="0"/>
    <Peak1D F1="7.384468" intensity="9.549495e-002" type="0"/>
    <Peak1D F1="7.368856" intensity="5.753072e-002" type="0"/>
    <Peak1D F1="7.364589" intensity="5.372301e-002" type="0"/>
    <Peak1D F1="7.352431" intensity="3.239374e-002" type="0"/>
    <Peak1D F1="7.315844" intensity="7.692488e-002" type="0"/>
    <Peak1D F1="7.294300" intensity="7.127462e-002" type="0"/>
    <Peak1D F1="7.247002" intensity="1.082174e-001" type="0"/>
    <Peak1D F1="7.196992" intensity="6.077103e+000" type="0"/>
    <Peak1D F1="7.168961" intensity="3.744217e-002" type="0"/>
    <Peak1D F1="7.152542" intensity="9.987543e-002" type="0"/>
    <Peak1D F1="7.147260" intensity="9.776430e-002" type="0"/>
    <Peak1D F1="7.134119" intensity="1.474905e-001" type="0"/>
    <Peak1D F1="7.115469" intensity="7.018539e-002" type="0"/>
    <Peak1D F1="7.098017" intensity="9.711402e-003" type="0"/>
    <Peak1D F1="7.091450" intensity="1.486461e-002" type="0"/>
    <Peak1D F1="7.065920" intensity="1.308524e-002" type="0"/>
    <Peak1D F1="7.058554" intensity="1.068314e-002" type="0"/>
    <Peak1D F1="7.030965" intensity="1.888906e-002" type="0"/>
    <Peak1D F1="7.004148" intensity="8.856682e-002" type="0"/>
    <Peak1D F1="6.982825" intensity="7.921006e-002" type="0"/>
    <Peak1D F1="6.976934" intensity="8.487058e-002" type="0"/>
    <Peak1D F1="6.956189" intensity="6.972217e-002" type="0"/>
    <Peak1D F1="6.932937" intensity="3.678262e-002" type="0"/>
    <Peak1D F1="6.217521" intensity="5.158354e-003" type="0"/>
    <Peak1D F1="6.117392" intensity="3.856139e-002" type="0"/>
    <Peak1D F1="6.067731" intensity="3.989550e-002" type="0"/>
    <Peak1D F1="6.017404" intensity="2.497361e+000" type="0"/>
    <Peak1D F1="5.991711" intensity="8.547858e-003" type="0"/>
    <Peak1D F1="5.967741" intensity="3.207974e-002" type="0"/>
    <Peak1D F1="5.822156" intensity="4.567579e-003" type="0"/>
    <Peak1D F1="5.815358" intensity="7.454521e-003" type="0"/>
    <Peak1D F1="5.703403" intensity="5.674115e-003" type="0"/>
    <Peak1D F1="5.604472" intensity="6.351485e-003" type="0"/>
    <Peak1D F1="5.582026" intensity="1.839123e-002" type="0"/>
    <Peak1D F1="5.526600" intensity="3.070450e-002" type="0"/>
    <Peak1D F1="5.500173" intensity="4.890937e-003" type="0"/>
    <Peak1D F1="5.470717" intensity="9.613729e-003" type="0"/>
    <Peak1D F1="5.437180" intensity="8.323925e-003" type="0"/>
    <Peak1D F1="5.416008" intensity="4.567555e-002" type="0"/>
    <Peak1D F1="5.360337" intensity="1.220464e-002" type="0"/>
    <Peak1D F1="5.353579" intensity="1.194201e-002" type="0"/>
    <Peak1D F1="5.301643" intensity="7.562972e-003" type="0"/>
    <Peak1D F1="5.284823" intensity="2.509183e-002" type="0"/>
    <Peak1D F1="5.272936" intensity="6.823044e-003" type="0"/>
    <Peak1D F1="5.215780" intensity="4.972937e-003" type="0"/>
    <Peak1D F1="5.077017" intensity="8.327925e-002" type="0"/>
    <Peak1D F1="4.863050" intensity="9.780354e-003" type="0"/>
    <Peak1D F1="4.840549" intensity="1.355790e-002" type="0"/>
    <Peak1D F1="4.823932" intensity="4.797659e-003" type="0"/>
    <Peak1D F1="4.793533" intensity="7.769956e-002" type="0"/>
    <Peak1D F1="4.770741" intensity="7.853083e-002" type="0"/>
    <Peak1D F1="4.723528" intensity="5.565353e-003" type="0"/>
    <Peak1D F1="4.674527" intensity="1.445715e-001" type="0"/>
    <Peak1D F1="4.623676" intensity="6.300020e-003" type="0"/>
    <Peak1D F1="4.358359" intensity="8.786219e-003" type="0"/>
    <Peak1D F1="3.877955" intensity="3.725961e-002" type="0"/>
    <Peak1D F1="3.844390" intensity="2.765136e-002" type="0"/>
    <Peak1D F1="3.822258" intensity="1.598746e-002" type="0"/>
    <Peak1D F1="3.811065" intensity="1.260677e-001" type="0"/>
    <Peak1D F1="3.790517" intensity="4.782977e-002" type="0"/>
    <Peak1D F1="3.770434" intensity="4.716813e-002" type="0"/>
    <Peak1D F1="3.750849" intensity="1.255497e-001" type="0"/>
    <Peak1D F1="3.745341" intensity="8.027194e-002" type="0"/>
    <Peak1D F1="3.700521" intensity="7.513173e+000" type="0"/>
    <Peak1D F1="3.650621" intensity="1.016604e-001" type="0"/>
    <Peak1D F1="3.628861" intensity="6.359837e-003" type="0"/>
    <Peak1D F1="3.601491" intensity="1.222997e-002" type="0"/>
    <Peak1D F1="3.569006" intensity="4.481879e-003" type="0"/>
    <Peak1D F1="3.550232" intensity="5.178612e-003" type="0"/>
    <Peak1D F1="3.518357" intensity="4.051238e-002" type="0"/>
    <Peak1D F1="3.452983" intensity="6.017053e-003" type="0"/>
    <Peak1D F1="3.405427" intensity="8.083788e-003" type="0"/>
    <Peak1D F1="3.338174" intensity="5.099612e-003" type="0"/>
    <Peak1D F1="3.328396" intensity="4.874399e-003" type="0"/>
    <Peak1D F1="3.168663" intensity="5.536157e-003" type="0"/>
    <Peak1D F1="3.138281" intensity="6.412666e-003" type="0"/>
    <Peak1D F1="3.102274" intensity="5.536350e-003" type="0"/>
    <Peak1D F1="2.942203" intensity="4.356832e-003" type="0"/>
    <Peak1D F1="2.919230" intensity="5.526430e-003" type="0"/>
    <Peak1D F1="2.827790" intensity="7.763745e-003" type="0"/>
    <Peak1D F1="2.772502" intensity="1.107911e-002" type="0"/>
    <Peak1D F1="2.734788" intensity="8.624373e-003" type="0"/>
    <Peak1D F1="2.651895" intensity="5.756754e-003" type="0"/>
    <Peak1D F1="2.621131" intensity="5.540406e-003" type="0"/>
    <Peak1D F1="2.598297" intensity="6.898976e-003" type="0"/>
    <Peak1D F1="2.585313" intensity="6.746822e-003" type="0"/>
    <Peak1D F1="2.518593" intensity="4.645452e-003" type="0"/>
    <Peak1D F1="2.512508" intensity="4.597593e-003" type="0"/>
    <Peak1D F1="2.430988" intensity="1.534759e-002" type="0"/>
    <Peak1D F1="2.411250" intensity="1.565509e-002" type="0"/>
    <Peak1D F1="2.387552" intensity="2.214633e-002" type="0"/>
    <Peak1D F1="2.362952" intensity="2.760805e-002" type="0"/>
    <Peak1D F1="2.353291" intensity="1.895559e-002" type="0"/>
    <Peak1D F1="2.329818" intensity="3.215034e-002" type="0"/>
    <Peak1D F1="2.322729" intensity="1.926652e-002" type="0"/>
    <Peak1D F1="2.300149" intensity="3.367436e-002" type="0"/>
    <Peak1D F1="2.276336" intensity="4.639724e-002" type="0"/>
    <Peak1D F1="2.257445" intensity="8.341186e-002" type="0"/>
    <Peak1D F1="2.251539" intensity="6.241039e-002" type="0"/>
    <Peak1D F1="2.239474" intensity="4.490592e-002" type="0"/>
    <Peak1D F1="2.229231" intensity="4.902548e-002" type="0"/>
    <Peak1D F1="2.224794" intensity="5.159851e-002" type="0"/>
    <Peak1D F1="2.202313" intensity="7.480318e-002" type="0"/>
    <Peak1D F1="2.194682" intensity="3.980709e-002" type="0"/>
    <Peak1D F1="2.180111" intensity="6.957576e-002" type="0"/>
    <Peak1D F1="2.166262" intensity="1.385206e-001" type="0"/>
    <Peak1D F1="2.146667" intensity="3.662180e-001" type="0"/>
    <Peak1D F1="2.116356" intensity="4.456941e+000" type="0"/>
    <Peak1D F1="2.096643" intensity="1.438669e+001" type="0"/>
    <Peak1D F1="2.084986" intensity="3.699178e+000" type="0"/>
    <Peak1D F1="2.077797" intensity="7.142656e+000" type="0"/>
    <Peak1D F1="2.062276" intensity="3.936121e-001" type="0"/>
    <Peak1D F1="2.056491" intensity="3.608597e-001" type="0"/>
    <Peak1D F1="2.052345" intensity="3.642038e-001" type="0"/>
    <Peak1D F1="2.047100" intensity="3.705109e-001" type="0"/>
    <Peak1D F1="2.028134" intensity="1.673691e-001" type="0"/>
    <Peak1D F1="2.020602" intensity="8.852732e-002" type="0"/>
    <Peak1D F1="2.001052" intensity="7.291289e-002" type="0"/>
    <Peak1D F1="1.983157" intensity="8.089258e-002" type="0"/>
    <Peak1D F1="1.961033" intensity="2.066856e-001" type="0"/>
    <Peak1D F1="1.948946" intensity="2.362637e-001" type="0"/>
    <Peak1D F1="1.941563" intensity="4.221524e-001" type="0"/>
    <Peak1D F1="1.932586" intensity="6.095641e-001" type="0"/>
    <Peak1D F1="1.925752" intensity="8.181704e-001" type="0"/>
    <Peak1D F1="1.921551" intensity="7.777098e-001" type="0"/>
    <Peak1D F1="1.910998" intensity="7.192033e+000" type="0"/>
    <Peak1D F1="1.899804" intensity="5.935518e+000" type="0"/>
    <Peak1D F1="1.891458" intensity="1.500000e+001" type="0"/>
    <Peak1D F1="1.880946" intensity="5.379863e+000" type="0"/>
    <Peak1D F1="1.872002" intensity="4.720085e+000" type="0"/>
    <Peak1D F1="1.859837" intensity="5.822374e-001" type="0"/>
    <Peak1D F1="1.849781" intensity="3.516353e-001" type="0"/>
    <Peak1D F1="1.841802" intensity="3.119809e-001" type="0"/>
    <Peak1D F1="1.832888" intensity="1.433990e-001" type="0"/>
    <Peak1D F1="1.822159" intensity="1.126831e-001" type="0"/>
    <Peak1D F1="1.811801" intensity="5.220817e-002" type="0"/>
    <Peak1D F1="1.792349" intensity="4.426115e-002" type="0"/>
    <Peak1D F1="1.774092" intensity="2.855157e-002" type="0"/>
    <Peak1D F1="1.760005" intensity="4.305852e-002" type="0"/>
    <Peak1D F1="1.742022" intensity="7.296439e-002" type="0"/>
    <Peak1D F1="1.724404" intensity="9.622579e-002" type="0"/>
    <Peak1D F1="1.705720" intensity="6.333560e-002" type="0"/>
    <Peak1D F1="1.682497" intensity="7.987600e-002" type="0"/>
    <Peak1D F1="1.671761" intensity="5.408670e-002" type="0"/>
    <Peak1D F1="1.659074" intensity="7.513916e-002" type="0"/>
    <Peak1D F1="1.654217" intensity="6.358031e-002" type="0"/>
    <Peak1D F1="1.643480" intensity="5.180698e-002" type="0"/>
    <Peak1D F1="1.638391" intensity="5.825689e-002" type="0"/>
    <Peak1D F1="1.633545" intensity="5.102488e-002" type="0"/>
    <Peak1D F1="1.622297" intensity="4.307987e-002" type="0"/>
    <Peak1D F1="1.617245" intensity="4.357972e-002" type="0"/>
    <Peak1D F1="1.551986" intensity="6.681243e-001" type="0"/>
    <Peak1D F1="1.513911" intensity="5.356652e-002" type="0"/>
    <Peak1D F1="1.502535" intensity="6.224318e-002" type="0"/>
    <Peak1D F1="1.484918" intensity="5.098949e-002" type="0"/>
    <Peak1D F1="1.471325" intensity="3.869207e-002" type="0"/>
    <Peak1D F1="1.461822" intensity="2.992173e-002" type="0"/>
    <Peak1D F1="1.454591" intensity="3.578376e-002" type="0"/>
    <Peak1D F1="1.441587" intensity="3.468795e-002" type="0"/>
    <Peak1D F1="1.422788" intensity="2.282299e-002" type="0"/>
    <Peak1D F1="1.407408" intensity="1.100820e-002" type="0"/>
    <Peak1D F1="1.316525" intensity="8.801969e-003" type="0"/>
    <Peak1D F1="1.306908" intensity="8.133623e-003" type="0"/>
    <Peak1D F1="1.236198" intensity="1.991810e-002" type="0"/>
    <Peak1D F1="1.212611" intensity="2.282085e-002" type="0"/>
    <Peak1D F1="1.185310" intensity="6.326693e-002" type="0"/>
    <Peak1D F1="1.153635" intensity="1.067474e-002" type="0"/>
    <Peak1D F1="1.133444" intensity="8.472531e-003" type="0"/>
    <Peak1D F1="1.072680" intensity="5.737200e-003" type="0"/>
    <Peak1D F1="1.042360" intensity="5.758332e-003" type="0"/>
    <Peak1D F1="1.027389" intensity="6.461846e-003" type="0"/>
    <Peak1D F1="1.014722" intensity="5.940627e-003" type="0"/>
    <Peak1D F1="1.001052" intensity="5.739294e-003" type="0"/>
    <Peak1D F1="0.973926" intensity="4.995282e-003" type="0"/>
    <Peak1D F1="0.917173" intensity="4.602622e-003" type="0"/>
    <Peak1D F1="0.847345" intensity="4.931551e-003" type="0"/>
    <Peak1D F1="0.825276" intensity="1.269864e-002" type="0"/>
    <Peak1D F1="0.810515" intensity="1.915963e-002" type="0"/>
    <Peak1D F1="0.782011" intensity="1.603641e-002" type="0"/>
    <Peak1D F1="0.762162" intensity="1.891209e-002" type="0"/>
    <Peak1D F1="0.742802" intensity="1.231889e-002" type="0"/>
    <Peak1D F1="-0.000154" intensity="4.744430e-002" type="0"/>
    <Peak1D F1="-3.159807" intensity="4.267151e-003" type="0"/>
  </PeakList1D>
</PeakList>
