<?xml version="1.0" encoding="UTF-8"?>
<PeakList>
  <PeakList1D>
    <PeakList1DHeader creator="nmr" date="2021-04-18T15:54:08.422+03:00" expNo="10" name="ID-350-Crude" owner="" procNo="1" source="//132.72.8.180/400b/Milo/Milo">
      <PeakPickDetails>F1=16.103180ppm, F2=-3.925865ppm, MI=0.00cm, MAXI=10000.00cm, PC=1.000
      </PeakPickDetails>
    </PeakList1DHeader>
    <Peak1D F1="11.203802" intensity="4.895939e-003" type="0"/>
    <Peak1D F1="8.362732" intensity="1.220034e-002" type="0"/>
    <Peak1D F1="8.345989" intensity="1.148226e-002" type="0"/>
    <Peak1D F1="8.340133" intensity="1.294881e-002" type="0"/>
    <Peak1D F1="8.324749" intensity="7.064227e-003" type="0"/>
    <Peak1D F1="8.307300" intensity="6.275837e-003" type="0"/>
    <Peak1D F1="8.239655" intensity="8.639938e-002" type="0"/>
    <Peak1D F1="8.220354" intensity="1.249412e-001" type="0"/>
    <Peak1D F1="8.207122" intensity="8.401354e-002" type="0"/>
    <Peak1D F1="8.198968" intensity="1.240821e-001" type="0"/>
    <Peak1D F1="8.185085" intensity="1.043834e-001" type="0"/>
    <Peak1D F1="8.178436" intensity="9.251538e-002" type="0"/>
    <Peak1D F1="8.171063" intensity="1.554780e-001" type="0"/>
    <Peak1D F1="8.162245" intensity="4.864860e-001" type="0"/>
    <Peak1D F1="8.156551" intensity="2.358785e+000" type="0"/>
    <Peak1D F1="8.151256" intensity="1.177070e+000" type="0"/>
    <Peak1D F1="8.145298" intensity="4.324819e-001" type="0"/>
    <Peak1D F1="8.139467" intensity="9.262745e-001" type="0"/>
    <Peak1D F1="8.134575" intensity="2.478767e+000" type="0"/>
    <Peak1D F1="8.128563" intensity="8.718351e-001" type="0"/>
    <Peak1D F1="8.104522" intensity="8.787030e-002" type="0"/>
    <Peak1D F1="8.084935" intensity="3.810487e-002" type="0"/>
    <Peak1D F1="8.078397" intensity="1.765198e-002" type="0"/>
    <Peak1D F1="8.056828" intensity="1.105189e-002" type="0"/>
    <Peak1D F1="8.048567" intensity="1.896973e-002" type="0"/>
    <Peak1D F1="8.037886" intensity="1.545717e-002" type="0"/>
    <Peak1D F1="8.026469" intensity="1.498895e-002" type="0"/>
    <Peak1D F1="8.020462" intensity="1.562624e-002" type="0"/>
    <Peak1D F1="7.998265" intensity="4.873187e-002" type="0"/>
    <Peak1D F1="7.987171" intensity="8.205172e-002" type="0"/>
    <Peak1D F1="7.973981" intensity="1.362108e-001" type="0"/>
    <Peak1D F1="7.946779" intensity="1.258795e-002" type="0"/>
    <Peak1D F1="7.941100" intensity="1.396118e-002" type="0"/>
    <Peak1D F1="7.919490" intensity="1.497911e-002" type="0"/>
    <Peak1D F1="7.739571" intensity="3.692472e-002" type="0"/>
    <Peak1D F1="7.727728" intensity="9.785725e-002" type="0"/>
    <Peak1D F1="7.720734" intensity="5.486374e-002" type="0"/>
    <Peak1D F1="7.710064" intensity="5.104177e-002" type="0"/>
    <Peak1D F1="7.679595" intensity="1.822245e-002" type="0"/>
    <Peak1D F1="7.661978" intensity="1.925056e-002" type="0"/>
    <Peak1D F1="7.648910" intensity="6.188840e-002" type="0"/>
    <Peak1D F1="7.627315" intensity="6.042373e-002" type="0"/>
    <Peak1D F1="7.608871" intensity="2.984041e-002" type="0"/>
    <Peak1D F1="7.595617" intensity="2.363339e-002" type="0"/>
    <Peak1D F1="7.587235" intensity="3.629627e-002" type="0"/>
    <Peak1D F1="7.558436" intensity="8.026335e-002" type="0"/>
    <Peak1D F1="7.536555" intensity="9.165937e-002" type="0"/>
    <Peak1D F1="7.530066" intensity="8.273336e-002" type="0"/>
    <Peak1D F1="7.525415" intensity="1.160152e-001" type="0"/>
    <Peak1D F1="7.504158" intensity="2.546371e-001" type="0"/>
    <Peak1D F1="7.492799" intensity="2.943789e-001" type="0"/>
    <Peak1D F1="7.485861" intensity="4.479569e-001" type="0"/>
    <Peak1D F1="7.480117" intensity="2.261623e+000" type="0"/>
    <Peak1D F1="7.475292" intensity="8.749563e-001" type="0"/>
    <Peak1D F1="7.462814" intensity="1.173760e+000" type="0"/>
    <Peak1D F1="7.458221" intensity="2.190699e+000" type="0"/>
    <Peak1D F1="7.452442" intensity="3.746617e-001" type="0"/>
    <Peak1D F1="7.441642" intensity="4.367465e-001" type="0"/>
    <Peak1D F1="7.408215" intensity="4.382136e-002" type="0"/>
    <Peak1D F1="7.393805" intensity="1.848589e-002" type="0"/>
    <Peak1D F1="7.351766" intensity="1.849266e-001" type="0"/>
    <Peak1D F1="7.348941" intensity="1.653641e-001" type="0"/>
    <Peak1D F1="7.338830" intensity="1.710948e-001" type="0"/>
    <Peak1D F1="7.320560" intensity="2.601561e-002" type="0"/>
    <Peak1D F1="7.298132" intensity="3.377217e-002" type="0"/>
    <Peak1D F1="7.285550" intensity="7.858313e-002" type="0"/>
    <Peak1D F1="7.282461" intensity="7.665437e-002" type="0"/>
    <Peak1D F1="7.276254" intensity="1.124043e-001" type="0"/>
    <Peak1D F1="7.272247" intensity="1.074090e-001" type="0"/>
    <Peak1D F1="7.263992" intensity="6.637075e-002" type="0"/>
    <Peak1D F1="7.248106" intensity="1.386212e-001" type="0"/>
    <Peak1D F1="7.232518" intensity="1.620433e-001" type="0"/>
    <Peak1D F1="7.223911" intensity="1.265675e-001" type="0"/>
    <Peak1D F1="7.219312" intensity="1.320182e-001" type="0"/>
    <Peak1D F1="7.216255" intensity="1.233561e-001" type="0"/>
    <Peak1D F1="7.198000" intensity="4.081604e+000" type="0"/>
    <Peak1D F1="7.190958" intensity="1.192525e-001" type="0"/>
    <Peak1D F1="7.158547" intensity="1.494352e-002" type="0"/>
    <Peak1D F1="7.148101" intensity="5.878795e-002" type="0"/>
    <Peak1D F1="7.099186" intensity="5.347301e-003" type="0"/>
    <Peak1D F1="7.039481" intensity="6.589167e-003" type="0"/>
    <Peak1D F1="6.960535" intensity="5.368256e-003" type="0"/>
    <Peak1D F1="6.933885" intensity="2.033240e-002" type="0"/>
    <Peak1D F1="6.667190" intensity="4.966052e-003" type="0"/>
    <Peak1D F1="6.593356" intensity="6.006005e-003" type="0"/>
    <Peak1D F1="6.219749" intensity="7.289660e-003" type="0"/>
    <Peak1D F1="6.215051" intensity="1.079221e-002" type="0"/>
    <Peak1D F1="6.209066" intensity="6.782374e-003" type="0"/>
    <Peak1D F1="6.187531" intensity="7.258682e-003" type="0"/>
    <Peak1D F1="6.116937" intensity="3.862705e-002" type="0"/>
    <Peak1D F1="6.100630" intensity="7.644222e-003" type="0"/>
    <Peak1D F1="6.066534" intensity="6.762117e-002" type="0"/>
    <Peak1D F1="6.059474" intensity="1.890631e-002" type="0"/>
    <Peak1D F1="6.047561" intensity="4.732188e-002" type="0"/>
    <Peak1D F1="6.042867" intensity="5.012958e-002" type="0"/>
    <Peak1D F1="6.016295" intensity="4.052861e+000" type="0"/>
    <Peak1D F1="6.008842" intensity="1.610764e-001" type="0"/>
    <Peak1D F1="5.976546" intensity="1.019020e-002" type="0"/>
    <Peak1D F1="5.966485" intensity="5.522192e-002" type="0"/>
    <Peak1D F1="5.953659" intensity="3.311932e-002" type="0"/>
    <Peak1D F1="5.942358" intensity="2.741802e-002" type="0"/>
    <Peak1D F1="5.917373" intensity="4.596188e-003" type="0"/>
    <Peak1D F1="5.820559" intensity="3.369828e-002" type="0"/>
    <Peak1D F1="5.814431" intensity="3.689601e-002" type="0"/>
    <Peak1D F1="5.662859" intensity="2.949724e-002" type="0"/>
    <Peak1D F1="5.635693" intensity="3.199051e-002" type="0"/>
    <Peak1D F1="5.602579" intensity="5.824961e-003" type="0"/>
    <Peak1D F1="5.566047" intensity="5.166766e-003" type="0"/>
    <Peak1D F1="5.556248" intensity="4.810758e-003" type="0"/>
    <Peak1D F1="5.532427" intensity="6.563997e-003" type="0"/>
    <Peak1D F1="5.489378" intensity="2.210577e-002" type="0"/>
    <Peak1D F1="5.464311" intensity="3.400457e-002" type="0"/>
    <Peak1D F1="5.449645" intensity="3.940887e-002" type="0"/>
    <Peak1D F1="5.441575" intensity="1.534911e-002" type="0"/>
    <Peak1D F1="5.381628" intensity="2.568000e-002" type="0"/>
    <Peak1D F1="5.350549" intensity="1.441906e-001" type="0"/>
    <Peak1D F1="5.280828" intensity="7.919757e-002" type="0"/>
    <Peak1D F1="5.273527" intensity="2.198507e-002" type="0"/>
    <Peak1D F1="5.230584" intensity="4.968175e+000" type="0"/>
    <Peak1D F1="5.223227" intensity="1.517469e-001" type="0"/>
    <Peak1D F1="5.190890" intensity="1.260319e-002" type="0"/>
    <Peak1D F1="5.180826" intensity="6.811837e-002" type="0"/>
    <Peak1D F1="5.166484" intensity="6.551969e-003" type="0"/>
    <Peak1D F1="5.006175" intensity="2.628224e-002" type="0"/>
    <Peak1D F1="4.973080" intensity="7.003375e-003" type="0"/>
    <Peak1D F1="4.948749" intensity="7.846069e-003" type="0"/>
    <Peak1D F1="4.874249" intensity="5.221150e-002" type="0"/>
    <Peak1D F1="4.860781" intensity="5.347790e-002" type="0"/>
    <Peak1D F1="4.838862" intensity="4.519236e-002" type="0"/>
    <Peak1D F1="4.819860" intensity="3.274393e-002" type="0"/>
    <Peak1D F1="4.792944" intensity="9.547746e-001" type="0"/>
    <Peak1D F1="4.770171" intensity="9.624067e-001" type="0"/>
    <Peak1D F1="4.743437" intensity="2.474514e-002" type="0"/>
    <Peak1D F1="4.730341" intensity="3.533636e-002" type="0"/>
    <Peak1D F1="4.721226" intensity="2.823562e-002" type="0"/>
    <Peak1D F1="4.680140" intensity="1.392897e+000" type="0"/>
    <Peak1D F1="4.639146" intensity="1.677158e-002" type="0"/>
    <Peak1D F1="4.630499" intensity="2.462405e-002" type="0"/>
    <Peak1D F1="4.586370" intensity="6.468636e-003" type="0"/>
    <Peak1D F1="4.494010" intensity="4.812758e-003" type="0"/>
    <Peak1D F1="4.457336" intensity="5.753088e-003" type="0"/>
    <Peak1D F1="4.374073" intensity="2.111642e-002" type="0"/>
    <Peak1D F1="4.181430" intensity="5.423032e-003" type="0"/>
    <Peak1D F1="4.106704" intensity="8.981295e-003" type="0"/>
    <Peak1D F1="3.991246" intensity="1.061819e-002" type="0"/>
    <Peak1D F1="3.970830" intensity="5.769753e-003" type="0"/>
    <Peak1D F1="3.960115" intensity="7.023111e-003" type="0"/>
    <Peak1D F1="3.876892" intensity="6.587904e-002" type="0"/>
    <Peak1D F1="3.860904" intensity="6.110231e-003" type="0"/>
    <Peak1D F1="3.844323" intensity="1.509682e-002" type="0"/>
    <Peak1D F1="3.835312" intensity="1.111383e-002" type="0"/>
    <Peak1D F1="3.820862" intensity="1.404788e-002" type="0"/>
    <Peak1D F1="3.810236" intensity="1.119489e-001" type="0"/>
    <Peak1D F1="3.749808" intensity="1.985328e-001" type="0"/>
    <Peak1D F1="3.744920" intensity="9.181228e-002" type="0"/>
    <Peak1D F1="3.699561" intensity="1.218026e+001" type="0"/>
    <Peak1D F1="3.659999" intensity="3.117866e-002" type="0"/>
    <Peak1D F1="3.649800" intensity="1.690715e-001" type="0"/>
    <Peak1D F1="3.599899" intensity="6.599301e-003" type="0"/>
    <Peak1D F1="3.572073" intensity="4.534137e-003" type="0"/>
    <Peak1D F1="3.564606" intensity="5.183816e-003" type="0"/>
    <Peak1D F1="3.517299" intensity="6.324284e-002" type="0"/>
    <Peak1D F1="3.240903" intensity="7.403793e-003" type="0"/>
    <Peak1D F1="3.173504" intensity="5.382462e-003" type="0"/>
    <Peak1D F1="3.156574" intensity="5.691401e-003" type="0"/>
    <Peak1D F1="2.953789" intensity="7.412953e-003" type="0"/>
    <Peak1D F1="2.942275" intensity="1.032687e-002" type="0"/>
    <Peak1D F1="2.935083" intensity="1.048495e-002" type="0"/>
    <Peak1D F1="2.923261" intensity="5.830265e-003" type="0"/>
    <Peak1D F1="2.918254" intensity="6.593652e-003" type="0"/>
    <Peak1D F1="2.796045" intensity="8.458002e-003" type="0"/>
    <Peak1D F1="2.758991" intensity="2.678411e-002" type="0"/>
    <Peak1D F1="2.749667" intensity="2.434546e-002" type="0"/>
    <Peak1D F1="2.739777" intensity="2.385420e-002" type="0"/>
    <Peak1D F1="2.722551" intensity="1.513148e-002" type="0"/>
    <Peak1D F1="2.615231" intensity="9.909781e-002" type="0"/>
    <Peak1D F1="2.570416" intensity="1.840363e-002" type="0"/>
    <Peak1D F1="2.533951" intensity="1.749733e-002" type="0"/>
    <Peak1D F1="2.517294" intensity="2.051397e-002" type="0"/>
    <Peak1D F1="2.496162" intensity="2.416286e-002" type="0"/>
    <Peak1D F1="2.460665" intensity="3.922911e-002" type="0"/>
    <Peak1D F1="2.434917" intensity="2.392531e-001" type="0"/>
    <Peak1D F1="2.430249" intensity="2.505400e-001" type="0"/>
    <Peak1D F1="2.421929" intensity="1.492103e-001" type="0"/>
    <Peak1D F1="2.409571" intensity="9.053341e-001" type="0"/>
    <Peak1D F1="2.385999" intensity="3.606726e-001" type="0"/>
    <Peak1D F1="2.381981" intensity="3.303136e-001" type="0"/>
    <Peak1D F1="2.371161" intensity="1.978034e-001" type="0"/>
    <Peak1D F1="2.365218" intensity="3.181940e-001" type="0"/>
    <Peak1D F1="2.361030" intensity="4.204088e-001" type="0"/>
    <Peak1D F1="2.356164" intensity="3.213480e-001" type="0"/>
    <Peak1D F1="2.349728" intensity="4.288132e-001" type="0"/>
    <Peak1D F1="2.329974" intensity="4.864313e-001" type="0"/>
    <Peak1D F1="2.322634" intensity="4.691292e-001" type="0"/>
    <Peak1D F1="2.310663" intensity="4.450015e-001" type="0"/>
    <Peak1D F1="2.305555" intensity="6.526213e-001" type="0"/>
    <Peak1D F1="2.299736" intensity="4.509912e-001" type="0"/>
    <Peak1D F1="2.279849" intensity="2.686335e-001" type="0"/>
    <Peak1D F1="2.276690" intensity="2.390521e-001" type="0"/>
    <Peak1D F1="2.249626" intensity="4.195020e-001" type="0"/>
    <Peak1D F1="2.227614" intensity="4.660737e-001" type="0"/>
    <Peak1D F1="2.223276" intensity="4.619834e-001" type="0"/>
    <Peak1D F1="2.200758" intensity="5.890478e-001" type="0"/>
    <Peak1D F1="2.193063" intensity="1.646280e-001" type="0"/>
    <Peak1D F1="2.179266" intensity="3.447437e-001" type="0"/>
    <Peak1D F1="2.174553" intensity="3.475789e-001" type="0"/>
    <Peak1D F1="2.165550" intensity="1.843275e-001" type="0"/>
    <Peak1D F1="2.152153" intensity="4.832142e-001" type="0"/>
    <Peak1D F1="2.145312" intensity="4.425091e-001" type="0"/>
    <Peak1D F1="2.115013" intensity="4.534508e+000" type="0"/>
    <Peak1D F1="2.106771" intensity="3.629154e+000" type="0"/>
    <Peak1D F1="2.104620" intensity="3.798640e+000" type="0"/>
    <Peak1D F1="2.095465" intensity="1.413621e+001" type="0"/>
    <Peak1D F1="2.083776" intensity="3.987898e+000" type="0"/>
    <Peak1D F1="2.076631" intensity="7.010000e+000" type="0"/>
    <Peak1D F1="2.069066" intensity="1.278479e+000" type="0"/>
    <Peak1D F1="2.055589" intensity="4.141681e-001" type="0"/>
    <Peak1D F1="2.051646" intensity="3.753020e-001" type="0"/>
    <Peak1D F1="2.045821" intensity="3.930226e-001" type="0"/>
    <Peak1D F1="2.040808" intensity="3.094888e-001" type="0"/>
    <Peak1D F1="2.027185" intensity="1.877832e-001" type="0"/>
    <Peak1D F1="1.989207" intensity="2.024415e-001" type="0"/>
    <Peak1D F1="1.984686" intensity="2.542116e-001" type="0"/>
    <Peak1D F1="1.979964" intensity="2.343558e-001" type="0"/>
    <Peak1D F1="1.972581" intensity="2.669752e-001" type="0"/>
    <Peak1D F1="1.968081" intensity="3.043844e-001" type="0"/>
    <Peak1D F1="1.962961" intensity="4.116211e-001" type="0"/>
    <Peak1D F1="1.957415" intensity="5.072121e-001" type="0"/>
    <Peak1D F1="1.952704" intensity="5.286747e-001" type="0"/>
    <Peak1D F1="1.947902" intensity="5.430005e-001" type="0"/>
    <Peak1D F1="1.940663" intensity="8.040572e-001" type="0"/>
    <Peak1D F1="1.931817" intensity="9.586364e-001" type="0"/>
    <Peak1D F1="1.925167" intensity="1.131838e+000" type="0"/>
    <Peak1D F1="1.920009" intensity="1.065958e+000" type="0"/>
    <Peak1D F1="1.910254" intensity="7.189784e+000" type="0"/>
    <Peak1D F1="1.898972" intensity="5.904482e+000" type="0"/>
    <Peak1D F1="1.890626" intensity="1.500000e+001" type="0"/>
    <Peak1D F1="1.882051" intensity="5.323374e+000" type="0"/>
    <Peak1D F1="1.879600" intensity="5.406024e+000" type="0"/>
    <Peak1D F1="1.871175" intensity="4.630594e+000" type="0"/>
    <Peak1D F1="1.859500" intensity="6.059350e-001" type="0"/>
    <Peak1D F1="1.853460" intensity="3.215906e-001" type="0"/>
    <Peak1D F1="1.849252" intensity="3.566369e-001" type="0"/>
    <Peak1D F1="1.840919" intensity="3.399692e-001" type="0"/>
    <Peak1D F1="1.832186" intensity="1.613911e-001" type="0"/>
    <Peak1D F1="1.821062" intensity="1.268877e-001" type="0"/>
    <Peak1D F1="1.801857" intensity="5.971371e-002" type="0"/>
    <Peak1D F1="1.777456" intensity="4.999771e-002" type="0"/>
    <Peak1D F1="1.759443" intensity="6.061326e-002" type="0"/>
    <Peak1D F1="1.744391" intensity="1.434499e-001" type="0"/>
    <Peak1D F1="1.728768" intensity="1.826819e-001" type="0"/>
    <Peak1D F1="1.723524" intensity="2.028878e-001" type="0"/>
    <Peak1D F1="1.716327" intensity="2.105750e-001" type="0"/>
    <Peak1D F1="1.712953" intensity="1.529548e-001" type="0"/>
    <Peak1D F1="1.707451" intensity="2.554754e-001" type="0"/>
    <Peak1D F1="1.700611" intensity="3.613079e-001" type="0"/>
    <Peak1D F1="1.696847" intensity="3.341559e-001" type="0"/>
    <Peak1D F1="1.689073" intensity="2.879479e-001" type="0"/>
    <Peak1D F1="1.681325" intensity="7.841097e-001" type="0"/>
    <Peak1D F1="1.676433" intensity="4.870487e-001" type="0"/>
    <Peak1D F1="1.673131" intensity="4.819909e-001" type="0"/>
    <Peak1D F1="1.670471" intensity="5.426550e-001" type="0"/>
    <Peak1D F1="1.661875" intensity="5.844471e-001" type="0"/>
    <Peak1D F1="1.657698" intensity="7.337154e-001" type="0"/>
    <Peak1D F1="1.653065" intensity="6.028289e-001" type="0"/>
    <Peak1D F1="1.642167" intensity="4.513837e-001" type="0"/>
    <Peak1D F1="1.637524" intensity="5.143695e-001" type="0"/>
    <Peak1D F1="1.632779" intensity="3.442221e-001" type="0"/>
    <Peak1D F1="1.626214" intensity="2.392253e-001" type="0"/>
    <Peak1D F1="1.621966" intensity="2.456011e-001" type="0"/>
    <Peak1D F1="1.617151" intensity="2.224884e-001" type="0"/>
    <Peak1D F1="1.597984" intensity="9.724195e-002" type="0"/>
    <Peak1D F1="1.573937" intensity="2.843901e-001" type="0"/>
    <Peak1D F1="1.541008" intensity="1.013431e-001" type="0"/>
    <Peak1D F1="1.535472" intensity="2.109168e-001" type="0"/>
    <Peak1D F1="1.527268" intensity="8.696350e-002" type="0"/>
    <Peak1D F1="1.519995" intensity="1.649681e-001" type="0"/>
    <Peak1D F1="1.512658" intensity="1.765352e-001" type="0"/>
    <Peak1D F1="1.501460" intensity="3.521487e-001" type="0"/>
    <Peak1D F1="1.492494" intensity="1.305992e-001" type="0"/>
    <Peak1D F1="1.483839" intensity="4.117380e-001" type="0"/>
    <Peak1D F1="1.471072" intensity="2.854671e-001" type="0"/>
    <Peak1D F1="1.454292" intensity="2.830405e-001" type="0"/>
    <Peak1D F1="1.442623" intensity="6.124455e-002" type="0"/>
    <Peak1D F1="1.436382" intensity="8.861642e-002" type="0"/>
    <Peak1D F1="1.430252" intensity="4.696797e-002" type="0"/>
    <Peak1D F1="1.424280" intensity="9.711792e-002" type="0"/>
    <Peak1D F1="1.405076" intensity="2.443485e-002" type="0"/>
    <Peak1D F1="1.379045" intensity="1.889846e-002" type="0"/>
    <Peak1D F1="1.353263" intensity="1.925115e-002" type="0"/>
    <Peak1D F1="1.334554" intensity="1.865318e-002" type="0"/>
    <Peak1D F1="1.325029" intensity="1.884461e-002" type="0"/>
    <Peak1D F1="1.290639" intensity="1.910990e-002" type="0"/>
    <Peak1D F1="1.234072" intensity="4.700274e-002" type="0"/>
    <Peak1D F1="1.183367" intensity="1.354536e-001" type="0"/>
    <Peak1D F1="1.014438" intensity="5.203477e-003" type="0"/>
    <Peak1D F1="0.968648" intensity="5.653531e-003" type="0"/>
    <Peak1D F1="0.902710" intensity="5.547304e-003" type="0"/>
    <Peak1D F1="0.847403" intensity="8.501811e-003" type="0"/>
    <Peak1D F1="0.826118" intensity="1.951221e-002" type="0"/>
    <Peak1D F1="0.809241" intensity="3.384507e-002" type="0"/>
    <Peak1D F1="0.791642" intensity="1.867331e-002" type="0"/>
    <Peak1D F1="0.759171" intensity="1.139206e-002" type="0"/>
    <Peak1D F1="0.643624" intensity="4.558688e-003" type="0"/>
    <Peak1D F1="0.611747" intensity="4.656771e-003" type="0"/>
    <Peak1D F1="0.522212" intensity="4.921789e-003" type="0"/>
    <Peak1D F1="0.384003" intensity="5.253076e-003" type="0"/>
    <Peak1D F1="0.345898" intensity="4.668683e-003" type="0"/>
    <Peak1D F1="0.313218" intensity="5.386624e-003" type="0"/>
    <Peak1D F1="0.280034" intensity="5.145425e-003" type="0"/>
    <Peak1D F1="0.268132" intensity="6.614514e-003" type="0"/>
    <Peak1D F1="0.049601" intensity="7.566729e-003" type="0"/>
    <Peak1D F1="-0.000156" intensity="4.053093e-001" type="0"/>
    <Peak1D F1="-0.025179" intensity="5.605190e-003" type="0"/>
    <Peak1D F1="-0.049999" intensity="8.774097e-003" type="0"/>
    <Peak1D F1="-2.609727" intensity="5.063455e-003" type="0"/>
  </PeakList1D>
</PeakList>
