<?xml version="1.0" encoding="UTF-8"?>
<PeakList>
  <PeakList1D>
    <PeakList1DHeader creator="nmr" date="2021-08-11T21:39:59.348+03:00" expNo="20" name="ID-427-K-11.8.21" owner="" procNo="1" source="//132.72.8.180/400b/Milo/Milo">
      <PeakPickDetails>F1=16.119671ppm, F2=-3.909375ppm, MI=0.00cm, MAXI=10000.00cm, PC=1.000
      </PeakPickDetails>
    </PeakList1DHeader>
    <Peak1D F1="15.791299" intensity="1.272855e-003" type="0"/>
    <Peak1D F1="11.683749" intensity="1.303714e-003" type="0"/>
    <Peak1D F1="11.343765" intensity="1.316324e-003" type="0"/>
    <Peak1D F1="10.077508" intensity="6.763608e-003" type="0"/>
    <Peak1D F1="8.829106" intensity="1.155884e-002" type="0"/>
    <Peak1D F1="8.577639" intensity="1.377254e-003" type="0"/>
    <Peak1D F1="8.528063" intensity="1.658075e-002" type="0"/>
    <Peak1D F1="8.484913" intensity="7.701530e-002" type="0"/>
    <Peak1D F1="8.469740" intensity="1.218856e-001" type="0"/>
    <Peak1D F1="8.435759" intensity="4.481145e-003" type="0"/>
    <Peak1D F1="8.406222" intensity="5.309850e-002" type="0"/>
    <Peak1D F1="8.367532" intensity="4.558410e-003" type="0"/>
    <Peak1D F1="8.342031" intensity="1.332626e-002" type="0"/>
    <Peak1D F1="8.334404" intensity="1.570385e-002" type="0"/>
    <Peak1D F1="8.320083" intensity="2.677715e-002" type="0"/>
    <Peak1D F1="8.298710" intensity="2.096502e-002" type="0"/>
    <Peak1D F1="8.268679" intensity="2.538944e-001" type="0"/>
    <Peak1D F1="8.260597" intensity="1.688431e-001" type="0"/>
    <Peak1D F1="8.255294" intensity="1.389362e-001" type="0"/>
    <Peak1D F1="8.246084" intensity="1.638754e-001" type="0"/>
    <Peak1D F1="8.243963" intensity="1.650140e-001" type="0"/>
    <Peak1D F1="8.238814" intensity="1.666406e-001" type="0"/>
    <Peak1D F1="8.233091" intensity="1.334695e-001" type="0"/>
    <Peak1D F1="8.222569" intensity="1.626533e-001" type="0"/>
    <Peak1D F1="8.191143" intensity="8.006971e-002" type="0"/>
    <Peak1D F1="8.186540" intensity="8.143377e-002" type="0"/>
    <Peak1D F1="8.180364" intensity="7.295629e-002" type="0"/>
    <Peak1D F1="8.169140" intensity="8.988382e-002" type="0"/>
    <Peak1D F1="8.164365" intensity="9.041939e-002" type="0"/>
    <Peak1D F1="8.136425" intensity="1.885672e+000" type="0"/>
    <Peak1D F1="8.130892" intensity="1.434224e+000" type="0"/>
    <Peak1D F1="8.126860" intensity="1.011797e+000" type="0"/>
    <Peak1D F1="8.118284" intensity="1.606643e+000" type="0"/>
    <Peak1D F1="8.114429" intensity="2.023429e+000" type="0"/>
    <Peak1D F1="8.108512" intensity="1.352290e+000" type="0"/>
    <Peak1D F1="8.098761" intensity="3.527658e-001" type="0"/>
    <Peak1D F1="8.069125" intensity="4.331405e-002" type="0"/>
    <Peak1D F1="8.064937" intensity="4.310934e-002" type="0"/>
    <Peak1D F1="8.058802" intensity="3.384478e-002" type="0"/>
    <Peak1D F1="8.037138" intensity="1.757551e-002" type="0"/>
    <Peak1D F1="8.007516" intensity="2.568586e-002" type="0"/>
    <Peak1D F1="7.985588" intensity="2.561008e-002" type="0"/>
    <Peak1D F1="7.973167" intensity="7.698415e-002" type="0"/>
    <Peak1D F1="7.952540" intensity="1.005718e-001" type="0"/>
    <Peak1D F1="7.921931" intensity="2.453697e-002" type="0"/>
    <Peak1D F1="7.892783" intensity="5.035670e-002" type="0"/>
    <Peak1D F1="7.887785" intensity="5.210958e-002" type="0"/>
    <Peak1D F1="7.884363" intensity="5.142272e-002" type="0"/>
    <Peak1D F1="7.873822" intensity="8.613698e-002" type="0"/>
    <Peak1D F1="7.867080" intensity="9.296096e-002" type="0"/>
    <Peak1D F1="7.853315" intensity="6.923868e-002" type="0"/>
    <Peak1D F1="7.823047" intensity="1.346890e-001" type="0"/>
    <Peak1D F1="7.804745" intensity="2.419883e-001" type="0"/>
    <Peak1D F1="7.785509" intensity="3.020702e-001" type="0"/>
    <Peak1D F1="7.763172" intensity="4.252398e-001" type="0"/>
    <Peak1D F1="7.728789" intensity="1.034553e-001" type="0"/>
    <Peak1D F1="7.707742" intensity="9.844737e-002" type="0"/>
    <Peak1D F1="7.698408" intensity="9.166636e-002" type="0"/>
    <Peak1D F1="7.676447" intensity="8.773941e-002" type="0"/>
    <Peak1D F1="7.661036" intensity="1.090699e-001" type="0"/>
    <Peak1D F1="7.638658" intensity="1.295121e-001" type="0"/>
    <Peak1D F1="7.613274" intensity="1.156790e-001" type="0"/>
    <Peak1D F1="7.598981" intensity="6.476941e-002" type="0"/>
    <Peak1D F1="7.577549" intensity="6.553707e-002" type="0"/>
    <Peak1D F1="7.566361" intensity="7.329987e-002" type="0"/>
    <Peak1D F1="7.545365" intensity="1.084272e-001" type="0"/>
    <Peak1D F1="7.525851" intensity="9.080882e-002" type="0"/>
    <Peak1D F1="7.520084" intensity="1.000291e-001" type="0"/>
    <Peak1D F1="7.515747" intensity="9.233894e-002" type="0"/>
    <Peak1D F1="7.495306" intensity="2.027725e-001" type="0"/>
    <Peak1D F1="7.469806" intensity="2.093498e+000" type="0"/>
    <Peak1D F1="7.465330" intensity="1.648551e+000" type="0"/>
    <Peak1D F1="7.459495" intensity="9.833810e-001" type="0"/>
    <Peak1D F1="7.447965" intensity="2.210208e+000" type="0"/>
    <Peak1D F1="7.443377" intensity="1.329723e+000" type="0"/>
    <Peak1D F1="7.437245" intensity="8.432420e-001" type="0"/>
    <Peak1D F1="7.420052" intensity="2.041057e-001" type="0"/>
    <Peak1D F1="7.416439" intensity="2.325412e-001" type="0"/>
    <Peak1D F1="7.411808" intensity="2.135503e-001" type="0"/>
    <Peak1D F1="7.397431" intensity="1.419748e-001" type="0"/>
    <Peak1D F1="7.393645" intensity="1.268577e-001" type="0"/>
    <Peak1D F1="7.379967" intensity="5.968812e-002" type="0"/>
    <Peak1D F1="7.352570" intensity="1.741502e-002" type="0"/>
    <Peak1D F1="7.331875" intensity="1.253371e-002" type="0"/>
    <Peak1D F1="7.306346" intensity="1.739149e-002" type="0"/>
    <Peak1D F1="7.299492" intensity="1.605555e-002" type="0"/>
    <Peak1D F1="7.263810" intensity="6.102360e-002" type="0"/>
    <Peak1D F1="7.214159" intensity="3.058526e+000" type="0"/>
    <Peak1D F1="7.163809" intensity="4.832518e-002" type="0"/>
    <Peak1D F1="7.112988" intensity="2.779635e-003" type="0"/>
    <Peak1D F1="7.084096" intensity="9.900382e-003" type="0"/>
    <Peak1D F1="7.062753" intensity="3.394746e-003" type="0"/>
    <Peak1D F1="7.056321" intensity="3.479740e-003" type="0"/>
    <Peak1D F1="7.050008" intensity="3.590062e-003" type="0"/>
    <Peak1D F1="7.034393" intensity="3.596995e-003" type="0"/>
    <Peak1D F1="6.949498" intensity="1.541250e-002" type="0"/>
    <Peak1D F1="6.401390" intensity="1.554603e-003" type="0"/>
    <Peak1D F1="6.313975" intensity="1.444017e-003" type="0"/>
    <Peak1D F1="6.255069" intensity="1.492476e-003" type="0"/>
    <Peak1D F1="6.203876" intensity="1.086945e-002" type="0"/>
    <Peak1D F1="6.198766" intensity="8.233439e-003" type="0"/>
    <Peak1D F1="6.168295" intensity="6.329290e-003" type="0"/>
    <Peak1D F1="6.139824" intensity="2.698092e-003" type="0"/>
    <Peak1D F1="6.117925" intensity="3.800537e-002" type="0"/>
    <Peak1D F1="6.112103" intensity="4.252671e-002" type="0"/>
    <Peak1D F1="6.055510" intensity="5.307945e-002" type="0"/>
    <Peak1D F1="6.051021" intensity="3.486560e-002" type="0"/>
    <Peak1D F1="6.005271" intensity="3.474923e+000" type="0"/>
    <Peak1D F1="6.000299" intensity="1.694436e+000" type="0"/>
    <Peak1D F1="5.955309" intensity="6.431586e-002" type="0"/>
    <Peak1D F1="5.950407" intensity="7.537906e-002" type="0"/>
    <Peak1D F1="5.900167" intensity="3.776965e-002" type="0"/>
    <Peak1D F1="5.893066" intensity="3.644089e-002" type="0"/>
    <Peak1D F1="5.860503" intensity="4.401665e-003" type="0"/>
    <Peak1D F1="5.822031" intensity="8.576877e-003" type="0"/>
    <Peak1D F1="5.806370" intensity="5.334504e-002" type="0"/>
    <Peak1D F1="5.779438" intensity="4.505260e-002" type="0"/>
    <Peak1D F1="5.754430" intensity="3.970250e-003" type="0"/>
    <Peak1D F1="5.744758" intensity="4.120427e-003" type="0"/>
    <Peak1D F1="5.716708" intensity="4.716932e-003" type="0"/>
    <Peak1D F1="5.602024" intensity="2.690223e-003" type="0"/>
    <Peak1D F1="5.538193" intensity="7.785504e-003" type="0"/>
    <Peak1D F1="5.497497" intensity="9.583926e-003" type="0"/>
    <Peak1D F1="5.457668" intensity="6.529643e-002" type="0"/>
    <Peak1D F1="5.428360" intensity="4.544989e-003" type="0"/>
    <Peak1D F1="5.379973" intensity="2.431986e-002" type="0"/>
    <Peak1D F1="5.329904" intensity="3.352844e-001" type="0"/>
    <Peak1D F1="5.286464" intensity="9.078082e-003" type="0"/>
    <Peak1D F1="5.236002" intensity="1.103851e-002" type="0"/>
    <Peak1D F1="5.220948" intensity="1.129140e-002" type="0"/>
    <Peak1D F1="5.209597" intensity="2.350194e-003" type="0"/>
    <Peak1D F1="5.145161" intensity="2.434535e-003" type="0"/>
    <Peak1D F1="5.079596" intensity="1.604056e-003" type="0"/>
    <Peak1D F1="4.996168" intensity="3.968447e-003" type="0"/>
    <Peak1D F1="4.980089" intensity="1.131393e-002" type="0"/>
    <Peak1D F1="4.950450" intensity="4.330350e-002" type="0"/>
    <Peak1D F1="4.921790" intensity="4.651579e-002" type="0"/>
    <Peak1D F1="4.905291" intensity="2.145162e-002" type="0"/>
    <Peak1D F1="4.883535" intensity="3.200924e-002" type="0"/>
    <Peak1D F1="4.863769" intensity="2.415533e-002" type="0"/>
    <Peak1D F1="4.850952" intensity="4.203741e-002" type="0"/>
    <Peak1D F1="4.828308" intensity="4.998465e-002" type="0"/>
    <Peak1D F1="4.800879" intensity="1.436806e+000" type="0"/>
    <Peak1D F1="4.778645" intensity="1.467538e+000" type="0"/>
    <Peak1D F1="4.750549" intensity="7.978991e-002" type="0"/>
    <Peak1D F1="4.728588" intensity="9.531880e-002" type="0"/>
    <Peak1D F1="4.692140" intensity="9.508803e-002" type="0"/>
    <Peak1D F1="4.617782" intensity="5.408488e-002" type="0"/>
    <Peak1D F1="4.595369" intensity="4.182963e-002" type="0"/>
    <Peak1D F1="4.419609" intensity="6.132594e-003" type="0"/>
    <Peak1D F1="4.401140" intensity="5.277996e-003" type="0"/>
    <Peak1D F1="4.314003" intensity="2.631844e-003" type="0"/>
    <Peak1D F1="4.266281" intensity="2.096873e-003" type="0"/>
    <Peak1D F1="4.247436" intensity="1.522229e-003" type="0"/>
    <Peak1D F1="3.865481" intensity="5.321524e-002" type="0"/>
    <Peak1D F1="3.860582" intensity="2.567157e-002" type="0"/>
    <Peak1D F1="3.833142" intensity="8.843423e-003" type="0"/>
    <Peak1D F1="3.807135" intensity="9.145210e-003" type="0"/>
    <Peak1D F1="3.797843" intensity="3.211007e-002" type="0"/>
    <Peak1D F1="3.784877" intensity="7.263889e-003" type="0"/>
    <Peak1D F1="3.738300" intensity="1.641137e-001" type="0"/>
    <Peak1D F1="3.734600" intensity="1.110042e-001" type="0"/>
    <Peak1D F1="3.688055" intensity="1.023669e+001" type="0"/>
    <Peak1D F1="3.683037" intensity="4.999246e+000" type="0"/>
    <Peak1D F1="3.638362" intensity="1.550844e-001" type="0"/>
    <Peak1D F1="3.634066" intensity="9.988069e-002" type="0"/>
    <Peak1D F1="3.587831" intensity="1.078866e-002" type="0"/>
    <Peak1D F1="3.582835" intensity="8.930982e-003" type="0"/>
    <Peak1D F1="3.531931" intensity="4.536731e-003" type="0"/>
    <Peak1D F1="3.505809" intensity="5.695358e-002" type="0"/>
    <Peak1D F1="3.500901" intensity="2.976047e-002" type="0"/>
    <Peak1D F1="3.487264" intensity="4.339710e-003" type="0"/>
    <Peak1D F1="3.472798" intensity="4.515138e-003" type="0"/>
    <Peak1D F1="3.443745" intensity="4.130686e-003" type="0"/>
    <Peak1D F1="3.363579" intensity="4.024131e-003" type="0"/>
    <Peak1D F1="3.337929" intensity="3.725295e-003" type="0"/>
    <Peak1D F1="3.323495" intensity="3.999854e-003" type="0"/>
    <Peak1D F1="3.244406" intensity="5.757058e-003" type="0"/>
    <Peak1D F1="3.182855" intensity="7.918281e-003" type="0"/>
    <Peak1D F1="3.101976" intensity="9.945210e-003" type="0"/>
    <Peak1D F1="3.045421" intensity="8.726815e-003" type="0"/>
    <Peak1D F1="3.002675" intensity="8.400316e-003" type="0"/>
    <Peak1D F1="2.984636" intensity="8.496657e-003" type="0"/>
    <Peak1D F1="2.923609" intensity="2.769389e-002" type="0"/>
    <Peak1D F1="2.915423" intensity="2.735833e-002" type="0"/>
    <Peak1D F1="2.874997" intensity="1.733042e-002" type="0"/>
    <Peak1D F1="2.853018" intensity="2.527070e-002" type="0"/>
    <Peak1D F1="2.845966" intensity="2.334426e-002" type="0"/>
    <Peak1D F1="2.833091" intensity="2.158836e-002" type="0"/>
    <Peak1D F1="2.809063" intensity="1.682729e-002" type="0"/>
    <Peak1D F1="2.759973" intensity="9.081115e-003" type="0"/>
    <Peak1D F1="2.744727" intensity="9.037840e-003" type="0"/>
    <Peak1D F1="2.724919" intensity="7.909969e-003" type="0"/>
    <Peak1D F1="2.702648" intensity="7.014908e-003" type="0"/>
    <Peak1D F1="2.680285" intensity="8.342748e-003" type="0"/>
    <Peak1D F1="2.658986" intensity="1.052562e-002" type="0"/>
    <Peak1D F1="2.649958" intensity="1.543396e-002" type="0"/>
    <Peak1D F1="2.629290" intensity="1.961370e-002" type="0"/>
    <Peak1D F1="2.623663" intensity="1.787724e-002" type="0"/>
    <Peak1D F1="2.599801" intensity="1.171315e-002" type="0"/>
    <Peak1D F1="2.537267" intensity="2.754095e-002" type="0"/>
    <Peak1D F1="2.491249" intensity="1.597721e-002" type="0"/>
    <Peak1D F1="2.467463" intensity="2.868675e-002" type="0"/>
    <Peak1D F1="2.442836" intensity="2.975508e-002" type="0"/>
    <Peak1D F1="2.404865" intensity="2.682134e-001" type="0"/>
    <Peak1D F1="2.399717" intensity="2.449028e-001" type="0"/>
    <Peak1D F1="2.390058" intensity="3.059953e-001" type="0"/>
    <Peak1D F1="2.385752" intensity="3.186215e-001" type="0"/>
    <Peak1D F1="2.358799" intensity="6.810808e-001" type="0"/>
    <Peak1D F1="2.337796" intensity="9.119766e-001" type="0"/>
    <Peak1D F1="2.328642" intensity="5.132701e-001" type="0"/>
    <Peak1D F1="2.316003" intensity="4.219432e-001" type="0"/>
    <Peak1D F1="2.306530" intensity="5.650948e-001" type="0"/>
    <Peak1D F1="2.286409" intensity="3.666208e-001" type="0"/>
    <Peak1D F1="2.262426" intensity="1.664666e-001" type="0"/>
    <Peak1D F1="2.244489" intensity="1.400318e-001" type="0"/>
    <Peak1D F1="2.223593" intensity="3.074129e-001" type="0"/>
    <Peak1D F1="2.216114" intensity="1.994037e-001" type="0"/>
    <Peak1D F1="2.200757" intensity="4.730880e-001" type="0"/>
    <Peak1D F1="2.196779" intensity="4.100766e-001" type="0"/>
    <Peak1D F1="2.174711" intensity="5.105391e-001" type="0"/>
    <Peak1D F1="2.167710" intensity="3.259043e-001" type="0"/>
    <Peak1D F1="2.152556" intensity="4.558961e-001" type="0"/>
    <Peak1D F1="2.148559" intensity="4.372849e-001" type="0"/>
    <Peak1D F1="2.128929" intensity="6.349533e-001" type="0"/>
    <Peak1D F1="2.126170" intensity="6.383109e-001" type="0"/>
    <Peak1D F1="2.102830" intensity="5.247632e+000" type="0"/>
    <Peak1D F1="2.100461" intensity="5.180095e+000" type="0"/>
    <Peak1D F1="2.098576" intensity="5.245430e+000" type="0"/>
    <Peak1D F1="2.095073" intensity="5.315088e+000" type="0"/>
    <Peak1D F1="2.092440" intensity="5.548618e+000" type="0"/>
    <Peak1D F1="2.083608" intensity="1.500000e+001" type="0"/>
    <Peak1D F1="2.079411" intensity="1.150066e+001" type="0"/>
    <Peak1D F1="2.071964" intensity="5.798562e+000" type="0"/>
    <Peak1D F1="2.065080" intensity="7.752816e+000" type="0"/>
    <Peak1D F1="2.043726" intensity="6.145248e-001" type="0"/>
    <Peak1D F1="2.039617" intensity="6.021338e-001" type="0"/>
    <Peak1D F1="2.037134" intensity="6.380385e-001" type="0"/>
    <Peak1D F1="2.034709" intensity="6.313552e-001" type="0"/>
    <Peak1D F1="2.016987" intensity="2.634166e-001" type="0"/>
    <Peak1D F1="1.986930" intensity="1.689660e-001" type="0"/>
    <Peak1D F1="1.965946" intensity="3.551506e-001" type="0"/>
    <Peak1D F1="1.959335" intensity="4.207633e-001" type="0"/>
    <Peak1D F1="1.931391" intensity="9.515688e-001" type="0"/>
    <Peak1D F1="1.926833" intensity="1.007987e+000" type="0"/>
    <Peak1D F1="1.918531" intensity="1.388133e+000" type="0"/>
    <Peak1D F1="1.915628" intensity="1.535716e+000" type="0"/>
    <Peak1D F1="1.910953" intensity="1.647329e+000" type="0"/>
    <Peak1D F1="1.900964" intensity="7.362898e+000" type="0"/>
    <Peak1D F1="1.897719" intensity="6.320418e+000" type="0"/>
    <Peak1D F1="1.888906" intensity="8.090693e+000" type="0"/>
    <Peak1D F1="1.881299" intensity="1.496106e+001" type="0"/>
    <Peak1D F1="1.877023" intensity="9.988736e+000" type="0"/>
    <Peak1D F1="1.870034" intensity="6.795385e+000" type="0"/>
    <Peak1D F1="1.864504" intensity="5.087559e+000" type="0"/>
    <Peak1D F1="1.862103" intensity="4.962385e+000" type="0"/>
    <Peak1D F1="1.839891" intensity="5.664796e-001" type="0"/>
    <Peak1D F1="1.835006" intensity="4.972849e-001" type="0"/>
    <Peak1D F1="1.795937" intensity="1.352080e-001" type="0"/>
    <Peak1D F1="1.750204" intensity="9.377594e-002" type="0"/>
    <Peak1D F1="1.732734" intensity="1.795433e-001" type="0"/>
    <Peak1D F1="1.712810" intensity="2.597802e-001" type="0"/>
    <Peak1D F1="1.706067" intensity="2.251306e-001" type="0"/>
    <Peak1D F1="1.690813" intensity="5.568134e-001" type="0"/>
    <Peak1D F1="1.685611" intensity="5.459174e-001" type="0"/>
    <Peak1D F1="1.680525" intensity="5.251799e-001" type="0"/>
    <Peak1D F1="1.678116" intensity="5.347898e-001" type="0"/>
    <Peak1D F1="1.666351" intensity="9.855049e-001" type="0"/>
    <Peak1D F1="1.664701" intensity="9.838277e-001" type="0"/>
    <Peak1D F1="1.645286" intensity="7.535413e-001" type="0"/>
    <Peak1D F1="1.641834" intensity="8.168285e-001" type="0"/>
    <Peak1D F1="1.637543" intensity="7.295288e-001" type="0"/>
    <Peak1D F1="1.626831" intensity="4.613668e-001" type="0"/>
    <Peak1D F1="1.621976" intensity="4.176827e-001" type="0"/>
    <Peak1D F1="1.608843" intensity="2.566330e-001" type="0"/>
    <Peak1D F1="1.605762" intensity="2.568636e-001" type="0"/>
    <Peak1D F1="1.585313" intensity="1.169737e-001" type="0"/>
    <Peak1D F1="1.545531" intensity="8.350455e-002" type="0"/>
    <Peak1D F1="1.530704" intensity="1.508167e-001" type="0"/>
    <Peak1D F1="1.522280" intensity="1.261497e-001" type="0"/>
    <Peak1D F1="1.514449" intensity="1.921154e-001" type="0"/>
    <Peak1D F1="1.496034" intensity="3.953732e-001" type="0"/>
    <Peak1D F1="1.477732" intensity="4.112788e-001" type="0"/>
    <Peak1D F1="1.466240" intensity="3.392332e-001" type="0"/>
    <Peak1D F1="1.447732" intensity="3.317460e-001" type="0"/>
    <Peak1D F1="1.430284" intensity="1.203900e-001" type="0"/>
    <Peak1D F1="1.420385" intensity="1.075768e-001" type="0"/>
    <Peak1D F1="1.401284" intensity="6.517991e-002" type="0"/>
    <Peak1D F1="1.358775" intensity="2.786544e-002" type="0"/>
    <Peak1D F1="1.334426" intensity="2.156709e-002" type="0"/>
    <Peak1D F1="1.319982" intensity="1.860209e-002" type="0"/>
    <Peak1D F1="1.306807" intensity="1.946183e-002" type="0"/>
    <Peak1D F1="1.274372" intensity="1.782145e-002" type="0"/>
    <Peak1D F1="1.226204" intensity="3.097009e-002" type="0"/>
    <Peak1D F1="1.179089" intensity="4.134485e-002" type="0"/>
    <Peak1D F1="1.158092" intensity="1.751690e-002" type="0"/>
    <Peak1D F1="1.073637" intensity="8.407867e-003" type="0"/>
    <Peak1D F1="1.037423" intensity="7.188506e-003" type="0"/>
    <Peak1D F1="1.006990" intensity="6.851761e-003" type="0"/>
    <Peak1D F1="0.991413" intensity="6.891394e-003" type="0"/>
    <Peak1D F1="0.967835" intensity="6.464618e-003" type="0"/>
    <Peak1D F1="0.866783" intensity="5.867354e-003" type="0"/>
    <Peak1D F1="0.835797" intensity="5.939498e-003" type="0"/>
    <Peak1D F1="0.818079" intensity="1.012807e-002" type="0"/>
    <Peak1D F1="0.801817" intensity="1.622451e-002" type="0"/>
    <Peak1D F1="0.784067" intensity="1.114584e-002" type="0"/>
    <Peak1D F1="0.755485" intensity="7.686087e-003" type="0"/>
    <Peak1D F1="0.654689" intensity="4.035506e-003" type="0"/>
    <Peak1D F1="0.649663" intensity="3.835154e-003" type="0"/>
    <Peak1D F1="0.640848" intensity="3.954492e-003" type="0"/>
    <Peak1D F1="0.615263" intensity="3.964146e-003" type="0"/>
    <Peak1D F1="0.602729" intensity="3.819400e-003" type="0"/>
    <Peak1D F1="0.570598" intensity="3.566000e-003" type="0"/>
    <Peak1D F1="0.541932" intensity="3.529807e-003" type="0"/>
    <Peak1D F1="0.518259" intensity="3.338334e-003" type="0"/>
    <Peak1D F1="0.473461" intensity="3.068295e-003" type="0"/>
    <Peak1D F1="0.455503" intensity="2.727143e-003" type="0"/>
    <Peak1D F1="0.428735" intensity="2.953038e-003" type="0"/>
    <Peak1D F1="0.325134" intensity="2.401171e-003" type="0"/>
    <Peak1D F1="0.277346" intensity="2.516900e-003" type="0"/>
    <Peak1D F1="0.208931" intensity="2.557979e-003" type="0"/>
    <Peak1D F1="0.138019" intensity="2.014662e-003" type="0"/>
    <Peak1D F1="0.075505" intensity="2.056196e-003" type="0"/>
    <Peak1D F1="0.048845" intensity="2.528745e-003" type="0"/>
    <Peak1D F1="-0.000155" intensity="8.008444e-002" type="0"/>
    <Peak1D F1="-0.050185" intensity="2.676248e-003" type="0"/>
    <Peak1D F1="-0.150356" intensity="1.669372e-003" type="0"/>
    <Peak1D F1="-3.544039" intensity="1.510129e-003" type="0"/>
    <Peak1D F1="-3.580310" intensity="1.670636e-003" type="0"/>
    <Peak1D F1="-3.754940" intensity="3.293020e-003" type="0"/>
  </PeakList1D>
</PeakList>
