<?xml version="1.0" encoding="UTF-8"?>
<PeakList>
  <PeakList1D>
    <PeakList1DHeader creator="nmr" date="2021-08-01T16:38:16.583+03:00" expNo="20" name="ID-419-I" owner="" procNo="1" source="//132.72.8.180/400b/Milo/Milo">
      <PeakPickDetails>F1=16.099890ppm, F2=-3.929155ppm, MI=0.00cm, MAXI=10000.00cm, PC=1.000
      </PeakPickDetails>
    </PeakList1DHeader>
    <Peak1D F1="10.314297" intensity="1.432198e-002" type="0"/>
    <Peak1D F1="10.143779" intensity="4.540056e-002" type="0"/>
    <Peak1D F1="10.124637" intensity="2.141136e-002" type="0"/>
    <Peak1D F1="10.093653" intensity="2.513805e+000" type="0"/>
    <Peak1D F1="10.061869" intensity="1.219801e-002" type="0"/>
    <Peak1D F1="10.043877" intensity="3.894792e-002" type="0"/>
    <Peak1D F1="9.866621" intensity="1.307834e-002" type="0"/>
    <Peak1D F1="8.549819" intensity="1.121817e-002" type="0"/>
    <Peak1D F1="8.531425" intensity="9.545624e-003" type="0"/>
    <Peak1D F1="8.456176" intensity="7.953465e-003" type="0"/>
    <Peak1D F1="8.391892" intensity="3.711785e-002" type="0"/>
    <Peak1D F1="8.369829" intensity="5.373611e-002" type="0"/>
    <Peak1D F1="8.341684" intensity="1.680115e+000" type="0"/>
    <Peak1D F1="8.337090" intensity="5.930723e-001" type="0"/>
    <Peak1D F1="8.324441" intensity="6.423576e-001" type="0"/>
    <Peak1D F1="8.319887" intensity="1.936449e+000" type="0"/>
    <Peak1D F1="8.288764" intensity="2.521404e-001" type="0"/>
    <Peak1D F1="8.269320" intensity="3.188490e-001" type="0"/>
    <Peak1D F1="8.248328" intensity="5.701734e-002" type="0"/>
    <Peak1D F1="8.234373" intensity="4.792555e-002" type="0"/>
    <Peak1D F1="8.220379" intensity="5.100967e-002" type="0"/>
    <Peak1D F1="8.213540" intensity="7.762937e-002" type="0"/>
    <Peak1D F1="8.208089" intensity="7.649171e-002" type="0"/>
    <Peak1D F1="8.191566" intensity="8.046335e-002" type="0"/>
    <Peak1D F1="8.185651" intensity="8.058847e-002" type="0"/>
    <Peak1D F1="8.174298" intensity="6.966434e-002" type="0"/>
    <Peak1D F1="8.163740" intensity="3.308983e-001" type="0"/>
    <Peak1D F1="8.158017" intensity="2.224380e+000" type="0"/>
    <Peak1D F1="8.153171" intensity="8.453830e-001" type="0"/>
    <Peak1D F1="8.147692" intensity="2.391294e-001" type="0"/>
    <Peak1D F1="8.140826" intensity="7.876220e-001" type="0"/>
    <Peak1D F1="8.136110" intensity="2.334363e+000" type="0"/>
    <Peak1D F1="8.130341" intensity="4.686114e-001" type="0"/>
    <Peak1D F1="8.107755" intensity="8.890059e-002" type="0"/>
    <Peak1D F1="8.086095" intensity="4.968476e-002" type="0"/>
    <Peak1D F1="8.070170" intensity="5.114783e-002" type="0"/>
    <Peak1D F1="8.061117" intensity="3.632496e-002" type="0"/>
    <Peak1D F1="8.047980" intensity="6.074941e-002" type="0"/>
    <Peak1D F1="8.025373" intensity="3.707693e-001" type="0"/>
    <Peak1D F1="8.020314" intensity="2.254041e+000" type="0"/>
    <Peak1D F1="8.015393" intensity="6.904148e-001" type="0"/>
    <Peak1D F1="8.003159" intensity="6.652823e-001" type="0"/>
    <Peak1D F1="7.998496" intensity="1.825035e+000" type="0"/>
    <Peak1D F1="7.993185" intensity="2.603492e-001" type="0"/>
    <Peak1D F1="7.970157" intensity="4.038704e-002" type="0"/>
    <Peak1D F1="7.948861" intensity="4.537151e-002" type="0"/>
    <Peak1D F1="7.933585" intensity="1.811547e-002" type="0"/>
    <Peak1D F1="7.928073" intensity="1.761189e-002" type="0"/>
    <Peak1D F1="7.905077" intensity="9.885119e-003" type="0"/>
    <Peak1D F1="7.884085" intensity="1.116432e-002" type="0"/>
    <Peak1D F1="7.832293" intensity="1.799167e-001" type="0"/>
    <Peak1D F1="7.812786" intensity="2.010725e-001" type="0"/>
    <Peak1D F1="7.786507" intensity="1.713625e-002" type="0"/>
    <Peak1D F1="7.760000" intensity="1.312585e-002" type="0"/>
    <Peak1D F1="7.724916" intensity="2.718476e-001" type="0"/>
    <Peak1D F1="7.704772" intensity="2.530436e-001" type="0"/>
    <Peak1D F1="7.672151" intensity="1.880503e-002" type="0"/>
    <Peak1D F1="7.637398" intensity="3.116245e-002" type="0"/>
    <Peak1D F1="7.619247" intensity="4.757665e-002" type="0"/>
    <Peak1D F1="7.594815" intensity="9.028038e-002" type="0"/>
    <Peak1D F1="7.582862" intensity="2.524548e-001" type="0"/>
    <Peak1D F1="7.562869" intensity="2.151867e-001" type="0"/>
    <Peak1D F1="7.545017" intensity="8.286374e-002" type="0"/>
    <Peak1D F1="7.522280" intensity="1.389072e-001" type="0"/>
    <Peak1D F1="7.500309" intensity="1.174271e-001" type="0"/>
    <Peak1D F1="7.486117" intensity="3.316127e-001" type="0"/>
    <Peak1D F1="7.480456" intensity="2.159516e+000" type="0"/>
    <Peak1D F1="7.475618" intensity="7.185685e-001" type="0"/>
    <Peak1D F1="7.458466" intensity="2.072268e+000" type="0"/>
    <Peak1D F1="7.440533" intensity="1.009235e-001" type="0"/>
    <Peak1D F1="7.430541" intensity="5.297042e-002" type="0"/>
    <Peak1D F1="7.408343" intensity="4.631374e-002" type="0"/>
    <Peak1D F1="7.316787" intensity="1.535122e-002" type="0"/>
    <Peak1D F1="7.288959" intensity="1.352787e-002" type="0"/>
    <Peak1D F1="7.272547" intensity="2.173701e-002" type="0"/>
    <Peak1D F1="7.244779" intensity="1.401453e-001" type="0"/>
    <Peak1D F1="7.235683" intensity="2.977826e-002" type="0"/>
    <Peak1D F1="7.224566" intensity="5.839645e-002" type="0"/>
    <Peak1D F1="7.194873" intensity="8.444324e+000" type="0"/>
    <Peak1D F1="7.175341" intensity="1.736650e-002" type="0"/>
    <Peak1D F1="7.144866" intensity="1.240913e-001" type="0"/>
    <Peak1D F1="6.930797" intensity="4.219043e-002" type="0"/>
    <Peak1D F1="6.313069" intensity="1.054288e-002" type="0"/>
    <Peak1D F1="6.215059" intensity="2.310442e-002" type="0"/>
    <Peak1D F1="6.116535" intensity="1.616043e-001" type="0"/>
    <Peak1D F1="6.095261" intensity="1.485650e-002" type="0"/>
    <Peak1D F1="6.066643" intensity="8.104869e-002" type="0"/>
    <Peak1D F1="6.057760" intensity="2.033929e-002" type="0"/>
    <Peak1D F1="6.016821" intensity="4.935503e+000" type="0"/>
    <Peak1D F1="5.966900" intensity="7.386796e-002" type="0"/>
    <Peak1D F1="5.898451" intensity="3.606286e-002" type="0"/>
    <Peak1D F1="5.885949" intensity="3.699393e-002" type="0"/>
    <Peak1D F1="5.844439" intensity="1.171153e-002" type="0"/>
    <Peak1D F1="5.814646" intensity="1.475675e-002" type="0"/>
    <Peak1D F1="5.809439" intensity="1.018276e-002" type="0"/>
    <Peak1D F1="5.640508" intensity="8.964608e-003" type="0"/>
    <Peak1D F1="5.409226" intensity="3.220393e-002" type="0"/>
    <Peak1D F1="5.356605" intensity="4.287017e-002" type="0"/>
    <Peak1D F1="5.350055" intensity="4.622417e-002" type="0"/>
    <Peak1D F1="5.319359" intensity="2.172816e-002" type="0"/>
    <Peak1D F1="5.170287" intensity="1.024041e-002" type="0"/>
    <Peak1D F1="5.147242" intensity="1.085092e-002" type="0"/>
    <Peak1D F1="5.118934" intensity="1.128052e-002" type="0"/>
    <Peak1D F1="5.093457" intensity="1.214254e-002" type="0"/>
    <Peak1D F1="5.066338" intensity="1.337626e-002" type="0"/>
    <Peak1D F1="5.026195" intensity="1.433826e-002" type="0"/>
    <Peak1D F1="5.015433" intensity="1.523226e-002" type="0"/>
    <Peak1D F1="4.969644" intensity="1.297100e-002" type="0"/>
    <Peak1D F1="4.947927" intensity="1.238447e-002" type="0"/>
    <Peak1D F1="4.890945" intensity="1.248381e-002" type="0"/>
    <Peak1D F1="4.875677" intensity="1.417214e-002" type="0"/>
    <Peak1D F1="4.861561" intensity="1.390119e-002" type="0"/>
    <Peak1D F1="4.839884" intensity="2.823483e-002" type="0"/>
    <Peak1D F1="4.818447" intensity="3.263659e-002" type="0"/>
    <Peak1D F1="4.790618" intensity="1.119214e+000" type="0"/>
    <Peak1D F1="4.767785" intensity="1.145854e+000" type="0"/>
    <Peak1D F1="4.740448" intensity="4.895706e-002" type="0"/>
    <Peak1D F1="4.717024" intensity="7.309012e-002" type="0"/>
    <Peak1D F1="4.680988" intensity="1.443211e-001" type="0"/>
    <Peak1D F1="4.584583" intensity="2.022546e-002" type="0"/>
    <Peak1D F1="3.944391" intensity="6.883661e-003" type="0"/>
    <Peak1D F1="3.877243" intensity="7.820607e-002" type="0"/>
    <Peak1D F1="3.843785" intensity="7.590071e-002" type="0"/>
    <Peak1D F1="3.821631" intensity="5.304613e-002" type="0"/>
    <Peak1D F1="3.810316" intensity="5.120218e-001" type="0"/>
    <Peak1D F1="3.749746" intensity="2.615926e-001" type="0"/>
    <Peak1D F1="3.744782" intensity="2.887130e-001" type="0"/>
    <Peak1D F1="3.699821" intensity="1.500000e+001" type="0"/>
    <Peak1D F1="3.680343" intensity="6.152602e-002" type="0"/>
    <Peak1D F1="3.664700" intensity="2.547576e-002" type="0"/>
    <Peak1D F1="3.649838" intensity="2.366419e-001" type="0"/>
    <Peak1D F1="3.625982" intensity="1.048866e-002" type="0"/>
    <Peak1D F1="3.562596" intensity="6.847364e-003" type="0"/>
    <Peak1D F1="3.537975" intensity="9.004218e-003" type="0"/>
    <Peak1D F1="3.517623" intensity="7.945650e-002" type="0"/>
    <Peak1D F1="3.228905" intensity="9.566784e-003" type="0"/>
    <Peak1D F1="3.218867" intensity="7.463182e-003" type="0"/>
    <Peak1D F1="2.784647" intensity="1.002855e-002" type="0"/>
    <Peak1D F1="2.759395" intensity="1.112880e-002" type="0"/>
    <Peak1D F1="2.737347" intensity="1.075299e-002" type="0"/>
    <Peak1D F1="2.726348" intensity="1.166201e-002" type="0"/>
    <Peak1D F1="2.544350" intensity="8.156193e-003" type="0"/>
    <Peak1D F1="2.482836" intensity="1.514181e-002" type="0"/>
    <Peak1D F1="2.437537" intensity="1.772430e-001" type="0"/>
    <Peak1D F1="2.433161" intensity="2.064146e-001" type="0"/>
    <Peak1D F1="2.424442" intensity="1.063302e-001" type="0"/>
    <Peak1D F1="2.416490" intensity="2.095073e-001" type="0"/>
    <Peak1D F1="2.412093" intensity="2.019642e-001" type="0"/>
    <Peak1D F1="2.388464" intensity="3.059044e-001" type="0"/>
    <Peak1D F1="2.384184" intensity="2.781210e-001" type="0"/>
    <Peak1D F1="2.380087" intensity="2.196230e-001" type="0"/>
    <Peak1D F1="2.367877" intensity="2.924756e-001" type="0"/>
    <Peak1D F1="2.363850" intensity="3.604652e-001" type="0"/>
    <Peak1D F1="2.350826" intensity="2.318133e-001" type="0"/>
    <Peak1D F1="2.327938" intensity="3.875236e-001" type="0"/>
    <Peak1D F1="2.320697" intensity="2.271187e-001" type="0"/>
    <Peak1D F1="2.317078" intensity="2.077058e-001" type="0"/>
    <Peak1D F1="2.308259" intensity="2.886422e-001" type="0"/>
    <Peak1D F1="2.304506" intensity="2.567137e-001" type="0"/>
    <Peak1D F1="2.297867" intensity="3.582662e-001" type="0"/>
    <Peak1D F1="2.277725" intensity="2.316279e-001" type="0"/>
    <Peak1D F1="2.252668" intensity="3.933680e-001" type="0"/>
    <Peak1D F1="2.230522" intensity="4.361500e-001" type="0"/>
    <Peak1D F1="2.226419" intensity="4.335374e-001" type="0"/>
    <Peak1D F1="2.203799" intensity="5.595970e-001" type="0"/>
    <Peak1D F1="2.196213" intensity="9.974222e-002" type="0"/>
    <Peak1D F1="2.182368" intensity="3.088303e-001" type="0"/>
    <Peak1D F1="2.177544" intensity="3.127217e-001" type="0"/>
    <Peak1D F1="2.155252" intensity="4.043517e-001" type="0"/>
    <Peak1D F1="2.146951" intensity="3.162761e-001" type="0"/>
    <Peak1D F1="2.134065" intensity="2.548362e-001" type="0"/>
    <Peak1D F1="2.116739" intensity="3.566060e+000" type="0"/>
    <Peak1D F1="2.108193" intensity="2.731931e+000" type="0"/>
    <Peak1D F1="2.106081" intensity="2.887470e+000" type="0"/>
    <Peak1D F1="2.097176" intensity="1.151347e+001" type="0"/>
    <Peak1D F1="2.085451" intensity="3.009527e+000" type="0"/>
    <Peak1D F1="2.078326" intensity="5.772603e+000" type="0"/>
    <Peak1D F1="2.071109" intensity="8.499299e-001" type="0"/>
    <Peak1D F1="2.062341" intensity="3.150503e-001" type="0"/>
    <Peak1D F1="2.057011" intensity="2.693772e-001" type="0"/>
    <Peak1D F1="2.053202" intensity="2.793075e-001" type="0"/>
    <Peak1D F1="2.047541" intensity="3.152207e-001" type="0"/>
    <Peak1D F1="2.028486" intensity="1.528971e-001" type="0"/>
    <Peak1D F1="2.011795" intensity="6.083745e-002" type="0"/>
    <Peak1D F1="1.987127" intensity="2.283196e-001" type="0"/>
    <Peak1D F1="1.982318" intensity="1.747839e-001" type="0"/>
    <Peak1D F1="1.970452" intensity="2.281108e-001" type="0"/>
    <Peak1D F1="1.965188" intensity="3.071415e-001" type="0"/>
    <Peak1D F1="1.959670" intensity="4.206131e-001" type="0"/>
    <Peak1D F1="1.954871" intensity="3.868160e-001" type="0"/>
    <Peak1D F1="1.949781" intensity="4.362625e-001" type="0"/>
    <Peak1D F1="1.937364" intensity="2.243788e+000" type="0"/>
    <Peak1D F1="1.933517" intensity="7.863641e-001" type="0"/>
    <Peak1D F1="1.925843" intensity="7.696615e-001" type="0"/>
    <Peak1D F1="1.920689" intensity="8.099313e-001" type="0"/>
    <Peak1D F1="1.910993" intensity="5.831721e+000" type="0"/>
    <Peak1D F1="1.899752" intensity="4.718409e+000" type="0"/>
    <Peak1D F1="1.891291" intensity="1.217956e+001" type="0"/>
    <Peak1D F1="1.882568" intensity="4.113869e+000" type="0"/>
    <Peak1D F1="1.880442" intensity="4.275265e+000" type="0"/>
    <Peak1D F1="1.871903" intensity="3.752336e+000" type="0"/>
    <Peak1D F1="1.860002" intensity="4.497025e-001" type="0"/>
    <Peak1D F1="1.849578" intensity="2.729109e-001" type="0"/>
    <Peak1D F1="1.841436" intensity="2.626590e-001" type="0"/>
    <Peak1D F1="1.832248" intensity="1.254409e-001" type="0"/>
    <Peak1D F1="1.821857" intensity="1.075429e-001" type="0"/>
    <Peak1D F1="1.810498" intensity="5.497012e-002" type="0"/>
    <Peak1D F1="1.795653" intensity="4.893440e-002" type="0"/>
    <Peak1D F1="1.778735" intensity="4.225963e-002" type="0"/>
    <Peak1D F1="1.765388" intensity="4.230130e-002" type="0"/>
    <Peak1D F1="1.759806" intensity="4.930416e-002" type="0"/>
    <Peak1D F1="1.745239" intensity="1.306018e-001" type="0"/>
    <Peak1D F1="1.729561" intensity="1.756422e-001" type="0"/>
    <Peak1D F1="1.724225" intensity="1.795258e-001" type="0"/>
    <Peak1D F1="1.717183" intensity="1.917671e-001" type="0"/>
    <Peak1D F1="1.708341" intensity="2.094442e-001" type="0"/>
    <Peak1D F1="1.701410" intensity="3.338380e-001" type="0"/>
    <Peak1D F1="1.697202" intensity="2.824060e-001" type="0"/>
    <Peak1D F1="1.687363" intensity="2.309353e-001" type="0"/>
    <Peak1D F1="1.680849" intensity="7.764429e-001" type="0"/>
    <Peak1D F1="1.674669" intensity="3.819612e-001" type="0"/>
    <Peak1D F1="1.671148" intensity="4.314459e-001" type="0"/>
    <Peak1D F1="1.657020" intensity="6.302879e-001" type="0"/>
    <Peak1D F1="1.652656" intensity="5.323344e-001" type="0"/>
    <Peak1D F1="1.640592" intensity="3.577688e-001" type="0"/>
    <Peak1D F1="1.636333" intensity="4.257902e-001" type="0"/>
    <Peak1D F1="1.632370" intensity="3.540367e-001" type="0"/>
    <Peak1D F1="1.624899" intensity="1.713220e-001" type="0"/>
    <Peak1D F1="1.620128" intensity="2.179094e-001" type="0"/>
    <Peak1D F1="1.616832" intensity="2.167944e-001" type="0"/>
    <Peak1D F1="1.587382" intensity="7.158584e-002" type="0"/>
    <Peak1D F1="1.566307" intensity="7.894373e-002" type="0"/>
    <Peak1D F1="1.535111" intensity="2.281554e-001" type="0"/>
    <Peak1D F1="1.519538" intensity="1.679869e-001" type="0"/>
    <Peak1D F1="1.512577" intensity="1.816134e-001" type="0"/>
    <Peak1D F1="1.500679" intensity="3.501103e-001" type="0"/>
    <Peak1D F1="1.483296" intensity="4.366983e-001" type="0"/>
    <Peak1D F1="1.470648" intensity="3.023563e-001" type="0"/>
    <Peak1D F1="1.453544" intensity="3.040184e-001" type="0"/>
    <Peak1D F1="1.441135" intensity="6.937619e-002" type="0"/>
    <Peak1D F1="1.435862" intensity="9.535673e-002" type="0"/>
    <Peak1D F1="1.423597" intensity="1.092535e-001" type="0"/>
    <Peak1D F1="1.370413" intensity="2.078900e-002" type="0"/>
    <Peak1D F1="1.344541" intensity="1.716989e-002" type="0"/>
    <Peak1D F1="1.235271" intensity="3.693164e-002" type="0"/>
    <Peak1D F1="1.183553" intensity="8.313927e-002" type="0"/>
    <Peak1D F1="1.133641" intensity="1.043884e-002" type="0"/>
    <Peak1D F1="1.082897" intensity="7.357020e-003" type="0"/>
    <Peak1D F1="1.013151" intensity="6.813172e-003" type="0"/>
    <Peak1D F1="0.967314" intensity="7.147172e-003" type="0"/>
    <Peak1D F1="0.826316" intensity="1.794281e-002" type="0"/>
    <Peak1D F1="0.809402" intensity="2.738130e-002" type="0"/>
    <Peak1D F1="0.794847" intensity="1.597247e-002" type="0"/>
    <Peak1D F1="0.780705" intensity="1.503013e-002" type="0"/>
    <Peak1D F1="0.760487" intensity="1.479532e-002" type="0"/>
    <Peak1D F1="0.743501" intensity="8.896496e-003" type="0"/>
    <Peak1D F1="0.723004" intensity="7.881219e-003" type="0"/>
    <Peak1D F1="0.715420" intensity="7.006856e-003" type="0"/>
    <Peak1D F1="-0.000151" intensity="1.420984e-001" type="0"/>
  </PeakList1D>
</PeakList>
