<?xml version="1.0" encoding="UTF-8"?>
<PeakList>
  <PeakList1D>
    <PeakList1DHeader creator="nmr" date="2021-08-21T21:26:35.717+03:00" expNo="10" name="ID-427-G-21.8.21" owner="" procNo="1" source="//132.72.8.180/400b/Milo/Milo">
      <PeakPickDetails>F1=16.153000ppm, F2=-3.876046ppm, MI=0.00cm, MAXI=10000.00cm, PC=1.000
      </PeakPickDetails>
    </PeakList1DHeader>
    <Peak1D F1="16.088034" intensity="6.945812e-004" type="0"/>
    <Peak1D F1="15.829462" intensity="7.390896e-004" type="0"/>
    <Peak1D F1="10.305722" intensity="6.273380e-003" type="0"/>
    <Peak1D F1="10.217910" intensity="1.003607e-003" type="0"/>
    <Peak1D F1="10.154124" intensity="2.235686e-003" type="0"/>
    <Peak1D F1="10.134682" intensity="1.770009e-002" type="0"/>
    <Peak1D F1="10.115440" intensity="1.033565e-002" type="0"/>
    <Peak1D F1="10.084706" intensity="1.074346e+000" type="0"/>
    <Peak1D F1="10.052952" intensity="6.403498e-003" type="0"/>
    <Peak1D F1="10.034628" intensity="1.556353e-002" type="0"/>
    <Peak1D F1="9.857704" intensity="5.497398e-003" type="0"/>
    <Peak1D F1="8.540129" intensity="2.296621e-003" type="0"/>
    <Peak1D F1="8.534567" intensity="2.515189e-003" type="0"/>
    <Peak1D F1="8.517425" intensity="2.769619e-003" type="0"/>
    <Peak1D F1="8.375175" intensity="1.489628e-002" type="0"/>
    <Peak1D F1="8.353647" intensity="2.007711e-002" type="0"/>
    <Peak1D F1="8.325387" intensity="7.321877e-001" type="0"/>
    <Peak1D F1="8.303667" intensity="8.357411e-001" type="0"/>
    <Peak1D F1="8.275169" intensity="1.410877e-002" type="0"/>
    <Peak1D F1="8.253626" intensity="1.669767e-002" type="0"/>
    <Peak1D F1="8.229773" intensity="2.151835e-002" type="0"/>
    <Peak1D F1="8.219119" intensity="1.270917e-002" type="0"/>
    <Peak1D F1="8.207559" intensity="3.559825e-002" type="0"/>
    <Peak1D F1="8.197278" intensity="3.441744e-002" type="0"/>
    <Peak1D F1="8.191381" intensity="8.679699e-002" type="0"/>
    <Peak1D F1="8.179872" intensity="4.700391e-002" type="0"/>
    <Peak1D F1="8.175119" intensity="6.295294e-002" type="0"/>
    <Peak1D F1="8.169598" intensity="9.851230e-002" type="0"/>
    <Peak1D F1="8.163452" intensity="4.394418e-002" type="0"/>
    <Peak1D F1="8.158303" intensity="5.162329e-002" type="0"/>
    <Peak1D F1="8.153513" intensity="5.168546e-002" type="0"/>
    <Peak1D F1="8.147832" intensity="5.087832e-002" type="0"/>
    <Peak1D F1="8.130205" intensity="1.330236e+000" type="0"/>
    <Peak1D F1="8.126091" intensity="5.339633e-001" type="0"/>
    <Peak1D F1="8.120679" intensity="4.608649e-001" type="0"/>
    <Peak1D F1="8.112859" intensity="6.544585e-001" type="0"/>
    <Peak1D F1="8.108542" intensity="1.401619e+000" type="0"/>
    <Peak1D F1="8.103296" intensity="3.496316e-001" type="0"/>
    <Peak1D F1="8.098999" intensity="4.130715e-001" type="0"/>
    <Peak1D F1="8.092384" intensity="1.308403e-001" type="0"/>
    <Peak1D F1="8.080022" intensity="3.503733e-002" type="0"/>
    <Peak1D F1="8.073260" intensity="3.287208e-002" type="0"/>
    <Peak1D F1="8.058258" intensity="3.538624e-002" type="0"/>
    <Peak1D F1="8.051991" intensity="3.373787e-002" type="0"/>
    <Peak1D F1="8.046385" intensity="5.821314e-002" type="0"/>
    <Peak1D F1="8.036375" intensity="1.449590e-001" type="0"/>
    <Peak1D F1="8.028351" intensity="1.923407e-001" type="0"/>
    <Peak1D F1="8.023359" intensity="9.770978e-001" type="0"/>
    <Peak1D F1="8.019020" intensity="3.343461e-001" type="0"/>
    <Peak1D F1="8.014706" intensity="1.775700e-001" type="0"/>
    <Peak1D F1="8.006110" intensity="2.959366e-001" type="0"/>
    <Peak1D F1="8.002165" intensity="7.623263e-001" type="0"/>
    <Peak1D F1="7.997213" intensity="1.142677e-001" type="0"/>
    <Peak1D F1="7.973192" intensity="1.597936e-002" type="0"/>
    <Peak1D F1="7.952083" intensity="1.232246e-002" type="0"/>
    <Peak1D F1="7.928627" intensity="2.863747e-002" type="0"/>
    <Peak1D F1="7.906730" intensity="3.136599e-002" type="0"/>
    <Peak1D F1="7.900081" intensity="1.070321e-002" type="0"/>
    <Peak1D F1="7.892668" intensity="6.434456e-003" type="0"/>
    <Peak1D F1="7.884017" intensity="1.546830e-003" type="0"/>
    <Peak1D F1="7.863786" intensity="2.999098e-003" type="0"/>
    <Peak1D F1="7.841955" intensity="5.773567e-003" type="0"/>
    <Peak1D F1="7.820301" intensity="1.359560e-002" type="0"/>
    <Peak1D F1="7.815610" intensity="1.573557e-002" type="0"/>
    <Peak1D F1="7.797983" intensity="2.263672e-002" type="0"/>
    <Peak1D F1="7.784662" intensity="1.497987e-002" type="0"/>
    <Peak1D F1="7.780337" intensity="1.671088e-002" type="0"/>
    <Peak1D F1="7.766921" intensity="4.432463e-002" type="0"/>
    <Peak1D F1="7.762484" intensity="4.829395e-002" type="0"/>
    <Peak1D F1="7.748973" intensity="8.041452e-002" type="0"/>
    <Peak1D F1="7.745005" intensity="8.224431e-002" type="0"/>
    <Peak1D F1="7.731640" intensity="5.296308e-002" type="0"/>
    <Peak1D F1="7.727335" intensity="4.624781e-002" type="0"/>
    <Peak1D F1="7.719136" intensity="1.852606e-002" type="0"/>
    <Peak1D F1="7.715031" intensity="1.783082e-002" type="0"/>
    <Peak1D F1="7.701468" intensity="1.147719e-002" type="0"/>
    <Peak1D F1="7.697064" intensity="1.392256e-002" type="0"/>
    <Peak1D F1="7.692630" intensity="1.485489e-002" type="0"/>
    <Peak1D F1="7.679674" intensity="9.175045e-003" type="0"/>
    <Peak1D F1="7.675937" intensity="9.524068e-003" type="0"/>
    <Peak1D F1="7.670373" intensity="1.335759e-002" type="0"/>
    <Peak1D F1="7.657650" intensity="1.108813e-002" type="0"/>
    <Peak1D F1="7.640480" intensity="1.058178e-002" type="0"/>
    <Peak1D F1="7.613099" intensity="6.545267e-002" type="0"/>
    <Peak1D F1="7.591010" intensity="6.018306e-002" type="0"/>
    <Peak1D F1="7.579393" intensity="1.574695e-002" type="0"/>
    <Peak1D F1="7.571220" intensity="2.055464e-002" type="0"/>
    <Peak1D F1="7.549498" intensity="3.103822e-002" type="0"/>
    <Peak1D F1="7.537338" intensity="4.565071e-002" type="0"/>
    <Peak1D F1="7.528520" intensity="5.687847e-002" type="0"/>
    <Peak1D F1="7.522241" intensity="8.245429e-002" type="0"/>
    <Peak1D F1="7.512121" intensity="8.158522e-002" type="0"/>
    <Peak1D F1="7.506669" intensity="9.846173e-002" type="0"/>
    <Peak1D F1="7.500046" intensity="1.090547e-001" type="0"/>
    <Peak1D F1="7.479252" intensity="1.391699e+000" type="0"/>
    <Peak1D F1="7.457323" intensity="1.326776e+000" type="0"/>
    <Peak1D F1="7.440110" intensity="4.390513e-002" type="0"/>
    <Peak1D F1="7.433249" intensity="1.153120e-001" type="0"/>
    <Peak1D F1="7.410972" intensity="1.156271e-001" type="0"/>
    <Peak1D F1="7.395145" intensity="3.243529e-002" type="0"/>
    <Peak1D F1="7.390249" intensity="4.625865e-002" type="0"/>
    <Peak1D F1="7.385654" intensity="4.923861e-002" type="0"/>
    <Peak1D F1="7.381883" intensity="3.964332e-002" type="0"/>
    <Peak1D F1="7.375219" intensity="5.595234e-002" type="0"/>
    <Peak1D F1="7.371130" intensity="7.785423e-002" type="0"/>
    <Peak1D F1="7.366941" intensity="5.862449e-002" type="0"/>
    <Peak1D F1="7.356163" intensity="5.558581e-002" type="0"/>
    <Peak1D F1="7.351696" intensity="7.667094e-002" type="0"/>
    <Peak1D F1="7.347497" intensity="4.013621e-002" type="0"/>
    <Peak1D F1="7.336347" intensity="3.756798e-002" type="0"/>
    <Peak1D F1="7.331962" intensity="3.468556e-002" type="0"/>
    <Peak1D F1="7.309239" intensity="2.646582e-002" type="0"/>
    <Peak1D F1="7.302017" intensity="4.647418e-002" type="0"/>
    <Peak1D F1="7.296766" intensity="7.772741e-002" type="0"/>
    <Peak1D F1="7.284398" intensity="1.679435e-002" type="0"/>
    <Peak1D F1="7.246924" intensity="3.948550e+000" type="0"/>
    <Peak1D F1="7.216885" intensity="5.475890e-003" type="0"/>
    <Peak1D F1="7.196742" intensity="5.733445e-002" type="0"/>
    <Peak1D F1="7.180302" intensity="3.140616e-003" type="0"/>
    <Peak1D F1="7.164961" intensity="1.793572e-002" type="0"/>
    <Peak1D F1="7.146778" intensity="4.288591e-002" type="0"/>
    <Peak1D F1="7.128667" intensity="4.202181e-002" type="0"/>
    <Peak1D F1="7.119829" intensity="8.073650e-002" type="0"/>
    <Peak1D F1="7.111773" intensity="2.477992e-002" type="0"/>
    <Peak1D F1="7.101295" intensity="1.549238e-001" type="0"/>
    <Peak1D F1="7.082993" intensity="6.962329e-002" type="0"/>
    <Peak1D F1="7.051169" intensity="2.538114e-003" type="0"/>
    <Peak1D F1="7.034650" intensity="3.466611e-003" type="0"/>
    <Peak1D F1="7.015047" intensity="5.348973e-003" type="0"/>
    <Peak1D F1="6.982660" intensity="3.892794e-002" type="0"/>
    <Peak1D F1="6.973455" intensity="8.834968e-002" type="0"/>
    <Peak1D F1="6.964055" intensity="2.479190e-002" type="0"/>
    <Peak1D F1="6.952498" intensity="8.799938e-002" type="0"/>
    <Peak1D F1="6.947096" intensity="9.239426e-002" type="0"/>
    <Peak1D F1="6.937679" intensity="1.995135e-002" type="0"/>
    <Peak1D F1="6.926123" intensity="7.528807e-002" type="0"/>
    <Peak1D F1="6.910371" intensity="2.363935e-003" type="0"/>
    <Peak1D F1="6.899750" intensity="2.380607e-003" type="0"/>
    <Peak1D F1="6.888048" intensity="7.420952e-004" type="0"/>
    <Peak1D F1="6.757845" intensity="2.627342e-002" type="0"/>
    <Peak1D F1="6.327766" intensity="4.534721e-003" type="0"/>
    <Peak1D F1="6.247013" intensity="1.577013e-003" type="0"/>
    <Peak1D F1="6.197020" intensity="1.006643e-001" type="0"/>
    <Peak1D F1="6.139089" intensity="9.447551e-003" type="0"/>
    <Peak1D F1="6.131418" intensity="8.250482e-003" type="0"/>
    <Peak1D F1="6.109023" intensity="4.364666e-002" type="0"/>
    <Peak1D F1="6.104553" intensity="3.285903e-002" type="0"/>
    <Peak1D F1="6.096923" intensity="4.113802e-002" type="0"/>
    <Peak1D F1="6.089418" intensity="3.019274e-001" type="0"/>
    <Peak1D F1="6.067897" intensity="8.104460e-003" type="0"/>
    <Peak1D F1="6.057798" intensity="1.154669e-002" type="0"/>
    <Peak1D F1="6.046058" intensity="1.133932e-001" type="0"/>
    <Peak1D F1="6.029939" intensity="1.587012e-001" type="0"/>
    <Peak1D F1="5.994733" intensity="2.210518e+000" type="0"/>
    <Peak1D F1="5.980462" intensity="4.248270e-002" type="0"/>
    <Peak1D F1="5.968567" intensity="3.177145e-002" type="0"/>
    <Peak1D F1="5.944493" intensity="3.245855e-002" type="0"/>
    <Peak1D F1="5.930070" intensity="1.575058e-003" type="0"/>
    <Peak1D F1="5.917892" intensity="1.373762e-003" type="0"/>
    <Peak1D F1="5.890821" intensity="1.627930e-003" type="0"/>
    <Peak1D F1="5.865634" intensity="9.578978e-004" type="0"/>
    <Peak1D F1="5.839857" intensity="2.233483e-003" type="0"/>
    <Peak1D F1="5.816313" intensity="3.528078e-003" type="0"/>
    <Peak1D F1="5.807586" intensity="1.144491e-002" type="0"/>
    <Peak1D F1="5.798748" intensity="5.863015e-003" type="0"/>
    <Peak1D F1="5.793114" intensity="8.420408e-003" type="0"/>
    <Peak1D F1="5.764658" intensity="1.608524e-003" type="0"/>
    <Peak1D F1="5.700014" intensity="2.691310e-003" type="0"/>
    <Peak1D F1="5.674184" intensity="2.713298e-003" type="0"/>
    <Peak1D F1="5.620347" intensity="1.222238e-003" type="0"/>
    <Peak1D F1="5.571156" intensity="8.274946e-004" type="0"/>
    <Peak1D F1="5.502306" intensity="1.983029e-003" type="0"/>
    <Peak1D F1="5.495881" intensity="1.782889e-003" type="0"/>
    <Peak1D F1="5.459577" intensity="1.947918e-002" type="0"/>
    <Peak1D F1="5.453073" intensity="2.774799e-002" type="0"/>
    <Peak1D F1="5.429262" intensity="8.058515e-003" type="0"/>
    <Peak1D F1="5.423192" intensity="7.607006e-003" type="0"/>
    <Peak1D F1="5.413548" intensity="2.079627e-003" type="0"/>
    <Peak1D F1="5.403522" intensity="1.456025e-003" type="0"/>
    <Peak1D F1="5.387091" intensity="1.096655e-002" type="0"/>
    <Peak1D F1="5.380081" intensity="1.006921e-002" type="0"/>
    <Peak1D F1="5.358388" intensity="1.138127e-002" type="0"/>
    <Peak1D F1="5.351703" intensity="1.259756e-002" type="0"/>
    <Peak1D F1="5.337142" intensity="1.624901e-001" type="0"/>
    <Peak1D F1="5.330272" intensity="1.589013e-001" type="0"/>
    <Peak1D F1="5.287154" intensity="3.543213e-003" type="0"/>
    <Peak1D F1="5.264132" intensity="8.946776e-004" type="0"/>
    <Peak1D F1="5.255496" intensity="9.976401e-004" type="0"/>
    <Peak1D F1="5.217013" intensity="1.408935e-003" type="0"/>
    <Peak1D F1="5.009482" intensity="3.280898e-003" type="0"/>
    <Peak1D F1="4.987731" intensity="3.552739e-003" type="0"/>
    <Peak1D F1="4.939651" intensity="7.632910e-003" type="0"/>
    <Peak1D F1="4.930700" intensity="5.013288e-003" type="0"/>
    <Peak1D F1="4.918366" intensity="7.445567e-003" type="0"/>
    <Peak1D F1="4.901492" intensity="1.303746e-002" type="0"/>
    <Peak1D F1="4.879422" intensity="3.147205e-002" type="0"/>
    <Peak1D F1="4.858198" intensity="2.674342e-002" type="0"/>
    <Peak1D F1="4.830061" intensity="6.469574e-001" type="0"/>
    <Peak1D F1="4.808307" intensity="6.599530e-001" type="0"/>
    <Peak1D F1="4.780005" intensity="1.429681e-002" type="0"/>
    <Peak1D F1="4.758358" intensity="1.237593e-002" type="0"/>
    <Peak1D F1="4.739630" intensity="3.028593e-003" type="0"/>
    <Peak1D F1="4.694306" intensity="1.974299e-003" type="0"/>
    <Peak1D F1="4.646224" intensity="5.000357e-003" type="0"/>
    <Peak1D F1="4.624428" intensity="4.851155e-003" type="0"/>
    <Peak1D F1="4.600389" intensity="1.918035e-003" type="0"/>
    <Peak1D F1="4.575666" intensity="2.152072e-003" type="0"/>
    <Peak1D F1="4.541925" intensity="2.288277e-003" type="0"/>
    <Peak1D F1="4.510946" intensity="3.491396e-003" type="0"/>
    <Peak1D F1="4.503851" intensity="3.967973e-003" type="0"/>
    <Peak1D F1="4.489126" intensity="3.773529e-003" type="0"/>
    <Peak1D F1="4.481718" intensity="3.928322e-003" type="0"/>
    <Peak1D F1="4.448139" intensity="2.614662e-003" type="0"/>
    <Peak1D F1="4.434278" intensity="2.716874e-003" type="0"/>
    <Peak1D F1="4.419682" intensity="2.747331e-003" type="0"/>
    <Peak1D F1="4.400796" intensity="4.676386e-003" type="0"/>
    <Peak1D F1="4.392668" intensity="4.596285e-003" type="0"/>
    <Peak1D F1="4.378782" intensity="4.684267e-003" type="0"/>
    <Peak1D F1="4.369807" intensity="4.546046e-003" type="0"/>
    <Peak1D F1="4.348403" intensity="2.940096e-003" type="0"/>
    <Peak1D F1="4.312602" intensity="3.056257e-003" type="0"/>
    <Peak1D F1="4.307740" intensity="3.031103e-003" type="0"/>
    <Peak1D F1="4.251813" intensity="3.204621e-003" type="0"/>
    <Peak1D F1="4.207023" intensity="3.228295e-003" type="0"/>
    <Peak1D F1="4.198267" intensity="3.327209e-003" type="0"/>
    <Peak1D F1="4.173495" intensity="3.433966e-003" type="0"/>
    <Peak1D F1="4.156995" intensity="3.532428e-003" type="0"/>
    <Peak1D F1="4.096174" intensity="4.411140e-003" type="0"/>
    <Peak1D F1="4.071959" intensity="4.529506e-003" type="0"/>
    <Peak1D F1="4.046957" intensity="3.966228e-003" type="0"/>
    <Peak1D F1="4.031257" intensity="4.020488e-003" type="0"/>
    <Peak1D F1="4.013673" intensity="4.017966e-003" type="0"/>
    <Peak1D F1="3.982523" intensity="3.828864e-003" type="0"/>
    <Peak1D F1="3.973976" intensity="4.133461e-003" type="0"/>
    <Peak1D F1="3.918641" intensity="6.872111e-003" type="0"/>
    <Peak1D F1="3.910742" intensity="4.953286e-003" type="0"/>
    <Peak1D F1="3.891956" intensity="5.273689e-003" type="0"/>
    <Peak1D F1="3.884157" intensity="5.114107e-003" type="0"/>
    <Peak1D F1="3.876261" intensity="9.304525e-003" type="0"/>
    <Peak1D F1="3.859624" intensity="3.960171e-002" type="0"/>
    <Peak1D F1="3.835003" intensity="4.699259e-002" type="0"/>
    <Peak1D F1="3.798434" intensity="3.738588e-002" type="0"/>
    <Peak1D F1="3.793421" intensity="1.103840e-001" type="0"/>
    <Peak1D F1="3.784585" intensity="1.309884e-002" type="0"/>
    <Peak1D F1="3.764248" intensity="1.811331e-002" type="0"/>
    <Peak1D F1="3.741155" intensity="6.197386e-001" type="0"/>
    <Peak1D F1="3.733169" intensity="1.687496e-001" type="0"/>
    <Peak1D F1="3.714585" intensity="2.736743e-001" type="0"/>
    <Peak1D F1="3.697624" intensity="9.986684e-001" type="0"/>
    <Peak1D F1="3.682197" intensity="6.514023e+000" type="0"/>
    <Peak1D F1="3.655278" intensity="1.955577e-001" type="0"/>
    <Peak1D F1="3.631945" intensity="1.095965e-001" type="0"/>
    <Peak1D F1="3.626301" intensity="3.381514e-002" type="0"/>
    <Peak1D F1="3.605005" intensity="1.605530e-002" type="0"/>
    <Peak1D F1="3.581555" intensity="1.114504e-002" type="0"/>
    <Peak1D F1="3.558840" intensity="1.041237e-002" type="0"/>
    <Peak1D F1="3.533109" intensity="8.682845e-003" type="0"/>
    <Peak1D F1="3.514265" intensity="1.312866e-002" type="0"/>
    <Peak1D F1="3.499910" intensity="4.339167e-002" type="0"/>
    <Peak1D F1="3.471607" intensity="3.453077e-002" type="0"/>
    <Peak1D F1="3.468169" intensity="3.142128e-002" type="0"/>
    <Peak1D F1="3.445969" intensity="4.640292e-001" type="0"/>
    <Peak1D F1="3.395932" intensity="1.137450e-002" type="0"/>
    <Peak1D F1="3.343408" intensity="5.117885e-003" type="0"/>
    <Peak1D F1="3.325414" intensity="4.719526e-003" type="0"/>
    <Peak1D F1="3.285267" intensity="4.257116e-003" type="0"/>
    <Peak1D F1="3.264345" intensity="5.998075e-003" type="0"/>
    <Peak1D F1="3.227788" intensity="3.490495e-003" type="0"/>
    <Peak1D F1="3.221666" intensity="3.500226e-003" type="0"/>
    <Peak1D F1="3.210489" intensity="3.294675e-003" type="0"/>
    <Peak1D F1="3.182249" intensity="3.319706e-003" type="0"/>
    <Peak1D F1="3.157948" intensity="4.571710e-003" type="0"/>
    <Peak1D F1="3.131952" intensity="1.656574e-002" type="0"/>
    <Peak1D F1="3.102928" intensity="2.762407e-003" type="0"/>
    <Peak1D F1="3.080204" intensity="2.786547e-003" type="0"/>
    <Peak1D F1="3.060779" intensity="2.199571e-003" type="0"/>
    <Peak1D F1="3.002119" intensity="1.792662e-003" type="0"/>
    <Peak1D F1="2.990482" intensity="1.863804e-003" type="0"/>
    <Peak1D F1="2.959312" intensity="1.921576e-002" type="0"/>
    <Peak1D F1="2.952336" intensity="1.971412e-002" type="0"/>
    <Peak1D F1="2.941210" intensity="3.466139e-002" type="0"/>
    <Peak1D F1="2.934243" intensity="3.444698e-002" type="0"/>
    <Peak1D F1="2.923039" intensity="1.981393e-002" type="0"/>
    <Peak1D F1="2.916215" intensity="1.906175e-002" type="0"/>
    <Peak1D F1="2.899164" intensity="1.889751e-003" type="0"/>
    <Peak1D F1="2.827618" intensity="6.857541e-004" type="0"/>
    <Peak1D F1="2.805451" intensity="8.696729e-004" type="0"/>
    <Peak1D F1="2.792919" intensity="4.932031e-003" type="0"/>
    <Peak1D F1="2.780313" intensity="5.444511e-003" type="0"/>
    <Peak1D F1="2.768144" intensity="8.894725e-003" type="0"/>
    <Peak1D F1="2.756710" intensity="8.839516e-003" type="0"/>
    <Peak1D F1="2.746985" intensity="4.891200e-003" type="0"/>
    <Peak1D F1="2.735364" intensity="3.915231e-003" type="0"/>
    <Peak1D F1="2.563999" intensity="3.878665e-003" type="0"/>
    <Peak1D F1="2.544237" intensity="5.176646e-003" type="0"/>
    <Peak1D F1="2.522425" intensity="6.241557e-003" type="0"/>
    <Peak1D F1="2.497885" intensity="7.625333e-003" type="0"/>
    <Peak1D F1="2.476727" intensity="7.025816e-003" type="0"/>
    <Peak1D F1="2.465209" intensity="9.747609e-003" type="0"/>
    <Peak1D F1="2.443660" intensity="1.697643e-002" type="0"/>
    <Peak1D F1="2.395416" intensity="1.652517e-001" type="0"/>
    <Peak1D F1="2.386509" intensity="1.739960e-001" type="0"/>
    <Peak1D F1="2.382997" intensity="1.848893e-001" type="0"/>
    <Peak1D F1="2.374985" intensity="2.647335e-001" type="0"/>
    <Peak1D F1="2.365173" intensity="2.440658e-001" type="0"/>
    <Peak1D F1="2.362528" intensity="2.348053e-001" type="0"/>
    <Peak1D F1="2.353897" intensity="3.323591e-001" type="0"/>
    <Peak1D F1="2.343769" intensity="3.180505e-001" type="0"/>
    <Peak1D F1="2.332569" intensity="3.976193e-001" type="0"/>
    <Peak1D F1="2.325155" intensity="2.221733e-001" type="0"/>
    <Peak1D F1="2.313910" intensity="1.608835e-001" type="0"/>
    <Peak1D F1="2.300613" intensity="4.915870e-002" type="0"/>
    <Peak1D F1="2.277876" intensity="5.912347e-002" type="0"/>
    <Peak1D F1="2.271351" intensity="6.037203e-002" type="0"/>
    <Peak1D F1="2.258548" intensity="8.396702e-002" type="0"/>
    <Peak1D F1="2.252700" intensity="7.331105e-002" type="0"/>
    <Peak1D F1="2.239573" intensity="1.030393e-001" type="0"/>
    <Peak1D F1="2.229279" intensity="4.421860e-002" type="0"/>
    <Peak1D F1="2.220384" intensity="6.812043e-002" type="0"/>
    <Peak1D F1="2.209427" intensity="1.854744e-001" type="0"/>
    <Peak1D F1="2.194656" intensity="7.153223e-002" type="0"/>
    <Peak1D F1="2.186678" intensity="2.955478e-001" type="0"/>
    <Peak1D F1="2.182973" intensity="2.615713e-001" type="0"/>
    <Peak1D F1="2.160889" intensity="3.747512e-001" type="0"/>
    <Peak1D F1="2.147493" intensity="2.006341e-001" type="0"/>
    <Peak1D F1="2.137916" intensity="3.579803e-001" type="0"/>
    <Peak1D F1="2.134000" intensity="3.839029e-001" type="0"/>
    <Peak1D F1="2.128919" intensity="4.564016e-001" type="0"/>
    <Peak1D F1="2.111222" intensity="7.839812e-001" type="0"/>
    <Peak1D F1="2.098873" intensity="5.028078e+000" type="0"/>
    <Peak1D F1="2.089586" intensity="4.274463e+000" type="0"/>
    <Peak1D F1="2.079102" intensity="1.465394e+001" type="0"/>
    <Peak1D F1="2.067472" intensity="4.275191e+000" type="0"/>
    <Peak1D F1="2.060237" intensity="7.635683e+000" type="0"/>
    <Peak1D F1="2.040026" intensity="4.343790e-001" type="0"/>
    <Peak1D F1="2.034372" intensity="4.359105e-001" type="0"/>
    <Peak1D F1="2.032401" intensity="4.346918e-001" type="0"/>
    <Peak1D F1="2.029348" intensity="4.897520e-001" type="0"/>
    <Peak1D F1="2.011391" intensity="2.381940e-001" type="0"/>
    <Peak1D F1="1.993818" intensity="1.270466e-001" type="0"/>
    <Peak1D F1="1.982700" intensity="1.030172e-001" type="0"/>
    <Peak1D F1="1.975562" intensity="1.283338e-001" type="0"/>
    <Peak1D F1="1.969946" intensity="1.368115e-001" type="0"/>
    <Peak1D F1="1.951373" intensity="3.754511e-001" type="0"/>
    <Peak1D F1="1.938447" intensity="3.982374e-001" type="0"/>
    <Peak1D F1="1.931931" intensity="6.200009e-001" type="0"/>
    <Peak1D F1="1.922391" intensity="8.523490e-001" type="0"/>
    <Peak1D F1="1.915962" intensity="1.189562e+000" type="0"/>
    <Peak1D F1="1.911834" intensity="1.226554e+000" type="0"/>
    <Peak1D F1="1.901369" intensity="8.010267e+000" type="0"/>
    <Peak1D F1="1.890200" intensity="6.852674e+000" type="0"/>
    <Peak1D F1="1.881781" intensity="1.500000e+001" type="0"/>
    <Peak1D F1="1.871457" intensity="6.011157e+000" type="0"/>
    <Peak1D F1="1.862325" intensity="5.036706e+000" type="0"/>
    <Peak1D F1="1.849899" intensity="7.519397e-001" type="0"/>
    <Peak1D F1="1.840039" intensity="4.571020e-001" type="0"/>
    <Peak1D F1="1.831740" intensity="4.040268e-001" type="0"/>
    <Peak1D F1="1.821672" intensity="2.114953e-001" type="0"/>
    <Peak1D F1="1.812551" intensity="1.728217e-001" type="0"/>
    <Peak1D F1="1.800868" intensity="9.484284e-002" type="0"/>
    <Peak1D F1="1.785307" intensity="7.797627e-002" type="0"/>
    <Peak1D F1="1.770438" intensity="6.586372e-002" type="0"/>
    <Peak1D F1="1.750439" intensity="7.788077e-002" type="0"/>
    <Peak1D F1="1.737159" intensity="9.807555e-002" type="0"/>
    <Peak1D F1="1.731659" intensity="1.166189e-001" type="0"/>
    <Peak1D F1="1.721290" intensity="1.657285e-001" type="0"/>
    <Peak1D F1="1.715617" intensity="1.893266e-001" type="0"/>
    <Peak1D F1="1.704061" intensity="2.784398e-001" type="0"/>
    <Peak1D F1="1.699886" intensity="2.591241e-001" type="0"/>
    <Peak1D F1="1.695415" intensity="3.135280e-001" type="0"/>
    <Peak1D F1="1.680748" intensity="3.946562e-001" type="0"/>
    <Peak1D F1="1.679032" intensity="3.981136e-001" type="0"/>
    <Peak1D F1="1.675414" intensity="3.712648e-001" type="0"/>
    <Peak1D F1="1.668677" intensity="2.760831e-001" type="0"/>
    <Peak1D F1="1.664055" intensity="3.013787e-001" type="0"/>
    <Peak1D F1="1.658141" intensity="3.185702e-001" type="0"/>
    <Peak1D F1="1.652850" intensity="2.501388e-001" type="0"/>
    <Peak1D F1="1.646496" intensity="2.359401e-001" type="0"/>
    <Peak1D F1="1.637338" intensity="1.960496e-001" type="0"/>
    <Peak1D F1="1.631724" intensity="1.742443e-001" type="0"/>
    <Peak1D F1="1.625486" intensity="1.624671e-001" type="0"/>
    <Peak1D F1="1.610242" intensity="1.391108e-001" type="0"/>
    <Peak1D F1="1.578475" intensity="4.219887e-002" type="0"/>
    <Peak1D F1="1.570829" intensity="3.880495e-002" type="0"/>
    <Peak1D F1="1.562134" intensity="4.164473e-002" type="0"/>
    <Peak1D F1="1.555930" intensity="4.397197e-002" type="0"/>
    <Peak1D F1="1.547731" intensity="5.808361e-002" type="0"/>
    <Peak1D F1="1.538350" intensity="9.130237e-002" type="0"/>
    <Peak1D F1="1.530524" intensity="1.121483e-001" type="0"/>
    <Peak1D F1="1.512649" intensity="2.161103e-001" type="0"/>
    <Peak1D F1="1.495832" intensity="1.836020e-001" type="0"/>
    <Peak1D F1="1.483859" intensity="1.832561e-001" type="0"/>
    <Peak1D F1="1.465849" intensity="1.513229e-001" type="0"/>
    <Peak1D F1="1.447622" intensity="5.096272e-002" type="0"/>
    <Peak1D F1="1.437313" intensity="3.825155e-002" type="0"/>
    <Peak1D F1="1.431526" intensity="5.132934e-002" type="0"/>
    <Peak1D F1="1.413148" intensity="1.908029e-002" type="0"/>
    <Peak1D F1="1.395206" intensity="1.574420e-002" type="0"/>
    <Peak1D F1="1.375140" intensity="1.672952e-002" type="0"/>
    <Peak1D F1="1.358661" intensity="1.517581e-002" type="0"/>
    <Peak1D F1="1.351828" intensity="1.370784e-002" type="0"/>
    <Peak1D F1="1.343704" intensity="1.476486e-002" type="0"/>
    <Peak1D F1="1.327164" intensity="1.327984e-002" type="0"/>
    <Peak1D F1="1.309666" intensity="1.321272e-002" type="0"/>
    <Peak1D F1="1.290837" intensity="1.131604e-002" type="0"/>
    <Peak1D F1="1.242661" intensity="1.523757e-002" type="0"/>
    <Peak1D F1="1.222359" intensity="1.708625e-002" type="0"/>
    <Peak1D F1="1.203131" intensity="1.765870e-002" type="0"/>
    <Peak1D F1="1.176787" intensity="3.184160e-002" type="0"/>
    <Peak1D F1="1.161388" intensity="1.959563e-002" type="0"/>
    <Peak1D F1="1.145521" intensity="1.901238e-002" type="0"/>
    <Peak1D F1="1.128947" intensity="8.192301e-003" type="0"/>
    <Peak1D F1="1.115397" intensity="7.313632e-003" type="0"/>
    <Peak1D F1="1.097345" intensity="5.933387e-003" type="0"/>
    <Peak1D F1="1.079853" intensity="5.639961e-003" type="0"/>
    <Peak1D F1="1.032715" intensity="5.916055e-003" type="0"/>
    <Peak1D F1="1.015998" intensity="5.662807e-003" type="0"/>
    <Peak1D F1="0.997866" intensity="4.614858e-003" type="0"/>
    <Peak1D F1="0.963299" intensity="4.168028e-003" type="0"/>
    <Peak1D F1="0.896825" intensity="3.663927e-003" type="0"/>
    <Peak1D F1="0.873490" intensity="3.621280e-003" type="0"/>
    <Peak1D F1="0.813229" intensity="7.995729e-003" type="0"/>
    <Peak1D F1="0.797094" intensity="1.430589e-002" type="0"/>
    <Peak1D F1="0.779527" intensity="9.082008e-003" type="0"/>
    <Peak1D F1="0.772972" intensity="7.515426e-003" type="0"/>
    <Peak1D F1="0.753292" intensity="7.178283e-003" type="0"/>
    <Peak1D F1="0.734145" intensity="5.495786e-003" type="0"/>
    <Peak1D F1="0.617742" intensity="2.195858e-003" type="0"/>
    <Peak1D F1="0.593791" intensity="1.974456e-003" type="0"/>
    <Peak1D F1="0.556358" intensity="1.928129e-003" type="0"/>
    <Peak1D F1="0.520198" intensity="1.872347e-003" type="0"/>
    <Peak1D F1="0.509703" intensity="1.746515e-003" type="0"/>
    <Peak1D F1="0.495250" intensity="1.661835e-003" type="0"/>
    <Peak1D F1="0.474863" intensity="1.586302e-003" type="0"/>
    <Peak1D F1="0.455547" intensity="1.578386e-003" type="0"/>
    <Peak1D F1="0.440958" intensity="1.558140e-003" type="0"/>
    <Peak1D F1="0.434755" intensity="1.548723e-003" type="0"/>
    <Peak1D F1="0.427548" intensity="1.487660e-003" type="0"/>
    <Peak1D F1="0.369652" intensity="1.324882e-003" type="0"/>
    <Peak1D F1="0.357523" intensity="1.337377e-003" type="0"/>
    <Peak1D F1="0.335314" intensity="1.357628e-003" type="0"/>
    <Peak1D F1="0.314230" intensity="1.158076e-003" type="0"/>
    <Peak1D F1="0.279112" intensity="1.245891e-003" type="0"/>
    <Peak1D F1="0.228817" intensity="1.069155e-003" type="0"/>
    <Peak1D F1="0.190378" intensity="1.036623e-003" type="0"/>
    <Peak1D F1="0.145835" intensity="1.298649e-003" type="0"/>
    <Peak1D F1="0.088948" intensity="8.641586e-004" type="0"/>
    <Peak1D F1="0.049599" intensity="1.936002e-003" type="0"/>
    <Peak1D F1="-0.000156" intensity="1.054036e-001" type="0"/>
    <Peak1D F1="-0.028390" intensity="1.500212e-003" type="0"/>
    <Peak1D F1="-0.050791" intensity="2.033938e-003" type="0"/>
    <Peak1D F1="-0.149532" intensity="7.621971e-004" type="0"/>
  </PeakList1D>
</PeakList>
