<?xml version="1.0" encoding="UTF-8"?>
<PeakList>
  <PeakList1D>
    <PeakList1DHeader creator="nmr" date="2021-08-06T19:10:19.826+03:00" expNo="10" name="ID_422_N" owner="" procNo="1" source="//132.72.8.180/400b/Milo/Milo">
      <PeakPickDetails>F1=16.134581ppm, F2=-3.894465ppm, MI=0.00cm, MAXI=10000.00cm, PC=1.000
      </PeakPickDetails>
    </PeakList1DHeader>
    <Peak1D F1="13.829666" intensity="1.429389e-003" type="0"/>
    <Peak1D F1="13.402651" intensity="1.494736e-003" type="0"/>
    <Peak1D F1="12.301416" intensity="1.514923e-003" type="0"/>
    <Peak1D F1="12.137877" intensity="1.446359e-003" type="0"/>
    <Peak1D F1="11.079948" intensity="1.700472e-003" type="0"/>
    <Peak1D F1="10.305598" intensity="1.540017e-003" type="0"/>
    <Peak1D F1="10.183850" intensity="1.650754e-003" type="0"/>
    <Peak1D F1="10.138738" intensity="4.217493e-003" type="0"/>
    <Peak1D F1="10.088798" intensity="1.341328e-001" type="0"/>
    <Peak1D F1="10.084516" intensity="1.702142e-001" type="0"/>
    <Peak1D F1="10.079458" intensity="1.017966e-001" type="0"/>
    <Peak1D F1="10.039165" intensity="2.369066e-003" type="0"/>
    <Peak1D F1="8.520124" intensity="1.733619e-003" type="0"/>
    <Peak1D F1="8.382792" intensity="5.373633e-003" type="0"/>
    <Peak1D F1="8.332006" intensity="1.070588e-001" type="0"/>
    <Peak1D F1="8.327205" intensity="1.451666e-001" type="0"/>
    <Peak1D F1="8.321954" intensity="1.059673e-001" type="0"/>
    <Peak1D F1="8.315664" intensity="6.273922e-002" type="0"/>
    <Peak1D F1="8.310214" intensity="1.391777e-001" type="0"/>
    <Peak1D F1="8.305692" intensity="1.498810e-001" type="0"/>
    <Peak1D F1="8.299927" intensity="8.961261e-002" type="0"/>
    <Peak1D F1="8.271416" intensity="1.172226e-002" type="0"/>
    <Peak1D F1="8.229994" intensity="9.331543e-002" type="0"/>
    <Peak1D F1="8.225626" intensity="1.255634e-001" type="0"/>
    <Peak1D F1="8.220375" intensity="1.115927e-001" type="0"/>
    <Peak1D F1="8.213083" intensity="1.344991e-001" type="0"/>
    <Peak1D F1="8.208324" intensity="2.153364e-001" type="0"/>
    <Peak1D F1="8.203347" intensity="2.035867e-001" type="0"/>
    <Peak1D F1="8.197285" intensity="1.468264e-001" type="0"/>
    <Peak1D F1="8.191196" intensity="1.841934e-001" type="0"/>
    <Peak1D F1="8.186353" intensity="1.759753e-001" type="0"/>
    <Peak1D F1="8.180661" intensity="1.321444e-001" type="0"/>
    <Peak1D F1="8.173848" intensity="1.085730e-001" type="0"/>
    <Peak1D F1="8.169169" intensity="1.237772e-001" type="0"/>
    <Peak1D F1="8.163824" intensity="1.090915e-001" type="0"/>
    <Peak1D F1="8.141294" intensity="1.379841e+000" type="0"/>
    <Peak1D F1="8.136016" intensity="1.727053e+000" type="0"/>
    <Peak1D F1="8.131001" intensity="1.265672e+000" type="0"/>
    <Peak1D F1="8.128798" intensity="1.239229e+000" type="0"/>
    <Peak1D F1="8.124350" intensity="1.069324e+000" type="0"/>
    <Peak1D F1="8.119189" intensity="1.841093e+000" type="0"/>
    <Peak1D F1="8.113836" intensity="1.782994e+000" type="0"/>
    <Peak1D F1="8.108198" intensity="1.087459e+000" type="0"/>
    <Peak1D F1="8.091371" intensity="1.138970e-001" type="0"/>
    <Peak1D F1="8.085835" intensity="8.046540e-002" type="0"/>
    <Peak1D F1="8.078937" intensity="5.561266e-002" type="0"/>
    <Peak1D F1="8.074502" intensity="3.716644e-002" type="0"/>
    <Peak1D F1="8.069494" intensity="5.203661e-002" type="0"/>
    <Peak1D F1="8.063968" intensity="3.676959e-002" type="0"/>
    <Peak1D F1="8.057139" intensity="2.843542e-002" type="0"/>
    <Peak1D F1="8.050174" intensity="1.934316e-002" type="0"/>
    <Peak1D F1="8.043520" intensity="1.558256e-002" type="0"/>
    <Peak1D F1="8.023359" intensity="1.319690e-001" type="0"/>
    <Peak1D F1="8.019740" intensity="1.952318e-001" type="0"/>
    <Peak1D F1="8.015112" intensity="1.473692e-001" type="0"/>
    <Peak1D F1="8.010329" intensity="4.578888e-002" type="0"/>
    <Peak1D F1="8.006257" intensity="4.857744e-002" type="0"/>
    <Peak1D F1="8.001500" intensity="1.356964e-001" type="0"/>
    <Peak1D F1="7.997639" intensity="1.712683e-001" type="0"/>
    <Peak1D F1="7.993302" intensity="9.423906e-002" type="0"/>
    <Peak1D F1="7.972977" intensity="9.752314e-003" type="0"/>
    <Peak1D F1="7.938124" intensity="7.102022e-002" type="0"/>
    <Peak1D F1="7.933074" intensity="8.388586e-002" type="0"/>
    <Peak1D F1="7.923033" intensity="1.316907e-001" type="0"/>
    <Peak1D F1="7.917645" intensity="1.392859e-001" type="0"/>
    <Peak1D F1="7.912933" intensity="1.348341e-001" type="0"/>
    <Peak1D F1="7.906917" intensity="1.274567e-001" type="0"/>
    <Peak1D F1="7.896583" intensity="8.726298e-002" type="0"/>
    <Peak1D F1="7.891780" intensity="7.004020e-002" type="0"/>
    <Peak1D F1="7.853900" intensity="9.748889e-003" type="0"/>
    <Peak1D F1="7.847930" intensity="7.991118e-003" type="0"/>
    <Peak1D F1="7.838039" intensity="1.130642e-002" type="0"/>
    <Peak1D F1="7.833364" intensity="1.150389e-002" type="0"/>
    <Peak1D F1="7.816443" intensity="1.058479e-002" type="0"/>
    <Peak1D F1="7.785768" intensity="4.647928e-002" type="0"/>
    <Peak1D F1="7.769392" intensity="6.441658e-002" type="0"/>
    <Peak1D F1="7.759948" intensity="1.130581e-001" type="0"/>
    <Peak1D F1="7.741728" intensity="1.671052e-001" type="0"/>
    <Peak1D F1="7.723274" intensity="1.218421e-001" type="0"/>
    <Peak1D F1="7.708718" intensity="2.720837e-002" type="0"/>
    <Peak1D F1="7.691005" intensity="2.083203e-002" type="0"/>
    <Peak1D F1="7.673059" intensity="3.018085e-002" type="0"/>
    <Peak1D F1="7.654244" intensity="2.377355e-002" type="0"/>
    <Peak1D F1="7.632175" intensity="1.145562e-001" type="0"/>
    <Peak1D F1="7.611935" intensity="1.309989e-001" type="0"/>
    <Peak1D F1="7.596803" intensity="3.653578e-002" type="0"/>
    <Peak1D F1="7.591035" intensity="4.054671e-002" type="0"/>
    <Peak1D F1="7.569798" intensity="3.864626e-002" type="0"/>
    <Peak1D F1="7.550484" intensity="1.556338e-001" type="0"/>
    <Peak1D F1="7.529377" intensity="1.847294e-001" type="0"/>
    <Peak1D F1="7.507124" intensity="2.985552e-001" type="0"/>
    <Peak1D F1="7.505711" intensity="2.965049e-001" type="0"/>
    <Peak1D F1="7.479876" intensity="1.453275e+000" type="0"/>
    <Peak1D F1="7.476054" intensity="1.926235e+000" type="0"/>
    <Peak1D F1="7.472260" intensity="1.682905e+000" type="0"/>
    <Peak1D F1="7.458414" intensity="1.460729e+000" type="0"/>
    <Peak1D F1="7.455020" intensity="1.731932e+000" type="0"/>
    <Peak1D F1="7.454055" intensity="1.648925e+000" type="0"/>
    <Peak1D F1="7.450305" intensity="1.261882e+000" type="0"/>
    <Peak1D F1="7.430133" intensity="6.668854e-002" type="0"/>
    <Peak1D F1="7.422726" intensity="5.895554e-002" type="0"/>
    <Peak1D F1="7.408772" intensity="3.799681e-002" type="0"/>
    <Peak1D F1="7.405027" intensity="3.116827e-002" type="0"/>
    <Peak1D F1="7.400106" intensity="3.457707e-002" type="0"/>
    <Peak1D F1="7.376537" intensity="1.211886e-002" type="0"/>
    <Peak1D F1="7.348192" intensity="4.201731e-003" type="0"/>
    <Peak1D F1="7.331465" intensity="6.891890e-003" type="0"/>
    <Peak1D F1="7.300148" intensity="1.698388e-002" type="0"/>
    <Peak1D F1="7.278377" intensity="1.917602e-001" type="0"/>
    <Peak1D F1="7.229068" intensity="9.851074e+000" type="0"/>
    <Peak1D F1="7.206624" intensity="1.927904e-002" type="0"/>
    <Peak1D F1="7.201206" intensity="1.229687e-002" type="0"/>
    <Peak1D F1="7.178608" intensity="1.833261e-001" type="0"/>
    <Peak1D F1="7.151734" intensity="1.628873e-003" type="0"/>
    <Peak1D F1="7.134227" intensity="5.293562e-003" type="0"/>
    <Peak1D F1="7.128824" intensity="7.815821e-003" type="0"/>
    <Peak1D F1="7.111850" intensity="1.202433e-002" type="0"/>
    <Peak1D F1="7.106128" intensity="8.722141e-003" type="0"/>
    <Peak1D F1="7.094427" intensity="1.058168e-002" type="0"/>
    <Peak1D F1="7.075248" intensity="4.674904e-002" type="0"/>
    <Peak1D F1="7.070567" intensity="6.127766e-002" type="0"/>
    <Peak1D F1="7.064707" intensity="4.930582e-002" type="0"/>
    <Peak1D F1="7.053073" intensity="1.208061e-001" type="0"/>
    <Peak1D F1="7.048467" intensity="1.377779e-001" type="0"/>
    <Peak1D F1="7.030880" intensity="1.256851e-001" type="0"/>
    <Peak1D F1="7.028074" intensity="1.398280e-001" type="0"/>
    <Peak1D F1="7.022030" intensity="1.106010e-001" type="0"/>
    <Peak1D F1="7.016084" intensity="7.206101e-002" type="0"/>
    <Peak1D F1="7.010821" intensity="8.435782e-002" type="0"/>
    <Peak1D F1="7.005988" intensity="8.600687e-002" type="0"/>
    <Peak1D F1="6.999133" intensity="9.400169e-002" type="0"/>
    <Peak1D F1="6.996417" intensity="1.159557e-001" type="0"/>
    <Peak1D F1="6.994112" intensity="1.078689e-001" type="0"/>
    <Peak1D F1="6.990429" intensity="1.244112e-001" type="0"/>
    <Peak1D F1="6.981908" intensity="1.011562e-001" type="0"/>
    <Peak1D F1="6.973696" intensity="1.513610e-001" type="0"/>
    <Peak1D F1="6.967976" intensity="1.616697e-001" type="0"/>
    <Peak1D F1="6.964997" intensity="1.708744e-001" type="0"/>
    <Peak1D F1="6.951787" intensity="8.988731e-002" type="0"/>
    <Peak1D F1="6.945720" intensity="8.462413e-002" type="0"/>
    <Peak1D F1="6.924307" intensity="1.249187e-002" type="0"/>
    <Peak1D F1="6.847433" intensity="6.520099e-003" type="0"/>
    <Peak1D F1="6.830379" intensity="9.322540e-003" type="0"/>
    <Peak1D F1="6.825143" intensity="1.053958e-002" type="0"/>
    <Peak1D F1="6.808106" intensity="5.628445e-003" type="0"/>
    <Peak1D F1="6.803124" intensity="5.395964e-003" type="0"/>
    <Peak1D F1="6.735819" intensity="2.551655e-003" type="0"/>
    <Peak1D F1="6.713934" intensity="1.701530e-003" type="0"/>
    <Peak1D F1="6.205802" intensity="5.656480e-003" type="0"/>
    <Peak1D F1="6.200548" intensity="8.366908e-003" type="0"/>
    <Peak1D F1="6.195254" intensity="5.242870e-003" type="0"/>
    <Peak1D F1="6.112082" intensity="8.646178e-003" type="0"/>
    <Peak1D F1="6.087747" intensity="1.109462e-002" type="0"/>
    <Peak1D F1="6.056994" intensity="5.934417e-002" type="0"/>
    <Peak1D F1="6.052206" intensity="3.897543e-002" type="0"/>
    <Peak1D F1="6.045458" intensity="5.214164e-002" type="0"/>
    <Peak1D F1="6.007170" intensity="2.021155e+000" type="0"/>
    <Peak1D F1="6.002226" intensity="2.476520e+000" type="0"/>
    <Peak1D F1="5.995631" intensity="1.359500e+000" type="0"/>
    <Peak1D F1="5.957301" intensity="5.465828e-002" type="0"/>
    <Peak1D F1="5.952217" intensity="3.281955e-002" type="0"/>
    <Peak1D F1="5.945611" intensity="3.341964e-002" type="0"/>
    <Peak1D F1="5.938481" intensity="3.145922e-002" type="0"/>
    <Peak1D F1="5.927650" intensity="2.978619e-002" type="0"/>
    <Peak1D F1="5.851920" intensity="4.117205e-003" type="0"/>
    <Peak1D F1="5.800150" intensity="8.295892e-002" type="0"/>
    <Peak1D F1="5.761768" intensity="2.106602e-002" type="0"/>
    <Peak1D F1="5.707325" intensity="2.072024e-002" type="0"/>
    <Peak1D F1="5.673714" intensity="1.838374e-002" type="0"/>
    <Peak1D F1="5.636115" intensity="6.400479e-002" type="0"/>
    <Peak1D F1="5.609228" intensity="6.245361e-002" type="0"/>
    <Peak1D F1="5.570722" intensity="7.251488e-003" type="0"/>
    <Peak1D F1="5.544195" intensity="7.662231e-003" type="0"/>
    <Peak1D F1="5.500707" intensity="7.690957e-003" type="0"/>
    <Peak1D F1="5.461823" intensity="1.069704e-001" type="0"/>
    <Peak1D F1="5.456758" intensity="1.014562e-001" type="0"/>
    <Peak1D F1="5.430745" intensity="1.616625e-002" type="0"/>
    <Peak1D F1="5.381188" intensity="7.028678e-003" type="0"/>
    <Peak1D F1="5.332678" intensity="1.582100e-001" type="0"/>
    <Peak1D F1="5.281271" intensity="5.647743e-003" type="0"/>
    <Peak1D F1="4.995177" intensity="6.592068e-003" type="0"/>
    <Peak1D F1="4.973468" intensity="7.078105e-003" type="0"/>
    <Peak1D F1="4.937778" intensity="1.910831e-003" type="0"/>
    <Peak1D F1="4.923334" intensity="1.112446e-002" type="0"/>
    <Peak1D F1="4.901660" intensity="1.911594e-002" type="0"/>
    <Peak1D F1="4.888017" intensity="2.826378e-002" type="0"/>
    <Peak1D F1="4.866180" intensity="7.225125e-002" type="0"/>
    <Peak1D F1="4.843769" intensity="5.295717e-002" type="0"/>
    <Peak1D F1="4.816004" intensity="1.466856e+000" type="0"/>
    <Peak1D F1="4.793986" intensity="1.503286e+000" type="0"/>
    <Peak1D F1="4.765923" intensity="6.391426e-002" type="0"/>
    <Peak1D F1="4.743371" intensity="9.633510e-002" type="0"/>
    <Peak1D F1="4.701402" intensity="2.693425e-001" type="0"/>
    <Peak1D F1="4.610719" intensity="2.569192e-002" type="0"/>
    <Peak1D F1="4.106171" intensity="1.583842e-003" type="0"/>
    <Peak1D F1="4.040106" intensity="5.254564e-003" type="0"/>
    <Peak1D F1="3.990533" intensity="6.902222e-003" type="0"/>
    <Peak1D F1="3.919198" intensity="2.636712e-003" type="0"/>
    <Peak1D F1="3.879152" intensity="3.108855e-003" type="0"/>
    <Peak1D F1="3.869232" intensity="3.180203e-002" type="0"/>
    <Peak1D F1="3.864417" intensity="3.971571e-002" type="0"/>
    <Peak1D F1="3.858161" intensity="2.273127e-002" type="0"/>
    <Peak1D F1="3.840213" intensity="6.743645e-003" type="0"/>
    <Peak1D F1="3.836044" intensity="6.661821e-003" type="0"/>
    <Peak1D F1="3.802367" intensity="2.205270e-002" type="0"/>
    <Peak1D F1="3.797661" intensity="2.521309e-002" type="0"/>
    <Peak1D F1="3.791209" intensity="1.778165e-002" type="0"/>
    <Peak1D F1="3.783310" intensity="1.112594e-002" type="0"/>
    <Peak1D F1="3.741586" intensity="1.870293e-001" type="0"/>
    <Peak1D F1="3.736973" intensity="1.242045e-001" type="0"/>
    <Peak1D F1="3.730635" intensity="1.112951e-001" type="0"/>
    <Peak1D F1="3.691818" intensity="6.135054e+000" type="0"/>
    <Peak1D F1="3.687015" intensity="7.634337e+000" type="0"/>
    <Peak1D F1="3.680710" intensity="4.224904e+000" type="0"/>
    <Peak1D F1="3.650612" intensity="2.825045e-002" type="0"/>
    <Peak1D F1="3.641908" intensity="1.727612e-001" type="0"/>
    <Peak1D F1="3.637018" intensity="1.080709e-001" type="0"/>
    <Peak1D F1="3.630717" intensity="9.816768e-002" type="0"/>
    <Peak1D F1="3.591350" intensity="6.837311e-003" type="0"/>
    <Peak1D F1="3.586915" intensity="6.186309e-003" type="0"/>
    <Peak1D F1="3.574004" intensity="2.810303e-003" type="0"/>
    <Peak1D F1="3.559349" intensity="2.655238e-003" type="0"/>
    <Peak1D F1="3.509557" intensity="3.218779e-002" type="0"/>
    <Peak1D F1="3.504752" intensity="4.119585e-002" type="0"/>
    <Peak1D F1="3.498532" intensity="2.261832e-002" type="0"/>
    <Peak1D F1="3.482922" intensity="1.140647e-002" type="0"/>
    <Peak1D F1="3.478697" intensity="1.404983e-002" type="0"/>
    <Peak1D F1="3.473469" intensity="8.761552e-003" type="0"/>
    <Peak1D F1="3.441209" intensity="5.268116e-003" type="0"/>
    <Peak1D F1="3.391393" intensity="1.161675e-001" type="0"/>
    <Peak1D F1="3.385183" intensity="1.231063e-001" type="0"/>
    <Peak1D F1="3.376634" intensity="6.723537e-002" type="0"/>
    <Peak1D F1="3.341592" intensity="1.125632e-002" type="0"/>
    <Peak1D F1="3.325605" intensity="1.216362e-002" type="0"/>
    <Peak1D F1="3.270703" intensity="1.814158e-002" type="0"/>
    <Peak1D F1="3.253365" intensity="1.391916e-002" type="0"/>
    <Peak1D F1="2.950042" intensity="2.868701e-003" type="0"/>
    <Peak1D F1="2.934102" intensity="3.328239e-003" type="0"/>
    <Peak1D F1="2.917421" intensity="1.662002e-003" type="0"/>
    <Peak1D F1="2.817594" intensity="3.681976e-003" type="0"/>
    <Peak1D F1="2.784896" intensity="2.323107e-002" type="0"/>
    <Peak1D F1="2.765267" intensity="3.935159e-002" type="0"/>
    <Peak1D F1="2.746004" intensity="2.683011e-002" type="0"/>
    <Peak1D F1="2.700167" intensity="4.751909e-003" type="0"/>
    <Peak1D F1="2.678891" intensity="4.981724e-003" type="0"/>
    <Peak1D F1="2.648139" intensity="4.808661e-003" type="0"/>
    <Peak1D F1="2.625922" intensity="6.963548e-003" type="0"/>
    <Peak1D F1="2.592407" intensity="8.641765e-003" type="0"/>
    <Peak1D F1="2.543251" intensity="5.260722e-002" type="0"/>
    <Peak1D F1="2.495990" intensity="1.951922e-002" type="0"/>
    <Peak1D F1="2.477813" intensity="1.628018e-002" type="0"/>
    <Peak1D F1="2.462475" intensity="2.055494e-002" type="0"/>
    <Peak1D F1="2.408871" intensity="2.070596e-001" type="0"/>
    <Peak1D F1="2.404187" intensity="2.480912e-001" type="0"/>
    <Peak1D F1="2.398633" intensity="2.514234e-001" type="0"/>
    <Peak1D F1="2.393374" intensity="2.636492e-001" type="0"/>
    <Peak1D F1="2.388068" intensity="2.919208e-001" type="0"/>
    <Peak1D F1="2.383644" intensity="2.982395e-001" type="0"/>
    <Peak1D F1="2.373773" intensity="4.131678e-001" type="0"/>
    <Peak1D F1="2.371779" intensity="4.130454e-001" type="0"/>
    <Peak1D F1="2.361620" intensity="4.241773e-001" type="0"/>
    <Peak1D F1="2.352574" intensity="8.225110e-001" type="0"/>
    <Peak1D F1="2.343806" intensity="7.300884e-001" type="0"/>
    <Peak1D F1="2.331294" intensity="6.520423e-001" type="0"/>
    <Peak1D F1="2.322287" intensity="6.490436e-001" type="0"/>
    <Peak1D F1="2.301738" intensity="3.211697e-001" type="0"/>
    <Peak1D F1="2.283488" intensity="8.893651e-002" type="0"/>
    <Peak1D F1="2.277927" intensity="8.951347e-002" type="0"/>
    <Peak1D F1="2.269093" intensity="1.028990e-001" type="0"/>
    <Peak1D F1="2.264470" intensity="1.131245e-001" type="0"/>
    <Peak1D F1="2.243691" intensity="1.268774e-001" type="0"/>
    <Peak1D F1="2.238377" intensity="1.234221e-001" type="0"/>
    <Peak1D F1="2.226127" intensity="2.321693e-001" type="0"/>
    <Peak1D F1="2.219936" intensity="2.406199e-001" type="0"/>
    <Peak1D F1="2.211118" intensity="1.991113e-001" type="0"/>
    <Peak1D F1="2.203537" intensity="3.031906e-001" type="0"/>
    <Peak1D F1="2.197806" intensity="4.072249e-001" type="0"/>
    <Peak1D F1="2.192968" intensity="3.714843e-001" type="0"/>
    <Peak1D F1="2.177341" intensity="4.276477e-001" type="0"/>
    <Peak1D F1="2.171055" intensity="4.522349e-001" type="0"/>
    <Peak1D F1="2.162416" intensity="3.545249e-001" type="0"/>
    <Peak1D F1="2.155049" intensity="3.808040e-001" type="0"/>
    <Peak1D F1="2.149004" intensity="4.923427e-001" type="0"/>
    <Peak1D F1="2.144777" intensity="5.137259e-001" type="0"/>
    <Peak1D F1="2.137264" intensity="6.731058e-001" type="0"/>
    <Peak1D F1="2.133398" intensity="6.469221e-001" type="0"/>
    <Peak1D F1="2.128310" intensity="7.341815e-001" type="0"/>
    <Peak1D F1="2.125621" intensity="7.543359e-001" type="0"/>
    <Peak1D F1="2.102235" intensity="5.763327e+000" type="0"/>
    <Peak1D F1="2.099509" intensity="6.095871e+000" type="0"/>
    <Peak1D F1="2.097004" intensity="6.595815e+000" type="0"/>
    <Peak1D F1="2.094483" intensity="6.944745e+000" type="0"/>
    <Peak1D F1="2.087410" intensity="1.305352e+001" type="0"/>
    <Peak1D F1="2.085849" intensity="1.256737e+001" type="0"/>
    <Peak1D F1="2.082720" intensity="1.500000e+001" type="0"/>
    <Peak1D F1="2.076716" intensity="1.198482e+001" type="0"/>
    <Peak1D F1="2.069197" intensity="8.231005e+000" type="0"/>
    <Peak1D F1="2.066247" intensity="7.650517e+000" type="0"/>
    <Peak1D F1="2.064501" intensity="7.805178e+000" type="0"/>
    <Peak1D F1="2.044009" intensity="7.556741e-001" type="0"/>
    <Peak1D F1="2.037951" intensity="7.517431e-001" type="0"/>
    <Peak1D F1="2.033684" intensity="6.430084e-001" type="0"/>
    <Peak1D F1="2.027003" intensity="4.934482e-001" type="0"/>
    <Peak1D F1="2.019380" intensity="3.570057e-001" type="0"/>
    <Peak1D F1="1.967741" intensity="3.868904e-001" type="0"/>
    <Peak1D F1="1.962733" intensity="4.418847e-001" type="0"/>
    <Peak1D F1="1.956933" intensity="5.623705e-001" type="0"/>
    <Peak1D F1="1.946487" intensity="7.764191e-001" type="0"/>
    <Peak1D F1="1.937141" intensity="1.032055e+000" type="0"/>
    <Peak1D F1="1.933181" intensity="1.046868e+000" type="0"/>
    <Peak1D F1="1.918034" intensity="2.036356e+000" type="0"/>
    <Peak1D F1="1.902285" intensity="7.555830e+000" type="0"/>
    <Peak1D F1="1.896484" intensity="9.332142e+000" type="0"/>
    <Peak1D F1="1.887729" intensity="1.447619e+001" type="0"/>
    <Peak1D F1="1.883394" intensity="1.477583e+001" type="0"/>
    <Peak1D F1="1.877706" intensity="1.202625e+001" type="0"/>
    <Peak1D F1="1.871943" intensity="7.218477e+000" type="0"/>
    <Peak1D F1="1.868639" intensity="6.524875e+000" type="0"/>
    <Peak1D F1="1.850346" intensity="9.310081e-001" type="0"/>
    <Peak1D F1="1.846727" intensity="8.363886e-001" type="0"/>
    <Peak1D F1="1.840695" intensity="5.895903e-001" type="0"/>
    <Peak1D F1="1.837978" intensity="6.491280e-001" type="0"/>
    <Peak1D F1="1.828250" intensity="4.240012e-001" type="0"/>
    <Peak1D F1="1.821622" intensity="2.612598e-001" type="0"/>
    <Peak1D F1="1.819009" intensity="2.645665e-001" type="0"/>
    <Peak1D F1="1.750955" intensity="9.604184e-002" type="0"/>
    <Peak1D F1="1.738364" intensity="1.578139e-001" type="0"/>
    <Peak1D F1="1.732977" intensity="1.560467e-001" type="0"/>
    <Peak1D F1="1.726692" intensity="1.733529e-001" type="0"/>
    <Peak1D F1="1.721323" intensity="2.331908e-001" type="0"/>
    <Peak1D F1="1.716690" intensity="2.980615e-001" type="0"/>
    <Peak1D F1="1.711461" intensity="3.210555e-001" type="0"/>
    <Peak1D F1="1.696106" intensity="6.666979e-001" type="0"/>
    <Peak1D F1="1.676749" intensity="1.015187e+000" type="0"/>
    <Peak1D F1="1.674303" intensity="1.029045e+000" type="0"/>
    <Peak1D F1="1.657474" intensity="7.275655e-001" type="0"/>
    <Peak1D F1="1.653396" intensity="7.201666e-001" type="0"/>
    <Peak1D F1="1.642072" intensity="4.802184e-001" type="0"/>
    <Peak1D F1="1.637912" intensity="4.215548e-001" type="0"/>
    <Peak1D F1="1.626320" intensity="2.730204e-001" type="0"/>
    <Peak1D F1="1.620866" intensity="2.119624e-001" type="0"/>
    <Peak1D F1="1.614982" intensity="2.091828e-001" type="0"/>
    <Peak1D F1="1.610997" intensity="2.000941e-001" type="0"/>
    <Peak1D F1="1.571736" intensity="7.398391e-002" type="0"/>
    <Peak1D F1="1.564123" intensity="7.102562e-002" type="0"/>
    <Peak1D F1="1.542708" intensity="1.511309e-001" type="0"/>
    <Peak1D F1="1.537097" intensity="1.621616e-001" type="0"/>
    <Peak1D F1="1.526288" intensity="2.459776e-001" type="0"/>
    <Peak1D F1="1.507716" intensity="4.181592e-001" type="0"/>
    <Peak1D F1="1.490559" intensity="4.202865e-001" type="0"/>
    <Peak1D F1="1.477940" intensity="3.558111e-001" type="0"/>
    <Peak1D F1="1.458534" intensity="3.022245e-001" type="0"/>
    <Peak1D F1="1.440556" intensity="1.020981e-001" type="0"/>
    <Peak1D F1="1.432994" intensity="7.490925e-002" type="0"/>
    <Peak1D F1="1.429556" intensity="7.501484e-002" type="0"/>
    <Peak1D F1="1.426312" intensity="7.184765e-002" type="0"/>
    <Peak1D F1="1.404944" intensity="3.316206e-002" type="0"/>
    <Peak1D F1="1.379673" intensity="3.730894e-002" type="0"/>
    <Peak1D F1="1.351957" intensity="3.293856e-002" type="0"/>
    <Peak1D F1="1.333682" intensity="2.293248e-002" type="0"/>
    <Peak1D F1="1.227363" intensity="2.863109e-002" type="0"/>
    <Peak1D F1="1.180509" intensity="8.572423e-002" type="0"/>
    <Peak1D F1="1.033762" intensity="6.419481e-003" type="0"/>
    <Peak1D F1="0.991686" intensity="6.225885e-003" type="0"/>
    <Peak1D F1="0.918283" intensity="4.472720e-003" type="0"/>
    <Peak1D F1="0.877731" intensity="4.398790e-003" type="0"/>
    <Peak1D F1="0.863072" intensity="4.839019e-003" type="0"/>
    <Peak1D F1="0.800097" intensity="2.042048e-002" type="0"/>
    <Peak1D F1="0.777948" intensity="1.857411e-002" type="0"/>
    <Peak1D F1="0.666487" intensity="3.155238e-003" type="0"/>
    <Peak1D F1="0.656661" intensity="3.497536e-003" type="0"/>
    <Peak1D F1="0.651695" intensity="3.488757e-003" type="0"/>
    <Peak1D F1="0.561519" intensity="1.674117e-003" type="0"/>
    <Peak1D F1="0.551276" intensity="1.508931e-003" type="0"/>
    <Peak1D F1="0.053320" intensity="1.424927e-003" type="0"/>
    <Peak1D F1="0.003336" intensity="3.888546e-002" type="0"/>
    <Peak1D F1="-0.000151" intensity="5.289985e-002" type="0"/>
    <Peak1D F1="-0.004032" intensity="3.296981e-002" type="0"/>
  </PeakList1D>
</PeakList>
