<?xml version="1.0" encoding="UTF-8"?>
<PeakList>
  <PeakList1D>
    <PeakList1DHeader creator="nmr" date="2021-10-21T10:03:03.231+03:00" expNo="10" name="ID_447_D_1" owner="" procNo="1" source="//132.72.8.180/400b/Milo/Milo">
      <PeakPickDetails>F1=16.115259ppm, F2=-3.913786ppm, MI=0.00cm, MAXI=10000.00cm, PC=1.000
      </PeakPickDetails>
    </PeakList1DHeader>
    <Peak1D F1="13.330846" intensity="8.286963e-004" type="0"/>
    <Peak1D F1="13.314756" intensity="8.438639e-004" type="0"/>
    <Peak1D F1="10.296540" intensity="1.497953e-003" type="0"/>
    <Peak1D F1="10.126624" intensity="5.433531e-003" type="0"/>
    <Peak1D F1="10.076119" intensity="2.708690e-001" type="0"/>
    <Peak1D F1="10.044594" intensity="2.023813e-003" type="0"/>
    <Peak1D F1="10.026037" intensity="3.273366e-003" type="0"/>
    <Peak1D F1="9.849535" intensity="1.219449e-003" type="0"/>
    <Peak1D F1="8.784283" intensity="8.414104e-004" type="0"/>
    <Peak1D F1="8.720003" intensity="9.510182e-004" type="0"/>
    <Peak1D F1="8.643865" intensity="1.079041e-003" type="0"/>
    <Peak1D F1="8.581937" intensity="1.243442e-003" type="0"/>
    <Peak1D F1="8.535834" intensity="1.774229e-003" type="0"/>
    <Peak1D F1="8.506340" intensity="1.846750e-003" type="0"/>
    <Peak1D F1="8.490860" intensity="1.712846e-003" type="0"/>
    <Peak1D F1="8.481679" intensity="1.875545e-003" type="0"/>
    <Peak1D F1="8.385591" intensity="4.371693e-003" type="0"/>
    <Peak1D F1="8.372227" intensity="7.109754e-003" type="0"/>
    <Peak1D F1="8.349509" intensity="9.421545e-003" type="0"/>
    <Peak1D F1="8.343934" intensity="1.534818e-002" type="0"/>
    <Peak1D F1="8.337427" intensity="1.701706e-002" type="0"/>
    <Peak1D F1="8.321348" intensity="1.963586e-001" type="0"/>
    <Peak1D F1="8.299621" intensity="2.153495e-001" type="0"/>
    <Peak1D F1="8.270947" intensity="1.052384e-002" type="0"/>
    <Peak1D F1="8.250053" intensity="1.658696e-002" type="0"/>
    <Peak1D F1="8.239327" intensity="2.281350e-002" type="0"/>
    <Peak1D F1="8.234214" intensity="2.354326e-002" type="0"/>
    <Peak1D F1="8.216926" intensity="3.681546e-002" type="0"/>
    <Peak1D F1="8.200231" intensity="2.188248e-001" type="0"/>
    <Peak1D F1="8.195651" intensity="1.145884e-001" type="0"/>
    <Peak1D F1="8.188806" intensity="1.190504e-001" type="0"/>
    <Peak1D F1="8.178356" intensity="2.789266e-001" type="0"/>
    <Peak1D F1="8.171622" intensity="1.378951e-001" type="0"/>
    <Peak1D F1="8.166805" intensity="1.458483e-001" type="0"/>
    <Peak1D F1="8.160318" intensity="1.392758e-001" type="0"/>
    <Peak1D F1="8.154948" intensity="9.662244e-002" type="0"/>
    <Peak1D F1="8.137029" intensity="5.891957e-001" type="0"/>
    <Peak1D F1="8.131630" intensity="3.320143e+000" type="0"/>
    <Peak1D F1="8.126971" intensity="1.291311e+000" type="0"/>
    <Peak1D F1="8.120318" intensity="8.723424e-001" type="0"/>
    <Peak1D F1="8.114433" intensity="1.403854e+000" type="0"/>
    <Peak1D F1="8.109715" intensity="3.499576e+000" type="0"/>
    <Peak1D F1="8.103866" intensity="6.963418e-001" type="0"/>
    <Peak1D F1="8.098560" intensity="6.689074e-001" type="0"/>
    <Peak1D F1="8.081500" intensity="6.975050e-002" type="0"/>
    <Peak1D F1="8.059569" intensity="6.688987e-002" type="0"/>
    <Peak1D F1="8.044167" intensity="6.738900e-002" type="0"/>
    <Peak1D F1="8.030831" intensity="2.167145e-002" type="0"/>
    <Peak1D F1="8.015076" intensity="6.795276e-002" type="0"/>
    <Peak1D F1="8.009790" intensity="2.531157e-001" type="0"/>
    <Peak1D F1="8.004821" intensity="1.065425e-001" type="0"/>
    <Peak1D F1="7.992267" intensity="1.876443e-001" type="0"/>
    <Peak1D F1="7.988066" intensity="3.224057e-001" type="0"/>
    <Peak1D F1="7.974861" intensity="1.051930e-001" type="0"/>
    <Peak1D F1="7.959404" intensity="1.702141e-002" type="0"/>
    <Peak1D F1="7.943248" intensity="9.038828e-002" type="0"/>
    <Peak1D F1="7.922877" intensity="1.041916e-001" type="0"/>
    <Peak1D F1="7.901701" intensity="1.215913e-001" type="0"/>
    <Peak1D F1="7.884123" intensity="4.196645e-002" type="0"/>
    <Peak1D F1="7.858324" intensity="9.888704e-003" type="0"/>
    <Peak1D F1="7.836734" intensity="8.775753e-003" type="0"/>
    <Peak1D F1="7.828887" intensity="6.233137e-003" type="0"/>
    <Peak1D F1="7.798480" intensity="7.079494e-003" type="0"/>
    <Peak1D F1="7.778475" intensity="7.527465e-003" type="0"/>
    <Peak1D F1="7.746741" intensity="4.285476e-003" type="0"/>
    <Peak1D F1="7.714691" intensity="9.174769e-003" type="0"/>
    <Peak1D F1="7.698400" intensity="1.304823e-002" type="0"/>
    <Peak1D F1="7.679032" intensity="3.867578e-002" type="0"/>
    <Peak1D F1="7.659630" intensity="4.545871e-002" type="0"/>
    <Peak1D F1="7.649744" intensity="3.840520e-002" type="0"/>
    <Peak1D F1="7.633020" intensity="7.886393e-002" type="0"/>
    <Peak1D F1="7.612988" intensity="1.632258e-001" type="0"/>
    <Peak1D F1="7.593770" intensity="1.273894e-001" type="0"/>
    <Peak1D F1="7.577770" intensity="6.723880e-002" type="0"/>
    <Peak1D F1="7.571384" intensity="3.261414e-002" type="0"/>
    <Peak1D F1="7.549441" intensity="2.086795e-001" type="0"/>
    <Peak1D F1="7.527532" intensity="2.032115e-001" type="0"/>
    <Peak1D F1="7.517955" intensity="1.270948e-001" type="0"/>
    <Peak1D F1="7.512714" intensity="1.948192e-001" type="0"/>
    <Peak1D F1="7.495057" intensity="2.201637e-001" type="0"/>
    <Peak1D F1="7.490972" intensity="2.299687e-001" type="0"/>
    <Peak1D F1="7.467529" intensity="3.270319e+000" type="0"/>
    <Peak1D F1="7.445687" intensity="3.177190e+000" type="0"/>
    <Peak1D F1="7.428401" intensity="4.617764e-001" type="0"/>
    <Peak1D F1="7.417654" intensity="1.250182e-001" type="0"/>
    <Peak1D F1="7.408831" intensity="1.256337e-001" type="0"/>
    <Peak1D F1="7.395208" intensity="7.150835e-002" type="0"/>
    <Peak1D F1="7.390765" intensity="5.887950e-002" type="0"/>
    <Peak1D F1="7.364997" intensity="1.325682e-002" type="0"/>
    <Peak1D F1="7.346872" intensity="1.848240e-002" type="0"/>
    <Peak1D F1="7.327223" intensity="2.738683e-002" type="0"/>
    <Peak1D F1="7.310213" intensity="3.604580e-002" type="0"/>
    <Peak1D F1="7.303903" intensity="4.599275e-002" type="0"/>
    <Peak1D F1="7.296227" intensity="2.703619e-002" type="0"/>
    <Peak1D F1="7.289342" intensity="2.050515e-002" type="0"/>
    <Peak1D F1="7.281174" intensity="2.062262e-002" type="0"/>
    <Peak1D F1="7.260185" intensity="1.997890e-001" type="0"/>
    <Peak1D F1="7.249370" intensity="3.115455e-002" type="0"/>
    <Peak1D F1="7.237356" intensity="4.878167e-002" type="0"/>
    <Peak1D F1="7.209882" intensity="9.946108e+000" type="0"/>
    <Peak1D F1="7.176934" intensity="1.066847e-002" type="0"/>
    <Peak1D F1="7.173407" intensity="1.013036e-002" type="0"/>
    <Peak1D F1="7.159669" intensity="1.393417e-001" type="0"/>
    <Peak1D F1="7.125358" intensity="4.238483e-003" type="0"/>
    <Peak1D F1="7.103772" intensity="4.378821e-003" type="0"/>
    <Peak1D F1="7.051988" intensity="1.073908e-003" type="0"/>
    <Peak1D F1="7.030722" intensity="1.761876e-003" type="0"/>
    <Peak1D F1="7.011429" intensity="5.162125e-003" type="0"/>
    <Peak1D F1="6.990236" intensity="6.114993e-003" type="0"/>
    <Peak1D F1="6.976768" intensity="5.497417e-003" type="0"/>
    <Peak1D F1="6.945342" intensity="6.233454e-002" type="0"/>
    <Peak1D F1="6.691926" intensity="5.231449e-003" type="0"/>
    <Peak1D F1="6.205108" intensity="7.532865e-003" type="0"/>
    <Peak1D F1="6.199847" intensity="1.442420e-002" type="0"/>
    <Peak1D F1="6.194493" intensity="8.638598e-003" type="0"/>
    <Peak1D F1="6.162933" intensity="1.945019e-003" type="0"/>
    <Peak1D F1="6.107476" intensity="9.109093e-003" type="0"/>
    <Peak1D F1="6.101431" intensity="7.880393e-003" type="0"/>
    <Peak1D F1="6.051523" intensity="1.425036e-001" type="0"/>
    <Peak1D F1="6.040720" intensity="1.913889e-002" type="0"/>
    <Peak1D F1="6.001260" intensity="5.290204e+000" type="0"/>
    <Peak1D F1="5.968018" intensity="1.536164e-002" type="0"/>
    <Peak1D F1="5.951027" intensity="8.058433e-002" type="0"/>
    <Peak1D F1="5.929113" intensity="8.088055e-002" type="0"/>
    <Peak1D F1="5.916897" intensity="8.193727e-002" type="0"/>
    <Peak1D F1="5.900742" intensity="9.424957e-003" type="0"/>
    <Peak1D F1="5.867660" intensity="1.012751e-002" type="0"/>
    <Peak1D F1="5.841559" intensity="7.120087e-003" type="0"/>
    <Peak1D F1="5.828418" intensity="8.619433e-003" type="0"/>
    <Peak1D F1="5.815685" intensity="8.371001e-003" type="0"/>
    <Peak1D F1="5.805134" intensity="1.323272e-002" type="0"/>
    <Peak1D F1="5.799550" intensity="1.816101e-002" type="0"/>
    <Peak1D F1="5.794183" intensity="1.069104e-002" type="0"/>
    <Peak1D F1="5.703482" intensity="2.332056e-003" type="0"/>
    <Peak1D F1="5.682884" intensity="2.372850e-003" type="0"/>
    <Peak1D F1="5.668187" intensity="3.394400e-003" type="0"/>
    <Peak1D F1="5.640911" intensity="2.491786e-003" type="0"/>
    <Peak1D F1="5.605200" intensity="2.836347e-003" type="0"/>
    <Peak1D F1="5.585189" intensity="3.954178e-003" type="0"/>
    <Peak1D F1="5.576365" intensity="2.416352e-003" type="0"/>
    <Peak1D F1="5.549932" intensity="3.516251e-003" type="0"/>
    <Peak1D F1="5.534277" intensity="2.615824e-003" type="0"/>
    <Peak1D F1="5.498371" intensity="3.955401e-003" type="0"/>
    <Peak1D F1="5.469626" intensity="3.926163e-003" type="0"/>
    <Peak1D F1="5.419120" intensity="1.819572e-001" type="0"/>
    <Peak1D F1="5.376801" intensity="1.058762e-002" type="0"/>
    <Peak1D F1="5.327157" intensity="1.551521e-001" type="0"/>
    <Peak1D F1="5.269969" intensity="6.727945e-003" type="0"/>
    <Peak1D F1="5.262280" intensity="5.304466e-003" type="0"/>
    <Peak1D F1="5.210152" intensity="8.328853e-003" type="0"/>
    <Peak1D F1="5.187740" intensity="1.358662e-003" type="0"/>
    <Peak1D F1="5.169360" intensity="1.245328e-003" type="0"/>
    <Peak1D F1="5.007195" intensity="2.298140e-003" type="0"/>
    <Peak1D F1="4.989238" intensity="2.616517e-003" type="0"/>
    <Peak1D F1="4.975181" intensity="8.881198e-003" type="0"/>
    <Peak1D F1="4.952425" intensity="9.688839e-003" type="0"/>
    <Peak1D F1="4.939325" intensity="2.050267e-003" type="0"/>
    <Peak1D F1="4.911462" intensity="6.494567e-003" type="0"/>
    <Peak1D F1="4.898587" intensity="8.268278e-003" type="0"/>
    <Peak1D F1="4.890065" intensity="8.703885e-003" type="0"/>
    <Peak1D F1="4.875101" intensity="1.358846e-002" type="0"/>
    <Peak1D F1="4.846304" intensity="4.183591e-002" type="0"/>
    <Peak1D F1="4.823895" intensity="4.993582e-002" type="0"/>
    <Peak1D F1="4.795798" intensity="1.627796e+000" type="0"/>
    <Peak1D F1="4.773413" intensity="1.653736e+000" type="0"/>
    <Peak1D F1="4.745233" intensity="8.696598e-002" type="0"/>
    <Peak1D F1="4.706890" intensity="6.120511e-001" type="0"/>
    <Peak1D F1="4.612573" intensity="2.335586e-002" type="0"/>
    <Peak1D F1="4.589644" intensity="1.656764e-002" type="0"/>
    <Peak1D F1="4.552046" intensity="5.237962e-003" type="0"/>
    <Peak1D F1="4.532179" intensity="4.741088e-003" type="0"/>
    <Peak1D F1="4.518555" intensity="2.676042e-003" type="0"/>
    <Peak1D F1="4.514918" intensity="2.542144e-003" type="0"/>
    <Peak1D F1="4.496690" intensity="5.060298e-003" type="0"/>
    <Peak1D F1="4.487267" intensity="3.323657e-003" type="0"/>
    <Peak1D F1="4.481324" intensity="3.644104e-003" type="0"/>
    <Peak1D F1="4.453028" intensity="1.227942e-003" type="0"/>
    <Peak1D F1="3.912086" intensity="2.100260e-003" type="0"/>
    <Peak1D F1="3.901839" intensity="1.684302e-003" type="0"/>
    <Peak1D F1="3.890831" intensity="1.290647e-003" type="0"/>
    <Peak1D F1="3.862076" intensity="8.246901e-002" type="0"/>
    <Peak1D F1="3.832514" intensity="4.115339e-003" type="0"/>
    <Peak1D F1="3.794607" intensity="1.687907e-002" type="0"/>
    <Peak1D F1="3.784792" intensity="1.508548e-002" type="0"/>
    <Peak1D F1="3.766814" intensity="1.651444e-002" type="0"/>
    <Peak1D F1="3.754823" intensity="2.098851e-002" type="0"/>
    <Peak1D F1="3.734911" intensity="2.926973e-001" type="0"/>
    <Peak1D F1="3.724131" intensity="3.984512e-002" type="0"/>
    <Peak1D F1="3.684669" intensity="1.500000e+001" type="0"/>
    <Peak1D F1="3.651814" intensity="3.233861e-002" type="0"/>
    <Peak1D F1="3.634416" intensity="2.258897e-001" type="0"/>
    <Peak1D F1="3.617234" intensity="7.345382e-003" type="0"/>
    <Peak1D F1="3.609389" intensity="4.122672e-003" type="0"/>
    <Peak1D F1="3.600697" intensity="3.411615e-003" type="0"/>
    <Peak1D F1="3.583959" intensity="3.094828e-003" type="0"/>
    <Peak1D F1="3.568683" intensity="2.456615e-003" type="0"/>
    <Peak1D F1="3.552593" intensity="3.417133e-003" type="0"/>
    <Peak1D F1="3.533918" intensity="2.629283e-003" type="0"/>
    <Peak1D F1="3.526278" intensity="2.195324e-003" type="0"/>
    <Peak1D F1="3.517208" intensity="2.971614e-003" type="0"/>
    <Peak1D F1="3.502332" intensity="8.316449e-002" type="0"/>
    <Peak1D F1="3.452252" intensity="1.082496e-003" type="0"/>
    <Peak1D F1="3.358052" intensity="8.489559e-004" type="0"/>
    <Peak1D F1="3.199154" intensity="1.104254e-003" type="0"/>
    <Peak1D F1="3.181157" intensity="1.530410e-003" type="0"/>
    <Peak1D F1="3.145147" intensity="2.745140e-003" type="0"/>
    <Peak1D F1="3.119095" intensity="8.682730e-003" type="0"/>
    <Peak1D F1="3.057439" intensity="3.220409e-002" type="0"/>
    <Peak1D F1="2.950806" intensity="1.307011e-002" type="0"/>
    <Peak1D F1="2.943911" intensity="1.415572e-002" type="0"/>
    <Peak1D F1="2.932861" intensity="2.352724e-002" type="0"/>
    <Peak1D F1="2.925848" intensity="2.338544e-002" type="0"/>
    <Peak1D F1="2.914707" intensity="1.435362e-002" type="0"/>
    <Peak1D F1="2.907810" intensity="1.516687e-002" type="0"/>
    <Peak1D F1="2.891124" intensity="5.148519e-003" type="0"/>
    <Peak1D F1="2.863714" intensity="4.016313e-003" type="0"/>
    <Peak1D F1="2.837239" intensity="4.070099e-003" type="0"/>
    <Peak1D F1="2.815642" intensity="6.586181e-003" type="0"/>
    <Peak1D F1="2.787527" intensity="2.084010e-002" type="0"/>
    <Peak1D F1="2.775091" intensity="2.075977e-002" type="0"/>
    <Peak1D F1="2.761463" intensity="2.821193e-002" type="0"/>
    <Peak1D F1="2.749273" intensity="2.652774e-002" type="0"/>
    <Peak1D F1="2.739877" intensity="2.190984e-002" type="0"/>
    <Peak1D F1="2.727013" intensity="1.918716e-002" type="0"/>
    <Peak1D F1="2.710256" intensity="3.933484e-003" type="0"/>
    <Peak1D F1="2.681857" intensity="4.009928e-003" type="0"/>
    <Peak1D F1="2.657922" intensity="2.140515e-003" type="0"/>
    <Peak1D F1="2.651466" intensity="1.061561e-003" type="0"/>
    <Peak1D F1="2.627359" intensity="3.966683e-003" type="0"/>
    <Peak1D F1="2.611886" intensity="4.141956e-003" type="0"/>
    <Peak1D F1="2.578321" intensity="5.842424e-003" type="0"/>
    <Peak1D F1="2.559213" intensity="7.502593e-003" type="0"/>
    <Peak1D F1="2.526680" intensity="5.970496e-003" type="0"/>
    <Peak1D F1="2.515563" intensity="6.715849e-003" type="0"/>
    <Peak1D F1="2.510041" intensity="6.025658e-003" type="0"/>
    <Peak1D F1="2.494583" intensity="7.861576e-003" type="0"/>
    <Peak1D F1="2.477471" intensity="1.466440e-002" type="0"/>
    <Peak1D F1="2.457154" intensity="3.077467e-002" type="0"/>
    <Peak1D F1="2.428007" intensity="3.288834e-002" type="0"/>
    <Peak1D F1="2.413149" intensity="2.792737e-001" type="0"/>
    <Peak1D F1="2.407175" intensity="3.065847e-001" type="0"/>
    <Peak1D F1="2.393597" intensity="3.292976e-001" type="0"/>
    <Peak1D F1="2.387656" intensity="3.549264e-001" type="0"/>
    <Peak1D F1="2.364413" intensity="5.136452e-001" type="0"/>
    <Peak1D F1="2.359126" intensity="7.423434e-001" type="0"/>
    <Peak1D F1="2.355978" intensity="6.670274e-001" type="0"/>
    <Peak1D F1="2.349077" intensity="4.492708e-001" type="0"/>
    <Peak1D F1="2.336907" intensity="1.004016e+000" type="0"/>
    <Peak1D F1="2.328535" intensity="4.064097e-001" type="0"/>
    <Peak1D F1="2.325143" intensity="4.042190e-001" type="0"/>
    <Peak1D F1="2.315873" intensity="4.453354e-001" type="0"/>
    <Peak1D F1="2.313004" intensity="4.226643e-001" type="0"/>
    <Peak1D F1="2.305781" intensity="5.720349e-001" type="0"/>
    <Peak1D F1="2.286136" intensity="3.636105e-001" type="0"/>
    <Peak1D F1="2.283224" intensity="3.417038e-001" type="0"/>
    <Peak1D F1="2.267329" intensity="1.013991e-001" type="0"/>
    <Peak1D F1="2.262579" intensity="1.065637e-001" type="0"/>
    <Peak1D F1="2.241797" intensity="8.085269e-002" type="0"/>
    <Peak1D F1="2.237740" intensity="9.138951e-002" type="0"/>
    <Peak1D F1="2.227797" intensity="5.208641e-001" type="0"/>
    <Peak1D F1="2.217187" intensity="1.332447e-001" type="0"/>
    <Peak1D F1="2.205457" intensity="6.148434e-001" type="0"/>
    <Peak1D F1="2.201523" intensity="6.520461e-001" type="0"/>
    <Peak1D F1="2.190439" intensity="1.563446e-001" type="0"/>
    <Peak1D F1="2.179066" intensity="8.604392e-001" type="0"/>
    <Peak1D F1="2.167725" intensity="1.048602e-001" type="0"/>
    <Peak1D F1="2.157022" intensity="4.701919e-001" type="0"/>
    <Peak1D F1="2.152986" intensity="4.541000e-001" type="0"/>
    <Peak1D F1="2.143138" intensity="1.609156e-001" type="0"/>
    <Peak1D F1="2.130340" intensity="5.146383e-001" type="0"/>
    <Peak1D F1="2.123998" intensity="2.134813e-001" type="0"/>
    <Peak1D F1="2.101908" intensity="1.898635e+000" type="0"/>
    <Peak1D F1="2.090152" intensity="1.998187e+000" type="0"/>
    <Peak1D F1="2.082326" intensity="5.694774e+000" type="0"/>
    <Peak1D F1="2.070726" intensity="1.620317e+000" type="0"/>
    <Peak1D F1="2.063587" intensity="2.902379e+000" type="0"/>
    <Peak1D F1="2.047788" intensity="2.335874e-001" type="0"/>
    <Peak1D F1="2.042999" intensity="1.991417e-001" type="0"/>
    <Peak1D F1="2.038846" intensity="1.963480e-001" type="0"/>
    <Peak1D F1="2.036360" intensity="1.909916e-001" type="0"/>
    <Peak1D F1="2.032243" intensity="2.341175e-001" type="0"/>
    <Peak1D F1="2.010055" intensity="1.378663e-001" type="0"/>
    <Peak1D F1="1.991220" intensity="1.525565e-001" type="0"/>
    <Peak1D F1="1.964586" intensity="3.482823e-001" type="0"/>
    <Peak1D F1="1.962190" intensity="3.422130e-001" type="0"/>
    <Peak1D F1="1.948385" intensity="4.352908e-001" type="0"/>
    <Peak1D F1="1.943524" intensity="5.599428e-001" type="0"/>
    <Peak1D F1="1.938030" intensity="5.768384e-001" type="0"/>
    <Peak1D F1="1.929798" intensity="7.063433e-001" type="0"/>
    <Peak1D F1="1.921433" intensity="7.413063e-001" type="0"/>
    <Peak1D F1="1.915029" intensity="8.595927e-001" type="0"/>
    <Peak1D F1="1.910459" intensity="6.944064e-001" type="0"/>
    <Peak1D F1="1.898972" intensity="3.126644e+000" type="0"/>
    <Peak1D F1="1.887979" intensity="2.554661e+000" type="0"/>
    <Peak1D F1="1.879408" intensity="5.904629e+000" type="0"/>
    <Peak1D F1="1.870662" intensity="2.187404e+000" type="0"/>
    <Peak1D F1="1.868598" intensity="2.244992e+000" type="0"/>
    <Peak1D F1="1.859960" intensity="1.894171e+000" type="0"/>
    <Peak1D F1="1.848134" intensity="3.056707e-001" type="0"/>
    <Peak1D F1="1.837765" intensity="1.915821e-001" type="0"/>
    <Peak1D F1="1.829400" intensity="1.737050e-001" type="0"/>
    <Peak1D F1="1.810232" intensity="9.356568e-002" type="0"/>
    <Peak1D F1="1.797731" intensity="7.460735e-002" type="0"/>
    <Peak1D F1="1.788034" intensity="6.977154e-002" type="0"/>
    <Peak1D F1="1.781137" intensity="7.269294e-002" type="0"/>
    <Peak1D F1="1.775656" intensity="6.813434e-002" type="0"/>
    <Peak1D F1="1.759486" intensity="5.812766e-002" type="0"/>
    <Peak1D F1="1.748502" intensity="5.206997e-002" type="0"/>
    <Peak1D F1="1.733083" intensity="1.536852e-001" type="0"/>
    <Peak1D F1="1.717211" intensity="2.288598e-001" type="0"/>
    <Peak1D F1="1.712109" intensity="2.060878e-001" type="0"/>
    <Peak1D F1="1.705300" intensity="2.595396e-001" type="0"/>
    <Peak1D F1="1.695777" intensity="3.421600e-001" type="0"/>
    <Peak1D F1="1.689664" intensity="6.475182e-001" type="0"/>
    <Peak1D F1="1.686373" intensity="5.351619e-001" type="0"/>
    <Peak1D F1="1.679612" intensity="4.352956e-001" type="0"/>
    <Peak1D F1="1.674715" intensity="6.525835e-001" type="0"/>
    <Peak1D F1="1.668588" intensity="7.678133e-001" type="0"/>
    <Peak1D F1="1.664731" intensity="8.636940e-001" type="0"/>
    <Peak1D F1="1.656960" intensity="7.985636e-001" type="0"/>
    <Peak1D F1="1.651805" intensity="8.774666e-001" type="0"/>
    <Peak1D F1="1.640755" intensity="7.831762e-001" type="0"/>
    <Peak1D F1="1.636246" intensity="6.805885e-001" type="0"/>
    <Peak1D F1="1.625370" intensity="3.410763e-001" type="0"/>
    <Peak1D F1="1.620638" intensity="4.466437e-001" type="0"/>
    <Peak1D F1="1.605439" intensity="2.015731e-001" type="0"/>
    <Peak1D F1="1.594315" intensity="7.105388e-002" type="0"/>
    <Peak1D F1="1.582818" intensity="6.816567e-002" type="0"/>
    <Peak1D F1="1.567176" intensity="5.016933e-002" type="0"/>
    <Peak1D F1="1.553151" intensity="5.246580e-002" type="0"/>
    <Peak1D F1="1.540233" intensity="6.701992e-002" type="0"/>
    <Peak1D F1="1.529746" intensity="1.973931e-001" type="0"/>
    <Peak1D F1="1.520135" intensity="1.166577e-001" type="0"/>
    <Peak1D F1="1.513039" intensity="2.398437e-001" type="0"/>
    <Peak1D F1="1.495110" intensity="4.713036e-001" type="0"/>
    <Peak1D F1="1.488603" intensity="1.757730e-001" type="0"/>
    <Peak1D F1="1.477618" intensity="6.107821e-001" type="0"/>
    <Peak1D F1="1.465246" intensity="4.760682e-001" type="0"/>
    <Peak1D F1="1.447851" intensity="4.874086e-001" type="0"/>
    <Peak1D F1="1.429951" intensity="1.619503e-001" type="0"/>
    <Peak1D F1="1.419461" intensity="1.111329e-001" type="0"/>
    <Peak1D F1="1.406472" intensity="2.536048e-002" type="0"/>
    <Peak1D F1="1.397853" intensity="2.081891e-002" type="0"/>
    <Peak1D F1="1.363405" intensity="1.334996e-002" type="0"/>
    <Peak1D F1="1.348259" intensity="1.052492e-002" type="0"/>
    <Peak1D F1="1.335934" intensity="1.068259e-002" type="0"/>
    <Peak1D F1="1.323828" intensity="9.117766e-003" type="0"/>
    <Peak1D F1="1.318375" intensity="1.045455e-002" type="0"/>
    <Peak1D F1="1.312134" intensity="1.560252e-002" type="0"/>
    <Peak1D F1="1.304652" intensity="1.111229e-002" type="0"/>
    <Peak1D F1="1.288755" intensity="1.022583e-002" type="0"/>
    <Peak1D F1="1.273429" intensity="8.089306e-003" type="0"/>
    <Peak1D F1="1.256557" intensity="1.095433e-002" type="0"/>
    <Peak1D F1="1.240128" intensity="1.251589e-002" type="0"/>
    <Peak1D F1="1.216315" intensity="1.816392e-002" type="0"/>
    <Peak1D F1="1.204498" intensity="1.876689e-002" type="0"/>
    <Peak1D F1="1.192241" intensity="2.076443e-002" type="0"/>
    <Peak1D F1="1.188055" intensity="2.345265e-002" type="0"/>
    <Peak1D F1="1.175858" intensity="4.979150e-002" type="0"/>
    <Peak1D F1="1.156045" intensity="3.301539e-002" type="0"/>
    <Peak1D F1="1.140096" intensity="2.901663e-002" type="0"/>
    <Peak1D F1="1.116664" intensity="8.364636e-003" type="0"/>
    <Peak1D F1="1.089629" intensity="3.992341e-003" type="0"/>
    <Peak1D F1="1.056672" intensity="3.699147e-003" type="0"/>
    <Peak1D F1="1.033105" intensity="1.155813e-002" type="0"/>
    <Peak1D F1="1.015768" intensity="1.029225e-002" type="0"/>
    <Peak1D F1="0.998385" intensity="3.391498e-003" type="0"/>
    <Peak1D F1="0.948945" intensity="2.899022e-003" type="0"/>
    <Peak1D F1="0.931373" intensity="2.597561e-003" type="0"/>
    <Peak1D F1="0.898624" intensity="2.427667e-003" type="0"/>
    <Peak1D F1="0.887365" intensity="2.403691e-003" type="0"/>
    <Peak1D F1="0.852065" intensity="3.021572e-003" type="0"/>
    <Peak1D F1="0.833586" intensity="3.426487e-003" type="0"/>
    <Peak1D F1="0.814327" intensity="6.617560e-003" type="0"/>
    <Peak1D F1="0.796959" intensity="1.233806e-002" type="0"/>
    <Peak1D F1="0.786361" intensity="1.636767e-002" type="0"/>
    <Peak1D F1="0.766993" intensity="4.122483e-002" type="0"/>
    <Peak1D F1="0.748200" intensity="5.365602e-002" type="0"/>
    <Peak1D F1="0.729504" intensity="3.596634e-002" type="0"/>
    <Peak1D F1="0.710222" intensity="1.119679e-002" type="0"/>
    <Peak1D F1="0.677164" intensity="2.043675e-003" type="0"/>
    <Peak1D F1="0.662884" intensity="1.703254e-003" type="0"/>
    <Peak1D F1="0.552387" intensity="1.235121e-003" type="0"/>
    <Peak1D F1="0.523355" intensity="1.175254e-003" type="0"/>
    <Peak1D F1="0.509401" intensity="1.193658e-003" type="0"/>
    <Peak1D F1="0.486598" intensity="1.079707e-003" type="0"/>
    <Peak1D F1="0.440512" intensity="9.533406e-004" type="0"/>
    <Peak1D F1="0.388893" intensity="1.063814e-003" type="0"/>
    <Peak1D F1="0.324145" intensity="9.231325e-004" type="0"/>
    <Peak1D F1="0.190644" intensity="8.410507e-004" type="0"/>
    <Peak1D F1="0.144724" intensity="1.242512e-003" type="0"/>
    <Peak1D F1="0.050143" intensity="4.240818e-003" type="0"/>
    <Peak1D F1="0.008500" intensity="9.695213e-003" type="0"/>
    <Peak1D F1="-0.000160" intensity="2.329887e-001" type="0"/>
    <Peak1D F1="-0.009285" intensity="1.023552e-002" type="0"/>
    <Peak1D F1="-0.026962" intensity="2.750044e-003" type="0"/>
    <Peak1D F1="-0.050527" intensity="3.500573e-003" type="0"/>
    <Peak1D F1="-0.149408" intensity="1.368907e-003" type="0"/>
    <Peak1D F1="-3.167859" intensity="8.776055e-004" type="0"/>
    <Peak1D F1="-3.421253" intensity="8.858378e-004" type="0"/>
    <Peak1D F1="-3.543514" intensity="8.513942e-004" type="0"/>
    <Peak1D F1="-3.586055" intensity="9.806750e-004" type="0"/>
    <Peak1D F1="-3.654692" intensity="8.770097e-004" type="0"/>
    <Peak1D F1="-3.722895" intensity="9.679896e-004" type="0"/>
  </PeakList1D>
</PeakList>
