<?xml version="1.0" encoding="UTF-8"?>
<PeakList>
  <PeakList1D>
    <PeakList1DHeader creator="nmr" date="2021-04-13T19:34:10.728+03:00" expNo="10" name="ID-342-Crude-13.4.21" owner="" procNo="1" source="//132.72.8.180/400b/Milo/Milo">
      <PeakPickDetails>F1=16.104650ppm, F2=-3.924395ppm, MI=0.00cm, MAXI=10000.00cm, PC=1.000
      </PeakPickDetails>
    </PeakList1DHeader>
    <Peak1D F1="13.396159" intensity="3.513560e-003" type="0"/>
    <Peak1D F1="9.083501" intensity="3.357053e-003" type="0"/>
    <Peak1D F1="8.505828" intensity="3.705407e-003" type="0"/>
    <Peak1D F1="8.432220" intensity="4.242179e-003" type="0"/>
    <Peak1D F1="8.410117" intensity="3.832700e-003" type="0"/>
    <Peak1D F1="8.368429" intensity="1.079997e-002" type="0"/>
    <Peak1D F1="8.347157" intensity="1.297346e-002" type="0"/>
    <Peak1D F1="8.341658" intensity="1.380408e-002" type="0"/>
    <Peak1D F1="8.238684" intensity="8.972019e-002" type="0"/>
    <Peak1D F1="8.221385" intensity="1.444797e-001" type="0"/>
    <Peak1D F1="8.216972" intensity="1.376901e-001" type="0"/>
    <Peak1D F1="8.204330" intensity="1.206565e-001" type="0"/>
    <Peak1D F1="8.199905" intensity="1.329969e-001" type="0"/>
    <Peak1D F1="8.191125" intensity="8.100567e-002" type="0"/>
    <Peak1D F1="8.185820" intensity="1.018406e-001" type="0"/>
    <Peak1D F1="8.162826" intensity="9.505708e-001" type="0"/>
    <Peak1D F1="8.157661" intensity="2.173085e+000" type="0"/>
    <Peak1D F1="8.146194" intensity="5.320238e-001" type="0"/>
    <Peak1D F1="8.140685" intensity="1.382882e+000" type="0"/>
    <Peak1D F1="8.135580" intensity="2.300291e+000" type="0"/>
    <Peak1D F1="8.110541" intensity="5.495860e-002" type="0"/>
    <Peak1D F1="8.107945" intensity="6.028231e-002" type="0"/>
    <Peak1D F1="8.090867" intensity="2.432614e-002" type="0"/>
    <Peak1D F1="8.085638" intensity="2.945224e-002" type="0"/>
    <Peak1D F1="8.061946" intensity="6.869046e-003" type="0"/>
    <Peak1D F1="8.041479" intensity="8.334918e-003" type="0"/>
    <Peak1D F1="8.021589" intensity="5.199564e-003" type="0"/>
    <Peak1D F1="8.006830" intensity="3.927255e-003" type="0"/>
    <Peak1D F1="7.939752" intensity="5.428771e-002" type="0"/>
    <Peak1D F1="7.934105" intensity="5.588114e-002" type="0"/>
    <Peak1D F1="7.923167" intensity="8.034358e-002" type="0"/>
    <Peak1D F1="7.918557" intensity="1.025173e-001" type="0"/>
    <Peak1D F1="7.912629" intensity="6.562011e-002" type="0"/>
    <Peak1D F1="7.902848" intensity="5.420883e-002" type="0"/>
    <Peak1D F1="7.897400" intensity="4.491964e-002" type="0"/>
    <Peak1D F1="7.877210" intensity="6.508289e-003" type="0"/>
    <Peak1D F1="7.861364" intensity="5.899782e-003" type="0"/>
    <Peak1D F1="7.835679" intensity="9.695644e-003" type="0"/>
    <Peak1D F1="7.813648" intensity="1.000941e-002" type="0"/>
    <Peak1D F1="7.782474" intensity="4.310071e-003" type="0"/>
    <Peak1D F1="7.772875" intensity="5.353973e-003" type="0"/>
    <Peak1D F1="7.745780" intensity="2.141619e-002" type="0"/>
    <Peak1D F1="7.730941" intensity="6.297187e-002" type="0"/>
    <Peak1D F1="7.725040" intensity="6.525280e-002" type="0"/>
    <Peak1D F1="7.709946" intensity="9.278940e-002" type="0"/>
    <Peak1D F1="7.694825" intensity="4.992447e-002" type="0"/>
    <Peak1D F1="7.686548" intensity="3.882047e-002" type="0"/>
    <Peak1D F1="7.662663" intensity="1.380102e-002" type="0"/>
    <Peak1D F1="7.625829" intensity="7.808937e-002" type="0"/>
    <Peak1D F1="7.604375" intensity="8.019809e-002" type="0"/>
    <Peak1D F1="7.588058" intensity="2.452651e-002" type="0"/>
    <Peak1D F1="7.578026" intensity="2.009456e-002" type="0"/>
    <Peak1D F1="7.556990" intensity="4.076777e-002" type="0"/>
    <Peak1D F1="7.542637" intensity="1.134911e-001" type="0"/>
    <Peak1D F1="7.520639" intensity="1.200896e-001" type="0"/>
    <Peak1D F1="7.514624" intensity="1.087620e-001" type="0"/>
    <Peak1D F1="7.508882" intensity="1.150020e-001" type="0"/>
    <Peak1D F1="7.480723" intensity="2.305670e+000" type="0"/>
    <Peak1D F1="7.462571" intensity="1.553292e+000" type="0"/>
    <Peak1D F1="7.459066" intensity="2.156618e+000" type="0"/>
    <Peak1D F1="7.442412" intensity="3.022660e-001" type="0"/>
    <Peak1D F1="7.409341" intensity="3.097399e-002" type="0"/>
    <Peak1D F1="7.323296" intensity="1.122169e-002" type="0"/>
    <Peak1D F1="7.300776" intensity="5.609199e-003" type="0"/>
    <Peak1D F1="7.289490" intensity="5.778707e-003" type="0"/>
    <Peak1D F1="7.274098" intensity="1.441280e-002" type="0"/>
    <Peak1D F1="7.249249" intensity="6.273289e-002" type="0"/>
    <Peak1D F1="7.229232" intensity="2.857362e-002" type="0"/>
    <Peak1D F1="7.223749" intensity="2.354605e-002" type="0"/>
    <Peak1D F1="7.200164" intensity="3.324631e+000" type="0"/>
    <Peak1D F1="7.199288" intensity="3.373178e+000" type="0"/>
    <Peak1D F1="7.148926" intensity="8.208060e-002" type="0"/>
    <Peak1D F1="7.144941" intensity="9.283455e-002" type="0"/>
    <Peak1D F1="7.122661" intensity="1.508303e-001" type="0"/>
    <Peak1D F1="7.100654" intensity="8.442131e-002" type="0"/>
    <Peak1D F1="7.084562" intensity="3.906272e-002" type="0"/>
    <Peak1D F1="7.066817" intensity="8.373094e-002" type="0"/>
    <Peak1D F1="7.062702" intensity="8.945816e-002" type="0"/>
    <Peak1D F1="7.044557" intensity="1.073931e-001" type="0"/>
    <Peak1D F1="7.025414" intensity="8.695312e-002" type="0"/>
    <Peak1D F1="7.021477" intensity="1.056233e-001" type="0"/>
    <Peak1D F1="7.003459" intensity="9.056333e-002" type="0"/>
    <Peak1D F1="6.999380" intensity="8.353819e-002" type="0"/>
    <Peak1D F1="6.985643" intensity="3.533690e-002" type="0"/>
    <Peak1D F1="6.981263" intensity="4.340902e-002" type="0"/>
    <Peak1D F1="6.934850" intensity="1.631572e-002" type="0"/>
    <Peak1D F1="6.922324" intensity="6.653741e-003" type="0"/>
    <Peak1D F1="6.844577" intensity="7.987474e-003" type="0"/>
    <Peak1D F1="6.820978" intensity="3.672344e-003" type="0"/>
    <Peak1D F1="6.712520" intensity="5.110503e-003" type="0"/>
    <Peak1D F1="6.214692" intensity="1.185761e-002" type="0"/>
    <Peak1D F1="6.117007" intensity="4.461711e-002" type="0"/>
    <Peak1D F1="6.071335" intensity="3.224422e-002" type="0"/>
    <Peak1D F1="6.066530" intensity="4.687254e-002" type="0"/>
    <Peak1D F1="6.021007" intensity="1.245795e+000" type="0"/>
    <Peak1D F1="6.016513" intensity="3.502786e+000" type="0"/>
    <Peak1D F1="5.971043" intensity="2.303845e-002" type="0"/>
    <Peak1D F1="5.966541" intensity="3.962123e-002" type="0"/>
    <Peak1D F1="5.914188" intensity="2.010822e-002" type="0"/>
    <Peak1D F1="5.902133" intensity="2.225899e-002" type="0"/>
    <Peak1D F1="5.843844" intensity="3.823333e-003" type="0"/>
    <Peak1D F1="5.814116" intensity="9.489711e-003" type="0"/>
    <Peak1D F1="5.798220" intensity="3.992877e-002" type="0"/>
    <Peak1D F1="5.791896" intensity="4.016637e-002" type="0"/>
    <Peak1D F1="5.755494" intensity="4.911236e-003" type="0"/>
    <Peak1D F1="5.668744" intensity="3.501394e-003" type="0"/>
    <Peak1D F1="5.630454" intensity="3.995441e-002" type="0"/>
    <Peak1D F1="5.603985" intensity="4.015333e-002" type="0"/>
    <Peak1D F1="5.566841" intensity="5.648479e-003" type="0"/>
    <Peak1D F1="5.539379" intensity="6.192453e-003" type="0"/>
    <Peak1D F1="5.499733" intensity="6.504842e-003" type="0"/>
    <Peak1D F1="5.490404" intensity="1.512715e-002" type="0"/>
    <Peak1D F1="5.464513" intensity="4.675348e-003" type="0"/>
    <Peak1D F1="5.442384" intensity="1.091034e-002" type="0"/>
    <Peak1D F1="5.412704" intensity="5.955131e-003" type="0"/>
    <Peak1D F1="5.402756" intensity="5.797641e-003" type="0"/>
    <Peak1D F1="5.396365" intensity="5.347474e-003" type="0"/>
    <Peak1D F1="5.378726" intensity="1.103231e-002" type="0"/>
    <Peak1D F1="5.354429" intensity="1.534177e-001" type="0"/>
    <Peak1D F1="5.348163" intensity="1.266193e-001" type="0"/>
    <Peak1D F1="5.315496" intensity="6.837016e-003" type="0"/>
    <Peak1D F1="5.282550" intensity="3.270203e-003" type="0"/>
    <Peak1D F1="5.231973" intensity="3.835939e-002" type="0"/>
    <Peak1D F1="5.162755" intensity="3.536846e-003" type="0"/>
    <Peak1D F1="5.128814" intensity="6.055772e-003" type="0"/>
    <Peak1D F1="5.112018" intensity="7.339541e-003" type="0"/>
    <Peak1D F1="5.102926" intensity="4.207516e-003" type="0"/>
    <Peak1D F1="4.974928" intensity="1.099214e-002" type="0"/>
    <Peak1D F1="4.950601" intensity="1.164935e-002" type="0"/>
    <Peak1D F1="4.927368" intensity="7.657508e-003" type="0"/>
    <Peak1D F1="4.894971" intensity="1.391758e-002" type="0"/>
    <Peak1D F1="4.877188" intensity="2.260852e-002" type="0"/>
    <Peak1D F1="4.857651" intensity="2.855358e-002" type="0"/>
    <Peak1D F1="4.842975" intensity="3.857586e-002" type="0"/>
    <Peak1D F1="4.830471" intensity="2.384785e-002" type="0"/>
    <Peak1D F1="4.821083" intensity="4.309795e-002" type="0"/>
    <Peak1D F1="4.794220" intensity="1.454013e+000" type="0"/>
    <Peak1D F1="4.771454" intensity="1.491112e+000" type="0"/>
    <Peak1D F1="4.743802" intensity="7.656880e-002" type="0"/>
    <Peak1D F1="4.720189" intensity="1.131282e-001" type="0"/>
    <Peak1D F1="4.687562" intensity="1.482537e-001" type="0"/>
    <Peak1D F1="4.587362" intensity="2.900806e-002" type="0"/>
    <Peak1D F1="4.545550" intensity="1.215179e-002" type="0"/>
    <Peak1D F1="4.526739" intensity="1.093520e-002" type="0"/>
    <Peak1D F1="4.512912" intensity="9.402645e-003" type="0"/>
    <Peak1D F1="4.496431" intensity="6.644693e-003" type="0"/>
    <Peak1D F1="4.491814" intensity="6.924555e-003" type="0"/>
    <Peak1D F1="4.461761" intensity="5.815804e-003" type="0"/>
    <Peak1D F1="4.420152" intensity="3.689716e-003" type="0"/>
    <Peak1D F1="4.405735" intensity="4.294603e-003" type="0"/>
    <Peak1D F1="3.975918" intensity="5.380598e-003" type="0"/>
    <Peak1D F1="3.949019" intensity="6.355443e-003" type="0"/>
    <Peak1D F1="3.877605" intensity="5.551723e-002" type="0"/>
    <Peak1D F1="3.844664" intensity="1.947864e-002" type="0"/>
    <Peak1D F1="3.815530" intensity="6.471044e-002" type="0"/>
    <Peak1D F1="3.811140" intensity="1.300550e-001" type="0"/>
    <Peak1D F1="3.754773" intensity="9.867776e-002" type="0"/>
    <Peak1D F1="3.750069" intensity="1.702428e-001" type="0"/>
    <Peak1D F1="3.704538" intensity="3.782414e+000" type="0"/>
    <Peak1D F1="3.700199" intensity="1.066946e+001" type="0"/>
    <Peak1D F1="3.654737" intensity="7.870698e-002" type="0"/>
    <Peak1D F1="3.650238" intensity="1.321384e-001" type="0"/>
    <Peak1D F1="3.633884" intensity="7.700076e-003" type="0"/>
    <Peak1D F1="3.629407" intensity="6.553504e-003" type="0"/>
    <Peak1D F1="3.517959" intensity="5.445103e-002" type="0"/>
    <Peak1D F1="2.962394" intensity="4.749991e-003" type="0"/>
    <Peak1D F1="2.956077" intensity="5.264734e-003" type="0"/>
    <Peak1D F1="2.936423" intensity="9.731148e-003" type="0"/>
    <Peak1D F1="2.919225" intensity="6.125258e-003" type="0"/>
    <Peak1D F1="2.821041" intensity="4.619656e-003" type="0"/>
    <Peak1D F1="2.786187" intensity="1.043290e-002" type="0"/>
    <Peak1D F1="2.772933" intensity="1.988174e-002" type="0"/>
    <Peak1D F1="2.765316" intensity="2.200360e-002" type="0"/>
    <Peak1D F1="2.747576" intensity="2.805818e-002" type="0"/>
    <Peak1D F1="2.726490" intensity="2.089401e-002" type="0"/>
    <Peak1D F1="2.680508" intensity="8.421550e-003" type="0"/>
    <Peak1D F1="2.628770" intensity="1.188562e-002" type="0"/>
    <Peak1D F1="2.621905" intensity="1.363819e-002" type="0"/>
    <Peak1D F1="2.600104" intensity="1.362746e-002" type="0"/>
    <Peak1D F1="2.570619" intensity="1.314034e-002" type="0"/>
    <Peak1D F1="2.558894" intensity="1.457316e-002" type="0"/>
    <Peak1D F1="2.547488" intensity="1.497988e-002" type="0"/>
    <Peak1D F1="2.520719" intensity="1.207488e-002" type="0"/>
    <Peak1D F1="2.508974" intensity="1.487047e-002" type="0"/>
    <Peak1D F1="2.432616" intensity="2.482111e-001" type="0"/>
    <Peak1D F1="2.423331" intensity="1.829318e-001" type="0"/>
    <Peak1D F1="2.420447" intensity="1.913979e-001" type="0"/>
    <Peak1D F1="2.414632" intensity="2.900798e-001" type="0"/>
    <Peak1D F1="2.411063" intensity="2.695066e-001" type="0"/>
    <Peak1D F1="2.386659" intensity="3.977340e-001" type="0"/>
    <Peak1D F1="2.384126" intensity="3.967603e-001" type="0"/>
    <Peak1D F1="2.362909" intensity="4.189051e-001" type="0"/>
    <Peak1D F1="2.353642" intensity="3.547069e-001" type="0"/>
    <Peak1D F1="2.330746" intensity="5.324900e-001" type="0"/>
    <Peak1D F1="2.322818" intensity="3.052734e-001" type="0"/>
    <Peak1D F1="2.310520" intensity="4.059528e-001" type="0"/>
    <Peak1D F1="2.300755" intensity="4.771065e-001" type="0"/>
    <Peak1D F1="2.280112" intensity="3.075374e-001" type="0"/>
    <Peak1D F1="2.256594" intensity="2.157182e-001" type="0"/>
    <Peak1D F1="2.250877" intensity="3.387561e-001" type="0"/>
    <Peak1D F1="2.248378" intensity="2.792055e-001" type="0"/>
    <Peak1D F1="2.234822" intensity="2.076582e-001" type="0"/>
    <Peak1D F1="2.228854" intensity="4.305402e-001" type="0"/>
    <Peak1D F1="2.225305" intensity="4.618032e-001" type="0"/>
    <Peak1D F1="2.207425" intensity="2.732882e-001" type="0"/>
    <Peak1D F1="2.201787" intensity="4.699721e-001" type="0"/>
    <Peak1D F1="2.180670" intensity="3.136142e-001" type="0"/>
    <Peak1D F1="2.176069" intensity="3.062941e-001" type="0"/>
    <Peak1D F1="2.173141" intensity="2.452389e-001" type="0"/>
    <Peak1D F1="2.151133" intensity="4.561731e-001" type="0"/>
    <Peak1D F1="2.146306" intensity="3.954338e-001" type="0"/>
    <Peak1D F1="2.116013" intensity="5.208688e+000" type="0"/>
    <Peak1D F1="2.114192" intensity="5.097131e+000" type="0"/>
    <Peak1D F1="2.105949" intensity="5.124745e+000" type="0"/>
    <Peak1D F1="2.096423" intensity="1.466375e+001" type="0"/>
    <Peak1D F1="2.084852" intensity="5.131966e+000" type="0"/>
    <Peak1D F1="2.082364" intensity="5.321882e+000" type="0"/>
    <Peak1D F1="2.077761" intensity="7.312464e+000" type="0"/>
    <Peak1D F1="2.062201" intensity="5.040781e-001" type="0"/>
    <Peak1D F1="2.056623" intensity="4.259835e-001" type="0"/>
    <Peak1D F1="2.050953" intensity="4.547441e-001" type="0"/>
    <Peak1D F1="2.047776" intensity="4.082868e-001" type="0"/>
    <Peak1D F1="2.028049" intensity="1.754455e-001" type="0"/>
    <Peak1D F1="1.985882" intensity="2.446429e-001" type="0"/>
    <Peak1D F1="1.978418" intensity="2.259046e-001" type="0"/>
    <Peak1D F1="1.968669" intensity="3.234807e-001" type="0"/>
    <Peak1D F1="1.958165" intensity="5.279807e-001" type="0"/>
    <Peak1D F1="1.953895" intensity="5.643448e-001" type="0"/>
    <Peak1D F1="1.946677" intensity="6.064028e-001" type="0"/>
    <Peak1D F1="1.941217" intensity="7.817954e-001" type="0"/>
    <Peak1D F1="1.930618" intensity="1.086264e+000" type="0"/>
    <Peak1D F1="1.925943" intensity="1.187298e+000" type="0"/>
    <Peak1D F1="1.910386" intensity="7.460315e+000" type="0"/>
    <Peak1D F1="1.899482" intensity="7.489484e+000" type="0"/>
    <Peak1D F1="1.891220" intensity="1.500000e+001" type="0"/>
    <Peak1D F1="1.882864" intensity="6.401927e+000" type="0"/>
    <Peak1D F1="1.880458" intensity="6.280137e+000" type="0"/>
    <Peak1D F1="1.871663" intensity="4.899648e+000" type="0"/>
    <Peak1D F1="1.860021" intensity="6.451916e-001" type="0"/>
    <Peak1D F1="1.858491" intensity="6.464566e-001" type="0"/>
    <Peak1D F1="1.850118" intensity="3.738557e-001" type="0"/>
    <Peak1D F1="1.841514" intensity="3.244689e-001" type="0"/>
    <Peak1D F1="1.834262" intensity="1.808099e-001" type="0"/>
    <Peak1D F1="1.821962" intensity="1.315174e-001" type="0"/>
    <Peak1D F1="1.800103" intensity="6.194682e-002" type="0"/>
    <Peak1D F1="1.780290" intensity="5.623057e-002" type="0"/>
    <Peak1D F1="1.759975" intensity="6.425872e-002" type="0"/>
    <Peak1D F1="1.744461" intensity="1.563224e-001" type="0"/>
    <Peak1D F1="1.728583" intensity="2.112143e-001" type="0"/>
    <Peak1D F1="1.723888" intensity="2.204098e-001" type="0"/>
    <Peak1D F1="1.716534" intensity="2.270178e-001" type="0"/>
    <Peak1D F1="1.705952" intensity="2.779393e-001" type="0"/>
    <Peak1D F1="1.700594" intensity="4.066291e-001" type="0"/>
    <Peak1D F1="1.689545" intensity="3.232400e-001" type="0"/>
    <Peak1D F1="1.680992" intensity="8.722826e-001" type="0"/>
    <Peak1D F1="1.670877" intensity="6.062716e-001" type="0"/>
    <Peak1D F1="1.657447" intensity="9.087805e-001" type="0"/>
    <Peak1D F1="1.641499" intensity="5.262661e-001" type="0"/>
    <Peak1D F1="1.637113" intensity="6.062648e-001" type="0"/>
    <Peak1D F1="1.625246" intensity="2.606688e-001" type="0"/>
    <Peak1D F1="1.621307" intensity="2.927443e-001" type="0"/>
    <Peak1D F1="1.617259" intensity="2.516434e-001" type="0"/>
    <Peak1D F1="1.588039" intensity="7.204001e-002" type="0"/>
    <Peak1D F1="1.573744" intensity="6.620644e-002" type="0"/>
    <Peak1D F1="1.553755" intensity="6.746383e-002" type="0"/>
    <Peak1D F1="1.536164" intensity="2.392655e-001" type="0"/>
    <Peak1D F1="1.520655" intensity="1.951865e-001" type="0"/>
    <Peak1D F1="1.513287" intensity="2.241295e-001" type="0"/>
    <Peak1D F1="1.502052" intensity="4.358821e-001" type="0"/>
    <Peak1D F1="1.484590" intensity="5.108855e-001" type="0"/>
    <Peak1D F1="1.471505" intensity="3.518778e-001" type="0"/>
    <Peak1D F1="1.454811" intensity="3.534936e-001" type="0"/>
    <Peak1D F1="1.442542" intensity="7.386174e-002" type="0"/>
    <Peak1D F1="1.436859" intensity="1.018779e-001" type="0"/>
    <Peak1D F1="1.424810" intensity="1.134303e-001" type="0"/>
    <Peak1D F1="1.403695" intensity="3.683055e-002" type="0"/>
    <Peak1D F1="1.378700" intensity="2.861663e-002" type="0"/>
    <Peak1D F1="1.362473" intensity="2.249657e-002" type="0"/>
    <Peak1D F1="1.347265" intensity="2.276911e-002" type="0"/>
    <Peak1D F1="1.310067" intensity="1.671110e-002" type="0"/>
    <Peak1D F1="1.264103" intensity="2.595633e-002" type="0"/>
    <Peak1D F1="1.232734" intensity="4.006691e-002" type="0"/>
    <Peak1D F1="1.183613" intensity="1.088956e-001" type="0"/>
    <Peak1D F1="1.120545" intensity="5.897501e-003" type="0"/>
    <Peak1D F1="1.087052" intensity="5.683163e-003" type="0"/>
    <Peak1D F1="1.033186" intensity="4.607623e-003" type="0"/>
    <Peak1D F1="1.022601" intensity="4.366281e-003" type="0"/>
    <Peak1D F1="0.999291" intensity="4.317180e-003" type="0"/>
    <Peak1D F1="0.985349" intensity="3.824139e-003" type="0"/>
    <Peak1D F1="0.945681" intensity="3.916045e-003" type="0"/>
    <Peak1D F1="0.933923" intensity="3.812452e-003" type="0"/>
    <Peak1D F1="0.903292" intensity="3.522074e-003" type="0"/>
    <Peak1D F1="0.876616" intensity="4.390288e-003" type="0"/>
    <Peak1D F1="0.857248" intensity="5.461290e-003" type="0"/>
    <Peak1D F1="0.812544" intensity="2.620199e-002" type="0"/>
    <Peak1D F1="0.803324" intensity="1.393782e-002" type="0"/>
    <Peak1D F1="0.793242" intensity="1.587710e-002" type="0"/>
    <Peak1D F1="0.774690" intensity="9.983506e-003" type="0"/>
    <Peak1D F1="0.691912" intensity="3.441466e-003" type="0"/>
    <Peak1D F1="0.665362" intensity="3.720811e-003" type="0"/>
    <Peak1D F1="0.596469" intensity="3.600005e-003" type="0"/>
    <Peak1D F1="0.537801" intensity="3.657207e-003" type="0"/>
    <Peak1D F1="0.485853" intensity="3.305318e-003" type="0"/>
    <Peak1D F1="0.434458" intensity="3.258886e-003" type="0"/>
    <Peak1D F1="0.407136" intensity="4.629932e-003" type="0"/>
    <Peak1D F1="0.377670" intensity="3.668162e-003" type="0"/>
    <Peak1D F1="0.338897" intensity="3.472651e-003" type="0"/>
    <Peak1D F1="0.316556" intensity="3.825949e-003" type="0"/>
    <Peak1D F1="0.256602" intensity="3.545292e-003" type="0"/>
    <Peak1D F1="0.052364" intensity="5.061325e-003" type="0"/>
    <Peak1D F1="0.045766" intensity="3.776001e-003" type="0"/>
    <Peak1D F1="-0.000150" intensity="2.549169e-001" type="0"/>
    <Peak1D F1="-0.050382" intensity="4.996445e-003" type="0"/>
    <Peak1D F1="-2.723749" intensity="3.339261e-003" type="0"/>
    <Peak1D F1="-3.711964" intensity="3.432006e-003" type="0"/>
  </PeakList1D>
</PeakList>
