<?xml version="1.0" encoding="UTF-8"?>
<PeakList>
  <PeakList1D>
    <PeakList1DHeader creator="nmr" date="2021-08-09T15:02:47.589+03:00" expNo="20" name="ID-428-A" owner="" procNo="1" source="//132.72.8.180/400b/Milo/Milo">
      <PeakPickDetails>F1=16.102249ppm, F2=-3.926796ppm, MI=0.00cm, MAXI=10000.00cm, PC=1.000
      </PeakPickDetails>
    </PeakList1DHeader>
    <Peak1D F1="12.833903" intensity="5.000583e-003" type="0"/>
    <Peak1D F1="11.956601" intensity="4.956638e-003" type="0"/>
    <Peak1D F1="10.314737" intensity="9.351880e-003" type="0"/>
    <Peak1D F1="10.144641" intensity="2.885574e-002" type="0"/>
    <Peak1D F1="10.125740" intensity="1.504436e-002" type="0"/>
    <Peak1D F1="10.094581" intensity="1.684055e+000" type="0"/>
    <Peak1D F1="10.061662" intensity="1.029111e-002" type="0"/>
    <Peak1D F1="10.044996" intensity="2.669248e-002" type="0"/>
    <Peak1D F1="9.868452" intensity="6.929207e-003" type="0"/>
    <Peak1D F1="8.548415" intensity="5.619389e-003" type="0"/>
    <Peak1D F1="8.529466" intensity="5.352138e-003" type="0"/>
    <Peak1D F1="8.417274" intensity="6.072368e-003" type="0"/>
    <Peak1D F1="8.391754" intensity="2.233994e-002" type="0"/>
    <Peak1D F1="8.369986" intensity="3.120838e-002" type="0"/>
    <Peak1D F1="8.342259" intensity="1.096035e+000" type="0"/>
    <Peak1D F1="8.320768" intensity="1.278410e+000" type="0"/>
    <Peak1D F1="8.291775" intensity="2.404600e-002" type="0"/>
    <Peak1D F1="8.271379" intensity="2.814985e-002" type="0"/>
    <Peak1D F1="8.224048" intensity="2.212012e-002" type="0"/>
    <Peak1D F1="8.208911" intensity="5.375640e-002" type="0"/>
    <Peak1D F1="8.187115" intensity="5.543326e-002" type="0"/>
    <Peak1D F1="8.158734" intensity="2.998307e-001" type="0"/>
    <Peak1D F1="8.153671" intensity="4.989452e-001" type="0"/>
    <Peak1D F1="8.136670" intensity="3.857246e-001" type="0"/>
    <Peak1D F1="8.131612" intensity="4.813901e-001" type="0"/>
    <Peak1D F1="8.102333" intensity="2.391898e-002" type="0"/>
    <Peak1D F1="8.083542" intensity="1.630905e-002" type="0"/>
    <Peak1D F1="8.070897" intensity="2.860872e-002" type="0"/>
    <Peak1D F1="8.049562" intensity="3.119784e-002" type="0"/>
    <Peak1D F1="8.021304" intensity="1.485246e+000" type="0"/>
    <Peak1D F1="7.999734" intensity="1.245215e+000" type="0"/>
    <Peak1D F1="7.971647" intensity="2.576555e-002" type="0"/>
    <Peak1D F1="7.950477" intensity="2.343335e-002" type="0"/>
    <Peak1D F1="7.896543" intensity="5.585076e-003" type="0"/>
    <Peak1D F1="7.842566" intensity="5.176437e-003" type="0"/>
    <Peak1D F1="7.819214" intensity="9.769089e-003" type="0"/>
    <Peak1D F1="7.792847" intensity="8.525077e-003" type="0"/>
    <Peak1D F1="7.664946" intensity="5.714560e-003" type="0"/>
    <Peak1D F1="7.656661" intensity="5.867852e-003" type="0"/>
    <Peak1D F1="7.646902" intensity="7.791849e-003" type="0"/>
    <Peak1D F1="7.609907" intensity="3.907830e-002" type="0"/>
    <Peak1D F1="7.587634" intensity="3.650918e-002" type="0"/>
    <Peak1D F1="7.562870" intensity="8.565404e-003" type="0"/>
    <Peak1D F1="7.508605" intensity="2.774685e-002" type="0"/>
    <Peak1D F1="7.494333" intensity="3.394315e-002" type="0"/>
    <Peak1D F1="7.481027" intensity="2.563317e-001" type="0"/>
    <Peak1D F1="7.465560" intensity="5.178670e-001" type="0"/>
    <Peak1D F1="7.459884" intensity="3.628949e-001" type="0"/>
    <Peak1D F1="7.443543" intensity="4.425423e-001" type="0"/>
    <Peak1D F1="7.415873" intensity="1.321136e-002" type="0"/>
    <Peak1D F1="7.393041" intensity="8.490398e-003" type="0"/>
    <Peak1D F1="7.323465" intensity="2.335689e-002" type="0"/>
    <Peak1D F1="7.317096" intensity="1.637515e-002" type="0"/>
    <Peak1D F1="7.304322" intensity="6.992695e-003" type="0"/>
    <Peak1D F1="7.247078" intensity="1.124975e-001" type="0"/>
    <Peak1D F1="7.197221" intensity="7.252732e+000" type="0"/>
    <Peak1D F1="7.147203" intensity="1.149650e-001" type="0"/>
    <Peak1D F1="6.933132" intensity="3.718359e-002" type="0"/>
    <Peak1D F1="6.215053" intensity="5.108912e-003" type="0"/>
    <Peak1D F1="6.117267" intensity="3.047505e-002" type="0"/>
    <Peak1D F1="6.087416" intensity="5.392059e-003" type="0"/>
    <Peak1D F1="6.067059" intensity="3.395157e-002" type="0"/>
    <Peak1D F1="6.017532" intensity="2.128438e+000" type="0"/>
    <Peak1D F1="5.967753" intensity="3.451850e-002" type="0"/>
    <Peak1D F1="5.821476" intensity="4.901589e-003" type="0"/>
    <Peak1D F1="5.497005" intensity="9.325587e-003" type="0"/>
    <Peak1D F1="5.413397" intensity="1.298656e-002" type="0"/>
    <Peak1D F1="5.357556" intensity="1.719983e-001" type="0"/>
    <Peak1D F1="5.351395" intensity="1.698606e-001" type="0"/>
    <Peak1D F1="5.305460" intensity="5.748007e-003" type="0"/>
    <Peak1D F1="5.056103" intensity="4.824149e-003" type="0"/>
    <Peak1D F1="4.856051" intensity="6.899890e-003" type="0"/>
    <Peak1D F1="4.841889" intensity="8.401029e-003" type="0"/>
    <Peak1D F1="4.821412" intensity="6.068107e-003" type="0"/>
    <Peak1D F1="4.812881" intensity="5.042427e-003" type="0"/>
    <Peak1D F1="4.793320" intensity="1.307921e-001" type="0"/>
    <Peak1D F1="4.770467" intensity="1.344280e-001" type="0"/>
    <Peak1D F1="4.719305" intensity="7.350722e-003" type="0"/>
    <Peak1D F1="4.713227" intensity="7.247814e-003" type="0"/>
    <Peak1D F1="4.672494" intensity="5.118610e-002" type="0"/>
    <Peak1D F1="4.442408" intensity="5.033224e-003" type="0"/>
    <Peak1D F1="3.976115" intensity="6.881369e-003" type="0"/>
    <Peak1D F1="3.927412" intensity="5.640417e-003" type="0"/>
    <Peak1D F1="3.878030" intensity="3.469686e-002" type="0"/>
    <Peak1D F1="3.853788" intensity="5.286358e-003" type="0"/>
    <Peak1D F1="3.844605" intensity="1.937905e-002" type="0"/>
    <Peak1D F1="3.823505" intensity="1.482776e-002" type="0"/>
    <Peak1D F1="3.811402" intensity="9.466673e-002" type="0"/>
    <Peak1D F1="3.749916" intensity="1.087533e-001" type="0"/>
    <Peak1D F1="3.745661" intensity="7.528928e-002" type="0"/>
    <Peak1D F1="3.700715" intensity="6.531136e+000" type="0"/>
    <Peak1D F1="3.667025" intensity="1.656920e-002" type="0"/>
    <Peak1D F1="3.651005" intensity="1.083922e-001" type="0"/>
    <Peak1D F1="3.592818" intensity="9.319612e-003" type="0"/>
    <Peak1D F1="3.568643" intensity="7.202918e-003" type="0"/>
    <Peak1D F1="3.518542" intensity="4.111936e-002" type="0"/>
    <Peak1D F1="3.496624" intensity="8.781086e-003" type="0"/>
    <Peak1D F1="3.467796" intensity="2.210308e-002" type="0"/>
    <Peak1D F1="3.418146" intensity="8.490295e-001" type="0"/>
    <Peak1D F1="3.368551" intensity="1.900402e-002" type="0"/>
    <Peak1D F1="3.316559" intensity="7.104292e-003" type="0"/>
    <Peak1D F1="3.255757" intensity="6.188985e-003" type="0"/>
    <Peak1D F1="3.239201" intensity="7.333954e-003" type="0"/>
    <Peak1D F1="3.149552" intensity="1.161530e-002" type="0"/>
    <Peak1D F1="2.960627" intensity="1.298072e-002" type="0"/>
    <Peak1D F1="2.954629" intensity="1.547081e-002" type="0"/>
    <Peak1D F1="2.942000" intensity="2.106874e-002" type="0"/>
    <Peak1D F1="2.936155" intensity="2.290882e-002" type="0"/>
    <Peak1D F1="2.925045" intensity="1.514775e-002" type="0"/>
    <Peak1D F1="2.917839" intensity="1.408188e-002" type="0"/>
    <Peak1D F1="2.797032" intensity="5.309483e-003" type="0"/>
    <Peak1D F1="2.733304" intensity="5.290376e-003" type="0"/>
    <Peak1D F1="2.565101" intensity="3.487423e-002" type="0"/>
    <Peak1D F1="2.485003" intensity="1.430703e-002" type="0"/>
    <Peak1D F1="2.455792" intensity="1.790923e-002" type="0"/>
    <Peak1D F1="2.438556" intensity="6.486835e-002" type="0"/>
    <Peak1D F1="2.431442" intensity="7.779312e-002" type="0"/>
    <Peak1D F1="2.411628" intensity="1.339934e-001" type="0"/>
    <Peak1D F1="2.390846" intensity="1.178834e-001" type="0"/>
    <Peak1D F1="2.372413" intensity="5.673483e-002" type="0"/>
    <Peak1D F1="2.363174" intensity="7.401904e-002" type="0"/>
    <Peak1D F1="2.354716" intensity="7.067333e-002" type="0"/>
    <Peak1D F1="2.331897" intensity="8.243036e-002" type="0"/>
    <Peak1D F1="2.307855" intensity="1.019488e-001" type="0"/>
    <Peak1D F1="2.294042" intensity="8.470880e-002" type="0"/>
    <Peak1D F1="2.280200" intensity="6.462581e-002" type="0"/>
    <Peak1D F1="2.256657" intensity="9.872185e-002" type="0"/>
    <Peak1D F1="2.239072" intensity="5.640046e-002" type="0"/>
    <Peak1D F1="2.225523" intensity="7.427518e-002" type="0"/>
    <Peak1D F1="2.202449" intensity="8.881439e-002" type="0"/>
    <Peak1D F1="2.176471" intensity="9.912525e-002" type="0"/>
    <Peak1D F1="2.173509" intensity="9.829954e-002" type="0"/>
    <Peak1D F1="2.164881" intensity="1.589753e-001" type="0"/>
    <Peak1D F1="2.145464" intensity="3.872405e-001" type="0"/>
    <Peak1D F1="2.115650" intensity="4.770701e+000" type="0"/>
    <Peak1D F1="2.096184" intensity="1.409707e+001" type="0"/>
    <Peak1D F1="2.085265" intensity="4.133613e+000" type="0"/>
    <Peak1D F1="2.077681" intensity="7.372146e+000" type="0"/>
    <Peak1D F1="2.056520" intensity="3.825757e-001" type="0"/>
    <Peak1D F1="2.050694" intensity="3.940379e-001" type="0"/>
    <Peak1D F1="2.047112" intensity="4.209129e-001" type="0"/>
    <Peak1D F1="2.027903" intensity="1.792078e-001" type="0"/>
    <Peak1D F1="1.990817" intensity="9.806799e-002" type="0"/>
    <Peak1D F1="1.974306" intensity="1.578035e-001" type="0"/>
    <Peak1D F1="1.959693" intensity="2.760590e-001" type="0"/>
    <Peak1D F1="1.948680" intensity="3.472536e-001" type="0"/>
    <Peak1D F1="1.941029" intensity="4.914260e-001" type="0"/>
    <Peak1D F1="1.931261" intensity="7.488757e-001" type="0"/>
    <Peak1D F1="1.925972" intensity="9.500029e-001" type="0"/>
    <Peak1D F1="1.921077" intensity="9.519916e-001" type="0"/>
    <Peak1D F1="1.910893" intensity="7.222904e+000" type="0"/>
    <Peak1D F1="1.900168" intensity="6.642453e+000" type="0"/>
    <Peak1D F1="1.891438" intensity="1.500000e+001" type="0"/>
    <Peak1D F1="1.881306" intensity="5.972844e+000" type="0"/>
    <Peak1D F1="1.872174" intensity="4.898715e+000" type="0"/>
    <Peak1D F1="1.859432" intensity="6.225365e-001" type="0"/>
    <Peak1D F1="1.850041" intensity="3.654239e-001" type="0"/>
    <Peak1D F1="1.841723" intensity="3.472603e-001" type="0"/>
    <Peak1D F1="1.833004" intensity="1.493658e-001" type="0"/>
    <Peak1D F1="1.822152" intensity="1.105412e-001" type="0"/>
    <Peak1D F1="1.809115" intensity="3.377867e-002" type="0"/>
    <Peak1D F1="1.796930" intensity="3.155487e-002" type="0"/>
    <Peak1D F1="1.760050" intensity="3.956513e-002" type="0"/>
    <Peak1D F1="1.741426" intensity="7.548374e-002" type="0"/>
    <Peak1D F1="1.724181" intensity="1.020337e-001" type="0"/>
    <Peak1D F1="1.706886" intensity="9.301011e-002" type="0"/>
    <Peak1D F1="1.682465" intensity="1.780959e-001" type="0"/>
    <Peak1D F1="1.672692" intensity="1.418545e-001" type="0"/>
    <Peak1D F1="1.663936" intensity="1.883875e-001" type="0"/>
    <Peak1D F1="1.659824" intensity="1.822338e-001" type="0"/>
    <Peak1D F1="1.654489" intensity="1.786452e-001" type="0"/>
    <Peak1D F1="1.648394" intensity="1.536435e-001" type="0"/>
    <Peak1D F1="1.643070" intensity="1.665283e-001" type="0"/>
    <Peak1D F1="1.627551" intensity="1.230049e-001" type="0"/>
    <Peak1D F1="1.611356" intensity="8.646863e-002" type="0"/>
    <Peak1D F1="1.600432" intensity="9.933324e-002" type="0"/>
    <Peak1D F1="1.555057" intensity="1.788646e-001" type="0"/>
    <Peak1D F1="1.536642" intensity="1.645532e-001" type="0"/>
    <Peak1D F1="1.502874" intensity="1.026245e-001" type="0"/>
    <Peak1D F1="1.484797" intensity="9.096424e-002" type="0"/>
    <Peak1D F1="1.471884" intensity="6.861210e-002" type="0"/>
    <Peak1D F1="1.454795" intensity="5.824856e-002" type="0"/>
    <Peak1D F1="1.436650" intensity="2.700359e-002" type="0"/>
    <Peak1D F1="1.352360" intensity="1.296068e-002" type="0"/>
    <Peak1D F1="1.337709" intensity="1.363807e-002" type="0"/>
    <Peak1D F1="1.268884" intensity="2.340049e-002" type="0"/>
    <Peak1D F1="1.236773" intensity="3.200459e-002" type="0"/>
    <Peak1D F1="1.184297" intensity="7.254567e-002" type="0"/>
    <Peak1D F1="1.099248" intensity="7.609183e-003" type="0"/>
    <Peak1D F1="1.062841" intensity="6.339242e-003" type="0"/>
    <Peak1D F1="1.053420" intensity="7.335905e-003" type="0"/>
    <Peak1D F1="1.008876" intensity="7.277564e-003" type="0"/>
    <Peak1D F1="0.914420" intensity="5.471769e-003" type="0"/>
    <Peak1D F1="0.893682" intensity="5.275323e-003" type="0"/>
    <Peak1D F1="0.824526" intensity="1.330205e-002" type="0"/>
    <Peak1D F1="0.810692" intensity="2.272167e-002" type="0"/>
    <Peak1D F1="0.762813" intensity="8.347596e-003" type="0"/>
    <Peak1D F1="0.738043" intensity="5.560238e-003" type="0"/>
    <Peak1D F1="0.725606" intensity="5.537442e-003" type="0"/>
    <Peak1D F1="-0.000150" intensity="8.792723e-002" type="0"/>
    <Peak1D F1="-2.825200" intensity="4.787442e-003" type="0"/>
    <Peak1D F1="-3.531110" intensity="4.827658e-003" type="0"/>
  </PeakList1D>
</PeakList>
