<?xml version="1.0" encoding="UTF-8"?>
<PeakList>
  <PeakList1D>
    <PeakList1DHeader creator="nmr" date="2021-08-01T14:08:36.067+03:00" expNo="20" name="ID-419-B" owner="" procNo="1" source="//132.72.8.180/400b/Milo/Milo">
      <PeakPickDetails>F1=16.101330ppm, F2=-3.927715ppm, MI=0.00cm, MAXI=10000.00cm, PC=1.000
      </PeakPickDetails>
    </PeakList1DHeader>
    <Peak1D F1="13.099726" intensity="6.657651e-003" type="0"/>
    <Peak1D F1="10.583898" intensity="6.893891e-003" type="0"/>
    <Peak1D F1="10.315317" intensity="1.586131e-002" type="0"/>
    <Peak1D F1="10.195765" intensity="7.062558e-003" type="0"/>
    <Peak1D F1="10.144973" intensity="5.534919e-002" type="0"/>
    <Peak1D F1="10.125598" intensity="2.770847e-002" type="0"/>
    <Peak1D F1="10.094842" intensity="3.023082e+000" type="0"/>
    <Peak1D F1="10.063224" intensity="1.729812e-002" type="0"/>
    <Peak1D F1="10.044666" intensity="4.407930e-002" type="0"/>
    <Peak1D F1="9.867857" intensity="1.714217e-002" type="0"/>
    <Peak1D F1="8.552060" intensity="1.007960e-002" type="0"/>
    <Peak1D F1="8.530124" intensity="1.048672e-002" type="0"/>
    <Peak1D F1="8.499369" intensity="6.263152e-003" type="0"/>
    <Peak1D F1="8.444757" intensity="6.708936e-003" type="0"/>
    <Peak1D F1="8.426691" intensity="9.519673e-003" type="0"/>
    <Peak1D F1="8.413556" intensity="9.224223e-003" type="0"/>
    <Peak1D F1="8.392991" intensity="4.492470e-002" type="0"/>
    <Peak1D F1="8.371498" intensity="5.975161e-002" type="0"/>
    <Peak1D F1="8.342984" intensity="2.041372e+000" type="0"/>
    <Peak1D F1="8.338470" intensity="7.174743e-001" type="0"/>
    <Peak1D F1="8.321156" intensity="2.323478e+000" type="0"/>
    <Peak1D F1="8.292891" intensity="3.521873e-002" type="0"/>
    <Peak1D F1="8.271573" intensity="5.565573e-002" type="0"/>
    <Peak1D F1="8.250800" intensity="3.823436e-002" type="0"/>
    <Peak1D F1="8.237005" intensity="2.038356e-002" type="0"/>
    <Peak1D F1="8.229789" intensity="2.966053e-002" type="0"/>
    <Peak1D F1="8.225268" intensity="2.756831e-002" type="0"/>
    <Peak1D F1="8.209444" intensity="3.789286e-002" type="0"/>
    <Peak1D F1="8.187314" intensity="3.853985e-002" type="0"/>
    <Peak1D F1="8.164677" intensity="1.792931e-001" type="0"/>
    <Peak1D F1="8.159129" intensity="1.131863e+000" type="0"/>
    <Peak1D F1="8.154348" intensity="4.315933e-001" type="0"/>
    <Peak1D F1="8.141855" intensity="4.121749e-001" type="0"/>
    <Peak1D F1="8.137196" intensity="1.190137e+000" type="0"/>
    <Peak1D F1="8.131598" intensity="2.544027e-001" type="0"/>
    <Peak1D F1="8.109663" intensity="5.658387e-002" type="0"/>
    <Peak1D F1="8.087148" intensity="2.542691e-002" type="0"/>
    <Peak1D F1="8.071842" intensity="5.631774e-002" type="0"/>
    <Peak1D F1="8.050170" intensity="5.345786e-002" type="0"/>
    <Peak1D F1="8.026756" intensity="4.350705e-001" type="0"/>
    <Peak1D F1="8.021788" intensity="2.666004e+000" type="0"/>
    <Peak1D F1="8.016973" intensity="8.057711e-001" type="0"/>
    <Peak1D F1="8.004539" intensity="8.147109e-001" type="0"/>
    <Peak1D F1="8.000055" intensity="2.175931e+000" type="0"/>
    <Peak1D F1="7.994876" intensity="3.052905e-001" type="0"/>
    <Peak1D F1="7.971771" intensity="3.697199e-002" type="0"/>
    <Peak1D F1="7.949849" intensity="3.235749e-002" type="0"/>
    <Peak1D F1="7.828017" intensity="2.776921e-002" type="0"/>
    <Peak1D F1="7.811490" intensity="1.806913e-002" type="0"/>
    <Peak1D F1="7.805378" intensity="2.053055e-002" type="0"/>
    <Peak1D F1="7.793436" intensity="8.754985e-003" type="0"/>
    <Peak1D F1="7.662770" intensity="7.378261e-003" type="0"/>
    <Peak1D F1="7.643870" intensity="6.631962e-003" type="0"/>
    <Peak1D F1="7.610548" intensity="5.263889e-002" type="0"/>
    <Peak1D F1="7.605425" intensity="6.249994e-002" type="0"/>
    <Peak1D F1="7.591664" intensity="6.588515e-002" type="0"/>
    <Peak1D F1="7.586003" intensity="4.822534e-002" type="0"/>
    <Peak1D F1="7.531969" intensity="3.557450e-002" type="0"/>
    <Peak1D F1="7.507708" intensity="6.161204e-002" type="0"/>
    <Peak1D F1="7.481597" intensity="1.102068e+000" type="0"/>
    <Peak1D F1="7.459613" intensity="1.047860e+000" type="0"/>
    <Peak1D F1="7.442576" intensity="6.099162e-002" type="0"/>
    <Peak1D F1="7.431361" intensity="3.077370e-002" type="0"/>
    <Peak1D F1="7.408905" intensity="2.699034e-002" type="0"/>
    <Peak1D F1="7.389499" intensity="1.084241e-002" type="0"/>
    <Peak1D F1="7.376925" intensity="1.113292e-002" type="0"/>
    <Peak1D F1="7.320690" intensity="1.621370e-002" type="0"/>
    <Peak1D F1="7.296565" intensity="2.598847e-002" type="0"/>
    <Peak1D F1="7.272166" intensity="1.971676e-002" type="0"/>
    <Peak1D F1="7.246379" intensity="1.911280e-001" type="0"/>
    <Peak1D F1="7.225945" intensity="7.941929e-002" type="0"/>
    <Peak1D F1="7.219530" intensity="1.200863e-001" type="0"/>
    <Peak1D F1="7.214300" intensity="1.530639e-001" type="0"/>
    <Peak1D F1="7.196174" intensity="1.085263e+001" type="0"/>
    <Peak1D F1="7.155215" intensity="1.251010e-002" type="0"/>
    <Peak1D F1="7.146188" intensity="1.355901e-001" type="0"/>
    <Peak1D F1="7.045238" intensity="6.323223e-003" type="0"/>
    <Peak1D F1="7.017219" intensity="2.220227e-002" type="0"/>
    <Peak1D F1="7.011423" intensity="1.194951e-002" type="0"/>
    <Peak1D F1="7.000974" intensity="2.148657e-002" type="0"/>
    <Peak1D F1="6.994957" intensity="4.144878e-002" type="0"/>
    <Peak1D F1="6.988910" intensity="2.062779e-002" type="0"/>
    <Peak1D F1="6.979207" intensity="1.274802e-002" type="0"/>
    <Peak1D F1="6.972730" intensity="2.151964e-002" type="0"/>
    <Peak1D F1="6.932102" intensity="5.818984e-002" type="0"/>
    <Peak1D F1="6.881830" intensity="6.934169e-003" type="0"/>
    <Peak1D F1="6.853596" intensity="1.207025e-002" type="0"/>
    <Peak1D F1="6.844942" intensity="2.331828e-002" type="0"/>
    <Peak1D F1="6.838888" intensity="3.791100e-002" type="0"/>
    <Peak1D F1="6.832658" intensity="2.631011e-002" type="0"/>
    <Peak1D F1="6.822768" intensity="4.153742e-002" type="0"/>
    <Peak1D F1="6.816420" intensity="6.968308e-002" type="0"/>
    <Peak1D F1="6.810360" intensity="3.969277e-002" type="0"/>
    <Peak1D F1="6.800012" intensity="2.304935e-002" type="0"/>
    <Peak1D F1="6.793785" intensity="3.095330e-002" type="0"/>
    <Peak1D F1="6.788250" intensity="1.683291e-002" type="0"/>
    <Peak1D F1="6.314023" intensity="1.273642e-002" type="0"/>
    <Peak1D F1="6.214647" intensity="1.519108e-002" type="0"/>
    <Peak1D F1="6.125846" intensity="8.291041e-003" type="0"/>
    <Peak1D F1="6.116796" intensity="1.484218e-001" type="0"/>
    <Peak1D F1="6.067074" intensity="6.662403e-002" type="0"/>
    <Peak1D F1="6.016917" intensity="3.596369e+000" type="0"/>
    <Peak1D F1="5.966590" intensity="4.701455e-002" type="0"/>
    <Peak1D F1="5.866181" intensity="1.955777e-002" type="0"/>
    <Peak1D F1="5.854570" intensity="1.608025e-002" type="0"/>
    <Peak1D F1="5.814857" intensity="1.115959e-002" type="0"/>
    <Peak1D F1="5.389446" intensity="8.664358e-003" type="0"/>
    <Peak1D F1="5.358424" intensity="2.186888e-002" type="0"/>
    <Peak1D F1="5.352868" intensity="2.147833e-002" type="0"/>
    <Peak1D F1="5.340020" intensity="1.587832e-002" type="0"/>
    <Peak1D F1="5.314358" intensity="1.627963e-002" type="0"/>
    <Peak1D F1="5.275360" intensity="8.136319e-003" type="0"/>
    <Peak1D F1="5.223578" intensity="8.999970e-003" type="0"/>
    <Peak1D F1="5.179826" intensity="1.259525e-002" type="0"/>
    <Peak1D F1="5.144141" intensity="1.875162e-002" type="0"/>
    <Peak1D F1="5.093888" intensity="1.201041e-002" type="0"/>
    <Peak1D F1="5.070822" intensity="8.018764e-003" type="0"/>
    <Peak1D F1="5.044325" intensity="7.349688e-003" type="0"/>
    <Peak1D F1="4.973131" intensity="6.540785e-003" type="0"/>
    <Peak1D F1="4.876846" intensity="6.414630e-003" type="0"/>
    <Peak1D F1="4.851801" intensity="8.102019e-003" type="0"/>
    <Peak1D F1="4.842260" intensity="1.253281e-002" type="0"/>
    <Peak1D F1="4.820390" intensity="1.614153e-002" type="0"/>
    <Peak1D F1="4.792199" intensity="5.452942e-001" type="0"/>
    <Peak1D F1="4.769423" intensity="5.580919e-001" type="0"/>
    <Peak1D F1="4.739130" intensity="1.842315e-002" type="0"/>
    <Peak1D F1="4.679654" intensity="1.562988e-001" type="0"/>
    <Peak1D F1="4.596793" intensity="8.229194e-003" type="0"/>
    <Peak1D F1="4.587073" intensity="7.333584e-003" type="0"/>
    <Peak1D F1="4.577466" intensity="7.177103e-003" type="0"/>
    <Peak1D F1="4.536776" intensity="6.208382e-003" type="0"/>
    <Peak1D F1="3.878037" intensity="5.639036e-002" type="0"/>
    <Peak1D F1="3.860908" intensity="9.999522e-003" type="0"/>
    <Peak1D F1="3.844877" intensity="1.011166e-001" type="0"/>
    <Peak1D F1="3.833814" intensity="1.731909e-002" type="0"/>
    <Peak1D F1="3.822346" intensity="6.305039e-002" type="0"/>
    <Peak1D F1="3.811338" intensity="4.647607e-001" type="0"/>
    <Peak1D F1="3.750797" intensity="2.051580e-001" type="0"/>
    <Peak1D F1="3.745613" intensity="2.625979e-001" type="0"/>
    <Peak1D F1="3.700614" intensity="1.097133e+001" type="0"/>
    <Peak1D F1="3.660187" intensity="1.672799e-002" type="0"/>
    <Peak1D F1="3.650468" intensity="1.510145e-001" type="0"/>
    <Peak1D F1="3.628615" intensity="7.618541e-003" type="0"/>
    <Peak1D F1="3.549712" intensity="1.068096e-002" type="0"/>
    <Peak1D F1="3.518360" intensity="5.723807e-002" type="0"/>
    <Peak1D F1="3.360687" intensity="6.308946e-003" type="0"/>
    <Peak1D F1="2.749634" intensity="6.389808e-003" type="0"/>
    <Peak1D F1="2.556419" intensity="7.333218e-003" type="0"/>
    <Peak1D F1="2.546595" intensity="7.402021e-003" type="0"/>
    <Peak1D F1="2.521560" intensity="6.908090e-003" type="0"/>
    <Peak1D F1="2.438521" intensity="9.148841e-002" type="0"/>
    <Peak1D F1="2.433655" intensity="1.093137e-001" type="0"/>
    <Peak1D F1="2.417373" intensity="1.077869e-001" type="0"/>
    <Peak1D F1="2.412994" intensity="1.075420e-001" type="0"/>
    <Peak1D F1="2.388930" intensity="1.602380e-001" type="0"/>
    <Peak1D F1="2.385076" intensity="1.491033e-001" type="0"/>
    <Peak1D F1="2.364538" intensity="1.932566e-001" type="0"/>
    <Peak1D F1="2.351491" intensity="1.264806e-001" type="0"/>
    <Peak1D F1="2.340757" intensity="4.518894e-002" type="0"/>
    <Peak1D F1="2.329068" intensity="2.045808e-001" type="0"/>
    <Peak1D F1="2.321496" intensity="1.207154e-001" type="0"/>
    <Peak1D F1="2.308996" intensity="1.514390e-001" type="0"/>
    <Peak1D F1="2.305625" intensity="1.395653e-001" type="0"/>
    <Peak1D F1="2.298878" intensity="1.840599e-001" type="0"/>
    <Peak1D F1="2.278875" intensity="1.363146e-001" type="0"/>
    <Peak1D F1="2.253246" intensity="2.151135e-001" type="0"/>
    <Peak1D F1="2.237234" intensity="6.493935e-002" type="0"/>
    <Peak1D F1="2.231038" intensity="2.302710e-001" type="0"/>
    <Peak1D F1="2.226978" intensity="2.269376e-001" type="0"/>
    <Peak1D F1="2.204356" intensity="2.979265e-001" type="0"/>
    <Peak1D F1="2.196946" intensity="7.972422e-002" type="0"/>
    <Peak1D F1="2.182842" intensity="1.844421e-001" type="0"/>
    <Peak1D F1="2.178116" intensity="1.995482e-001" type="0"/>
    <Peak1D F1="2.167280" intensity="1.490854e-001" type="0"/>
    <Peak1D F1="2.155685" intensity="2.962313e-001" type="0"/>
    <Peak1D F1="2.147770" intensity="3.870801e-001" type="0"/>
    <Peak1D F1="2.117331" intensity="4.523833e+000" type="0"/>
    <Peak1D F1="2.097767" intensity="1.448258e+001" type="0"/>
    <Peak1D F1="2.086076" intensity="3.747596e+000" type="0"/>
    <Peak1D F1="2.078944" intensity="7.141936e+000" type="0"/>
    <Peak1D F1="2.063153" intensity="3.661272e-001" type="0"/>
    <Peak1D F1="2.057536" intensity="3.261360e-001" type="0"/>
    <Peak1D F1="2.053922" intensity="3.251675e-001" type="0"/>
    <Peak1D F1="2.047914" intensity="3.349634e-001" type="0"/>
    <Peak1D F1="2.028771" intensity="1.490480e-001" type="0"/>
    <Peak1D F1="2.012682" intensity="5.232919e-002" type="0"/>
    <Peak1D F1="2.001047" intensity="5.751903e-002" type="0"/>
    <Peak1D F1="1.988637" intensity="1.742993e-001" type="0"/>
    <Peak1D F1="1.971026" intensity="1.685634e-001" type="0"/>
    <Peak1D F1="1.960605" intensity="3.277394e-001" type="0"/>
    <Peak1D F1="1.950333" intensity="3.891222e-001" type="0"/>
    <Peak1D F1="1.938738" intensity="3.770079e+000" type="0"/>
    <Peak1D F1="1.934140" intensity="8.265802e-001" type="0"/>
    <Peak1D F1="1.926459" intensity="9.055723e-001" type="0"/>
    <Peak1D F1="1.921655" intensity="8.843542e-001" type="0"/>
    <Peak1D F1="1.911654" intensity="7.203310e+000" type="0"/>
    <Peak1D F1="1.900474" intensity="5.986664e+000" type="0"/>
    <Peak1D F1="1.892043" intensity="1.500000e+001" type="0"/>
    <Peak1D F1="1.883138" intensity="5.238224e+000" type="0"/>
    <Peak1D F1="1.881249" intensity="5.286627e+000" type="0"/>
    <Peak1D F1="1.872639" intensity="4.619421e+000" type="0"/>
    <Peak1D F1="1.860546" intensity="5.410061e-001" type="0"/>
    <Peak1D F1="1.850349" intensity="3.162153e-001" type="0"/>
    <Peak1D F1="1.842025" intensity="2.787811e-001" type="0"/>
    <Peak1D F1="1.833745" intensity="1.269112e-001" type="0"/>
    <Peak1D F1="1.822368" intensity="9.503685e-002" type="0"/>
    <Peak1D F1="1.783279" intensity="2.245667e-002" type="0"/>
    <Peak1D F1="1.766968" intensity="3.722401e-002" type="0"/>
    <Peak1D F1="1.761266" intensity="4.015834e-002" type="0"/>
    <Peak1D F1="1.742201" intensity="8.446579e-002" type="0"/>
    <Peak1D F1="1.730149" intensity="9.938702e-002" type="0"/>
    <Peak1D F1="1.724819" intensity="1.348671e-001" type="0"/>
    <Peak1D F1="1.717923" intensity="1.058033e-001" type="0"/>
    <Peak1D F1="1.708721" intensity="1.291399e-001" type="0"/>
    <Peak1D F1="1.702094" intensity="1.719274e-001" type="0"/>
    <Peak1D F1="1.697876" intensity="1.492973e-001" type="0"/>
    <Peak1D F1="1.688198" intensity="1.243709e-001" type="0"/>
    <Peak1D F1="1.681523" intensity="3.921663e-001" type="0"/>
    <Peak1D F1="1.675326" intensity="2.045237e-001" type="0"/>
    <Peak1D F1="1.671867" intensity="2.251583e-001" type="0"/>
    <Peak1D F1="1.657656" intensity="3.340664e-001" type="0"/>
    <Peak1D F1="1.641257" intensity="1.932463e-001" type="0"/>
    <Peak1D F1="1.637019" intensity="2.275180e-001" type="0"/>
    <Peak1D F1="1.633022" intensity="1.840952e-001" type="0"/>
    <Peak1D F1="1.625564" intensity="1.005133e-001" type="0"/>
    <Peak1D F1="1.620760" intensity="1.224910e-001" type="0"/>
    <Peak1D F1="1.617715" intensity="1.219485e-001" type="0"/>
    <Peak1D F1="1.585677" intensity="7.182759e-002" type="0"/>
    <Peak1D F1="1.567296" intensity="9.061913e-002" type="0"/>
    <Peak1D F1="1.549309" intensity="9.424751e-002" type="0"/>
    <Peak1D F1="1.536179" intensity="1.612974e-001" type="0"/>
    <Peak1D F1="1.521316" intensity="1.191409e-001" type="0"/>
    <Peak1D F1="1.513667" intensity="1.215911e-001" type="0"/>
    <Peak1D F1="1.501854" intensity="2.016046e-001" type="0"/>
    <Peak1D F1="1.484456" intensity="2.363485e-001" type="0"/>
    <Peak1D F1="1.471704" intensity="1.623060e-001" type="0"/>
    <Peak1D F1="1.455085" intensity="1.557491e-001" type="0"/>
    <Peak1D F1="1.437152" intensity="5.193175e-002" type="0"/>
    <Peak1D F1="1.424943" intensity="5.346083e-002" type="0"/>
    <Peak1D F1="1.374841" intensity="1.219536e-002" type="0"/>
    <Peak1D F1="1.362155" intensity="1.064370e-002" type="0"/>
    <Peak1D F1="1.347678" intensity="1.065509e-002" type="0"/>
    <Peak1D F1="1.294888" intensity="1.085577e-002" type="0"/>
    <Peak1D F1="1.263332" intensity="1.489167e-002" type="0"/>
    <Peak1D F1="1.255562" intensity="1.965944e-002" type="0"/>
    <Peak1D F1="1.235344" intensity="2.587954e-002" type="0"/>
    <Peak1D F1="1.183388" intensity="7.645546e-002" type="0"/>
    <Peak1D F1="1.154957" intensity="1.126777e-002" type="0"/>
    <Peak1D F1="1.120533" intensity="6.604637e-003" type="0"/>
    <Peak1D F1="0.992536" intensity="6.512839e-003" type="0"/>
    <Peak1D F1="0.826862" intensity="1.124720e-002" type="0"/>
    <Peak1D F1="0.809582" intensity="1.903044e-002" type="0"/>
    <Peak1D F1="0.790763" intensity="1.267801e-002" type="0"/>
    <Peak1D F1="0.782922" intensity="7.435604e-003" type="0"/>
    <Peak1D F1="0.758764" intensity="7.949103e-003" type="0"/>
    <Peak1D F1="0.181498" intensity="9.432004e-003" type="0"/>
    <Peak1D F1="0.043407" intensity="7.248450e-003" type="0"/>
    <Peak1D F1="0.025306" intensity="8.964042e-003" type="0"/>
    <Peak1D F1="-0.000150" intensity="1.891354e-001" type="0"/>
    <Peak1D F1="-0.013928" intensity="7.633753e-003" type="0"/>
    <Peak1D F1="-3.323513" intensity="6.498912e-003" type="0"/>
  </PeakList1D>
</PeakList>
