<?xml version="1.0" encoding="UTF-8"?>
<PeakList>
  <PeakList1D>
    <PeakList1DHeader creator="nmr" date="2021-08-01T15:36:04.092+03:00" expNo="10" name="ID-419-F" owner="" procNo="1" source="//132.72.8.180/400b/Milo/Milo">
      <PeakPickDetails>F1=16.098869ppm, F2=-3.930176ppm, MI=0.00cm, MAXI=10000.00cm, PC=1.000
      </PeakPickDetails>
    </PeakList1DHeader>
    <Peak1D F1="14.389462" intensity="9.186231e-003" type="0"/>
    <Peak1D F1="10.093269" intensity="8.309048e-002" type="0"/>
    <Peak1D F1="8.366170" intensity="1.703553e-002" type="0"/>
    <Peak1D F1="8.341706" intensity="6.835303e-002" type="0"/>
    <Peak1D F1="8.319887" intensity="6.942015e-002" type="0"/>
    <Peak1D F1="8.271488" intensity="3.437473e-002" type="0"/>
    <Peak1D F1="8.242259" intensity="4.610955e-002" type="0"/>
    <Peak1D F1="8.229643" intensity="1.352506e-001" type="0"/>
    <Peak1D F1="8.208544" intensity="3.507892e-001" type="0"/>
    <Peak1D F1="8.187049" intensity="2.896082e-001" type="0"/>
    <Peak1D F1="8.158447" intensity="3.520181e+000" type="0"/>
    <Peak1D F1="8.136414" intensity="3.812493e+000" type="0"/>
    <Peak1D F1="8.130710" intensity="9.693159e-001" type="0"/>
    <Peak1D F1="8.106350" intensity="1.096042e-001" type="0"/>
    <Peak1D F1="8.100822" intensity="1.064997e-001" type="0"/>
    <Peak1D F1="8.086704" intensity="6.823417e-002" type="0"/>
    <Peak1D F1="8.067801" intensity="2.992472e-001" type="0"/>
    <Peak1D F1="8.048434" intensity="3.210565e-001" type="0"/>
    <Peak1D F1="8.019167" intensity="8.581471e-002" type="0"/>
    <Peak1D F1="7.998219" intensity="7.430054e-002" type="0"/>
    <Peak1D F1="7.942854" intensity="1.620374e-002" type="0"/>
    <Peak1D F1="7.921214" intensity="1.579941e-002" type="0"/>
    <Peak1D F1="7.862370" intensity="1.955235e-002" type="0"/>
    <Peak1D F1="7.845704" intensity="2.564832e-002" type="0"/>
    <Peak1D F1="7.830772" intensity="1.246280e-001" type="0"/>
    <Peak1D F1="7.824441" intensity="1.227721e-001" type="0"/>
    <Peak1D F1="7.810524" intensity="1.364950e-001" type="0"/>
    <Peak1D F1="7.805035" intensity="1.189026e-001" type="0"/>
    <Peak1D F1="7.788600" intensity="1.947583e-002" type="0"/>
    <Peak1D F1="7.775191" intensity="1.365179e-002" type="0"/>
    <Peak1D F1="7.749039" intensity="1.670303e-002" type="0"/>
    <Peak1D F1="7.737591" intensity="1.917349e-002" type="0"/>
    <Peak1D F1="7.718879" intensity="1.907880e-002" type="0"/>
    <Peak1D F1="7.685065" intensity="2.428958e-002" type="0"/>
    <Peak1D F1="7.662396" intensity="2.811377e-002" type="0"/>
    <Peak1D F1="7.635036" intensity="1.141315e-001" type="0"/>
    <Peak1D F1="7.613214" intensity="1.403804e-001" type="0"/>
    <Peak1D F1="7.606902" intensity="1.314537e-001" type="0"/>
    <Peak1D F1="7.585452" intensity="2.573502e-001" type="0"/>
    <Peak1D F1="7.564527" intensity="1.973095e-001" type="0"/>
    <Peak1D F1="7.540523" intensity="1.610350e-001" type="0"/>
    <Peak1D F1="7.529805" intensity="1.373670e-001" type="0"/>
    <Peak1D F1="7.519248" intensity="2.186107e-001" type="0"/>
    <Peak1D F1="7.508467" intensity="1.557357e-001" type="0"/>
    <Peak1D F1="7.498507" intensity="1.722543e-001" type="0"/>
    <Peak1D F1="7.479611" intensity="3.963557e+000" type="0"/>
    <Peak1D F1="7.458247" intensity="3.740930e+000" type="0"/>
    <Peak1D F1="7.439283" intensity="4.702539e-001" type="0"/>
    <Peak1D F1="7.407474" intensity="7.718156e-002" type="0"/>
    <Peak1D F1="7.381029" intensity="1.559091e-002" type="0"/>
    <Peak1D F1="7.364219" intensity="1.430187e-002" type="0"/>
    <Peak1D F1="7.323968" intensity="3.076667e-002" type="0"/>
    <Peak1D F1="7.297128" intensity="2.479839e-002" type="0"/>
    <Peak1D F1="7.275239" intensity="3.063213e-002" type="0"/>
    <Peak1D F1="7.254303" intensity="3.142770e-001" type="0"/>
    <Peak1D F1="7.243639" intensity="2.112754e-001" type="0"/>
    <Peak1D F1="7.235179" intensity="2.896789e-001" type="0"/>
    <Peak1D F1="7.193671" intensity="1.115631e+001" type="0"/>
    <Peak1D F1="7.169358" intensity="1.585157e-001" type="0"/>
    <Peak1D F1="7.157400" intensity="2.139318e-001" type="0"/>
    <Peak1D F1="7.143496" intensity="2.731950e-001" type="0"/>
    <Peak1D F1="7.063168" intensity="1.403528e-002" type="0"/>
    <Peak1D F1="7.044385" intensity="1.541881e-002" type="0"/>
    <Peak1D F1="6.985368" intensity="1.701449e-002" type="0"/>
    <Peak1D F1="6.966292" intensity="1.645565e-002" type="0"/>
    <Peak1D F1="6.949447" intensity="9.813671e-003" type="0"/>
    <Peak1D F1="6.929578" intensity="5.976873e-002" type="0"/>
    <Peak1D F1="6.914321" intensity="1.585766e-002" type="0"/>
    <Peak1D F1="6.888085" intensity="1.069866e-002" type="0"/>
    <Peak1D F1="6.670910" intensity="9.718979e-003" type="0"/>
    <Peak1D F1="6.216103" intensity="2.177028e-002" type="0"/>
    <Peak1D F1="6.117276" intensity="1.303056e-001" type="0"/>
    <Peak1D F1="6.067948" intensity="6.967823e-002" type="0"/>
    <Peak1D F1="6.036265" intensity="4.755510e-002" type="0"/>
    <Peak1D F1="6.017787" intensity="4.886847e+000" type="0"/>
    <Peak1D F1="5.982338" intensity="1.352448e-002" type="0"/>
    <Peak1D F1="5.967972" intensity="7.535015e-002" type="0"/>
    <Peak1D F1="5.945419" intensity="3.931844e-002" type="0"/>
    <Peak1D F1="5.933940" intensity="4.144196e-002" type="0"/>
    <Peak1D F1="5.800143" intensity="4.581499e-002" type="0"/>
    <Peak1D F1="5.792146" intensity="4.517367e-002" type="0"/>
    <Peak1D F1="5.753425" intensity="1.091217e-002" type="0"/>
    <Peak1D F1="5.646503" intensity="5.249583e-002" type="0"/>
    <Peak1D F1="5.619986" intensity="5.518046e-002" type="0"/>
    <Peak1D F1="5.581781" intensity="1.065886e-002" type="0"/>
    <Peak1D F1="5.491341" intensity="2.780017e-002" type="0"/>
    <Peak1D F1="5.426526" intensity="1.606210e-002" type="0"/>
    <Peak1D F1="5.400105" intensity="1.042718e-002" type="0"/>
    <Peak1D F1="5.365782" intensity="3.857206e-002" type="0"/>
    <Peak1D F1="5.355393" intensity="2.159306e-001" type="0"/>
    <Peak1D F1="5.348052" intensity="2.140614e-001" type="0"/>
    <Peak1D F1="5.317921" intensity="1.620857e-002" type="0"/>
    <Peak1D F1="5.301381" intensity="1.008910e-002" type="0"/>
    <Peak1D F1="5.107162" intensity="1.485022e-002" type="0"/>
    <Peak1D F1="5.091474" intensity="1.417382e-002" type="0"/>
    <Peak1D F1="5.000052" intensity="1.094271e-002" type="0"/>
    <Peak1D F1="4.968489" intensity="2.171405e-002" type="0"/>
    <Peak1D F1="4.946395" intensity="1.706077e-002" type="0"/>
    <Peak1D F1="4.888139" intensity="3.597569e-002" type="0"/>
    <Peak1D F1="4.867642" intensity="4.554579e-002" type="0"/>
    <Peak1D F1="4.851502" intensity="4.256461e-002" type="0"/>
    <Peak1D F1="4.838702" intensity="6.778976e-002" type="0"/>
    <Peak1D F1="4.816889" intensity="7.429150e-002" type="0"/>
    <Peak1D F1="4.789383" intensity="2.293264e+000" type="0"/>
    <Peak1D F1="4.766537" intensity="2.340152e+000" type="0"/>
    <Peak1D F1="4.739286" intensity="8.306171e-002" type="0"/>
    <Peak1D F1="4.716807" intensity="8.507858e-002" type="0"/>
    <Peak1D F1="4.668239" intensity="5.476227e-002" type="0"/>
    <Peak1D F1="4.640709" intensity="5.215668e-002" type="0"/>
    <Peak1D F1="4.615088" intensity="5.285734e-002" type="0"/>
    <Peak1D F1="4.606427" intensity="5.393285e-002" type="0"/>
    <Peak1D F1="4.581887" intensity="5.587341e-002" type="0"/>
    <Peak1D F1="4.554766" intensity="4.126636e-002" type="0"/>
    <Peak1D F1="4.532276" intensity="3.917585e-002" type="0"/>
    <Peak1D F1="4.508371" intensity="3.472454e-002" type="0"/>
    <Peak1D F1="4.463905" intensity="2.745574e-002" type="0"/>
    <Peak1D F1="4.419811" intensity="2.403760e-002" type="0"/>
    <Peak1D F1="4.401099" intensity="2.224622e-002" type="0"/>
    <Peak1D F1="4.363600" intensity="1.807940e-002" type="0"/>
    <Peak1D F1="4.283880" intensity="1.396769e-002" type="0"/>
    <Peak1D F1="4.253658" intensity="1.494069e-002" type="0"/>
    <Peak1D F1="4.195371" intensity="9.649894e-003" type="0"/>
    <Peak1D F1="4.168478" intensity="1.003433e-002" type="0"/>
    <Peak1D F1="3.970546" intensity="2.200836e-002" type="0"/>
    <Peak1D F1="3.956854" intensity="2.468653e-002" type="0"/>
    <Peak1D F1="3.921442" intensity="1.111366e-002" type="0"/>
    <Peak1D F1="3.893350" intensity="1.233608e-002" type="0"/>
    <Peak1D F1="3.877830" intensity="7.716374e-002" type="0"/>
    <Peak1D F1="3.861754" intensity="1.193860e-002" type="0"/>
    <Peak1D F1="3.843760" intensity="3.960035e-002" type="0"/>
    <Peak1D F1="3.822257" intensity="3.428615e-002" type="0"/>
    <Peak1D F1="3.811109" intensity="4.110510e-001" type="0"/>
    <Peak1D F1="3.750663" intensity="2.421345e-001" type="0"/>
    <Peak1D F1="3.745231" intensity="2.385040e-001" type="0"/>
    <Peak1D F1="3.700514" intensity="1.500000e+001" type="0"/>
    <Peak1D F1="3.664365" intensity="5.432643e-002" type="0"/>
    <Peak1D F1="3.650656" intensity="2.459696e-001" type="0"/>
    <Peak1D F1="3.603030" intensity="1.834900e-002" type="0"/>
    <Peak1D F1="3.518260" intensity="8.337457e-002" type="0"/>
    <Peak1D F1="3.496161" intensity="9.445895e-003" type="0"/>
    <Peak1D F1="3.469416" intensity="1.024783e-002" type="0"/>
    <Peak1D F1="2.953217" intensity="1.529918e-002" type="0"/>
    <Peak1D F1="2.934893" intensity="2.738982e-002" type="0"/>
    <Peak1D F1="2.917364" intensity="1.581823e-002" type="0"/>
    <Peak1D F1="2.858716" intensity="1.227795e-002" type="0"/>
    <Peak1D F1="2.837198" intensity="1.353535e-002" type="0"/>
    <Peak1D F1="2.796268" intensity="1.104831e-002" type="0"/>
    <Peak1D F1="2.748339" intensity="2.792629e-002" type="0"/>
    <Peak1D F1="2.725250" intensity="3.414363e-002" type="0"/>
    <Peak1D F1="2.669629" intensity="1.354010e-002" type="0"/>
    <Peak1D F1="2.647203" intensity="1.566342e-002" type="0"/>
    <Peak1D F1="2.624765" intensity="1.189139e-002" type="0"/>
    <Peak1D F1="2.617456" intensity="1.301127e-002" type="0"/>
    <Peak1D F1="2.556723" intensity="1.714378e-002" type="0"/>
    <Peak1D F1="2.530797" intensity="1.597289e-002" type="0"/>
    <Peak1D F1="2.485131" intensity="2.583546e-002" type="0"/>
    <Peak1D F1="2.455099" intensity="3.979614e-002" type="0"/>
    <Peak1D F1="2.433136" intensity="3.869555e-001" type="0"/>
    <Peak1D F1="2.415940" intensity="4.247694e-001" type="0"/>
    <Peak1D F1="2.411941" intensity="4.381374e-001" type="0"/>
    <Peak1D F1="2.387764" intensity="6.433692e-001" type="0"/>
    <Peak1D F1="2.385465" intensity="6.324581e-001" type="0"/>
    <Peak1D F1="2.377223" intensity="1.333099e+000" type="0"/>
    <Peak1D F1="2.363335" intensity="6.980168e-001" type="0"/>
    <Peak1D F1="2.346574" intensity="7.017299e-001" type="0"/>
    <Peak1D F1="2.337948" intensity="4.980407e-001" type="0"/>
    <Peak1D F1="2.326356" intensity="9.053185e-001" type="0"/>
    <Peak1D F1="2.319145" intensity="7.001853e-001" type="0"/>
    <Peak1D F1="2.315703" intensity="7.479667e-001" type="0"/>
    <Peak1D F1="2.307978" intensity="8.320649e-001" type="0"/>
    <Peak1D F1="2.296551" intensity="7.536360e-001" type="0"/>
    <Peak1D F1="2.276549" intensity="4.755092e-001" type="0"/>
    <Peak1D F1="2.252592" intensity="6.343613e-001" type="0"/>
    <Peak1D F1="2.228376" intensity="7.953798e-001" type="0"/>
    <Peak1D F1="2.203626" intensity="8.966775e-001" type="0"/>
    <Peak1D F1="2.182297" intensity="4.788507e-001" type="0"/>
    <Peak1D F1="2.180394" intensity="4.589936e-001" type="0"/>
    <Peak1D F1="2.177703" intensity="4.731100e-001" type="0"/>
    <Peak1D F1="2.155144" intensity="5.351547e-001" type="0"/>
    <Peak1D F1="2.146283" intensity="3.186243e-001" type="0"/>
    <Peak1D F1="2.115988" intensity="3.656281e+000" type="0"/>
    <Peak1D F1="2.106205" intensity="3.064092e+000" type="0"/>
    <Peak1D F1="2.096252" intensity="1.118129e+001" type="0"/>
    <Peak1D F1="2.085449" intensity="3.203876e+000" type="0"/>
    <Peak1D F1="2.077996" intensity="5.729036e+000" type="0"/>
    <Peak1D F1="2.056961" intensity="3.753286e-001" type="0"/>
    <Peak1D F1="2.046569" intensity="3.942404e-001" type="0"/>
    <Peak1D F1="2.040219" intensity="3.323146e-001" type="0"/>
    <Peak1D F1="2.028175" intensity="2.118182e-001" type="0"/>
    <Peak1D F1="2.021041" intensity="1.619475e-001" type="0"/>
    <Peak1D F1="2.002090" intensity="1.262174e-001" type="0"/>
    <Peak1D F1="1.986602" intensity="3.764580e-001" type="0"/>
    <Peak1D F1="1.958624" intensity="6.566383e-001" type="0"/>
    <Peak1D F1="1.948502" intensity="6.384521e-001" type="0"/>
    <Peak1D F1="1.936875" intensity="2.166313e+000" type="0"/>
    <Peak1D F1="1.925503" intensity="8.001872e-001" type="0"/>
    <Peak1D F1="1.920392" intensity="9.053792e-001" type="0"/>
    <Peak1D F1="1.910035" intensity="5.776456e+000" type="0"/>
    <Peak1D F1="1.899862" intensity="4.953946e+000" type="0"/>
    <Peak1D F1="1.890694" intensity="1.169858e+001" type="0"/>
    <Peak1D F1="1.881626" intensity="4.553509e+000" type="0"/>
    <Peak1D F1="1.871485" intensity="3.803993e+000" type="0"/>
    <Peak1D F1="1.859489" intensity="5.915691e-001" type="0"/>
    <Peak1D F1="1.849769" intensity="3.648639e-001" type="0"/>
    <Peak1D F1="1.840977" intensity="3.484173e-001" type="0"/>
    <Peak1D F1="1.832440" intensity="2.111782e-001" type="0"/>
    <Peak1D F1="1.821994" intensity="1.621590e-001" type="0"/>
    <Peak1D F1="1.809492" intensity="1.167169e-001" type="0"/>
    <Peak1D F1="1.794859" intensity="1.184334e-001" type="0"/>
    <Peak1D F1="1.779347" intensity="9.869842e-002" type="0"/>
    <Peak1D F1="1.765177" intensity="8.813406e-002" type="0"/>
    <Peak1D F1="1.759788" intensity="8.888935e-002" type="0"/>
    <Peak1D F1="1.744453" intensity="2.183157e-001" type="0"/>
    <Peak1D F1="1.728831" intensity="2.931107e-001" type="0"/>
    <Peak1D F1="1.723664" intensity="2.738483e-001" type="0"/>
    <Peak1D F1="1.716229" intensity="3.403320e-001" type="0"/>
    <Peak1D F1="1.707680" intensity="3.552695e-001" type="0"/>
    <Peak1D F1="1.700190" intensity="5.931087e-001" type="0"/>
    <Peak1D F1="1.696224" intensity="5.114202e-001" type="0"/>
    <Peak1D F1="1.686080" intensity="4.533945e-001" type="0"/>
    <Peak1D F1="1.679668" intensity="1.478098e+000" type="0"/>
    <Peak1D F1="1.670208" intensity="8.624015e-001" type="0"/>
    <Peak1D F1="1.655678" intensity="1.270253e+000" type="0"/>
    <Peak1D F1="1.639368" intensity="7.612469e-001" type="0"/>
    <Peak1D F1="1.635032" intensity="8.460361e-001" type="0"/>
    <Peak1D F1="1.623828" intensity="3.497764e-001" type="0"/>
    <Peak1D F1="1.618920" intensity="4.200682e-001" type="0"/>
    <Peak1D F1="1.600401" intensity="1.080251e-001" type="0"/>
    <Peak1D F1="1.585246" intensity="9.415715e-002" type="0"/>
    <Peak1D F1="1.569060" intensity="8.150070e-002" type="0"/>
    <Peak1D F1="1.533936" intensity="3.658037e-001" type="0"/>
    <Peak1D F1="1.518454" intensity="2.678203e-001" type="0"/>
    <Peak1D F1="1.511637" intensity="3.071777e-001" type="0"/>
    <Peak1D F1="1.499731" intensity="6.616780e-001" type="0"/>
    <Peak1D F1="1.482285" intensity="8.476860e-001" type="0"/>
    <Peak1D F1="1.469472" intensity="5.694811e-001" type="0"/>
    <Peak1D F1="1.452781" intensity="5.737766e-001" type="0"/>
    <Peak1D F1="1.440049" intensity="1.228657e-001" type="0"/>
    <Peak1D F1="1.434584" intensity="1.743917e-001" type="0"/>
    <Peak1D F1="1.422439" intensity="1.976905e-001" type="0"/>
    <Peak1D F1="1.401714" intensity="5.445176e-002" type="0"/>
    <Peak1D F1="1.367261" intensity="4.047092e-002" type="0"/>
    <Peak1D F1="1.340314" intensity="4.907941e-002" type="0"/>
    <Peak1D F1="1.322591" intensity="4.914758e-002" type="0"/>
    <Peak1D F1="1.268287" intensity="7.825708e-002" type="0"/>
    <Peak1D F1="1.233128" intensity="1.212054e-001" type="0"/>
    <Peak1D F1="1.183670" intensity="2.946642e-001" type="0"/>
    <Peak1D F1="1.082071" intensity="1.725593e-002" type="0"/>
    <Peak1D F1="1.031079" intensity="1.579487e-002" type="0"/>
    <Peak1D F1="0.991733" intensity="1.343429e-002" type="0"/>
    <Peak1D F1="0.963041" intensity="1.368196e-002" type="0"/>
    <Peak1D F1="0.933661" intensity="1.294140e-002" type="0"/>
    <Peak1D F1="0.888122" intensity="1.172527e-002" type="0"/>
    <Peak1D F1="0.869785" intensity="1.323003e-002" type="0"/>
    <Peak1D F1="0.825398" intensity="5.059061e-002" type="0"/>
    <Peak1D F1="0.811781" intensity="8.706465e-002" type="0"/>
    <Peak1D F1="0.794975" intensity="4.751170e-002" type="0"/>
    <Peak1D F1="0.768878" intensity="2.648006e-002" type="0"/>
    <Peak1D F1="0.732566" intensity="1.851759e-002" type="0"/>
    <Peak1D F1="0.716097" intensity="1.195518e-002" type="0"/>
    <Peak1D F1="0.699748" intensity="1.335904e-002" type="0"/>
    <Peak1D F1="0.621212" intensity="9.438897e-003" type="0"/>
    <Peak1D F1="0.582140" intensity="1.172237e-002" type="0"/>
    <Peak1D F1="0.458599" intensity="1.018698e-002" type="0"/>
    <Peak1D F1="0.436175" intensity="1.014614e-002" type="0"/>
    <Peak1D F1="-0.000153" intensity="3.368600e-001" type="0"/>
    <Peak1D F1="-0.026219" intensity="1.202508e-002" type="0"/>
    <Peak1D F1="-3.221542" intensity="9.789842e-003" type="0"/>
    <Peak1D F1="-3.422460" intensity="1.140616e-002" type="0"/>
    <Peak1D F1="-3.457883" intensity="1.000509e-002" type="0"/>
    <Peak1D F1="-3.480787" intensity="9.416614e-003" type="0"/>
    <Peak1D F1="-3.571137" intensity="1.035630e-002" type="0"/>
    <Peak1D F1="-3.668253" intensity="1.008731e-002" type="0"/>
    <Peak1D F1="-3.712204" intensity="9.440841e-003" type="0"/>
    <Peak1D F1="-3.819129" intensity="9.802667e-003" type="0"/>
  </PeakList1D>
</PeakList>
