<?xml version="1.0" encoding="UTF-8"?>
<PeakList>
  <PeakList1D>
    <PeakList1DHeader creator="nmr" date="2021-08-22T09:21:16.424+03:00" expNo="10" name="ID-427-A-22.8.21" owner="" procNo="1" source="//132.72.8.180/400b/Milo/Milo">
      <PeakPickDetails>F1=16.133181ppm, F2=-3.895865ppm, MI=0.00cm, MAXI=10000.00cm, PC=1.000
      </PeakPickDetails>
    </PeakList1DHeader>
    <Peak1D F1="16.112892" intensity="1.402136e-003" type="0"/>
    <Peak1D F1="15.850876" intensity="1.422094e-003" type="0"/>
    <Peak1D F1="11.799407" intensity="1.406886e-003" type="0"/>
    <Peak1D F1="11.536716" intensity="1.399695e-003" type="0"/>
    <Peak1D F1="11.347750" intensity="1.567180e-003" type="0"/>
    <Peak1D F1="11.212628" intensity="1.491906e-003" type="0"/>
    <Peak1D F1="10.953668" intensity="1.412223e-003" type="0"/>
    <Peak1D F1="10.715649" intensity="1.379277e-003" type="0"/>
    <Peak1D F1="10.265497" intensity="1.560691e-003" type="0"/>
    <Peak1D F1="10.089652" intensity="2.939929e-003" type="0"/>
    <Peak1D F1="10.083297" intensity="2.232373e-003" type="0"/>
    <Peak1D F1="8.326263" intensity="4.088361e-003" type="0"/>
    <Peak1D F1="8.239556" intensity="7.709912e-002" type="0"/>
    <Peak1D F1="8.232600" intensity="1.006939e-001" type="0"/>
    <Peak1D F1="8.227912" intensity="8.011966e-002" type="0"/>
    <Peak1D F1="8.217731" intensity="1.239293e-001" type="0"/>
    <Peak1D F1="8.210208" intensity="1.355475e-001" type="0"/>
    <Peak1D F1="8.200823" intensity="4.639675e-001" type="0"/>
    <Peak1D F1="8.193882" intensity="5.305575e-001" type="0"/>
    <Peak1D F1="8.188852" intensity="4.193081e-001" type="0"/>
    <Peak1D F1="8.182852" intensity="5.647004e-001" type="0"/>
    <Peak1D F1="8.178740" intensity="6.594651e-001" type="0"/>
    <Peak1D F1="8.171756" intensity="6.502197e-001" type="0"/>
    <Peak1D F1="8.165641" intensity="4.534388e-001" type="0"/>
    <Peak1D F1="8.160883" intensity="4.539280e-001" type="0"/>
    <Peak1D F1="8.154976" intensity="2.073171e-001" type="0"/>
    <Peak1D F1="8.148872" intensity="2.963693e-001" type="0"/>
    <Peak1D F1="8.143048" intensity="8.756134e-001" type="0"/>
    <Peak1D F1="8.134668" intensity="1.193115e+000" type="0"/>
    <Peak1D F1="8.126166" intensity="1.216713e+000" type="0"/>
    <Peak1D F1="8.121340" intensity="1.694794e+000" type="0"/>
    <Peak1D F1="8.112939" intensity="1.591952e+000" type="0"/>
    <Peak1D F1="8.104673" intensity="1.040365e+000" type="0"/>
    <Peak1D F1="8.100545" intensity="8.392081e-001" type="0"/>
    <Peak1D F1="8.091765" intensity="4.182875e-001" type="0"/>
    <Peak1D F1="8.071768" intensity="8.568630e-002" type="0"/>
    <Peak1D F1="8.063338" intensity="5.536912e-002" type="0"/>
    <Peak1D F1="7.997637" intensity="1.152323e-002" type="0"/>
    <Peak1D F1="7.989224" intensity="9.879133e-003" type="0"/>
    <Peak1D F1="7.962528" intensity="9.294363e-003" type="0"/>
    <Peak1D F1="7.955740" intensity="7.874044e-003" type="0"/>
    <Peak1D F1="7.932476" intensity="1.078791e-002" type="0"/>
    <Peak1D F1="7.911173" intensity="1.538006e-002" type="0"/>
    <Peak1D F1="7.905097" intensity="1.475160e-002" type="0"/>
    <Peak1D F1="7.865194" intensity="1.950662e-002" type="0"/>
    <Peak1D F1="7.849126" intensity="2.285868e-002" type="0"/>
    <Peak1D F1="7.810572" intensity="1.413097e-002" type="0"/>
    <Peak1D F1="7.804973" intensity="1.283267e-002" type="0"/>
    <Peak1D F1="7.770559" intensity="2.581567e-002" type="0"/>
    <Peak1D F1="7.757448" intensity="2.721851e-002" type="0"/>
    <Peak1D F1="7.690885" intensity="9.856130e-002" type="0"/>
    <Peak1D F1="7.686415" intensity="1.408387e-001" type="0"/>
    <Peak1D F1="7.680407" intensity="1.168281e-001" type="0"/>
    <Peak1D F1="7.668893" intensity="1.232256e-001" type="0"/>
    <Peak1D F1="7.664243" intensity="1.468194e-001" type="0"/>
    <Peak1D F1="7.657931" intensity="1.194856e-001" type="0"/>
    <Peak1D F1="7.632714" intensity="8.153984e-002" type="0"/>
    <Peak1D F1="7.612880" intensity="5.087301e-001" type="0"/>
    <Peak1D F1="7.608082" intensity="7.190478e-001" type="0"/>
    <Peak1D F1="7.601810" intensity="5.914356e-001" type="0"/>
    <Peak1D F1="7.590889" intensity="5.646116e-001" type="0"/>
    <Peak1D F1="7.585994" intensity="6.567807e-001" type="0"/>
    <Peak1D F1="7.579481" intensity="5.119479e-001" type="0"/>
    <Peak1D F1="7.555931" intensity="3.550941e-001" type="0"/>
    <Peak1D F1="7.506687" intensity="1.795249e-001" type="0"/>
    <Peak1D F1="7.496403" intensity="2.225570e-001" type="0"/>
    <Peak1D F1="7.485831" intensity="3.028961e-001" type="0"/>
    <Peak1D F1="7.479439" intensity="1.037004e+000" type="0"/>
    <Peak1D F1="7.473710" intensity="1.700831e+000" type="0"/>
    <Peak1D F1="7.468634" intensity="1.597001e+000" type="0"/>
    <Peak1D F1="7.464448" intensity="1.431149e+000" type="0"/>
    <Peak1D F1="7.457709" intensity="1.412947e+000" type="0"/>
    <Peak1D F1="7.451526" intensity="1.710418e+000" type="0"/>
    <Peak1D F1="7.447833" intensity="1.492839e+000" type="0"/>
    <Peak1D F1="7.446335" intensity="1.474596e+000" type="0"/>
    <Peak1D F1="7.409345" intensity="1.943855e-001" type="0"/>
    <Peak1D F1="7.355396" intensity="2.960120e-002" type="0"/>
    <Peak1D F1="7.318702" intensity="1.245746e-001" type="0"/>
    <Peak1D F1="7.311805" intensity="3.230050e-001" type="0"/>
    <Peak1D F1="7.304551" intensity="3.955811e-001" type="0"/>
    <Peak1D F1="7.298770" intensity="3.084309e-001" type="0"/>
    <Peak1D F1="7.277103" intensity="1.567771e-001" type="0"/>
    <Peak1D F1="7.270942" intensity="5.912806e-002" type="0"/>
    <Peak1D F1="7.262183" intensity="3.409460e-002" type="0"/>
    <Peak1D F1="7.228106" intensity="7.685235e+000" type="0"/>
    <Peak1D F1="7.189130" intensity="3.521699e-002" type="0"/>
    <Peak1D F1="7.177274" intensity="1.410020e-001" type="0"/>
    <Peak1D F1="7.167969" intensity="2.174420e-002" type="0"/>
    <Peak1D F1="7.129804" intensity="1.297746e-002" type="0"/>
    <Peak1D F1="7.119965" intensity="1.219079e-002" type="0"/>
    <Peak1D F1="7.099492" intensity="1.781534e-002" type="0"/>
    <Peak1D F1="7.084451" intensity="1.523055e-002" type="0"/>
    <Peak1D F1="7.078819" intensity="1.534154e-002" type="0"/>
    <Peak1D F1="7.070554" intensity="1.359000e-002" type="0"/>
    <Peak1D F1="7.043852" intensity="8.587353e-003" type="0"/>
    <Peak1D F1="7.014221" intensity="7.781412e-003" type="0"/>
    <Peak1D F1="6.963379" intensity="4.682898e-002" type="0"/>
    <Peak1D F1="6.919340" intensity="7.425759e-003" type="0"/>
    <Peak1D F1="6.912602" intensity="7.335090e-003" type="0"/>
    <Peak1D F1="6.900801" intensity="7.103111e-003" type="0"/>
    <Peak1D F1="6.844445" intensity="7.234538e-003" type="0"/>
    <Peak1D F1="6.764916" intensity="8.300959e-003" type="0"/>
    <Peak1D F1="6.724087" intensity="9.032665e-003" type="0"/>
    <Peak1D F1="6.607735" intensity="1.589518e-002" type="0"/>
    <Peak1D F1="6.556206" intensity="1.699731e-002" type="0"/>
    <Peak1D F1="6.373040" intensity="4.298375e-003" type="0"/>
    <Peak1D F1="6.319897" intensity="9.753612e-003" type="0"/>
    <Peak1D F1="6.314472" intensity="6.563983e-003" type="0"/>
    <Peak1D F1="6.192310" intensity="1.100174e-002" type="0"/>
    <Peak1D F1="6.115630" intensity="2.836867e-002" type="0"/>
    <Peak1D F1="6.109576" intensity="3.082663e-002" type="0"/>
    <Peak1D F1="6.100746" intensity="1.868046e-002" type="0"/>
    <Peak1D F1="6.088037" intensity="5.942765e-003" type="0"/>
    <Peak1D F1="6.057623" intensity="5.417633e-002" type="0"/>
    <Peak1D F1="6.041569" intensity="8.360286e-002" type="0"/>
    <Peak1D F1="6.038832" intensity="8.575706e-002" type="0"/>
    <Peak1D F1="6.031353" intensity="5.265976e-002" type="0"/>
    <Peak1D F1="6.022422" intensity="4.139287e-002" type="0"/>
    <Peak1D F1="6.007639" intensity="1.927749e+000" type="0"/>
    <Peak1D F1="6.000199" intensity="1.911636e+000" type="0"/>
    <Peak1D F1="5.988488" intensity="1.339209e+000" type="0"/>
    <Peak1D F1="5.957723" intensity="5.838034e-002" type="0"/>
    <Peak1D F1="5.950339" intensity="3.307309e-002" type="0"/>
    <Peak1D F1="5.938725" intensity="3.489738e-002" type="0"/>
    <Peak1D F1="5.921674" intensity="2.663073e-002" type="0"/>
    <Peak1D F1="5.913877" intensity="3.074071e-002" type="0"/>
    <Peak1D F1="5.805861" intensity="9.288062e-003" type="0"/>
    <Peak1D F1="5.798700" intensity="9.487170e-003" type="0"/>
    <Peak1D F1="5.792246" intensity="8.936358e-003" type="0"/>
    <Peak1D F1="5.739164" intensity="3.547481e-002" type="0"/>
    <Peak1D F1="5.646695" intensity="1.455826e-003" type="0"/>
    <Peak1D F1="5.575302" intensity="1.764579e-002" type="0"/>
    <Peak1D F1="5.570181" intensity="1.382624e-002" type="0"/>
    <Peak1D F1="5.548530" intensity="1.723010e-002" type="0"/>
    <Peak1D F1="5.501420" intensity="3.407631e-003" type="0"/>
    <Peak1D F1="5.465138" intensity="2.920290e-002" type="0"/>
    <Peak1D F1="5.459911" intensity="2.668634e-002" type="0"/>
    <Peak1D F1="5.437970" intensity="1.062293e-002" type="0"/>
    <Peak1D F1="5.389773" intensity="1.975917e-002" type="0"/>
    <Peak1D F1="5.338475" intensity="3.812339e-001" type="0"/>
    <Peak1D F1="5.331239" intensity="3.492607e-001" type="0"/>
    <Peak1D F1="5.289333" intensity="8.143197e-003" type="0"/>
    <Peak1D F1="5.281203" intensity="6.550991e-003" type="0"/>
    <Peak1D F1="5.144753" intensity="1.421714e-003" type="0"/>
    <Peak1D F1="4.991449" intensity="1.397741e-003" type="0"/>
    <Peak1D F1="4.969518" intensity="1.405124e-003" type="0"/>
    <Peak1D F1="4.919617" intensity="2.688728e-003" type="0"/>
    <Peak1D F1="4.909815" intensity="1.455174e-002" type="0"/>
    <Peak1D F1="4.899946" intensity="7.668178e-003" type="0"/>
    <Peak1D F1="4.881211" intensity="2.308549e-002" type="0"/>
    <Peak1D F1="4.863886" intensity="3.494081e-002" type="0"/>
    <Peak1D F1="4.840491" intensity="2.493105e-002" type="0"/>
    <Peak1D F1="4.812615" intensity="9.586077e-001" type="0"/>
    <Peak1D F1="4.790521" intensity="1.012166e+000" type="0"/>
    <Peak1D F1="4.762438" intensity="2.117619e-002" type="0"/>
    <Peak1D F1="4.740687" intensity="1.695426e-002" type="0"/>
    <Peak1D F1="4.628089" intensity="3.369984e-003" type="0"/>
    <Peak1D F1="4.607397" intensity="3.529104e-003" type="0"/>
    <Peak1D F1="3.870117" intensity="3.072647e-002" type="0"/>
    <Peak1D F1="3.863005" intensity="3.234535e-002" type="0"/>
    <Peak1D F1="3.851760" intensity="2.492786e-002" type="0"/>
    <Peak1D F1="3.841935" intensity="4.052966e-002" type="0"/>
    <Peak1D F1="3.835652" intensity="4.342635e-002" type="0"/>
    <Peak1D F1="3.826344" intensity="2.716437e-002" type="0"/>
    <Peak1D F1="3.811135" intensity="2.805997e-002" type="0"/>
    <Peak1D F1="3.803732" intensity="1.059590e-001" type="0"/>
    <Peak1D F1="3.796688" intensity="8.949398e-002" type="0"/>
    <Peak1D F1="3.785726" intensity="5.652780e-002" type="0"/>
    <Peak1D F1="3.742523" intensity="2.016712e-001" type="0"/>
    <Peak1D F1="3.735479" intensity="1.559298e-001" type="0"/>
    <Peak1D F1="3.724519" intensity="1.534055e-001" type="0"/>
    <Peak1D F1="3.717100" intensity="8.821613e-002" type="0"/>
    <Peak1D F1="3.706914" intensity="1.107125e-001" type="0"/>
    <Peak1D F1="3.692721" intensity="5.943820e+000" type="0"/>
    <Peak1D F1="3.685576" intensity="6.107962e+000" type="0"/>
    <Peak1D F1="3.674331" intensity="4.225667e+000" type="0"/>
    <Peak1D F1="3.642764" intensity="2.014187e-001" type="0"/>
    <Peak1D F1="3.635686" intensity="1.302538e-001" type="0"/>
    <Peak1D F1="3.624566" intensity="1.361992e-001" type="0"/>
    <Peak1D F1="3.592889" intensity="4.791398e-002" type="0"/>
    <Peak1D F1="3.560314" intensity="4.510596e-002" type="0"/>
    <Peak1D F1="3.552641" intensity="4.538622e-002" type="0"/>
    <Peak1D F1="3.543425" intensity="4.600479e-002" type="0"/>
    <Peak1D F1="3.527849" intensity="4.646600e-002" type="0"/>
    <Peak1D F1="3.510463" intensity="7.784951e-002" type="0"/>
    <Peak1D F1="3.503258" intensity="8.001841e-002" type="0"/>
    <Peak1D F1="3.492110" intensity="7.343760e-002" type="0"/>
    <Peak1D F1="3.451286" intensity="1.119464e-001" type="0"/>
    <Peak1D F1="3.445660" intensity="1.468366e-001" type="0"/>
    <Peak1D F1="3.437668" intensity="1.316469e-001" type="0"/>
    <Peak1D F1="3.399976" intensity="6.223182e-002" type="0"/>
    <Peak1D F1="3.387771" intensity="6.269868e-002" type="0"/>
    <Peak1D F1="3.346224" intensity="6.335919e-002" type="0"/>
    <Peak1D F1="3.331912" intensity="6.339338e-002" type="0"/>
    <Peak1D F1="3.317852" intensity="6.362507e-002" type="0"/>
    <Peak1D F1="3.310447" intensity="6.334322e-002" type="0"/>
    <Peak1D F1="3.296203" intensity="6.336585e-002" type="0"/>
    <Peak1D F1="3.273596" intensity="6.185976e-002" type="0"/>
    <Peak1D F1="3.182716" intensity="5.395929e-002" type="0"/>
    <Peak1D F1="3.130604" intensity="2.176843e-001" type="0"/>
    <Peak1D F1="3.011052" intensity="2.782947e-002" type="0"/>
    <Peak1D F1="3.005466" intensity="2.792232e-002" type="0"/>
    <Peak1D F1="2.987164" intensity="3.094377e-002" type="0"/>
    <Peak1D F1="2.979932" intensity="3.079027e-002" type="0"/>
    <Peak1D F1="2.955590" intensity="2.491781e-001" type="0"/>
    <Peak1D F1="2.948913" intensity="2.928754e-001" type="0"/>
    <Peak1D F1="2.937665" intensity="4.989698e-001" type="0"/>
    <Peak1D F1="2.931096" intensity="5.197194e-001" type="0"/>
    <Peak1D F1="2.923766" intensity="3.761428e-001" type="0"/>
    <Peak1D F1="2.913191" intensity="2.928528e-001" type="0"/>
    <Peak1D F1="2.906265" intensity="1.511061e-001" type="0"/>
    <Peak1D F1="2.873388" intensity="2.301924e-002" type="0"/>
    <Peak1D F1="2.863546" intensity="2.077692e-002" type="0"/>
    <Peak1D F1="2.763512" intensity="2.099265e-002" type="0"/>
    <Peak1D F1="2.745916" intensity="1.784807e-002" type="0"/>
    <Peak1D F1="2.719014" intensity="3.066625e-003" type="0"/>
    <Peak1D F1="2.540565" intensity="4.225751e-003" type="0"/>
    <Peak1D F1="2.432813" intensity="5.186059e-003" type="0"/>
    <Peak1D F1="2.401924" intensity="3.625298e-001" type="0"/>
    <Peak1D F1="2.395201" intensity="4.694779e-001" type="0"/>
    <Peak1D F1="2.383064" intensity="7.953464e-001" type="0"/>
    <Peak1D F1="2.375355" intensity="8.069620e-001" type="0"/>
    <Peak1D F1="2.368845" intensity="7.717694e-001" type="0"/>
    <Peak1D F1="2.364185" intensity="9.124424e-001" type="0"/>
    <Peak1D F1="2.355403" intensity="7.132851e-001" type="0"/>
    <Peak1D F1="2.350124" intensity="8.254014e-001" type="0"/>
    <Peak1D F1="2.346286" intensity="8.107633e-001" type="0"/>
    <Peak1D F1="2.329404" intensity="4.940176e-001" type="0"/>
    <Peak1D F1="2.319330" intensity="5.576794e-001" type="0"/>
    <Peak1D F1="2.299060" intensity="2.600929e-001" type="0"/>
    <Peak1D F1="2.285350" intensity="1.113204e-001" type="0"/>
    <Peak1D F1="2.265421" intensity="1.639961e-001" type="0"/>
    <Peak1D F1="2.248418" intensity="1.210444e-001" type="0"/>
    <Peak1D F1="2.229261" intensity="1.514212e-001" type="0"/>
    <Peak1D F1="2.219751" intensity="1.193950e-001" type="0"/>
    <Peak1D F1="2.206223" intensity="1.965754e-001" type="0"/>
    <Peak1D F1="2.202488" intensity="2.018264e-001" type="0"/>
    <Peak1D F1="2.197658" intensity="1.876086e-001" type="0"/>
    <Peak1D F1="2.193217" intensity="1.719401e-001" type="0"/>
    <Peak1D F1="2.180374" intensity="3.011755e-001" type="0"/>
    <Peak1D F1="2.171257" intensity="1.999903e-001" type="0"/>
    <Peak1D F1="2.156133" intensity="2.736183e-001" type="0"/>
    <Peak1D F1="2.136558" intensity="4.774935e-001" type="0"/>
    <Peak1D F1="2.130572" intensity="5.273346e-001" type="0"/>
    <Peak1D F1="2.106241" intensity="3.279083e+000" type="0"/>
    <Peak1D F1="2.098857" intensity="5.127164e+000" type="0"/>
    <Peak1D F1="2.096724" intensity="5.349967e+000" type="0"/>
    <Peak1D F1="2.086920" intensity="1.257020e+001" type="0"/>
    <Peak1D F1="2.079839" intensity="1.325692e+001" type="0"/>
    <Peak1D F1="2.068498" intensity="1.302573e+001" type="0"/>
    <Peak1D F1="2.061757" intensity="7.918927e+000" type="0"/>
    <Peak1D F1="2.037732" intensity="1.290755e+000" type="0"/>
    <Peak1D F1="2.018750" intensity="8.983758e-001" type="0"/>
    <Peak1D F1="2.012408" intensity="7.200179e-001" type="0"/>
    <Peak1D F1="2.002177" intensity="5.735451e-001" type="0"/>
    <Peak1D F1="1.993580" intensity="4.709311e-001" type="0"/>
    <Peak1D F1="1.984946" intensity="3.922242e-001" type="0"/>
    <Peak1D F1="1.966459" intensity="4.226526e-001" type="0"/>
    <Peak1D F1="1.943659" intensity="8.276997e-001" type="0"/>
    <Peak1D F1="1.937855" intensity="8.861193e-001" type="0"/>
    <Peak1D F1="1.929383" intensity="1.016268e+000" type="0"/>
    <Peak1D F1="1.922254" intensity="1.517490e+000" type="0"/>
    <Peak1D F1="1.916502" intensity="1.614457e+000" type="0"/>
    <Peak1D F1="1.906792" intensity="4.999098e+000" type="0"/>
    <Peak1D F1="1.900509" intensity="7.255598e+000" type="0"/>
    <Peak1D F1="1.898556" intensity="7.213655e+000" type="0"/>
    <Peak1D F1="1.888052" intensity="1.379690e+001" type="0"/>
    <Peak1D F1="1.881483" intensity="1.500000e+001" type="0"/>
    <Peak1D F1="1.876937" intensity="1.080776e+001" type="0"/>
    <Peak1D F1="1.872038" intensity="1.152249e+001" type="0"/>
    <Peak1D F1="1.864555" intensity="6.528671e+000" type="0"/>
    <Peak1D F1="1.863184" intensity="6.534409e+000" type="0"/>
    <Peak1D F1="1.854477" intensity="3.202123e+000" type="0"/>
    <Peak1D F1="1.840682" intensity="9.406457e-001" type="0"/>
    <Peak1D F1="1.832024" intensity="6.492472e-001" type="0"/>
    <Peak1D F1="1.822536" intensity="4.785405e-001" type="0"/>
    <Peak1D F1="1.755759" intensity="1.373241e-001" type="0"/>
    <Peak1D F1="1.749665" intensity="1.411767e-001" type="0"/>
    <Peak1D F1="1.737832" intensity="1.864250e-001" type="0"/>
    <Peak1D F1="1.728101" intensity="2.032640e-001" type="0"/>
    <Peak1D F1="1.721240" intensity="2.450657e-001" type="0"/>
    <Peak1D F1="1.712381" intensity="2.929329e-001" type="0"/>
    <Peak1D F1="1.706867" intensity="3.313194e-001" type="0"/>
    <Peak1D F1="1.699601" intensity="4.530434e-001" type="0"/>
    <Peak1D F1="1.692589" intensity="5.663092e-001" type="0"/>
    <Peak1D F1="1.688696" intensity="5.262114e-001" type="0"/>
    <Peak1D F1="1.683368" intensity="4.992018e-001" type="0"/>
    <Peak1D F1="1.675323" intensity="8.136067e-001" type="0"/>
    <Peak1D F1="1.672246" intensity="8.775447e-001" type="0"/>
    <Peak1D F1="1.668849" intensity="8.650033e-001" type="0"/>
    <Peak1D F1="1.664696" intensity="7.173109e-001" type="0"/>
    <Peak1D F1="1.651874" intensity="7.846666e-001" type="0"/>
    <Peak1D F1="1.648612" intensity="7.801659e-001" type="0"/>
    <Peak1D F1="1.637574" intensity="6.276030e-001" type="0"/>
    <Peak1D F1="1.631951" intensity="5.668698e-001" type="0"/>
    <Peak1D F1="1.625434" intensity="4.353726e-001" type="0"/>
    <Peak1D F1="1.616487" intensity="3.739537e-001" type="0"/>
    <Peak1D F1="1.542715" intensity="1.347031e-001" type="0"/>
    <Peak1D F1="1.538085" intensity="1.379846e-001" type="0"/>
    <Peak1D F1="1.532365" intensity="1.483192e-001" type="0"/>
    <Peak1D F1="1.526748" intensity="1.808400e-001" type="0"/>
    <Peak1D F1="1.523614" intensity="1.874917e-001" type="0"/>
    <Peak1D F1="1.517748" intensity="1.832452e-001" type="0"/>
    <Peak1D F1="1.508949" intensity="2.801727e-001" type="0"/>
    <Peak1D F1="1.504831" intensity="2.988333e-001" type="0"/>
    <Peak1D F1="1.499142" intensity="2.597968e-001" type="0"/>
    <Peak1D F1="1.486976" intensity="3.077325e-001" type="0"/>
    <Peak1D F1="1.480295" intensity="2.854477e-001" type="0"/>
    <Peak1D F1="1.476589" intensity="2.826556e-001" type="0"/>
    <Peak1D F1="1.459476" intensity="2.498250e-001" type="0"/>
    <Peak1D F1="1.453472" intensity="2.209148e-001" type="0"/>
    <Peak1D F1="1.439201" intensity="1.085256e-001" type="0"/>
    <Peak1D F1="1.434796" intensity="1.077775e-001" type="0"/>
    <Peak1D F1="1.427856" intensity="1.037222e-001" type="0"/>
    <Peak1D F1="1.391318" intensity="5.935729e-002" type="0"/>
    <Peak1D F1="1.316781" intensity="3.830959e-002" type="0"/>
    <Peak1D F1="1.298018" intensity="3.644572e-002" type="0"/>
    <Peak1D F1="1.182918" intensity="8.781949e-002" type="0"/>
    <Peak1D F1="1.159082" intensity="4.160985e-002" type="0"/>
    <Peak1D F1="1.154731" intensity="3.912106e-002" type="0"/>
    <Peak1D F1="1.149692" intensity="4.187782e-002" type="0"/>
    <Peak1D F1="1.143356" intensity="3.677252e-002" type="0"/>
    <Peak1D F1="1.136646" intensity="3.345460e-002" type="0"/>
    <Peak1D F1="1.133506" intensity="3.308461e-002" type="0"/>
    <Peak1D F1="1.021276" intensity="2.047354e-002" type="0"/>
    <Peak1D F1="1.015956" intensity="1.996836e-002" type="0"/>
    <Peak1D F1="1.005720" intensity="1.935896e-002" type="0"/>
    <Peak1D F1="0.981698" intensity="1.786561e-002" type="0"/>
    <Peak1D F1="0.898454" intensity="1.559459e-002" type="0"/>
    <Peak1D F1="0.817936" intensity="2.849522e-002" type="0"/>
    <Peak1D F1="0.808044" intensity="4.376891e-002" type="0"/>
    <Peak1D F1="0.801624" intensity="4.455799e-002" type="0"/>
    <Peak1D F1="0.791479" intensity="3.911469e-002" type="0"/>
    <Peak1D F1="0.715225" intensity="1.316968e-002" type="0"/>
    <Peak1D F1="0.701429" intensity="1.191323e-002" type="0"/>
    <Peak1D F1="0.582783" intensity="1.041474e-002" type="0"/>
    <Peak1D F1="0.571852" intensity="9.838774e-003" type="0"/>
    <Peak1D F1="0.515277" intensity="9.456552e-003" type="0"/>
    <Peak1D F1="0.493266" intensity="8.860604e-003" type="0"/>
    <Peak1D F1="0.452220" intensity="8.651638e-003" type="0"/>
    <Peak1D F1="0.427367" intensity="8.275733e-003" type="0"/>
    <Peak1D F1="0.321684" intensity="6.891046e-003" type="0"/>
    <Peak1D F1="0.302392" intensity="7.083480e-003" type="0"/>
    <Peak1D F1="0.270119" intensity="6.672869e-003" type="0"/>
    <Peak1D F1="0.231192" intensity="6.380130e-003" type="0"/>
    <Peak1D F1="0.212598" intensity="6.120272e-003" type="0"/>
    <Peak1D F1="0.178086" intensity="6.072818e-003" type="0"/>
    <Peak1D F1="0.145053" intensity="5.696594e-003" type="0"/>
    <Peak1D F1="0.075822" intensity="4.968495e-003" type="0"/>
    <Peak1D F1="0.052046" intensity="5.812625e-003" type="0"/>
    <Peak1D F1="0.004777" intensity="5.987794e-002" type="0"/>
    <Peak1D F1="-0.000148" intensity="8.128989e-002" type="0"/>
    <Peak1D F1="-0.006502" intensity="5.534279e-002" type="0"/>
    <Peak1D F1="-0.032123" intensity="5.596553e-003" type="0"/>
    <Peak1D F1="-0.085385" intensity="4.210802e-003" type="0"/>
    <Peak1D F1="-0.108495" intensity="4.081407e-003" type="0"/>
    <Peak1D F1="-0.156192" intensity="4.093224e-003" type="0"/>
    <Peak1D F1="-0.166756" intensity="3.753312e-003" type="0"/>
    <Peak1D F1="-0.197684" intensity="3.728397e-003" type="0"/>
    <Peak1D F1="-0.226716" intensity="3.247098e-003" type="0"/>
    <Peak1D F1="-0.244599" intensity="3.051787e-003" type="0"/>
    <Peak1D F1="-0.291852" intensity="3.119053e-003" type="0"/>
    <Peak1D F1="-0.312730" intensity="2.977875e-003" type="0"/>
    <Peak1D F1="-0.369897" intensity="2.603063e-003" type="0"/>
    <Peak1D F1="-0.391397" intensity="2.453426e-003" type="0"/>
    <Peak1D F1="-0.415930" intensity="2.440949e-003" type="0"/>
    <Peak1D F1="-0.427808" intensity="2.057133e-003" type="0"/>
    <Peak1D F1="-0.498051" intensity="2.038482e-003" type="0"/>
    <Peak1D F1="-0.524922" intensity="1.981137e-003" type="0"/>
    <Peak1D F1="-0.542241" intensity="1.909771e-003" type="0"/>
    <Peak1D F1="-0.560843" intensity="1.907633e-003" type="0"/>
    <Peak1D F1="-0.573036" intensity="1.836836e-003" type="0"/>
    <Peak1D F1="-0.611142" intensity="1.495382e-003" type="0"/>
    <Peak1D F1="-0.682216" intensity="1.390200e-003" type="0"/>
    <Peak1D F1="-3.197326" intensity="1.499156e-003" type="0"/>
    <Peak1D F1="-3.237503" intensity="1.431966e-003" type="0"/>
    <Peak1D F1="-3.302397" intensity="1.374789e-003" type="0"/>
    <Peak1D F1="-3.338255" intensity="1.429529e-003" type="0"/>
    <Peak1D F1="-3.370639" intensity="1.452678e-003" type="0"/>
    <Peak1D F1="-3.407965" intensity="1.531164e-003" type="0"/>
    <Peak1D F1="-3.438103" intensity="1.984343e-003" type="0"/>
    <Peak1D F1="-3.464721" intensity="2.023849e-003" type="0"/>
    <Peak1D F1="-3.493182" intensity="1.947404e-003" type="0"/>
    <Peak1D F1="-3.524298" intensity="1.972006e-003" type="0"/>
    <Peak1D F1="-3.595676" intensity="2.761382e-003" type="0"/>
    <Peak1D F1="-3.617092" intensity="2.873157e-003" type="0"/>
    <Peak1D F1="-3.628926" intensity="3.098282e-003" type="0"/>
    <Peak1D F1="-3.702562" intensity="4.212314e-003" type="0"/>
    <Peak1D F1="-3.787823" intensity="6.000176e-003" type="0"/>
  </PeakList1D>
</PeakList>
