<?xml version="1.0" encoding="UTF-8"?>
<PeakList>
  <PeakList1D>
    <PeakList1DHeader creator="nmr" date="2021-08-10T10:13:44.740+03:00" expNo="10" name="ID-429-A" owner="" procNo="1" source="//132.72.8.180/400b/Milo/Milo">
      <PeakPickDetails>F1=16.103310ppm, F2=-3.925735ppm, MI=0.00cm, MAXI=10000.00cm, PC=1.000
      </PeakPickDetails>
    </PeakList1DHeader>
    <Peak1D F1="14.853960" intensity="4.757050e-003" type="0"/>
    <Peak1D F1="12.977414" intensity="3.865073e-003" type="0"/>
    <Peak1D F1="12.748439" intensity="4.142809e-003" type="0"/>
    <Peak1D F1="10.314986" intensity="5.135382e-003" type="0"/>
    <Peak1D F1="10.168659" intensity="4.274291e-003" type="0"/>
    <Peak1D F1="10.144788" intensity="1.278705e-002" type="0"/>
    <Peak1D F1="10.124952" intensity="6.792749e-003" type="0"/>
    <Peak1D F1="10.094613" intensity="8.192438e-001" type="0"/>
    <Peak1D F1="10.062678" intensity="6.625951e-003" type="0"/>
    <Peak1D F1="10.057355" intensity="4.403876e-003" type="0"/>
    <Peak1D F1="10.043846" intensity="1.193105e-002" type="0"/>
    <Peak1D F1="9.868153" intensity="5.658773e-003" type="0"/>
    <Peak1D F1="8.567923" intensity="3.889967e-003" type="0"/>
    <Peak1D F1="8.392416" intensity="1.152146e-002" type="0"/>
    <Peak1D F1="8.370398" intensity="1.639752e-002" type="0"/>
    <Peak1D F1="8.342434" intensity="5.509689e-001" type="0"/>
    <Peak1D F1="8.320807" intensity="6.202077e-001" type="0"/>
    <Peak1D F1="8.301076" intensity="1.052239e-002" type="0"/>
    <Peak1D F1="8.292089" intensity="1.315408e-002" type="0"/>
    <Peak1D F1="8.269997" intensity="1.282170e-002" type="0"/>
    <Peak1D F1="8.223804" intensity="2.428746e-002" type="0"/>
    <Peak1D F1="8.195488" intensity="6.850789e-002" type="0"/>
    <Peak1D F1="8.174196" intensity="1.029334e-001" type="0"/>
    <Peak1D F1="8.158331" intensity="4.381426e-001" type="0"/>
    <Peak1D F1="8.153356" intensity="2.546420e-001" type="0"/>
    <Peak1D F1="8.136698" intensity="4.644346e-001" type="0"/>
    <Peak1D F1="8.130807" intensity="1.781228e-001" type="0"/>
    <Peak1D F1="8.123956" intensity="1.261895e-001" type="0"/>
    <Peak1D F1="8.094642" intensity="1.595646e-002" type="0"/>
    <Peak1D F1="8.086168" intensity="1.548837e-002" type="0"/>
    <Peak1D F1="8.071596" intensity="2.147544e-002" type="0"/>
    <Peak1D F1="8.050573" intensity="1.760901e-002" type="0"/>
    <Peak1D F1="8.021745" intensity="7.300351e-001" type="0"/>
    <Peak1D F1="8.016977" intensity="2.224811e-001" type="0"/>
    <Peak1D F1="8.004241" intensity="2.362117e-001" type="0"/>
    <Peak1D F1="8.000482" intensity="5.864941e-001" type="0"/>
    <Peak1D F1="7.971866" intensity="1.700249e-002" type="0"/>
    <Peak1D F1="7.951093" intensity="1.336063e-002" type="0"/>
    <Peak1D F1="7.923715" intensity="1.340423e-002" type="0"/>
    <Peak1D F1="7.902449" intensity="1.540634e-002" type="0"/>
    <Peak1D F1="7.885679" intensity="1.290190e-002" type="0"/>
    <Peak1D F1="7.862968" intensity="1.110469e-002" type="0"/>
    <Peak1D F1="7.827637" intensity="1.097099e-002" type="0"/>
    <Peak1D F1="7.810930" intensity="1.023924e-002" type="0"/>
    <Peak1D F1="7.782022" intensity="3.415232e-002" type="0"/>
    <Peak1D F1="7.767546" intensity="6.357146e-002" type="0"/>
    <Peak1D F1="7.750343" intensity="4.094778e-002" type="0"/>
    <Peak1D F1="7.737046" intensity="1.263147e-002" type="0"/>
    <Peak1D F1="7.697815" intensity="5.265463e-003" type="0"/>
    <Peak1D F1="7.688788" intensity="5.102273e-003" type="0"/>
    <Peak1D F1="7.670585" intensity="6.257105e-003" type="0"/>
    <Peak1D F1="7.655850" intensity="6.287429e-003" type="0"/>
    <Peak1D F1="7.619549" intensity="1.501000e-002" type="0"/>
    <Peak1D F1="7.597698" intensity="1.625865e-002" type="0"/>
    <Peak1D F1="7.588308" intensity="2.010160e-002" type="0"/>
    <Peak1D F1="7.562293" intensity="5.174483e-002" type="0"/>
    <Peak1D F1="7.540564" intensity="4.622545e-002" type="0"/>
    <Peak1D F1="7.528481" intensity="2.529434e-002" type="0"/>
    <Peak1D F1="7.522577" intensity="2.733148e-002" type="0"/>
    <Peak1D F1="7.495681" intensity="7.044015e-002" type="0"/>
    <Peak1D F1="7.481601" intensity="4.309801e-001" type="0"/>
    <Peak1D F1="7.476764" intensity="1.888025e-001" type="0"/>
    <Peak1D F1="7.459645" intensity="4.101203e-001" type="0"/>
    <Peak1D F1="7.443927" intensity="6.355264e-002" type="0"/>
    <Peak1D F1="7.418474" intensity="4.331582e-002" type="0"/>
    <Peak1D F1="7.402857" intensity="7.317453e-002" type="0"/>
    <Peak1D F1="7.384698" intensity="7.083347e-002" type="0"/>
    <Peak1D F1="7.368258" intensity="4.079362e-002" type="0"/>
    <Peak1D F1="7.364008" intensity="3.529003e-002" type="0"/>
    <Peak1D F1="7.348228" intensity="2.026290e-002" type="0"/>
    <Peak1D F1="7.332925" intensity="1.682248e-002" type="0"/>
    <Peak1D F1="7.315599" intensity="5.613123e-002" type="0"/>
    <Peak1D F1="7.294532" intensity="5.059794e-002" type="0"/>
    <Peak1D F1="7.248310" intensity="6.172353e-002" type="0"/>
    <Peak1D F1="7.229984" intensity="1.624765e-002" type="0"/>
    <Peak1D F1="7.198154" intensity="3.536862e+000" type="0"/>
    <Peak1D F1="7.169694" intensity="2.071914e-002" type="0"/>
    <Peak1D F1="7.149638" intensity="8.352441e-002" type="0"/>
    <Peak1D F1="7.134358" intensity="1.094789e-001" type="0"/>
    <Peak1D F1="7.116098" intensity="5.355256e-002" type="0"/>
    <Peak1D F1="7.091189" intensity="1.035167e-002" type="0"/>
    <Peak1D F1="7.070127" intensity="7.668789e-003" type="0"/>
    <Peak1D F1="7.056932" intensity="7.395879e-003" type="0"/>
    <Peak1D F1="7.023092" intensity="1.274913e-002" type="0"/>
    <Peak1D F1="7.003624" intensity="7.030334e-002" type="0"/>
    <Peak1D F1="6.982480" intensity="6.233037e-002" type="0"/>
    <Peak1D F1="6.976857" intensity="6.417862e-002" type="0"/>
    <Peak1D F1="6.955591" intensity="5.396318e-002" type="0"/>
    <Peak1D F1="6.934098" intensity="2.373134e-002" type="0"/>
    <Peak1D F1="6.215476" intensity="5.190608e-003" type="0"/>
    <Peak1D F1="6.117295" intensity="3.324008e-002" type="0"/>
    <Peak1D F1="6.067299" intensity="2.593564e-002" type="0"/>
    <Peak1D F1="6.017153" intensity="1.675757e+000" type="0"/>
    <Peak1D F1="5.989995" intensity="8.614483e-003" type="0"/>
    <Peak1D F1="5.966724" intensity="2.173192e-002" type="0"/>
    <Peak1D F1="5.815080" intensity="6.991397e-003" type="0"/>
    <Peak1D F1="5.718563" intensity="4.251429e-003" type="0"/>
    <Peak1D F1="5.618256" intensity="4.366938e-003" type="0"/>
    <Peak1D F1="5.605038" intensity="5.080106e-003" type="0"/>
    <Peak1D F1="5.527145" intensity="1.005178e-002" type="0"/>
    <Peak1D F1="5.469252" intensity="1.442577e-002" type="0"/>
    <Peak1D F1="5.417189" intensity="3.939050e-002" type="0"/>
    <Peak1D F1="5.353278" intensity="1.868816e-002" type="0"/>
    <Peak1D F1="5.345665" intensity="1.647434e-002" type="0"/>
    <Peak1D F1="5.320581" intensity="5.439358e-003" type="0"/>
    <Peak1D F1="5.302006" intensity="5.725057e-003" type="0"/>
    <Peak1D F1="5.285298" intensity="9.791066e-003" type="0"/>
    <Peak1D F1="5.216555" intensity="4.011391e-003" type="0"/>
    <Peak1D F1="5.169132" intensity="5.358301e-003" type="0"/>
    <Peak1D F1="5.102477" intensity="6.905580e-002" type="0"/>
    <Peak1D F1="5.062932" intensity="7.543348e-003" type="0"/>
    <Peak1D F1="4.863377" intensity="1.301131e-002" type="0"/>
    <Peak1D F1="4.842577" intensity="1.862017e-002" type="0"/>
    <Peak1D F1="4.820662" intensity="5.904962e-003" type="0"/>
    <Peak1D F1="4.794292" intensity="1.901279e-001" type="0"/>
    <Peak1D F1="4.771638" intensity="1.891953e-001" type="0"/>
    <Peak1D F1="4.727681" intensity="8.048896e-003" type="0"/>
    <Peak1D F1="4.721632" intensity="7.461807e-003" type="0"/>
    <Peak1D F1="4.679708" intensity="3.618324e-001" type="0"/>
    <Peak1D F1="4.645433" intensity="6.069935e-003" type="0"/>
    <Peak1D F1="4.628787" intensity="7.274386e-003" type="0"/>
    <Peak1D F1="4.373964" intensity="1.195515e-002" type="0"/>
    <Peak1D F1="3.877599" intensity="2.654938e-002" type="0"/>
    <Peak1D F1="3.844830" intensity="1.455885e-002" type="0"/>
    <Peak1D F1="3.822398" intensity="1.071463e-002" type="0"/>
    <Peak1D F1="3.811270" intensity="1.005290e-001" type="0"/>
    <Peak1D F1="3.792167" intensity="3.530291e-002" type="0"/>
    <Peak1D F1="3.770781" intensity="3.639464e-002" type="0"/>
    <Peak1D F1="3.750388" intensity="8.072749e-002" type="0"/>
    <Peak1D F1="3.745365" intensity="6.069247e-002" type="0"/>
    <Peak1D F1="3.700415" intensity="5.092714e+000" type="0"/>
    <Peak1D F1="3.650190" intensity="6.861574e-002" type="0"/>
    <Peak1D F1="3.587110" intensity="4.695063e-003" type="0"/>
    <Peak1D F1="3.567703" intensity="4.997107e-003" type="0"/>
    <Peak1D F1="3.553629" intensity="4.401008e-003" type="0"/>
    <Peak1D F1="3.536839" intensity="5.847331e-003" type="0"/>
    <Peak1D F1="3.518296" intensity="3.014218e-002" type="0"/>
    <Peak1D F1="3.496114" intensity="5.322386e-003" type="0"/>
    <Peak1D F1="3.427667" intensity="7.902903e-003" type="0"/>
    <Peak1D F1="3.418213" intensity="8.195154e-003" type="0"/>
    <Peak1D F1="3.395748" intensity="6.758439e-003" type="0"/>
    <Peak1D F1="3.379061" intensity="6.148477e-003" type="0"/>
    <Peak1D F1="3.366685" intensity="6.069360e-003" type="0"/>
    <Peak1D F1="3.347701" intensity="4.677800e-003" type="0"/>
    <Peak1D F1="3.144214" intensity="4.183232e-003" type="0"/>
    <Peak1D F1="3.130604" intensity="4.103673e-003" type="0"/>
    <Peak1D F1="3.108323" intensity="5.008135e-003" type="0"/>
    <Peak1D F1="3.086148" intensity="3.939941e-003" type="0"/>
    <Peak1D F1="2.812033" intensity="6.428231e-003" type="0"/>
    <Peak1D F1="2.796022" intensity="6.440186e-003" type="0"/>
    <Peak1D F1="2.783856" intensity="7.975956e-003" type="0"/>
    <Peak1D F1="2.774106" intensity="8.148348e-003" type="0"/>
    <Peak1D F1="2.758427" intensity="7.721241e-003" type="0"/>
    <Peak1D F1="2.738476" intensity="7.738227e-003" type="0"/>
    <Peak1D F1="2.717005" intensity="7.643458e-003" type="0"/>
    <Peak1D F1="2.622427" intensity="1.160200e-002" type="0"/>
    <Peak1D F1="2.599360" intensity="1.338438e-002" type="0"/>
    <Peak1D F1="2.514492" intensity="7.056701e-003" type="0"/>
    <Peak1D F1="2.496840" intensity="6.921010e-003" type="0"/>
    <Peak1D F1="2.431356" intensity="3.974031e-002" type="0"/>
    <Peak1D F1="2.411483" intensity="4.331660e-002" type="0"/>
    <Peak1D F1="2.387044" intensity="6.172111e-002" type="0"/>
    <Peak1D F1="2.362601" intensity="6.956498e-002" type="0"/>
    <Peak1D F1="2.353273" intensity="4.932329e-002" type="0"/>
    <Peak1D F1="2.331099" intensity="8.141066e-002" type="0"/>
    <Peak1D F1="2.323045" intensity="4.743407e-002" type="0"/>
    <Peak1D F1="2.310839" intensity="6.406973e-002" type="0"/>
    <Peak1D F1="2.301113" intensity="7.655919e-002" type="0"/>
    <Peak1D F1="2.277568" intensity="7.529919e-002" type="0"/>
    <Peak1D F1="2.257353" intensity="9.824160e-002" type="0"/>
    <Peak1D F1="2.251251" intensity="9.872589e-002" type="0"/>
    <Peak1D F1="2.238228" intensity="5.923597e-002" type="0"/>
    <Peak1D F1="2.227914" intensity="9.738385e-002" type="0"/>
    <Peak1D F1="2.201954" intensity="1.304104e-001" type="0"/>
    <Peak1D F1="2.175668" intensity="1.151293e-001" type="0"/>
    <Peak1D F1="2.166368" intensity="1.496982e-001" type="0"/>
    <Peak1D F1="2.146409" intensity="3.714835e-001" type="0"/>
    <Peak1D F1="2.116386" intensity="4.686875e+000" type="0"/>
    <Peak1D F1="2.096617" intensity="1.455846e+001" type="0"/>
    <Peak1D F1="2.086452" intensity="3.895860e+000" type="0"/>
    <Peak1D F1="2.085034" intensity="3.882525e+000" type="0"/>
    <Peak1D F1="2.077987" intensity="7.298860e+000" type="0"/>
    <Peak1D F1="2.056242" intensity="3.909213e-001" type="0"/>
    <Peak1D F1="2.052474" intensity="3.951786e-001" type="0"/>
    <Peak1D F1="2.046827" intensity="3.806237e-001" type="0"/>
    <Peak1D F1="2.028639" intensity="1.673973e-001" type="0"/>
    <Peak1D F1="2.001587" intensity="7.608101e-002" type="0"/>
    <Peak1D F1="1.982674" intensity="1.055658e-001" type="0"/>
    <Peak1D F1="1.960504" intensity="2.361163e-001" type="0"/>
    <Peak1D F1="1.949016" intensity="2.727455e-001" type="0"/>
    <Peak1D F1="1.941298" intensity="4.557858e-001" type="0"/>
    <Peak1D F1="1.932466" intensity="6.815009e-001" type="0"/>
    <Peak1D F1="1.925589" intensity="8.686700e-001" type="0"/>
    <Peak1D F1="1.921540" intensity="8.333988e-001" type="0"/>
    <Peak1D F1="1.910931" intensity="7.341077e+000" type="0"/>
    <Peak1D F1="1.900983" intensity="6.337321e+000" type="0"/>
    <Peak1D F1="1.891361" intensity="1.500000e+001" type="0"/>
    <Peak1D F1="1.882110" intensity="5.802066e+000" type="0"/>
    <Peak1D F1="1.872096" intensity="4.819873e+000" type="0"/>
    <Peak1D F1="1.859897" intensity="6.275423e-001" type="0"/>
    <Peak1D F1="1.849692" intensity="3.666591e-001" type="0"/>
    <Peak1D F1="1.841567" intensity="3.101497e-001" type="0"/>
    <Peak1D F1="1.833385" intensity="1.478924e-001" type="0"/>
    <Peak1D F1="1.822830" intensity="1.078238e-001" type="0"/>
    <Peak1D F1="1.760161" intensity="4.347265e-002" type="0"/>
    <Peak1D F1="1.742321" intensity="7.931165e-002" type="0"/>
    <Peak1D F1="1.724276" intensity="1.088219e-001" type="0"/>
    <Peak1D F1="1.707697" intensity="8.646008e-002" type="0"/>
    <Peak1D F1="1.701690" intensity="8.767682e-002" type="0"/>
    <Peak1D F1="1.689514" intensity="7.034662e-002" type="0"/>
    <Peak1D F1="1.682219" intensity="1.562386e-001" type="0"/>
    <Peak1D F1="1.671622" intensity="1.095480e-001" type="0"/>
    <Peak1D F1="1.659222" intensity="1.539046e-001" type="0"/>
    <Peak1D F1="1.638581" intensity="1.143261e-001" type="0"/>
    <Peak1D F1="1.623110" intensity="7.418593e-002" type="0"/>
    <Peak1D F1="1.563868" intensity="6.670229e-001" type="0"/>
    <Peak1D F1="1.536724" intensity="7.293370e-002" type="0"/>
    <Peak1D F1="1.521489" intensity="5.108455e-002" type="0"/>
    <Peak1D F1="1.513478" intensity="5.468180e-002" type="0"/>
    <Peak1D F1="1.502314" intensity="8.074368e-002" type="0"/>
    <Peak1D F1="1.485045" intensity="9.023686e-002" type="0"/>
    <Peak1D F1="1.471876" intensity="6.451763e-002" type="0"/>
    <Peak1D F1="1.455165" intensity="6.635008e-002" type="0"/>
    <Peak1D F1="1.442044" intensity="3.471883e-002" type="0"/>
    <Peak1D F1="1.425403" intensity="2.554217e-002" type="0"/>
    <Peak1D F1="1.401503" intensity="9.837521e-003" type="0"/>
    <Peak1D F1="1.355105" intensity="8.457631e-003" type="0"/>
    <Peak1D F1="1.316634" intensity="8.432482e-003" type="0"/>
    <Peak1D F1="1.185402" intensity="4.176946e-002" type="0"/>
    <Peak1D F1="1.084816" intensity="4.478137e-003" type="0"/>
    <Peak1D F1="1.054255" intensity="4.324594e-003" type="0"/>
    <Peak1D F1="1.045074" intensity="4.932111e-003" type="0"/>
    <Peak1D F1="0.997300" intensity="4.029866e-003" type="0"/>
    <Peak1D F1="0.900066" intensity="3.979050e-003" type="0"/>
    <Peak1D F1="0.880867" intensity="4.013455e-003" type="0"/>
    <Peak1D F1="0.871339" intensity="3.957593e-003" type="0"/>
    <Peak1D F1="0.861524" intensity="4.810839e-003" type="0"/>
    <Peak1D F1="0.824353" intensity="8.683376e-003" type="0"/>
    <Peak1D F1="0.809468" intensity="1.306976e-002" type="0"/>
    <Peak1D F1="0.801322" intensity="9.243029e-003" type="0"/>
    <Peak1D F1="0.779948" intensity="1.268316e-002" type="0"/>
    <Peak1D F1="0.760856" intensity="1.677812e-002" type="0"/>
    <Peak1D F1="0.743478" intensity="9.052502e-003" type="0"/>
    <Peak1D F1="0.723365" intensity="5.392076e-003" type="0"/>
    <Peak1D F1="0.662355" intensity="4.247584e-003" type="0"/>
    <Peak1D F1="0.047777" intensity="4.220662e-003" type="0"/>
    <Peak1D F1="-0.000157" intensity="5.051102e-002" type="0"/>
    <Peak1D F1="-2.441741" intensity="3.838337e-003" type="0"/>
    <Peak1D F1="-2.533851" intensity="3.849706e-003" type="0"/>
    <Peak1D F1="-2.831583" intensity="3.960431e-003" type="0"/>
    <Peak1D F1="-3.247992" intensity="3.813969e-003" type="0"/>
    <Peak1D F1="-3.394915" intensity="4.469454e-003" type="0"/>
    <Peak1D F1="-3.537166" intensity="4.098779e-003" type="0"/>
  </PeakList1D>
</PeakList>
