<?xml version="1.0" encoding="UTF-8"?>
<PeakList>
  <PeakList1D>
    <PeakList1DHeader creator="nmr" date="2021-10-27T00:54:21.754+03:00" expNo="10" name="ID-450-D-26.10.21" owner="" procNo="1" source="//132.72.8.180/400b/Milo/Milo">
      <PeakPickDetails>F1=16.100201ppm, F2=-3.928844ppm, MI=0.00cm, MAXI=10000.00cm, PC=1.000
      </PeakPickDetails>
    </PeakList1DHeader>
    <Peak1D F1="10.584175" intensity="2.095271e-003" type="0"/>
    <Peak1D F1="10.490380" intensity="2.132659e-003" type="0"/>
    <Peak1D F1="10.433853" intensity="2.363135e-003" type="0"/>
    <Peak1D F1="10.368370" intensity="2.747854e-003" type="0"/>
    <Peak1D F1="10.311275" intensity="2.032991e-002" type="0"/>
    <Peak1D F1="10.251005" intensity="3.300595e-003" type="0"/>
    <Peak1D F1="10.190962" intensity="6.640215e-003" type="0"/>
    <Peak1D F1="10.185878" intensity="6.529543e-003" type="0"/>
    <Peak1D F1="10.140748" intensity="6.868781e-002" type="0"/>
    <Peak1D F1="10.121929" intensity="4.003299e-002" type="0"/>
    <Peak1D F1="10.090759" intensity="3.451664e+000" type="0"/>
    <Peak1D F1="10.059015" intensity="1.552635e-002" type="0"/>
    <Peak1D F1="10.040560" intensity="4.327774e-002" type="0"/>
    <Peak1D F1="9.864325" intensity="1.779783e-002" type="0"/>
    <Peak1D F1="9.084814" intensity="1.993582e-003" type="0"/>
    <Peak1D F1="8.800869" intensity="2.251945e-003" type="0"/>
    <Peak1D F1="8.782824" intensity="2.008289e-003" type="0"/>
    <Peak1D F1="8.741741" intensity="2.787455e-003" type="0"/>
    <Peak1D F1="8.707404" intensity="3.213323e-003" type="0"/>
    <Peak1D F1="8.698896" intensity="3.265357e-003" type="0"/>
    <Peak1D F1="8.673877" intensity="2.740721e-003" type="0"/>
    <Peak1D F1="8.626370" intensity="2.678679e-003" type="0"/>
    <Peak1D F1="8.552872" intensity="1.120275e-002" type="0"/>
    <Peak1D F1="8.546875" intensity="1.197844e-002" type="0"/>
    <Peak1D F1="8.530443" intensity="1.379226e-002" type="0"/>
    <Peak1D F1="8.526531" intensity="1.226246e-002" type="0"/>
    <Peak1D F1="8.469700" intensity="9.536782e-003" type="0"/>
    <Peak1D F1="8.433046" intensity="1.157980e-002" type="0"/>
    <Peak1D F1="8.416998" intensity="1.558545e-002" type="0"/>
    <Peak1D F1="8.388546" intensity="6.053378e-002" type="0"/>
    <Peak1D F1="8.366506" intensity="8.584509e-002" type="0"/>
    <Peak1D F1="8.338200" intensity="2.389040e+000" type="0"/>
    <Peak1D F1="8.316487" intensity="2.702385e+000" type="0"/>
    <Peak1D F1="8.287968" intensity="4.065993e-002" type="0"/>
    <Peak1D F1="8.266423" intensity="4.872678e-002" type="0"/>
    <Peak1D F1="8.244103" intensity="2.952734e-002" type="0"/>
    <Peak1D F1="8.221497" intensity="5.496600e-002" type="0"/>
    <Peak1D F1="8.217356" intensity="5.236532e-002" type="0"/>
    <Peak1D F1="8.210413" intensity="1.284117e-001" type="0"/>
    <Peak1D F1="8.203496" intensity="1.068227e-001" type="0"/>
    <Peak1D F1="8.188631" intensity="1.447533e-001" type="0"/>
    <Peak1D F1="8.181770" intensity="1.144689e-001" type="0"/>
    <Peak1D F1="8.153258" intensity="1.939233e+000" type="0"/>
    <Peak1D F1="8.148747" intensity="8.065581e-001" type="0"/>
    <Peak1D F1="8.131558" intensity="2.015604e+000" type="0"/>
    <Peak1D F1="8.125793" intensity="4.762533e-001" type="0"/>
    <Peak1D F1="8.103582" intensity="4.973816e-002" type="0"/>
    <Peak1D F1="8.081224" intensity="4.486592e-002" type="0"/>
    <Peak1D F1="8.068468" intensity="7.256228e-002" type="0"/>
    <Peak1D F1="8.047446" intensity="7.596315e-002" type="0"/>
    <Peak1D F1="8.018329" intensity="2.985030e+000" type="0"/>
    <Peak1D F1="8.014491" intensity="1.024031e+000" type="0"/>
    <Peak1D F1="8.000928" intensity="1.001485e+000" type="0"/>
    <Peak1D F1="7.997083" intensity="2.475653e+000" type="0"/>
    <Peak1D F1="7.968190" intensity="4.099218e-002" type="0"/>
    <Peak1D F1="7.946301" intensity="3.557805e-002" type="0"/>
    <Peak1D F1="7.923256" intensity="7.508928e-003" type="0"/>
    <Peak1D F1="7.808246" intensity="1.074622e-002" type="0"/>
    <Peak1D F1="7.789069" intensity="9.101314e-003" type="0"/>
    <Peak1D F1="7.784885" intensity="7.424590e-003" type="0"/>
    <Peak1D F1="7.714269" intensity="7.678503e-003" type="0"/>
    <Peak1D F1="7.691639" intensity="8.257078e-003" type="0"/>
    <Peak1D F1="7.683075" intensity="1.871347e-002" type="0"/>
    <Peak1D F1="7.660600" intensity="1.893939e-002" type="0"/>
    <Peak1D F1="7.642701" intensity="1.045359e-002" type="0"/>
    <Peak1D F1="7.606707" intensity="1.630201e-002" type="0"/>
    <Peak1D F1="7.584905" intensity="1.789665e-002" type="0"/>
    <Peak1D F1="7.572147" intensity="2.300932e-002" type="0"/>
    <Peak1D F1="7.554617" intensity="2.333555e-002" type="0"/>
    <Peak1D F1="7.548694" intensity="2.474221e-002" type="0"/>
    <Peak1D F1="7.527655" intensity="1.499976e-001" type="0"/>
    <Peak1D F1="7.505467" intensity="1.972096e-001" type="0"/>
    <Peak1D F1="7.478122" intensity="1.939857e+000" type="0"/>
    <Peak1D F1="7.456158" intensity="1.853370e+000" type="0"/>
    <Peak1D F1="7.437334" intensity="1.383839e-001" type="0"/>
    <Peak1D F1="7.428462" intensity="8.445559e-002" type="0"/>
    <Peak1D F1="7.406151" intensity="5.627676e-002" type="0"/>
    <Peak1D F1="7.352118" intensity="1.674426e-002" type="0"/>
    <Peak1D F1="7.328476" intensity="2.866606e-002" type="0"/>
    <Peak1D F1="7.312275" intensity="3.838062e-002" type="0"/>
    <Peak1D F1="7.307383" intensity="4.682427e-002" type="0"/>
    <Peak1D F1="7.292533" intensity="5.166436e-002" type="0"/>
    <Peak1D F1="7.287233" intensity="3.774462e-002" type="0"/>
    <Peak1D F1="7.271101" intensity="3.383843e-002" type="0"/>
    <Peak1D F1="7.263993" intensity="2.307497e-002" type="0"/>
    <Peak1D F1="7.245079" intensity="1.235769e-001" type="0"/>
    <Peak1D F1="7.195025" intensity="5.987319e+000" type="0"/>
    <Peak1D F1="7.144855" intensity="8.269960e-002" type="0"/>
    <Peak1D F1="7.124944" intensity="4.368476e-003" type="0"/>
    <Peak1D F1="7.105243" intensity="2.872902e-003" type="0"/>
    <Peak1D F1="7.014676" intensity="3.419240e-003" type="0"/>
    <Peak1D F1="6.998557" intensity="6.850344e-003" type="0"/>
    <Peak1D F1="6.930946" intensity="3.182930e-002" type="0"/>
    <Peak1D F1="6.902986" intensity="7.898004e-003" type="0"/>
    <Peak1D F1="6.887917" intensity="9.269138e-003" type="0"/>
    <Peak1D F1="6.881645" intensity="1.322023e-002" type="0"/>
    <Peak1D F1="6.866021" intensity="1.824480e-002" type="0"/>
    <Peak1D F1="6.859409" intensity="2.913546e-002" type="0"/>
    <Peak1D F1="6.849480" intensity="3.299298e-002" type="0"/>
    <Peak1D F1="6.842987" intensity="4.434706e-002" type="0"/>
    <Peak1D F1="6.836842" intensity="5.407234e-002" type="0"/>
    <Peak1D F1="6.827503" intensity="5.794021e-002" type="0"/>
    <Peak1D F1="6.820603" intensity="6.489266e-002" type="0"/>
    <Peak1D F1="6.814526" intensity="6.888917e-002" type="0"/>
    <Peak1D F1="6.798276" intensity="3.338268e-002" type="0"/>
    <Peak1D F1="6.792408" intensity="3.251887e-002" type="0"/>
    <Peak1D F1="6.752944" intensity="4.572920e-003" type="0"/>
    <Peak1D F1="6.730803" intensity="2.322863e-003" type="0"/>
    <Peak1D F1="6.681129" intensity="2.678386e-003" type="0"/>
    <Peak1D F1="6.624236" intensity="3.626977e-003" type="0"/>
    <Peak1D F1="6.606172" intensity="2.727211e-003" type="0"/>
    <Peak1D F1="6.601293" intensity="2.428043e-003" type="0"/>
    <Peak1D F1="6.306657" intensity="5.876253e-003" type="0"/>
    <Peak1D F1="6.297869" intensity="6.017121e-003" type="0"/>
    <Peak1D F1="6.293013" intensity="5.511977e-003" type="0"/>
    <Peak1D F1="6.279912" intensity="4.939026e-003" type="0"/>
    <Peak1D F1="6.211036" intensity="1.318727e-002" type="0"/>
    <Peak1D F1="6.205715" intensity="7.553332e-003" type="0"/>
    <Peak1D F1="6.134690" intensity="3.174971e-003" type="0"/>
    <Peak1D F1="6.113162" intensity="1.884717e-002" type="0"/>
    <Peak1D F1="6.062538" intensity="9.535004e-002" type="0"/>
    <Peak1D F1="6.012543" intensity="5.055954e+000" type="0"/>
    <Peak1D F1="5.962367" intensity="7.034259e-002" type="0"/>
    <Peak1D F1="5.852413" intensity="2.649616e-002" type="0"/>
    <Peak1D F1="5.839615" intensity="2.596161e-002" type="0"/>
    <Peak1D F1="5.816247" intensity="8.411712e-003" type="0"/>
    <Peak1D F1="5.810719" intensity="1.421175e-002" type="0"/>
    <Peak1D F1="5.806050" intensity="7.870211e-003" type="0"/>
    <Peak1D F1="5.763606" intensity="2.151558e-003" type="0"/>
    <Peak1D F1="5.616322" intensity="3.349113e-003" type="0"/>
    <Peak1D F1="5.590138" intensity="2.166051e-003" type="0"/>
    <Peak1D F1="5.524249" intensity="3.179053e-003" type="0"/>
    <Peak1D F1="5.499409" intensity="3.100668e-003" type="0"/>
    <Peak1D F1="5.436004" intensity="4.364914e-003" type="0"/>
    <Peak1D F1="5.387540" intensity="9.795889e-002" type="0"/>
    <Peak1D F1="5.352420" intensity="4.243033e-002" type="0"/>
    <Peak1D F1="5.347208" intensity="4.333080e-002" type="0"/>
    <Peak1D F1="5.297544" intensity="3.679332e-003" type="0"/>
    <Peak1D F1="5.271421" intensity="8.731546e-003" type="0"/>
    <Peak1D F1="5.215416" intensity="5.850808e-003" type="0"/>
    <Peak1D F1="5.199794" intensity="3.856713e-003" type="0"/>
    <Peak1D F1="5.185792" intensity="4.289242e-003" type="0"/>
    <Peak1D F1="5.172612" intensity="6.219923e-003" type="0"/>
    <Peak1D F1="5.125121" intensity="6.541548e-003" type="0"/>
    <Peak1D F1="5.090785" intensity="8.563653e-003" type="0"/>
    <Peak1D F1="5.069067" intensity="9.496436e-003" type="0"/>
    <Peak1D F1="5.048047" intensity="8.957850e-003" type="0"/>
    <Peak1D F1="4.996796" intensity="7.814397e-003" type="0"/>
    <Peak1D F1="4.976518" intensity="7.419785e-003" type="0"/>
    <Peak1D F1="4.968070" intensity="1.040211e-002" type="0"/>
    <Peak1D F1="4.945619" intensity="9.515706e-003" type="0"/>
    <Peak1D F1="4.907320" intensity="6.953468e-003" type="0"/>
    <Peak1D F1="4.888163" intensity="9.675951e-003" type="0"/>
    <Peak1D F1="4.866463" intensity="8.675089e-003" type="0"/>
    <Peak1D F1="4.839862" intensity="2.484815e-002" type="0"/>
    <Peak1D F1="4.817186" intensity="3.086127e-002" type="0"/>
    <Peak1D F1="4.789477" intensity="9.893067e-001" type="0"/>
    <Peak1D F1="4.766668" intensity="1.007322e+000" type="0"/>
    <Peak1D F1="4.739014" intensity="3.856383e-002" type="0"/>
    <Peak1D F1="4.716018" intensity="5.657979e-002" type="0"/>
    <Peak1D F1="4.679294" intensity="4.054899e-001" type="0"/>
    <Peak1D F1="4.606221" intensity="1.650082e-002" type="0"/>
    <Peak1D F1="4.583696" intensity="1.103544e-002" type="0"/>
    <Peak1D F1="4.537972" intensity="5.583692e-003" type="0"/>
    <Peak1D F1="4.512939" intensity="5.414268e-003" type="0"/>
    <Peak1D F1="4.474568" intensity="4.602353e-003" type="0"/>
    <Peak1D F1="4.284459" intensity="2.074006e-003" type="0"/>
    <Peak1D F1="4.267287" intensity="2.201645e-003" type="0"/>
    <Peak1D F1="4.050065" intensity="2.448049e-003" type="0"/>
    <Peak1D F1="4.025319" intensity="3.684900e-003" type="0"/>
    <Peak1D F1="3.926022" intensity="2.066701e-003" type="0"/>
    <Peak1D F1="3.874132" intensity="8.150151e-002" type="0"/>
    <Peak1D F1="3.848732" intensity="4.244382e-003" type="0"/>
    <Peak1D F1="3.842135" intensity="5.021979e-003" type="0"/>
    <Peak1D F1="3.806785" intensity="4.228730e-002" type="0"/>
    <Peak1D F1="3.796881" intensity="1.988882e-002" type="0"/>
    <Peak1D F1="3.746671" intensity="2.843670e-001" type="0"/>
    <Peak1D F1="3.696655" intensity="1.500000e+001" type="0"/>
    <Peak1D F1="3.661881" intensity="2.785374e-002" type="0"/>
    <Peak1D F1="3.646469" intensity="2.222123e-001" type="0"/>
    <Peak1D F1="3.585821" intensity="4.668365e-003" type="0"/>
    <Peak1D F1="3.547622" intensity="6.134539e-003" type="0"/>
    <Peak1D F1="3.514417" intensity="8.247142e-002" type="0"/>
    <Peak1D F1="3.486405" intensity="7.164785e-003" type="0"/>
    <Peak1D F1="3.477963" intensity="3.298180e-003" type="0"/>
    <Peak1D F1="3.465073" intensity="2.648737e-003" type="0"/>
    <Peak1D F1="3.437881" intensity="2.040440e-003" type="0"/>
    <Peak1D F1="3.411762" intensity="2.224660e-003" type="0"/>
    <Peak1D F1="3.187383" intensity="2.165442e-003" type="0"/>
    <Peak1D F1="3.177450" intensity="2.511705e-003" type="0"/>
    <Peak1D F1="3.168788" intensity="2.475904e-003" type="0"/>
    <Peak1D F1="3.129820" intensity="1.853996e-002" type="0"/>
    <Peak1D F1="3.105084" intensity="3.203397e-003" type="0"/>
    <Peak1D F1="3.087195" intensity="2.741426e-003" type="0"/>
    <Peak1D F1="3.081943" intensity="3.315616e-003" type="0"/>
    <Peak1D F1="2.958769" intensity="5.785697e-003" type="0"/>
    <Peak1D F1="2.941456" intensity="8.057683e-003" type="0"/>
    <Peak1D F1="2.934540" intensity="8.373265e-003" type="0"/>
    <Peak1D F1="2.916595" intensity="9.700685e-003" type="0"/>
    <Peak1D F1="2.832004" intensity="3.124300e-003" type="0"/>
    <Peak1D F1="2.808741" intensity="5.250062e-003" type="0"/>
    <Peak1D F1="2.787636" intensity="5.199866e-003" type="0"/>
    <Peak1D F1="2.765871" intensity="1.002569e-002" type="0"/>
    <Peak1D F1="2.743941" intensity="1.047924e-002" type="0"/>
    <Peak1D F1="2.734619" intensity="1.047943e-002" type="0"/>
    <Peak1D F1="2.703719" intensity="7.585404e-003" type="0"/>
    <Peak1D F1="2.677206" intensity="3.843247e-003" type="0"/>
    <Peak1D F1="2.661552" intensity="4.013516e-003" type="0"/>
    <Peak1D F1="2.632958" intensity="5.744519e-003" type="0"/>
    <Peak1D F1="2.619612" intensity="6.883060e-003" type="0"/>
    <Peak1D F1="2.612940" intensity="6.508180e-003" type="0"/>
    <Peak1D F1="2.554076" intensity="1.183069e-002" type="0"/>
    <Peak1D F1="2.505561" intensity="6.365583e-003" type="0"/>
    <Peak1D F1="2.484675" intensity="1.091091e-002" type="0"/>
    <Peak1D F1="2.435463" intensity="1.707753e-001" type="0"/>
    <Peak1D F1="2.431033" intensity="1.969456e-001" type="0"/>
    <Peak1D F1="2.414279" intensity="2.000448e-001" type="0"/>
    <Peak1D F1="2.410028" intensity="2.023941e-001" type="0"/>
    <Peak1D F1="2.386323" intensity="2.981297e-001" type="0"/>
    <Peak1D F1="2.382239" intensity="2.878147e-001" type="0"/>
    <Peak1D F1="2.361695" intensity="3.499776e-001" type="0"/>
    <Peak1D F1="2.351033" intensity="2.208453e-001" type="0"/>
    <Peak1D F1="2.328297" intensity="3.728299e-001" type="0"/>
    <Peak1D F1="2.320910" intensity="2.277813e-001" type="0"/>
    <Peak1D F1="2.308139" intensity="2.859619e-001" type="0"/>
    <Peak1D F1="2.298276" intensity="3.387337e-001" type="0"/>
    <Peak1D F1="2.277610" intensity="2.048356e-001" type="0"/>
    <Peak1D F1="2.251139" intensity="3.250855e-001" type="0"/>
    <Peak1D F1="2.228850" intensity="3.991993e-001" type="0"/>
    <Peak1D F1="2.225300" intensity="3.949485e-001" type="0"/>
    <Peak1D F1="2.202348" intensity="4.850574e-001" type="0"/>
    <Peak1D F1="2.180823" intensity="2.537695e-001" type="0"/>
    <Peak1D F1="2.176147" intensity="2.538084e-001" type="0"/>
    <Peak1D F1="2.153736" intensity="2.826342e-001" type="0"/>
    <Peak1D F1="2.145624" intensity="1.022038e-001" type="0"/>
    <Peak1D F1="2.114577" intensity="7.832537e-001" type="0"/>
    <Peak1D F1="2.095128" intensity="2.372016e+000" type="0"/>
    <Peak1D F1="2.076417" intensity="1.217361e+000" type="0"/>
    <Peak1D F1="2.055379" intensity="8.389734e-002" type="0"/>
    <Peak1D F1="2.045447" intensity="8.182923e-002" type="0"/>
    <Peak1D F1="2.040283" intensity="7.676043e-002" type="0"/>
    <Peak1D F1="2.026283" intensity="5.056014e-002" type="0"/>
    <Peak1D F1="2.020213" intensity="4.739134e-002" type="0"/>
    <Peak1D F1="1.999018" intensity="6.773438e-002" type="0"/>
    <Peak1D F1="1.984936" intensity="1.955678e-001" type="0"/>
    <Peak1D F1="1.981182" intensity="1.876986e-001" type="0"/>
    <Peak1D F1="1.968488" intensity="2.006840e-001" type="0"/>
    <Peak1D F1="1.963535" intensity="2.761678e-001" type="0"/>
    <Peak1D F1="1.957803" intensity="3.138184e-001" type="0"/>
    <Peak1D F1="1.953540" intensity="3.076569e-001" type="0"/>
    <Peak1D F1="1.948069" intensity="2.967489e-001" type="0"/>
    <Peak1D F1="1.940892" intensity="3.717985e-001" type="0"/>
    <Peak1D F1="1.931940" intensity="3.668073e-001" type="0"/>
    <Peak1D F1="1.918873" intensity="3.243076e-001" type="0"/>
    <Peak1D F1="1.909415" intensity="1.275640e+000" type="0"/>
    <Peak1D F1="1.898321" intensity="1.112361e+000" type="0"/>
    <Peak1D F1="1.889737" intensity="2.460593e+000" type="0"/>
    <Peak1D F1="1.879725" intensity="9.924188e-001" type="0"/>
    <Peak1D F1="1.870484" intensity="8.127109e-001" type="0"/>
    <Peak1D F1="1.858014" intensity="1.279985e-001" type="0"/>
    <Peak1D F1="1.848053" intensity="8.498684e-002" type="0"/>
    <Peak1D F1="1.839855" intensity="7.785579e-002" type="0"/>
    <Peak1D F1="1.822735" intensity="4.677153e-002" type="0"/>
    <Peak1D F1="1.797096" intensity="3.585130e-002" type="0"/>
    <Peak1D F1="1.775590" intensity="3.074941e-002" type="0"/>
    <Peak1D F1="1.744245" intensity="1.005808e-001" type="0"/>
    <Peak1D F1="1.728530" intensity="1.470043e-001" type="0"/>
    <Peak1D F1="1.723241" intensity="1.286942e-001" type="0"/>
    <Peak1D F1="1.716078" intensity="1.761729e-001" type="0"/>
    <Peak1D F1="1.707305" intensity="1.803489e-001" type="0"/>
    <Peak1D F1="1.700295" intensity="3.000850e-001" type="0"/>
    <Peak1D F1="1.696254" intensity="2.725341e-001" type="0"/>
    <Peak1D F1="1.685796" intensity="2.390699e-001" type="0"/>
    <Peak1D F1="1.679563" intensity="7.000445e-001" type="0"/>
    <Peak1D F1="1.670124" intensity="4.396011e-001" type="0"/>
    <Peak1D F1="1.655323" intensity="6.239446e-001" type="0"/>
    <Peak1D F1="1.638644" intensity="3.790577e-001" type="0"/>
    <Peak1D F1="1.634776" intensity="4.331160e-001" type="0"/>
    <Peak1D F1="1.623259" intensity="2.012970e-001" type="0"/>
    <Peak1D F1="1.618356" intensity="2.447143e-001" type="0"/>
    <Peak1D F1="1.584321" intensity="1.068284e-001" type="0"/>
    <Peak1D F1="1.534055" intensity="2.065322e-001" type="0"/>
    <Peak1D F1="1.518562" intensity="1.604266e-001" type="0"/>
    <Peak1D F1="1.511696" intensity="1.770643e-001" type="0"/>
    <Peak1D F1="1.499735" intensity="3.429921e-001" type="0"/>
    <Peak1D F1="1.482320" intensity="4.192257e-001" type="0"/>
    <Peak1D F1="1.469681" intensity="2.997685e-001" type="0"/>
    <Peak1D F1="1.452318" intensity="3.203705e-001" type="0"/>
    <Peak1D F1="1.440415" intensity="7.092609e-002" type="0"/>
    <Peak1D F1="1.434618" intensity="9.427966e-002" type="0"/>
    <Peak1D F1="1.422656" intensity="1.006375e-001" type="0"/>
    <Peak1D F1="1.351164" intensity="1.961954e-002" type="0"/>
    <Peak1D F1="1.339661" intensity="1.940458e-002" type="0"/>
    <Peak1D F1="1.323135" intensity="1.808574e-002" type="0"/>
    <Peak1D F1="1.233902" intensity="5.196225e-002" type="0"/>
    <Peak1D F1="1.183343" intensity="2.976480e-001" type="0"/>
    <Peak1D F1="1.039072" intensity="1.901454e-002" type="0"/>
    <Peak1D F1="1.009095" intensity="1.535041e-002" type="0"/>
    <Peak1D F1="0.970087" intensity="1.354804e-002" type="0"/>
    <Peak1D F1="0.910993" intensity="9.174099e-003" type="0"/>
    <Peak1D F1="0.884751" intensity="9.971716e-003" type="0"/>
    <Peak1D F1="0.854312" intensity="1.091983e-002" type="0"/>
    <Peak1D F1="0.822476" intensity="3.429287e-002" type="0"/>
    <Peak1D F1="0.806731" intensity="6.621131e-002" type="0"/>
    <Peak1D F1="0.788807" intensity="5.372483e-002" type="0"/>
    <Peak1D F1="0.779914" intensity="6.102819e-002" type="0"/>
    <Peak1D F1="0.772534" intensity="7.124069e-002" type="0"/>
    <Peak1D F1="0.754428" intensity="7.055876e-002" type="0"/>
    <Peak1D F1="0.735604" intensity="4.064646e-002" type="0"/>
    <Peak1D F1="0.715479" intensity="1.608951e-002" type="0"/>
    <Peak1D F1="0.611775" intensity="4.158798e-003" type="0"/>
    <Peak1D F1="0.522747" intensity="3.172930e-003" type="0"/>
    <Peak1D F1="0.487419" intensity="2.868987e-003" type="0"/>
    <Peak1D F1="0.419720" intensity="2.773313e-003" type="0"/>
    <Peak1D F1="0.367386" intensity="2.670575e-003" type="0"/>
    <Peak1D F1="0.323717" intensity="2.658953e-003" type="0"/>
    <Peak1D F1="0.302280" intensity="2.663946e-003" type="0"/>
    <Peak1D F1="0.284832" intensity="2.398103e-003" type="0"/>
    <Peak1D F1="0.260774" intensity="2.845620e-003" type="0"/>
    <Peak1D F1="0.241387" intensity="2.319599e-003" type="0"/>
    <Peak1D F1="0.226241" intensity="1.946385e-003" type="0"/>
    <Peak1D F1="0.157321" intensity="2.480931e-003" type="0"/>
    <Peak1D F1="0.073932" intensity="2.177848e-003" type="0"/>
    <Peak1D F1="0.050438" intensity="3.943735e-003" type="0"/>
    <Peak1D F1="-0.000156" intensity="1.650044e-001" type="0"/>
    <Peak1D F1="-0.050778" intensity="3.609731e-003" type="0"/>
    <Peak1D F1="-0.149970" intensity="1.910708e-003" type="0"/>
    <Peak1D F1="-0.167252" intensity="2.047179e-003" type="0"/>
    <Peak1D F1="-3.304018" intensity="1.963072e-003" type="0"/>
  </PeakList1D>
</PeakList>
