<?xml version="1.0" encoding="UTF-8"?>
<PeakList>
  <PeakList1D>
    <PeakList1DHeader creator="nmr" date="2021-04-13T20:59:10.985+03:00" expNo="20" name="ID-346-Crude-13.4.21" owner="" procNo="1" source="//132.72.8.180/400b/Milo/Milo">
      <PeakPickDetails>F1=16.103741ppm, F2=-3.925304ppm, MI=0.00cm, MAXI=10000.00cm, PC=1.000
      </PeakPickDetails>
    </PeakList1DHeader>
    <Peak1D F1="12.902442" intensity="3.176162e-003" type="0"/>
    <Peak1D F1="12.455099" intensity="2.820851e-003" type="0"/>
    <Peak1D F1="11.891195" intensity="3.405983e-003" type="0"/>
    <Peak1D F1="10.094076" intensity="5.478676e-003" type="0"/>
    <Peak1D F1="8.493875" intensity="3.280248e-003" type="0"/>
    <Peak1D F1="8.463998" intensity="2.921270e-003" type="0"/>
    <Peak1D F1="8.362611" intensity="1.054200e-002" type="0"/>
    <Peak1D F1="8.340840" intensity="1.229013e-002" type="0"/>
    <Peak1D F1="8.321670" intensity="7.017895e-003" type="0"/>
    <Peak1D F1="8.268573" intensity="1.571911e-002" type="0"/>
    <Peak1D F1="8.247039" intensity="2.185019e-002" type="0"/>
    <Peak1D F1="8.227890" intensity="1.256310e-001" type="0"/>
    <Peak1D F1="8.207767" intensity="2.622003e-001" type="0"/>
    <Peak1D F1="8.187026" intensity="2.127762e-001" type="0"/>
    <Peak1D F1="8.157162" intensity="1.862820e+000" type="0"/>
    <Peak1D F1="8.135526" intensity="1.925184e+000" type="0"/>
    <Peak1D F1="8.107251" intensity="6.957778e-002" type="0"/>
    <Peak1D F1="8.086701" intensity="3.354239e-002" type="0"/>
    <Peak1D F1="8.040250" intensity="9.295611e-003" type="0"/>
    <Peak1D F1="8.022384" intensity="1.189607e-002" type="0"/>
    <Peak1D F1="8.000215" intensity="6.957092e-003" type="0"/>
    <Peak1D F1="7.943446" intensity="1.137364e-002" type="0"/>
    <Peak1D F1="7.919785" intensity="5.290776e-002" type="0"/>
    <Peak1D F1="7.899319" intensity="7.559805e-002" type="0"/>
    <Peak1D F1="7.879308" intensity="4.270580e-002" type="0"/>
    <Peak1D F1="7.839324" intensity="1.266587e-002" type="0"/>
    <Peak1D F1="7.816811" intensity="1.193850e-002" type="0"/>
    <Peak1D F1="7.794763" intensity="4.208932e-003" type="0"/>
    <Peak1D F1="7.768791" intensity="3.763239e-003" type="0"/>
    <Peak1D F1="7.737108" intensity="3.328293e-003" type="0"/>
    <Peak1D F1="7.706037" intensity="5.239165e-003" type="0"/>
    <Peak1D F1="7.682123" intensity="1.152611e-002" type="0"/>
    <Peak1D F1="7.663043" intensity="1.354864e-002" type="0"/>
    <Peak1D F1="7.613073" intensity="1.208462e-001" type="0"/>
    <Peak1D F1="7.591147" intensity="1.180404e-001" type="0"/>
    <Peak1D F1="7.566989" intensity="2.670960e-002" type="0"/>
    <Peak1D F1="7.555449" intensity="2.864859e-002" type="0"/>
    <Peak1D F1="7.534894" intensity="1.515858e-001" type="0"/>
    <Peak1D F1="7.512952" intensity="1.776036e-001" type="0"/>
    <Peak1D F1="7.505901" intensity="1.564298e-001" type="0"/>
    <Peak1D F1="7.480731" intensity="2.005489e+000" type="0"/>
    <Peak1D F1="7.458962" intensity="1.992927e+000" type="0"/>
    <Peak1D F1="7.442251" intensity="4.374318e-001" type="0"/>
    <Peak1D F1="7.409002" intensity="4.464916e-002" type="0"/>
    <Peak1D F1="7.392220" intensity="1.691773e-002" type="0"/>
    <Peak1D F1="7.382773" intensity="4.939942e-002" type="0"/>
    <Peak1D F1="7.363942" intensity="3.480235e-002" type="0"/>
    <Peak1D F1="7.353879" intensity="2.644883e-002" type="0"/>
    <Peak1D F1="7.335591" intensity="5.995330e-002" type="0"/>
    <Peak1D F1="7.315620" intensity="7.323664e-002" type="0"/>
    <Peak1D F1="7.294513" intensity="3.684491e-002" type="0"/>
    <Peak1D F1="7.257179" intensity="7.037765e-002" type="0"/>
    <Peak1D F1="7.248152" intensity="1.085040e-001" type="0"/>
    <Peak1D F1="7.238815" intensity="9.016361e-002" type="0"/>
    <Peak1D F1="7.218302" intensity="1.363526e-001" type="0"/>
    <Peak1D F1="7.198594" intensity="3.449394e+000" type="0"/>
    <Peak1D F1="7.185076" intensity="1.116941e-001" type="0"/>
    <Peak1D F1="7.167229" intensity="9.329128e-002" type="0"/>
    <Peak1D F1="7.161793" intensity="9.238190e-002" type="0"/>
    <Peak1D F1="7.149113" intensity="9.117553e-002" type="0"/>
    <Peak1D F1="7.141427" intensity="6.961608e-002" type="0"/>
    <Peak1D F1="7.124465" intensity="7.125270e-002" type="0"/>
    <Peak1D F1="7.113387" intensity="7.049941e-002" type="0"/>
    <Peak1D F1="7.055985" intensity="4.437348e-003" type="0"/>
    <Peak1D F1="7.035398" intensity="6.352295e-003" type="0"/>
    <Peak1D F1="7.017938" intensity="4.367473e-003" type="0"/>
    <Peak1D F1="6.999039" intensity="5.558679e-003" type="0"/>
    <Peak1D F1="6.972880" intensity="5.191477e-003" type="0"/>
    <Peak1D F1="6.955277" intensity="4.142940e-003" type="0"/>
    <Peak1D F1="6.934328" intensity="1.939851e-002" type="0"/>
    <Peak1D F1="6.916334" intensity="3.541721e-003" type="0"/>
    <Peak1D F1="6.762091" intensity="3.479710e-003" type="0"/>
    <Peak1D F1="6.718503" intensity="5.145054e-003" type="0"/>
    <Peak1D F1="6.696284" intensity="3.378265e-003" type="0"/>
    <Peak1D F1="6.214508" intensity="1.131173e-002" type="0"/>
    <Peak1D F1="6.117054" intensity="4.188934e-002" type="0"/>
    <Peak1D F1="6.067197" intensity="4.688345e-002" type="0"/>
    <Peak1D F1="6.037179" intensity="4.188974e-002" type="0"/>
    <Peak1D F1="6.016065" intensity="2.620135e+000" type="0"/>
    <Peak1D F1="5.979763" intensity="4.539628e-003" type="0"/>
    <Peak1D F1="5.967269" intensity="4.201949e-002" type="0"/>
    <Peak1D F1="5.925060" intensity="1.818512e-002" type="0"/>
    <Peak1D F1="5.912953" intensity="1.853888e-002" type="0"/>
    <Peak1D F1="5.814611" intensity="8.579076e-003" type="0"/>
    <Peak1D F1="5.798996" intensity="5.303211e-002" type="0"/>
    <Peak1D F1="5.791406" intensity="5.358494e-002" type="0"/>
    <Peak1D F1="5.770669" intensity="3.058129e-003" type="0"/>
    <Peak1D F1="5.720179" intensity="2.831195e-003" type="0"/>
    <Peak1D F1="5.650308" intensity="5.585337e-002" type="0"/>
    <Peak1D F1="5.623426" intensity="5.688143e-002" type="0"/>
    <Peak1D F1="5.582418" intensity="5.631805e-003" type="0"/>
    <Peak1D F1="5.554125" intensity="6.961234e-003" type="0"/>
    <Peak1D F1="5.527928" intensity="5.900052e-003" type="0"/>
    <Peak1D F1="5.520628" intensity="5.151764e-003" type="0"/>
    <Peak1D F1="5.489913" intensity="2.102697e-002" type="0"/>
    <Peak1D F1="5.464917" intensity="1.136089e-002" type="0"/>
    <Peak1D F1="5.401780" intensity="1.038463e-002" type="0"/>
    <Peak1D F1="5.355385" intensity="2.007180e-001" type="0"/>
    <Peak1D F1="5.348514" intensity="1.982442e-001" type="0"/>
    <Peak1D F1="5.316542" intensity="8.379888e-003" type="0"/>
    <Peak1D F1="5.299955" intensity="6.505826e-003" type="0"/>
    <Peak1D F1="5.282182" intensity="1.104509e-002" type="0"/>
    <Peak1D F1="5.231843" intensity="4.566089e-001" type="0"/>
    <Peak1D F1="5.181421" intensity="1.066669e-002" type="0"/>
    <Peak1D F1="5.166667" intensity="5.816452e-003" type="0"/>
    <Peak1D F1="5.050843" intensity="5.564783e-003" type="0"/>
    <Peak1D F1="5.006531" intensity="7.858706e-003" type="0"/>
    <Peak1D F1="4.972267" intensity="1.253624e-002" type="0"/>
    <Peak1D F1="4.949332" intensity="1.304591e-002" type="0"/>
    <Peak1D F1="4.919577" intensity="1.146167e-002" type="0"/>
    <Peak1D F1="4.909038" intensity="1.101082e-002" type="0"/>
    <Peak1D F1="4.893430" intensity="1.511391e-002" type="0"/>
    <Peak1D F1="4.877523" intensity="2.172094e-002" type="0"/>
    <Peak1D F1="4.858388" intensity="3.183970e-002" type="0"/>
    <Peak1D F1="4.841554" intensity="4.842756e-002" type="0"/>
    <Peak1D F1="4.819895" intensity="4.662383e-002" type="0"/>
    <Peak1D F1="4.793190" intensity="1.168872e+000" type="0"/>
    <Peak1D F1="4.770404" intensity="1.192604e+000" type="0"/>
    <Peak1D F1="4.742565" intensity="5.678786e-002" type="0"/>
    <Peak1D F1="4.729611" intensity="4.513651e-002" type="0"/>
    <Peak1D F1="4.719912" intensity="5.979353e-002" type="0"/>
    <Peak1D F1="4.698140" intensity="4.692121e-002" type="0"/>
    <Peak1D F1="4.685688" intensity="4.735019e-002" type="0"/>
    <Peak1D F1="4.610494" intensity="3.765080e-002" type="0"/>
    <Peak1D F1="4.586664" intensity="3.326692e-002" type="0"/>
    <Peak1D F1="4.537296" intensity="1.881818e-002" type="0"/>
    <Peak1D F1="4.491030" intensity="1.357163e-002" type="0"/>
    <Peak1D F1="4.448154" intensity="9.795741e-003" type="0"/>
    <Peak1D F1="4.363839" intensity="7.121568e-003" type="0"/>
    <Peak1D F1="4.356774" intensity="6.175868e-003" type="0"/>
    <Peak1D F1="4.307020" intensity="5.009279e-003" type="0"/>
    <Peak1D F1="4.275898" intensity="4.607688e-003" type="0"/>
    <Peak1D F1="4.238196" intensity="4.614065e-003" type="0"/>
    <Peak1D F1="4.148176" intensity="2.988691e-003" type="0"/>
    <Peak1D F1="4.104484" intensity="3.246790e-003" type="0"/>
    <Peak1D F1="4.057273" intensity="2.891466e-003" type="0"/>
    <Peak1D F1="4.024609" intensity="2.823938e-003" type="0"/>
    <Peak1D F1="4.000954" intensity="3.250517e-003" type="0"/>
    <Peak1D F1="3.979128" intensity="6.588468e-003" type="0"/>
    <Peak1D F1="3.957378" intensity="6.811289e-003" type="0"/>
    <Peak1D F1="3.948178" intensity="7.644590e-003" type="0"/>
    <Peak1D F1="3.877045" intensity="4.356309e-002" type="0"/>
    <Peak1D F1="3.861963" intensity="5.876489e-003" type="0"/>
    <Peak1D F1="3.845048" intensity="1.116588e-002" type="0"/>
    <Peak1D F1="3.810880" intensity="1.133891e-001" type="0"/>
    <Peak1D F1="3.750931" intensity="1.509158e-001" type="0"/>
    <Peak1D F1="3.746280" intensity="9.886333e-002" type="0"/>
    <Peak1D F1="3.699823" intensity="8.049102e+000" type="0"/>
    <Peak1D F1="3.650903" intensity="1.337804e-001" type="0"/>
    <Peak1D F1="3.601007" intensity="4.435365e-003" type="0"/>
    <Peak1D F1="3.578912" intensity="4.608674e-003" type="0"/>
    <Peak1D F1="3.562540" intensity="4.842954e-003" type="0"/>
    <Peak1D F1="3.517825" intensity="4.427231e-002" type="0"/>
    <Peak1D F1="3.136391" intensity="3.819578e-003" type="0"/>
    <Peak1D F1="2.962233" intensity="8.356331e-003" type="0"/>
    <Peak1D F1="2.955743" intensity="8.490692e-003" type="0"/>
    <Peak1D F1="2.943425" intensity="1.738007e-002" type="0"/>
    <Peak1D F1="2.936973" intensity="1.466518e-002" type="0"/>
    <Peak1D F1="2.925893" intensity="1.012193e-002" type="0"/>
    <Peak1D F1="2.918864" intensity="9.631393e-003" type="0"/>
    <Peak1D F1="2.873949" intensity="3.398655e-003" type="0"/>
    <Peak1D F1="2.857787" intensity="6.026797e-003" type="0"/>
    <Peak1D F1="2.837272" intensity="5.967479e-003" type="0"/>
    <Peak1D F1="2.808829" intensity="6.933968e-003" type="0"/>
    <Peak1D F1="2.800267" intensity="1.011679e-002" type="0"/>
    <Peak1D F1="2.750032" intensity="4.016615e-001" type="0"/>
    <Peak1D F1="2.700471" intensity="1.354348e-002" type="0"/>
    <Peak1D F1="2.664319" intensity="1.158156e-002" type="0"/>
    <Peak1D F1="2.637184" intensity="2.354252e-002" type="0"/>
    <Peak1D F1="2.613702" intensity="3.591656e-001" type="0"/>
    <Peak1D F1="2.588995" intensity="4.900501e-002" type="0"/>
    <Peak1D F1="2.551664" intensity="3.655039e-001" type="0"/>
    <Peak1D F1="2.497009" intensity="3.857841e-002" type="0"/>
    <Peak1D F1="2.457652" intensity="2.994876e-001" type="0"/>
    <Peak1D F1="2.440213" intensity="2.286716e-001" type="0"/>
    <Peak1D F1="2.432718" intensity="2.319309e-001" type="0"/>
    <Peak1D F1="2.409769" intensity="2.684965e-001" type="0"/>
    <Peak1D F1="2.388086" intensity="4.486249e-001" type="0"/>
    <Peak1D F1="2.362394" intensity="3.639691e-001" type="0"/>
    <Peak1D F1="2.352593" intensity="2.834083e-001" type="0"/>
    <Peak1D F1="2.329848" intensity="4.479523e-001" type="0"/>
    <Peak1D F1="2.322402" intensity="2.584377e-001" type="0"/>
    <Peak1D F1="2.309722" intensity="3.485848e-001" type="0"/>
    <Peak1D F1="2.306672" intensity="3.325776e-001" type="0"/>
    <Peak1D F1="2.299728" intensity="4.043243e-001" type="0"/>
    <Peak1D F1="2.279404" intensity="2.556599e-001" type="0"/>
    <Peak1D F1="2.250393" intensity="3.117774e-001" type="0"/>
    <Peak1D F1="2.227100" intensity="4.260731e-001" type="0"/>
    <Peak1D F1="2.201539" intensity="4.408671e-001" type="0"/>
    <Peak1D F1="2.179731" intensity="3.197646e-001" type="0"/>
    <Peak1D F1="2.175577" intensity="2.810579e-001" type="0"/>
    <Peak1D F1="2.152650" intensity="4.209484e-001" type="0"/>
    <Peak1D F1="2.146510" intensity="4.354340e-001" type="0"/>
    <Peak1D F1="2.115138" intensity="4.976215e+000" type="0"/>
    <Peak1D F1="2.095671" intensity="1.446503e+001" type="0"/>
    <Peak1D F1="2.077574" intensity="7.406731e+000" type="0"/>
    <Peak1D F1="2.055192" intensity="4.519256e-001" type="0"/>
    <Peak1D F1="2.051625" intensity="4.556603e-001" type="0"/>
    <Peak1D F1="2.047088" intensity="4.625740e-001" type="0"/>
    <Peak1D F1="2.028313" intensity="2.248430e-001" type="0"/>
    <Peak1D F1="1.985315" intensity="2.522532e-001" type="0"/>
    <Peak1D F1="1.979955" intensity="2.346876e-001" type="0"/>
    <Peak1D F1="1.948753" intensity="5.553967e-001" type="0"/>
    <Peak1D F1="1.941332" intensity="7.634253e-001" type="0"/>
    <Peak1D F1="1.931640" intensity="1.021327e+000" type="0"/>
    <Peak1D F1="1.925224" intensity="1.114524e+000" type="0"/>
    <Peak1D F1="1.920671" intensity="1.134984e+000" type="0"/>
    <Peak1D F1="1.910336" intensity="7.448004e+000" type="0"/>
    <Peak1D F1="1.899760" intensity="6.950158e+000" type="0"/>
    <Peak1D F1="1.890964" intensity="1.500000e+001" type="0"/>
    <Peak1D F1="1.881018" intensity="6.325278e+000" type="0"/>
    <Peak1D F1="1.871778" intensity="5.031679e+000" type="0"/>
    <Peak1D F1="1.859074" intensity="7.072810e-001" type="0"/>
    <Peak1D F1="1.849681" intensity="4.179825e-001" type="0"/>
    <Peak1D F1="1.841517" intensity="3.938616e-001" type="0"/>
    <Peak1D F1="1.831226" intensity="2.091507e-001" type="0"/>
    <Peak1D F1="1.822195" intensity="1.607153e-001" type="0"/>
    <Peak1D F1="1.793353" intensity="6.511390e-002" type="0"/>
    <Peak1D F1="1.759774" intensity="7.741367e-002" type="0"/>
    <Peak1D F1="1.743839" intensity="1.511916e-001" type="0"/>
    <Peak1D F1="1.728380" intensity="1.761293e-001" type="0"/>
    <Peak1D F1="1.723662" intensity="2.042224e-001" type="0"/>
    <Peak1D F1="1.716259" intensity="1.983882e-001" type="0"/>
    <Peak1D F1="1.707165" intensity="2.386729e-001" type="0"/>
    <Peak1D F1="1.700562" intensity="3.318019e-001" type="0"/>
    <Peak1D F1="1.696739" intensity="3.175017e-001" type="0"/>
    <Peak1D F1="1.687978" intensity="2.907121e-001" type="0"/>
    <Peak1D F1="1.680598" intensity="7.840270e-001" type="0"/>
    <Peak1D F1="1.670719" intensity="5.265346e-001" type="0"/>
    <Peak1D F1="1.657201" intensity="7.465680e-001" type="0"/>
    <Peak1D F1="1.652848" intensity="6.350245e-001" type="0"/>
    <Peak1D F1="1.640998" intensity="4.514038e-001" type="0"/>
    <Peak1D F1="1.636753" intensity="5.181858e-001" type="0"/>
    <Peak1D F1="1.632733" intensity="3.758776e-001" type="0"/>
    <Peak1D F1="1.625457" intensity="2.401212e-001" type="0"/>
    <Peak1D F1="1.620845" intensity="2.506054e-001" type="0"/>
    <Peak1D F1="1.617000" intensity="2.302266e-001" type="0"/>
    <Peak1D F1="1.598956" intensity="8.111468e-002" type="0"/>
    <Peak1D F1="1.573226" intensity="8.578899e-002" type="0"/>
    <Peak1D F1="1.551815" intensity="9.932363e-002" type="0"/>
    <Peak1D F1="1.535859" intensity="1.956900e-001" type="0"/>
    <Peak1D F1="1.520534" intensity="1.513302e-001" type="0"/>
    <Peak1D F1="1.513263" intensity="1.696036e-001" type="0"/>
    <Peak1D F1="1.501487" intensity="3.552390e-001" type="0"/>
    <Peak1D F1="1.484092" intensity="4.275749e-001" type="0"/>
    <Peak1D F1="1.471098" intensity="2.921098e-001" type="0"/>
    <Peak1D F1="1.454331" intensity="2.966260e-001" type="0"/>
    <Peak1D F1="1.442542" intensity="6.837019e-002" type="0"/>
    <Peak1D F1="1.436557" intensity="9.199387e-002" type="0"/>
    <Peak1D F1="1.424374" intensity="1.059071e-001" type="0"/>
    <Peak1D F1="1.402454" intensity="3.555308e-002" type="0"/>
    <Peak1D F1="1.393460" intensity="3.466959e-002" type="0"/>
    <Peak1D F1="1.373684" intensity="3.147510e-002" type="0"/>
    <Peak1D F1="1.347127" intensity="2.233640e-002" type="0"/>
    <Peak1D F1="1.328089" intensity="1.880978e-002" type="0"/>
    <Peak1D F1="1.308973" intensity="1.956053e-002" type="0"/>
    <Peak1D F1="1.295611" intensity="2.195287e-002" type="0"/>
    <Peak1D F1="1.260250" intensity="3.355040e-002" type="0"/>
    <Peak1D F1="1.232534" intensity="5.221254e-002" type="0"/>
    <Peak1D F1="1.213587" intensity="5.066002e-002" type="0"/>
    <Peak1D F1="1.182855" intensity="1.275611e-001" type="0"/>
    <Peak1D F1="1.152361" intensity="1.398113e-002" type="0"/>
    <Peak1D F1="1.119982" intensity="9.546567e-003" type="0"/>
    <Peak1D F1="1.029136" intensity="6.584133e-003" type="0"/>
    <Peak1D F1="1.007470" intensity="6.826464e-003" type="0"/>
    <Peak1D F1="0.987948" intensity="6.781796e-003" type="0"/>
    <Peak1D F1="0.923425" intensity="6.017471e-003" type="0"/>
    <Peak1D F1="0.884608" intensity="7.513046e-003" type="0"/>
    <Peak1D F1="0.876407" intensity="6.554755e-003" type="0"/>
    <Peak1D F1="0.867258" intensity="1.116068e-002" type="0"/>
    <Peak1D F1="0.845962" intensity="8.418624e-003" type="0"/>
    <Peak1D F1="0.825876" intensity="2.093972e-002" type="0"/>
    <Peak1D F1="0.809730" intensity="3.591635e-002" type="0"/>
    <Peak1D F1="0.792197" intensity="2.061593e-002" type="0"/>
    <Peak1D F1="0.700266" intensity="4.883248e-003" type="0"/>
    <Peak1D F1="0.670179" intensity="4.991865e-003" type="0"/>
    <Peak1D F1="0.647327" intensity="5.398271e-003" type="0"/>
    <Peak1D F1="0.634946" intensity="3.589496e-003" type="0"/>
    <Peak1D F1="0.612706" intensity="3.873789e-003" type="0"/>
    <Peak1D F1="0.585628" intensity="4.197197e-003" type="0"/>
    <Peak1D F1="0.533598" intensity="4.124694e-003" type="0"/>
    <Peak1D F1="0.506003" intensity="4.137278e-003" type="0"/>
    <Peak1D F1="0.468129" intensity="3.938183e-003" type="0"/>
    <Peak1D F1="0.448602" intensity="3.461593e-003" type="0"/>
    <Peak1D F1="0.397398" intensity="3.999928e-003" type="0"/>
    <Peak1D F1="0.387959" intensity="4.686006e-003" type="0"/>
    <Peak1D F1="0.367335" intensity="4.294301e-003" type="0"/>
    <Peak1D F1="0.336713" intensity="4.425302e-003" type="0"/>
    <Peak1D F1="0.326294" intensity="4.152820e-003" type="0"/>
    <Peak1D F1="0.308864" intensity="3.861688e-003" type="0"/>
    <Peak1D F1="0.280270" intensity="3.992879e-003" type="0"/>
    <Peak1D F1="0.255437" intensity="3.601928e-003" type="0"/>
    <Peak1D F1="0.164392" intensity="3.205037e-003" type="0"/>
    <Peak1D F1="0.087584" intensity="3.239089e-003" type="0"/>
    <Peak1D F1="0.049055" intensity="4.589438e-003" type="0"/>
    <Peak1D F1="-0.000155" intensity="2.313196e-001" type="0"/>
    <Peak1D F1="-0.049889" intensity="4.974917e-003" type="0"/>
    <Peak1D F1="-0.128522" intensity="2.882549e-003" type="0"/>
    <Peak1D F1="-3.518625" intensity="3.274160e-003" type="0"/>
    <Peak1D F1="-3.623973" intensity="2.958539e-003" type="0"/>
    <Peak1D F1="-3.696904" intensity="2.814363e-003" type="0"/>
    <Peak1D F1="-3.708497" intensity="3.002462e-003" type="0"/>
    <Peak1D F1="-3.819654" intensity="3.214794e-003" type="0"/>
    <Peak1D F1="-3.872750" intensity="3.120000e-003" type="0"/>
  </PeakList1D>
</PeakList>
