<?xml version="1.0" encoding="UTF-8"?>
<PeakList>
  <PeakList1D>
    <PeakList1DHeader creator="nmr" date="2021-08-21T20:25:15.774+03:00" expNo="10" name="ID-427-C-21.8.21" owner="" procNo="1" source="//132.72.8.180/400b/Milo/Milo">
      <PeakPickDetails>F1=16.179831ppm, F2=-3.849216ppm, MI=0.00cm, MAXI=10000.00cm, PC=1.000
      </PeakPickDetails>
    </PeakList1DHeader>
    <Peak1D F1="16.133459" intensity="8.751742e-004" type="0"/>
    <Peak1D F1="16.029520" intensity="9.341013e-004" type="0"/>
    <Peak1D F1="15.994143" intensity="8.793496e-004" type="0"/>
    <Peak1D F1="15.905545" intensity="8.527784e-004" type="0"/>
    <Peak1D F1="15.875649" intensity="8.543000e-004" type="0"/>
    <Peak1D F1="15.856812" intensity="1.003151e-003" type="0"/>
    <Peak1D F1="15.834096" intensity="8.712943e-004" type="0"/>
    <Peak1D F1="12.178260" intensity="8.664270e-004" type="0"/>
    <Peak1D F1="11.967461" intensity="1.257148e-003" type="0"/>
    <Peak1D F1="10.335311" intensity="9.563408e-004" type="0"/>
    <Peak1D F1="10.318962" intensity="2.960311e-003" type="0"/>
    <Peak1D F1="10.306064" intensity="3.490807e-003" type="0"/>
    <Peak1D F1="10.298057" intensity="3.411570e-003" type="0"/>
    <Peak1D F1="10.260446" intensity="1.074191e-003" type="0"/>
    <Peak1D F1="10.147461" intensity="1.639507e-002" type="0"/>
    <Peak1D F1="10.134571" intensity="1.202182e-002" type="0"/>
    <Peak1D F1="10.126530" intensity="1.973984e-002" type="0"/>
    <Peak1D F1="10.097554" intensity="4.707796e-001" type="0"/>
    <Peak1D F1="10.084893" intensity="5.573727e-001" type="0"/>
    <Peak1D F1="10.076451" intensity="5.668149e-001" type="0"/>
    <Peak1D F1="10.048009" intensity="1.484009e-002" type="0"/>
    <Peak1D F1="10.035172" intensity="5.614968e-003" type="0"/>
    <Peak1D F1="10.026450" intensity="1.001066e-002" type="0"/>
    <Peak1D F1="9.871054" intensity="2.135577e-003" type="0"/>
    <Peak1D F1="9.857872" intensity="2.571979e-003" type="0"/>
    <Peak1D F1="9.849390" intensity="2.633165e-003" type="0"/>
    <Peak1D F1="8.542904" intensity="1.811218e-003" type="0"/>
    <Peak1D F1="8.528262" intensity="4.122077e-003" type="0"/>
    <Peak1D F1="8.510267" intensity="2.732553e-003" type="0"/>
    <Peak1D F1="8.386946" intensity="1.468226e-002" type="0"/>
    <Peak1D F1="8.364149" intensity="2.657685e-002" type="0"/>
    <Peak1D F1="8.336525" intensity="3.261689e-001" type="0"/>
    <Peak1D F1="8.331981" intensity="2.542024e-001" type="0"/>
    <Peak1D F1="8.322277" intensity="4.664911e-001" type="0"/>
    <Peak1D F1="8.314056" intensity="7.428321e-001" type="0"/>
    <Peak1D F1="8.301099" intensity="4.890284e-001" type="0"/>
    <Peak1D F1="8.296466" intensity="3.840339e-001" type="0"/>
    <Peak1D F1="8.291671" intensity="4.445384e-001" type="0"/>
    <Peak1D F1="8.264902" intensity="2.085079e-002" type="0"/>
    <Peak1D F1="8.241586" intensity="2.319977e-002" type="0"/>
    <Peak1D F1="8.217656" intensity="3.190868e-002" type="0"/>
    <Peak1D F1="8.213118" intensity="3.217994e-002" type="0"/>
    <Peak1D F1="8.201706" intensity="4.606143e-002" type="0"/>
    <Peak1D F1="8.196977" intensity="4.484506e-002" type="0"/>
    <Peak1D F1="8.188728" intensity="5.747880e-002" type="0"/>
    <Peak1D F1="8.184087" intensity="6.038208e-002" type="0"/>
    <Peak1D F1="8.179065" intensity="5.996625e-002" type="0"/>
    <Peak1D F1="8.166727" intensity="6.337025e-002" type="0"/>
    <Peak1D F1="8.161819" intensity="6.352610e-002" type="0"/>
    <Peak1D F1="8.156293" intensity="5.996888e-002" type="0"/>
    <Peak1D F1="8.139108" intensity="4.441516e-001" type="0"/>
    <Peak1D F1="8.134081" intensity="3.501511e-001" type="0"/>
    <Peak1D F1="8.122869" intensity="7.206837e-001" type="0"/>
    <Peak1D F1="8.117360" intensity="9.171758e-001" type="0"/>
    <Peak1D F1="8.112526" intensity="9.320033e-001" type="0"/>
    <Peak1D F1="8.107565" intensity="6.528956e-001" type="0"/>
    <Peak1D F1="8.102106" intensity="6.962567e-001" type="0"/>
    <Peak1D F1="8.095326" intensity="5.579871e-001" type="0"/>
    <Peak1D F1="8.090617" intensity="6.299504e-001" type="0"/>
    <Peak1D F1="8.071238" intensity="5.253938e-002" type="0"/>
    <Peak1D F1="8.067435" intensity="5.304335e-002" type="0"/>
    <Peak1D F1="8.044002" intensity="1.404171e-001" type="0"/>
    <Peak1D F1="8.038984" intensity="5.027170e-001" type="0"/>
    <Peak1D F1="8.033587" intensity="4.228462e-001" type="0"/>
    <Peak1D F1="8.028017" intensity="7.091271e-001" type="0"/>
    <Peak1D F1="8.021333" intensity="8.525027e-001" type="0"/>
    <Peak1D F1="8.016967" intensity="6.392184e-001" type="0"/>
    <Peak1D F1="8.010897" intensity="4.130455e-001" type="0"/>
    <Peak1D F1="8.006008" intensity="6.075303e-001" type="0"/>
    <Peak1D F1="7.999259" intensity="5.365767e-001" type="0"/>
    <Peak1D F1="7.994108" intensity="8.783384e-002" type="0"/>
    <Peak1D F1="7.978016" intensity="1.353251e-002" type="0"/>
    <Peak1D F1="7.971376" intensity="1.806894e-002" type="0"/>
    <Peak1D F1="7.967325" intensity="1.718488e-002" type="0"/>
    <Peak1D F1="7.955652" intensity="9.029455e-003" type="0"/>
    <Peak1D F1="7.949185" intensity="1.122795e-002" type="0"/>
    <Peak1D F1="7.937115" intensity="1.294847e-002" type="0"/>
    <Peak1D F1="7.912770" intensity="3.608568e-002" type="0"/>
    <Peak1D F1="7.901006" intensity="2.556001e-002" type="0"/>
    <Peak1D F1="7.890707" intensity="2.643060e-002" type="0"/>
    <Peak1D F1="7.875134" intensity="3.049845e-003" type="0"/>
    <Peak1D F1="7.865668" intensity="2.763759e-003" type="0"/>
    <Peak1D F1="7.845720" intensity="2.071720e-003" type="0"/>
    <Peak1D F1="7.818308" intensity="4.329949e-003" type="0"/>
    <Peak1D F1="7.810585" intensity="4.606339e-003" type="0"/>
    <Peak1D F1="7.794414" intensity="3.946040e-003" type="0"/>
    <Peak1D F1="7.765416" intensity="1.024610e-003" type="0"/>
    <Peak1D F1="7.721077" intensity="1.550639e-003" type="0"/>
    <Peak1D F1="7.675621" intensity="8.014540e-003" type="0"/>
    <Peak1D F1="7.661176" intensity="6.633376e-003" type="0"/>
    <Peak1D F1="7.628242" intensity="2.497159e-002" type="0"/>
    <Peak1D F1="7.611945" intensity="4.227101e-002" type="0"/>
    <Peak1D F1="7.595127" intensity="2.953755e-002" type="0"/>
    <Peak1D F1="7.590182" intensity="3.069815e-002" type="0"/>
    <Peak1D F1="7.558838" intensity="2.722823e-002" type="0"/>
    <Peak1D F1="7.543681" intensity="5.051412e-002" type="0"/>
    <Peak1D F1="7.534657" intensity="1.129057e-001" type="0"/>
    <Peak1D F1="7.521596" intensity="7.960326e-002" type="0"/>
    <Peak1D F1="7.509707" intensity="9.249988e-002" type="0"/>
    <Peak1D F1="7.493206" intensity="6.273676e-001" type="0"/>
    <Peak1D F1="7.488008" intensity="5.572397e-001" type="0"/>
    <Peak1D F1="7.481773" intensity="8.943673e-001" type="0"/>
    <Peak1D F1="7.474553" intensity="9.989397e-001" type="0"/>
    <Peak1D F1="7.460160" intensity="7.884346e-001" type="0"/>
    <Peak1D F1="7.453379" intensity="6.698607e-001" type="0"/>
    <Peak1D F1="7.434629" intensity="7.719339e-002" type="0"/>
    <Peak1D F1="7.427115" intensity="9.020527e-002" type="0"/>
    <Peak1D F1="7.412236" intensity="6.744054e-002" type="0"/>
    <Peak1D F1="7.407057" intensity="6.321799e-002" type="0"/>
    <Peak1D F1="7.379675" intensity="2.101870e-002" type="0"/>
    <Peak1D F1="7.371726" intensity="2.766499e-002" type="0"/>
    <Peak1D F1="7.360894" intensity="2.660958e-002" type="0"/>
    <Peak1D F1="7.323008" intensity="2.742622e-001" type="0"/>
    <Peak1D F1="7.274672" intensity="1.290913e+001" type="0"/>
    <Peak1D F1="7.257299" intensity="2.224566e-001" type="0"/>
    <Peak1D F1="7.251305" intensity="2.018900e-001" type="0"/>
    <Peak1D F1="7.230787" intensity="7.981165e-002" type="0"/>
    <Peak1D F1="7.222921" intensity="2.668752e-001" type="0"/>
    <Peak1D F1="7.172076" intensity="2.301091e-003" type="0"/>
    <Peak1D F1="7.110065" intensity="1.018819e-002" type="0"/>
    <Peak1D F1="7.097589" intensity="2.195099e-002" type="0"/>
    <Peak1D F1="7.089678" intensity="3.187729e-002" type="0"/>
    <Peak1D F1="7.075341" intensity="2.059115e-002" type="0"/>
    <Peak1D F1="7.069051" intensity="2.130321e-002" type="0"/>
    <Peak1D F1="7.009225" intensity="6.933677e-002" type="0"/>
    <Peak1D F1="6.851906" intensity="7.609745e-003" type="0"/>
    <Peak1D F1="6.800969" intensity="2.774765e-002" type="0"/>
    <Peak1D F1="6.794301" intensity="3.410456e-002" type="0"/>
    <Peak1D F1="6.785184" intensity="4.018233e-002" type="0"/>
    <Peak1D F1="6.778469" intensity="5.483639e-002" type="0"/>
    <Peak1D F1="6.771650" intensity="6.307701e-002" type="0"/>
    <Peak1D F1="6.767942" intensity="6.168832e-002" type="0"/>
    <Peak1D F1="6.762417" intensity="5.862535e-002" type="0"/>
    <Peak1D F1="6.756033" intensity="6.605661e-002" type="0"/>
    <Peak1D F1="6.751370" intensity="6.811665e-002" type="0"/>
    <Peak1D F1="6.745638" intensity="6.360408e-002" type="0"/>
    <Peak1D F1="6.739740" intensity="3.734606e-002" type="0"/>
    <Peak1D F1="6.733664" intensity="2.516134e-002" type="0"/>
    <Peak1D F1="6.728939" intensity="2.530495e-002" type="0"/>
    <Peak1D F1="6.723115" intensity="2.240595e-002" type="0"/>
    <Peak1D F1="6.716964" intensity="9.328425e-003" type="0"/>
    <Peak1D F1="6.345689" intensity="1.544705e-003" type="0"/>
    <Peak1D F1="6.337464" intensity="2.056679e-003" type="0"/>
    <Peak1D F1="6.305732" intensity="1.383446e-003" type="0"/>
    <Peak1D F1="6.284265" intensity="1.179283e-003" type="0"/>
    <Peak1D F1="6.232314" intensity="2.521699e-003" type="0"/>
    <Peak1D F1="6.192369" intensity="6.351304e-002" type="0"/>
    <Peak1D F1="6.186069" intensity="6.899853e-002" type="0"/>
    <Peak1D F1="6.150990" intensity="3.604156e-003" type="0"/>
    <Peak1D F1="6.131164" intensity="5.903477e-003" type="0"/>
    <Peak1D F1="6.120718" intensity="1.106355e-002" type="0"/>
    <Peak1D F1="6.101248" intensity="9.587803e-002" type="0"/>
    <Peak1D F1="6.089183" intensity="1.230165e-001" type="0"/>
    <Peak1D F1="6.081213" intensity="1.333860e-001" type="0"/>
    <Peak1D F1="6.052443" intensity="3.950703e-002" type="0"/>
    <Peak1D F1="6.045752" intensity="3.717501e-002" type="0"/>
    <Peak1D F1="6.039766" intensity="9.401071e-002" type="0"/>
    <Peak1D F1="6.027340" intensity="1.269359e-001" type="0"/>
    <Peak1D F1="6.019248" intensity="1.475484e-001" type="0"/>
    <Peak1D F1="6.002471" intensity="6.384944e-001" type="0"/>
    <Peak1D F1="5.996706" intensity="2.676273e-001" type="0"/>
    <Peak1D F1="5.987448" intensity="6.549160e-001" type="0"/>
    <Peak1D F1="5.976413" intensity="7.442766e-001" type="0"/>
    <Peak1D F1="5.952740" intensity="3.089469e-002" type="0"/>
    <Peak1D F1="5.938911" intensity="3.259379e-002" type="0"/>
    <Peak1D F1="5.926786" intensity="2.945083e-002" type="0"/>
    <Peak1D F1="5.840125" intensity="2.804567e-003" type="0"/>
    <Peak1D F1="5.801020" intensity="5.491898e-003" type="0"/>
    <Peak1D F1="5.791103" intensity="6.211934e-003" type="0"/>
    <Peak1D F1="5.453172" intensity="1.814336e-002" type="0"/>
    <Peak1D F1="5.430969" intensity="9.890608e-004" type="0"/>
    <Peak1D F1="5.373378" intensity="1.360804e-003" type="0"/>
    <Peak1D F1="5.338392" intensity="3.697892e-002" type="0"/>
    <Peak1D F1="5.331641" intensity="4.434437e-002" type="0"/>
    <Peak1D F1="5.324342" intensity="5.695847e-002" type="0"/>
    <Peak1D F1="5.203855" intensity="9.687145e-004" type="0"/>
    <Peak1D F1="5.186661" intensity="1.071109e-003" type="0"/>
    <Peak1D F1="5.025809" intensity="3.957617e-003" type="0"/>
    <Peak1D F1="5.003864" intensity="4.642713e-003" type="0"/>
    <Peak1D F1="4.957491" intensity="4.232698e-003" type="0"/>
    <Peak1D F1="4.937846" intensity="1.195373e-002" type="0"/>
    <Peak1D F1="4.909692" intensity="1.366211e-002" type="0"/>
    <Peak1D F1="4.901321" intensity="1.542607e-002" type="0"/>
    <Peak1D F1="4.894748" intensity="1.777746e-002" type="0"/>
    <Peak1D F1="4.873428" intensity="2.170355e-002" type="0"/>
    <Peak1D F1="4.846074" intensity="6.447517e-001" type="0"/>
    <Peak1D F1="4.824837" intensity="6.633393e-001" type="0"/>
    <Peak1D F1="4.801534" intensity="1.748685e-002" type="0"/>
    <Peak1D F1="4.795383" intensity="1.770490e-002" type="0"/>
    <Peak1D F1="4.779732" intensity="1.474744e-002" type="0"/>
    <Peak1D F1="4.774298" intensity="1.662646e-002" type="0"/>
    <Peak1D F1="4.727437" intensity="6.823413e-003" type="0"/>
    <Peak1D F1="4.662950" intensity="1.010148e-002" type="0"/>
    <Peak1D F1="4.641863" intensity="1.059068e-002" type="0"/>
    <Peak1D F1="4.586087" intensity="7.844690e-003" type="0"/>
    <Peak1D F1="4.504318" intensity="8.400325e-003" type="0"/>
    <Peak1D F1="4.433547" intensity="7.539904e-003" type="0"/>
    <Peak1D F1="4.424603" intensity="7.540112e-003" type="0"/>
    <Peak1D F1="4.388381" intensity="7.969197e-003" type="0"/>
    <Peak1D F1="4.311961" intensity="6.754353e-003" type="0"/>
    <Peak1D F1="4.277477" intensity="6.302447e-003" type="0"/>
    <Peak1D F1="4.234860" intensity="5.797758e-003" type="0"/>
    <Peak1D F1="4.197200" intensity="5.999326e-003" type="0"/>
    <Peak1D F1="4.172223" intensity="5.894255e-003" type="0"/>
    <Peak1D F1="4.079442" intensity="4.647325e-003" type="0"/>
    <Peak1D F1="4.015843" intensity="5.715855e-003" type="0"/>
    <Peak1D F1="3.993833" intensity="5.368764e-003" type="0"/>
    <Peak1D F1="3.980175" intensity="4.382857e-003" type="0"/>
    <Peak1D F1="3.969944" intensity="4.180727e-003" type="0"/>
    <Peak1D F1="3.957937" intensity="4.140598e-003" type="0"/>
    <Peak1D F1="3.929449" intensity="4.349472e-003" type="0"/>
    <Peak1D F1="3.905954" intensity="5.176251e-003" type="0"/>
    <Peak1D F1="3.887429" intensity="5.875555e-003" type="0"/>
    <Peak1D F1="3.869143" intensity="1.600627e-002" type="0"/>
    <Peak1D F1="3.854837" intensity="1.664756e-002" type="0"/>
    <Peak1D F1="3.845962" intensity="2.590069e-002" type="0"/>
    <Peak1D F1="3.833666" intensity="1.816943e-002" type="0"/>
    <Peak1D F1="3.824958" intensity="1.908874e-002" type="0"/>
    <Peak1D F1="3.803524" intensity="3.415229e-002" type="0"/>
    <Peak1D F1="3.789542" intensity="3.773877e-002" type="0"/>
    <Peak1D F1="3.779521" intensity="4.363048e-002" type="0"/>
    <Peak1D F1="3.751421" intensity="1.774767e-001" type="0"/>
    <Peak1D F1="3.741500" intensity="1.790376e-001" type="0"/>
    <Peak1D F1="3.738105" intensity="2.424816e-001" type="0"/>
    <Peak1D F1="3.728529" intensity="2.947481e-001" type="0"/>
    <Peak1D F1="3.724408" intensity="1.824298e-001" type="0"/>
    <Peak1D F1="3.717118" intensity="1.598675e-001" type="0"/>
    <Peak1D F1="3.709614" intensity="4.517644e-001" type="0"/>
    <Peak1D F1="3.701084" intensity="4.725342e-001" type="0"/>
    <Peak1D F1="3.691849" intensity="2.240973e+000" type="0"/>
    <Peak1D F1="3.677662" intensity="2.133493e+000" type="0"/>
    <Peak1D F1="3.667311" intensity="2.368401e+000" type="0"/>
    <Peak1D F1="3.655063" intensity="9.434216e-002" type="0"/>
    <Peak1D F1="3.646343" intensity="7.913317e-002" type="0"/>
    <Peak1D F1="3.642509" intensity="9.411010e-002" type="0"/>
    <Peak1D F1="3.627779" intensity="4.116949e-002" type="0"/>
    <Peak1D F1="3.617436" intensity="6.047085e-002" type="0"/>
    <Peak1D F1="3.603766" intensity="1.342355e-002" type="0"/>
    <Peak1D F1="3.595777" intensity="1.244816e-002" type="0"/>
    <Peak1D F1="3.545537" intensity="5.507341e-003" type="0"/>
    <Peak1D F1="3.509411" intensity="1.813542e-002" type="0"/>
    <Peak1D F1="3.495473" intensity="2.000304e-002" type="0"/>
    <Peak1D F1="3.485138" intensity="2.422258e-002" type="0"/>
    <Peak1D F1="3.457356" intensity="2.199217e-001" type="0"/>
    <Peak1D F1="3.445355" intensity="3.377557e-001" type="0"/>
    <Peak1D F1="3.437521" intensity="4.165488e-001" type="0"/>
    <Peak1D F1="3.407559" intensity="9.408768e-003" type="0"/>
    <Peak1D F1="3.395476" intensity="6.688545e-003" type="0"/>
    <Peak1D F1="3.387418" intensity="1.076975e-002" type="0"/>
    <Peak1D F1="3.325621" intensity="1.576308e-003" type="0"/>
    <Peak1D F1="3.275535" intensity="1.385582e-003" type="0"/>
    <Peak1D F1="3.263678" intensity="1.844042e-003" type="0"/>
    <Peak1D F1="3.255540" intensity="1.944308e-003" type="0"/>
    <Peak1D F1="3.135808" intensity="8.830469e-004" type="0"/>
    <Peak1D F1="2.954227" intensity="1.578722e-002" type="0"/>
    <Peak1D F1="2.946672" intensity="1.566762e-002" type="0"/>
    <Peak1D F1="2.936144" intensity="2.009309e-002" type="0"/>
    <Peak1D F1="2.928905" intensity="1.455127e-002" type="0"/>
    <Peak1D F1="2.918022" intensity="8.503796e-003" type="0"/>
    <Peak1D F1="2.744946" intensity="9.933851e-003" type="0"/>
    <Peak1D F1="2.528427" intensity="8.999010e-004" type="0"/>
    <Peak1D F1="2.396606" intensity="1.920345e-001" type="0"/>
    <Peak1D F1="2.374749" intensity="4.306690e-001" type="0"/>
    <Peak1D F1="2.368479" intensity="3.908703e-001" type="0"/>
    <Peak1D F1="2.353369" intensity="4.449347e-001" type="0"/>
    <Peak1D F1="2.347037" intensity="4.648727e-001" type="0"/>
    <Peak1D F1="2.328292" intensity="3.605642e-001" type="0"/>
    <Peak1D F1="2.304318" intensity="1.462226e-001" type="0"/>
    <Peak1D F1="2.248825" intensity="1.049651e-001" type="0"/>
    <Peak1D F1="2.244127" intensity="1.037548e-001" type="0"/>
    <Peak1D F1="2.233940" intensity="1.198977e-001" type="0"/>
    <Peak1D F1="2.225801" intensity="1.154781e-001" type="0"/>
    <Peak1D F1="2.212997" intensity="1.209388e-001" type="0"/>
    <Peak1D F1="2.206583" intensity="1.056563e-001" type="0"/>
    <Peak1D F1="2.185738" intensity="2.209101e-001" type="0"/>
    <Peak1D F1="2.180820" intensity="2.330765e-001" type="0"/>
    <Peak1D F1="2.163848" intensity="3.510321e-001" type="0"/>
    <Peak1D F1="2.158480" intensity="4.045295e-001" type="0"/>
    <Peak1D F1="2.154102" intensity="3.880226e-001" type="0"/>
    <Peak1D F1="2.138115" intensity="6.558225e-001" type="0"/>
    <Peak1D F1="2.131896" intensity="6.876549e-001" type="0"/>
    <Peak1D F1="2.088491" intensity="1.186298e+001" type="0"/>
    <Peak1D F1="2.081394" intensity="1.090090e+001" type="0"/>
    <Peak1D F1="2.073752" intensity="1.363197e+001" type="0"/>
    <Peak1D F1="2.071063" intensity="1.365256e+001" type="0"/>
    <Peak1D F1="2.064626" intensity="1.336561e+001" type="0"/>
    <Peak1D F1="2.057233" intensity="7.731469e+000" type="0"/>
    <Peak1D F1="2.046846" intensity="5.225306e+000" type="0"/>
    <Peak1D F1="2.046062" intensity="5.249173e+000" type="0"/>
    <Peak1D F1="2.021054" intensity="6.282763e-001" type="0"/>
    <Peak1D F1="2.015012" intensity="4.895050e-001" type="0"/>
    <Peak1D F1="1.995975" intensity="2.286566e-001" type="0"/>
    <Peak1D F1="1.985318" intensity="1.690454e-001" type="0"/>
    <Peak1D F1="1.962671" intensity="3.461000e-001" type="0"/>
    <Peak1D F1="1.942963" intensity="7.325972e-001" type="0"/>
    <Peak1D F1="1.927915" intensity="1.240702e+000" type="0"/>
    <Peak1D F1="1.912951" intensity="5.061670e+000" type="0"/>
    <Peak1D F1="1.900396" intensity="9.136714e+000" type="0"/>
    <Peak1D F1="1.893082" intensity="1.467202e+001" type="0"/>
    <Peak1D F1="1.881119" intensity="1.500000e+001" type="0"/>
    <Peak1D F1="1.872079" intensity="1.411444e+001" type="0"/>
    <Peak1D F1="1.862953" intensity="6.850356e+000" type="0"/>
    <Peak1D F1="1.852980" intensity="3.698215e+000" type="0"/>
    <Peak1D F1="1.822480" intensity="4.886511e-001" type="0"/>
    <Peak1D F1="1.814408" intensity="2.831541e-001" type="0"/>
    <Peak1D F1="1.803231" intensity="2.041016e-001" type="0"/>
    <Peak1D F1="1.762745" intensity="1.083922e-001" type="0"/>
    <Peak1D F1="1.733255" intensity="2.242608e-001" type="0"/>
    <Peak1D F1="1.728735" intensity="2.593803e-001" type="0"/>
    <Peak1D F1="1.713291" intensity="3.997168e-001" type="0"/>
    <Peak1D F1="1.708517" intensity="3.891272e-001" type="0"/>
    <Peak1D F1="1.694801" intensity="5.754093e-001" type="0"/>
    <Peak1D F1="1.689091" intensity="5.211678e-001" type="0"/>
    <Peak1D F1="1.674527" intensity="4.597411e-001" type="0"/>
    <Peak1D F1="1.669910" intensity="4.502746e-001" type="0"/>
    <Peak1D F1="1.665325" intensity="3.649443e-001" type="0"/>
    <Peak1D F1="1.658722" intensity="2.645004e-001" type="0"/>
    <Peak1D F1="1.653169" intensity="2.537623e-001" type="0"/>
    <Peak1D F1="1.643796" intensity="2.253107e-001" type="0"/>
    <Peak1D F1="1.637466" intensity="1.983208e-001" type="0"/>
    <Peak1D F1="1.632540" intensity="1.700122e-001" type="0"/>
    <Peak1D F1="1.622460" intensity="1.517258e-001" type="0"/>
    <Peak1D F1="1.616617" intensity="1.149684e-001" type="0"/>
    <Peak1D F1="1.610009" intensity="9.821036e-002" type="0"/>
    <Peak1D F1="1.601819" intensity="8.910119e-002" type="0"/>
    <Peak1D F1="1.584139" intensity="5.607890e-002" type="0"/>
    <Peak1D F1="1.567156" intensity="5.629823e-002" type="0"/>
    <Peak1D F1="1.557250" intensity="9.152504e-002" type="0"/>
    <Peak1D F1="1.548093" intensity="1.374015e-001" type="0"/>
    <Peak1D F1="1.542963" intensity="1.358154e-001" type="0"/>
    <Peak1D F1="1.537748" intensity="1.271585e-001" type="0"/>
    <Peak1D F1="1.528410" intensity="1.638693e-001" type="0"/>
    <Peak1D F1="1.518964" intensity="2.340798e-001" type="0"/>
    <Peak1D F1="1.514124" intensity="2.422220e-001" type="0"/>
    <Peak1D F1="1.502051" intensity="2.370538e-001" type="0"/>
    <Peak1D F1="1.499409" intensity="2.353143e-001" type="0"/>
    <Peak1D F1="1.490059" intensity="1.954153e-001" type="0"/>
    <Peak1D F1="1.485975" intensity="2.002127e-001" type="0"/>
    <Peak1D F1="1.473010" intensity="1.698692e-001" type="0"/>
    <Peak1D F1="1.458476" intensity="7.845237e-002" type="0"/>
    <Peak1D F1="1.449638" intensity="6.851339e-002" type="0"/>
    <Peak1D F1="1.438808" intensity="5.117161e-002" type="0"/>
    <Peak1D F1="1.421427" intensity="2.578158e-002" type="0"/>
    <Peak1D F1="1.399834" intensity="2.037018e-002" type="0"/>
    <Peak1D F1="1.343183" intensity="1.573347e-002" type="0"/>
    <Peak1D F1="1.320687" intensity="1.426872e-002" type="0"/>
    <Peak1D F1="1.304747" intensity="1.412007e-002" type="0"/>
    <Peak1D F1="1.294245" intensity="1.406287e-002" type="0"/>
    <Peak1D F1="1.275780" intensity="1.331119e-002" type="0"/>
    <Peak1D F1="1.186425" intensity="4.657640e-002" type="0"/>
    <Peak1D F1="1.174419" intensity="5.242290e-002" type="0"/>
    <Peak1D F1="1.146197" intensity="2.071414e-002" type="0"/>
    <Peak1D F1="1.137527" intensity="1.982786e-002" type="0"/>
    <Peak1D F1="1.102888" intensity="8.743559e-003" type="0"/>
    <Peak1D F1="1.063405" intensity="6.306802e-003" type="0"/>
    <Peak1D F1="1.043469" intensity="6.926678e-003" type="0"/>
    <Peak1D F1="1.025383" intensity="7.240674e-003" type="0"/>
    <Peak1D F1="1.019814" intensity="7.411921e-003" type="0"/>
    <Peak1D F1="1.011720" intensity="6.706171e-003" type="0"/>
    <Peak1D F1="1.002502" intensity="6.642323e-003" type="0"/>
    <Peak1D F1="0.956073" intensity="5.252239e-003" type="0"/>
    <Peak1D F1="0.897838" intensity="4.181813e-003" type="0"/>
    <Peak1D F1="0.890944" intensity="4.275552e-003" type="0"/>
    <Peak1D F1="0.882339" intensity="4.411455e-003" type="0"/>
    <Peak1D F1="0.866676" intensity="4.554130e-003" type="0"/>
    <Peak1D F1="0.807171" intensity="2.878030e-002" type="0"/>
    <Peak1D F1="0.801401" intensity="2.560579e-002" type="0"/>
    <Peak1D F1="0.793717" intensity="3.026914e-002" type="0"/>
    <Peak1D F1="0.784503" intensity="3.113430e-002" type="0"/>
    <Peak1D F1="0.776502" intensity="1.795773e-002" type="0"/>
    <Peak1D F1="0.767084" intensity="1.564939e-002" type="0"/>
    <Peak1D F1="0.740126" intensity="8.283017e-003" type="0"/>
    <Peak1D F1="0.698889" intensity="3.413443e-003" type="0"/>
    <Peak1D F1="0.634415" intensity="2.259825e-003" type="0"/>
    <Peak1D F1="0.597666" intensity="2.178768e-003" type="0"/>
    <Peak1D F1="0.585694" intensity="2.102865e-003" type="0"/>
    <Peak1D F1="0.576879" intensity="1.804902e-003" type="0"/>
    <Peak1D F1="0.569279" intensity="1.834580e-003" type="0"/>
    <Peak1D F1="0.548219" intensity="1.475877e-003" type="0"/>
    <Peak1D F1="0.508173" intensity="1.572169e-003" type="0"/>
    <Peak1D F1="0.483615" intensity="1.750135e-003" type="0"/>
    <Peak1D F1="0.453201" intensity="1.515125e-003" type="0"/>
    <Peak1D F1="0.404131" intensity="1.520674e-003" type="0"/>
    <Peak1D F1="0.370702" intensity="1.496696e-003" type="0"/>
    <Peak1D F1="0.360440" intensity="1.075562e-003" type="0"/>
    <Peak1D F1="0.317403" intensity="1.000672e-003" type="0"/>
    <Peak1D F1="0.306768" intensity="1.103504e-003" type="0"/>
    <Peak1D F1="0.278339" intensity="1.293702e-003" type="0"/>
    <Peak1D F1="0.228762" intensity="1.158410e-003" type="0"/>
    <Peak1D F1="0.214393" intensity="1.309449e-003" type="0"/>
    <Peak1D F1="0.209522" intensity="1.261732e-003" type="0"/>
    <Peak1D F1="0.186711" intensity="2.732012e-003" type="0"/>
    <Peak1D F1="0.175144" intensity="3.095049e-003" type="0"/>
    <Peak1D F1="0.167410" intensity="3.817985e-003" type="0"/>
    <Peak1D F1="0.155628" intensity="1.546173e-003" type="0"/>
    <Peak1D F1="0.138005" intensity="1.272571e-003" type="0"/>
    <Peak1D F1="0.112209" intensity="9.813410e-004" type="0"/>
    <Peak1D F1="0.080936" intensity="2.205025e-003" type="0"/>
    <Peak1D F1="0.068097" intensity="3.348774e-003" type="0"/>
    <Peak1D F1="0.059276" intensity="5.104410e-003" type="0"/>
    <Peak1D F1="0.042385" intensity="4.149123e-003" type="0"/>
    <Peak1D F1="0.010993" intensity="7.319655e-002" type="0"/>
    <Peak1D F1="-0.000151" intensity="9.169777e-002" type="0"/>
    <Peak1D F1="-0.007073" intensity="8.848647e-002" type="0"/>
    <Peak1D F1="-0.029401" intensity="3.098674e-003" type="0"/>
    <Peak1D F1="-0.038662" intensity="3.565753e-003" type="0"/>
    <Peak1D F1="-0.057057" intensity="1.973558e-003" type="0"/>
    <Peak1D F1="-3.272661" intensity="8.463090e-004" type="0"/>
  </PeakList1D>
</PeakList>
