<?xml version="1.0" encoding="UTF-8"?>
<PeakList>
  <PeakList1D>
    <PeakList1DHeader creator="nmr" date="2021-10-21T08:55:09.106+03:00" expNo="10" name="ID_447_A" owner="" procNo="1" source="//132.72.8.180/400b/Milo/Milo">
      <PeakPickDetails>F1=16.112921ppm, F2=-3.916125ppm, MI=0.00cm, MAXI=10000.00cm, PC=1.000
      </PeakPickDetails>
    </PeakList1DHeader>
    <Peak1D F1="15.893976" intensity="1.012457e-003" type="0"/>
    <Peak1D F1="14.632927" intensity="1.212853e-003" type="0"/>
    <Peak1D F1="14.015902" intensity="1.187492e-003" type="0"/>
    <Peak1D F1="11.901121" intensity="1.010190e-003" type="0"/>
    <Peak1D F1="10.355867" intensity="1.467980e-003" type="0"/>
    <Peak1D F1="10.303247" intensity="2.476728e-002" type="0"/>
    <Peak1D F1="10.132525" intensity="8.110204e-002" type="0"/>
    <Peak1D F1="10.113364" intensity="4.017281e-002" type="0"/>
    <Peak1D F1="10.082553" intensity="4.345459e+000" type="0"/>
    <Peak1D F1="10.050530" intensity="2.639085e-002" type="0"/>
    <Peak1D F1="10.032540" intensity="6.903483e-002" type="0"/>
    <Peak1D F1="9.855932" intensity="2.315837e-002" type="0"/>
    <Peak1D F1="8.920920" intensity="9.844358e-004" type="0"/>
    <Peak1D F1="8.844257" intensity="1.049290e-003" type="0"/>
    <Peak1D F1="8.767583" intensity="1.248929e-003" type="0"/>
    <Peak1D F1="8.759290" intensity="1.475804e-003" type="0"/>
    <Peak1D F1="8.710574" intensity="1.238658e-003" type="0"/>
    <Peak1D F1="8.693508" intensity="1.269968e-003" type="0"/>
    <Peak1D F1="8.677249" intensity="1.570255e-003" type="0"/>
    <Peak1D F1="8.660309" intensity="1.526658e-003" type="0"/>
    <Peak1D F1="8.648248" intensity="1.780178e-003" type="0"/>
    <Peak1D F1="8.542429" intensity="1.168891e-002" type="0"/>
    <Peak1D F1="8.536944" intensity="1.204981e-002" type="0"/>
    <Peak1D F1="8.520041" intensity="1.376361e-002" type="0"/>
    <Peak1D F1="8.515955" intensity="1.229907e-002" type="0"/>
    <Peak1D F1="8.464738" intensity="6.121889e-003" type="0"/>
    <Peak1D F1="8.377761" intensity="6.762721e-002" type="0"/>
    <Peak1D F1="8.355941" intensity="9.018084e-002" type="0"/>
    <Peak1D F1="8.327701" intensity="2.937542e+000" type="0"/>
    <Peak1D F1="8.305968" intensity="3.391170e+000" type="0"/>
    <Peak1D F1="8.277851" intensity="8.712462e-002" type="0"/>
    <Peak1D F1="8.256016" intensity="7.529011e-002" type="0"/>
    <Peak1D F1="8.223134" intensity="3.015070e-002" type="0"/>
    <Peak1D F1="8.218760" intensity="3.318293e-002" type="0"/>
    <Peak1D F1="8.206137" intensity="5.414128e-002" type="0"/>
    <Peak1D F1="8.200064" intensity="4.023203e-002" type="0"/>
    <Peak1D F1="8.188728" intensity="5.781363e-002" type="0"/>
    <Peak1D F1="8.184769" intensity="6.653685e-002" type="0"/>
    <Peak1D F1="8.166946" intensity="5.106554e-002" type="0"/>
    <Peak1D F1="8.158810" intensity="4.334823e-002" type="0"/>
    <Peak1D F1="8.138567" intensity="1.113095e+000" type="0"/>
    <Peak1D F1="8.134124" intensity="4.204346e-001" type="0"/>
    <Peak1D F1="8.126129" intensity="1.976019e-001" type="0"/>
    <Peak1D F1="8.121140" intensity="4.543459e-001" type="0"/>
    <Peak1D F1="8.116774" intensity="1.193725e+000" type="0"/>
    <Peak1D F1="8.110804" intensity="2.293731e-001" type="0"/>
    <Peak1D F1="8.097772" intensity="4.597433e-002" type="0"/>
    <Peak1D F1="8.088622" intensity="5.782857e-002" type="0"/>
    <Peak1D F1="8.065256" intensity="1.003463e-001" type="0"/>
    <Peak1D F1="8.043318" intensity="9.566620e-002" type="0"/>
    <Peak1D F1="8.019917" intensity="6.628122e-001" type="0"/>
    <Peak1D F1="8.015095" intensity="3.714667e+000" type="0"/>
    <Peak1D F1="8.010736" intensity="1.199218e+000" type="0"/>
    <Peak1D F1="7.997801" intensity="1.382017e+000" type="0"/>
    <Peak1D F1="7.993630" intensity="3.370830e+000" type="0"/>
    <Peak1D F1="7.988877" intensity="5.772219e-001" type="0"/>
    <Peak1D F1="7.965067" intensity="7.547518e-002" type="0"/>
    <Peak1D F1="7.952492" intensity="5.080521e-002" type="0"/>
    <Peak1D F1="7.948123" intensity="5.291662e-002" type="0"/>
    <Peak1D F1="7.943508" intensity="7.726020e-002" type="0"/>
    <Peak1D F1="7.930272" intensity="1.549458e-001" type="0"/>
    <Peak1D F1="7.911391" intensity="1.530191e-001" type="0"/>
    <Peak1D F1="7.860521" intensity="3.893116e-003" type="0"/>
    <Peak1D F1="7.820248" intensity="1.507887e-003" type="0"/>
    <Peak1D F1="7.804668" intensity="1.568096e-002" type="0"/>
    <Peak1D F1="7.798673" intensity="6.055263e-003" type="0"/>
    <Peak1D F1="7.786656" intensity="1.418329e-002" type="0"/>
    <Peak1D F1="7.781044" intensity="1.220929e-002" type="0"/>
    <Peak1D F1="7.706548" intensity="3.081704e-002" type="0"/>
    <Peak1D F1="7.679115" intensity="2.290441e-002" type="0"/>
    <Peak1D F1="7.651529" intensity="2.318604e-002" type="0"/>
    <Peak1D F1="7.637615" intensity="4.000434e-002" type="0"/>
    <Peak1D F1="7.619096" intensity="1.598365e-001" type="0"/>
    <Peak1D F1="7.600106" intensity="1.545826e-001" type="0"/>
    <Peak1D F1="7.551465" intensity="5.905025e-002" type="0"/>
    <Peak1D F1="7.529378" intensity="6.200788e-002" type="0"/>
    <Peak1D F1="7.520433" intensity="1.056784e-001" type="0"/>
    <Peak1D F1="7.498466" intensity="9.600845e-002" type="0"/>
    <Peak1D F1="7.473714" intensity="1.110490e+000" type="0"/>
    <Peak1D F1="7.451778" intensity="1.052519e+000" type="0"/>
    <Peak1D F1="7.445807" intensity="2.042435e-001" type="0"/>
    <Peak1D F1="7.439320" intensity="1.863308e-001" type="0"/>
    <Peak1D F1="7.419027" intensity="1.886774e-001" type="0"/>
    <Peak1D F1="7.400559" intensity="9.506592e-002" type="0"/>
    <Peak1D F1="7.371456" intensity="8.590430e-003" type="0"/>
    <Peak1D F1="7.349773" intensity="7.460651e-003" type="0"/>
    <Peak1D F1="7.329078" intensity="7.332447e-003" type="0"/>
    <Peak1D F1="7.310572" intensity="8.115051e-003" type="0"/>
    <Peak1D F1="7.291150" intensity="4.904257e-003" type="0"/>
    <Peak1D F1="7.269757" intensity="9.546857e-003" type="0"/>
    <Peak1D F1="7.257411" intensity="4.139717e-002" type="0"/>
    <Peak1D F1="7.236869" intensity="1.056428e-002" type="0"/>
    <Peak1D F1="7.207448" intensity="2.195675e+000" type="0"/>
    <Peak1D F1="7.172245" intensity="1.855587e-003" type="0"/>
    <Peak1D F1="7.157445" intensity="3.290632e-002" type="0"/>
    <Peak1D F1="7.061830" intensity="1.171183e-003" type="0"/>
    <Peak1D F1="7.000986" intensity="2.009368e-003" type="0"/>
    <Peak1D F1="6.956053" intensity="1.600807e-003" type="0"/>
    <Peak1D F1="6.943033" intensity="1.084573e-002" type="0"/>
    <Peak1D F1="6.850037" intensity="3.589841e-003" type="0"/>
    <Peak1D F1="6.840853" intensity="3.567227e-003" type="0"/>
    <Peak1D F1="6.453363" intensity="1.043348e-003" type="0"/>
    <Peak1D F1="6.397418" intensity="1.323580e-003" type="0"/>
    <Peak1D F1="6.322469" intensity="1.290208e-003" type="0"/>
    <Peak1D F1="6.279113" intensity="1.259309e-003" type="0"/>
    <Peak1D F1="6.230797" intensity="2.731690e-003" type="0"/>
    <Peak1D F1="6.203040" intensity="9.469735e-003" type="0"/>
    <Peak1D F1="6.197609" intensity="1.575092e-002" type="0"/>
    <Peak1D F1="6.192562" intensity="9.532878e-003" type="0"/>
    <Peak1D F1="6.158896" intensity="2.854718e-003" type="0"/>
    <Peak1D F1="6.104127" intensity="1.071404e-002" type="0"/>
    <Peak1D F1="6.087770" intensity="8.403716e-003" type="0"/>
    <Peak1D F1="6.064309" intensity="2.202171e-002" type="0"/>
    <Peak1D F1="6.058495" intensity="2.216198e-002" type="0"/>
    <Peak1D F1="6.048973" intensity="9.757918e-002" type="0"/>
    <Peak1D F1="6.036947" intensity="1.677809e-002" type="0"/>
    <Peak1D F1="5.999060" intensity="5.252769e+000" type="0"/>
    <Peak1D F1="5.963808" intensity="1.307396e-002" type="0"/>
    <Peak1D F1="5.948993" intensity="9.228258e-002" type="0"/>
    <Peak1D F1="5.939715" intensity="4.268220e-002" type="0"/>
    <Peak1D F1="5.927343" intensity="4.159969e-002" type="0"/>
    <Peak1D F1="5.898414" intensity="1.151425e-002" type="0"/>
    <Peak1D F1="5.862111" intensity="1.387468e-002" type="0"/>
    <Peak1D F1="5.802666" intensity="2.325287e-002" type="0"/>
    <Peak1D F1="5.797370" intensity="2.895343e-002" type="0"/>
    <Peak1D F1="5.791769" intensity="2.185538e-002" type="0"/>
    <Peak1D F1="5.774598" intensity="1.574130e-002" type="0"/>
    <Peak1D F1="5.669976" intensity="1.074267e-002" type="0"/>
    <Peak1D F1="5.643676" intensity="9.547836e-003" type="0"/>
    <Peak1D F1="5.579667" intensity="6.135421e-003" type="0"/>
    <Peak1D F1="5.568363" intensity="5.770395e-003" type="0"/>
    <Peak1D F1="5.532233" intensity="5.098929e-003" type="0"/>
    <Peak1D F1="5.501868" intensity="5.777561e-003" type="0"/>
    <Peak1D F1="5.481036" intensity="4.410268e-003" type="0"/>
    <Peak1D F1="5.468115" intensity="4.110334e-003" type="0"/>
    <Peak1D F1="5.418704" intensity="2.885612e-002" type="0"/>
    <Peak1D F1="5.400019" intensity="3.131517e-003" type="0"/>
    <Peak1D F1="5.381513" intensity="3.551536e-003" type="0"/>
    <Peak1D F1="5.369798" intensity="3.865794e-003" type="0"/>
    <Peak1D F1="5.348773" intensity="2.760746e-002" type="0"/>
    <Peak1D F1="5.342144" intensity="2.706659e-002" type="0"/>
    <Peak1D F1="5.282897" intensity="2.959419e-003" type="0"/>
    <Peak1D F1="5.266565" intensity="2.875105e-003" type="0"/>
    <Peak1D F1="5.245334" intensity="1.715989e-003" type="0"/>
    <Peak1D F1="5.212394" intensity="3.882055e-003" type="0"/>
    <Peak1D F1="5.202862" intensity="2.171768e-003" type="0"/>
    <Peak1D F1="5.182447" intensity="1.816184e-003" type="0"/>
    <Peak1D F1="5.168277" intensity="1.870375e-003" type="0"/>
    <Peak1D F1="5.128950" intensity="1.386542e-003" type="0"/>
    <Peak1D F1="5.101958" intensity="1.266957e-003" type="0"/>
    <Peak1D F1="5.079881" intensity="1.376192e-003" type="0"/>
    <Peak1D F1="5.052486" intensity="2.894087e-003" type="0"/>
    <Peak1D F1="5.044409" intensity="2.625445e-003" type="0"/>
    <Peak1D F1="5.012064" intensity="2.230926e-003" type="0"/>
    <Peak1D F1="4.980421" intensity="3.981030e-003" type="0"/>
    <Peak1D F1="4.957413" intensity="4.090144e-003" type="0"/>
    <Peak1D F1="4.944184" intensity="1.945272e-003" type="0"/>
    <Peak1D F1="4.917875" intensity="3.819657e-003" type="0"/>
    <Peak1D F1="4.896600" intensity="5.678537e-003" type="0"/>
    <Peak1D F1="4.881246" intensity="5.736082e-003" type="0"/>
    <Peak1D F1="4.868247" intensity="5.925656e-003" type="0"/>
    <Peak1D F1="4.850797" intensity="1.411292e-002" type="0"/>
    <Peak1D F1="4.827883" intensity="1.733355e-002" type="0"/>
    <Peak1D F1="4.800417" intensity="5.667310e-001" type="0"/>
    <Peak1D F1="4.777936" intensity="5.754797e-001" type="0"/>
    <Peak1D F1="4.750479" intensity="3.270504e-002" type="0"/>
    <Peak1D F1="4.708731" intensity="1.437198e-001" type="0"/>
    <Peak1D F1="4.617451" intensity="1.017113e-002" type="0"/>
    <Peak1D F1="4.594388" intensity="6.538657e-003" type="0"/>
    <Peak1D F1="4.541087" intensity="3.518493e-003" type="0"/>
    <Peak1D F1="4.517112" intensity="3.387575e-003" type="0"/>
    <Peak1D F1="4.502230" intensity="1.806543e-003" type="0"/>
    <Peak1D F1="4.473879" intensity="1.422215e-003" type="0"/>
    <Peak1D F1="4.435636" intensity="1.507686e-003" type="0"/>
    <Peak1D F1="4.374900" intensity="9.812139e-004" type="0"/>
    <Peak1D F1="4.342834" intensity="1.182088e-003" type="0"/>
    <Peak1D F1="4.310341" intensity="1.331685e-003" type="0"/>
    <Peak1D F1="4.276119" intensity="1.180146e-003" type="0"/>
    <Peak1D F1="4.147954" intensity="1.165552e-003" type="0"/>
    <Peak1D F1="4.132430" intensity="1.200993e-003" type="0"/>
    <Peak1D F1="4.106795" intensity="1.586959e-003" type="0"/>
    <Peak1D F1="4.098749" intensity="1.137065e-003" type="0"/>
    <Peak1D F1="4.070671" intensity="1.479061e-003" type="0"/>
    <Peak1D F1="4.054531" intensity="1.773741e-003" type="0"/>
    <Peak1D F1="4.032907" intensity="2.658320e-003" type="0"/>
    <Peak1D F1="4.017517" intensity="1.453330e-003" type="0"/>
    <Peak1D F1="3.949474" intensity="2.757768e-003" type="0"/>
    <Peak1D F1="3.913285" intensity="3.548925e-003" type="0"/>
    <Peak1D F1="3.890861" intensity="2.485866e-003" type="0"/>
    <Peak1D F1="3.863243" intensity="8.495765e-002" type="0"/>
    <Peak1D F1="3.845670" intensity="4.369462e-003" type="0"/>
    <Peak1D F1="3.835712" intensity="4.801724e-003" type="0"/>
    <Peak1D F1="3.813217" intensity="7.393875e-003" type="0"/>
    <Peak1D F1="3.795227" intensity="2.051830e-002" type="0"/>
    <Peak1D F1="3.786334" intensity="1.415176e-002" type="0"/>
    <Peak1D F1="3.763534" intensity="1.868425e-002" type="0"/>
    <Peak1D F1="3.735639" intensity="2.884360e-001" type="0"/>
    <Peak1D F1="3.724008" intensity="3.774640e-002" type="0"/>
    <Peak1D F1="3.685807" intensity="1.500000e+001" type="0"/>
    <Peak1D F1="3.650376" intensity="2.759668e-002" type="0"/>
    <Peak1D F1="3.635704" intensity="2.597158e-001" type="0"/>
    <Peak1D F1="3.612406" intensity="4.601509e-003" type="0"/>
    <Peak1D F1="3.601170" intensity="2.066116e-003" type="0"/>
    <Peak1D F1="3.584723" intensity="3.812878e-003" type="0"/>
    <Peak1D F1="3.563148" intensity="2.464378e-003" type="0"/>
    <Peak1D F1="3.554038" intensity="2.823596e-003" type="0"/>
    <Peak1D F1="3.543416" intensity="1.623709e-003" type="0"/>
    <Peak1D F1="3.536949" intensity="2.406346e-003" type="0"/>
    <Peak1D F1="3.529558" intensity="1.696563e-003" type="0"/>
    <Peak1D F1="3.519042" intensity="2.317537e-003" type="0"/>
    <Peak1D F1="3.503508" intensity="8.301681e-002" type="0"/>
    <Peak1D F1="3.485909" intensity="2.863421e-003" type="0"/>
    <Peak1D F1="3.470500" intensity="1.351402e-003" type="0"/>
    <Peak1D F1="3.463179" intensity="1.420987e-003" type="0"/>
    <Peak1D F1="3.447488" intensity="7.354746e-003" type="0"/>
    <Peak1D F1="3.415601" intensity="9.829493e-004" type="0"/>
    <Peak1D F1="3.228675" intensity="1.378955e-003" type="0"/>
    <Peak1D F1="3.180102" intensity="2.037601e-003" type="0"/>
    <Peak1D F1="3.126158" intensity="4.455332e-003" type="0"/>
    <Peak1D F1="3.097302" intensity="2.616370e-003" type="0"/>
    <Peak1D F1="3.073815" intensity="2.509782e-003" type="0"/>
    <Peak1D F1="3.027502" intensity="2.520645e-003" type="0"/>
    <Peak1D F1="3.008556" intensity="3.446734e-003" type="0"/>
    <Peak1D F1="2.955532" intensity="8.893929e-003" type="0"/>
    <Peak1D F1="2.937389" intensity="7.881076e-003" type="0"/>
    <Peak1D F1="2.912317" intensity="6.247897e-003" type="0"/>
    <Peak1D F1="2.867351" intensity="4.828994e-003" type="0"/>
    <Peak1D F1="2.850264" intensity="4.568468e-003" type="0"/>
    <Peak1D F1="2.816290" intensity="4.860878e-003" type="0"/>
    <Peak1D F1="2.800655" intensity="1.093034e-002" type="0"/>
    <Peak1D F1="2.786350" intensity="1.033946e-002" type="0"/>
    <Peak1D F1="2.774831" intensity="1.395888e-002" type="0"/>
    <Peak1D F1="2.764910" intensity="1.279655e-002" type="0"/>
    <Peak1D F1="2.753183" intensity="1.144039e-002" type="0"/>
    <Peak1D F1="2.740189" intensity="1.074772e-002" type="0"/>
    <Peak1D F1="2.711169" intensity="4.056991e-003" type="0"/>
    <Peak1D F1="2.691263" intensity="4.557823e-003" type="0"/>
    <Peak1D F1="2.627600" intensity="6.983054e-003" type="0"/>
    <Peak1D F1="2.609689" intensity="5.516907e-003" type="0"/>
    <Peak1D F1="2.596243" intensity="5.981095e-003" type="0"/>
    <Peak1D F1="2.583005" intensity="5.847927e-003" type="0"/>
    <Peak1D F1="2.566854" intensity="6.806644e-003" type="0"/>
    <Peak1D F1="2.539556" intensity="6.215946e-003" type="0"/>
    <Peak1D F1="2.485716" intensity="8.953044e-003" type="0"/>
    <Peak1D F1="2.464612" intensity="1.197448e-002" type="0"/>
    <Peak1D F1="2.421659" intensity="9.961388e-002" type="0"/>
    <Peak1D F1="2.416105" intensity="1.023708e-001" type="0"/>
    <Peak1D F1="2.401830" intensity="1.114571e-001" type="0"/>
    <Peak1D F1="2.396194" intensity="1.135671e-001" type="0"/>
    <Peak1D F1="2.372869" intensity="1.688538e-001" type="0"/>
    <Peak1D F1="2.368974" intensity="1.664298e-001" type="0"/>
    <Peak1D F1="2.363930" intensity="2.066677e-001" type="0"/>
    <Peak1D F1="2.358718" intensity="1.773929e-001" type="0"/>
    <Peak1D F1="2.348081" intensity="2.107058e-001" type="0"/>
    <Peak1D F1="2.342120" intensity="2.528059e-001" type="0"/>
    <Peak1D F1="2.332415" intensity="1.241227e-001" type="0"/>
    <Peak1D F1="2.329098" intensity="1.273037e-001" type="0"/>
    <Peak1D F1="2.319742" intensity="1.433444e-001" type="0"/>
    <Peak1D F1="2.317445" intensity="1.395601e-001" type="0"/>
    <Peak1D F1="2.309812" intensity="1.874588e-001" type="0"/>
    <Peak1D F1="2.290167" intensity="1.211833e-001" type="0"/>
    <Peak1D F1="2.272008" intensity="4.491090e-002" type="0"/>
    <Peak1D F1="2.251393" intensity="6.407464e-002" type="0"/>
    <Peak1D F1="2.236511" intensity="1.980723e-001" type="0"/>
    <Peak1D F1="2.228641" intensity="5.776495e-002" type="0"/>
    <Peak1D F1="2.222346" intensity="6.112051e-002" type="0"/>
    <Peak1D F1="2.214349" intensity="2.183166e-001" type="0"/>
    <Peak1D F1="2.210175" intensity="2.439080e-001" type="0"/>
    <Peak1D F1="2.197273" intensity="6.595429e-002" type="0"/>
    <Peak1D F1="2.187711" intensity="3.003608e-001" type="0"/>
    <Peak1D F1="2.165958" intensity="1.937591e-001" type="0"/>
    <Peak1D F1="2.161560" intensity="2.028512e-001" type="0"/>
    <Peak1D F1="2.139637" intensity="3.126527e-001" type="0"/>
    <Peak1D F1="2.110405" intensity="2.237627e+000" type="0"/>
    <Peak1D F1="2.090717" intensity="6.836518e+000" type="0"/>
    <Peak1D F1="2.079069" intensity="1.840646e+000" type="0"/>
    <Peak1D F1="2.071864" intensity="3.451939e+000" type="0"/>
    <Peak1D F1="2.056483" intensity="2.102398e-001" type="0"/>
    <Peak1D F1="2.050479" intensity="1.851603e-001" type="0"/>
    <Peak1D F1="2.045376" intensity="1.886324e-001" type="0"/>
    <Peak1D F1="2.041016" intensity="2.150041e-001" type="0"/>
    <Peak1D F1="2.021965" intensity="9.775141e-002" type="0"/>
    <Peak1D F1="2.014217" intensity="5.774945e-002" type="0"/>
    <Peak1D F1="2.006247" intensity="4.277890e-002" type="0"/>
    <Peak1D F1="1.995171" intensity="6.086962e-002" type="0"/>
    <Peak1D F1="1.972689" intensity="1.484804e-001" type="0"/>
    <Peak1D F1="1.955321" intensity="2.203871e-001" type="0"/>
    <Peak1D F1="1.951572" intensity="2.392051e-001" type="0"/>
    <Peak1D F1="1.945210" intensity="2.662188e-001" type="0"/>
    <Peak1D F1="1.941261" intensity="2.907520e-001" type="0"/>
    <Peak1D F1="1.935158" intensity="3.682520e-001" type="0"/>
    <Peak1D F1="1.923328" intensity="4.979365e-001" type="0"/>
    <Peak1D F1="1.919301" intensity="5.489541e-001" type="0"/>
    <Peak1D F1="1.915198" intensity="5.093566e-001" type="0"/>
    <Peak1D F1="1.904482" intensity="3.529814e+000" type="0"/>
    <Peak1D F1="1.893377" intensity="2.990362e+000" type="0"/>
    <Peak1D F1="1.884902" intensity="7.042064e+000" type="0"/>
    <Peak1D F1="1.876305" intensity="2.572985e+000" type="0"/>
    <Peak1D F1="1.874361" intensity="2.678021e+000" type="0"/>
    <Peak1D F1="1.865465" intensity="2.280560e+000" type="0"/>
    <Peak1D F1="1.853452" intensity="3.236434e-001" type="0"/>
    <Peak1D F1="1.843243" intensity="2.105388e-001" type="0"/>
    <Peak1D F1="1.835154" intensity="2.018422e-001" type="0"/>
    <Peak1D F1="1.827295" intensity="1.103145e-001" type="0"/>
    <Peak1D F1="1.815481" intensity="9.680416e-002" type="0"/>
    <Peak1D F1="1.805190" intensity="6.072344e-002" type="0"/>
    <Peak1D F1="1.788948" intensity="5.516531e-002" type="0"/>
    <Peak1D F1="1.784218" intensity="5.354190e-002" type="0"/>
    <Peak1D F1="1.767111" intensity="4.417089e-002" type="0"/>
    <Peak1D F1="1.753433" intensity="4.346527e-002" type="0"/>
    <Peak1D F1="1.739202" intensity="7.527680e-002" type="0"/>
    <Peak1D F1="1.723357" intensity="9.824681e-002" type="0"/>
    <Peak1D F1="1.718036" intensity="1.080135e-001" type="0"/>
    <Peak1D F1="1.711411" intensity="1.044614e-001" type="0"/>
    <Peak1D F1="1.702222" intensity="1.159143e-001" type="0"/>
    <Peak1D F1="1.695710" intensity="2.063262e-001" type="0"/>
    <Peak1D F1="1.691363" intensity="1.801856e-001" type="0"/>
    <Peak1D F1="1.678135" intensity="2.567017e-001" type="0"/>
    <Peak1D F1="1.674819" intensity="2.641353e-001" type="0"/>
    <Peak1D F1="1.669615" intensity="2.792566e-001" type="0"/>
    <Peak1D F1="1.657079" intensity="2.977946e-001" type="0"/>
    <Peak1D F1="1.647338" intensity="1.906659e-001" type="0"/>
    <Peak1D F1="1.643547" intensity="2.126160e-001" type="0"/>
    <Peak1D F1="1.638950" intensity="2.192667e-001" type="0"/>
    <Peak1D F1="1.626904" intensity="1.286135e-001" type="0"/>
    <Peak1D F1="1.611508" intensity="6.109898e-002" type="0"/>
    <Peak1D F1="1.600348" intensity="2.505354e-002" type="0"/>
    <Peak1D F1="1.589906" intensity="2.706218e-002" type="0"/>
    <Peak1D F1="1.573559" intensity="2.336700e-002" type="0"/>
    <Peak1D F1="1.568830" intensity="2.120668e-002" type="0"/>
    <Peak1D F1="1.559639" intensity="2.333027e-002" type="0"/>
    <Peak1D F1="1.542951" intensity="3.354320e-002" type="0"/>
    <Peak1D F1="1.534491" intensity="7.998394e-002" type="0"/>
    <Peak1D F1="1.518214" intensity="7.052334e-002" type="0"/>
    <Peak1D F1="1.499993" intensity="1.675777e-001" type="0"/>
    <Peak1D F1="1.482882" intensity="2.066164e-001" type="0"/>
    <Peak1D F1="1.470042" intensity="1.470604e-001" type="0"/>
    <Peak1D F1="1.453199" intensity="1.512949e-001" type="0"/>
    <Peak1D F1="1.435067" intensity="5.106494e-002" type="0"/>
    <Peak1D F1="1.423998" intensity="3.977609e-002" type="0"/>
    <Peak1D F1="1.371976" intensity="5.870122e-003" type="0"/>
    <Peak1D F1="1.340604" intensity="5.425761e-003" type="0"/>
    <Peak1D F1="1.321341" intensity="5.097077e-003" type="0"/>
    <Peak1D F1="1.314936" intensity="4.496347e-003" type="0"/>
    <Peak1D F1="1.293041" intensity="4.615224e-003" type="0"/>
    <Peak1D F1="1.273109" intensity="5.408474e-003" type="0"/>
    <Peak1D F1="1.256881" intensity="7.635651e-003" type="0"/>
    <Peak1D F1="1.218714" intensity="1.001516e-002" type="0"/>
    <Peak1D F1="1.204268" intensity="1.091675e-002" type="0"/>
    <Peak1D F1="1.195371" intensity="1.450838e-002" type="0"/>
    <Peak1D F1="1.176838" intensity="5.020729e-002" type="0"/>
    <Peak1D F1="1.162397" intensity="1.452252e-002" type="0"/>
    <Peak1D F1="1.146598" intensity="9.138471e-003" type="0"/>
    <Peak1D F1="1.128661" intensity="4.831307e-003" type="0"/>
    <Peak1D F1="1.038407" intensity="3.976251e-003" type="0"/>
    <Peak1D F1="1.020748" intensity="2.845723e-003" type="0"/>
    <Peak1D F1="1.005659" intensity="1.865154e-003" type="0"/>
    <Peak1D F1="0.950023" intensity="1.619023e-003" type="0"/>
    <Peak1D F1="0.854469" intensity="1.399089e-003" type="0"/>
    <Peak1D F1="0.842251" intensity="1.817021e-003" type="0"/>
    <Peak1D F1="0.813727" intensity="5.367768e-003" type="0"/>
    <Peak1D F1="0.797863" intensity="9.583405e-003" type="0"/>
    <Peak1D F1="0.772393" intensity="1.105259e-002" type="0"/>
    <Peak1D F1="0.753609" intensity="1.179986e-002" type="0"/>
    <Peak1D F1="0.734378" intensity="6.956843e-003" type="0"/>
    <Peak1D F1="0.715720" intensity="2.386674e-003" type="0"/>
    <Peak1D F1="0.696411" intensity="1.027166e-003" type="0"/>
    <Peak1D F1="0.569508" intensity="1.009376e-003" type="0"/>
    <Peak1D F1="0.145396" intensity="1.122337e-003" type="0"/>
    <Peak1D F1="0.049458" intensity="2.395917e-003" type="0"/>
    <Peak1D F1="-0.000149" intensity="1.484852e-001" type="0"/>
    <Peak1D F1="-0.009189" intensity="5.878492e-003" type="0"/>
    <Peak1D F1="-0.026955" intensity="1.479020e-003" type="0"/>
    <Peak1D F1="-0.050173" intensity="2.358873e-003" type="0"/>
    <Peak1D F1="-0.150933" intensity="1.088461e-003" type="0"/>
  </PeakList1D>
</PeakList>
