<?xml version="1.0" encoding="UTF-8"?>
<PeakList>
  <PeakList1D>
    <PeakList1DHeader creator="nmr" date="2021-10-21T09:49:39.203+03:00" expNo="10" name="ID_447_D" owner="" procNo="1" source="//132.72.8.180/400b/Milo/Milo">
      <PeakPickDetails>F1=16.114429ppm, F2=-3.914616ppm, MI=0.00cm, MAXI=10000.00cm, PC=1.000
      </PeakPickDetails>
    </PeakList1DHeader>
    <Peak1D F1="11.186676" intensity="8.481710e-004" type="0"/>
    <Peak1D F1="10.460805" intensity="9.121149e-004" type="0"/>
    <Peak1D F1="10.297407" intensity="1.786702e-003" type="0"/>
    <Peak1D F1="10.154525" intensity="8.905341e-004" type="0"/>
    <Peak1D F1="10.127102" intensity="5.261788e-003" type="0"/>
    <Peak1D F1="10.107489" intensity="2.444464e-003" type="0"/>
    <Peak1D F1="10.076464" intensity="2.874610e-001" type="0"/>
    <Peak1D F1="10.044490" intensity="2.056303e-003" type="0"/>
    <Peak1D F1="10.026586" intensity="3.199361e-003" type="0"/>
    <Peak1D F1="9.849506" intensity="1.432473e-003" type="0"/>
    <Peak1D F1="8.536328" intensity="1.057828e-003" type="0"/>
    <Peak1D F1="8.514379" intensity="1.257278e-003" type="0"/>
    <Peak1D F1="8.500770" intensity="1.022339e-003" type="0"/>
    <Peak1D F1="8.486671" intensity="1.111998e-003" type="0"/>
    <Peak1D F1="8.463385" intensity="1.167728e-003" type="0"/>
    <Peak1D F1="8.408514" intensity="2.385456e-003" type="0"/>
    <Peak1D F1="8.372711" intensity="5.490424e-003" type="0"/>
    <Peak1D F1="8.350469" intensity="7.765889e-003" type="0"/>
    <Peak1D F1="8.344066" intensity="1.280181e-002" type="0"/>
    <Peak1D F1="8.337497" intensity="1.441443e-002" type="0"/>
    <Peak1D F1="8.321477" intensity="2.004999e-001" type="0"/>
    <Peak1D F1="8.317114" intensity="7.961971e-002" type="0"/>
    <Peak1D F1="8.304111" intensity="7.541388e-002" type="0"/>
    <Peak1D F1="8.299797" intensity="2.239940e-001" type="0"/>
    <Peak1D F1="8.272304" intensity="8.744263e-003" type="0"/>
    <Peak1D F1="8.250435" intensity="1.539747e-002" type="0"/>
    <Peak1D F1="8.239737" intensity="2.219952e-002" type="0"/>
    <Peak1D F1="8.234586" intensity="2.245601e-002" type="0"/>
    <Peak1D F1="8.217131" intensity="3.822696e-002" type="0"/>
    <Peak1D F1="8.212584" intensity="3.672333e-002" type="0"/>
    <Peak1D F1="8.200336" intensity="2.180790e-001" type="0"/>
    <Peak1D F1="8.195296" intensity="1.250713e-001" type="0"/>
    <Peak1D F1="8.188926" intensity="1.432492e-001" type="0"/>
    <Peak1D F1="8.178522" intensity="2.794612e-001" type="0"/>
    <Peak1D F1="8.171946" intensity="1.379463e-001" type="0"/>
    <Peak1D F1="8.167025" intensity="1.465425e-001" type="0"/>
    <Peak1D F1="8.160282" intensity="1.228588e-001" type="0"/>
    <Peak1D F1="8.137534" intensity="4.883074e-001" type="0"/>
    <Peak1D F1="8.131744" intensity="3.029253e+000" type="0"/>
    <Peak1D F1="8.127077" intensity="1.163192e+000" type="0"/>
    <Peak1D F1="8.121009" intensity="8.675170e-001" type="0"/>
    <Peak1D F1="8.114669" intensity="1.193958e+000" type="0"/>
    <Peak1D F1="8.109837" intensity="3.226306e+000" type="0"/>
    <Peak1D F1="8.104089" intensity="6.537328e-001" type="0"/>
    <Peak1D F1="8.099269" intensity="7.036834e-001" type="0"/>
    <Peak1D F1="8.082237" intensity="6.615528e-002" type="0"/>
    <Peak1D F1="8.071296" intensity="3.679027e-002" type="0"/>
    <Peak1D F1="8.060122" intensity="5.894361e-002" type="0"/>
    <Peak1D F1="8.044410" intensity="6.419473e-002" type="0"/>
    <Peak1D F1="8.031247" intensity="2.223261e-002" type="0"/>
    <Peak1D F1="8.015203" intensity="6.492195e-002" type="0"/>
    <Peak1D F1="8.009686" intensity="2.615338e-001" type="0"/>
    <Peak1D F1="8.004705" intensity="1.019886e-001" type="0"/>
    <Peak1D F1="7.992401" intensity="1.483587e-001" type="0"/>
    <Peak1D F1="7.987929" intensity="2.901154e-001" type="0"/>
    <Peak1D F1="7.974611" intensity="1.012658e-001" type="0"/>
    <Peak1D F1="7.943515" intensity="1.028864e-001" type="0"/>
    <Peak1D F1="7.925967" intensity="8.379790e-002" type="0"/>
    <Peak1D F1="7.902214" intensity="9.869312e-002" type="0"/>
    <Peak1D F1="7.884912" intensity="4.999493e-002" type="0"/>
    <Peak1D F1="7.858256" intensity="9.427289e-003" type="0"/>
    <Peak1D F1="7.836924" intensity="9.083628e-003" type="0"/>
    <Peak1D F1="7.825307" intensity="8.410147e-003" type="0"/>
    <Peak1D F1="7.797049" intensity="7.710412e-003" type="0"/>
    <Peak1D F1="7.779209" intensity="7.991251e-003" type="0"/>
    <Peak1D F1="7.713690" intensity="8.667182e-003" type="0"/>
    <Peak1D F1="7.695458" intensity="1.233307e-002" type="0"/>
    <Peak1D F1="7.678865" intensity="3.576338e-002" type="0"/>
    <Peak1D F1="7.659617" intensity="4.324419e-002" type="0"/>
    <Peak1D F1="7.650403" intensity="3.909410e-002" type="0"/>
    <Peak1D F1="7.632128" intensity="8.731641e-002" type="0"/>
    <Peak1D F1="7.614263" intensity="1.411279e-001" type="0"/>
    <Peak1D F1="7.598945" intensity="1.149141e-001" type="0"/>
    <Peak1D F1="7.577363" intensity="7.254153e-002" type="0"/>
    <Peak1D F1="7.570573" intensity="3.408391e-002" type="0"/>
    <Peak1D F1="7.549282" intensity="2.015591e-001" type="0"/>
    <Peak1D F1="7.527381" intensity="1.935710e-001" type="0"/>
    <Peak1D F1="7.517555" intensity="1.121233e-001" type="0"/>
    <Peak1D F1="7.512700" intensity="1.966890e-001" type="0"/>
    <Peak1D F1="7.494815" intensity="2.295906e-001" type="0"/>
    <Peak1D F1="7.491010" intensity="2.377096e-001" type="0"/>
    <Peak1D F1="7.472949" intensity="5.615289e-001" type="0"/>
    <Peak1D F1="7.467587" intensity="3.018256e+000" type="0"/>
    <Peak1D F1="7.463041" intensity="1.077448e+000" type="0"/>
    <Peak1D F1="7.450231" intensity="1.371016e+000" type="0"/>
    <Peak1D F1="7.445699" intensity="2.944078e+000" type="0"/>
    <Peak1D F1="7.439983" intensity="5.134770e-001" type="0"/>
    <Peak1D F1="7.428705" intensity="4.905175e-001" type="0"/>
    <Peak1D F1="7.409375" intensity="1.006226e-001" type="0"/>
    <Peak1D F1="7.395719" intensity="5.982156e-002" type="0"/>
    <Peak1D F1="7.363949" intensity="1.386428e-002" type="0"/>
    <Peak1D F1="7.347230" intensity="1.772838e-002" type="0"/>
    <Peak1D F1="7.327838" intensity="2.612709e-002" type="0"/>
    <Peak1D F1="7.309733" intensity="4.346385e-002" type="0"/>
    <Peak1D F1="7.303380" intensity="5.432516e-002" type="0"/>
    <Peak1D F1="7.296636" intensity="3.472495e-002" type="0"/>
    <Peak1D F1="7.281346" intensity="2.637714e-002" type="0"/>
    <Peak1D F1="7.259281" intensity="2.648874e-001" type="0"/>
    <Peak1D F1="7.249349" intensity="3.706837e-002" type="0"/>
    <Peak1D F1="7.245644" intensity="4.535749e-002" type="0"/>
    <Peak1D F1="7.237423" intensity="5.145058e-002" type="0"/>
    <Peak1D F1="7.231358" intensity="5.606994e-002" type="0"/>
    <Peak1D F1="7.209065" intensity="1.471015e+001" type="0"/>
    <Peak1D F1="7.192460" intensity="4.053102e-002" type="0"/>
    <Peak1D F1="7.188647" intensity="4.140821e-002" type="0"/>
    <Peak1D F1="7.184547" intensity="3.054781e-002" type="0"/>
    <Peak1D F1="7.176860" intensity="2.232344e-002" type="0"/>
    <Peak1D F1="7.170261" intensity="1.687029e-002" type="0"/>
    <Peak1D F1="7.159357" intensity="1.819058e-001" type="0"/>
    <Peak1D F1="7.143193" intensity="2.274716e-003" type="0"/>
    <Peak1D F1="7.125679" intensity="3.540644e-003" type="0"/>
    <Peak1D F1="7.112959" intensity="1.296660e-003" type="0"/>
    <Peak1D F1="7.102166" intensity="5.309928e-003" type="0"/>
    <Peak1D F1="7.078302" intensity="2.228732e-003" type="0"/>
    <Peak1D F1="7.059882" intensity="1.891091e-003" type="0"/>
    <Peak1D F1="7.033126" intensity="1.526296e-003" type="0"/>
    <Peak1D F1="7.011308" intensity="3.431297e-003" type="0"/>
    <Peak1D F1="6.989921" intensity="4.557729e-003" type="0"/>
    <Peak1D F1="6.944510" intensity="8.649465e-002" type="0"/>
    <Peak1D F1="6.908425" intensity="1.276528e-002" type="0"/>
    <Peak1D F1="6.802585" intensity="1.771762e-003" type="0"/>
    <Peak1D F1="6.668782" intensity="8.056943e-003" type="0"/>
    <Peak1D F1="6.205009" intensity="7.179133e-003" type="0"/>
    <Peak1D F1="6.199527" intensity="1.375348e-002" type="0"/>
    <Peak1D F1="6.194058" intensity="9.344556e-003" type="0"/>
    <Peak1D F1="6.154395" intensity="1.202664e-003" type="0"/>
    <Peak1D F1="6.107514" intensity="8.343657e-003" type="0"/>
    <Peak1D F1="6.100583" intensity="7.137901e-003" type="0"/>
    <Peak1D F1="6.085868" intensity="1.395402e-002" type="0"/>
    <Peak1D F1="6.050974" intensity="1.376302e-001" type="0"/>
    <Peak1D F1="6.037643" intensity="1.682717e-002" type="0"/>
    <Peak1D F1="6.030843" intensity="2.988423e-002" type="0"/>
    <Peak1D F1="6.000945" intensity="5.291754e+000" type="0"/>
    <Peak1D F1="5.980253" intensity="1.884777e-002" type="0"/>
    <Peak1D F1="5.968977" intensity="1.224934e-002" type="0"/>
    <Peak1D F1="5.951246" intensity="6.644830e-002" type="0"/>
    <Peak1D F1="5.929224" intensity="7.884917e-002" type="0"/>
    <Peak1D F1="5.916967" intensity="7.946773e-002" type="0"/>
    <Peak1D F1="5.899213" intensity="5.524045e-003" type="0"/>
    <Peak1D F1="5.869442" intensity="8.719739e-003" type="0"/>
    <Peak1D F1="5.852079" intensity="6.941475e-003" type="0"/>
    <Peak1D F1="5.839407" intensity="6.309469e-003" type="0"/>
    <Peak1D F1="5.818411" intensity="1.130556e-002" type="0"/>
    <Peak1D F1="5.804635" intensity="1.393474e-002" type="0"/>
    <Peak1D F1="5.799236" intensity="1.797936e-002" type="0"/>
    <Peak1D F1="5.793835" intensity="1.109871e-002" type="0"/>
    <Peak1D F1="5.729169" intensity="2.939971e-003" type="0"/>
    <Peak1D F1="5.695224" intensity="2.092925e-003" type="0"/>
    <Peak1D F1="5.684207" intensity="2.948836e-003" type="0"/>
    <Peak1D F1="5.667892" intensity="3.702569e-003" type="0"/>
    <Peak1D F1="5.640069" intensity="2.365133e-003" type="0"/>
    <Peak1D F1="5.623588" intensity="1.061521e-003" type="0"/>
    <Peak1D F1="5.585515" intensity="3.790619e-003" type="0"/>
    <Peak1D F1="5.576599" intensity="2.762222e-003" type="0"/>
    <Peak1D F1="5.558915" intensity="3.605068e-003" type="0"/>
    <Peak1D F1="5.549372" intensity="4.115014e-003" type="0"/>
    <Peak1D F1="5.535135" intensity="2.278039e-003" type="0"/>
    <Peak1D F1="5.498333" intensity="3.830586e-003" type="0"/>
    <Peak1D F1="5.469373" intensity="3.147526e-003" type="0"/>
    <Peak1D F1="5.418638" intensity="1.729346e-001" type="0"/>
    <Peak1D F1="5.377002" intensity="1.000819e-002" type="0"/>
    <Peak1D F1="5.327851" intensity="1.643075e-001" type="0"/>
    <Peak1D F1="5.275001" intensity="6.322773e-003" type="0"/>
    <Peak1D F1="5.258289" intensity="4.088416e-003" type="0"/>
    <Peak1D F1="5.209754" intensity="7.676835e-003" type="0"/>
    <Peak1D F1="5.185401" intensity="1.073638e-003" type="0"/>
    <Peak1D F1="5.008577" intensity="2.246621e-003" type="0"/>
    <Peak1D F1="4.989337" intensity="2.642347e-003" type="0"/>
    <Peak1D F1="4.974216" intensity="7.506663e-003" type="0"/>
    <Peak1D F1="4.951064" intensity="8.250035e-003" type="0"/>
    <Peak1D F1="4.911948" intensity="5.646447e-003" type="0"/>
    <Peak1D F1="4.896256" intensity="6.962027e-003" type="0"/>
    <Peak1D F1="4.890217" intensity="7.271531e-003" type="0"/>
    <Peak1D F1="4.874184" intensity="1.231320e-002" type="0"/>
    <Peak1D F1="4.844907" intensity="3.684235e-002" type="0"/>
    <Peak1D F1="4.822461" intensity="4.202186e-002" type="0"/>
    <Peak1D F1="4.794822" intensity="1.460367e+000" type="0"/>
    <Peak1D F1="4.772418" intensity="1.484782e+000" type="0"/>
    <Peak1D F1="4.745220" intensity="6.352982e-002" type="0"/>
    <Peak1D F1="4.702709" intensity="6.740779e-001" type="0"/>
    <Peak1D F1="4.611445" intensity="1.742740e-002" type="0"/>
    <Peak1D F1="4.589056" intensity="1.308252e-002" type="0"/>
    <Peak1D F1="4.553160" intensity="4.607023e-003" type="0"/>
    <Peak1D F1="4.531632" intensity="3.972575e-003" type="0"/>
    <Peak1D F1="4.507740" intensity="2.236745e-003" type="0"/>
    <Peak1D F1="4.495945" intensity="3.419120e-003" type="0"/>
    <Peak1D F1="4.483626" intensity="2.892361e-003" type="0"/>
    <Peak1D F1="4.470778" intensity="1.353889e-003" type="0"/>
    <Peak1D F1="3.912369" intensity="1.958227e-003" type="0"/>
    <Peak1D F1="3.885250" intensity="1.683873e-003" type="0"/>
    <Peak1D F1="3.861995" intensity="8.403409e-002" type="0"/>
    <Peak1D F1="3.836728" intensity="2.549950e-003" type="0"/>
    <Peak1D F1="3.813092" intensity="5.103249e-003" type="0"/>
    <Peak1D F1="3.794488" intensity="1.942495e-002" type="0"/>
    <Peak1D F1="3.784577" intensity="1.554464e-002" type="0"/>
    <Peak1D F1="3.767264" intensity="1.521214e-002" type="0"/>
    <Peak1D F1="3.756934" intensity="1.786429e-002" type="0"/>
    <Peak1D F1="3.734653" intensity="2.687021e-001" type="0"/>
    <Peak1D F1="3.724833" intensity="3.493868e-002" type="0"/>
    <Peak1D F1="3.721113" intensity="3.979899e-002" type="0"/>
    <Peak1D F1="3.716381" intensity="5.605709e-002" type="0"/>
    <Peak1D F1="3.684563" intensity="1.500000e+001" type="0"/>
    <Peak1D F1="3.664318" intensity="6.246842e-002" type="0"/>
    <Peak1D F1="3.652924" intensity="3.338543e-002" type="0"/>
    <Peak1D F1="3.645887" intensity="2.364870e-002" type="0"/>
    <Peak1D F1="3.634795" intensity="1.938435e-001" type="0"/>
    <Peak1D F1="3.618484" intensity="6.589846e-003" type="0"/>
    <Peak1D F1="3.606446" intensity="2.849052e-003" type="0"/>
    <Peak1D F1="3.588180" intensity="1.919731e-003" type="0"/>
    <Peak1D F1="3.580773" intensity="3.299660e-003" type="0"/>
    <Peak1D F1="3.567648" intensity="1.981027e-003" type="0"/>
    <Peak1D F1="3.557583" intensity="1.792600e-003" type="0"/>
    <Peak1D F1="3.551861" intensity="2.485950e-003" type="0"/>
    <Peak1D F1="3.534278" intensity="3.693584e-003" type="0"/>
    <Peak1D F1="3.525461" intensity="2.726001e-003" type="0"/>
    <Peak1D F1="3.515862" intensity="2.285331e-003" type="0"/>
    <Peak1D F1="3.502254" intensity="8.404446e-002" type="0"/>
    <Peak1D F1="3.476499" intensity="1.206021e-003" type="0"/>
    <Peak1D F1="3.445477" intensity="5.089123e-002" type="0"/>
    <Peak1D F1="3.383818" intensity="5.657528e-003" type="0"/>
    <Peak1D F1="3.341897" intensity="1.419176e-003" type="0"/>
    <Peak1D F1="3.284176" intensity="1.173402e-003" type="0"/>
    <Peak1D F1="3.155344" intensity="1.717688e-003" type="0"/>
    <Peak1D F1="3.120499" intensity="4.360401e-003" type="0"/>
    <Peak1D F1="3.026377" intensity="4.134725e-002" type="0"/>
    <Peak1D F1="2.951016" intensity="1.739507e-002" type="0"/>
    <Peak1D F1="2.943977" intensity="1.852639e-002" type="0"/>
    <Peak1D F1="2.932936" intensity="2.985078e-002" type="0"/>
    <Peak1D F1="2.925912" intensity="2.972415e-002" type="0"/>
    <Peak1D F1="2.914705" intensity="1.807236e-002" type="0"/>
    <Peak1D F1="2.907906" intensity="1.726419e-002" type="0"/>
    <Peak1D F1="2.865224" intensity="4.120883e-003" type="0"/>
    <Peak1D F1="2.844771" intensity="4.104803e-003" type="0"/>
    <Peak1D F1="2.806731" intensity="6.171090e-003" type="0"/>
    <Peak1D F1="2.787431" intensity="2.192702e-002" type="0"/>
    <Peak1D F1="2.773769" intensity="2.078497e-002" type="0"/>
    <Peak1D F1="2.761541" intensity="2.773044e-002" type="0"/>
    <Peak1D F1="2.749056" intensity="2.674586e-002" type="0"/>
    <Peak1D F1="2.739859" intensity="2.341531e-002" type="0"/>
    <Peak1D F1="2.727082" intensity="2.154747e-002" type="0"/>
    <Peak1D F1="2.627273" intensity="2.923531e-003" type="0"/>
    <Peak1D F1="2.593526" intensity="5.042431e-003" type="0"/>
    <Peak1D F1="2.576658" intensity="6.375286e-003" type="0"/>
    <Peak1D F1="2.555621" intensity="7.229822e-003" type="0"/>
    <Peak1D F1="2.535310" intensity="6.723826e-003" type="0"/>
    <Peak1D F1="2.527473" intensity="7.027379e-003" type="0"/>
    <Peak1D F1="2.515433" intensity="7.390907e-003" type="0"/>
    <Peak1D F1="2.478209" intensity="1.745138e-002" type="0"/>
    <Peak1D F1="2.457071" intensity="3.436440e-002" type="0"/>
    <Peak1D F1="2.434463" intensity="2.986675e-002" type="0"/>
    <Peak1D F1="2.413556" intensity="2.490014e-001" type="0"/>
    <Peak1D F1="2.407511" intensity="2.804665e-001" type="0"/>
    <Peak1D F1="2.394142" intensity="3.021837e-001" type="0"/>
    <Peak1D F1="2.387986" intensity="3.217083e-001" type="0"/>
    <Peak1D F1="2.375499" intensity="1.669108e-001" type="0"/>
    <Peak1D F1="2.364866" intensity="4.579046e-001" type="0"/>
    <Peak1D F1="2.356115" intensity="6.140299e-001" type="0"/>
    <Peak1D F1="2.349591" intensity="4.125331e-001" type="0"/>
    <Peak1D F1="2.335763" intensity="8.672430e-001" type="0"/>
    <Peak1D F1="2.327098" intensity="3.486185e-001" type="0"/>
    <Peak1D F1="2.323674" intensity="3.566279e-001" type="0"/>
    <Peak1D F1="2.314516" intensity="4.037410e-001" type="0"/>
    <Peak1D F1="2.311541" intensity="3.767637e-001" type="0"/>
    <Peak1D F1="2.304385" intensity="5.055842e-001" type="0"/>
    <Peak1D F1="2.284624" intensity="3.320436e-001" type="0"/>
    <Peak1D F1="2.281929" intensity="3.165369e-001" type="0"/>
    <Peak1D F1="2.266851" intensity="1.009762e-001" type="0"/>
    <Peak1D F1="2.262248" intensity="1.081206e-001" type="0"/>
    <Peak1D F1="2.238635" intensity="8.524162e-002" type="0"/>
    <Peak1D F1="2.228352" intensity="4.809068e-001" type="0"/>
    <Peak1D F1="2.218080" intensity="1.163601e-001" type="0"/>
    <Peak1D F1="2.206093" intensity="5.475654e-001" type="0"/>
    <Peak1D F1="2.202036" intensity="5.990197e-001" type="0"/>
    <Peak1D F1="2.190693" intensity="1.408408e-001" type="0"/>
    <Peak1D F1="2.179595" intensity="7.822629e-001" type="0"/>
    <Peak1D F1="2.168140" intensity="9.121111e-002" type="0"/>
    <Peak1D F1="2.157662" intensity="4.240675e-001" type="0"/>
    <Peak1D F1="2.153466" intensity="4.076042e-001" type="0"/>
    <Peak1D F1="2.143884" intensity="1.458743e-001" type="0"/>
    <Peak1D F1="2.130929" intensity="5.038961e-001" type="0"/>
    <Peak1D F1="2.124310" intensity="2.036453e-001" type="0"/>
    <Peak1D F1="2.100987" intensity="1.839855e+000" type="0"/>
    <Peak1D F1="2.081396" intensity="5.601181e+000" type="0"/>
    <Peak1D F1="2.069796" intensity="1.542644e+000" type="0"/>
    <Peak1D F1="2.062635" intensity="2.862628e+000" type="0"/>
    <Peak1D F1="2.046837" intensity="2.178131e-001" type="0"/>
    <Peak1D F1="2.042114" intensity="1.802797e-001" type="0"/>
    <Peak1D F1="2.037770" intensity="1.783540e-001" type="0"/>
    <Peak1D F1="2.035246" intensity="1.770998e-001" type="0"/>
    <Peak1D F1="2.031376" intensity="2.260529e-001" type="0"/>
    <Peak1D F1="2.010060" intensity="1.344170e-001" type="0"/>
    <Peak1D F1="1.991218" intensity="1.423706e-001" type="0"/>
    <Peak1D F1="1.979783" intensity="9.237675e-002" type="0"/>
    <Peak1D F1="1.965726" intensity="3.087814e-001" type="0"/>
    <Peak1D F1="1.962223" intensity="3.101354e-001" type="0"/>
    <Peak1D F1="1.948993" intensity="4.063215e-001" type="0"/>
    <Peak1D F1="1.944315" intensity="4.970171e-001" type="0"/>
    <Peak1D F1="1.938725" intensity="5.141320e-001" type="0"/>
    <Peak1D F1="1.930117" intensity="6.221792e-001" type="0"/>
    <Peak1D F1="1.921868" intensity="6.556494e-001" type="0"/>
    <Peak1D F1="1.916343" intensity="7.554163e-001" type="0"/>
    <Peak1D F1="1.898800" intensity="3.068149e+000" type="0"/>
    <Peak1D F1="1.887731" intensity="2.408252e+000" type="0"/>
    <Peak1D F1="1.879158" intensity="5.869151e+000" type="0"/>
    <Peak1D F1="1.870354" intensity="2.059433e+000" type="0"/>
    <Peak1D F1="1.868333" intensity="2.171498e+000" type="0"/>
    <Peak1D F1="1.859716" intensity="1.853657e+000" type="0"/>
    <Peak1D F1="1.847762" intensity="2.777552e-001" type="0"/>
    <Peak1D F1="1.837637" intensity="1.708017e-001" type="0"/>
    <Peak1D F1="1.829706" intensity="1.575932e-001" type="0"/>
    <Peak1D F1="1.809423" intensity="8.569796e-002" type="0"/>
    <Peak1D F1="1.798919" intensity="6.703913e-002" type="0"/>
    <Peak1D F1="1.791503" intensity="6.290401e-002" type="0"/>
    <Peak1D F1="1.782597" intensity="6.820482e-002" type="0"/>
    <Peak1D F1="1.776799" intensity="6.383702e-002" type="0"/>
    <Peak1D F1="1.760449" intensity="5.322477e-002" type="0"/>
    <Peak1D F1="1.748302" intensity="4.663747e-002" type="0"/>
    <Peak1D F1="1.733416" intensity="1.410658e-001" type="0"/>
    <Peak1D F1="1.717405" intensity="2.111571e-001" type="0"/>
    <Peak1D F1="1.712272" intensity="1.886944e-001" type="0"/>
    <Peak1D F1="1.705565" intensity="2.377802e-001" type="0"/>
    <Peak1D F1="1.696018" intensity="2.908000e-001" type="0"/>
    <Peak1D F1="1.689879" intensity="5.884596e-001" type="0"/>
    <Peak1D F1="1.686234" intensity="4.853933e-001" type="0"/>
    <Peak1D F1="1.679340" intensity="3.783815e-001" type="0"/>
    <Peak1D F1="1.674479" intensity="5.917567e-001" type="0"/>
    <Peak1D F1="1.669138" intensity="6.764448e-001" type="0"/>
    <Peak1D F1="1.664733" intensity="7.695351e-001" type="0"/>
    <Peak1D F1="1.659603" intensity="6.503218e-001" type="0"/>
    <Peak1D F1="1.656884" intensity="6.992398e-001" type="0"/>
    <Peak1D F1="1.651866" intensity="8.068321e-001" type="0"/>
    <Peak1D F1="1.640658" intensity="6.815438e-001" type="0"/>
    <Peak1D F1="1.635821" intensity="6.081524e-001" type="0"/>
    <Peak1D F1="1.625614" intensity="2.944639e-001" type="0"/>
    <Peak1D F1="1.620834" intensity="4.068659e-001" type="0"/>
    <Peak1D F1="1.605708" intensity="1.852789e-001" type="0"/>
    <Peak1D F1="1.594479" intensity="6.503393e-002" type="0"/>
    <Peak1D F1="1.583030" intensity="6.557373e-002" type="0"/>
    <Peak1D F1="1.566977" intensity="4.686514e-002" type="0"/>
    <Peak1D F1="1.558009" intensity="4.430732e-002" type="0"/>
    <Peak1D F1="1.552875" intensity="4.833060e-002" type="0"/>
    <Peak1D F1="1.540242" intensity="6.174341e-002" type="0"/>
    <Peak1D F1="1.530020" intensity="1.804074e-001" type="0"/>
    <Peak1D F1="1.520348" intensity="1.020468e-001" type="0"/>
    <Peak1D F1="1.513343" intensity="2.143032e-001" type="0"/>
    <Peak1D F1="1.505920" intensity="1.392152e-001" type="0"/>
    <Peak1D F1="1.495389" intensity="4.232167e-001" type="0"/>
    <Peak1D F1="1.478019" intensity="5.638131e-001" type="0"/>
    <Peak1D F1="1.465545" intensity="4.251186e-001" type="0"/>
    <Peak1D F1="1.457705" intensity="1.441927e-001" type="0"/>
    <Peak1D F1="1.448072" intensity="4.352223e-001" type="0"/>
    <Peak1D F1="1.430287" intensity="1.440043e-001" type="0"/>
    <Peak1D F1="1.419703" intensity="9.855481e-002" type="0"/>
    <Peak1D F1="1.406244" intensity="1.972541e-002" type="0"/>
    <Peak1D F1="1.397936" intensity="1.670878e-002" type="0"/>
    <Peak1D F1="1.380722" intensity="9.970294e-003" type="0"/>
    <Peak1D F1="1.364010" intensity="1.101249e-002" type="0"/>
    <Peak1D F1="1.349450" intensity="8.367985e-003" type="0"/>
    <Peak1D F1="1.336073" intensity="8.916577e-003" type="0"/>
    <Peak1D F1="1.325486" intensity="7.578622e-003" type="0"/>
    <Peak1D F1="1.318193" intensity="8.250527e-003" type="0"/>
    <Peak1D F1="1.311525" intensity="1.369436e-002" type="0"/>
    <Peak1D F1="1.305479" intensity="9.526094e-003" type="0"/>
    <Peak1D F1="1.289069" intensity="8.523440e-003" type="0"/>
    <Peak1D F1="1.266325" intensity="7.883176e-003" type="0"/>
    <Peak1D F1="1.256885" intensity="8.682461e-003" type="0"/>
    <Peak1D F1="1.240855" intensity="1.041833e-002" type="0"/>
    <Peak1D F1="1.230308" intensity="1.223820e-002" type="0"/>
    <Peak1D F1="1.221372" intensity="1.549407e-002" type="0"/>
    <Peak1D F1="1.216352" intensity="1.541917e-002" type="0"/>
    <Peak1D F1="1.204242" intensity="1.678127e-002" type="0"/>
    <Peak1D F1="1.197690" intensity="1.680204e-002" type="0"/>
    <Peak1D F1="1.192468" intensity="1.884832e-002" type="0"/>
    <Peak1D F1="1.188115" intensity="2.128745e-002" type="0"/>
    <Peak1D F1="1.176124" intensity="5.002613e-002" type="0"/>
    <Peak1D F1="1.155824" intensity="3.132313e-002" type="0"/>
    <Peak1D F1="1.139883" intensity="2.733639e-002" type="0"/>
    <Peak1D F1="1.116317" intensity="6.982803e-003" type="0"/>
    <Peak1D F1="1.081021" intensity="2.914746e-003" type="0"/>
    <Peak1D F1="1.032850" intensity="1.123831e-002" type="0"/>
    <Peak1D F1="1.015387" intensity="1.036329e-002" type="0"/>
    <Peak1D F1="0.997846" intensity="2.438282e-003" type="0"/>
    <Peak1D F1="0.950195" intensity="2.627216e-003" type="0"/>
    <Peak1D F1="0.866325" intensity="1.880191e-003" type="0"/>
    <Peak1D F1="0.852282" intensity="2.472584e-003" type="0"/>
    <Peak1D F1="0.813935" intensity="6.062433e-003" type="0"/>
    <Peak1D F1="0.797625" intensity="1.122704e-002" type="0"/>
    <Peak1D F1="0.786662" intensity="1.526084e-002" type="0"/>
    <Peak1D F1="0.767429" intensity="3.880247e-002" type="0"/>
    <Peak1D F1="0.748465" intensity="5.078099e-002" type="0"/>
    <Peak1D F1="0.729981" intensity="3.315888e-002" type="0"/>
    <Peak1D F1="0.710272" intensity="9.854967e-003" type="0"/>
    <Peak1D F1="0.637784" intensity="1.025548e-003" type="0"/>
    <Peak1D F1="0.598553" intensity="1.108467e-003" type="0"/>
    <Peak1D F1="0.051189" intensity="2.118065e-003" type="0"/>
    <Peak1D F1="0.008857" intensity="5.342092e-003" type="0"/>
    <Peak1D F1="-0.000156" intensity="1.266835e-001" type="0"/>
    <Peak1D F1="-0.009228" intensity="5.129460e-003" type="0"/>
    <Peak1D F1="-0.027310" intensity="1.275658e-003" type="0"/>
    <Peak1D F1="-0.049921" intensity="1.750702e-003" type="0"/>
    <Peak1D F1="-0.059802" intensity="8.533530e-004" type="0"/>
  </PeakList1D>
</PeakList>
