<?xml version="1.0" encoding="UTF-8"?>
<PeakList>
  <PeakList1D>
    <PeakList1DHeader creator="nmr" date="2021-08-01T14:21:00.599+03:00" expNo="10" name="ID-419-C" owner="" procNo="1" source="//132.72.8.180/400b/Milo/Milo">
      <PeakPickDetails>F1=16.100740ppm, F2=-3.928305ppm, MI=0.00cm, MAXI=10000.00cm, PC=1.000
      </PeakPickDetails>
    </PeakList1DHeader>
    <Peak1D F1="13.199616" intensity="7.027351e-003" type="0"/>
    <Peak1D F1="12.591280" intensity="7.344737e-003" type="0"/>
    <Peak1D F1="10.413025" intensity="7.050203e-003" type="0"/>
    <Peak1D F1="10.093824" intensity="9.270168e-002" type="0"/>
    <Peak1D F1="8.371353" intensity="1.518225e-002" type="0"/>
    <Peak1D F1="8.363237" intensity="1.393578e-002" type="0"/>
    <Peak1D F1="8.342290" intensity="7.543492e-002" type="0"/>
    <Peak1D F1="8.320642" intensity="7.595136e-002" type="0"/>
    <Peak1D F1="8.299974" intensity="7.251783e-003" type="0"/>
    <Peak1D F1="8.270993" intensity="2.934023e-002" type="0"/>
    <Peak1D F1="8.249259" intensity="3.907367e-002" type="0"/>
    <Peak1D F1="8.230089" intensity="8.254531e-002" type="0"/>
    <Peak1D F1="8.208273" intensity="1.890438e-001" type="0"/>
    <Peak1D F1="8.186100" intensity="1.697431e-001" type="0"/>
    <Peak1D F1="8.164039" intensity="6.387647e-001" type="0"/>
    <Peak1D F1="8.158581" intensity="3.048339e+000" type="0"/>
    <Peak1D F1="8.153656" intensity="1.284247e+000" type="0"/>
    <Peak1D F1="8.147225" intensity="4.121913e-001" type="0"/>
    <Peak1D F1="8.141261" intensity="1.267293e+000" type="0"/>
    <Peak1D F1="8.136708" intensity="3.127104e+000" type="0"/>
    <Peak1D F1="8.130947" intensity="7.836639e-001" type="0"/>
    <Peak1D F1="8.118393" intensity="1.631405e-001" type="0"/>
    <Peak1D F1="8.112699" intensity="3.167096e-001" type="0"/>
    <Peak1D F1="8.096152" intensity="2.109867e-001" type="0"/>
    <Peak1D F1="8.092317" intensity="2.994057e-001" type="0"/>
    <Peak1D F1="8.060795" intensity="1.902251e-002" type="0"/>
    <Peak1D F1="8.042429" intensity="2.129881e-002" type="0"/>
    <Peak1D F1="8.020770" intensity="9.502169e-002" type="0"/>
    <Peak1D F1="7.999850" intensity="6.634378e-002" type="0"/>
    <Peak1D F1="7.978264" intensity="9.130882e-003" type="0"/>
    <Peak1D F1="7.944411" intensity="1.161445e-002" type="0"/>
    <Peak1D F1="7.937418" intensity="8.574300e-003" type="0"/>
    <Peak1D F1="7.921479" intensity="1.698243e-002" type="0"/>
    <Peak1D F1="7.906654" intensity="1.246632e-002" type="0"/>
    <Peak1D F1="7.880142" intensity="6.461053e-002" type="0"/>
    <Peak1D F1="7.872121" intensity="6.630996e-002" type="0"/>
    <Peak1D F1="7.859849" intensity="7.687314e-002" type="0"/>
    <Peak1D F1="7.851425" intensity="6.452138e-002" type="0"/>
    <Peak1D F1="7.833443" intensity="2.509029e-002" type="0"/>
    <Peak1D F1="7.811944" intensity="2.527444e-002" type="0"/>
    <Peak1D F1="7.773335" intensity="1.093530e-002" type="0"/>
    <Peak1D F1="7.752602" intensity="6.806208e-003" type="0"/>
    <Peak1D F1="7.681793" intensity="2.343761e-002" type="0"/>
    <Peak1D F1="7.665525" intensity="7.855193e-002" type="0"/>
    <Peak1D F1="7.645822" intensity="1.119325e-001" type="0"/>
    <Peak1D F1="7.634909" intensity="1.902070e-001" type="0"/>
    <Peak1D F1="7.614370" intensity="2.020894e-001" type="0"/>
    <Peak1D F1="7.596437" intensity="3.866024e-002" type="0"/>
    <Peak1D F1="7.574156" intensity="2.797766e-002" type="0"/>
    <Peak1D F1="7.553324" intensity="3.488124e-002" type="0"/>
    <Peak1D F1="7.537764" intensity="1.002207e-001" type="0"/>
    <Peak1D F1="7.531549" intensity="9.470785e-002" type="0"/>
    <Peak1D F1="7.526974" intensity="8.497019e-002" type="0"/>
    <Peak1D F1="7.521047" intensity="1.250121e-001" type="0"/>
    <Peak1D F1="7.516096" intensity="1.341869e-001" type="0"/>
    <Peak1D F1="7.509805" intensity="1.454113e-001" type="0"/>
    <Peak1D F1="7.504158" intensity="1.398519e-001" type="0"/>
    <Peak1D F1="7.499127" intensity="1.417297e-001" type="0"/>
    <Peak1D F1="7.480941" intensity="3.214017e+000" type="0"/>
    <Peak1D F1="7.458959" intensity="3.003003e+000" type="0"/>
    <Peak1D F1="7.440822" intensity="3.823409e-001" type="0"/>
    <Peak1D F1="7.423296" intensity="1.060143e-001" type="0"/>
    <Peak1D F1="7.408755" intensity="1.584538e-001" type="0"/>
    <Peak1D F1="7.396151" intensity="1.104549e-001" type="0"/>
    <Peak1D F1="7.388080" intensity="1.052155e-001" type="0"/>
    <Peak1D F1="7.384038" intensity="1.138192e-001" type="0"/>
    <Peak1D F1="7.378100" intensity="2.396027e-001" type="0"/>
    <Peak1D F1="7.362967" intensity="1.055764e-001" type="0"/>
    <Peak1D F1="7.357843" intensity="1.533832e-001" type="0"/>
    <Peak1D F1="7.320668" intensity="2.147530e-002" type="0"/>
    <Peak1D F1="7.295384" intensity="2.090631e-002" type="0"/>
    <Peak1D F1="7.273731" intensity="2.497802e-002" type="0"/>
    <Peak1D F1="7.245813" intensity="1.772784e-001" type="0"/>
    <Peak1D F1="7.224627" intensity="5.361829e-002" type="0"/>
    <Peak1D F1="7.195420" intensity="1.091002e+001" type="0"/>
    <Peak1D F1="7.168549" intensity="1.983781e-002" type="0"/>
    <Peak1D F1="7.158826" intensity="2.410097e-002" type="0"/>
    <Peak1D F1="7.145621" intensity="1.406585e-001" type="0"/>
    <Peak1D F1="6.931360" intensity="5.827143e-002" type="0"/>
    <Peak1D F1="6.709958" intensity="1.142962e-002" type="0"/>
    <Peak1D F1="6.688182" intensity="6.792050e-003" type="0"/>
    <Peak1D F1="6.313040" intensity="8.083059e-003" type="0"/>
    <Peak1D F1="6.216580" intensity="1.386413e-002" type="0"/>
    <Peak1D F1="6.117389" intensity="1.243355e-001" type="0"/>
    <Peak1D F1="6.085664" intensity="8.249600e-003" type="0"/>
    <Peak1D F1="6.067869" intensity="6.026041e-002" type="0"/>
    <Peak1D F1="6.042788" intensity="3.503352e-002" type="0"/>
    <Peak1D F1="6.017523" intensity="3.936709e+000" type="0"/>
    <Peak1D F1="5.967511" intensity="5.296516e-002" type="0"/>
    <Peak1D F1="5.951468" intensity="3.479209e-002" type="0"/>
    <Peak1D F1="5.941171" intensity="3.339307e-002" type="0"/>
    <Peak1D F1="5.821049" intensity="8.098351e-003" type="0"/>
    <Peak1D F1="5.807896" intensity="2.534481e-002" type="0"/>
    <Peak1D F1="5.652488" intensity="2.950650e-002" type="0"/>
    <Peak1D F1="5.626007" intensity="2.799587e-002" type="0"/>
    <Peak1D F1="5.562645" intensity="8.322119e-003" type="0"/>
    <Peak1D F1="5.492843" intensity="1.913540e-002" type="0"/>
    <Peak1D F1="5.486876" intensity="2.281121e-002" type="0"/>
    <Peak1D F1="5.464788" intensity="1.014256e-002" type="0"/>
    <Peak1D F1="5.418851" intensity="8.862674e-003" type="0"/>
    <Peak1D F1="5.395051" intensity="1.130759e-002" type="0"/>
    <Peak1D F1="5.356223" intensity="1.584111e-001" type="0"/>
    <Peak1D F1="5.349009" intensity="1.568708e-001" type="0"/>
    <Peak1D F1="5.313538" intensity="1.907228e-002" type="0"/>
    <Peak1D F1="5.275282" intensity="1.114155e-002" type="0"/>
    <Peak1D F1="5.260914" intensity="9.844846e-003" type="0"/>
    <Peak1D F1="5.228866" intensity="8.924352e-003" type="0"/>
    <Peak1D F1="5.222792" intensity="1.074245e-002" type="0"/>
    <Peak1D F1="5.106785" intensity="8.113276e-003" type="0"/>
    <Peak1D F1="4.969058" intensity="1.081567e-002" type="0"/>
    <Peak1D F1="4.946446" intensity="1.069758e-002" type="0"/>
    <Peak1D F1="4.935801" intensity="8.992737e-003" type="0"/>
    <Peak1D F1="4.891345" intensity="2.146434e-002" type="0"/>
    <Peak1D F1="4.873387" intensity="2.777839e-002" type="0"/>
    <Peak1D F1="4.856349" intensity="3.823482e-002" type="0"/>
    <Peak1D F1="4.842107" intensity="4.449010e-002" type="0"/>
    <Peak1D F1="4.818446" intensity="5.288501e-002" type="0"/>
    <Peak1D F1="4.791208" intensity="1.548877e+000" type="0"/>
    <Peak1D F1="4.768398" intensity="1.580775e+000" type="0"/>
    <Peak1D F1="4.740752" intensity="8.098640e-002" type="0"/>
    <Peak1D F1="4.717782" intensity="1.127717e-001" type="0"/>
    <Peak1D F1="4.673265" intensity="1.754257e-001" type="0"/>
    <Peak1D F1="4.539409" intensity="1.903135e-002" type="0"/>
    <Peak1D F1="4.500162" intensity="1.382962e-002" type="0"/>
    <Peak1D F1="4.454389" intensity="9.220870e-003" type="0"/>
    <Peak1D F1="4.437219" intensity="8.693844e-003" type="0"/>
    <Peak1D F1="4.410633" intensity="1.087470e-002" type="0"/>
    <Peak1D F1="3.978786" intensity="1.065969e-002" type="0"/>
    <Peak1D F1="3.955872" intensity="1.131199e-002" type="0"/>
    <Peak1D F1="3.911701" intensity="7.105967e-003" type="0"/>
    <Peak1D F1="3.877843" intensity="6.185913e-002" type="0"/>
    <Peak1D F1="3.861485" intensity="1.005302e-002" type="0"/>
    <Peak1D F1="3.844721" intensity="5.309581e-002" type="0"/>
    <Peak1D F1="3.822188" intensity="3.610847e-002" type="0"/>
    <Peak1D F1="3.811267" intensity="4.100197e-001" type="0"/>
    <Peak1D F1="3.795659" intensity="1.541352e-002" type="0"/>
    <Peak1D F1="3.750895" intensity="2.104913e-001" type="0"/>
    <Peak1D F1="3.745455" intensity="2.418656e-001" type="0"/>
    <Peak1D F1="3.700517" intensity="1.205745e+001" type="0"/>
    <Peak1D F1="3.664602" intensity="3.455149e-002" type="0"/>
    <Peak1D F1="3.650660" intensity="1.713188e-001" type="0"/>
    <Peak1D F1="3.637839" intensity="8.514191e-003" type="0"/>
    <Peak1D F1="3.518332" intensity="6.691577e-002" type="0"/>
    <Peak1D F1="3.417684" intensity="7.414930e-003" type="0"/>
    <Peak1D F1="3.172999" intensity="8.302607e-003" type="0"/>
    <Peak1D F1="3.157718" intensity="7.879443e-003" type="0"/>
    <Peak1D F1="2.960777" intensity="1.170593e-002" type="0"/>
    <Peak1D F1="2.941800" intensity="1.359952e-002" type="0"/>
    <Peak1D F1="2.788287" intensity="1.277672e-002" type="0"/>
    <Peak1D F1="2.750806" intensity="1.951290e-002" type="0"/>
    <Peak1D F1="2.741197" intensity="2.275522e-002" type="0"/>
    <Peak1D F1="2.731776" intensity="2.112831e-002" type="0"/>
    <Peak1D F1="2.680459" intensity="9.766839e-003" type="0"/>
    <Peak1D F1="2.662175" intensity="1.076070e-002" type="0"/>
    <Peak1D F1="2.639762" intensity="1.470030e-002" type="0"/>
    <Peak1D F1="2.620018" intensity="1.402703e-002" type="0"/>
    <Peak1D F1="2.590914" intensity="1.574231e-002" type="0"/>
    <Peak1D F1="2.565134" intensity="1.826256e-002" type="0"/>
    <Peak1D F1="2.549180" intensity="2.003685e-002" type="0"/>
    <Peak1D F1="2.532564" intensity="1.966541e-002" type="0"/>
    <Peak1D F1="2.505028" intensity="2.230697e-002" type="0"/>
    <Peak1D F1="2.486177" intensity="2.683400e-002" type="0"/>
    <Peak1D F1="2.437636" intensity="2.875521e-001" type="0"/>
    <Peak1D F1="2.432970" intensity="3.166343e-001" type="0"/>
    <Peak1D F1="2.416682" intensity="3.205218e-001" type="0"/>
    <Peak1D F1="2.411885" intensity="3.424320e-001" type="0"/>
    <Peak1D F1="2.388430" intensity="4.622801e-001" type="0"/>
    <Peak1D F1="2.384394" intensity="4.377643e-001" type="0"/>
    <Peak1D F1="2.363781" intensity="5.246429e-001" type="0"/>
    <Peak1D F1="2.351086" intensity="3.361181e-001" type="0"/>
    <Peak1D F1="2.328335" intensity="5.636119e-001" type="0"/>
    <Peak1D F1="2.320544" intensity="3.347763e-001" type="0"/>
    <Peak1D F1="2.317333" intensity="3.109663e-001" type="0"/>
    <Peak1D F1="2.308237" intensity="4.617097e-001" type="0"/>
    <Peak1D F1="2.298017" intensity="5.123061e-001" type="0"/>
    <Peak1D F1="2.277850" intensity="3.226382e-001" type="0"/>
    <Peak1D F1="2.266200" intensity="9.395543e-002" type="0"/>
    <Peak1D F1="2.252235" intensity="5.189649e-001" type="0"/>
    <Peak1D F1="2.230131" intensity="6.152160e-001" type="0"/>
    <Peak1D F1="2.226230" intensity="5.865352e-001" type="0"/>
    <Peak1D F1="2.203464" intensity="7.620664e-001" type="0"/>
    <Peak1D F1="2.195868" intensity="1.608727e-001" type="0"/>
    <Peak1D F1="2.181925" intensity="4.427293e-001" type="0"/>
    <Peak1D F1="2.177121" intensity="4.333195e-001" type="0"/>
    <Peak1D F1="2.166270" intensity="1.760956e-001" type="0"/>
    <Peak1D F1="2.154893" intensity="5.512794e-001" type="0"/>
    <Peak1D F1="2.146986" intensity="3.985954e-001" type="0"/>
    <Peak1D F1="2.116086" intensity="4.690819e+000" type="0"/>
    <Peak1D F1="2.107755" intensity="3.895026e+000" type="0"/>
    <Peak1D F1="2.096768" intensity="1.456723e+001" type="0"/>
    <Peak1D F1="2.086770" intensity="3.933153e+000" type="0"/>
    <Peak1D F1="2.085023" intensity="4.097178e+000" type="0"/>
    <Peak1D F1="2.078073" intensity="7.283030e+000" type="0"/>
    <Peak1D F1="2.056796" intensity="4.155833e-001" type="0"/>
    <Peak1D F1="2.052618" intensity="4.266309e-001" type="0"/>
    <Peak1D F1="2.046827" intensity="4.223617e-001" type="0"/>
    <Peak1D F1="2.028488" intensity="1.932374e-001" type="0"/>
    <Peak1D F1="1.987478" intensity="3.309584e-001" type="0"/>
    <Peak1D F1="1.964781" intensity="4.773148e-001" type="0"/>
    <Peak1D F1="1.959424" intensity="5.990511e-001" type="0"/>
    <Peak1D F1="1.954637" intensity="5.898547e-001" type="0"/>
    <Peak1D F1="1.949361" intensity="6.393862e-001" type="0"/>
    <Peak1D F1="1.937421" intensity="3.788654e+000" type="0"/>
    <Peak1D F1="1.925649" intensity="1.037127e+000" type="0"/>
    <Peak1D F1="1.920311" intensity="1.083914e+000" type="0"/>
    <Peak1D F1="1.910906" intensity="7.398947e+000" type="0"/>
    <Peak1D F1="1.899761" intensity="6.386252e+000" type="0"/>
    <Peak1D F1="1.891193" intensity="1.500000e+001" type="0"/>
    <Peak1D F1="1.881490" intensity="5.603427e+000" type="0"/>
    <Peak1D F1="1.871982" intensity="4.749842e+000" type="0"/>
    <Peak1D F1="1.859617" intensity="6.285193e-001" type="0"/>
    <Peak1D F1="1.849544" intensity="3.859953e-001" type="0"/>
    <Peak1D F1="1.841410" intensity="3.432721e-001" type="0"/>
    <Peak1D F1="1.822245" intensity="1.264686e-001" type="0"/>
    <Peak1D F1="1.800355" intensity="5.968405e-002" type="0"/>
    <Peak1D F1="1.791110" intensity="5.870011e-002" type="0"/>
    <Peak1D F1="1.783494" intensity="5.897620e-002" type="0"/>
    <Peak1D F1="1.765670" intensity="6.686239e-002" type="0"/>
    <Peak1D F1="1.760511" intensity="7.670345e-002" type="0"/>
    <Peak1D F1="1.744892" intensity="1.794240e-001" type="0"/>
    <Peak1D F1="1.729114" intensity="2.398539e-001" type="0"/>
    <Peak1D F1="1.723971" intensity="2.456561e-001" type="0"/>
    <Peak1D F1="1.716786" intensity="2.621621e-001" type="0"/>
    <Peak1D F1="1.707848" intensity="3.077737e-001" type="0"/>
    <Peak1D F1="1.701099" intensity="4.614138e-001" type="0"/>
    <Peak1D F1="1.697017" intensity="4.171739e-001" type="0"/>
    <Peak1D F1="1.687089" intensity="3.723740e-001" type="0"/>
    <Peak1D F1="1.680622" intensity="1.094955e+000" type="0"/>
    <Peak1D F1="1.671189" intensity="6.542076e-001" type="0"/>
    <Peak1D F1="1.656730" intensity="9.545600e-001" type="0"/>
    <Peak1D F1="1.640504" intensity="5.692497e-001" type="0"/>
    <Peak1D F1="1.636512" intensity="6.402072e-001" type="0"/>
    <Peak1D F1="1.632287" intensity="5.039821e-001" type="0"/>
    <Peak1D F1="1.624877" intensity="2.873951e-001" type="0"/>
    <Peak1D F1="1.620550" intensity="3.287402e-001" type="0"/>
    <Peak1D F1="1.616758" intensity="3.049898e-001" type="0"/>
    <Peak1D F1="1.581743" intensity="9.595232e-002" type="0"/>
    <Peak1D F1="1.535095" intensity="2.889657e-001" type="0"/>
    <Peak1D F1="1.519885" intensity="2.210740e-001" type="0"/>
    <Peak1D F1="1.512451" intensity="2.527581e-001" type="0"/>
    <Peak1D F1="1.500885" intensity="5.036082e-001" type="0"/>
    <Peak1D F1="1.483464" intensity="6.178957e-001" type="0"/>
    <Peak1D F1="1.470505" intensity="4.307038e-001" type="0"/>
    <Peak1D F1="1.453961" intensity="4.209702e-001" type="0"/>
    <Peak1D F1="1.442037" intensity="9.971756e-002" type="0"/>
    <Peak1D F1="1.435775" intensity="1.339738e-001" type="0"/>
    <Peak1D F1="1.423685" intensity="1.530586e-001" type="0"/>
    <Peak1D F1="1.401832" intensity="4.040645e-002" type="0"/>
    <Peak1D F1="1.363714" intensity="8.203161e-002" type="0"/>
    <Peak1D F1="1.313434" intensity="3.460769e+000" type="0"/>
    <Peak1D F1="1.283743" intensity="9.926279e-001" type="0"/>
    <Peak1D F1="1.279261" intensity="1.050056e+000" type="0"/>
    <Peak1D F1="1.270663" intensity="1.272744e+000" type="0"/>
    <Peak1D F1="1.263723" intensity="2.378873e+000" type="0"/>
    <Peak1D F1="1.237714" intensity="1.612289e-001" type="0"/>
    <Peak1D F1="1.233773" intensity="1.283267e-001" type="0"/>
    <Peak1D F1="1.218778" intensity="2.192046e-001" type="0"/>
    <Peak1D F1="1.214360" intensity="1.838626e-001" type="0"/>
    <Peak1D F1="1.194060" intensity="1.270856e-001" type="0"/>
    <Peak1D F1="1.183690" intensity="1.925292e-001" type="0"/>
    <Peak1D F1="1.154822" intensity="3.386848e-002" type="0"/>
    <Peak1D F1="1.147673" intensity="1.689800e-002" type="0"/>
    <Peak1D F1="1.106738" intensity="1.683619e-002" type="0"/>
    <Peak1D F1="1.050329" intensity="9.582094e-003" type="0"/>
    <Peak1D F1="1.037444" intensity="1.045289e-002" type="0"/>
    <Peak1D F1="0.950111" intensity="9.045430e-003" type="0"/>
    <Peak1D F1="0.895510" intensity="6.974337e-003" type="0"/>
    <Peak1D F1="0.826753" intensity="2.917922e-002" type="0"/>
    <Peak1D F1="0.809998" intensity="5.091745e-002" type="0"/>
    <Peak1D F1="0.793033" intensity="2.642143e-002" type="0"/>
    <Peak1D F1="0.772595" intensity="1.321363e-002" type="0"/>
    <Peak1D F1="0.767297" intensity="1.330283e-002" type="0"/>
    <Peak1D F1="0.729956" intensity="9.066538e-003" type="0"/>
    <Peak1D F1="0.661068" intensity="7.688961e-003" type="0"/>
    <Peak1D F1="-0.000157" intensity="1.624233e-001" type="0"/>
    <Peak1D F1="-2.997474" intensity="7.232695e-003" type="0"/>
    <Peak1D F1="-3.204447" intensity="6.836472e-003" type="0"/>
    <Peak1D F1="-3.762891" intensity="7.406647e-003" type="0"/>
  </PeakList1D>
</PeakList>
