<?xml version="1.0" encoding="UTF-8"?>
<PeakList>
  <PeakList1D>
    <PeakList1DHeader creator="nmr" date="2021-08-01T19:21:59.310+03:00" expNo="10" name="ID-419-L" owner="" procNo="1" source="//132.72.8.180/400b/Milo/Milo">
      <PeakPickDetails>F1=16.101240ppm, F2=-3.927805ppm, MI=0.00cm, MAXI=10000.00cm, PC=1.000
      </PeakPickDetails>
    </PeakList1DHeader>
    <Peak1D F1="13.156862" intensity="6.602969e-003" type="0"/>
    <Peak1D F1="11.081277" intensity="6.447747e-003" type="0"/>
    <Peak1D F1="10.094758" intensity="9.431606e-002" type="0"/>
    <Peak1D F1="8.371442" intensity="8.133465e-003" type="0"/>
    <Peak1D F1="8.342787" intensity="6.457949e-002" type="0"/>
    <Peak1D F1="8.321383" intensity="7.229719e-002" type="0"/>
    <Peak1D F1="8.273259" intensity="1.659383e-002" type="0"/>
    <Peak1D F1="8.241508" intensity="3.829386e-002" type="0"/>
    <Peak1D F1="8.219345" intensity="6.032534e-002" type="0"/>
    <Peak1D F1="8.209667" intensity="5.318844e-002" type="0"/>
    <Peak1D F1="8.200850" intensity="5.318115e-002" type="0"/>
    <Peak1D F1="8.187961" intensity="6.365979e-002" type="0"/>
    <Peak1D F1="8.181874" intensity="4.359022e-002" type="0"/>
    <Peak1D F1="8.165106" intensity="2.518449e-001" type="0"/>
    <Peak1D F1="8.159560" intensity="1.573878e+000" type="0"/>
    <Peak1D F1="8.154727" intensity="6.797930e-001" type="0"/>
    <Peak1D F1="8.142263" intensity="5.636789e-001" type="0"/>
    <Peak1D F1="8.137710" intensity="1.670027e+000" type="0"/>
    <Peak1D F1="8.132036" intensity="4.178350e-001" type="0"/>
    <Peak1D F1="8.108948" intensity="6.575084e-002" type="0"/>
    <Peak1D F1="8.087645" intensity="2.949913e-002" type="0"/>
    <Peak1D F1="8.041179" intensity="1.251935e-002" type="0"/>
    <Peak1D F1="8.021516" intensity="8.367199e-002" type="0"/>
    <Peak1D F1="7.999522" intensity="8.969823e-002" type="0"/>
    <Peak1D F1="7.988211" intensity="3.855622e-002" type="0"/>
    <Peak1D F1="7.974999" intensity="6.089712e-002" type="0"/>
    <Peak1D F1="7.944899" intensity="8.687388e-003" type="0"/>
    <Peak1D F1="7.928287" intensity="8.951702e-003" type="0"/>
    <Peak1D F1="7.922306" intensity="8.909718e-003" type="0"/>
    <Peak1D F1="7.835259" intensity="1.159666e-002" type="0"/>
    <Peak1D F1="7.813353" intensity="1.303063e-002" type="0"/>
    <Peak1D F1="7.781835" intensity="5.844821e-003" type="0"/>
    <Peak1D F1="7.728607" intensity="4.561284e-002" type="0"/>
    <Peak1D F1="7.710854" intensity="2.667642e-002" type="0"/>
    <Peak1D F1="7.686444" intensity="9.142714e-003" type="0"/>
    <Peak1D F1="7.681438" intensity="1.022182e-002" type="0"/>
    <Peak1D F1="7.649414" intensity="2.611188e-002" type="0"/>
    <Peak1D F1="7.626990" intensity="3.116484e-002" type="0"/>
    <Peak1D F1="7.618634" intensity="1.785528e-002" type="0"/>
    <Peak1D F1="7.610017" intensity="1.598595e-002" type="0"/>
    <Peak1D F1="7.587129" intensity="2.203361e-002" type="0"/>
    <Peak1D F1="7.557801" intensity="4.100025e-002" type="0"/>
    <Peak1D F1="7.536617" intensity="4.507255e-002" type="0"/>
    <Peak1D F1="7.527026" intensity="5.645735e-002" type="0"/>
    <Peak1D F1="7.505305" intensity="1.600075e-001" type="0"/>
    <Peak1D F1="7.481534" intensity="1.548347e+000" type="0"/>
    <Peak1D F1="7.476937" intensity="5.715493e-001" type="0"/>
    <Peak1D F1="7.459665" intensity="1.530057e+000" type="0"/>
    <Peak1D F1="7.442155" intensity="1.690018e-001" type="0"/>
    <Peak1D F1="7.431262" intensity="3.889552e-002" type="0"/>
    <Peak1D F1="7.409266" intensity="3.418055e-002" type="0"/>
    <Peak1D F1="7.388946" intensity="9.633366e-003" type="0"/>
    <Peak1D F1="7.352972" intensity="8.521852e-002" type="0"/>
    <Peak1D F1="7.339886" intensity="7.872970e-002" type="0"/>
    <Peak1D F1="7.325892" intensity="1.750667e-002" type="0"/>
    <Peak1D F1="7.296565" intensity="3.058692e-002" type="0"/>
    <Peak1D F1="7.283471" intensity="4.387404e-002" type="0"/>
    <Peak1D F1="7.273654" intensity="6.940578e-002" type="0"/>
    <Peak1D F1="7.263674" intensity="5.303306e-002" type="0"/>
    <Peak1D F1="7.246305" intensity="3.605444e-001" type="0"/>
    <Peak1D F1="7.235738" intensity="1.825239e-001" type="0"/>
    <Peak1D F1="7.225077" intensity="2.140367e-001" type="0"/>
    <Peak1D F1="7.196306" intensity="2.074151e+001" type="0"/>
    <Peak1D F1="7.165504" intensity="2.847143e-002" type="0"/>
    <Peak1D F1="7.160404" intensity="2.596733e-002" type="0"/>
    <Peak1D F1="7.154318" intensity="6.707811e-002" type="0"/>
    <Peak1D F1="7.146217" intensity="3.672803e-001" type="0"/>
    <Peak1D F1="7.097370" intensity="8.650773e-003" type="0"/>
    <Peak1D F1="6.932232" intensity="1.084956e-001" type="0"/>
    <Peak1D F1="6.313438" intensity="5.898488e-003" type="0"/>
    <Peak1D F1="6.224438" intensity="7.062609e-003" type="0"/>
    <Peak1D F1="6.216627" intensity="1.210340e-002" type="0"/>
    <Peak1D F1="6.118341" intensity="8.581121e-002" type="0"/>
    <Peak1D F1="6.068484" intensity="3.221444e-002" type="0"/>
    <Peak1D F1="6.041641" intensity="1.585123e-002" type="0"/>
    <Peak1D F1="6.018421" intensity="2.068727e+000" type="0"/>
    <Peak1D F1="5.968457" intensity="3.765902e-002" type="0"/>
    <Peak1D F1="5.952152" intensity="1.215676e-002" type="0"/>
    <Peak1D F1="5.941909" intensity="1.237765e-002" type="0"/>
    <Peak1D F1="5.815085" intensity="1.549939e-002" type="0"/>
    <Peak1D F1="5.661980" intensity="1.354374e-002" type="0"/>
    <Peak1D F1="5.636034" intensity="1.226125e-002" type="0"/>
    <Peak1D F1="5.494706" intensity="1.047743e-002" type="0"/>
    <Peak1D F1="5.489734" intensity="1.076481e-002" type="0"/>
    <Peak1D F1="5.435898" intensity="6.761263e-003" type="0"/>
    <Peak1D F1="5.375862" intensity="7.282712e-003" type="0"/>
    <Peak1D F1="5.357271" intensity="7.704179e-002" type="0"/>
    <Peak1D F1="5.350012" intensity="7.758403e-002" type="0"/>
    <Peak1D F1="5.311628" intensity="1.010937e-002" type="0"/>
    <Peak1D F1="5.277325" intensity="6.783524e-003" type="0"/>
    <Peak1D F1="5.107462" intensity="6.950837e-003" type="0"/>
    <Peak1D F1="4.967697" intensity="7.310004e-003" type="0"/>
    <Peak1D F1="4.947069" intensity="9.273061e-003" type="0"/>
    <Peak1D F1="4.891335" intensity="1.227286e-002" type="0"/>
    <Peak1D F1="4.872618" intensity="1.504118e-002" type="0"/>
    <Peak1D F1="4.855108" intensity="1.656950e-002" type="0"/>
    <Peak1D F1="4.843256" intensity="2.512380e-002" type="0"/>
    <Peak1D F1="4.819781" intensity="2.796508e-002" type="0"/>
    <Peak1D F1="4.792039" intensity="8.261145e-001" type="0"/>
    <Peak1D F1="4.769249" intensity="8.436932e-001" type="0"/>
    <Peak1D F1="4.741275" intensity="4.283130e-002" type="0"/>
    <Peak1D F1="4.719028" intensity="5.108674e-002" type="0"/>
    <Peak1D F1="4.687438" intensity="5.036684e-002" type="0"/>
    <Peak1D F1="4.664855" intensity="5.061578e-002" type="0"/>
    <Peak1D F1="4.658406" intensity="5.106898e-002" type="0"/>
    <Peak1D F1="4.567976" intensity="1.916611e-002" type="0"/>
    <Peak1D F1="4.562895" intensity="1.860879e-002" type="0"/>
    <Peak1D F1="4.532583" intensity="1.383456e-002" type="0"/>
    <Peak1D F1="4.494806" intensity="9.509766e-003" type="0"/>
    <Peak1D F1="4.437139" intensity="6.741629e-003" type="0"/>
    <Peak1D F1="4.396510" intensity="6.529127e-003" type="0"/>
    <Peak1D F1="4.165396" intensity="5.754015e-003" type="0"/>
    <Peak1D F1="3.978230" intensity="8.956165e-003" type="0"/>
    <Peak1D F1="3.950644" intensity="1.099906e-002" type="0"/>
    <Peak1D F1="3.878889" intensity="3.320685e-002" type="0"/>
    <Peak1D F1="3.845216" intensity="6.374206e-002" type="0"/>
    <Peak1D F1="3.823194" intensity="3.960555e-002" type="0"/>
    <Peak1D F1="3.812173" intensity="2.706738e-001" type="0"/>
    <Peak1D F1="3.751391" intensity="1.084577e-001" type="0"/>
    <Peak1D F1="3.746073" intensity="1.376899e-001" type="0"/>
    <Peak1D F1="3.740055" intensity="2.427363e-002" type="0"/>
    <Peak1D F1="3.701408" intensity="6.351629e+000" type="0"/>
    <Peak1D F1="3.659458" intensity="2.585064e-002" type="0"/>
    <Peak1D F1="3.651247" intensity="1.093167e-001" type="0"/>
    <Peak1D F1="3.642293" intensity="1.572853e-002" type="0"/>
    <Peak1D F1="3.622288" intensity="6.634258e-003" type="0"/>
    <Peak1D F1="3.519108" intensity="3.511950e-002" type="0"/>
    <Peak1D F1="2.767525" intensity="7.878036e-003" type="0"/>
    <Peak1D F1="2.741739" intensity="9.540057e-003" type="0"/>
    <Peak1D F1="2.484153" intensity="7.709849e-003" type="0"/>
    <Peak1D F1="2.461315" intensity="1.773496e-002" type="0"/>
    <Peak1D F1="2.437900" intensity="1.369830e-001" type="0"/>
    <Peak1D F1="2.433153" intensity="1.556780e-001" type="0"/>
    <Peak1D F1="2.411253" intensity="4.281033e-001" type="0"/>
    <Peak1D F1="2.388538" intensity="2.327800e-001" type="0"/>
    <Peak1D F1="2.384612" intensity="2.170417e-001" type="0"/>
    <Peak1D F1="2.363820" intensity="2.864143e-001" type="0"/>
    <Peak1D F1="2.351168" intensity="2.564490e-001" type="0"/>
    <Peak1D F1="2.336971" intensity="1.601864e-001" type="0"/>
    <Peak1D F1="2.328060" intensity="3.312417e-001" type="0"/>
    <Peak1D F1="2.321633" intensity="1.951669e-001" type="0"/>
    <Peak1D F1="2.317408" intensity="2.135649e-001" type="0"/>
    <Peak1D F1="2.309289" intensity="7.009723e-001" type="0"/>
    <Peak1D F1="2.298761" intensity="2.849058e-001" type="0"/>
    <Peak1D F1="2.278435" intensity="1.766174e-001" type="0"/>
    <Peak1D F1="2.265789" intensity="5.504508e-002" type="0"/>
    <Peak1D F1="2.252500" intensity="2.877813e-001" type="0"/>
    <Peak1D F1="2.237073" intensity="9.104304e-002" type="0"/>
    <Peak1D F1="2.230374" intensity="3.126359e-001" type="0"/>
    <Peak1D F1="2.226341" intensity="3.157106e-001" type="0"/>
    <Peak1D F1="2.203603" intensity="4.082622e-001" type="0"/>
    <Peak1D F1="2.196070" intensity="9.376848e-002" type="0"/>
    <Peak1D F1="2.182146" intensity="2.387986e-001" type="0"/>
    <Peak1D F1="2.177396" intensity="2.463659e-001" type="0"/>
    <Peak1D F1="2.166464" intensity="1.452081e-001" type="0"/>
    <Peak1D F1="2.155012" intensity="3.443274e-001" type="0"/>
    <Peak1D F1="2.147227" intensity="3.599944e-001" type="0"/>
    <Peak1D F1="2.116848" intensity="4.509223e+000" type="0"/>
    <Peak1D F1="2.097288" intensity="1.426966e+001" type="0"/>
    <Peak1D F1="2.085777" intensity="3.862166e+000" type="0"/>
    <Peak1D F1="2.078635" intensity="7.196335e+000" type="0"/>
    <Peak1D F1="2.056896" intensity="3.808427e-001" type="0"/>
    <Peak1D F1="2.053343" intensity="3.961891e-001" type="0"/>
    <Peak1D F1="2.047404" intensity="4.126756e-001" type="0"/>
    <Peak1D F1="2.028524" intensity="1.912554e-001" type="0"/>
    <Peak1D F1="1.987819" intensity="3.817965e-001" type="0"/>
    <Peak1D F1="1.970702" intensity="2.361327e-001" type="0"/>
    <Peak1D F1="1.960041" intensity="4.188086e-001" type="0"/>
    <Peak1D F1="1.949497" intensity="5.991517e-001" type="0"/>
    <Peak1D F1="1.937855" intensity="1.383968e+001" type="0"/>
    <Peak1D F1="1.926318" intensity="1.067025e+000" type="0"/>
    <Peak1D F1="1.921299" intensity="9.833338e-001" type="0"/>
    <Peak1D F1="1.911462" intensity="7.184629e+000" type="0"/>
    <Peak1D F1="1.900423" intensity="6.070364e+000" type="0"/>
    <Peak1D F1="1.891827" intensity="1.500000e+001" type="0"/>
    <Peak1D F1="1.881525" intensity="5.493587e+000" type="0"/>
    <Peak1D F1="1.872510" intensity="4.734057e+000" type="0"/>
    <Peak1D F1="1.860309" intensity="6.301827e-001" type="0"/>
    <Peak1D F1="1.850124" intensity="4.044518e-001" type="0"/>
    <Peak1D F1="1.841736" intensity="3.705935e-001" type="0"/>
    <Peak1D F1="1.830889" intensity="1.750213e-001" type="0"/>
    <Peak1D F1="1.822305" intensity="1.407863e-001" type="0"/>
    <Peak1D F1="1.810696" intensity="6.677413e-002" type="0"/>
    <Peak1D F1="1.766085" intensity="1.161428e-001" type="0"/>
    <Peak1D F1="1.760418" intensity="6.461393e-002" type="0"/>
    <Peak1D F1="1.745312" intensity="1.226192e-001" type="0"/>
    <Peak1D F1="1.729750" intensity="1.470714e-001" type="0"/>
    <Peak1D F1="1.724684" intensity="1.796571e-001" type="0"/>
    <Peak1D F1="1.717400" intensity="1.616920e-001" type="0"/>
    <Peak1D F1="1.708516" intensity="1.905642e-001" type="0"/>
    <Peak1D F1="1.701766" intensity="2.593469e-001" type="0"/>
    <Peak1D F1="1.697757" intensity="2.369956e-001" type="0"/>
    <Peak1D F1="1.689172" intensity="2.002272e-001" type="0"/>
    <Peak1D F1="1.681527" intensity="5.826010e-001" type="0"/>
    <Peak1D F1="1.675694" intensity="3.230973e-001" type="0"/>
    <Peak1D F1="1.671632" intensity="3.573728e-001" type="0"/>
    <Peak1D F1="1.657840" intensity="5.050374e-001" type="0"/>
    <Peak1D F1="1.653473" intensity="4.453253e-001" type="0"/>
    <Peak1D F1="1.641739" intensity="3.099731e-001" type="0"/>
    <Peak1D F1="1.637414" intensity="3.561502e-001" type="0"/>
    <Peak1D F1="1.633091" intensity="2.886586e-001" type="0"/>
    <Peak1D F1="1.625839" intensity="1.713891e-001" type="0"/>
    <Peak1D F1="1.621078" intensity="1.928829e-001" type="0"/>
    <Peak1D F1="1.617445" intensity="1.932868e-001" type="0"/>
    <Peak1D F1="1.601225" intensity="9.328043e-002" type="0"/>
    <Peak1D F1="1.586541" intensity="9.635078e-002" type="0"/>
    <Peak1D F1="1.571370" intensity="9.630518e-002" type="0"/>
    <Peak1D F1="1.551506" intensity="1.012491e-001" type="0"/>
    <Peak1D F1="1.535716" intensity="1.964303e-001" type="0"/>
    <Peak1D F1="1.520438" intensity="1.578059e-001" type="0"/>
    <Peak1D F1="1.513229" intensity="1.617109e-001" type="0"/>
    <Peak1D F1="1.501398" intensity="2.900748e-001" type="0"/>
    <Peak1D F1="1.484042" intensity="3.409417e-001" type="0"/>
    <Peak1D F1="1.471220" intensity="2.399656e-001" type="0"/>
    <Peak1D F1="1.454291" intensity="2.372949e-001" type="0"/>
    <Peak1D F1="1.441999" intensity="6.600524e-002" type="0"/>
    <Peak1D F1="1.436525" intensity="8.217324e-002" type="0"/>
    <Peak1D F1="1.424273" intensity="9.110944e-002" type="0"/>
    <Peak1D F1="1.404933" intensity="3.567474e-002" type="0"/>
    <Peak1D F1="1.378693" intensity="2.746279e-002" type="0"/>
    <Peak1D F1="1.352523" intensity="2.576014e-002" type="0"/>
    <Peak1D F1="1.328742" intensity="2.573330e-002" type="0"/>
    <Peak1D F1="1.274498" intensity="4.342027e-002" type="0"/>
    <Peak1D F1="1.235102" intensity="6.858102e-002" type="0"/>
    <Peak1D F1="1.214172" intensity="7.080240e-002" type="0"/>
    <Peak1D F1="1.184157" intensity="1.612299e-001" type="0"/>
    <Peak1D F1="1.088110" intensity="9.222203e-003" type="0"/>
    <Peak1D F1="1.053900" intensity="8.230705e-003" type="0"/>
    <Peak1D F1="1.033744" intensity="9.855560e-003" type="0"/>
    <Peak1D F1="1.008069" intensity="9.270978e-003" type="0"/>
    <Peak1D F1="0.956857" intensity="6.096837e-003" type="0"/>
    <Peak1D F1="0.940493" intensity="6.746731e-003" type="0"/>
    <Peak1D F1="0.877240" intensity="7.747993e-003" type="0"/>
    <Peak1D F1="0.854383" intensity="9.415856e-003" type="0"/>
    <Peak1D F1="0.827974" intensity="2.615572e-002" type="0"/>
    <Peak1D F1="0.813598" intensity="4.714699e-002" type="0"/>
    <Peak1D F1="0.810738" intensity="4.716532e-002" type="0"/>
    <Peak1D F1="0.794470" intensity="2.703689e-002" type="0"/>
    <Peak1D F1="0.764509" intensity="1.540926e-002" type="0"/>
    <Peak1D F1="0.672498" intensity="5.891458e-003" type="0"/>
    <Peak1D F1="0.416037" intensity="6.627537e-003" type="0"/>
    <Peak1D F1="0.385349" intensity="7.323722e-003" type="0"/>
    <Peak1D F1="0.053544" intensity="6.251016e-003" type="0"/>
    <Peak1D F1="-0.000156" intensity="2.514379e-001" type="0"/>
    <Peak1D F1="-0.049904" intensity="6.785185e-003" type="0"/>
    <Peak1D F1="-3.290716" intensity="6.838701e-003" type="0"/>
  </PeakList1D>
</PeakList>
