<?xml version="1.0" encoding="UTF-8"?>
<PeakList>
  <PeakList1D>
    <PeakList1DHeader creator="nmr" date="2021-08-01T16:26:05.689+03:00" expNo="10" name="ID-419-I" owner="" procNo="1" source="//132.72.8.180/400b/Milo/Milo">
      <PeakPickDetails>F1=16.099859ppm, F2=-3.929186ppm, MI=0.00cm, MAXI=10000.00cm, PC=1.000
      </PeakPickDetails>
    </PeakList1DHeader>
    <Peak1D F1="13.799767" intensity="4.916669e-003" type="0"/>
    <Peak1D F1="10.603787" intensity="5.109245e-003" type="0"/>
    <Peak1D F1="10.313783" intensity="1.330336e-002" type="0"/>
    <Peak1D F1="10.186533" intensity="6.695541e-003" type="0"/>
    <Peak1D F1="10.142840" intensity="4.376137e-002" type="0"/>
    <Peak1D F1="10.123382" intensity="2.405392e-002" type="0"/>
    <Peak1D F1="10.092963" intensity="2.639480e+000" type="0"/>
    <Peak1D F1="10.060681" intensity="1.673064e-002" type="0"/>
    <Peak1D F1="10.043204" intensity="4.166944e-002" type="0"/>
    <Peak1D F1="9.866633" intensity="1.560149e-002" type="0"/>
    <Peak1D F1="8.554946" intensity="7.902680e-003" type="0"/>
    <Peak1D F1="8.531120" intensity="9.574370e-003" type="0"/>
    <Peak1D F1="8.489750" intensity="4.832149e-003" type="0"/>
    <Peak1D F1="8.469122" intensity="6.479067e-003" type="0"/>
    <Peak1D F1="8.390442" intensity="3.717967e-002" type="0"/>
    <Peak1D F1="8.368981" intensity="5.326695e-002" type="0"/>
    <Peak1D F1="8.340736" intensity="1.791512e+000" type="0"/>
    <Peak1D F1="8.336105" intensity="6.263894e-001" type="0"/>
    <Peak1D F1="8.323515" intensity="6.870675e-001" type="0"/>
    <Peak1D F1="8.318895" intensity="2.030530e+000" type="0"/>
    <Peak1D F1="8.287210" intensity="2.557834e-001" type="0"/>
    <Peak1D F1="8.268077" intensity="3.147449e-001" type="0"/>
    <Peak1D F1="8.245848" intensity="5.048972e-002" type="0"/>
    <Peak1D F1="8.233267" intensity="4.521034e-002" type="0"/>
    <Peak1D F1="8.219156" intensity="4.911094e-002" type="0"/>
    <Peak1D F1="8.212880" intensity="7.991924e-002" type="0"/>
    <Peak1D F1="8.207297" intensity="6.616376e-002" type="0"/>
    <Peak1D F1="8.196871" intensity="5.441305e-002" type="0"/>
    <Peak1D F1="8.190846" intensity="8.034128e-002" type="0"/>
    <Peak1D F1="8.184606" intensity="6.981531e-002" type="0"/>
    <Peak1D F1="8.172039" intensity="5.919829e-002" type="0"/>
    <Peak1D F1="8.162510" intensity="2.735700e-001" type="0"/>
    <Peak1D F1="8.156838" intensity="1.829765e+000" type="0"/>
    <Peak1D F1="8.152020" intensity="6.985518e-001" type="0"/>
    <Peak1D F1="8.146480" intensity="2.121307e-001" type="0"/>
    <Peak1D F1="8.139600" intensity="6.588500e-001" type="0"/>
    <Peak1D F1="8.134994" intensity="1.917264e+000" type="0"/>
    <Peak1D F1="8.129147" intensity="3.954209e-001" type="0"/>
    <Peak1D F1="8.106462" intensity="7.643656e-002" type="0"/>
    <Peak1D F1="8.085168" intensity="4.333201e-002" type="0"/>
    <Peak1D F1="8.069341" intensity="4.956355e-002" type="0"/>
    <Peak1D F1="8.058879" intensity="3.244078e-002" type="0"/>
    <Peak1D F1="8.047257" intensity="5.647016e-002" type="0"/>
    <Peak1D F1="8.024673" intensity="3.822289e-001" type="0"/>
    <Peak1D F1="8.019608" intensity="2.363244e+000" type="0"/>
    <Peak1D F1="8.014807" intensity="7.219257e-001" type="0"/>
    <Peak1D F1="8.002433" intensity="7.056199e-001" type="0"/>
    <Peak1D F1="7.998002" intensity="1.938562e+000" type="0"/>
    <Peak1D F1="7.992651" intensity="2.761271e-001" type="0"/>
    <Peak1D F1="7.969665" intensity="4.320557e-002" type="0"/>
    <Peak1D F1="7.964640" intensity="2.511499e-002" type="0"/>
    <Peak1D F1="7.948249" intensity="4.369707e-002" type="0"/>
    <Peak1D F1="7.935732" intensity="1.839196e-002" type="0"/>
    <Peak1D F1="7.900162" intensity="1.067893e-002" type="0"/>
    <Peak1D F1="7.832012" intensity="1.582051e-001" type="0"/>
    <Peak1D F1="7.823663" intensity="1.193316e-001" type="0"/>
    <Peak1D F1="7.812517" intensity="1.762432e-001" type="0"/>
    <Peak1D F1="7.785692" intensity="2.101678e-002" type="0"/>
    <Peak1D F1="7.776083" intensity="2.416134e-002" type="0"/>
    <Peak1D F1="7.756604" intensity="2.407434e-002" type="0"/>
    <Peak1D F1="7.723831" intensity="2.769744e-001" type="0"/>
    <Peak1D F1="7.703666" intensity="2.596315e-001" type="0"/>
    <Peak1D F1="7.671692" intensity="1.892162e-002" type="0"/>
    <Peak1D F1="7.660958" intensity="1.944607e-002" type="0"/>
    <Peak1D F1="7.636209" intensity="2.820293e-002" type="0"/>
    <Peak1D F1="7.617477" intensity="4.433384e-002" type="0"/>
    <Peak1D F1="7.592831" intensity="8.352339e-002" type="0"/>
    <Peak1D F1="7.579970" intensity="2.263550e-001" type="0"/>
    <Peak1D F1="7.560244" intensity="1.838322e-001" type="0"/>
    <Peak1D F1="7.544766" intensity="9.994464e-002" type="0"/>
    <Peak1D F1="7.522193" intensity="1.412823e-001" type="0"/>
    <Peak1D F1="7.499858" intensity="1.050847e-001" type="0"/>
    <Peak1D F1="7.485503" intensity="2.793515e-001" type="0"/>
    <Peak1D F1="7.479772" intensity="1.820213e+000" type="0"/>
    <Peak1D F1="7.474922" intensity="6.064118e-001" type="0"/>
    <Peak1D F1="7.457770" intensity="1.729966e+000" type="0"/>
    <Peak1D F1="7.440122" intensity="8.657189e-002" type="0"/>
    <Peak1D F1="7.430245" intensity="4.731192e-002" type="0"/>
    <Peak1D F1="7.408373" intensity="4.095880e-002" type="0"/>
    <Peak1D F1="7.339091" intensity="1.076397e-002" type="0"/>
    <Peak1D F1="7.318709" intensity="1.315309e-002" type="0"/>
    <Peak1D F1="7.294733" intensity="1.323982e-002" type="0"/>
    <Peak1D F1="7.274873" intensity="1.484571e-002" type="0"/>
    <Peak1D F1="7.244767" intensity="9.547443e-002" type="0"/>
    <Peak1D F1="7.225194" intensity="4.490629e-002" type="0"/>
    <Peak1D F1="7.194881" intensity="6.208107e+000" type="0"/>
    <Peak1D F1="7.160751" intensity="1.216516e-002" type="0"/>
    <Peak1D F1="7.144843" intensity="9.459430e-002" type="0"/>
    <Peak1D F1="6.930796" intensity="2.920869e-002" type="0"/>
    <Peak1D F1="6.851991" intensity="5.108225e-003" type="0"/>
    <Peak1D F1="6.829755" intensity="8.610916e-003" type="0"/>
    <Peak1D F1="6.214262" intensity="2.017474e-002" type="0"/>
    <Peak1D F1="6.208953" intensity="1.630939e-002" type="0"/>
    <Peak1D F1="6.133200" intensity="4.789742e-003" type="0"/>
    <Peak1D F1="6.115733" intensity="9.036206e-002" type="0"/>
    <Peak1D F1="6.095167" intensity="1.765606e-002" type="0"/>
    <Peak1D F1="6.065652" intensity="7.467394e-002" type="0"/>
    <Peak1D F1="6.015823" intensity="4.958667e+000" type="0"/>
    <Peak1D F1="5.981829" intensity="1.139889e-002" type="0"/>
    <Peak1D F1="5.965970" intensity="7.395443e-002" type="0"/>
    <Peak1D F1="5.899353" intensity="3.056405e-002" type="0"/>
    <Peak1D F1="5.886796" intensity="3.109775e-002" type="0"/>
    <Peak1D F1="5.853475" intensity="1.003053e-002" type="0"/>
    <Peak1D F1="5.843491" intensity="1.027148e-002" type="0"/>
    <Peak1D F1="5.819383" intensity="8.777321e-003" type="0"/>
    <Peak1D F1="5.814213" intensity="1.378285e-002" type="0"/>
    <Peak1D F1="5.796376" intensity="5.682535e-003" type="0"/>
    <Peak1D F1="5.667860" intensity="6.913127e-003" type="0"/>
    <Peak1D F1="5.639603" intensity="5.966573e-003" type="0"/>
    <Peak1D F1="5.525589" intensity="4.818112e-003" type="0"/>
    <Peak1D F1="5.484346" intensity="8.149010e-003" type="0"/>
    <Peak1D F1="5.409210" intensity="4.327953e-002" type="0"/>
    <Peak1D F1="5.399936" intensity="8.021513e-003" type="0"/>
    <Peak1D F1="5.377370" intensity="7.287336e-003" type="0"/>
    <Peak1D F1="5.357467" intensity="3.662888e-002" type="0"/>
    <Peak1D F1="5.349040" intensity="4.761614e-002" type="0"/>
    <Peak1D F1="5.324404" intensity="1.465484e-002" type="0"/>
    <Peak1D F1="5.306031" intensity="5.983716e-003" type="0"/>
    <Peak1D F1="5.279849" intensity="7.787859e-003" type="0"/>
    <Peak1D F1="5.246644" intensity="5.662391e-003" type="0"/>
    <Peak1D F1="5.213651" intensity="7.116403e-003" type="0"/>
    <Peak1D F1="5.202816" intensity="5.740751e-003" type="0"/>
    <Peak1D F1="5.192809" intensity="7.424107e-003" type="0"/>
    <Peak1D F1="5.171399" intensity="1.194672e-002" type="0"/>
    <Peak1D F1="5.156682" intensity="9.391410e-003" type="0"/>
    <Peak1D F1="5.145437" intensity="7.212915e-003" type="0"/>
    <Peak1D F1="5.134813" intensity="7.543318e-003" type="0"/>
    <Peak1D F1="5.114432" intensity="9.425196e-003" type="0"/>
    <Peak1D F1="5.087512" intensity="8.508993e-003" type="0"/>
    <Peak1D F1="5.082560" intensity="7.660616e-003" type="0"/>
    <Peak1D F1="5.050739" intensity="8.809819e-003" type="0"/>
    <Peak1D F1="5.029696" intensity="9.430829e-003" type="0"/>
    <Peak1D F1="5.015227" intensity="8.501472e-003" type="0"/>
    <Peak1D F1="4.984627" intensity="7.750771e-003" type="0"/>
    <Peak1D F1="4.948246" intensity="1.067845e-002" type="0"/>
    <Peak1D F1="4.931240" intensity="9.035024e-003" type="0"/>
    <Peak1D F1="4.908501" intensity="1.026636e-002" type="0"/>
    <Peak1D F1="4.892221" intensity="1.196047e-002" type="0"/>
    <Peak1D F1="4.877680" intensity="1.399845e-002" type="0"/>
    <Peak1D F1="4.861614" intensity="1.317304e-002" type="0"/>
    <Peak1D F1="4.858757" intensity="1.234058e-002" type="0"/>
    <Peak1D F1="4.840440" intensity="2.607351e-002" type="0"/>
    <Peak1D F1="4.817611" intensity="3.080638e-002" type="0"/>
    <Peak1D F1="4.790466" intensity="9.554058e-001" type="0"/>
    <Peak1D F1="4.767642" intensity="9.756485e-001" type="0"/>
    <Peak1D F1="4.740576" intensity="4.813810e-002" type="0"/>
    <Peak1D F1="4.717313" intensity="6.437744e-002" type="0"/>
    <Peak1D F1="4.676995" intensity="8.405054e-002" type="0"/>
    <Peak1D F1="4.605660" intensity="3.401311e-002" type="0"/>
    <Peak1D F1="4.546748" intensity="1.307136e-002" type="0"/>
    <Peak1D F1="4.529696" intensity="1.192646e-002" type="0"/>
    <Peak1D F1="4.494139" intensity="7.078543e-003" type="0"/>
    <Peak1D F1="4.475718" intensity="4.987189e-003" type="0"/>
    <Peak1D F1="4.465685" intensity="5.344495e-003" type="0"/>
    <Peak1D F1="4.431443" intensity="6.719791e-003" type="0"/>
    <Peak1D F1="4.411944" intensity="5.256912e-003" type="0"/>
    <Peak1D F1="4.400723" intensity="5.511672e-003" type="0"/>
    <Peak1D F1="3.988340" intensity="9.729222e-003" type="0"/>
    <Peak1D F1="3.974061" intensity="2.222935e-002" type="0"/>
    <Peak1D F1="3.957854" intensity="2.913014e-002" type="0"/>
    <Peak1D F1="3.943524" intensity="2.036494e-002" type="0"/>
    <Peak1D F1="3.925737" intensity="8.504224e-003" type="0"/>
    <Peak1D F1="3.876416" intensity="7.784738e-002" type="0"/>
    <Peak1D F1="3.859671" intensity="5.714591e-003" type="0"/>
    <Peak1D F1="3.843008" intensity="3.368221e-002" type="0"/>
    <Peak1D F1="3.832058" intensity="1.570323e-002" type="0"/>
    <Peak1D F1="3.820665" intensity="2.324816e-002" type="0"/>
    <Peak1D F1="3.809283" intensity="2.820036e-001" type="0"/>
    <Peak1D F1="3.799223" intensity="2.399370e-002" type="0"/>
    <Peak1D F1="3.785451" intensity="1.433757e-002" type="0"/>
    <Peak1D F1="3.748713" intensity="2.387750e-001" type="0"/>
    <Peak1D F1="3.743991" intensity="1.764848e-001" type="0"/>
    <Peak1D F1="3.735928" intensity="2.503644e-002" type="0"/>
    <Peak1D F1="3.724813" intensity="5.732312e-002" type="0"/>
    <Peak1D F1="3.698852" intensity="1.500000e+001" type="0"/>
    <Peak1D F1="3.664475" intensity="4.469583e-002" type="0"/>
    <Peak1D F1="3.649017" intensity="2.279230e-001" type="0"/>
    <Peak1D F1="3.633461" intensity="1.052572e-002" type="0"/>
    <Peak1D F1="3.627155" intensity="1.013885e-002" type="0"/>
    <Peak1D F1="3.616738" intensity="8.294266e-003" type="0"/>
    <Peak1D F1="3.588481" intensity="5.387177e-003" type="0"/>
    <Peak1D F1="3.538223" intensity="6.416418e-003" type="0"/>
    <Peak1D F1="3.516631" intensity="7.905293e-002" type="0"/>
    <Peak1D F1="3.238625" intensity="5.807425e-003" type="0"/>
    <Peak1D F1="3.209861" intensity="5.307948e-003" type="0"/>
    <Peak1D F1="3.163539" intensity="4.819769e-003" type="0"/>
    <Peak1D F1="2.784246" intensity="6.281557e-003" type="0"/>
    <Peak1D F1="2.758089" intensity="1.336590e-002" type="0"/>
    <Peak1D F1="2.725480" intensity="6.711341e-003" type="0"/>
    <Peak1D F1="2.543756" intensity="5.753817e-003" type="0"/>
    <Peak1D F1="2.481830" intensity="1.075532e-002" type="0"/>
    <Peak1D F1="2.465990" intensity="1.566180e-002" type="0"/>
    <Peak1D F1="2.436865" intensity="1.448682e-001" type="0"/>
    <Peak1D F1="2.432311" intensity="1.730173e-001" type="0"/>
    <Peak1D F1="2.423515" intensity="8.430329e-002" type="0"/>
    <Peak1D F1="2.415650" intensity="1.683368e-001" type="0"/>
    <Peak1D F1="2.411293" intensity="1.680572e-001" type="0"/>
    <Peak1D F1="2.387653" intensity="2.547030e-001" type="0"/>
    <Peak1D F1="2.383838" intensity="2.335101e-001" type="0"/>
    <Peak1D F1="2.366992" intensity="2.408847e-001" type="0"/>
    <Peak1D F1="2.362988" intensity="3.049228e-001" type="0"/>
    <Peak1D F1="2.351018" intensity="1.952442e-001" type="0"/>
    <Peak1D F1="2.327961" intensity="3.304878e-001" type="0"/>
    <Peak1D F1="2.320662" intensity="1.954010e-001" type="0"/>
    <Peak1D F1="2.317327" intensity="1.708056e-001" type="0"/>
    <Peak1D F1="2.308231" intensity="2.422687e-001" type="0"/>
    <Peak1D F1="2.304641" intensity="2.117748e-001" type="0"/>
    <Peak1D F1="2.297945" intensity="2.960631e-001" type="0"/>
    <Peak1D F1="2.277972" intensity="1.893422e-001" type="0"/>
    <Peak1D F1="2.251891" intensity="3.200710e-001" type="0"/>
    <Peak1D F1="2.236592" intensity="7.433172e-002" type="0"/>
    <Peak1D F1="2.229749" intensity="3.612571e-001" type="0"/>
    <Peak1D F1="2.225737" intensity="3.601142e-001" type="0"/>
    <Peak1D F1="2.203077" intensity="4.678249e-001" type="0"/>
    <Peak1D F1="2.195297" intensity="9.153152e-002" type="0"/>
    <Peak1D F1="2.181605" intensity="2.593973e-001" type="0"/>
    <Peak1D F1="2.176835" intensity="2.637589e-001" type="0"/>
    <Peak1D F1="2.154546" intensity="3.182973e-001" type="0"/>
    <Peak1D F1="2.146587" intensity="2.210377e-001" type="0"/>
    <Peak1D F1="2.116325" intensity="2.545702e+000" type="0"/>
    <Peak1D F1="2.107773" intensity="1.967556e+000" type="0"/>
    <Peak1D F1="2.105574" intensity="2.069849e+000" type="0"/>
    <Peak1D F1="2.096758" intensity="8.313521e+000" type="0"/>
    <Peak1D F1="2.084999" intensity="2.183813e+000" type="0"/>
    <Peak1D F1="2.077858" intensity="4.159144e+000" type="0"/>
    <Peak1D F1="2.070598" intensity="6.456729e-001" type="0"/>
    <Peak1D F1="2.062007" intensity="2.585078e-001" type="0"/>
    <Peak1D F1="2.056513" intensity="2.249716e-001" type="0"/>
    <Peak1D F1="2.053060" intensity="2.193736e-001" type="0"/>
    <Peak1D F1="2.047150" intensity="2.399759e-001" type="0"/>
    <Peak1D F1="2.028474" intensity="1.120459e-001" type="0"/>
    <Peak1D F1="2.020086" intensity="5.921806e-002" type="0"/>
    <Peak1D F1="2.010510" intensity="5.467637e-002" type="0"/>
    <Peak1D F1="1.986574" intensity="1.884829e-001" type="0"/>
    <Peak1D F1="1.981806" intensity="1.505920e-001" type="0"/>
    <Peak1D F1="1.969698" intensity="1.912312e-001" type="0"/>
    <Peak1D F1="1.964386" intensity="2.572015e-001" type="0"/>
    <Peak1D F1="1.958888" intensity="3.342199e-001" type="0"/>
    <Peak1D F1="1.954180" intensity="3.192783e-001" type="0"/>
    <Peak1D F1="1.949198" intensity="3.359531e-001" type="0"/>
    <Peak1D F1="1.941186" intensity="5.096007e-001" type="0"/>
    <Peak1D F1="1.936912" intensity="1.322684e+000" type="0"/>
    <Peak1D F1="1.932892" intensity="5.827798e-001" type="0"/>
    <Peak1D F1="1.925388" intensity="5.530223e-001" type="0"/>
    <Peak1D F1="1.920133" intensity="5.743771e-001" type="0"/>
    <Peak1D F1="1.910463" intensity="4.206291e+000" type="0"/>
    <Peak1D F1="1.899191" intensity="3.401006e+000" type="0"/>
    <Peak1D F1="1.890838" intensity="8.745550e+000" type="0"/>
    <Peak1D F1="1.881975" intensity="3.014833e+000" type="0"/>
    <Peak1D F1="1.879977" intensity="3.110870e+000" type="0"/>
    <Peak1D F1="1.871385" intensity="2.735224e+000" type="0"/>
    <Peak1D F1="1.859464" intensity="3.555824e-001" type="0"/>
    <Peak1D F1="1.849196" intensity="2.285901e-001" type="0"/>
    <Peak1D F1="1.841126" intensity="2.126221e-001" type="0"/>
    <Peak1D F1="1.833415" intensity="1.051498e-001" type="0"/>
    <Peak1D F1="1.821971" intensity="9.074246e-002" type="0"/>
    <Peak1D F1="1.807138" intensity="5.257451e-002" type="0"/>
    <Peak1D F1="1.787747" intensity="4.260043e-002" type="0"/>
    <Peak1D F1="1.777932" intensity="4.333186e-002" type="0"/>
    <Peak1D F1="1.765343" intensity="4.048818e-002" type="0"/>
    <Peak1D F1="1.759892" intensity="4.750017e-002" type="0"/>
    <Peak1D F1="1.744831" intensity="1.160979e-001" type="0"/>
    <Peak1D F1="1.729121" intensity="1.517068e-001" type="0"/>
    <Peak1D F1="1.723725" intensity="1.532798e-001" type="0"/>
    <Peak1D F1="1.716639" intensity="1.713679e-001" type="0"/>
    <Peak1D F1="1.707857" intensity="1.803906e-001" type="0"/>
    <Peak1D F1="1.700958" intensity="2.846167e-001" type="0"/>
    <Peak1D F1="1.696741" intensity="2.490010e-001" type="0"/>
    <Peak1D F1="1.687065" intensity="1.977550e-001" type="0"/>
    <Peak1D F1="1.680454" intensity="6.569710e-001" type="0"/>
    <Peak1D F1="1.674392" intensity="3.260501e-001" type="0"/>
    <Peak1D F1="1.670622" intensity="3.716348e-001" type="0"/>
    <Peak1D F1="1.656662" intensity="5.363094e-001" type="0"/>
    <Peak1D F1="1.652181" intensity="4.545720e-001" type="0"/>
    <Peak1D F1="1.640359" intensity="3.030368e-001" type="0"/>
    <Peak1D F1="1.636090" intensity="3.593652e-001" type="0"/>
    <Peak1D F1="1.631975" intensity="2.996199e-001" type="0"/>
    <Peak1D F1="1.624581" intensity="1.465805e-001" type="0"/>
    <Peak1D F1="1.619891" intensity="1.782105e-001" type="0"/>
    <Peak1D F1="1.616472" intensity="1.813746e-001" type="0"/>
    <Peak1D F1="1.591132" intensity="5.237604e-002" type="0"/>
    <Peak1D F1="1.585871" intensity="5.330722e-002" type="0"/>
    <Peak1D F1="1.566221" intensity="6.168184e-002" type="0"/>
    <Peak1D F1="1.549123" intensity="6.213356e-002" type="0"/>
    <Peak1D F1="1.534711" intensity="1.801128e-001" type="0"/>
    <Peak1D F1="1.519189" intensity="1.289607e-001" type="0"/>
    <Peak1D F1="1.512150" intensity="1.453800e-001" type="0"/>
    <Peak1D F1="1.500323" intensity="2.895468e-001" type="0"/>
    <Peak1D F1="1.492494" intensity="1.074887e-001" type="0"/>
    <Peak1D F1="1.482896" intensity="3.631843e-001" type="0"/>
    <Peak1D F1="1.470189" intensity="2.574353e-001" type="0"/>
    <Peak1D F1="1.453110" intensity="2.570758e-001" type="0"/>
    <Peak1D F1="1.441037" intensity="5.752962e-002" type="0"/>
    <Peak1D F1="1.435291" intensity="8.403000e-002" type="0"/>
    <Peak1D F1="1.423272" intensity="9.164485e-002" type="0"/>
    <Peak1D F1="1.385417" intensity="2.065043e-002" type="0"/>
    <Peak1D F1="1.370930" intensity="1.975900e-002" type="0"/>
    <Peak1D F1="1.364831" intensity="1.855035e-002" type="0"/>
    <Peak1D F1="1.323837" intensity="1.944944e-002" type="0"/>
    <Peak1D F1="1.291900" intensity="2.472021e-002" type="0"/>
    <Peak1D F1="1.242597" intensity="1.124339e-001" type="0"/>
    <Peak1D F1="1.227539" intensity="1.202187e-001" type="0"/>
    <Peak1D F1="1.183141" intensity="1.412493e-001" type="0"/>
    <Peak1D F1="1.147476" intensity="2.680936e-001" type="0"/>
    <Peak1D F1="1.132207" intensity="2.612884e-001" type="0"/>
    <Peak1D F1="1.098379" intensity="1.324848e-002" type="0"/>
    <Peak1D F1="1.082500" intensity="1.146010e-002" type="0"/>
    <Peak1D F1="1.050613" intensity="7.633105e-003" type="0"/>
    <Peak1D F1="1.022788" intensity="8.496008e-003" type="0"/>
    <Peak1D F1="0.988775" intensity="8.966168e-003" type="0"/>
    <Peak1D F1="0.977731" intensity="6.452968e-003" type="0"/>
    <Peak1D F1="0.930485" intensity="7.391184e-003" type="0"/>
    <Peak1D F1="0.913717" intensity="5.973617e-003" type="0"/>
    <Peak1D F1="0.897611" intensity="6.837079e-003" type="0"/>
    <Peak1D F1="0.874228" intensity="6.467436e-003" type="0"/>
    <Peak1D F1="0.825445" intensity="2.600216e-002" type="0"/>
    <Peak1D F1="0.808554" intensity="4.765426e-002" type="0"/>
    <Peak1D F1="0.791467" intensity="2.461278e-002" type="0"/>
    <Peak1D F1="0.779064" intensity="1.870232e-002" type="0"/>
    <Peak1D F1="0.759560" intensity="2.216935e-002" type="0"/>
    <Peak1D F1="0.741792" intensity="1.354950e-002" type="0"/>
    <Peak1D F1="0.682194" intensity="4.773588e-003" type="0"/>
    <Peak1D F1="0.625291" intensity="5.057047e-003" type="0"/>
    <Peak1D F1="0.532281" intensity="5.038798e-003" type="0"/>
    <Peak1D F1="0.524927" intensity="6.077134e-003" type="0"/>
    <Peak1D F1="0.429503" intensity="5.196841e-003" type="0"/>
    <Peak1D F1="0.409134" intensity="5.557796e-003" type="0"/>
    <Peak1D F1="0.315493" intensity="4.675230e-003" type="0"/>
    <Peak1D F1="0.016477" intensity="7.294039e-003" type="0"/>
    <Peak1D F1="-0.000159" intensity="1.878606e-001" type="0"/>
    <Peak1D F1="-3.112122" intensity="4.745558e-003" type="0"/>
    <Peak1D F1="-3.274438" intensity="5.027018e-003" type="0"/>
    <Peak1D F1="-3.474963" intensity="4.765036e-003" type="0"/>
    <Peak1D F1="-3.563787" intensity="4.666604e-003" type="0"/>
    <Peak1D F1="-3.609203" intensity="5.004399e-003" type="0"/>
    <Peak1D F1="-3.647357" intensity="5.067288e-003" type="0"/>
    <Peak1D F1="-3.725898" intensity="4.915228e-003" type="0"/>
    <Peak1D F1="-3.748147" intensity="4.756711e-003" type="0"/>
  </PeakList1D>
</PeakList>
