<?xml version="1.0" encoding="UTF-8"?>
<PeakList>
  <PeakList1D>
    <PeakList1DHeader creator="nmr" date="2021-10-28T18:35:46.896+03:00" expNo="10" name="ID_451_C" owner="" procNo="1" source="//132.72.8.180/400b/Milo/Milo">
      <PeakPickDetails>F1=16.139561ppm, F2=-3.889485ppm, MI=0.00cm, MAXI=10000.00cm, PC=1.000
      </PeakPickDetails>
    </PeakList1DHeader>
    <Peak1D F1="15.753134" intensity="8.320728e-004" type="0"/>
    <Peak1D F1="11.948216" intensity="8.222723e-004" type="0"/>
    <Peak1D F1="10.305065" intensity="1.511608e-003" type="0"/>
    <Peak1D F1="10.133860" intensity="4.439916e-003" type="0"/>
    <Peak1D F1="10.115088" intensity="2.066252e-003" type="0"/>
    <Peak1D F1="10.083917" intensity="2.703073e-001" type="0"/>
    <Peak1D F1="10.052346" intensity="1.603409e-003" type="0"/>
    <Peak1D F1="10.034122" intensity="3.952549e-003" type="0"/>
    <Peak1D F1="9.856626" intensity="1.200554e-003" type="0"/>
    <Peak1D F1="8.533344" intensity="8.242087e-004" type="0"/>
    <Peak1D F1="8.515132" intensity="1.029920e-003" type="0"/>
    <Peak1D F1="8.376578" intensity="4.706224e-003" type="0"/>
    <Peak1D F1="8.355248" intensity="5.480011e-003" type="0"/>
    <Peak1D F1="8.347862" intensity="7.875773e-003" type="0"/>
    <Peak1D F1="8.327240" intensity="1.837567e-001" type="0"/>
    <Peak1D F1="8.322752" intensity="6.876735e-002" type="0"/>
    <Peak1D F1="8.309888" intensity="7.305992e-002" type="0"/>
    <Peak1D F1="8.305500" intensity="2.109796e-001" type="0"/>
    <Peak1D F1="8.277330" intensity="5.691797e-003" type="0"/>
    <Peak1D F1="8.255959" intensity="7.856819e-003" type="0"/>
    <Peak1D F1="8.237464" intensity="1.005984e-002" type="0"/>
    <Peak1D F1="8.231832" intensity="1.104483e-002" type="0"/>
    <Peak1D F1="8.209470" intensity="9.243482e-002" type="0"/>
    <Peak1D F1="8.201860" intensity="4.877315e-002" type="0"/>
    <Peak1D F1="8.193816" intensity="9.264763e-002" type="0"/>
    <Peak1D F1="8.188084" intensity="1.791748e-001" type="0"/>
    <Peak1D F1="8.179747" intensity="6.812987e-002" type="0"/>
    <Peak1D F1="8.172014" intensity="1.110965e-001" type="0"/>
    <Peak1D F1="8.166677" intensity="1.221975e-001" type="0"/>
    <Peak1D F1="8.158448" intensity="6.495175e-002" type="0"/>
    <Peak1D F1="8.141289" intensity="2.929772e-001" type="0"/>
    <Peak1D F1="8.135703" intensity="1.549493e+000" type="0"/>
    <Peak1D F1="8.130994" intensity="5.863592e-001" type="0"/>
    <Peak1D F1="8.126675" intensity="4.578703e-001" type="0"/>
    <Peak1D F1="8.118520" intensity="6.208718e-001" type="0"/>
    <Peak1D F1="8.113755" intensity="1.610042e+000" type="0"/>
    <Peak1D F1="8.107611" intensity="3.705929e-001" type="0"/>
    <Peak1D F1="8.104743" intensity="4.267977e-001" type="0"/>
    <Peak1D F1="8.099677" intensity="1.420790e-001" type="0"/>
    <Peak1D F1="8.077901" intensity="8.788878e-002" type="0"/>
    <Peak1D F1="8.064235" intensity="3.167726e-002" type="0"/>
    <Peak1D F1="8.056012" intensity="1.366199e-002" type="0"/>
    <Peak1D F1="8.049999" intensity="1.170503e-002" type="0"/>
    <Peak1D F1="8.025371" intensity="4.147153e-002" type="0"/>
    <Peak1D F1="8.020285" intensity="2.448359e-001" type="0"/>
    <Peak1D F1="8.015409" intensity="7.571841e-002" type="0"/>
    <Peak1D F1="8.003082" intensity="7.419974e-002" type="0"/>
    <Peak1D F1="7.998435" intensity="1.997393e-001" type="0"/>
    <Peak1D F1="7.993212" intensity="2.875826e-002" type="0"/>
    <Peak1D F1="7.970189" intensity="5.076456e-003" type="0"/>
    <Peak1D F1="7.946319" intensity="3.601378e-002" type="0"/>
    <Peak1D F1="7.927535" intensity="3.963144e-002" type="0"/>
    <Peak1D F1="7.904066" intensity="1.163324e-002" type="0"/>
    <Peak1D F1="7.898222" intensity="9.449348e-003" type="0"/>
    <Peak1D F1="7.886612" intensity="3.798296e-003" type="0"/>
    <Peak1D F1="7.881615" intensity="8.325724e-003" type="0"/>
    <Peak1D F1="7.861023" intensity="8.005806e-003" type="0"/>
    <Peak1D F1="7.839102" intensity="8.885319e-003" type="0"/>
    <Peak1D F1="7.830549" intensity="7.109332e-003" type="0"/>
    <Peak1D F1="7.814412" intensity="3.611861e-002" type="0"/>
    <Peak1D F1="7.795861" intensity="3.804111e-002" type="0"/>
    <Peak1D F1="7.790452" intensity="3.808343e-002" type="0"/>
    <Peak1D F1="7.769801" intensity="3.841151e-002" type="0"/>
    <Peak1D F1="7.749527" intensity="6.137532e-003" type="0"/>
    <Peak1D F1="7.727556" intensity="5.843339e-003" type="0"/>
    <Peak1D F1="7.707328" intensity="4.472948e-003" type="0"/>
    <Peak1D F1="7.678257" intensity="8.877357e-003" type="0"/>
    <Peak1D F1="7.665754" intensity="8.316271e-003" type="0"/>
    <Peak1D F1="7.659407" intensity="9.408196e-003" type="0"/>
    <Peak1D F1="7.615062" intensity="9.212511e-002" type="0"/>
    <Peak1D F1="7.593155" intensity="9.660403e-002" type="0"/>
    <Peak1D F1="7.562173" intensity="2.681139e-002" type="0"/>
    <Peak1D F1="7.555338" intensity="2.358642e-002" type="0"/>
    <Peak1D F1="7.549202" intensity="2.542080e-002" type="0"/>
    <Peak1D F1="7.529537" intensity="1.053717e-001" type="0"/>
    <Peak1D F1="7.508232" intensity="1.303587e-001" type="0"/>
    <Peak1D F1="7.496373" intensity="8.922896e-002" type="0"/>
    <Peak1D F1="7.493167" intensity="9.655099e-002" type="0"/>
    <Peak1D F1="7.478002" intensity="1.527261e+000" type="0"/>
    <Peak1D F1="7.473043" intensity="7.883392e-001" type="0"/>
    <Peak1D F1="7.456061" intensity="1.470886e+000" type="0"/>
    <Peak1D F1="7.450426" intensity="4.802998e-001" type="0"/>
    <Peak1D F1="7.427531" intensity="7.855955e-002" type="0"/>
    <Peak1D F1="7.406269" intensity="3.173722e-002" type="0"/>
    <Peak1D F1="7.394255" intensity="2.825693e-002" type="0"/>
    <Peak1D F1="7.383719" intensity="3.530642e-002" type="0"/>
    <Peak1D F1="7.375948" intensity="3.555455e-002" type="0"/>
    <Peak1D F1="7.361476" intensity="3.725043e-002" type="0"/>
    <Peak1D F1="7.356138" intensity="2.317204e-002" type="0"/>
    <Peak1D F1="7.351433" intensity="1.736887e-002" type="0"/>
    <Peak1D F1="7.338374" intensity="3.060359e-002" type="0"/>
    <Peak1D F1="7.334640" intensity="2.965044e-002" type="0"/>
    <Peak1D F1="7.318926" intensity="2.317723e-002" type="0"/>
    <Peak1D F1="7.311834" intensity="2.692603e-002" type="0"/>
    <Peak1D F1="7.305473" intensity="2.693969e-002" type="0"/>
    <Peak1D F1="7.298372" intensity="1.719846e-002" type="0"/>
    <Peak1D F1="7.283731" intensity="7.151099e-002" type="0"/>
    <Peak1D F1="7.266716" intensity="1.517571e-002" type="0"/>
    <Peak1D F1="7.261140" intensity="1.719661e-002" type="0"/>
    <Peak1D F1="7.233694" intensity="4.863353e+000" type="0"/>
    <Peak1D F1="7.216275" intensity="1.081678e-002" type="0"/>
    <Peak1D F1="7.208354" intensity="7.522284e-003" type="0"/>
    <Peak1D F1="7.204020" intensity="6.441014e-003" type="0"/>
    <Peak1D F1="7.197486" intensity="6.595552e-003" type="0"/>
    <Peak1D F1="7.183950" intensity="6.668735e-002" type="0"/>
    <Peak1D F1="7.162070" intensity="1.457629e-003" type="0"/>
    <Peak1D F1="7.134157" intensity="7.518997e-003" type="0"/>
    <Peak1D F1="7.112670" intensity="5.691193e-003" type="0"/>
    <Peak1D F1="7.050700" intensity="4.769517e-003" type="0"/>
    <Peak1D F1="7.031512" intensity="8.995079e-003" type="0"/>
    <Peak1D F1="7.020091" intensity="1.343982e-002" type="0"/>
    <Peak1D F1="7.007833" intensity="2.990384e-002" type="0"/>
    <Peak1D F1="6.987553" intensity="8.114256e-002" type="0"/>
    <Peak1D F1="6.972797" intensity="9.249195e-002" type="0"/>
    <Peak1D F1="6.969326" intensity="9.774302e-002" type="0"/>
    <Peak1D F1="6.959100" intensity="8.684072e-002" type="0"/>
    <Peak1D F1="6.924511" intensity="5.236180e-002" type="0"/>
    <Peak1D F1="6.908294" intensity="1.415841e-001" type="0"/>
    <Peak1D F1="6.890442" intensity="3.854527e-002" type="0"/>
    <Peak1D F1="6.858372" intensity="5.132915e-003" type="0"/>
    <Peak1D F1="6.826289" intensity="7.451168e-003" type="0"/>
    <Peak1D F1="6.771434" intensity="5.180172e-003" type="0"/>
    <Peak1D F1="6.745561" intensity="3.173502e-003" type="0"/>
    <Peak1D F1="6.720568" intensity="1.605346e-003" type="0"/>
    <Peak1D F1="6.702846" intensity="1.483115e-003" type="0"/>
    <Peak1D F1="6.609414" intensity="7.887897e-003" type="0"/>
    <Peak1D F1="6.589244" intensity="6.179698e-003" type="0"/>
    <Peak1D F1="6.460475" intensity="1.084124e-002" type="0"/>
    <Peak1D F1="6.204689" intensity="3.180943e-003" type="0"/>
    <Peak1D F1="6.199315" intensity="7.158852e-003" type="0"/>
    <Peak1D F1="6.193822" intensity="3.903548e-003" type="0"/>
    <Peak1D F1="6.154383" intensity="5.344281e-003" type="0"/>
    <Peak1D F1="6.111657" intensity="7.661499e-003" type="0"/>
    <Peak1D F1="6.104903" intensity="6.430689e-003" type="0"/>
    <Peak1D F1="6.050525" intensity="4.537775e-002" type="0"/>
    <Peak1D F1="6.040070" intensity="2.253771e-002" type="0"/>
    <Peak1D F1="6.033580" intensity="2.304770e-002" type="0"/>
    <Peak1D F1="6.000679" intensity="2.999502e+000" type="0"/>
    <Peak1D F1="5.975403" intensity="6.037529e-003" type="0"/>
    <Peak1D F1="5.950935" intensity="4.335475e-002" type="0"/>
    <Peak1D F1="5.939971" intensity="2.203364e-002" type="0"/>
    <Peak1D F1="5.928181" intensity="2.069667e-002" type="0"/>
    <Peak1D F1="5.877231" intensity="9.120763e-004" type="0"/>
    <Peak1D F1="5.804219" intensity="3.843538e-003" type="0"/>
    <Peak1D F1="5.799046" intensity="6.879929e-003" type="0"/>
    <Peak1D F1="5.793447" intensity="3.512225e-003" type="0"/>
    <Peak1D F1="5.780285" intensity="2.914613e-002" type="0"/>
    <Peak1D F1="5.773200" intensity="2.940739e-002" type="0"/>
    <Peak1D F1="5.756086" intensity="2.301325e-003" type="0"/>
    <Peak1D F1="5.707611" intensity="5.546838e-003" type="0"/>
    <Peak1D F1="5.629376" intensity="3.127092e-002" type="0"/>
    <Peak1D F1="5.602326" intensity="3.343761e-002" type="0"/>
    <Peak1D F1="5.584478" intensity="3.466901e-003" type="0"/>
    <Peak1D F1="5.557595" intensity="5.671135e-003" type="0"/>
    <Peak1D F1="5.530864" intensity="4.444562e-003" type="0"/>
    <Peak1D F1="5.517796" intensity="7.873346e-003" type="0"/>
    <Peak1D F1="5.500872" intensity="5.478268e-003" type="0"/>
    <Peak1D F1="5.493894" intensity="4.359433e-003" type="0"/>
    <Peak1D F1="5.485560" intensity="1.006725e-003" type="0"/>
    <Peak1D F1="5.460547" intensity="1.232944e-002" type="0"/>
    <Peak1D F1="5.454771" intensity="1.241817e-002" type="0"/>
    <Peak1D F1="5.434504" intensity="7.931930e-003" type="0"/>
    <Peak1D F1="5.402366" intensity="4.473516e-003" type="0"/>
    <Peak1D F1="5.385650" intensity="5.583319e-003" type="0"/>
    <Peak1D F1="5.379461" intensity="5.361463e-003" type="0"/>
    <Peak1D F1="5.358463" intensity="6.266012e-003" type="0"/>
    <Peak1D F1="5.335231" intensity="1.421160e-001" type="0"/>
    <Peak1D F1="5.328364" intensity="1.416215e-001" type="0"/>
    <Peak1D F1="5.299451" intensity="1.944426e-003" type="0"/>
    <Peak1D F1="5.273033" intensity="4.279102e-003" type="0"/>
    <Peak1D F1="5.267361" intensity="5.576353e-003" type="0"/>
    <Peak1D F1="5.261034" intensity="6.001090e-003" type="0"/>
    <Peak1D F1="5.251969" intensity="7.981548e-003" type="0"/>
    <Peak1D F1="5.244115" intensity="1.463851e-002" type="0"/>
    <Peak1D F1="5.236601" intensity="7.000636e-003" type="0"/>
    <Peak1D F1="4.998421" intensity="3.796016e-003" type="0"/>
    <Peak1D F1="4.976081" intensity="4.491380e-003" type="0"/>
    <Peak1D F1="4.926458" intensity="1.174758e-002" type="0"/>
    <Peak1D F1="4.905010" intensity="1.657839e-002" type="0"/>
    <Peak1D F1="4.890934" intensity="8.651899e-003" type="0"/>
    <Peak1D F1="4.885257" intensity="9.792735e-003" type="0"/>
    <Peak1D F1="4.869707" intensity="2.929592e-002" type="0"/>
    <Peak1D F1="4.847122" intensity="2.488331e-002" type="0"/>
    <Peak1D F1="4.819289" intensity="7.502525e-001" type="0"/>
    <Peak1D F1="4.797297" intensity="7.596520e-001" type="0"/>
    <Peak1D F1="4.769437" intensity="3.561799e-002" type="0"/>
    <Peak1D F1="4.747049" intensity="4.249398e-002" type="0"/>
    <Peak1D F1="4.699978" intensity="4.593387e-002" type="0"/>
    <Peak1D F1="4.636833" intensity="3.180715e-002" type="0"/>
    <Peak1D F1="4.616786" intensity="2.422048e-002" type="0"/>
    <Peak1D F1="4.511615" intensity="6.819585e-003" type="0"/>
    <Peak1D F1="4.495871" intensity="5.779007e-003" type="0"/>
    <Peak1D F1="4.460978" intensity="1.817095e-003" type="0"/>
    <Peak1D F1="4.423595" intensity="9.037697e-004" type="0"/>
    <Peak1D F1="4.384511" intensity="1.058549e-003" type="0"/>
    <Peak1D F1="4.338040" intensity="1.070455e-003" type="0"/>
    <Peak1D F1="4.326183" intensity="8.623210e-004" type="0"/>
    <Peak1D F1="4.307382" intensity="1.719620e-003" type="0"/>
    <Peak1D F1="4.295525" intensity="5.020457e-003" type="0"/>
    <Peak1D F1="4.285066" intensity="4.898275e-003" type="0"/>
    <Peak1D F1="4.273026" intensity="4.793376e-003" type="0"/>
    <Peak1D F1="4.262515" intensity="1.941307e-003" type="0"/>
    <Peak1D F1="4.134313" intensity="4.967567e-003" type="0"/>
    <Peak1D F1="4.121107" intensity="1.019909e-002" type="0"/>
    <Peak1D F1="4.114666" intensity="6.355708e-003" type="0"/>
    <Peak1D F1="4.101010" intensity="1.368155e-002" type="0"/>
    <Peak1D F1="4.081473" intensity="4.780428e-003" type="0"/>
    <Peak1D F1="3.863928" intensity="4.519555e-002" type="0"/>
    <Peak1D F1="3.797614" intensity="1.136808e-002" type="0"/>
    <Peak1D F1="3.791471" intensity="9.145581e-003" type="0"/>
    <Peak1D F1="3.788662" intensity="8.711104e-003" type="0"/>
    <Peak1D F1="3.774088" intensity="9.123201e-003" type="0"/>
    <Peak1D F1="3.762272" intensity="6.296418e-003" type="0"/>
    <Peak1D F1="3.736340" intensity="1.365364e-001" type="0"/>
    <Peak1D F1="3.726607" intensity="1.479159e-002" type="0"/>
    <Peak1D F1="3.719410" intensity="1.724844e-002" type="0"/>
    <Peak1D F1="3.686487" intensity="8.724917e+000" type="0"/>
    <Peak1D F1="3.669272" intensity="8.335692e-002" type="0"/>
    <Peak1D F1="3.661317" intensity="2.682305e-002" type="0"/>
    <Peak1D F1="3.657098" intensity="2.326774e-002" type="0"/>
    <Peak1D F1="3.648852" intensity="5.832229e-002" type="0"/>
    <Peak1D F1="3.636764" intensity="1.318337e-001" type="0"/>
    <Peak1D F1="3.614356" intensity="2.007622e-002" type="0"/>
    <Peak1D F1="3.607537" intensity="1.381230e-001" type="0"/>
    <Peak1D F1="3.587485" intensity="8.853328e-003" type="0"/>
    <Peak1D F1="3.580298" intensity="7.703361e-003" type="0"/>
    <Peak1D F1="3.566653" intensity="2.176934e-002" type="0"/>
    <Peak1D F1="3.557550" intensity="4.141928e-003" type="0"/>
    <Peak1D F1="3.548678" intensity="3.840468e-003" type="0"/>
    <Peak1D F1="3.534634" intensity="2.386549e-003" type="0"/>
    <Peak1D F1="3.517875" intensity="3.865999e-002" type="0"/>
    <Peak1D F1="3.504256" intensity="4.971098e-002" type="0"/>
    <Peak1D F1="3.492792" intensity="7.897740e-003" type="0"/>
    <Peak1D F1="3.467108" intensity="9.940760e-003" type="0"/>
    <Peak1D F1="3.454380" intensity="1.671100e-002" type="0"/>
    <Peak1D F1="3.447159" intensity="1.107979e-002" type="0"/>
    <Peak1D F1="3.432832" intensity="1.630749e-002" type="0"/>
    <Peak1D F1="3.413671" intensity="2.798479e-003" type="0"/>
    <Peak1D F1="3.399018" intensity="3.556526e-003" type="0"/>
    <Peak1D F1="3.391954" intensity="3.664712e-003" type="0"/>
    <Peak1D F1="3.382397" intensity="1.317398e-002" type="0"/>
    <Peak1D F1="3.365061" intensity="6.164222e-003" type="0"/>
    <Peak1D F1="3.344288" intensity="4.921328e-003" type="0"/>
    <Peak1D F1="3.327254" intensity="2.693860e-003" type="0"/>
    <Peak1D F1="3.263476" intensity="2.000025e-003" type="0"/>
    <Peak1D F1="3.244701" intensity="3.863144e-003" type="0"/>
    <Peak1D F1="3.224912" intensity="4.377644e-003" type="0"/>
    <Peak1D F1="3.204920" intensity="2.334276e-003" type="0"/>
    <Peak1D F1="3.195861" intensity="2.228236e-003" type="0"/>
    <Peak1D F1="3.178170" intensity="1.309425e-003" type="0"/>
    <Peak1D F1="3.129821" intensity="6.517694e-003" type="0"/>
    <Peak1D F1="3.126767" intensity="5.983719e-003" type="0"/>
    <Peak1D F1="3.115160" intensity="2.994201e-003" type="0"/>
    <Peak1D F1="3.095675" intensity="3.740759e-003" type="0"/>
    <Peak1D F1="3.083669" intensity="3.408351e-003" type="0"/>
    <Peak1D F1="3.073181" intensity="5.236674e-003" type="0"/>
    <Peak1D F1="2.958312" intensity="9.506963e-003" type="0"/>
    <Peak1D F1="2.951219" intensity="9.854517e-003" type="0"/>
    <Peak1D F1="2.940179" intensity="1.901764e-002" type="0"/>
    <Peak1D F1="2.933133" intensity="1.820328e-002" type="0"/>
    <Peak1D F1="2.921898" intensity="1.004579e-002" type="0"/>
    <Peak1D F1="2.915047" intensity="1.101528e-002" type="0"/>
    <Peak1D F1="2.896199" intensity="1.518253e-003" type="0"/>
    <Peak1D F1="2.810513" intensity="4.255149e-003" type="0"/>
    <Peak1D F1="2.800729" intensity="7.812800e-003" type="0"/>
    <Peak1D F1="2.794659" intensity="1.212711e-002" type="0"/>
    <Peak1D F1="2.782504" intensity="1.356926e-002" type="0"/>
    <Peak1D F1="2.767959" intensity="1.291624e-002" type="0"/>
    <Peak1D F1="2.753837" intensity="2.065181e-002" type="0"/>
    <Peak1D F1="2.741359" intensity="2.100808e-002" type="0"/>
    <Peak1D F1="2.735794" intensity="2.325259e-002" type="0"/>
    <Peak1D F1="2.708240" intensity="1.022128e-002" type="0"/>
    <Peak1D F1="2.679116" intensity="5.134518e-003" type="0"/>
    <Peak1D F1="2.658704" intensity="2.552670e-001" type="0"/>
    <Peak1D F1="2.630304" intensity="3.925310e-003" type="0"/>
    <Peak1D F1="2.617075" intensity="5.014266e-003" type="0"/>
    <Peak1D F1="2.609320" intensity="4.376327e-003" type="0"/>
    <Peak1D F1="2.597512" intensity="3.223775e-003" type="0"/>
    <Peak1D F1="2.591953" intensity="3.586422e-003" type="0"/>
    <Peak1D F1="2.567466" intensity="2.055249e-001" type="0"/>
    <Peak1D F1="2.550444" intensity="1.548528e-002" type="0"/>
    <Peak1D F1="2.541277" intensity="3.319388e-002" type="0"/>
    <Peak1D F1="2.518850" intensity="2.812328e-002" type="0"/>
    <Peak1D F1="2.506007" intensity="2.090930e-001" type="0"/>
    <Peak1D F1="2.488811" intensity="1.713749e-002" type="0"/>
    <Peak1D F1="2.474164" intensity="7.173222e-003" type="0"/>
    <Peak1D F1="2.456146" intensity="2.238345e-002" type="0"/>
    <Peak1D F1="2.445109" intensity="2.722345e-002" type="0"/>
    <Peak1D F1="2.438995" intensity="1.946048e-002" type="0"/>
    <Peak1D F1="2.411082" intensity="3.597769e-001" type="0"/>
    <Peak1D F1="2.401648" intensity="1.715892e-001" type="0"/>
    <Peak1D F1="2.394969" intensity="1.549555e-001" type="0"/>
    <Peak1D F1="2.391486" intensity="1.239392e-001" type="0"/>
    <Peak1D F1="2.384332" intensity="1.661675e-001" type="0"/>
    <Peak1D F1="2.379843" intensity="2.074927e-001" type="0"/>
    <Peak1D F1="2.375556" intensity="2.616381e-001" type="0"/>
    <Peak1D F1="2.352609" intensity="5.237451e-001" type="0"/>
    <Peak1D F1="2.345210" intensity="3.433988e-001" type="0"/>
    <Peak1D F1="2.332355" intensity="3.770811e-001" type="0"/>
    <Peak1D F1="2.324410" intensity="3.248881e-001" type="0"/>
    <Peak1D F1="2.303267" intensity="1.887914e-001" type="0"/>
    <Peak1D F1="2.290373" intensity="8.443549e-002" type="0"/>
    <Peak1D F1="2.282662" intensity="2.798177e-001" type="0"/>
    <Peak1D F1="2.274181" intensity="3.559479e-001" type="0"/>
    <Peak1D F1="2.268290" intensity="2.722507e-001" type="0"/>
    <Peak1D F1="2.255409" intensity="1.047438e-001" type="0"/>
    <Peak1D F1="2.251849" intensity="9.557335e-002" type="0"/>
    <Peak1D F1="2.239669" intensity="2.463466e-001" type="0"/>
    <Peak1D F1="2.228695" intensity="3.348850e-001" type="0"/>
    <Peak1D F1="2.216259" intensity="2.497462e-001" type="0"/>
    <Peak1D F1="2.208923" intensity="1.000836e-001" type="0"/>
    <Peak1D F1="2.204438" intensity="7.655859e-002" type="0"/>
    <Peak1D F1="2.193758" intensity="3.177882e-001" type="0"/>
    <Peak1D F1="2.189599" intensity="3.154885e-001" type="0"/>
    <Peak1D F1="2.167550" intensity="4.501659e-001" type="0"/>
    <Peak1D F1="2.157134" intensity="1.334658e-001" type="0"/>
    <Peak1D F1="2.150290" intensity="2.440865e-001" type="0"/>
    <Peak1D F1="2.145310" intensity="3.203232e-001" type="0"/>
    <Peak1D F1="2.141443" intensity="3.372504e-001" type="0"/>
    <Peak1D F1="2.130435" intensity="4.756669e-001" type="0"/>
    <Peak1D F1="2.118534" intensity="5.245546e-001" type="0"/>
    <Peak1D F1="2.100584" intensity="4.784432e+000" type="0"/>
    <Peak1D F1="2.091971" intensity="3.758095e+000" type="0"/>
    <Peak1D F1="2.089966" intensity="3.961658e+000" type="0"/>
    <Peak1D F1="2.081053" intensity="1.443445e+001" type="0"/>
    <Peak1D F1="2.069334" intensity="4.117605e+000" type="0"/>
    <Peak1D F1="2.062224" intensity="7.513298e+000" type="0"/>
    <Peak1D F1="2.046714" intensity="5.457447e-001" type="0"/>
    <Peak1D F1="2.041131" intensity="4.226338e-001" type="0"/>
    <Peak1D F1="2.037262" intensity="4.417996e-001" type="0"/>
    <Peak1D F1="2.034813" intensity="4.328945e-001" type="0"/>
    <Peak1D F1="2.031508" intensity="5.020166e-001" type="0"/>
    <Peak1D F1="2.012749" intensity="2.410531e-001" type="0"/>
    <Peak1D F1="1.993964" intensity="1.139192e-001" type="0"/>
    <Peak1D F1="1.984882" intensity="1.359392e-001" type="0"/>
    <Peak1D F1="1.975557" intensity="1.538509e-001" type="0"/>
    <Peak1D F1="1.969725" intensity="1.515256e-001" type="0"/>
    <Peak1D F1="1.959332" intensity="2.415443e-001" type="0"/>
    <Peak1D F1="1.952688" intensity="3.982674e-001" type="0"/>
    <Peak1D F1="1.934679" intensity="3.181160e+000" type="0"/>
    <Peak1D F1="1.924806" intensity="8.245224e-001" type="0"/>
    <Peak1D F1="1.921023" intensity="8.250679e-001" type="0"/>
    <Peak1D F1="1.917486" intensity="1.157129e+000" type="0"/>
    <Peak1D F1="1.912461" intensity="1.070856e+000" type="0"/>
    <Peak1D F1="1.902859" intensity="7.648493e+000" type="0"/>
    <Peak1D F1="1.892905" intensity="6.226815e+000" type="0"/>
    <Peak1D F1="1.891645" intensity="6.356238e+000" type="0"/>
    <Peak1D F1="1.883162" intensity="1.500000e+001" type="0"/>
    <Peak1D F1="1.874158" intensity="5.478346e+000" type="0"/>
    <Peak1D F1="1.872231" intensity="5.715987e+000" type="0"/>
    <Peak1D F1="1.863716" intensity="4.893236e+000" type="0"/>
    <Peak1D F1="1.851707" intensity="7.320067e-001" type="0"/>
    <Peak1D F1="1.841613" intensity="4.451291e-001" type="0"/>
    <Peak1D F1="1.833528" intensity="4.108564e-001" type="0"/>
    <Peak1D F1="1.825960" intensity="2.038818e-001" type="0"/>
    <Peak1D F1="1.823277" intensity="2.007040e-001" type="0"/>
    <Peak1D F1="1.814090" intensity="1.632243e-001" type="0"/>
    <Peak1D F1="1.804638" intensity="8.772042e-002" type="0"/>
    <Peak1D F1="1.774012" intensity="5.882813e-002" type="0"/>
    <Peak1D F1="1.762986" intensity="6.685266e-002" type="0"/>
    <Peak1D F1="1.751776" intensity="7.548490e-002" type="0"/>
    <Peak1D F1="1.736965" intensity="1.114056e-001" type="0"/>
    <Peak1D F1="1.734429" intensity="1.129973e-001" type="0"/>
    <Peak1D F1="1.721578" intensity="1.420565e-001" type="0"/>
    <Peak1D F1="1.716390" intensity="2.071222e-001" type="0"/>
    <Peak1D F1="1.711502" intensity="1.600396e-001" type="0"/>
    <Peak1D F1="1.700819" intensity="3.499500e-001" type="0"/>
    <Peak1D F1="1.693934" intensity="3.195974e-001" type="0"/>
    <Peak1D F1="1.676803" intensity="5.606657e-001" type="0"/>
    <Peak1D F1="1.671554" intensity="4.155839e-001" type="0"/>
    <Peak1D F1="1.665209" intensity="2.477783e-001" type="0"/>
    <Peak1D F1="1.657373" intensity="3.817611e-001" type="0"/>
    <Peak1D F1="1.652355" intensity="3.553236e-001" type="0"/>
    <Peak1D F1="1.646762" intensity="2.630667e-001" type="0"/>
    <Peak1D F1="1.641335" intensity="2.459999e-001" type="0"/>
    <Peak1D F1="1.637025" intensity="2.264175e-001" type="0"/>
    <Peak1D F1="1.630928" intensity="1.562087e-001" type="0"/>
    <Peak1D F1="1.625103" intensity="1.669533e-001" type="0"/>
    <Peak1D F1="1.609962" intensity="1.303671e-001" type="0"/>
    <Peak1D F1="1.598435" intensity="5.678001e-002" type="0"/>
    <Peak1D F1="1.589049" intensity="5.242256e-002" type="0"/>
    <Peak1D F1="1.575743" intensity="4.887690e-002" type="0"/>
    <Peak1D F1="1.566541" intensity="4.609831e-002" type="0"/>
    <Peak1D F1="1.559979" intensity="5.574143e-002" type="0"/>
    <Peak1D F1="1.553020" intensity="5.674313e-002" type="0"/>
    <Peak1D F1="1.547477" intensity="7.193886e-002" type="0"/>
    <Peak1D F1="1.542441" intensity="8.154017e-002" type="0"/>
    <Peak1D F1="1.535966" intensity="9.106777e-002" type="0"/>
    <Peak1D F1="1.532507" intensity="9.561601e-002" type="0"/>
    <Peak1D F1="1.527404" intensity="1.431129e-001" type="0"/>
    <Peak1D F1="1.512897" intensity="1.500267e-001" type="0"/>
    <Peak1D F1="1.508313" intensity="2.264608e-001" type="0"/>
    <Peak1D F1="1.490302" intensity="2.205730e-001" type="0"/>
    <Peak1D F1="1.478088" intensity="2.045343e-001" type="0"/>
    <Peak1D F1="1.461309" intensity="1.782544e-001" type="0"/>
    <Peak1D F1="1.443583" intensity="6.124679e-002" type="0"/>
    <Peak1D F1="1.436773" intensity="4.050319e-002" type="0"/>
    <Peak1D F1="1.431375" intensity="4.172979e-002" type="0"/>
    <Peak1D F1="1.427284" intensity="4.290226e-002" type="0"/>
    <Peak1D F1="1.411831" intensity="1.797545e-002" type="0"/>
    <Peak1D F1="1.399512" intensity="1.817332e-002" type="0"/>
    <Peak1D F1="1.371547" intensity="1.970293e-002" type="0"/>
    <Peak1D F1="1.351101" intensity="2.743327e-002" type="0"/>
    <Peak1D F1="1.330618" intensity="1.341257e-002" type="0"/>
    <Peak1D F1="1.256952" intensity="1.229656e-002" type="0"/>
    <Peak1D F1="1.227644" intensity="1.823154e-002" type="0"/>
    <Peak1D F1="1.208610" intensity="1.694955e-002" type="0"/>
    <Peak1D F1="1.192098" intensity="2.159244e-002" type="0"/>
    <Peak1D F1="1.178060" intensity="3.128092e-002" type="0"/>
    <Peak1D F1="1.157894" intensity="1.054553e-002" type="0"/>
    <Peak1D F1="1.149705" intensity="9.141743e-003" type="0"/>
    <Peak1D F1="1.132489" intensity="8.206636e-003" type="0"/>
    <Peak1D F1="1.128011" intensity="1.247206e-002" type="0"/>
    <Peak1D F1="1.112790" intensity="1.083445e-002" type="0"/>
    <Peak1D F1="1.040033" intensity="4.340999e-003" type="0"/>
    <Peak1D F1="1.013590" intensity="4.299196e-003" type="0"/>
    <Peak1D F1="0.952196" intensity="3.845271e-003" type="0"/>
    <Peak1D F1="0.912750" intensity="3.481837e-003" type="0"/>
    <Peak1D F1="0.881016" intensity="3.404273e-003" type="0"/>
    <Peak1D F1="0.844576" intensity="3.279021e-003" type="0"/>
    <Peak1D F1="0.816923" intensity="6.612422e-003" type="0"/>
    <Peak1D F1="0.799872" intensity="1.175759e-002" type="0"/>
    <Peak1D F1="0.781877" intensity="7.214728e-003" type="0"/>
    <Peak1D F1="0.756480" intensity="6.110835e-003" type="0"/>
    <Peak1D F1="0.737205" intensity="5.177336e-003" type="0"/>
    <Peak1D F1="0.721960" intensity="3.954605e-003" type="0"/>
    <Peak1D F1="0.664810" intensity="2.292527e-003" type="0"/>
    <Peak1D F1="0.623227" intensity="2.091921e-003" type="0"/>
    <Peak1D F1="0.583496" intensity="1.833453e-003" type="0"/>
    <Peak1D F1="0.548486" intensity="1.726900e-003" type="0"/>
    <Peak1D F1="0.523409" intensity="1.916535e-003" type="0"/>
    <Peak1D F1="0.506325" intensity="1.894059e-003" type="0"/>
    <Peak1D F1="0.498725" intensity="1.652070e-003" type="0"/>
    <Peak1D F1="0.458994" intensity="1.593831e-003" type="0"/>
    <Peak1D F1="0.431208" intensity="1.483071e-003" type="0"/>
    <Peak1D F1="0.380486" intensity="1.447315e-003" type="0"/>
    <Peak1D F1="0.377211" intensity="1.397471e-003" type="0"/>
    <Peak1D F1="0.345826" intensity="1.255327e-003" type="0"/>
    <Peak1D F1="0.298573" intensity="1.136811e-003" type="0"/>
    <Peak1D F1="0.286006" intensity="1.090032e-003" type="0"/>
    <Peak1D F1="0.264310" intensity="1.175325e-003" type="0"/>
    <Peak1D F1="0.238413" intensity="1.021257e-003" type="0"/>
    <Peak1D F1="0.177723" intensity="1.117988e-003" type="0"/>
    <Peak1D F1="0.116616" intensity="1.280074e-003" type="0"/>
    <Peak1D F1="0.071567" intensity="1.012229e-003" type="0"/>
    <Peak1D F1="0.048781" intensity="1.869312e-003" type="0"/>
    <Peak1D F1="0.039813" intensity="1.157359e-003" type="0"/>
    <Peak1D F1="0.009180" intensity="3.460160e-003" type="0"/>
    <Peak1D F1="-0.000149" intensity="7.036344e-002" type="0"/>
    <Peak1D F1="-0.027240" intensity="1.535665e-003" type="0"/>
    <Peak1D F1="-0.050334" intensity="1.782423e-003" type="0"/>
    <Peak1D F1="-0.090363" intensity="8.487565e-004" type="0"/>
    <Peak1D F1="-0.146604" intensity="8.933548e-004" type="0"/>
    <Peak1D F1="-3.239150" intensity="9.305223e-004" type="0"/>
  </PeakList1D>
</PeakList>
