<?xml version="1.0" encoding="UTF-8"?>
<PeakList>
  <PeakList1D>
    <PeakList1DHeader creator="nmr" date="2021-08-11T15:07:04.150+03:00" expNo="10" name="ID-427-B-11.8.21" owner="" procNo="1" source="//132.72.8.180/400b/Milo/Milo">
      <PeakPickDetails>F1=16.137630ppm, F2=-3.891415ppm, MI=0.00cm, MAXI=10000.00cm, PC=1.000
      </PeakPickDetails>
    </PeakList1DHeader>
    <Peak1D F1="12.370753" intensity="1.643169e-003" type="0"/>
    <Peak1D F1="11.983521" intensity="1.590404e-003" type="0"/>
    <Peak1D F1="11.925085" intensity="2.187601e-003" type="0"/>
    <Peak1D F1="11.334571" intensity="1.948186e-003" type="0"/>
    <Peak1D F1="11.130952" intensity="1.613299e-003" type="0"/>
    <Peak1D F1="10.084051" intensity="2.684696e-003" type="0"/>
    <Peak1D F1="8.410375" intensity="1.828954e-003" type="0"/>
    <Peak1D F1="8.378767" intensity="2.017150e-003" type="0"/>
    <Peak1D F1="8.336452" intensity="8.963836e-003" type="0"/>
    <Peak1D F1="8.319538" intensity="9.317826e-003" type="0"/>
    <Peak1D F1="8.213112" intensity="8.142760e-002" type="0"/>
    <Peak1D F1="8.194531" intensity="1.401820e-001" type="0"/>
    <Peak1D F1="8.191710" intensity="1.367928e-001" type="0"/>
    <Peak1D F1="8.179550" intensity="1.038423e-001" type="0"/>
    <Peak1D F1="8.175195" intensity="1.186942e-001" type="0"/>
    <Peak1D F1="8.145931" intensity="6.789261e-001" type="0"/>
    <Peak1D F1="8.135150" intensity="1.302036e+000" type="0"/>
    <Peak1D F1="8.129849" intensity="1.341488e+000" type="0"/>
    <Peak1D F1="8.124463" intensity="1.207055e+000" type="0"/>
    <Peak1D F1="8.118026" intensity="1.053629e+000" type="0"/>
    <Peak1D F1="8.113321" intensity="1.445393e+000" type="0"/>
    <Peak1D F1="8.108758" intensity="1.058039e+000" type="0"/>
    <Peak1D F1="8.103952" intensity="5.830554e-001" type="0"/>
    <Peak1D F1="8.078624" intensity="7.702495e-002" type="0"/>
    <Peak1D F1="8.074567" intensity="7.941192e-002" type="0"/>
    <Peak1D F1="8.021811" intensity="8.976462e-003" type="0"/>
    <Peak1D F1="7.998859" intensity="5.617763e-003" type="0"/>
    <Peak1D F1="7.982073" intensity="4.058572e-003" type="0"/>
    <Peak1D F1="7.884721" intensity="2.585583e-002" type="0"/>
    <Peak1D F1="7.874986" intensity="4.609191e-002" type="0"/>
    <Peak1D F1="7.866134" intensity="4.734057e-002" type="0"/>
    <Peak1D F1="7.863630" intensity="5.230149e-002" type="0"/>
    <Peak1D F1="7.855115" intensity="6.252714e-002" type="0"/>
    <Peak1D F1="7.844627" intensity="5.031710e-002" type="0"/>
    <Peak1D F1="7.828071" intensity="2.420440e-002" type="0"/>
    <Peak1D F1="7.789212" intensity="1.971099e-002" type="0"/>
    <Peak1D F1="7.784688" intensity="1.893920e-002" type="0"/>
    <Peak1D F1="7.777273" intensity="1.420242e-002" type="0"/>
    <Peak1D F1="7.767317" intensity="2.124034e-002" type="0"/>
    <Peak1D F1="7.719693" intensity="5.546289e-002" type="0"/>
    <Peak1D F1="7.698081" intensity="8.570286e-002" type="0"/>
    <Peak1D F1="7.686959" intensity="2.283044e-001" type="0"/>
    <Peak1D F1="7.675842" intensity="9.463026e-002" type="0"/>
    <Peak1D F1="7.670186" intensity="1.761044e-001" type="0"/>
    <Peak1D F1="7.665267" intensity="2.422255e-001" type="0"/>
    <Peak1D F1="7.659040" intensity="9.761322e-002" type="0"/>
    <Peak1D F1="7.644423" intensity="3.373777e-002" type="0"/>
    <Peak1D F1="7.638281" intensity="4.504295e-002" type="0"/>
    <Peak1D F1="7.615908" intensity="7.331945e-002" type="0"/>
    <Peak1D F1="7.598931" intensity="5.091662e-002" type="0"/>
    <Peak1D F1="7.589298" intensity="7.019413e-002" type="0"/>
    <Peak1D F1="7.567072" intensity="4.761133e-002" type="0"/>
    <Peak1D F1="7.550396" intensity="6.106798e-002" type="0"/>
    <Peak1D F1="7.525597" intensity="1.023257e-001" type="0"/>
    <Peak1D F1="7.521584" intensity="9.896900e-002" type="0"/>
    <Peak1D F1="7.505308" intensity="2.475947e-001" type="0"/>
    <Peak1D F1="7.503261" intensity="2.479842e-001" type="0"/>
    <Peak1D F1="7.490856" intensity="3.669226e-001" type="0"/>
    <Peak1D F1="7.483465" intensity="9.099044e-001" type="0"/>
    <Peak1D F1="7.475786" intensity="1.585056e+000" type="0"/>
    <Peak1D F1="7.471977" intensity="1.439579e+000" type="0"/>
    <Peak1D F1="7.461631" intensity="8.936529e-001" type="0"/>
    <Peak1D F1="7.458539" intensity="8.283989e-001" type="0"/>
    <Peak1D F1="7.454670" intensity="1.473644e+000" type="0"/>
    <Peak1D F1="7.433707" intensity="7.260344e-002" type="0"/>
    <Peak1D F1="7.421828" intensity="5.117281e-002" type="0"/>
    <Peak1D F1="7.411705" intensity="2.835011e-002" type="0"/>
    <Peak1D F1="7.404721" intensity="2.831063e-002" type="0"/>
    <Peak1D F1="7.376928" intensity="1.140570e-002" type="0"/>
    <Peak1D F1="7.334968" intensity="3.801348e-003" type="0"/>
    <Peak1D F1="7.306633" intensity="1.339766e-002" type="0"/>
    <Peak1D F1="7.301311" intensity="1.389068e-002" type="0"/>
    <Peak1D F1="7.281817" intensity="1.346731e-001" type="0"/>
    <Peak1D F1="7.267917" intensity="3.461064e-002" type="0"/>
    <Peak1D F1="7.254439" intensity="4.192756e-002" type="0"/>
    <Peak1D F1="7.232272" intensity="7.462082e+000" type="0"/>
    <Peak1D F1="7.212974" intensity="1.461381e-002" type="0"/>
    <Peak1D F1="7.181592" intensity="1.186766e-001" type="0"/>
    <Peak1D F1="7.166961" intensity="2.438182e-003" type="0"/>
    <Peak1D F1="6.967456" intensity="4.103213e-002" type="0"/>
    <Peak1D F1="6.957173" intensity="1.868303e-002" type="0"/>
    <Peak1D F1="6.948895" intensity="3.258299e-002" type="0"/>
    <Peak1D F1="6.944430" intensity="2.751354e-002" type="0"/>
    <Peak1D F1="6.936291" intensity="2.340903e-002" type="0"/>
    <Peak1D F1="6.927100" intensity="3.416442e-002" type="0"/>
    <Peak1D F1="6.899302" intensity="4.238547e-002" type="0"/>
    <Peak1D F1="6.892308" intensity="4.648864e-002" type="0"/>
    <Peak1D F1="6.882344" intensity="6.997649e-002" type="0"/>
    <Peak1D F1="6.877655" intensity="8.529937e-002" type="0"/>
    <Peak1D F1="6.857534" intensity="9.642135e-002" type="0"/>
    <Peak1D F1="6.852669" intensity="8.523019e-002" type="0"/>
    <Peak1D F1="6.846084" intensity="1.452911e-001" type="0"/>
    <Peak1D F1="6.840726" intensity="1.353607e-001" type="0"/>
    <Peak1D F1="6.834478" intensity="1.993816e-001" type="0"/>
    <Peak1D F1="6.829481" intensity="1.992240e-001" type="0"/>
    <Peak1D F1="6.824647" intensity="1.628012e-001" type="0"/>
    <Peak1D F1="6.818188" intensity="1.039947e-001" type="0"/>
    <Peak1D F1="6.812702" intensity="1.542238e-001" type="0"/>
    <Peak1D F1="6.807973" intensity="1.078395e-001" type="0"/>
    <Peak1D F1="6.755282" intensity="4.457764e-003" type="0"/>
    <Peak1D F1="6.733249" intensity="2.988223e-003" type="0"/>
    <Peak1D F1="6.693085" intensity="9.859561e-003" type="0"/>
    <Peak1D F1="6.688079" intensity="1.203252e-002" type="0"/>
    <Peak1D F1="6.654914" intensity="2.067444e-003" type="0"/>
    <Peak1D F1="6.200979" intensity="6.117831e-003" type="0"/>
    <Peak1D F1="6.195764" intensity="5.096068e-003" type="0"/>
    <Peak1D F1="6.174436" intensity="3.075917e-003" type="0"/>
    <Peak1D F1="6.120168" intensity="4.881506e-003" type="0"/>
    <Peak1D F1="6.112772" intensity="7.590429e-003" type="0"/>
    <Peak1D F1="6.088539" intensity="8.494137e-003" type="0"/>
    <Peak1D F1="6.062430" intensity="4.251355e-002" type="0"/>
    <Peak1D F1="6.052346" intensity="3.429076e-002" type="0"/>
    <Peak1D F1="6.046845" intensity="4.314647e-002" type="0"/>
    <Peak1D F1="6.041495" intensity="4.426070e-002" type="0"/>
    <Peak1D F1="6.012169" intensity="1.154326e+000" type="0"/>
    <Peak1D F1="6.002389" intensity="2.044413e+000" type="0"/>
    <Peak1D F1="5.998232" intensity="1.318702e+000" type="0"/>
    <Peak1D F1="5.970065" intensity="2.546563e-003" type="0"/>
    <Peak1D F1="5.962149" intensity="3.770680e-002" type="0"/>
    <Peak1D F1="5.952271" intensity="3.703198e-002" type="0"/>
    <Peak1D F1="5.947026" intensity="4.171272e-002" type="0"/>
    <Peak1D F1="5.936767" intensity="1.776451e-002" type="0"/>
    <Peak1D F1="5.921141" intensity="2.816150e-003" type="0"/>
    <Peak1D F1="5.912935" intensity="4.791592e-003" type="0"/>
    <Peak1D F1="5.810369" intensity="3.780644e-003" type="0"/>
    <Peak1D F1="5.800411" intensity="9.081220e-003" type="0"/>
    <Peak1D F1="5.786713" intensity="2.417219e-002" type="0"/>
    <Peak1D F1="5.744617" intensity="1.625058e-002" type="0"/>
    <Peak1D F1="5.702549" intensity="2.308386e-003" type="0"/>
    <Peak1D F1="5.691987" intensity="2.873441e-003" type="0"/>
    <Peak1D F1="5.653142" intensity="4.311543e-003" type="0"/>
    <Peak1D F1="5.632123" intensity="1.813195e-002" type="0"/>
    <Peak1D F1="5.605847" intensity="1.906402e-002" type="0"/>
    <Peak1D F1="5.591397" intensity="4.361350e-003" type="0"/>
    <Peak1D F1="5.565195" intensity="5.322267e-003" type="0"/>
    <Peak1D F1="5.539454" intensity="5.428484e-003" type="0"/>
    <Peak1D F1="5.502759" intensity="1.380301e-002" type="0"/>
    <Peak1D F1="5.456614" intensity="7.316028e-002" type="0"/>
    <Peak1D F1="5.425505" intensity="3.214299e-002" type="0"/>
    <Peak1D F1="5.381649" intensity="2.782395e-002" type="0"/>
    <Peak1D F1="5.346220" intensity="1.117141e-001" type="0"/>
    <Peak1D F1="5.337173" intensity="2.314234e-001" type="0"/>
    <Peak1D F1="5.332108" intensity="2.265879e-001" type="0"/>
    <Peak1D F1="5.297768" intensity="5.156342e-003" type="0"/>
    <Peak1D F1="5.288799" intensity="6.028745e-003" type="0"/>
    <Peak1D F1="5.269172" intensity="6.024868e-003" type="0"/>
    <Peak1D F1="5.259462" intensity="5.883958e-003" type="0"/>
    <Peak1D F1="5.214329" intensity="1.851726e-003" type="0"/>
    <Peak1D F1="5.117993" intensity="2.029207e-003" type="0"/>
    <Peak1D F1="5.102603" intensity="2.362604e-003" type="0"/>
    <Peak1D F1="4.997386" intensity="6.194590e-003" type="0"/>
    <Peak1D F1="4.976327" intensity="6.513482e-003" type="0"/>
    <Peak1D F1="4.926208" intensity="1.824339e-002" type="0"/>
    <Peak1D F1="4.904467" intensity="3.209218e-002" type="0"/>
    <Peak1D F1="4.891290" intensity="4.245611e-002" type="0"/>
    <Peak1D F1="4.883901" intensity="2.681668e-002" type="0"/>
    <Peak1D F1="4.869578" intensity="7.629629e-002" type="0"/>
    <Peak1D F1="4.846859" intensity="5.227625e-002" type="0"/>
    <Peak1D F1="4.835226" intensity="4.293581e-002" type="0"/>
    <Peak1D F1="4.818775" intensity="9.651065e-001" type="0"/>
    <Peak1D F1="4.796848" intensity="9.948686e-001" type="0"/>
    <Peak1D F1="4.768991" intensity="5.184351e-002" type="0"/>
    <Peak1D F1="4.747016" intensity="6.872623e-002" type="0"/>
    <Peak1D F1="4.697475" intensity="8.902004e-002" type="0"/>
    <Peak1D F1="4.637844" intensity="3.824839e-002" type="0"/>
    <Peak1D F1="4.615052" intensity="2.818980e-002" type="0"/>
    <Peak1D F1="4.493164" intensity="6.926285e-003" type="0"/>
    <Peak1D F1="4.480967" intensity="5.156874e-003" type="0"/>
    <Peak1D F1="4.425022" intensity="3.412497e-003" type="0"/>
    <Peak1D F1="4.412257" intensity="3.190288e-003" type="0"/>
    <Peak1D F1="4.376619" intensity="2.430677e-003" type="0"/>
    <Peak1D F1="4.333537" intensity="2.111488e-003" type="0"/>
    <Peak1D F1="4.311337" intensity="2.098418e-003" type="0"/>
    <Peak1D F1="4.290201" intensity="1.772955e-003" type="0"/>
    <Peak1D F1="4.045969" intensity="3.500937e-003" type="0"/>
    <Peak1D F1="4.028733" intensity="3.085234e-003" type="0"/>
    <Peak1D F1="3.935576" intensity="2.367785e-003" type="0"/>
    <Peak1D F1="3.924033" intensity="3.277298e-003" type="0"/>
    <Peak1D F1="3.874114" intensity="2.088071e-002" type="0"/>
    <Peak1D F1="3.864664" intensity="3.629629e-002" type="0"/>
    <Peak1D F1="3.860819" intensity="2.449251e-002" type="0"/>
    <Peak1D F1="3.844251" intensity="8.991953e-003" type="0"/>
    <Peak1D F1="3.826039" intensity="8.022581e-002" type="0"/>
    <Peak1D F1="3.817079" intensity="1.302010e-001" type="0"/>
    <Peak1D F1="3.813267" intensity="9.116001e-002" type="0"/>
    <Peak1D F1="3.807303" intensity="5.614071e-002" type="0"/>
    <Peak1D F1="3.793494" intensity="1.323780e-001" type="0"/>
    <Peak1D F1="3.784270" intensity="2.033831e-001" type="0"/>
    <Peak1D F1="3.779512" intensity="2.402282e-001" type="0"/>
    <Peak1D F1="3.776830" intensity="2.054792e-001" type="0"/>
    <Peak1D F1="3.772398" intensity="1.896110e-001" type="0"/>
    <Peak1D F1="3.766999" intensity="2.281162e-001" type="0"/>
    <Peak1D F1="3.759499" intensity="5.466942e-001" type="0"/>
    <Peak1D F1="3.753406" intensity="3.565262e-001" type="0"/>
    <Peak1D F1="3.749531" intensity="6.423106e-001" type="0"/>
    <Peak1D F1="3.745754" intensity="5.036154e-001" type="0"/>
    <Peak1D F1="3.737230" intensity="1.362131e-001" type="0"/>
    <Peak1D F1="3.732884" intensity="1.193381e-001" type="0"/>
    <Peak1D F1="3.718503" intensity="7.550726e-002" type="0"/>
    <Peak1D F1="3.696685" intensity="3.530681e+000" type="0"/>
    <Peak1D F1="3.687218" intensity="6.379218e+000" type="0"/>
    <Peak1D F1="3.683207" intensity="3.996776e+000" type="0"/>
    <Peak1D F1="3.668018" intensity="6.894264e-002" type="0"/>
    <Peak1D F1="3.654742" intensity="1.741058e-002" type="0"/>
    <Peak1D F1="3.646649" intensity="1.218746e-001" type="0"/>
    <Peak1D F1="3.637123" intensity="9.059277e-002" type="0"/>
    <Peak1D F1="3.632833" intensity="7.468838e-002" type="0"/>
    <Peak1D F1="3.597411" intensity="8.042812e-003" type="0"/>
    <Peak1D F1="3.587801" intensity="5.995315e-003" type="0"/>
    <Peak1D F1="3.566149" intensity="5.958496e-003" type="0"/>
    <Peak1D F1="3.562507" intensity="5.745091e-003" type="0"/>
    <Peak1D F1="3.548496" intensity="4.722916e-003" type="0"/>
    <Peak1D F1="3.540558" intensity="3.998720e-003" type="0"/>
    <Peak1D F1="3.514346" intensity="2.260002e-002" type="0"/>
    <Peak1D F1="3.504988" intensity="3.751541e-002" type="0"/>
    <Peak1D F1="3.501129" intensity="2.707574e-002" type="0"/>
    <Peak1D F1="3.381055" intensity="1.330040e-002" type="0"/>
    <Peak1D F1="3.339887" intensity="1.310242e-002" type="0"/>
    <Peak1D F1="3.269901" intensity="9.126529e-003" type="0"/>
    <Peak1D F1="3.197830" intensity="5.009389e-003" type="0"/>
    <Peak1D F1="3.157504" intensity="3.778771e-003" type="0"/>
    <Peak1D F1="3.138583" intensity="2.891497e-003" type="0"/>
    <Peak1D F1="3.016113" intensity="2.452206e-003" type="0"/>
    <Peak1D F1="2.997419" intensity="2.510328e-003" type="0"/>
    <Peak1D F1="2.956637" intensity="9.788059e-003" type="0"/>
    <Peak1D F1="2.947230" intensity="9.860097e-003" type="0"/>
    <Peak1D F1="2.938657" intensity="1.161160e-002" type="0"/>
    <Peak1D F1="2.818361" intensity="2.325355e-003" type="0"/>
    <Peak1D F1="2.777217" intensity="1.411553e-002" type="0"/>
    <Peak1D F1="2.755060" intensity="2.012865e-002" type="0"/>
    <Peak1D F1="2.734060" intensity="1.893101e-002" type="0"/>
    <Peak1D F1="2.705228" intensity="1.302885e-002" type="0"/>
    <Peak1D F1="2.680448" intensity="1.018064e-002" type="0"/>
    <Peak1D F1="2.650699" intensity="7.402464e-003" type="0"/>
    <Peak1D F1="2.630338" intensity="6.910216e-003" type="0"/>
    <Peak1D F1="2.545115" intensity="4.379090e-002" type="0"/>
    <Peak1D F1="2.520533" intensity="3.447964e-002" type="0"/>
    <Peak1D F1="2.493539" intensity="3.011444e-002" type="0"/>
    <Peak1D F1="2.468658" intensity="2.942818e-002" type="0"/>
    <Peak1D F1="2.447065" intensity="3.528417e-002" type="0"/>
    <Peak1D F1="2.396266" intensity="2.451066e-001" type="0"/>
    <Peak1D F1="2.376328" intensity="4.069528e-001" type="0"/>
    <Peak1D F1="2.366347" intensity="2.926142e-001" type="0"/>
    <Peak1D F1="2.354264" intensity="6.394454e-001" type="0"/>
    <Peak1D F1="2.347325" intensity="5.686600e-001" type="0"/>
    <Peak1D F1="2.333152" intensity="4.961559e-001" type="0"/>
    <Peak1D F1="2.325638" intensity="5.512910e-001" type="0"/>
    <Peak1D F1="2.304839" intensity="2.651074e-001" type="0"/>
    <Peak1D F1="2.276050" intensity="1.330168e-001" type="0"/>
    <Peak1D F1="2.257699" intensity="1.422935e-001" type="0"/>
    <Peak1D F1="2.253609" intensity="1.349698e-001" type="0"/>
    <Peak1D F1="2.241690" intensity="1.202377e-001" type="0"/>
    <Peak1D F1="2.229617" intensity="1.386619e-001" type="0"/>
    <Peak1D F1="2.216496" intensity="1.718567e-001" type="0"/>
    <Peak1D F1="2.208849" intensity="2.124435e-001" type="0"/>
    <Peak1D F1="2.202898" intensity="2.094683e-001" type="0"/>
    <Peak1D F1="2.189306" intensity="3.135245e-001" type="0"/>
    <Peak1D F1="2.181838" intensity="2.835641e-001" type="0"/>
    <Peak1D F1="2.167594" intensity="3.319549e-001" type="0"/>
    <Peak1D F1="2.161457" intensity="3.799788e-001" type="0"/>
    <Peak1D F1="2.141944" intensity="6.057175e-001" type="0"/>
    <Peak1D F1="2.132149" intensity="6.537185e-001" type="0"/>
    <Peak1D F1="2.101797" intensity="6.067367e+000" type="0"/>
    <Peak1D F1="2.097842" intensity="6.873295e+000" type="0"/>
    <Peak1D F1="2.092056" intensity="1.036912e+001" type="0"/>
    <Peak1D F1="2.082463" intensity="1.385722e+001" type="0"/>
    <Peak1D F1="2.079057" intensity="1.259234e+001" type="0"/>
    <Peak1D F1="2.064154" intensity="6.806313e+000" type="0"/>
    <Peak1D F1="2.042626" intensity="7.713356e-001" type="0"/>
    <Peak1D F1="2.033397" intensity="5.763785e-001" type="0"/>
    <Peak1D F1="2.014017" intensity="2.689768e-001" type="0"/>
    <Peak1D F1="1.992577" intensity="1.923346e-001" type="0"/>
    <Peak1D F1="1.983819" intensity="2.051331e-001" type="0"/>
    <Peak1D F1="1.970962" intensity="3.080404e-001" type="0"/>
    <Peak1D F1="1.951506" intensity="6.708699e-001" type="0"/>
    <Peak1D F1="1.941367" intensity="8.209421e-001" type="0"/>
    <Peak1D F1="1.924964" intensity="1.380072e+000" type="0"/>
    <Peak1D F1="1.921242" intensity="1.571576e+000" type="0"/>
    <Peak1D F1="1.917873" intensity="1.711616e+000" type="0"/>
    <Peak1D F1="1.911045" intensity="4.263346e+000" type="0"/>
    <Peak1D F1="1.902130" intensity="8.713088e+000" type="0"/>
    <Peak1D F1="1.900091" intensity="8.886614e+000" type="0"/>
    <Peak1D F1="1.891591" intensity="1.275860e+001" type="0"/>
    <Peak1D F1="1.883265" intensity="1.500000e+001" type="0"/>
    <Peak1D F1="1.872070" intensity="8.257504e+000" type="0"/>
    <Peak1D F1="1.863050" intensity="4.503897e+000" type="0"/>
    <Peak1D F1="1.852259" intensity="8.530881e-001" type="0"/>
    <Peak1D F1="1.850047" intensity="8.826219e-001" type="0"/>
    <Peak1D F1="1.841868" intensity="6.580241e-001" type="0"/>
    <Peak1D F1="1.833303" intensity="4.505199e-001" type="0"/>
    <Peak1D F1="1.822005" intensity="2.863089e-001" type="0"/>
    <Peak1D F1="1.812950" intensity="1.842924e-001" type="0"/>
    <Peak1D F1="1.780540" intensity="9.618125e-002" type="0"/>
    <Peak1D F1="1.746123" intensity="1.158648e-001" type="0"/>
    <Peak1D F1="1.731876" intensity="1.651359e-001" type="0"/>
    <Peak1D F1="1.716483" intensity="2.794938e-001" type="0"/>
    <Peak1D F1="1.700378" intensity="4.959342e-001" type="0"/>
    <Peak1D F1="1.696988" intensity="4.924369e-001" type="0"/>
    <Peak1D F1="1.691944" intensity="4.584990e-001" type="0"/>
    <Peak1D F1="1.676613" intensity="7.944552e-001" type="0"/>
    <Peak1D F1="1.665673" intensity="4.982453e-001" type="0"/>
    <Peak1D F1="1.657001" intensity="6.273606e-001" type="0"/>
    <Peak1D F1="1.652755" intensity="5.632063e-001" type="0"/>
    <Peak1D F1="1.641668" intensity="4.500872e-001" type="0"/>
    <Peak1D F1="1.637227" intensity="3.955024e-001" type="0"/>
    <Peak1D F1="1.625517" intensity="2.683245e-001" type="0"/>
    <Peak1D F1="1.610150" intensity="2.048542e-001" type="0"/>
    <Peak1D F1="1.575281" intensity="7.005505e-002" type="0"/>
    <Peak1D F1="1.545352" intensity="9.363660e-002" type="0"/>
    <Peak1D F1="1.539991" intensity="1.068130e-001" type="0"/>
    <Peak1D F1="1.530445" intensity="1.487047e-001" type="0"/>
    <Peak1D F1="1.524580" intensity="1.558503e-001" type="0"/>
    <Peak1D F1="1.510911" intensity="2.431789e-001" type="0"/>
    <Peak1D F1="1.505659" intensity="2.746762e-001" type="0"/>
    <Peak1D F1="1.494056" intensity="2.387034e-001" type="0"/>
    <Peak1D F1="1.487839" intensity="2.782936e-001" type="0"/>
    <Peak1D F1="1.475788" intensity="2.426510e-001" type="0"/>
    <Peak1D F1="1.458766" intensity="2.151875e-001" type="0"/>
    <Peak1D F1="1.441466" intensity="7.603604e-002" type="0"/>
    <Peak1D F1="1.435235" intensity="6.228342e-002" type="0"/>
    <Peak1D F1="1.429449" intensity="5.756039e-002" type="0"/>
    <Peak1D F1="1.425834" intensity="5.486515e-002" type="0"/>
    <Peak1D F1="1.396226" intensity="2.279595e-002" type="0"/>
    <Peak1D F1="1.365440" intensity="2.510317e-002" type="0"/>
    <Peak1D F1="1.349713" intensity="2.547664e-002" type="0"/>
    <Peak1D F1="1.335945" intensity="2.457092e-002" type="0"/>
    <Peak1D F1="1.320118" intensity="2.787022e-002" type="0"/>
    <Peak1D F1="1.286132" intensity="1.731648e-002" type="0"/>
    <Peak1D F1="1.224312" intensity="3.077916e-002" type="0"/>
    <Peak1D F1="1.187190" intensity="4.801669e-002" type="0"/>
    <Peak1D F1="1.178097" intensity="4.965211e-002" type="0"/>
    <Peak1D F1="1.159984" intensity="1.754422e-002" type="0"/>
    <Peak1D F1="1.101716" intensity="6.824988e-003" type="0"/>
    <Peak1D F1="1.082322" intensity="6.940596e-003" type="0"/>
    <Peak1D F1="1.039185" intensity="5.322034e-003" type="0"/>
    <Peak1D F1="0.984145" intensity="4.592278e-003" type="0"/>
    <Peak1D F1="0.941823" intensity="4.208101e-003" type="0"/>
    <Peak1D F1="0.935748" intensity="3.738255e-003" type="0"/>
    <Peak1D F1="0.921945" intensity="3.989580e-003" type="0"/>
    <Peak1D F1="0.914657" intensity="3.698422e-003" type="0"/>
    <Peak1D F1="0.897586" intensity="3.826256e-003" type="0"/>
    <Peak1D F1="0.869672" intensity="4.267678e-003" type="0"/>
    <Peak1D F1="0.809128" intensity="1.350384e-002" type="0"/>
    <Peak1D F1="0.800315" intensity="1.586869e-002" type="0"/>
    <Peak1D F1="0.784553" intensity="1.027096e-002" type="0"/>
    <Peak1D F1="0.706521" intensity="2.562340e-003" type="0"/>
    <Peak1D F1="0.674623" intensity="2.821634e-003" type="0"/>
    <Peak1D F1="0.663319" intensity="2.788632e-003" type="0"/>
    <Peak1D F1="0.651921" intensity="3.034439e-003" type="0"/>
    <Peak1D F1="0.631301" intensity="2.605546e-003" type="0"/>
    <Peak1D F1="0.616959" intensity="2.327498e-003" type="0"/>
    <Peak1D F1="0.596165" intensity="2.447557e-003" type="0"/>
    <Peak1D F1="0.571397" intensity="2.224113e-003" type="0"/>
    <Peak1D F1="0.551567" intensity="2.397552e-003" type="0"/>
    <Peak1D F1="0.491797" intensity="2.554864e-003" type="0"/>
    <Peak1D F1="0.468970" intensity="2.273410e-003" type="0"/>
    <Peak1D F1="0.447998" intensity="2.296103e-003" type="0"/>
    <Peak1D F1="0.413382" intensity="2.265349e-003" type="0"/>
    <Peak1D F1="0.302744" intensity="2.679028e-003" type="0"/>
    <Peak1D F1="0.289039" intensity="2.190492e-003" type="0"/>
    <Peak1D F1="0.196100" intensity="1.771165e-003" type="0"/>
    <Peak1D F1="0.007009" intensity="1.854110e-002" type="0"/>
    <Peak1D F1="-0.000150" intensity="3.619573e-002" type="0"/>
    <Peak1D F1="-2.659968" intensity="1.774853e-003" type="0"/>
    <Peak1D F1="-3.106712" intensity="1.601444e-003" type="0"/>
    <Peak1D F1="-3.455735" intensity="1.870636e-003" type="0"/>
    <Peak1D F1="-3.566751" intensity="1.817705e-003" type="0"/>
    <Peak1D F1="-3.584998" intensity="1.630270e-003" type="0"/>
    <Peak1D F1="-3.620587" intensity="1.943354e-003" type="0"/>
    <Peak1D F1="-3.721820" intensity="1.737237e-003" type="0"/>
    <Peak1D F1="-3.871951" intensity="1.604516e-003" type="0"/>
  </PeakList1D>
</PeakList>
