<?xml version="1.0" encoding="UTF-8"?>
<PeakList>
  <PeakList1D>
    <PeakList1DHeader creator="nmr" date="2021-08-21T18:53:14.322+03:00" expNo="10" name="ID-420-F-21.8.21" owner="" procNo="1" source="//132.72.8.180/400b/Milo/Milo">
      <PeakPickDetails>F1=16.169701ppm, F2=-3.859346ppm, MI=0.00cm, MAXI=10000.00cm, PC=1.000
      </PeakPickDetails>
    </PeakList1DHeader>
    <Peak1D F1="16.074327" intensity="8.229394e-004" type="0"/>
    <Peak1D F1="15.916898" intensity="7.937855e-004" type="0"/>
    <Peak1D F1="15.863804" intensity="7.826977e-004" type="0"/>
    <Peak1D F1="15.656285" intensity="8.801596e-004" type="0"/>
    <Peak1D F1="15.617290" intensity="9.121326e-004" type="0"/>
    <Peak1D F1="15.598239" intensity="8.306858e-004" type="0"/>
    <Peak1D F1="15.587028" intensity="7.571609e-004" type="0"/>
    <Peak1D F1="11.957887" intensity="1.381349e-003" type="0"/>
    <Peak1D F1="11.506131" intensity="8.623470e-004" type="0"/>
    <Peak1D F1="11.360703" intensity="7.585889e-004" type="0"/>
    <Peak1D F1="11.323388" intensity="7.691507e-004" type="0"/>
    <Peak1D F1="10.321890" intensity="4.488019e-003" type="0"/>
    <Peak1D F1="10.310599" intensity="5.675830e-003" type="0"/>
    <Peak1D F1="10.303297" intensity="4.424988e-003" type="0"/>
    <Peak1D F1="10.256149" intensity="8.075329e-004" type="0"/>
    <Peak1D F1="10.208997" intensity="1.229317e-003" type="0"/>
    <Peak1D F1="10.150738" intensity="2.332375e-002" type="0"/>
    <Peak1D F1="10.139729" intensity="1.581672e-002" type="0"/>
    <Peak1D F1="10.131847" intensity="2.520925e-002" type="0"/>
    <Peak1D F1="10.100909" intensity="7.956855e-001" type="0"/>
    <Peak1D F1="10.089884" intensity="9.838730e-001" type="0"/>
    <Peak1D F1="10.082081" intensity="7.874630e-001" type="0"/>
    <Peak1D F1="10.057928" intensity="9.877960e-003" type="0"/>
    <Peak1D F1="10.050452" intensity="2.553866e-002" type="0"/>
    <Peak1D F1="10.039575" intensity="1.295278e-002" type="0"/>
    <Peak1D F1="10.031927" intensity="1.589381e-002" type="0"/>
    <Peak1D F1="9.874057" intensity="4.127495e-003" type="0"/>
    <Peak1D F1="9.862754" intensity="5.391874e-003" type="0"/>
    <Peak1D F1="9.855019" intensity="4.423477e-003" type="0"/>
    <Peak1D F1="8.534216" intensity="4.355551e-003" type="0"/>
    <Peak1D F1="8.528499" intensity="3.847278e-003" type="0"/>
    <Peak1D F1="8.520847" intensity="3.011523e-003" type="0"/>
    <Peak1D F1="8.390863" intensity="1.945592e-002" type="0"/>
    <Peak1D F1="8.378614" intensity="1.714111e-002" type="0"/>
    <Peak1D F1="8.369414" intensity="3.587736e-002" type="0"/>
    <Peak1D F1="8.345919" intensity="1.139250e-001" type="0"/>
    <Peak1D F1="8.340869" intensity="5.530006e-001" type="0"/>
    <Peak1D F1="8.335889" intensity="4.198419e-001" type="0"/>
    <Peak1D F1="8.328779" intensity="7.372314e-001" type="0"/>
    <Peak1D F1="8.323930" intensity="7.167332e-001" type="0"/>
    <Peak1D F1="8.319513" intensity="1.196343e+000" type="0"/>
    <Peak1D F1="8.311839" intensity="5.516174e-001" type="0"/>
    <Peak1D F1="8.307069" intensity="8.247908e-001" type="0"/>
    <Peak1D F1="8.302395" intensity="5.624069e-001" type="0"/>
    <Peak1D F1="8.298314" intensity="6.106243e-001" type="0"/>
    <Peak1D F1="8.279052" intensity="1.708407e-002" type="0"/>
    <Peak1D F1="8.269317" intensity="2.950644e-002" type="0"/>
    <Peak1D F1="8.256593" intensity="1.322751e-002" type="0"/>
    <Peak1D F1="8.248107" intensity="1.664013e-002" type="0"/>
    <Peak1D F1="8.239405" intensity="8.889569e-003" type="0"/>
    <Peak1D F1="8.233452" intensity="9.567466e-003" type="0"/>
    <Peak1D F1="8.224397" intensity="8.921485e-003" type="0"/>
    <Peak1D F1="8.206155" intensity="1.014201e-002" type="0"/>
    <Peak1D F1="8.193943" intensity="1.262999e-002" type="0"/>
    <Peak1D F1="8.189338" intensity="1.178784e-002" type="0"/>
    <Peak1D F1="8.184140" intensity="1.492221e-002" type="0"/>
    <Peak1D F1="8.171870" intensity="1.661088e-002" type="0"/>
    <Peak1D F1="8.145126" intensity="1.450382e-001" type="0"/>
    <Peak1D F1="8.140113" intensity="1.048479e-001" type="0"/>
    <Peak1D F1="8.131048" intensity="1.904200e-001" type="0"/>
    <Peak1D F1="8.123034" intensity="2.897698e-001" type="0"/>
    <Peak1D F1="8.120998" intensity="2.520515e-001" type="0"/>
    <Peak1D F1="8.114904" intensity="1.809416e-001" type="0"/>
    <Peak1D F1="8.109518" intensity="2.078429e-001" type="0"/>
    <Peak1D F1="8.103417" intensity="1.614528e-001" type="0"/>
    <Peak1D F1="8.098687" intensity="1.656248e-001" type="0"/>
    <Peak1D F1="8.090434" intensity="6.283827e-002" type="0"/>
    <Peak1D F1="8.080822" intensity="3.653879e-002" type="0"/>
    <Peak1D F1="8.073596" intensity="3.768244e-002" type="0"/>
    <Peak1D F1="8.068378" intensity="3.737148e-002" type="0"/>
    <Peak1D F1="8.058388" intensity="4.712404e-002" type="0"/>
    <Peak1D F1="8.050273" intensity="9.742668e-002" type="0"/>
    <Peak1D F1="8.045481" intensity="1.802248e-001" type="0"/>
    <Peak1D F1="8.040333" intensity="7.682104e-001" type="0"/>
    <Peak1D F1="8.035589" intensity="6.843154e-001" type="0"/>
    <Peak1D F1="8.030793" intensity="1.174604e+000" type="0"/>
    <Peak1D F1="8.024747" intensity="1.072235e+000" type="0"/>
    <Peak1D F1="8.018485" intensity="9.216774e-001" type="0"/>
    <Peak1D F1="8.013569" intensity="6.535803e-001" type="0"/>
    <Peak1D F1="8.008773" intensity="1.009673e+000" type="0"/>
    <Peak1D F1="8.002844" intensity="7.185052e-001" type="0"/>
    <Peak1D F1="7.990281" intensity="3.756434e-002" type="0"/>
    <Peak1D F1="7.980544" intensity="2.300309e-002" type="0"/>
    <Peak1D F1="7.974118" intensity="2.432998e-002" type="0"/>
    <Peak1D F1="7.968256" intensity="2.394809e-002" type="0"/>
    <Peak1D F1="7.958403" intensity="1.652862e-002" type="0"/>
    <Peak1D F1="7.952706" intensity="1.554679e-002" type="0"/>
    <Peak1D F1="7.940921" intensity="4.211147e-003" type="0"/>
    <Peak1D F1="7.928831" intensity="4.766348e-003" type="0"/>
    <Peak1D F1="7.918391" intensity="7.288023e-003" type="0"/>
    <Peak1D F1="7.905479" intensity="4.745821e-003" type="0"/>
    <Peak1D F1="7.896080" intensity="4.554170e-003" type="0"/>
    <Peak1D F1="7.879022" intensity="2.798969e-003" type="0"/>
    <Peak1D F1="7.854871" intensity="2.604245e-003" type="0"/>
    <Peak1D F1="7.813826" intensity="9.369797e-003" type="0"/>
    <Peak1D F1="7.795658" intensity="1.047598e-002" type="0"/>
    <Peak1D F1="7.779119" intensity="2.308058e-002" type="0"/>
    <Peak1D F1="7.765358" intensity="5.320506e-002" type="0"/>
    <Peak1D F1="7.761013" intensity="5.857563e-002" type="0"/>
    <Peak1D F1="7.748094" intensity="6.445844e-002" type="0"/>
    <Peak1D F1="7.743541" intensity="6.272299e-002" type="0"/>
    <Peak1D F1="7.724462" intensity="2.501893e-002" type="0"/>
    <Peak1D F1="7.699871" intensity="3.766277e-003" type="0"/>
    <Peak1D F1="7.619318" intensity="7.399015e-003" type="0"/>
    <Peak1D F1="7.613864" intensity="6.988341e-003" type="0"/>
    <Peak1D F1="7.606547" intensity="5.538208e-003" type="0"/>
    <Peak1D F1="7.597955" intensity="7.284640e-003" type="0"/>
    <Peak1D F1="7.572706" intensity="4.491271e-003" type="0"/>
    <Peak1D F1="7.524596" intensity="1.494535e-001" type="0"/>
    <Peak1D F1="7.514768" intensity="3.112512e-002" type="0"/>
    <Peak1D F1="7.506908" intensity="2.981434e-002" type="0"/>
    <Peak1D F1="7.494889" intensity="1.769232e-001" type="0"/>
    <Peak1D F1="7.485042" intensity="2.478167e-001" type="0"/>
    <Peak1D F1="7.478823" intensity="2.445734e-001" type="0"/>
    <Peak1D F1="7.472991" intensity="2.222815e-001" type="0"/>
    <Peak1D F1="7.463397" intensity="2.318098e-001" type="0"/>
    <Peak1D F1="7.457007" intensity="1.701775e-001" type="0"/>
    <Peak1D F1="7.449055" intensity="5.241455e-002" type="0"/>
    <Peak1D F1="7.446800" intensity="5.813268e-002" type="0"/>
    <Peak1D F1="7.436695" intensity="7.739362e-002" type="0"/>
    <Peak1D F1="7.431580" intensity="8.138618e-002" type="0"/>
    <Peak1D F1="7.426658" intensity="6.873094e-002" type="0"/>
    <Peak1D F1="7.424473" intensity="6.667941e-002" type="0"/>
    <Peak1D F1="7.414380" intensity="7.448894e-002" type="0"/>
    <Peak1D F1="7.409475" intensity="6.264450e-002" type="0"/>
    <Peak1D F1="7.402509" intensity="2.472932e-002" type="0"/>
    <Peak1D F1="7.397642" intensity="2.373371e-002" type="0"/>
    <Peak1D F1="7.387461" intensity="3.434993e-002" type="0"/>
    <Peak1D F1="7.382324" intensity="4.735160e-002" type="0"/>
    <Peak1D F1="7.379260" intensity="4.543302e-002" type="0"/>
    <Peak1D F1="7.377192" intensity="4.827402e-002" type="0"/>
    <Peak1D F1="7.372715" intensity="4.893521e-002" type="0"/>
    <Peak1D F1="7.363182" intensity="8.141712e-002" type="0"/>
    <Peak1D F1="7.358602" intensity="7.370073e-002" type="0"/>
    <Peak1D F1="7.354578" intensity="6.525417e-002" type="0"/>
    <Peak1D F1="7.351904" intensity="6.295550e-002" type="0"/>
    <Peak1D F1="7.348503" intensity="6.993696e-002" type="0"/>
    <Peak1D F1="7.343907" intensity="7.191163e-002" type="0"/>
    <Peak1D F1="7.339123" intensity="6.172832e-002" type="0"/>
    <Peak1D F1="7.333878" intensity="5.898548e-002" type="0"/>
    <Peak1D F1="7.323469" intensity="6.276251e-002" type="0"/>
    <Peak1D F1="7.313333" intensity="4.533159e-001" type="0"/>
    <Peak1D F1="7.264804" intensity="2.165184e+001" type="0"/>
    <Peak1D F1="7.223418" intensity="4.940595e-002" type="0"/>
    <Peak1D F1="7.213438" intensity="4.136823e-001" type="0"/>
    <Peak1D F1="7.164486" intensity="1.430966e-002" type="0"/>
    <Peak1D F1="7.151067" intensity="1.293851e-002" type="0"/>
    <Peak1D F1="7.133276" intensity="3.636562e-002" type="0"/>
    <Peak1D F1="7.131320" intensity="3.250273e-002" type="0"/>
    <Peak1D F1="7.117040" intensity="6.381001e-002" type="0"/>
    <Peak1D F1="7.114904" intensity="7.672464e-002" type="0"/>
    <Peak1D F1="7.112830" intensity="6.977333e-002" type="0"/>
    <Peak1D F1="7.108188" intensity="6.029959e-002" type="0"/>
    <Peak1D F1="7.099237" intensity="7.284749e-002" type="0"/>
    <Peak1D F1="7.096688" intensity="6.873493e-002" type="0"/>
    <Peak1D F1="7.094329" intensity="6.524992e-002" type="0"/>
    <Peak1D F1="7.091978" intensity="6.841209e-002" type="0"/>
    <Peak1D F1="7.089888" intensity="6.789767e-002" type="0"/>
    <Peak1D F1="7.082848" intensity="3.569518e-002" type="0"/>
    <Peak1D F1="7.073410" intensity="2.972008e-002" type="0"/>
    <Peak1D F1="7.071547" intensity="3.001516e-002" type="0"/>
    <Peak1D F1="7.048848" intensity="5.941509e-003" type="0"/>
    <Peak1D F1="6.999385" intensity="1.277186e-001" type="0"/>
    <Peak1D F1="6.984560" intensity="3.144472e-002" type="0"/>
    <Peak1D F1="6.971478" intensity="3.942790e-002" type="0"/>
    <Peak1D F1="6.960161" intensity="6.129044e-002" type="0"/>
    <Peak1D F1="6.945119" intensity="5.688548e-002" type="0"/>
    <Peak1D F1="6.939235" intensity="6.245777e-002" type="0"/>
    <Peak1D F1="6.924639" intensity="3.309726e-002" type="0"/>
    <Peak1D F1="6.914988" intensity="2.770959e-002" type="0"/>
    <Peak1D F1="6.767272" intensity="9.746807e-003" type="0"/>
    <Peak1D F1="6.756705" intensity="1.302409e-002" type="0"/>
    <Peak1D F1="6.748154" intensity="1.022768e-002" type="0"/>
    <Peak1D F1="6.718865" intensity="8.217533e-004" type="0"/>
    <Peak1D F1="6.334047" intensity="2.071036e-003" type="0"/>
    <Peak1D F1="6.283199" intensity="9.056811e-004" type="0"/>
    <Peak1D F1="6.261306" intensity="1.545504e-003" type="0"/>
    <Peak1D F1="6.248168" intensity="1.738648e-003" type="0"/>
    <Peak1D F1="6.239922" intensity="1.790790e-003" type="0"/>
    <Peak1D F1="6.211204" intensity="4.122159e-002" type="0"/>
    <Peak1D F1="6.199317" intensity="6.172262e-002" type="0"/>
    <Peak1D F1="6.191499" intensity="5.547052e-002" type="0"/>
    <Peak1D F1="6.152016" intensity="5.027070e-003" type="0"/>
    <Peak1D F1="6.141355" intensity="4.838296e-003" type="0"/>
    <Peak1D F1="6.133487" intensity="4.987277e-003" type="0"/>
    <Peak1D F1="6.120355" intensity="1.456668e-002" type="0"/>
    <Peak1D F1="6.102230" intensity="1.331516e-001" type="0"/>
    <Peak1D F1="6.091339" intensity="1.693452e-001" type="0"/>
    <Peak1D F1="6.083625" intensity="1.439938e-001" type="0"/>
    <Peak1D F1="6.056226" intensity="4.245277e-002" type="0"/>
    <Peak1D F1="6.046674" intensity="4.354689e-002" type="0"/>
    <Peak1D F1="6.039798" intensity="4.634104e-002" type="0"/>
    <Peak1D F1="6.030974" intensity="2.817333e-002" type="0"/>
    <Peak1D F1="6.021045" intensity="2.784987e-002" type="0"/>
    <Peak1D F1="6.005737" intensity="6.363245e-001" type="0"/>
    <Peak1D F1="5.992137" intensity="5.635570e-001" type="0"/>
    <Peak1D F1="5.981340" intensity="5.174589e-001" type="0"/>
    <Peak1D F1="5.955662" intensity="1.829553e-002" type="0"/>
    <Peak1D F1="5.941533" intensity="8.225887e-003" type="0"/>
    <Peak1D F1="5.931301" intensity="1.165593e-002" type="0"/>
    <Peak1D F1="5.892735" intensity="2.022125e-003" type="0"/>
    <Peak1D F1="5.841445" intensity="1.296120e-003" type="0"/>
    <Peak1D F1="5.804167" intensity="3.227273e-003" type="0"/>
    <Peak1D F1="5.785044" intensity="3.055657e-003" type="0"/>
    <Peak1D F1="5.719981" intensity="9.235682e-004" type="0"/>
    <Peak1D F1="5.672391" intensity="1.020927e-003" type="0"/>
    <Peak1D F1="5.629257" intensity="8.673369e-004" type="0"/>
    <Peak1D F1="5.513278" intensity="7.863393e-004" type="0"/>
    <Peak1D F1="5.461793" intensity="1.864734e-003" type="0"/>
    <Peak1D F1="5.418416" intensity="2.395762e-003" type="0"/>
    <Peak1D F1="5.391914" intensity="2.252322e-003" type="0"/>
    <Peak1D F1="5.376008" intensity="1.251434e-003" type="0"/>
    <Peak1D F1="5.341557" intensity="1.358661e-002" type="0"/>
    <Peak1D F1="5.334020" intensity="1.664617e-002" type="0"/>
    <Peak1D F1="5.250058" intensity="9.131269e-004" type="0"/>
    <Peak1D F1="4.916943" intensity="1.171870e-003" type="0"/>
    <Peak1D F1="4.893099" intensity="4.828714e-003" type="0"/>
    <Peak1D F1="4.871965" intensity="4.908779e-003" type="0"/>
    <Peak1D F1="4.844419" intensity="1.843857e-001" type="0"/>
    <Peak1D F1="4.822953" intensity="1.897178e-001" type="0"/>
    <Peak1D F1="4.793690" intensity="3.407004e-003" type="0"/>
    <Peak1D F1="4.772186" intensity="3.314110e-003" type="0"/>
    <Peak1D F1="4.504704" intensity="1.280921e-003" type="0"/>
    <Peak1D F1="4.395393" intensity="1.665164e-003" type="0"/>
    <Peak1D F1="4.386201" intensity="1.369510e-003" type="0"/>
    <Peak1D F1="4.374919" intensity="8.297932e-004" type="0"/>
    <Peak1D F1="4.043450" intensity="1.186265e-003" type="0"/>
    <Peak1D F1="3.931921" intensity="1.228113e-003" type="0"/>
    <Peak1D F1="3.919881" intensity="1.327055e-003" type="0"/>
    <Peak1D F1="3.911540" intensity="1.028582e-003" type="0"/>
    <Peak1D F1="3.890262" intensity="1.966965e-003" type="0"/>
    <Peak1D F1="3.878530" intensity="3.570594e-003" type="0"/>
    <Peak1D F1="3.872613" intensity="1.156809e-002" type="0"/>
    <Peak1D F1="3.859704" intensity="1.039595e-002" type="0"/>
    <Peak1D F1="3.848455" intensity="1.609901e-002" type="0"/>
    <Peak1D F1="3.836967" intensity="1.459134e-002" type="0"/>
    <Peak1D F1="3.828626" intensity="1.109500e-002" type="0"/>
    <Peak1D F1="3.812177" intensity="1.216723e-002" type="0"/>
    <Peak1D F1="3.806581" intensity="4.066724e-002" type="0"/>
    <Peak1D F1="3.794001" intensity="4.212790e-002" type="0"/>
    <Peak1D F1="3.788310" intensity="2.809381e-002" type="0"/>
    <Peak1D F1="3.784294" intensity="3.999672e-002" type="0"/>
    <Peak1D F1="3.754100" intensity="2.425689e-001" type="0"/>
    <Peak1D F1="3.742112" intensity="3.293523e-001" type="0"/>
    <Peak1D F1="3.733140" intensity="3.094119e-001" type="0"/>
    <Peak1D F1="3.726652" intensity="7.737210e-002" type="0"/>
    <Peak1D F1="3.722605" intensity="7.774698e-002" type="0"/>
    <Peak1D F1="3.711468" intensity="4.497216e-001" type="0"/>
    <Peak1D F1="3.700239" intensity="6.589894e-001" type="0"/>
    <Peak1D F1="3.695245" intensity="2.251082e+000" type="0"/>
    <Peak1D F1="3.682517" intensity="1.874325e+000" type="0"/>
    <Peak1D F1="3.672620" intensity="1.634870e+000" type="0"/>
    <Peak1D F1="3.656808" intensity="1.091112e-001" type="0"/>
    <Peak1D F1="3.649317" intensity="9.012254e-002" type="0"/>
    <Peak1D F1="3.645237" intensity="8.611918e-002" type="0"/>
    <Peak1D F1="3.632102" intensity="3.597163e-002" type="0"/>
    <Peak1D F1="3.622597" intensity="4.329481e-002" type="0"/>
    <Peak1D F1="3.605552" intensity="1.153116e-002" type="0"/>
    <Peak1D F1="3.571319" intensity="4.451327e-003" type="0"/>
    <Peak1D F1="3.560291" intensity="4.589064e-003" type="0"/>
    <Peak1D F1="3.550365" intensity="4.069824e-003" type="0"/>
    <Peak1D F1="3.528286" intensity="4.960125e-003" type="0"/>
    <Peak1D F1="3.512984" intensity="1.392450e-002" type="0"/>
    <Peak1D F1="3.500344" intensity="1.299211e-002" type="0"/>
    <Peak1D F1="3.490341" intensity="1.259092e-002" type="0"/>
    <Peak1D F1="3.457976" intensity="3.637329e-002" type="0"/>
    <Peak1D F1="3.447203" intensity="5.450196e-002" type="0"/>
    <Peak1D F1="3.439739" intensity="5.374933e-002" type="0"/>
    <Peak1D F1="3.389347" intensity="2.582342e-003" type="0"/>
    <Peak1D F1="3.371270" intensity="2.472560e-003" type="0"/>
    <Peak1D F1="3.363755" intensity="2.458115e-003" type="0"/>
    <Peak1D F1="3.337807" intensity="2.309112e-003" type="0"/>
    <Peak1D F1="3.318480" intensity="2.345219e-003" type="0"/>
    <Peak1D F1="3.297794" intensity="2.084325e-003" type="0"/>
    <Peak1D F1="3.258640" intensity="2.253403e-003" type="0"/>
    <Peak1D F1="3.209561" intensity="2.078807e-003" type="0"/>
    <Peak1D F1="3.164324" intensity="2.306685e-003" type="0"/>
    <Peak1D F1="3.141597" intensity="2.660759e-003" type="0"/>
    <Peak1D F1="3.114709" intensity="2.701903e-003" type="0"/>
    <Peak1D F1="3.090799" intensity="2.765488e-003" type="0"/>
    <Peak1D F1="2.955457" intensity="7.882326e-003" type="0"/>
    <Peak1D F1="2.946624" intensity="8.500919e-003" type="0"/>
    <Peak1D F1="2.938866" intensity="9.560003e-003" type="0"/>
    <Peak1D F1="2.931071" intensity="8.181850e-003" type="0"/>
    <Peak1D F1="2.889218" intensity="4.372378e-003" type="0"/>
    <Peak1D F1="2.860717" intensity="4.403063e-003" type="0"/>
    <Peak1D F1="2.842801" intensity="5.024309e-003" type="0"/>
    <Peak1D F1="2.764649" intensity="7.661621e-003" type="0"/>
    <Peak1D F1="2.707179" intensity="5.941042e-003" type="0"/>
    <Peak1D F1="2.675906" intensity="5.926706e-003" type="0"/>
    <Peak1D F1="2.600497" intensity="6.751225e-003" type="0"/>
    <Peak1D F1="2.555511" intensity="7.293341e-003" type="0"/>
    <Peak1D F1="2.531089" intensity="7.411735e-003" type="0"/>
    <Peak1D F1="2.393862" intensity="7.478953e-002" type="0"/>
    <Peak1D F1="2.374237" intensity="1.157575e-001" type="0"/>
    <Peak1D F1="2.364995" intensity="1.100245e-001" type="0"/>
    <Peak1D F1="2.352771" intensity="1.101327e-001" type="0"/>
    <Peak1D F1="2.345443" intensity="1.409076e-001" type="0"/>
    <Peak1D F1="2.324628" intensity="9.703306e-002" type="0"/>
    <Peak1D F1="2.290391" intensity="1.952041e-002" type="0"/>
    <Peak1D F1="2.271418" intensity="3.802862e-002" type="0"/>
    <Peak1D F1="2.251889" intensity="8.582760e-002" type="0"/>
    <Peak1D F1="2.239923" intensity="9.140770e-002" type="0"/>
    <Peak1D F1="2.231678" intensity="9.117791e-002" type="0"/>
    <Peak1D F1="2.220176" intensity="7.297683e-002" type="0"/>
    <Peak1D F1="2.197242" intensity="8.678982e-002" type="0"/>
    <Peak1D F1="2.192758" intensity="9.922068e-002" type="0"/>
    <Peak1D F1="2.170928" intensity="1.680151e-001" type="0"/>
    <Peak1D F1="2.162121" intensity="2.195032e-001" type="0"/>
    <Peak1D F1="2.159881" intensity="2.193561e-001" type="0"/>
    <Peak1D F1="2.142039" intensity="5.073696e-001" type="0"/>
    <Peak1D F1="2.111904" intensity="3.042790e+000" type="0"/>
    <Peak1D F1="2.109742" intensity="3.132023e+000" type="0"/>
    <Peak1D F1="2.092207" intensity="1.194777e+001" type="0"/>
    <Peak1D F1="2.085798" intensity="9.795403e+000" type="0"/>
    <Peak1D F1="2.079976" intensity="1.297810e+001" type="0"/>
    <Peak1D F1="2.073148" intensity="1.216442e+001" type="0"/>
    <Peak1D F1="2.070847" intensity="1.208809e+001" type="0"/>
    <Peak1D F1="2.061715" intensity="6.936671e+000" type="0"/>
    <Peak1D F1="2.053189" intensity="4.409586e+000" type="0"/>
    <Peak1D F1="2.052056" intensity="4.368883e+000" type="0"/>
    <Peak1D F1="2.030590" intensity="5.527152e-001" type="0"/>
    <Peak1D F1="2.026451" intensity="4.909527e-001" type="0"/>
    <Peak1D F1="2.024226" intensity="4.834165e-001" type="0"/>
    <Peak1D F1="2.001859" intensity="1.729301e-001" type="0"/>
    <Peak1D F1="1.964538" intensity="2.577733e-001" type="0"/>
    <Peak1D F1="1.951487" intensity="3.536440e-001" type="0"/>
    <Peak1D F1="1.945403" intensity="5.779605e-001" type="0"/>
    <Peak1D F1="1.933688" intensity="8.173740e-001" type="0"/>
    <Peak1D F1="1.930241" intensity="9.698212e-001" type="0"/>
    <Peak1D F1="1.925315" intensity="1.317109e+000" type="0"/>
    <Peak1D F1="1.914750" intensity="4.678111e+000" type="0"/>
    <Peak1D F1="1.903562" intensity="8.668357e+000" type="0"/>
    <Peak1D F1="1.895623" intensity="1.489335e+001" type="0"/>
    <Peak1D F1="1.884448" intensity="1.500000e+001" type="0"/>
    <Peak1D F1="1.875916" intensity="1.293602e+001" type="0"/>
    <Peak1D F1="1.866480" intensity="5.903352e+000" type="0"/>
    <Peak1D F1="1.865016" intensity="5.948720e+000" type="0"/>
    <Peak1D F1="1.857257" intensity="3.040322e+000" type="0"/>
    <Peak1D F1="1.845400" intensity="9.023636e-001" type="0"/>
    <Peak1D F1="1.834470" intensity="5.509319e-001" type="0"/>
    <Peak1D F1="1.825930" intensity="4.165526e-001" type="0"/>
    <Peak1D F1="1.807629" intensity="1.562097e-001" type="0"/>
    <Peak1D F1="1.764772" intensity="7.258292e-002" type="0"/>
    <Peak1D F1="1.751998" intensity="7.524517e-002" type="0"/>
    <Peak1D F1="1.744614" intensity="9.725195e-002" type="0"/>
    <Peak1D F1="1.727355" intensity="1.440037e-001" type="0"/>
    <Peak1D F1="1.716827" intensity="1.690302e-001" type="0"/>
    <Peak1D F1="1.709112" intensity="1.715648e-001" type="0"/>
    <Peak1D F1="1.697217" intensity="1.931135e-001" type="0"/>
    <Peak1D F1="1.692236" intensity="1.888051e-001" type="0"/>
    <Peak1D F1="1.676792" intensity="1.532343e-001" type="0"/>
    <Peak1D F1="1.672268" intensity="1.462877e-001" type="0"/>
    <Peak1D F1="1.661013" intensity="9.971678e-002" type="0"/>
    <Peak1D F1="1.656244" intensity="9.383967e-002" type="0"/>
    <Peak1D F1="1.640447" intensity="6.870117e-002" type="0"/>
    <Peak1D F1="1.628485" intensity="5.426463e-002" type="0"/>
    <Peak1D F1="1.613666" intensity="4.064997e-002" type="0"/>
    <Peak1D F1="1.606073" intensity="3.640470e-002" type="0"/>
    <Peak1D F1="1.575268" intensity="2.658825e-002" type="0"/>
    <Peak1D F1="1.555046" intensity="3.554649e-002" type="0"/>
    <Peak1D F1="1.546689" intensity="4.754732e-002" type="0"/>
    <Peak1D F1="1.514107" intensity="7.071350e-002" type="0"/>
    <Peak1D F1="1.501027" intensity="7.188477e-002" type="0"/>
    <Peak1D F1="1.491235" intensity="6.209233e-002" type="0"/>
    <Peak1D F1="1.474274" intensity="5.802076e-002" type="0"/>
    <Peak1D F1="1.455300" intensity="2.851485e-002" type="0"/>
    <Peak1D F1="1.448031" intensity="2.393019e-002" type="0"/>
    <Peak1D F1="1.439702" intensity="2.078507e-002" type="0"/>
    <Peak1D F1="1.337241" intensity="1.060525e-002" type="0"/>
    <Peak1D F1="1.300572" intensity="1.131021e-002" type="0"/>
    <Peak1D F1="1.219093" intensity="1.709601e-002" type="0"/>
    <Peak1D F1="1.179905" intensity="2.234107e-002" type="0"/>
    <Peak1D F1="1.176714" intensity="2.421286e-002" type="0"/>
    <Peak1D F1="1.166092" intensity="2.120193e-002" type="0"/>
    <Peak1D F1="1.161216" intensity="2.082195e-002" type="0"/>
    <Peak1D F1="1.149845" intensity="1.731945e-002" type="0"/>
    <Peak1D F1="1.142062" intensity="1.494425e-002" type="0"/>
    <Peak1D F1="1.131079" intensity="1.004251e-002" type="0"/>
    <Peak1D F1="1.046280" intensity="6.838879e-003" type="0"/>
    <Peak1D F1="1.034068" intensity="6.691180e-003" type="0"/>
    <Peak1D F1="1.029036" intensity="7.729947e-003" type="0"/>
    <Peak1D F1="1.016329" intensity="6.314534e-003" type="0"/>
    <Peak1D F1="1.007548" intensity="6.006167e-003" type="0"/>
    <Peak1D F1="0.990114" intensity="4.748469e-003" type="0"/>
    <Peak1D F1="0.885603" intensity="3.982473e-003" type="0"/>
    <Peak1D F1="0.797834" intensity="6.695621e-003" type="0"/>
    <Peak1D F1="0.694377" intensity="2.568295e-003" type="0"/>
    <Peak1D F1="0.673498" intensity="2.442344e-003" type="0"/>
    <Peak1D F1="0.602570" intensity="2.193759e-003" type="0"/>
    <Peak1D F1="0.572370" intensity="1.957529e-003" type="0"/>
    <Peak1D F1="0.530839" intensity="1.931139e-003" type="0"/>
    <Peak1D F1="0.524356" intensity="1.824311e-003" type="0"/>
    <Peak1D F1="0.450258" intensity="1.666166e-003" type="0"/>
    <Peak1D F1="0.380863" intensity="1.630102e-003" type="0"/>
    <Peak1D F1="0.355687" intensity="1.631593e-003" type="0"/>
    <Peak1D F1="0.261154" intensity="1.235395e-003" type="0"/>
    <Peak1D F1="0.219859" intensity="1.140374e-003" type="0"/>
    <Peak1D F1="0.132802" intensity="9.994811e-004" type="0"/>
    <Peak1D F1="0.058869" intensity="1.347486e-003" type="0"/>
    <Peak1D F1="0.009970" intensity="2.005444e-002" type="0"/>
    <Peak1D F1="-0.000156" intensity="2.399443e-002" type="0"/>
    <Peak1D F1="-0.006870" intensity="1.805954e-002" type="0"/>
    <Peak1D F1="-0.054300" intensity="1.050107e-003" type="0"/>
    <Peak1D F1="-3.056385" intensity="7.539181e-004" type="0"/>
  </PeakList1D>
</PeakList>
