<?xml version="1.0" encoding="UTF-8"?>
<PeakList>
  <PeakList1D>
    <PeakList1DHeader creator="nmr" date="2021-08-10T11:09:59.383+03:00" expNo="10" name="ID-429-C" owner="" procNo="1" source="//132.72.8.180/400b/Milo/Milo">
      <PeakPickDetails>F1=16.102310ppm, F2=-3.926735ppm, MI=0.00cm, MAXI=10000.00cm, PC=1.000
      </PeakPickDetails>
    </PeakList1DHeader>
    <Peak1D F1="8.369857" intensity="9.036154e-003" type="0"/>
    <Peak1D F1="8.363878" intensity="1.034230e-002" type="0"/>
    <Peak1D F1="8.343163" intensity="1.345586e-002" type="0"/>
    <Peak1D F1="8.321909" intensity="8.222080e-003" type="0"/>
    <Peak1D F1="8.255383" intensity="1.308347e-002" type="0"/>
    <Peak1D F1="8.248219" intensity="1.938068e-002" type="0"/>
    <Peak1D F1="8.222314" intensity="7.098740e-002" type="0"/>
    <Peak1D F1="8.209132" intensity="1.129318e-001" type="0"/>
    <Peak1D F1="8.200502" intensity="9.474702e-002" type="0"/>
    <Peak1D F1="8.187140" intensity="1.248757e-001" type="0"/>
    <Peak1D F1="8.180495" intensity="1.066713e-001" type="0"/>
    <Peak1D F1="8.174067" intensity="1.577541e-001" type="0"/>
    <Peak1D F1="8.168925" intensity="2.984951e-001" type="0"/>
    <Peak1D F1="8.163911" intensity="4.599456e-001" type="0"/>
    <Peak1D F1="8.158073" intensity="2.032482e+000" type="0"/>
    <Peak1D F1="8.152815" intensity="1.172425e+000" type="0"/>
    <Peak1D F1="8.147391" intensity="5.066765e-001" type="0"/>
    <Peak1D F1="8.140698" intensity="7.941735e-001" type="0"/>
    <Peak1D F1="8.136166" intensity="2.105775e+000" type="0"/>
    <Peak1D F1="8.130379" intensity="7.960334e-001" type="0"/>
    <Peak1D F1="8.111277" intensity="7.616375e-002" type="0"/>
    <Peak1D F1="8.085449" intensity="3.787183e-002" type="0"/>
    <Peak1D F1="8.062201" intensity="1.593474e-002" type="0"/>
    <Peak1D F1="8.045467" intensity="1.230741e-002" type="0"/>
    <Peak1D F1="8.021150" intensity="5.331699e-003" type="0"/>
    <Peak1D F1="8.000466" intensity="6.044956e-003" type="0"/>
    <Peak1D F1="7.943754" intensity="1.203820e-002" type="0"/>
    <Peak1D F1="7.921727" intensity="7.782734e-003" type="0"/>
    <Peak1D F1="7.877071" intensity="5.513196e-003" type="0"/>
    <Peak1D F1="7.847415" intensity="2.137082e-002" type="0"/>
    <Peak1D F1="7.830124" intensity="3.986971e-002" type="0"/>
    <Peak1D F1="7.809826" intensity="2.320469e-002" type="0"/>
    <Peak1D F1="7.784427" intensity="4.620380e-002" type="0"/>
    <Peak1D F1="7.766843" intensity="7.632400e-002" type="0"/>
    <Peak1D F1="7.745197" intensity="4.982683e-002" type="0"/>
    <Peak1D F1="7.726351" intensity="1.501333e-002" type="0"/>
    <Peak1D F1="7.713520" intensity="1.131470e-002" type="0"/>
    <Peak1D F1="7.687215" intensity="1.431907e-002" type="0"/>
    <Peak1D F1="7.662092" intensity="1.647367e-002" type="0"/>
    <Peak1D F1="7.629476" intensity="3.337116e-002" type="0"/>
    <Peak1D F1="7.617484" intensity="4.799711e-002" type="0"/>
    <Peak1D F1="7.608524" intensity="5.111833e-002" type="0"/>
    <Peak1D F1="7.594788" intensity="4.280392e-002" type="0"/>
    <Peak1D F1="7.588350" intensity="3.510960e-002" type="0"/>
    <Peak1D F1="7.571066" intensity="5.073204e-002" type="0"/>
    <Peak1D F1="7.549263" intensity="4.547606e-002" type="0"/>
    <Peak1D F1="7.522114" intensity="9.198680e-002" type="0"/>
    <Peak1D F1="7.505605" intensity="2.297625e-001" type="0"/>
    <Peak1D F1="7.500104" intensity="1.775574e-001" type="0"/>
    <Peak1D F1="7.494082" intensity="2.227822e-001" type="0"/>
    <Peak1D F1="7.480919" intensity="1.946052e+000" type="0"/>
    <Peak1D F1="7.476032" intensity="7.285670e-001" type="0"/>
    <Peak1D F1="7.463645" intensity="1.094681e+000" type="0"/>
    <Peak1D F1="7.458912" intensity="1.908442e+000" type="0"/>
    <Peak1D F1="7.442203" intensity="5.021544e-001" type="0"/>
    <Peak1D F1="7.423395" intensity="7.381357e-002" type="0"/>
    <Peak1D F1="7.418442" intensity="7.497565e-002" type="0"/>
    <Peak1D F1="7.408504" intensity="8.678500e-002" type="0"/>
    <Peak1D F1="7.403167" intensity="9.379600e-002" type="0"/>
    <Peak1D F1="7.389620" intensity="6.662066e-002" type="0"/>
    <Peak1D F1="7.384812" intensity="8.034451e-002" type="0"/>
    <Peak1D F1="7.369129" intensity="4.641523e-002" type="0"/>
    <Peak1D F1="7.364706" intensity="3.749502e-002" type="0"/>
    <Peak1D F1="7.335837" intensity="1.804135e-002" type="0"/>
    <Peak1D F1="7.323215" intensity="1.508065e-002" type="0"/>
    <Peak1D F1="7.312952" intensity="1.426685e-002" type="0"/>
    <Peak1D F1="7.295429" intensity="8.373784e-003" type="0"/>
    <Peak1D F1="7.273501" intensity="1.312624e-002" type="0"/>
    <Peak1D F1="7.246945" intensity="8.907425e-002" type="0"/>
    <Peak1D F1="7.197078" intensity="5.200284e+000" type="0"/>
    <Peak1D F1="7.169232" intensity="5.481252e-002" type="0"/>
    <Peak1D F1="7.152077" intensity="1.257583e-001" type="0"/>
    <Peak1D F1="7.147160" intensity="1.104320e-001" type="0"/>
    <Peak1D F1="7.133932" intensity="1.437210e-001" type="0"/>
    <Peak1D F1="7.115394" intensity="6.946367e-002" type="0"/>
    <Peak1D F1="7.096461" intensity="2.251999e-002" type="0"/>
    <Peak1D F1="7.078466" intensity="1.038017e-002" type="0"/>
    <Peak1D F1="7.053708" intensity="1.163747e-002" type="0"/>
    <Peak1D F1="7.030959" intensity="2.160254e-002" type="0"/>
    <Peak1D F1="7.004628" intensity="8.301924e-002" type="0"/>
    <Peak1D F1="6.995281" intensity="3.089391e-002" type="0"/>
    <Peak1D F1="6.983066" intensity="8.531575e-002" type="0"/>
    <Peak1D F1="6.977446" intensity="9.834670e-002" type="0"/>
    <Peak1D F1="6.956003" intensity="7.148015e-002" type="0"/>
    <Peak1D F1="6.932990" intensity="2.895337e-002" type="0"/>
    <Peak1D F1="6.926515" intensity="1.046882e-002" type="0"/>
    <Peak1D F1="6.224071" intensity="7.108437e-003" type="0"/>
    <Peak1D F1="6.216447" intensity="6.544156e-003" type="0"/>
    <Peak1D F1="6.177210" intensity="9.108000e-003" type="0"/>
    <Peak1D F1="6.168386" intensity="7.383055e-003" type="0"/>
    <Peak1D F1="6.159970" intensity="5.359303e-003" type="0"/>
    <Peak1D F1="6.117350" intensity="5.098457e-002" type="0"/>
    <Peak1D F1="6.110310" intensity="2.813908e-002" type="0"/>
    <Peak1D F1="6.067129" intensity="5.582708e-002" type="0"/>
    <Peak1D F1="6.017265" intensity="3.376670e+000" type="0"/>
    <Peak1D F1="5.989178" intensity="2.691339e-002" type="0"/>
    <Peak1D F1="5.977318" intensity="2.705100e-002" type="0"/>
    <Peak1D F1="5.967230" intensity="5.185325e-002" type="0"/>
    <Peak1D F1="5.815203" intensity="1.867368e-002" type="0"/>
    <Peak1D F1="5.794519" intensity="8.191030e-003" type="0"/>
    <Peak1D F1="5.738534" intensity="1.535048e-002" type="0"/>
    <Peak1D F1="5.708296" intensity="2.854142e-002" type="0"/>
    <Peak1D F1="5.676784" intensity="2.848000e-002" type="0"/>
    <Peak1D F1="5.572870" intensity="1.015274e-002" type="0"/>
    <Peak1D F1="5.537682" intensity="1.420691e-002" type="0"/>
    <Peak1D F1="5.493461" intensity="8.000608e-002" type="0"/>
    <Peak1D F1="5.488022" intensity="7.911705e-002" type="0"/>
    <Peak1D F1="5.468710" intensity="2.956157e-002" type="0"/>
    <Peak1D F1="5.463457" intensity="3.008645e-002" type="0"/>
    <Peak1D F1="5.415283" intensity="2.871306e-002" type="0"/>
    <Peak1D F1="5.388360" intensity="1.665383e-002" type="0"/>
    <Peak1D F1="5.356596" intensity="1.659947e-001" type="0"/>
    <Peak1D F1="5.349749" intensity="1.619865e-001" type="0"/>
    <Peak1D F1="5.331198" intensity="1.171070e-002" type="0"/>
    <Peak1D F1="5.306611" intensity="6.656119e-003" type="0"/>
    <Peak1D F1="5.159890" intensity="5.724852e-003" type="0"/>
    <Peak1D F1="5.081874" intensity="6.014904e-002" type="0"/>
    <Peak1D F1="5.009401" intensity="6.503223e-003" type="0"/>
    <Peak1D F1="4.971106" intensity="6.228504e-003" type="0"/>
    <Peak1D F1="4.950036" intensity="5.100890e-003" type="0"/>
    <Peak1D F1="4.906372" intensity="5.118490e-003" type="0"/>
    <Peak1D F1="4.892687" intensity="9.915426e-003" type="0"/>
    <Peak1D F1="4.875473" intensity="1.848070e-002" type="0"/>
    <Peak1D F1="4.860175" intensity="4.282774e-002" type="0"/>
    <Peak1D F1="4.838773" intensity="5.125020e-002" type="0"/>
    <Peak1D F1="4.820193" intensity="4.101318e-002" type="0"/>
    <Peak1D F1="4.792553" intensity="9.414746e-001" type="0"/>
    <Peak1D F1="4.769781" intensity="9.592711e-001" type="0"/>
    <Peak1D F1="4.742302" intensity="3.333340e-002" type="0"/>
    <Peak1D F1="4.719568" intensity="4.775124e-002" type="0"/>
    <Peak1D F1="4.679702" intensity="3.100564e-001" type="0"/>
    <Peak1D F1="4.607954" intensity="1.501366e-002" type="0"/>
    <Peak1D F1="4.586562" intensity="8.026354e-003" type="0"/>
    <Peak1D F1="4.449831" intensity="5.008918e-003" type="0"/>
    <Peak1D F1="4.364533" intensity="6.729093e-003" type="0"/>
    <Peak1D F1="4.097943" intensity="5.610028e-003" type="0"/>
    <Peak1D F1="3.973618" intensity="5.709634e-003" type="0"/>
    <Peak1D F1="3.877856" intensity="5.352921e-002" type="0"/>
    <Peak1D F1="3.844720" intensity="5.246054e-003" type="0"/>
    <Peak1D F1="3.811164" intensity="8.570442e-002" type="0"/>
    <Peak1D F1="3.774236" intensity="1.223141e-002" type="0"/>
    <Peak1D F1="3.750226" intensity="1.764741e-001" type="0"/>
    <Peak1D F1="3.745728" intensity="6.310111e-002" type="0"/>
    <Peak1D F1="3.700387" intensity="1.027379e+001" type="0"/>
    <Peak1D F1="3.650257" intensity="1.637176e-001" type="0"/>
    <Peak1D F1="3.611644" intensity="5.820670e-003" type="0"/>
    <Peak1D F1="3.598368" intensity="5.354635e-003" type="0"/>
    <Peak1D F1="3.592621" intensity="5.395616e-003" type="0"/>
    <Peak1D F1="3.518142" intensity="5.776855e-002" type="0"/>
    <Peak1D F1="3.503783" intensity="1.066197e-002" type="0"/>
    <Peak1D F1="3.466094" intensity="8.845949e-003" type="0"/>
    <Peak1D F1="3.416332" intensity="1.841336e-001" type="0"/>
    <Peak1D F1="3.357890" intensity="6.445157e-003" type="0"/>
    <Peak1D F1="3.184545" intensity="7.312676e-003" type="0"/>
    <Peak1D F1="3.152729" intensity="1.008839e-002" type="0"/>
    <Peak1D F1="3.133118" intensity="8.389008e-003" type="0"/>
    <Peak1D F1="3.118743" intensity="6.235198e-003" type="0"/>
    <Peak1D F1="2.992836" intensity="5.119368e-003" type="0"/>
    <Peak1D F1="2.962090" intensity="8.818689e-003" type="0"/>
    <Peak1D F1="2.953583" intensity="8.060732e-003" type="0"/>
    <Peak1D F1="2.943705" intensity="1.123951e-002" type="0"/>
    <Peak1D F1="2.916576" intensity="6.232671e-003" type="0"/>
    <Peak1D F1="2.795705" intensity="9.706427e-003" type="0"/>
    <Peak1D F1="2.768580" intensity="1.550619e-002" type="0"/>
    <Peak1D F1="2.759883" intensity="2.022802e-002" type="0"/>
    <Peak1D F1="2.737499" intensity="1.605885e-002" type="0"/>
    <Peak1D F1="2.704328" intensity="1.093076e-002" type="0"/>
    <Peak1D F1="2.671403" intensity="9.695929e-003" type="0"/>
    <Peak1D F1="2.578208" intensity="5.492793e-002" type="0"/>
    <Peak1D F1="2.563891" intensity="5.525441e-002" type="0"/>
    <Peak1D F1="2.543373" intensity="4.568989e-002" type="0"/>
    <Peak1D F1="2.514720" intensity="3.179264e-002" type="0"/>
    <Peak1D F1="2.505440" intensity="2.682360e-002" type="0"/>
    <Peak1D F1="2.496941" intensity="3.205831e-002" type="0"/>
    <Peak1D F1="2.483994" intensity="2.564708e-002" type="0"/>
    <Peak1D F1="2.476030" intensity="2.981766e-002" type="0"/>
    <Peak1D F1="2.455288" intensity="3.154917e-002" type="0"/>
    <Peak1D F1="2.437192" intensity="1.968347e-001" type="0"/>
    <Peak1D F1="2.432378" intensity="2.199562e-001" type="0"/>
    <Peak1D F1="2.416772" intensity="2.169713e-001" type="0"/>
    <Peak1D F1="2.411352" intensity="2.518249e-001" type="0"/>
    <Peak1D F1="2.387874" intensity="2.916616e-001" type="0"/>
    <Peak1D F1="2.383898" intensity="2.753115e-001" type="0"/>
    <Peak1D F1="2.363062" intensity="3.253432e-001" type="0"/>
    <Peak1D F1="2.352684" intensity="2.233938e-001" type="0"/>
    <Peak1D F1="2.329776" intensity="3.482246e-001" type="0"/>
    <Peak1D F1="2.322102" intensity="1.983497e-001" type="0"/>
    <Peak1D F1="2.318640" intensity="1.799349e-001" type="0"/>
    <Peak1D F1="2.309709" intensity="2.983480e-001" type="0"/>
    <Peak1D F1="2.299438" intensity="3.151015e-001" type="0"/>
    <Peak1D F1="2.287178" intensity="1.202277e-001" type="0"/>
    <Peak1D F1="2.279301" intensity="2.055905e-001" type="0"/>
    <Peak1D F1="2.265478" intensity="5.613819e-002" type="0"/>
    <Peak1D F1="2.251465" intensity="3.305832e-001" type="0"/>
    <Peak1D F1="2.237325" intensity="9.120806e-002" type="0"/>
    <Peak1D F1="2.229305" intensity="3.730361e-001" type="0"/>
    <Peak1D F1="2.225306" intensity="3.681682e-001" type="0"/>
    <Peak1D F1="2.202633" intensity="4.793818e-001" type="0"/>
    <Peak1D F1="2.195028" intensity="1.113924e-001" type="0"/>
    <Peak1D F1="2.181181" intensity="2.690775e-001" type="0"/>
    <Peak1D F1="2.176353" intensity="2.661780e-001" type="0"/>
    <Peak1D F1="2.165649" intensity="1.530131e-001" type="0"/>
    <Peak1D F1="2.154063" intensity="3.892311e-001" type="0"/>
    <Peak1D F1="2.146208" intensity="4.010907e-001" type="0"/>
    <Peak1D F1="2.115881" intensity="4.575285e+000" type="0"/>
    <Peak1D F1="2.107462" intensity="3.582424e+000" type="0"/>
    <Peak1D F1="2.096438" intensity="1.449163e+001" type="0"/>
    <Peak1D F1="2.084687" intensity="3.777841e+000" type="0"/>
    <Peak1D F1="2.077625" intensity="7.173500e+000" type="0"/>
    <Peak1D F1="2.056177" intensity="3.799729e-001" type="0"/>
    <Peak1D F1="2.052395" intensity="3.752120e-001" type="0"/>
    <Peak1D F1="2.046561" intensity="4.039218e-001" type="0"/>
    <Peak1D F1="2.028481" intensity="1.846369e-001" type="0"/>
    <Peak1D F1="1.986183" intensity="2.048751e-001" type="0"/>
    <Peak1D F1="1.981367" intensity="1.870687e-001" type="0"/>
    <Peak1D F1="1.969793" intensity="2.437144e-001" type="0"/>
    <Peak1D F1="1.959210" intensity="4.436634e-001" type="0"/>
    <Peak1D F1="1.954001" intensity="4.270497e-001" type="0"/>
    <Peak1D F1="1.949163" intensity="4.740215e-001" type="0"/>
    <Peak1D F1="1.941559" intensity="6.882633e-001" type="0"/>
    <Peak1D F1="1.932470" intensity="8.472894e-001" type="0"/>
    <Peak1D F1="1.925652" intensity="9.472582e-001" type="0"/>
    <Peak1D F1="1.920491" intensity="9.362195e-001" type="0"/>
    <Peak1D F1="1.910864" intensity="7.290971e+000" type="0"/>
    <Peak1D F1="1.900845" intensity="5.940059e+000" type="0"/>
    <Peak1D F1="1.899709" intensity="6.023957e+000" type="0"/>
    <Peak1D F1="1.891265" intensity="1.500000e+001" type="0"/>
    <Peak1D F1="1.881912" intensity="5.406907e+000" type="0"/>
    <Peak1D F1="1.871905" intensity="4.716907e+000" type="0"/>
    <Peak1D F1="1.859781" intensity="6.144705e-001" type="0"/>
    <Peak1D F1="1.849572" intensity="3.797643e-001" type="0"/>
    <Peak1D F1="1.841274" intensity="3.570184e-001" type="0"/>
    <Peak1D F1="1.831886" intensity="1.699090e-001" type="0"/>
    <Peak1D F1="1.821859" intensity="1.420390e-001" type="0"/>
    <Peak1D F1="1.808043" intensity="7.062215e-002" type="0"/>
    <Peak1D F1="1.795745" intensity="6.790952e-002" type="0"/>
    <Peak1D F1="1.766104" intensity="4.876041e-002" type="0"/>
    <Peak1D F1="1.760296" intensity="6.066316e-002" type="0"/>
    <Peak1D F1="1.745123" intensity="1.254936e-001" type="0"/>
    <Peak1D F1="1.729444" intensity="1.598806e-001" type="0"/>
    <Peak1D F1="1.724166" intensity="1.882074e-001" type="0"/>
    <Peak1D F1="1.717223" intensity="1.811718e-001" type="0"/>
    <Peak1D F1="1.708116" intensity="2.205763e-001" type="0"/>
    <Peak1D F1="1.701424" intensity="3.125789e-001" type="0"/>
    <Peak1D F1="1.697430" intensity="2.859779e-001" type="0"/>
    <Peak1D F1="1.688814" intensity="2.433218e-001" type="0"/>
    <Peak1D F1="1.681485" intensity="7.296218e-001" type="0"/>
    <Peak1D F1="1.676525" intensity="4.204647e-001" type="0"/>
    <Peak1D F1="1.671300" intensity="4.566951e-001" type="0"/>
    <Peak1D F1="1.657973" intensity="6.535248e-001" type="0"/>
    <Peak1D F1="1.653179" intensity="5.750811e-001" type="0"/>
    <Peak1D F1="1.641782" intensity="4.306798e-001" type="0"/>
    <Peak1D F1="1.637552" intensity="4.735935e-001" type="0"/>
    <Peak1D F1="1.632978" intensity="3.852974e-001" type="0"/>
    <Peak1D F1="1.626186" intensity="2.619051e-001" type="0"/>
    <Peak1D F1="1.621485" intensity="2.704106e-001" type="0"/>
    <Peak1D F1="1.617358" intensity="2.598670e-001" type="0"/>
    <Peak1D F1="1.597856" intensity="1.420141e-001" type="0"/>
    <Peak1D F1="1.591943" intensity="1.623500e-001" type="0"/>
    <Peak1D F1="1.566289" intensity="1.921057e-001" type="0"/>
    <Peak1D F1="1.556234" intensity="1.932277e-001" type="0"/>
    <Peak1D F1="1.535733" intensity="2.572482e-001" type="0"/>
    <Peak1D F1="1.520542" intensity="1.741491e-001" type="0"/>
    <Peak1D F1="1.513079" intensity="1.792223e-001" type="0"/>
    <Peak1D F1="1.501531" intensity="3.226939e-001" type="0"/>
    <Peak1D F1="1.492631" intensity="1.184449e-001" type="0"/>
    <Peak1D F1="1.484124" intensity="3.786812e-001" type="0"/>
    <Peak1D F1="1.471205" intensity="2.619610e-001" type="0"/>
    <Peak1D F1="1.454524" intensity="2.611736e-001" type="0"/>
    <Peak1D F1="1.442231" intensity="6.336202e-002" type="0"/>
    <Peak1D F1="1.436468" intensity="8.492793e-002" type="0"/>
    <Peak1D F1="1.424404" intensity="9.437596e-002" type="0"/>
    <Peak1D F1="1.405089" intensity="3.234974e-002" type="0"/>
    <Peak1D F1="1.337449" intensity="1.990442e-002" type="0"/>
    <Peak1D F1="1.319346" intensity="2.008126e-002" type="0"/>
    <Peak1D F1="1.288636" intensity="2.290739e-002" type="0"/>
    <Peak1D F1="1.262485" intensity="3.302892e-002" type="0"/>
    <Peak1D F1="1.234349" intensity="4.566912e-002" type="0"/>
    <Peak1D F1="1.214153" intensity="4.748210e-002" type="0"/>
    <Peak1D F1="1.185484" intensity="1.276886e-001" type="0"/>
    <Peak1D F1="1.109891" intensity="9.009366e-003" type="0"/>
    <Peak1D F1="1.088851" intensity="8.627437e-003" type="0"/>
    <Peak1D F1="1.003113" intensity="6.862666e-003" type="0"/>
    <Peak1D F1="0.984041" intensity="6.989293e-003" type="0"/>
    <Peak1D F1="0.940684" intensity="5.610214e-003" type="0"/>
    <Peak1D F1="0.907349" intensity="6.553020e-003" type="0"/>
    <Peak1D F1="0.863051" intensity="6.796566e-003" type="0"/>
    <Peak1D F1="0.858815" intensity="7.198452e-003" type="0"/>
    <Peak1D F1="0.826667" intensity="2.062991e-002" type="0"/>
    <Peak1D F1="0.809766" intensity="3.997992e-002" type="0"/>
    <Peak1D F1="0.793143" intensity="2.101285e-002" type="0"/>
    <Peak1D F1="0.774725" intensity="1.673280e-002" type="0"/>
    <Peak1D F1="0.742765" intensity="1.040227e-002" type="0"/>
    <Peak1D F1="0.708352" intensity="5.978229e-003" type="0"/>
    <Peak1D F1="0.646719" intensity="4.848994e-003" type="0"/>
    <Peak1D F1="0.513479" intensity="5.035495e-003" type="0"/>
    <Peak1D F1="0.267530" intensity="4.813291e-003" type="0"/>
    <Peak1D F1="-0.000158" intensity="1.057714e-001" type="0"/>
    <Peak1D F1="-2.722780" intensity="4.762556e-003" type="0"/>
    <Peak1D F1="-3.683977" intensity="5.280953e-003" type="0"/>
  </PeakList1D>
</PeakList>
