<?xml version="1.0" encoding="UTF-8"?>
<PeakList>
  <PeakList1D>
    <PeakList1DHeader creator="nmr" date="2021-10-27T01:13:47.123+03:00" expNo="20" name="ID-450-D-26.10.21" owner="" procNo="1" source="//132.72.8.180/400b/Milo/Milo">
      <PeakPickDetails>F1=16.099680ppm, F2=-3.929365ppm, MI=0.00cm, MAXI=10000.00cm, PC=1.000
      </PeakPickDetails>
    </PeakList1DHeader>
    <Peak1D F1="12.577585" intensity="1.878450e-003" type="0"/>
    <Peak1D F1="11.908207" intensity="1.770238e-003" type="0"/>
    <Peak1D F1="10.346577" intensity="1.635319e-003" type="0"/>
    <Peak1D F1="10.312125" intensity="1.532502e-002" type="0"/>
    <Peak1D F1="10.296592" intensity="2.021936e-003" type="0"/>
    <Peak1D F1="10.241203" intensity="2.709383e-003" type="0"/>
    <Peak1D F1="10.141610" intensity="5.114790e-002" type="0"/>
    <Peak1D F1="10.122472" intensity="2.781753e-002" type="0"/>
    <Peak1D F1="10.091494" intensity="2.768821e+000" type="0"/>
    <Peak1D F1="10.059517" intensity="1.474826e-002" type="0"/>
    <Peak1D F1="10.041440" intensity="4.108525e-002" type="0"/>
    <Peak1D F1="9.864878" intensity="1.458984e-002" type="0"/>
    <Peak1D F1="8.747649" intensity="1.743424e-003" type="0"/>
    <Peak1D F1="8.726392" intensity="1.773433e-003" type="0"/>
    <Peak1D F1="8.706031" intensity="2.435245e-003" type="0"/>
    <Peak1D F1="8.661434" intensity="2.136861e-003" type="0"/>
    <Peak1D F1="8.643083" intensity="2.022260e-003" type="0"/>
    <Peak1D F1="8.629688" intensity="2.081006e-003" type="0"/>
    <Peak1D F1="8.553668" intensity="8.077196e-003" type="0"/>
    <Peak1D F1="8.548027" intensity="8.632137e-003" type="0"/>
    <Peak1D F1="8.531064" intensity="9.344366e-003" type="0"/>
    <Peak1D F1="8.494407" intensity="3.950302e-003" type="0"/>
    <Peak1D F1="8.482933" intensity="4.512090e-003" type="0"/>
    <Peak1D F1="8.468968" intensity="6.353100e-003" type="0"/>
    <Peak1D F1="8.389149" intensity="4.195888e-002" type="0"/>
    <Peak1D F1="8.367191" intensity="6.018800e-002" type="0"/>
    <Peak1D F1="8.339116" intensity="1.881487e+000" type="0"/>
    <Peak1D F1="8.334476" intensity="6.414541e-001" type="0"/>
    <Peak1D F1="8.317316" intensity="2.081039e+000" type="0"/>
    <Peak1D F1="8.289089" intensity="3.679316e-002" type="0"/>
    <Peak1D F1="8.267430" intensity="3.913166e-002" type="0"/>
    <Peak1D F1="8.245150" intensity="2.547008e-002" type="0"/>
    <Peak1D F1="8.222076" intensity="4.666618e-002" type="0"/>
    <Peak1D F1="8.218187" intensity="4.325187e-002" type="0"/>
    <Peak1D F1="8.211298" intensity="1.288928e-001" type="0"/>
    <Peak1D F1="8.205439" intensity="9.536024e-002" type="0"/>
    <Peak1D F1="8.189298" intensity="1.431871e-001" type="0"/>
    <Peak1D F1="8.183028" intensity="1.022468e-001" type="0"/>
    <Peak1D F1="8.175892" intensity="6.769735e-002" type="0"/>
    <Peak1D F1="8.160029" intensity="3.379472e-001" type="0"/>
    <Peak1D F1="8.154550" intensity="1.962368e+000" type="0"/>
    <Peak1D F1="8.149577" intensity="7.302534e-001" type="0"/>
    <Peak1D F1="8.137056" intensity="7.678710e-001" type="0"/>
    <Peak1D F1="8.132580" intensity="1.984183e+000" type="0"/>
    <Peak1D F1="8.126636" intensity="4.232011e-001" type="0"/>
    <Peak1D F1="8.104708" intensity="4.893895e-002" type="0"/>
    <Peak1D F1="8.099851" intensity="3.009538e-002" type="0"/>
    <Peak1D F1="8.082735" intensity="4.145726e-002" type="0"/>
    <Peak1D F1="8.068798" intensity="5.265014e-002" type="0"/>
    <Peak1D F1="8.046997" intensity="5.398291e-002" type="0"/>
    <Peak1D F1="8.023809" intensity="4.279646e-001" type="0"/>
    <Peak1D F1="8.018782" intensity="2.571279e+000" type="0"/>
    <Peak1D F1="8.013841" intensity="7.730112e-001" type="0"/>
    <Peak1D F1="8.001563" intensity="7.913080e-001" type="0"/>
    <Peak1D F1="7.996876" intensity="2.065760e+000" type="0"/>
    <Peak1D F1="7.991584" intensity="2.858950e-001" type="0"/>
    <Peak1D F1="7.968768" intensity="4.149431e-002" type="0"/>
    <Peak1D F1="7.946713" intensity="3.480693e-002" type="0"/>
    <Peak1D F1="7.924189" intensity="6.481408e-003" type="0"/>
    <Peak1D F1="7.917947" intensity="7.941088e-003" type="0"/>
    <Peak1D F1="7.897749" intensity="2.885220e-003" type="0"/>
    <Peak1D F1="7.878823" intensity="2.209484e-003" type="0"/>
    <Peak1D F1="7.857040" intensity="1.968392e-003" type="0"/>
    <Peak1D F1="7.808522" intensity="8.190348e-003" type="0"/>
    <Peak1D F1="7.789909" intensity="6.622353e-003" type="0"/>
    <Peak1D F1="7.785577" intensity="5.689449e-003" type="0"/>
    <Peak1D F1="7.763151" intensity="1.618390e-003" type="0"/>
    <Peak1D F1="7.714958" intensity="6.020213e-003" type="0"/>
    <Peak1D F1="7.693202" intensity="6.579069e-003" type="0"/>
    <Peak1D F1="7.683649" intensity="1.688634e-002" type="0"/>
    <Peak1D F1="7.661076" intensity="1.731990e-002" type="0"/>
    <Peak1D F1="7.647023" intensity="9.376142e-003" type="0"/>
    <Peak1D F1="7.618642" intensity="9.892225e-003" type="0"/>
    <Peak1D F1="7.606796" intensity="1.471596e-002" type="0"/>
    <Peak1D F1="7.594881" intensity="1.319617e-002" type="0"/>
    <Peak1D F1="7.585046" intensity="1.705895e-002" type="0"/>
    <Peak1D F1="7.571549" intensity="1.927684e-002" type="0"/>
    <Peak1D F1="7.554231" intensity="1.955842e-002" type="0"/>
    <Peak1D F1="7.547708" intensity="2.361057e-002" type="0"/>
    <Peak1D F1="7.527536" intensity="1.489643e-001" type="0"/>
    <Peak1D F1="7.505355" intensity="1.971577e-001" type="0"/>
    <Peak1D F1="7.478546" intensity="1.952656e+000" type="0"/>
    <Peak1D F1="7.473844" intensity="6.574094e-001" type="0"/>
    <Peak1D F1="7.456668" intensity="1.891471e+000" type="0"/>
    <Peak1D F1="7.450977" intensity="2.924355e-001" type="0"/>
    <Peak1D F1="7.443175" intensity="8.870196e-002" type="0"/>
    <Peak1D F1="7.437621" intensity="1.318271e-001" type="0"/>
    <Peak1D F1="7.429017" intensity="6.208710e-002" type="0"/>
    <Peak1D F1="7.406547" intensity="4.228878e-002" type="0"/>
    <Peak1D F1="7.384663" intensity="1.165119e-002" type="0"/>
    <Peak1D F1="7.350930" intensity="1.443534e-002" type="0"/>
    <Peak1D F1="7.328794" intensity="2.786858e-002" type="0"/>
    <Peak1D F1="7.313344" intensity="3.579668e-002" type="0"/>
    <Peak1D F1="7.308006" intensity="4.418637e-002" type="0"/>
    <Peak1D F1="7.293541" intensity="5.118385e-002" type="0"/>
    <Peak1D F1="7.288118" intensity="3.688729e-002" type="0"/>
    <Peak1D F1="7.271585" intensity="3.071140e-002" type="0"/>
    <Peak1D F1="7.263077" intensity="2.420166e-002" type="0"/>
    <Peak1D F1="7.244644" intensity="1.735197e-001" type="0"/>
    <Peak1D F1="7.194717" intensity="1.016585e+001" type="0"/>
    <Peak1D F1="7.144636" intensity="1.528655e-001" type="0"/>
    <Peak1D F1="7.121472" intensity="4.144227e-003" type="0"/>
    <Peak1D F1="7.112510" intensity="3.591510e-003" type="0"/>
    <Peak1D F1="7.102554" intensity="3.561699e-003" type="0"/>
    <Peak1D F1="7.036444" intensity="1.777535e-003" type="0"/>
    <Peak1D F1="7.015937" intensity="3.550003e-003" type="0"/>
    <Peak1D F1="6.994085" intensity="4.753752e-003" type="0"/>
    <Peak1D F1="6.984148" intensity="3.331425e-003" type="0"/>
    <Peak1D F1="6.930618" intensity="5.467898e-002" type="0"/>
    <Peak1D F1="6.906118" intensity="6.508155e-003" type="0"/>
    <Peak1D F1="6.889584" intensity="1.158424e-002" type="0"/>
    <Peak1D F1="6.883543" intensity="1.797036e-002" type="0"/>
    <Peak1D F1="6.867154" intensity="2.467304e-002" type="0"/>
    <Peak1D F1="6.860895" intensity="3.556577e-002" type="0"/>
    <Peak1D F1="6.854688" intensity="3.327139e-002" type="0"/>
    <Peak1D F1="6.851078" intensity="3.262227e-002" type="0"/>
    <Peak1D F1="6.844804" intensity="3.928255e-002" type="0"/>
    <Peak1D F1="6.838904" intensity="4.244074e-002" type="0"/>
    <Peak1D F1="6.832082" intensity="3.679189e-002" type="0"/>
    <Peak1D F1="6.828960" intensity="3.926446e-002" type="0"/>
    <Peak1D F1="6.822607" intensity="4.438619e-002" type="0"/>
    <Peak1D F1="6.816885" intensity="4.420855e-002" type="0"/>
    <Peak1D F1="6.799977" intensity="2.129053e-002" type="0"/>
    <Peak1D F1="6.794613" intensity="2.047638e-002" type="0"/>
    <Peak1D F1="6.748929" intensity="2.903338e-003" type="0"/>
    <Peak1D F1="6.743657" intensity="2.246893e-003" type="0"/>
    <Peak1D F1="6.604025" intensity="1.969513e-003" type="0"/>
    <Peak1D F1="6.305696" intensity="4.121103e-003" type="0"/>
    <Peak1D F1="6.299186" intensity="4.435452e-003" type="0"/>
    <Peak1D F1="6.280044" intensity="5.064525e-003" type="0"/>
    <Peak1D F1="6.217677" intensity="6.392522e-003" type="0"/>
    <Peak1D F1="6.212507" intensity="1.250169e-002" type="0"/>
    <Peak1D F1="6.206844" intensity="6.717897e-003" type="0"/>
    <Peak1D F1="6.113776" intensity="1.350109e-002" type="0"/>
    <Peak1D F1="6.063757" intensity="8.141057e-002" type="0"/>
    <Peak1D F1="6.013755" intensity="4.957197e+000" type="0"/>
    <Peak1D F1="5.963760" intensity="7.352282e-002" type="0"/>
    <Peak1D F1="5.849075" intensity="2.498687e-002" type="0"/>
    <Peak1D F1="5.836493" intensity="2.565949e-002" type="0"/>
    <Peak1D F1="5.817505" intensity="9.117824e-003" type="0"/>
    <Peak1D F1="5.812076" intensity="1.480607e-002" type="0"/>
    <Peak1D F1="5.806329" intensity="8.278567e-003" type="0"/>
    <Peak1D F1="5.789474" intensity="2.370117e-003" type="0"/>
    <Peak1D F1="5.754955" intensity="2.079769e-003" type="0"/>
    <Peak1D F1="5.608665" intensity="2.427575e-003" type="0"/>
    <Peak1D F1="5.523016" intensity="3.672063e-003" type="0"/>
    <Peak1D F1="5.513545" intensity="3.039720e-003" type="0"/>
    <Peak1D F1="5.505939" intensity="2.253741e-003" type="0"/>
    <Peak1D F1="5.435543" intensity="3.029497e-003" type="0"/>
    <Peak1D F1="5.386822" intensity="9.976704e-002" type="0"/>
    <Peak1D F1="5.347969" intensity="3.996690e-002" type="0"/>
    <Peak1D F1="5.306456" intensity="2.721211e-003" type="0"/>
    <Peak1D F1="5.269208" intensity="6.878449e-003" type="0"/>
    <Peak1D F1="5.255534" intensity="2.519454e-003" type="0"/>
    <Peak1D F1="5.215715" intensity="3.189802e-003" type="0"/>
    <Peak1D F1="5.173175" intensity="4.088890e-003" type="0"/>
    <Peak1D F1="5.146811" intensity="2.201698e-003" type="0"/>
    <Peak1D F1="5.090823" intensity="4.190490e-003" type="0"/>
    <Peak1D F1="5.067890" intensity="5.921296e-003" type="0"/>
    <Peak1D F1="5.019866" intensity="6.862601e-003" type="0"/>
    <Peak1D F1="4.996519" intensity="9.941901e-003" type="0"/>
    <Peak1D F1="4.977987" intensity="1.027002e-002" type="0"/>
    <Peak1D F1="4.968186" intensity="1.238369e-002" type="0"/>
    <Peak1D F1="4.945445" intensity="1.129472e-002" type="0"/>
    <Peak1D F1="4.929873" intensity="7.430853e-003" type="0"/>
    <Peak1D F1="4.909407" intensity="6.544927e-003" type="0"/>
    <Peak1D F1="4.887771" intensity="9.039214e-003" type="0"/>
    <Peak1D F1="4.864494" intensity="7.578793e-003" type="0"/>
    <Peak1D F1="4.839007" intensity="2.183681e-002" type="0"/>
    <Peak1D F1="4.816363" intensity="2.812275e-002" type="0"/>
    <Peak1D F1="4.789075" intensity="9.796137e-001" type="0"/>
    <Peak1D F1="4.766236" intensity="9.965534e-001" type="0"/>
    <Peak1D F1="4.738576" intensity="3.226540e-002" type="0"/>
    <Peak1D F1="4.715873" intensity="4.205460e-002" type="0"/>
    <Peak1D F1="4.678078" intensity="5.499374e-001" type="0"/>
    <Peak1D F1="4.605594" intensity="1.142715e-002" type="0"/>
    <Peak1D F1="4.582478" intensity="8.493729e-003" type="0"/>
    <Peak1D F1="4.537978" intensity="3.857424e-003" type="0"/>
    <Peak1D F1="4.522218" intensity="2.230397e-003" type="0"/>
    <Peak1D F1="4.514063" intensity="3.646459e-003" type="0"/>
    <Peak1D F1="4.495203" intensity="2.488882e-003" type="0"/>
    <Peak1D F1="4.488209" intensity="3.203345e-003" type="0"/>
    <Peak1D F1="4.473351" intensity="4.121349e-003" type="0"/>
    <Peak1D F1="4.283735" intensity="1.828043e-003" type="0"/>
    <Peak1D F1="4.262559" intensity="2.223230e-003" type="0"/>
    <Peak1D F1="4.049360" intensity="2.727244e-003" type="0"/>
    <Peak1D F1="4.025516" intensity="2.322432e-003" type="0"/>
    <Peak1D F1="3.925232" intensity="2.054508e-003" type="0"/>
    <Peak1D F1="3.910584" intensity="1.943044e-003" type="0"/>
    <Peak1D F1="3.874985" intensity="8.073252e-002" type="0"/>
    <Peak1D F1="3.841980" intensity="9.529709e-003" type="0"/>
    <Peak1D F1="3.818619" intensity="8.593097e-003" type="0"/>
    <Peak1D F1="3.807750" intensity="3.259592e-002" type="0"/>
    <Peak1D F1="3.796943" intensity="1.553116e-002" type="0"/>
    <Peak1D F1="3.780181" intensity="1.378301e-002" type="0"/>
    <Peak1D F1="3.747554" intensity="2.501940e-001" type="0"/>
    <Peak1D F1="3.697561" intensity="1.500000e+001" type="0"/>
    <Peak1D F1="3.670265" intensity="3.312146e-002" type="0"/>
    <Peak1D F1="3.647520" intensity="2.340543e-001" type="0"/>
    <Peak1D F1="3.625923" intensity="7.553431e-003" type="0"/>
    <Peak1D F1="3.602384" intensity="3.842747e-003" type="0"/>
    <Peak1D F1="3.595829" intensity="3.730536e-003" type="0"/>
    <Peak1D F1="3.590747" intensity="3.754913e-003" type="0"/>
    <Peak1D F1="3.565570" intensity="3.519524e-003" type="0"/>
    <Peak1D F1="3.554815" intensity="2.916459e-003" type="0"/>
    <Peak1D F1="3.537126" intensity="3.389955e-003" type="0"/>
    <Peak1D F1="3.515309" intensity="7.949933e-002" type="0"/>
    <Peak1D F1="3.495478" intensity="3.121855e-003" type="0"/>
    <Peak1D F1="3.486303" intensity="5.094277e-003" type="0"/>
    <Peak1D F1="3.471941" intensity="2.286713e-003" type="0"/>
    <Peak1D F1="3.463963" intensity="2.271708e-003" type="0"/>
    <Peak1D F1="3.454094" intensity="1.917020e-003" type="0"/>
    <Peak1D F1="3.422084" intensity="1.661542e-003" type="0"/>
    <Peak1D F1="3.397171" intensity="1.774611e-003" type="0"/>
    <Peak1D F1="3.272119" intensity="1.718128e-003" type="0"/>
    <Peak1D F1="3.129773" intensity="1.480989e-002" type="0"/>
    <Peak1D F1="3.080084" intensity="2.750511e-003" type="0"/>
    <Peak1D F1="3.064576" intensity="2.353641e-003" type="0"/>
    <Peak1D F1="2.959812" intensity="4.446766e-003" type="0"/>
    <Peak1D F1="2.941681" intensity="8.376687e-003" type="0"/>
    <Peak1D F1="2.934898" intensity="8.018152e-003" type="0"/>
    <Peak1D F1="2.916166" intensity="7.560743e-003" type="0"/>
    <Peak1D F1="2.883518" intensity="3.437643e-003" type="0"/>
    <Peak1D F1="2.844826" intensity="2.716985e-003" type="0"/>
    <Peak1D F1="2.829511" intensity="2.778518e-003" type="0"/>
    <Peak1D F1="2.791970" intensity="5.542412e-003" type="0"/>
    <Peak1D F1="2.767010" intensity="8.970415e-003" type="0"/>
    <Peak1D F1="2.753083" intensity="8.925515e-003" type="0"/>
    <Peak1D F1="2.745186" intensity="9.387973e-003" type="0"/>
    <Peak1D F1="2.734036" intensity="9.763015e-003" type="0"/>
    <Peak1D F1="2.726112" intensity="8.941854e-003" type="0"/>
    <Peak1D F1="2.718034" intensity="8.920509e-003" type="0"/>
    <Peak1D F1="2.705074" intensity="7.754905e-003" type="0"/>
    <Peak1D F1="2.689128" intensity="3.112871e-003" type="0"/>
    <Peak1D F1="2.667962" intensity="3.839442e-003" type="0"/>
    <Peak1D F1="2.649408" intensity="3.730718e-003" type="0"/>
    <Peak1D F1="2.637910" intensity="4.256274e-003" type="0"/>
    <Peak1D F1="2.617059" intensity="5.592431e-003" type="0"/>
    <Peak1D F1="2.596390" intensity="5.155970e-003" type="0"/>
    <Peak1D F1="2.579550" intensity="5.499438e-003" type="0"/>
    <Peak1D F1="2.523717" intensity="1.219999e-002" type="0"/>
    <Peak1D F1="2.484683" intensity="1.201320e-002" type="0"/>
    <Peak1D F1="2.451274" intensity="1.700242e-002" type="0"/>
    <Peak1D F1="2.436263" intensity="1.612301e-001" type="0"/>
    <Peak1D F1="2.431820" intensity="1.890202e-001" type="0"/>
    <Peak1D F1="2.414790" intensity="1.893502e-001" type="0"/>
    <Peak1D F1="2.410685" intensity="1.910918e-001" type="0"/>
    <Peak1D F1="2.386734" intensity="2.798798e-001" type="0"/>
    <Peak1D F1="2.383244" intensity="2.628346e-001" type="0"/>
    <Peak1D F1="2.378595" intensity="2.001519e-001" type="0"/>
    <Peak1D F1="2.374514" intensity="1.358429e-001" type="0"/>
    <Peak1D F1="2.366320" intensity="2.692466e-001" type="0"/>
    <Peak1D F1="2.362524" intensity="3.260493e-001" type="0"/>
    <Peak1D F1="2.350368" intensity="2.051097e-001" type="0"/>
    <Peak1D F1="2.327401" intensity="3.507478e-001" type="0"/>
    <Peak1D F1="2.320139" intensity="2.147185e-001" type="0"/>
    <Peak1D F1="2.316743" intensity="1.943063e-001" type="0"/>
    <Peak1D F1="2.307491" intensity="2.737185e-001" type="0"/>
    <Peak1D F1="2.303963" intensity="2.466376e-001" type="0"/>
    <Peak1D F1="2.297306" intensity="3.281799e-001" type="0"/>
    <Peak1D F1="2.286724" intensity="8.659181e-002" type="0"/>
    <Peak1D F1="2.277251" intensity="1.947881e-001" type="0"/>
    <Peak1D F1="2.251849" intensity="3.289222e-001" type="0"/>
    <Peak1D F1="2.229706" intensity="3.984394e-001" type="0"/>
    <Peak1D F1="2.225575" intensity="3.671051e-001" type="0"/>
    <Peak1D F1="2.212358" intensity="7.206059e-002" type="0"/>
    <Peak1D F1="2.202988" intensity="4.859951e-001" type="0"/>
    <Peak1D F1="2.195757" intensity="7.644891e-002" type="0"/>
    <Peak1D F1="2.181552" intensity="2.565654e-001" type="0"/>
    <Peak1D F1="2.176755" intensity="2.551605e-001" type="0"/>
    <Peak1D F1="2.154446" intensity="2.803692e-001" type="0"/>
    <Peak1D F1="2.145672" intensity="8.971433e-002" type="0"/>
    <Peak1D F1="2.132496" intensity="7.838216e-002" type="0"/>
    <Peak1D F1="2.114958" intensity="7.191863e-001" type="0"/>
    <Peak1D F1="2.106809" intensity="5.784166e-001" type="0"/>
    <Peak1D F1="2.104473" intensity="6.131951e-001" type="0"/>
    <Peak1D F1="2.100060" intensity="1.044476e+000" type="0"/>
    <Peak1D F1="2.095483" intensity="2.251022e+000" type="0"/>
    <Peak1D F1="2.083824" intensity="6.143695e-001" type="0"/>
    <Peak1D F1="2.076748" intensity="1.115910e+000" type="0"/>
    <Peak1D F1="2.060818" intensity="8.294086e-002" type="0"/>
    <Peak1D F1="2.055367" intensity="7.217493e-002" type="0"/>
    <Peak1D F1="2.051691" intensity="7.315794e-002" type="0"/>
    <Peak1D F1="2.049747" intensity="7.326770e-002" type="0"/>
    <Peak1D F1="2.045831" intensity="7.589651e-002" type="0"/>
    <Peak1D F1="2.038941" intensity="6.669072e-002" type="0"/>
    <Peak1D F1="2.026967" intensity="4.413052e-002" type="0"/>
    <Peak1D F1="2.019175" intensity="4.056602e-002" type="0"/>
    <Peak1D F1="1.998668" intensity="6.107431e-002" type="0"/>
    <Peak1D F1="1.985842" intensity="1.765673e-001" type="0"/>
    <Peak1D F1="1.981172" intensity="1.722462e-001" type="0"/>
    <Peak1D F1="1.969113" intensity="1.794239e-001" type="0"/>
    <Peak1D F1="1.964122" intensity="2.515639e-001" type="0"/>
    <Peak1D F1="1.958371" intensity="2.888406e-001" type="0"/>
    <Peak1D F1="1.954130" intensity="2.821465e-001" type="0"/>
    <Peak1D F1="1.949019" intensity="2.636217e-001" type="0"/>
    <Peak1D F1="1.941380" intensity="3.354369e-001" type="0"/>
    <Peak1D F1="1.936140" intensity="3.114845e-001" type="0"/>
    <Peak1D F1="1.932650" intensity="3.211975e-001" type="0"/>
    <Peak1D F1="1.919377" intensity="2.892871e-001" type="0"/>
    <Peak1D F1="1.909754" intensity="1.185245e+000" type="0"/>
    <Peak1D F1="1.898489" intensity="9.429569e-001" type="0"/>
    <Peak1D F1="1.889993" intensity="2.374704e+000" type="0"/>
    <Peak1D F1="1.881066" intensity="8.549116e-001" type="0"/>
    <Peak1D F1="1.878911" intensity="8.448586e-001" type="0"/>
    <Peak1D F1="1.870686" intensity="7.393129e-001" type="0"/>
    <Peak1D F1="1.858654" intensity="1.107627e-001" type="0"/>
    <Peak1D F1="1.848449" intensity="7.217454e-002" type="0"/>
    <Peak1D F1="1.840111" intensity="6.858951e-002" type="0"/>
    <Peak1D F1="1.831505" intensity="4.584410e-002" type="0"/>
    <Peak1D F1="1.822044" intensity="3.628679e-002" type="0"/>
    <Peak1D F1="1.808588" intensity="2.827610e-002" type="0"/>
    <Peak1D F1="1.800853" intensity="2.590309e-002" type="0"/>
    <Peak1D F1="1.777666" intensity="2.256533e-002" type="0"/>
    <Peak1D F1="1.757959" intensity="2.166542e-002" type="0"/>
    <Peak1D F1="1.744411" intensity="9.711500e-002" type="0"/>
    <Peak1D F1="1.728631" intensity="1.434025e-001" type="0"/>
    <Peak1D F1="1.723294" intensity="1.158656e-001" type="0"/>
    <Peak1D F1="1.716137" intensity="1.630408e-001" type="0"/>
    <Peak1D F1="1.712563" intensity="1.061062e-001" type="0"/>
    <Peak1D F1="1.707466" intensity="1.667580e-001" type="0"/>
    <Peak1D F1="1.700442" intensity="2.834240e-001" type="0"/>
    <Peak1D F1="1.696421" intensity="2.424622e-001" type="0"/>
    <Peak1D F1="1.685744" intensity="2.060806e-001" type="0"/>
    <Peak1D F1="1.679536" intensity="6.844825e-001" type="0"/>
    <Peak1D F1="1.672904" intensity="3.575691e-001" type="0"/>
    <Peak1D F1="1.670064" intensity="3.897573e-001" type="0"/>
    <Peak1D F1="1.666074" intensity="2.768818e-001" type="0"/>
    <Peak1D F1="1.655315" intensity="5.718610e-001" type="0"/>
    <Peak1D F1="1.642832" intensity="2.237513e-001" type="0"/>
    <Peak1D F1="1.638758" intensity="3.360007e-001" type="0"/>
    <Peak1D F1="1.634354" intensity="3.829298e-001" type="0"/>
    <Peak1D F1="1.623087" intensity="1.585888e-001" type="0"/>
    <Peak1D F1="1.618128" intensity="2.069768e-001" type="0"/>
    <Peak1D F1="1.557207" intensity="9.659323e-002" type="0"/>
    <Peak1D F1="1.551165" intensity="9.521809e-002" type="0"/>
    <Peak1D F1="1.533993" intensity="2.187180e-001" type="0"/>
    <Peak1D F1="1.518592" intensity="1.565334e-001" type="0"/>
    <Peak1D F1="1.511603" intensity="1.737348e-001" type="0"/>
    <Peak1D F1="1.499763" intensity="3.279650e-001" type="0"/>
    <Peak1D F1="1.482266" intensity="4.091100e-001" type="0"/>
    <Peak1D F1="1.469824" intensity="2.862524e-001" type="0"/>
    <Peak1D F1="1.452315" intensity="3.089589e-001" type="0"/>
    <Peak1D F1="1.440256" intensity="6.123037e-002" type="0"/>
    <Peak1D F1="1.434641" intensity="8.536886e-002" type="0"/>
    <Peak1D F1="1.422604" intensity="9.565363e-002" type="0"/>
    <Peak1D F1="1.400749" intensity="1.867779e-002" type="0"/>
    <Peak1D F1="1.353160" intensity="1.265901e-002" type="0"/>
    <Peak1D F1="1.339914" intensity="1.300705e-002" type="0"/>
    <Peak1D F1="1.323679" intensity="1.244989e-002" type="0"/>
    <Peak1D F1="1.308160" intensity="1.383047e-002" type="0"/>
    <Peak1D F1="1.260876" intensity="2.350162e-002" type="0"/>
    <Peak1D F1="1.235117" intensity="3.706243e-002" type="0"/>
    <Peak1D F1="1.211404" intensity="4.161986e-002" type="0"/>
    <Peak1D F1="1.183934" intensity="2.060622e-001" type="0"/>
    <Peak1D F1="1.038312" intensity="1.144340e-002" type="0"/>
    <Peak1D F1="1.008755" intensity="9.920809e-003" type="0"/>
    <Peak1D F1="0.969566" intensity="8.168764e-003" type="0"/>
    <Peak1D F1="0.885822" intensity="6.429690e-003" type="0"/>
    <Peak1D F1="0.823547" intensity="2.427636e-002" type="0"/>
    <Peak1D F1="0.807299" intensity="5.020835e-002" type="0"/>
    <Peak1D F1="0.790372" intensity="3.739277e-002" type="0"/>
    <Peak1D F1="0.780257" intensity="4.013992e-002" type="0"/>
    <Peak1D F1="0.772647" intensity="5.208162e-002" type="0"/>
    <Peak1D F1="0.754160" intensity="5.323888e-002" type="0"/>
    <Peak1D F1="0.735425" intensity="3.100396e-002" type="0"/>
    <Peak1D F1="0.715828" intensity="1.131367e-002" type="0"/>
    <Peak1D F1="0.661259" intensity="3.860192e-003" type="0"/>
    <Peak1D F1="0.644223" intensity="3.096418e-003" type="0"/>
    <Peak1D F1="0.632487" intensity="2.851829e-003" type="0"/>
    <Peak1D F1="0.618730" intensity="2.650673e-003" type="0"/>
    <Peak1D F1="0.556133" intensity="2.501946e-003" type="0"/>
    <Peak1D F1="0.530573" intensity="2.316545e-003" type="0"/>
    <Peak1D F1="0.505922" intensity="2.228373e-003" type="0"/>
    <Peak1D F1="0.494126" intensity="1.882438e-003" type="0"/>
    <Peak1D F1="0.446966" intensity="2.417574e-003" type="0"/>
    <Peak1D F1="0.407664" intensity="2.034432e-003" type="0"/>
    <Peak1D F1="0.392947" intensity="1.866441e-003" type="0"/>
    <Peak1D F1="0.359489" intensity="2.012351e-003" type="0"/>
    <Peak1D F1="0.294848" intensity="1.661014e-003" type="0"/>
    <Peak1D F1="0.273990" intensity="1.677848e-003" type="0"/>
    <Peak1D F1="0.244103" intensity="2.121032e-003" type="0"/>
    <Peak1D F1="0.209788" intensity="2.052310e-003" type="0"/>
    <Peak1D F1="0.050006" intensity="2.476271e-003" type="0"/>
    <Peak1D F1="-0.000151" intensity="9.341462e-002" type="0"/>
    <Peak1D F1="-0.029450" intensity="1.744873e-003" type="0"/>
    <Peak1D F1="-0.050560" intensity="1.953223e-003" type="0"/>
    <Peak1D F1="-3.443524" intensity="1.709840e-003" type="0"/>
  </PeakList1D>
</PeakList>
