<?xml version="1.0" encoding="UTF-8"?>
<PeakList>
  <PeakList1D>
    <PeakList1DHeader creator="nmr" date="2021-08-02T18:34:48.977+03:00" expNo="10" name="ID-421-I" owner="" procNo="1" source="//132.72.8.180/400b/Milo/Milo">
      <PeakPickDetails>F1=16.102699ppm, F2=-3.926346ppm, MI=0.00cm, MAXI=10000.00cm, PC=1.000
      </PeakPickDetails>
    </PeakList1DHeader>
    <Peak1D F1="10.094151" intensity="1.101766e-001" type="0"/>
    <Peak1D F1="8.832674" intensity="3.430312e-003" type="0"/>
    <Peak1D F1="8.383130" intensity="8.063579e-002" type="0"/>
    <Peak1D F1="8.370991" intensity="5.814260e-002" type="0"/>
    <Peak1D F1="8.352989" intensity="5.658494e-002" type="0"/>
    <Peak1D F1="8.341867" intensity="8.372460e-002" type="0"/>
    <Peak1D F1="8.320287" intensity="8.637519e-002" type="0"/>
    <Peak1D F1="8.289932" intensity="4.766438e-003" type="0"/>
    <Peak1D F1="8.257695" intensity="1.604219e-002" type="0"/>
    <Peak1D F1="8.238371" intensity="2.423464e-002" type="0"/>
    <Peak1D F1="8.219017" intensity="3.380396e-002" type="0"/>
    <Peak1D F1="8.208088" intensity="6.867874e-002" type="0"/>
    <Peak1D F1="8.186404" intensity="7.553528e-002" type="0"/>
    <Peak1D F1="8.175759" intensity="5.057880e-002" type="0"/>
    <Peak1D F1="8.157848" intensity="2.035563e+000" type="0"/>
    <Peak1D F1="8.136268" intensity="2.115891e+000" type="0"/>
    <Peak1D F1="8.131070" intensity="4.541217e-001" type="0"/>
    <Peak1D F1="8.107778" intensity="4.545546e-002" type="0"/>
    <Peak1D F1="8.086782" intensity="4.085631e-002" type="0"/>
    <Peak1D F1="8.067196" intensity="1.131815e-002" type="0"/>
    <Peak1D F1="8.053827" intensity="1.172014e-002" type="0"/>
    <Peak1D F1="8.021015" intensity="1.012332e-001" type="0"/>
    <Peak1D F1="7.999854" intensity="8.541530e-002" type="0"/>
    <Peak1D F1="7.984637" intensity="9.295753e-002" type="0"/>
    <Peak1D F1="7.962140" intensity="3.691495e-002" type="0"/>
    <Peak1D F1="7.948343" intensity="2.217623e-002" type="0"/>
    <Peak1D F1="7.925736" intensity="3.296501e-002" type="0"/>
    <Peak1D F1="7.913846" intensity="6.308299e-002" type="0"/>
    <Peak1D F1="7.896387" intensity="5.977343e-002" type="0"/>
    <Peak1D F1="7.862292" intensity="4.622112e-003" type="0"/>
    <Peak1D F1="7.828100" intensity="3.917306e-002" type="0"/>
    <Peak1D F1="7.810012" intensity="4.846917e-002" type="0"/>
    <Peak1D F1="7.784048" intensity="4.871764e-003" type="0"/>
    <Peak1D F1="7.762857" intensity="5.455613e-003" type="0"/>
    <Peak1D F1="7.713905" intensity="8.216836e-003" type="0"/>
    <Peak1D F1="7.697011" intensity="1.172355e-002" type="0"/>
    <Peak1D F1="7.682025" intensity="1.463519e-002" type="0"/>
    <Peak1D F1="7.661922" intensity="3.442143e-002" type="0"/>
    <Peak1D F1="7.648395" intensity="7.141162e-002" type="0"/>
    <Peak1D F1="7.632718" intensity="8.156244e-002" type="0"/>
    <Peak1D F1="7.615749" intensity="6.986325e-002" type="0"/>
    <Peak1D F1="7.597733" intensity="4.155219e-002" type="0"/>
    <Peak1D F1="7.587328" intensity="1.902136e-002" type="0"/>
    <Peak1D F1="7.576862" intensity="1.638951e-002" type="0"/>
    <Peak1D F1="7.566397" intensity="1.527876e-002" type="0"/>
    <Peak1D F1="7.550342" intensity="2.719583e-002" type="0"/>
    <Peak1D F1="7.529978" intensity="6.649919e-002" type="0"/>
    <Peak1D F1="7.524402" intensity="8.685002e-002" type="0"/>
    <Peak1D F1="7.508205" intensity="6.955361e-002" type="0"/>
    <Peak1D F1="7.502292" intensity="9.315059e-002" type="0"/>
    <Peak1D F1="7.481102" intensity="2.053586e+000" type="0"/>
    <Peak1D F1="7.459202" intensity="2.010869e+000" type="0"/>
    <Peak1D F1="7.442356" intensity="2.196329e-001" type="0"/>
    <Peak1D F1="7.431020" intensity="5.427067e-002" type="0"/>
    <Peak1D F1="7.424586" intensity="4.948783e-002" type="0"/>
    <Peak1D F1="7.409504" intensity="3.905507e-002" type="0"/>
    <Peak1D F1="7.394031" intensity="8.094374e-003" type="0"/>
    <Peak1D F1="7.374855" intensity="5.154444e-003" type="0"/>
    <Peak1D F1="7.357644" intensity="3.898827e-003" type="0"/>
    <Peak1D F1="7.323611" intensity="1.054539e-002" type="0"/>
    <Peak1D F1="7.302348" intensity="8.571305e-003" type="0"/>
    <Peak1D F1="7.273265" intensity="1.402044e-002" type="0"/>
    <Peak1D F1="7.247249" intensity="1.289663e-001" type="0"/>
    <Peak1D F1="7.226894" intensity="2.458186e-002" type="0"/>
    <Peak1D F1="7.197515" intensity="7.273604e+000" type="0"/>
    <Peak1D F1="7.147361" intensity="1.180176e-001" type="0"/>
    <Peak1D F1="7.097836" intensity="4.730129e-003" type="0"/>
    <Peak1D F1="6.933498" intensity="3.979247e-002" type="0"/>
    <Peak1D F1="6.314644" intensity="5.644775e-003" type="0"/>
    <Peak1D F1="6.215287" intensity="6.718793e-003" type="0"/>
    <Peak1D F1="6.169164" intensity="3.636388e-003" type="0"/>
    <Peak1D F1="6.152998" intensity="3.554417e-003" type="0"/>
    <Peak1D F1="6.117836" intensity="6.969984e-002" type="0"/>
    <Peak1D F1="6.096378" intensity="6.012998e-003" type="0"/>
    <Peak1D F1="6.067215" intensity="4.408226e-002" type="0"/>
    <Peak1D F1="6.017453" intensity="2.450015e+000" type="0"/>
    <Peak1D F1="5.967265" intensity="4.101228e-002" type="0"/>
    <Peak1D F1="5.946070" intensity="3.720973e-003" type="0"/>
    <Peak1D F1="5.915336" intensity="2.773277e-002" type="0"/>
    <Peak1D F1="5.902451" intensity="2.788421e-002" type="0"/>
    <Peak1D F1="5.863965" intensity="4.947918e-003" type="0"/>
    <Peak1D F1="5.821115" intensity="4.806754e-003" type="0"/>
    <Peak1D F1="5.816067" intensity="6.504792e-003" type="0"/>
    <Peak1D F1="5.639940" intensity="3.485323e-003" type="0"/>
    <Peak1D F1="5.591179" intensity="4.147031e-003" type="0"/>
    <Peak1D F1="5.582435" intensity="4.541764e-003" type="0"/>
    <Peak1D F1="5.574533" intensity="3.328430e-003" type="0"/>
    <Peak1D F1="5.487513" intensity="3.819861e-003" type="0"/>
    <Peak1D F1="5.458234" intensity="3.708695e-003" type="0"/>
    <Peak1D F1="5.434365" intensity="4.411455e-003" type="0"/>
    <Peak1D F1="5.409348" intensity="1.524543e-002" type="0"/>
    <Peak1D F1="5.356108" intensity="6.616901e-002" type="0"/>
    <Peak1D F1="5.348276" intensity="6.579568e-002" type="0"/>
    <Peak1D F1="5.296128" intensity="5.348312e-003" type="0"/>
    <Peak1D F1="5.271581" intensity="6.626761e-003" type="0"/>
    <Peak1D F1="5.257366" intensity="5.368632e-003" type="0"/>
    <Peak1D F1="5.239464" intensity="5.206864e-003" type="0"/>
    <Peak1D F1="5.222288" intensity="5.145160e-003" type="0"/>
    <Peak1D F1="5.206626" intensity="4.868985e-003" type="0"/>
    <Peak1D F1="5.178781" intensity="5.107963e-003" type="0"/>
    <Peak1D F1="5.169958" intensity="5.471524e-003" type="0"/>
    <Peak1D F1="5.140059" intensity="4.737843e-003" type="0"/>
    <Peak1D F1="5.082787" intensity="4.984295e-003" type="0"/>
    <Peak1D F1="5.006776" intensity="6.152651e-003" type="0"/>
    <Peak1D F1="4.987522" intensity="5.904385e-003" type="0"/>
    <Peak1D F1="4.971791" intensity="9.603418e-003" type="0"/>
    <Peak1D F1="4.948890" intensity="1.027485e-002" type="0"/>
    <Peak1D F1="4.930087" intensity="8.959860e-003" type="0"/>
    <Peak1D F1="4.908122" intensity="9.361351e-003" type="0"/>
    <Peak1D F1="4.894565" intensity="9.283968e-003" type="0"/>
    <Peak1D F1="4.872650" intensity="1.319780e-002" type="0"/>
    <Peak1D F1="4.842895" intensity="3.304313e-002" type="0"/>
    <Peak1D F1="4.820340" intensity="3.605116e-002" type="0"/>
    <Peak1D F1="4.793328" intensity="1.107344e+000" type="0"/>
    <Peak1D F1="4.770561" intensity="1.131000e+000" type="0"/>
    <Peak1D F1="4.743759" intensity="5.491388e-002" type="0"/>
    <Peak1D F1="4.720393" intensity="7.057895e-002" type="0"/>
    <Peak1D F1="4.674208" intensity="7.877656e-002" type="0"/>
    <Peak1D F1="4.609632" intensity="4.345363e-002" type="0"/>
    <Peak1D F1="4.588045" intensity="3.163177e-002" type="0"/>
    <Peak1D F1="4.463686" intensity="7.077444e-003" type="0"/>
    <Peak1D F1="4.402841" intensity="5.542230e-003" type="0"/>
    <Peak1D F1="4.374059" intensity="4.298487e-003" type="0"/>
    <Peak1D F1="4.318561" intensity="3.926897e-003" type="0"/>
    <Peak1D F1="4.235760" intensity="3.216807e-003" type="0"/>
    <Peak1D F1="3.975958" intensity="6.337222e-003" type="0"/>
    <Peak1D F1="3.950564" intensity="5.615977e-003" type="0"/>
    <Peak1D F1="3.928467" intensity="3.805652e-003" type="0"/>
    <Peak1D F1="3.877743" intensity="4.003789e-002" type="0"/>
    <Peak1D F1="3.844267" intensity="3.986976e-002" type="0"/>
    <Peak1D F1="3.822288" intensity="2.684333e-002" type="0"/>
    <Peak1D F1="3.810954" intensity="2.112105e-001" type="0"/>
    <Peak1D F1="3.788352" intensity="7.354245e-003" type="0"/>
    <Peak1D F1="3.750054" intensity="1.359961e-001" type="0"/>
    <Peak1D F1="3.745253" intensity="1.258547e-001" type="0"/>
    <Peak1D F1="3.700267" intensity="7.486633e+000" type="0"/>
    <Peak1D F1="3.650185" intensity="1.229102e-001" type="0"/>
    <Peak1D F1="3.629224" intensity="4.732091e-003" type="0"/>
    <Peak1D F1="3.603394" intensity="3.400628e-003" type="0"/>
    <Peak1D F1="3.518038" intensity="4.080749e-002" type="0"/>
    <Peak1D F1="3.417501" intensity="5.823930e-003" type="0"/>
    <Peak1D F1="2.942499" intensity="8.856434e-003" type="0"/>
    <Peak1D F1="2.924711" intensity="5.969916e-003" type="0"/>
    <Peak1D F1="2.918640" intensity="6.152270e-003" type="0"/>
    <Peak1D F1="2.798500" intensity="5.517796e-003" type="0"/>
    <Peak1D F1="2.783726" intensity="7.911504e-003" type="0"/>
    <Peak1D F1="2.774177" intensity="9.275647e-003" type="0"/>
    <Peak1D F1="2.749854" intensity="7.738188e-003" type="0"/>
    <Peak1D F1="2.735669" intensity="7.699687e-003" type="0"/>
    <Peak1D F1="2.643440" intensity="3.185395e-003" type="0"/>
    <Peak1D F1="2.576506" intensity="3.680129e-003" type="0"/>
    <Peak1D F1="2.554662" intensity="4.483276e-003" type="0"/>
    <Peak1D F1="2.526928" intensity="4.703479e-003" type="0"/>
    <Peak1D F1="2.486149" intensity="1.205322e-002" type="0"/>
    <Peak1D F1="2.464922" intensity="1.574510e-002" type="0"/>
    <Peak1D F1="2.458418" intensity="1.548149e-002" type="0"/>
    <Peak1D F1="2.436308" intensity="1.835782e-001" type="0"/>
    <Peak1D F1="2.431276" intensity="2.019408e-001" type="0"/>
    <Peak1D F1="2.415993" intensity="2.126341e-001" type="0"/>
    <Peak1D F1="2.410809" intensity="2.146431e-001" type="0"/>
    <Peak1D F1="2.387278" intensity="3.103359e-001" type="0"/>
    <Peak1D F1="2.383197" intensity="2.890381e-001" type="0"/>
    <Peak1D F1="2.362486" intensity="3.679665e-001" type="0"/>
    <Peak1D F1="2.353375" intensity="2.393240e-001" type="0"/>
    <Peak1D F1="2.330556" intensity="3.881485e-001" type="0"/>
    <Peak1D F1="2.322780" intensity="2.219979e-001" type="0"/>
    <Peak1D F1="2.310405" intensity="2.932837e-001" type="0"/>
    <Peak1D F1="2.300272" intensity="3.506162e-001" type="0"/>
    <Peak1D F1="2.279936" intensity="2.335292e-001" type="0"/>
    <Peak1D F1="2.257365" intensity="1.186912e-001" type="0"/>
    <Peak1D F1="2.250691" intensity="3.677460e-001" type="0"/>
    <Peak1D F1="2.237197" intensity="9.972563e-002" type="0"/>
    <Peak1D F1="2.228448" intensity="4.176710e-001" type="0"/>
    <Peak1D F1="2.224536" intensity="4.361208e-001" type="0"/>
    <Peak1D F1="2.201869" intensity="5.349559e-001" type="0"/>
    <Peak1D F1="2.194602" intensity="1.201245e-001" type="0"/>
    <Peak1D F1="2.180300" intensity="3.035490e-001" type="0"/>
    <Peak1D F1="2.175632" intensity="2.974748e-001" type="0"/>
    <Peak1D F1="2.165959" intensity="1.613661e-001" type="0"/>
    <Peak1D F1="2.153198" intensity="4.283155e-001" type="0"/>
    <Peak1D F1="2.146389" intensity="4.109317e-001" type="0"/>
    <Peak1D F1="2.116028" intensity="4.744633e+000" type="0"/>
    <Peak1D F1="2.107665" intensity="3.822774e+000" type="0"/>
    <Peak1D F1="2.096709" intensity="1.467855e+001" type="0"/>
    <Peak1D F1="2.086827" intensity="3.904531e+000" type="0"/>
    <Peak1D F1="2.085276" intensity="3.837494e+000" type="0"/>
    <Peak1D F1="2.078184" intensity="7.380347e+000" type="0"/>
    <Peak1D F1="2.056405" intensity="3.622454e-001" type="0"/>
    <Peak1D F1="2.052476" intensity="3.773097e-001" type="0"/>
    <Peak1D F1="2.047016" intensity="4.057045e-001" type="0"/>
    <Peak1D F1="2.028488" intensity="1.883381e-001" type="0"/>
    <Peak1D F1="1.985606" intensity="2.233353e-001" type="0"/>
    <Peak1D F1="1.969425" intensity="2.514033e-001" type="0"/>
    <Peak1D F1="1.963296" intensity="3.611447e-001" type="0"/>
    <Peak1D F1="1.958513" intensity="4.497574e-001" type="0"/>
    <Peak1D F1="1.953665" intensity="4.389345e-001" type="0"/>
    <Peak1D F1="1.948889" intensity="4.751046e-001" type="0"/>
    <Peak1D F1="1.941487" intensity="7.264691e-001" type="0"/>
    <Peak1D F1="1.932546" intensity="9.048210e-001" type="0"/>
    <Peak1D F1="1.925881" intensity="9.715844e-001" type="0"/>
    <Peak1D F1="1.920732" intensity="9.411648e-001" type="0"/>
    <Peak1D F1="1.911121" intensity="7.434068e+000" type="0"/>
    <Peak1D F1="1.900430" intensity="6.382437e+000" type="0"/>
    <Peak1D F1="1.891510" intensity="1.500000e+001" type="0"/>
    <Peak1D F1="1.881873" intensity="5.841618e+000" type="0"/>
    <Peak1D F1="1.872338" intensity="4.813017e+000" type="0"/>
    <Peak1D F1="1.859818" intensity="6.035077e-001" type="0"/>
    <Peak1D F1="1.849905" intensity="3.579166e-001" type="0"/>
    <Peak1D F1="1.841640" intensity="3.445952e-001" type="0"/>
    <Peak1D F1="1.832145" intensity="1.677658e-001" type="0"/>
    <Peak1D F1="1.822772" intensity="1.343393e-001" type="0"/>
    <Peak1D F1="1.811003" intensity="6.039145e-002" type="0"/>
    <Peak1D F1="1.800261" intensity="5.342192e-002" type="0"/>
    <Peak1D F1="1.779424" intensity="4.294500e-002" type="0"/>
    <Peak1D F1="1.759781" intensity="5.716821e-002" type="0"/>
    <Peak1D F1="1.745098" intensity="1.390288e-001" type="0"/>
    <Peak1D F1="1.729565" intensity="1.721797e-001" type="0"/>
    <Peak1D F1="1.724409" intensity="1.979067e-001" type="0"/>
    <Peak1D F1="1.717311" intensity="1.888326e-001" type="0"/>
    <Peak1D F1="1.708211" intensity="2.226905e-001" type="0"/>
    <Peak1D F1="1.701534" intensity="3.330761e-001" type="0"/>
    <Peak1D F1="1.697954" intensity="2.986548e-001" type="0"/>
    <Peak1D F1="1.689902" intensity="2.298038e-001" type="0"/>
    <Peak1D F1="1.682178" intensity="6.927543e-001" type="0"/>
    <Peak1D F1="1.671655" intensity="4.659109e-001" type="0"/>
    <Peak1D F1="1.659132" intensity="6.693754e-001" type="0"/>
    <Peak1D F1="1.654748" intensity="5.194317e-001" type="0"/>
    <Peak1D F1="1.643168" intensity="3.747599e-001" type="0"/>
    <Peak1D F1="1.638686" intensity="4.330373e-001" type="0"/>
    <Peak1D F1="1.634217" intensity="2.915235e-001" type="0"/>
    <Peak1D F1="1.627132" intensity="1.717028e-001" type="0"/>
    <Peak1D F1="1.623034" intensity="1.927011e-001" type="0"/>
    <Peak1D F1="1.618417" intensity="1.789700e-001" type="0"/>
    <Peak1D F1="1.587515" intensity="4.750780e-002" type="0"/>
    <Peak1D F1="1.570788" intensity="5.092108e-002" type="0"/>
    <Peak1D F1="1.550486" intensity="5.120732e-002" type="0"/>
    <Peak1D F1="1.536149" intensity="1.799380e-001" type="0"/>
    <Peak1D F1="1.520526" intensity="1.339819e-001" type="0"/>
    <Peak1D F1="1.513181" intensity="1.607039e-001" type="0"/>
    <Peak1D F1="1.502098" intensity="3.442460e-001" type="0"/>
    <Peak1D F1="1.492792" intensity="1.159483e-001" type="0"/>
    <Peak1D F1="1.484617" intensity="4.097525e-001" type="0"/>
    <Peak1D F1="1.471677" intensity="2.882249e-001" type="0"/>
    <Peak1D F1="1.454901" intensity="2.942211e-001" type="0"/>
    <Peak1D F1="1.442974" intensity="5.900882e-002" type="0"/>
    <Peak1D F1="1.436990" intensity="9.081301e-002" type="0"/>
    <Peak1D F1="1.424976" intensity="9.615971e-002" type="0"/>
    <Peak1D F1="1.406164" intensity="2.224100e-002" type="0"/>
    <Peak1D F1="1.376004" intensity="1.631837e-002" type="0"/>
    <Peak1D F1="1.356698" intensity="1.462099e-002" type="0"/>
    <Peak1D F1="1.340953" intensity="1.537724e-002" type="0"/>
    <Peak1D F1="1.327100" intensity="1.481784e-002" type="0"/>
    <Peak1D F1="1.309980" intensity="1.606531e-002" type="0"/>
    <Peak1D F1="1.294810" intensity="1.867069e-002" type="0"/>
    <Peak1D F1="1.262897" intensity="2.852831e-002" type="0"/>
    <Peak1D F1="1.234504" intensity="4.569377e-002" type="0"/>
    <Peak1D F1="1.186287" intensity="1.517610e-001" type="0"/>
    <Peak1D F1="1.155683" intensity="1.691525e-002" type="0"/>
    <Peak1D F1="1.098455" intensity="7.397326e-003" type="0"/>
    <Peak1D F1="1.063656" intensity="7.121471e-003" type="0"/>
    <Peak1D F1="1.043437" intensity="6.805868e-003" type="0"/>
    <Peak1D F1="1.014878" intensity="7.031919e-003" type="0"/>
    <Peak1D F1="0.939970" intensity="5.291873e-003" type="0"/>
    <Peak1D F1="0.876677" intensity="6.364521e-003" type="0"/>
    <Peak1D F1="0.826803" intensity="2.120336e-002" type="0"/>
    <Peak1D F1="0.809646" intensity="4.005281e-002" type="0"/>
    <Peak1D F1="0.792353" intensity="2.398900e-002" type="0"/>
    <Peak1D F1="0.780899" intensity="2.031060e-002" type="0"/>
    <Peak1D F1="0.760839" intensity="1.985042e-002" type="0"/>
    <Peak1D F1="0.721903" intensity="5.249819e-003" type="0"/>
    <Peak1D F1="0.699713" intensity="4.789560e-003" type="0"/>
    <Peak1D F1="0.684721" intensity="3.917039e-003" type="0"/>
    <Peak1D F1="0.673333" intensity="4.269119e-003" type="0"/>
    <Peak1D F1="0.625796" intensity="4.278591e-003" type="0"/>
    <Peak1D F1="0.569770" intensity="3.276827e-003" type="0"/>
    <Peak1D F1="0.456112" intensity="3.340232e-003" type="0"/>
    <Peak1D F1="0.410318" intensity="3.388756e-003" type="0"/>
    <Peak1D F1="0.288056" intensity="3.285389e-003" type="0"/>
    <Peak1D F1="0.049291" intensity="5.343294e-003" type="0"/>
    <Peak1D F1="-0.000152" intensity="2.288327e-001" type="0"/>
    <Peak1D F1="-0.049617" intensity="4.857893e-003" type="0"/>
    <Peak1D F1="-3.342150" intensity="3.566059e-003" type="0"/>
    <Peak1D F1="-3.376087" intensity="3.162588e-003" type="0"/>
  </PeakList1D>
</PeakList>
