<?xml version="1.0" encoding="UTF-8"?>
<PeakList>
  <PeakList1D>
    <PeakList1DHeader creator="nmr" date="2021-08-06T17:47:01.317+03:00" expNo="10" name="ID_422_J" owner="" procNo="1" source="//132.72.8.180/400b/Milo/Milo">
      <PeakPickDetails>F1=16.115841ppm, F2=-3.913204ppm, MI=0.00cm, MAXI=10000.00cm, PC=1.000
      </PeakPickDetails>
    </PeakList1DHeader>
    <Peak1D F1="11.755742" intensity="2.383325e-003" type="0"/>
    <Peak1D F1="10.089329" intensity="2.422880e-002" type="0"/>
    <Peak1D F1="8.352334" intensity="7.882010e-003" type="0"/>
    <Peak1D F1="8.334711" intensity="2.458973e-002" type="0"/>
    <Peak1D F1="8.318022" intensity="1.554468e-002" type="0"/>
    <Peak1D F1="8.313312" intensity="1.884454e-002" type="0"/>
    <Peak1D F1="8.281702" intensity="5.709524e-003" type="0"/>
    <Peak1D F1="8.232240" intensity="1.264951e-001" type="0"/>
    <Peak1D F1="8.213086" intensity="2.057578e-001" type="0"/>
    <Peak1D F1="8.210855" intensity="2.180092e-001" type="0"/>
    <Peak1D F1="8.195409" intensity="1.498740e-001" type="0"/>
    <Peak1D F1="8.191244" intensity="1.650806e-001" type="0"/>
    <Peak1D F1="8.180742" intensity="9.658618e-002" type="0"/>
    <Peak1D F1="8.173409" intensity="9.800965e-002" type="0"/>
    <Peak1D F1="8.153037" intensity="9.491257e-001" type="0"/>
    <Peak1D F1="8.148253" intensity="1.593900e+000" type="0"/>
    <Peak1D F1="8.145844" intensity="1.382451e+000" type="0"/>
    <Peak1D F1="8.140467" intensity="6.945727e-001" type="0"/>
    <Peak1D F1="8.136435" intensity="6.085835e-001" type="0"/>
    <Peak1D F1="8.131194" intensity="1.298717e+000" type="0"/>
    <Peak1D F1="8.126188" intensity="1.642846e+000" type="0"/>
    <Peak1D F1="8.123734" intensity="1.265858e+000" type="0"/>
    <Peak1D F1="8.118374" intensity="4.390848e-001" type="0"/>
    <Peak1D F1="8.103427" intensity="4.711055e-002" type="0"/>
    <Peak1D F1="8.098478" intensity="5.189833e-002" type="0"/>
    <Peak1D F1="8.094888" intensity="5.373753e-002" type="0"/>
    <Peak1D F1="8.081163" intensity="3.266714e-002" type="0"/>
    <Peak1D F1="8.076192" intensity="2.953609e-002" type="0"/>
    <Peak1D F1="8.059840" intensity="1.146398e-002" type="0"/>
    <Peak1D F1="8.020111" intensity="2.614080e-002" type="0"/>
    <Peak1D F1="8.001357" intensity="1.723095e-002" type="0"/>
    <Peak1D F1="7.998003" intensity="2.356648e-002" type="0"/>
    <Peak1D F1="7.971687" intensity="1.393964e-002" type="0"/>
    <Peak1D F1="7.938841" intensity="1.411177e-001" type="0"/>
    <Peak1D F1="7.935563" intensity="1.356205e-001" type="0"/>
    <Peak1D F1="7.931688" intensity="1.237256e-001" type="0"/>
    <Peak1D F1="7.922023" intensity="1.442368e-001" type="0"/>
    <Peak1D F1="7.918961" intensity="1.545152e-001" type="0"/>
    <Peak1D F1="7.915222" intensity="1.365829e-001" type="0"/>
    <Peak1D F1="7.856318" intensity="9.343565e-003" type="0"/>
    <Peak1D F1="7.840010" intensity="9.473523e-003" type="0"/>
    <Peak1D F1="7.827595" intensity="5.246750e-003" type="0"/>
    <Peak1D F1="7.786741" intensity="3.587173e-003" type="0"/>
    <Peak1D F1="7.747583" intensity="3.146855e-002" type="0"/>
    <Peak1D F1="7.724957" intensity="1.031953e-001" type="0"/>
    <Peak1D F1="7.707788" intensity="1.012508e-001" type="0"/>
    <Peak1D F1="7.684041" intensity="1.726180e-002" type="0"/>
    <Peak1D F1="7.657941" intensity="4.987462e-002" type="0"/>
    <Peak1D F1="7.646296" intensity="1.372774e-001" type="0"/>
    <Peak1D F1="7.625282" intensity="1.172477e-001" type="0"/>
    <Peak1D F1="7.608881" intensity="3.075642e-002" type="0"/>
    <Peak1D F1="7.592665" intensity="4.043864e-002" type="0"/>
    <Peak1D F1="7.587471" intensity="3.858107e-002" type="0"/>
    <Peak1D F1="7.559464" intensity="1.464951e-001" type="0"/>
    <Peak1D F1="7.537651" intensity="1.368159e-001" type="0"/>
    <Peak1D F1="7.526743" intensity="9.430213e-002" type="0"/>
    <Peak1D F1="7.505712" intensity="2.586103e-001" type="0"/>
    <Peak1D F1="7.478133" intensity="1.871225e+000" type="0"/>
    <Peak1D F1="7.466040" intensity="6.482988e-001" type="0"/>
    <Peak1D F1="7.459761" intensity="1.242059e+000" type="0"/>
    <Peak1D F1="7.456325" intensity="1.633632e+000" type="0"/>
    <Peak1D F1="7.449869" intensity="4.429890e-001" type="0"/>
    <Peak1D F1="7.445845" intensity="3.819739e-001" type="0"/>
    <Peak1D F1="7.433409" intensity="1.040422e-001" type="0"/>
    <Peak1D F1="7.405310" intensity="7.949419e-002" type="0"/>
    <Peak1D F1="7.394328" intensity="1.239967e-001" type="0"/>
    <Peak1D F1="7.376304" intensity="1.944872e-001" type="0"/>
    <Peak1D F1="7.359726" intensity="1.733291e-001" type="0"/>
    <Peak1D F1="7.339206" intensity="1.006367e-001" type="0"/>
    <Peak1D F1="7.331834" intensity="1.012776e-001" type="0"/>
    <Peak1D F1="7.314963" intensity="1.082869e-001" type="0"/>
    <Peak1D F1="7.311430" intensity="1.164591e-001" type="0"/>
    <Peak1D F1="7.308273" intensity="9.746329e-002" type="0"/>
    <Peak1D F1="7.294347" intensity="6.195197e-002" type="0"/>
    <Peak1D F1="7.290670" intensity="6.200477e-002" type="0"/>
    <Peak1D F1="7.271091" intensity="3.668119e-002" type="0"/>
    <Peak1D F1="7.260104" intensity="2.779557e-001" type="0"/>
    <Peak1D F1="7.252018" intensity="8.927487e-002" type="0"/>
    <Peak1D F1="7.241915" intensity="6.238035e-002" type="0"/>
    <Peak1D F1="7.236604" intensity="6.853932e-002" type="0"/>
    <Peak1D F1="7.210578" intensity="1.665762e+001" type="0"/>
    <Peak1D F1="7.181941" intensity="2.792458e-002" type="0"/>
    <Peak1D F1="7.176073" intensity="2.929581e-002" type="0"/>
    <Peak1D F1="7.160053" intensity="2.814193e-001" type="0"/>
    <Peak1D F1="7.135341" intensity="1.469815e-002" type="0"/>
    <Peak1D F1="7.122042" intensity="7.274488e-003" type="0"/>
    <Peak1D F1="7.108314" intensity="7.952797e-003" type="0"/>
    <Peak1D F1="7.083344" intensity="6.096908e-003" type="0"/>
    <Peak1D F1="7.067891" intensity="8.495157e-003" type="0"/>
    <Peak1D F1="7.052996" intensity="5.328973e-003" type="0"/>
    <Peak1D F1="7.027368" intensity="8.108407e-003" type="0"/>
    <Peak1D F1="7.007107" intensity="5.089034e-003" type="0"/>
    <Peak1D F1="6.977695" intensity="3.466103e-003" type="0"/>
    <Peak1D F1="6.946173" intensity="8.883081e-002" type="0"/>
    <Peak1D F1="6.764248" intensity="2.412424e-003" type="0"/>
    <Peak1D F1="6.209762" intensity="8.542361e-003" type="0"/>
    <Peak1D F1="6.115304" intensity="2.209541e-002" type="0"/>
    <Peak1D F1="6.079923" intensity="4.224534e-003" type="0"/>
    <Peak1D F1="6.065248" intensity="4.091809e-002" type="0"/>
    <Peak1D F1="6.061116" intensity="4.497504e-002" type="0"/>
    <Peak1D F1="6.058552" intensity="4.280103e-002" type="0"/>
    <Peak1D F1="6.015580" intensity="1.213453e+000" type="0"/>
    <Peak1D F1="6.011251" intensity="2.510802e+000" type="0"/>
    <Peak1D F1="6.008832" intensity="1.735147e+000" type="0"/>
    <Peak1D F1="5.965706" intensity="4.836103e-002" type="0"/>
    <Peak1D F1="5.961218" intensity="3.957110e-002" type="0"/>
    <Peak1D F1="5.958551" intensity="4.055079e-002" type="0"/>
    <Peak1D F1="5.943252" intensity="5.248334e-003" type="0"/>
    <Peak1D F1="5.864212" intensity="3.443402e-003" type="0"/>
    <Peak1D F1="5.824051" intensity="6.453118e-002" type="0"/>
    <Peak1D F1="5.817210" intensity="6.428089e-002" type="0"/>
    <Peak1D F1="5.772439" intensity="1.133120e-002" type="0"/>
    <Peak1D F1="5.723102" intensity="5.694704e-003" type="0"/>
    <Peak1D F1="5.697858" intensity="7.215352e-003" type="0"/>
    <Peak1D F1="5.672765" intensity="6.175357e-002" type="0"/>
    <Peak1D F1="5.646008" intensity="6.151856e-002" type="0"/>
    <Peak1D F1="5.626338" intensity="3.943772e-003" type="0"/>
    <Peak1D F1="5.607970" intensity="7.203658e-003" type="0"/>
    <Peak1D F1="5.580912" intensity="7.857949e-003" type="0"/>
    <Peak1D F1="5.514765" intensity="8.723943e-003" type="0"/>
    <Peak1D F1="5.475827" intensity="8.875083e-002" type="0"/>
    <Peak1D F1="5.451103" intensity="1.811992e-002" type="0"/>
    <Peak1D F1="5.393371" intensity="1.230496e-002" type="0"/>
    <Peak1D F1="5.371036" intensity="8.422747e-003" type="0"/>
    <Peak1D F1="5.344788" intensity="1.525105e-001" type="0"/>
    <Peak1D F1="5.286076" intensity="7.447944e-003" type="0"/>
    <Peak1D F1="5.239478" intensity="3.424580e-003" type="0"/>
    <Peak1D F1="5.217641" intensity="4.270078e-003" type="0"/>
    <Peak1D F1="5.197186" intensity="4.927761e-003" type="0"/>
    <Peak1D F1="5.160616" intensity="5.036516e-003" type="0"/>
    <Peak1D F1="5.097881" intensity="5.346121e-003" type="0"/>
    <Peak1D F1="5.056007" intensity="4.720815e-003" type="0"/>
    <Peak1D F1="5.020476" intensity="6.086739e-003" type="0"/>
    <Peak1D F1="4.982246" intensity="1.239866e-002" type="0"/>
    <Peak1D F1="4.960612" intensity="1.323801e-002" type="0"/>
    <Peak1D F1="4.907286" intensity="1.773437e-002" type="0"/>
    <Peak1D F1="4.886294" intensity="2.038030e-002" type="0"/>
    <Peak1D F1="4.875839" intensity="2.452512e-002" type="0"/>
    <Peak1D F1="4.862838" intensity="2.545632e-002" type="0"/>
    <Peak1D F1="4.853714" intensity="5.219726e-002" type="0"/>
    <Peak1D F1="4.844390" intensity="3.244046e-002" type="0"/>
    <Peak1D F1="4.830540" intensity="4.291357e-002" type="0"/>
    <Peak1D F1="4.803546" intensity="1.227948e+000" type="0"/>
    <Peak1D F1="4.781138" intensity="1.252492e+000" type="0"/>
    <Peak1D F1="4.753968" intensity="4.111009e-002" type="0"/>
    <Peak1D F1="4.731039" intensity="3.983131e-002" type="0"/>
    <Peak1D F1="4.668249" intensity="2.116594e-002" type="0"/>
    <Peak1D F1="4.645342" intensity="2.115088e-002" type="0"/>
    <Peak1D F1="4.618879" intensity="2.566520e-002" type="0"/>
    <Peak1D F1="4.597718" intensity="2.479959e-002" type="0"/>
    <Peak1D F1="4.550044" intensity="1.774411e-002" type="0"/>
    <Peak1D F1="4.474997" intensity="1.429798e-002" type="0"/>
    <Peak1D F1="4.452592" intensity="1.390792e-002" type="0"/>
    <Peak1D F1="4.396165" intensity="1.140718e-002" type="0"/>
    <Peak1D F1="4.336475" intensity="9.571320e-003" type="0"/>
    <Peak1D F1="4.330398" intensity="9.651466e-003" type="0"/>
    <Peak1D F1="4.316756" intensity="8.733180e-003" type="0"/>
    <Peak1D F1="4.252526" intensity="7.066447e-003" type="0"/>
    <Peak1D F1="4.217103" intensity="6.455148e-003" type="0"/>
    <Peak1D F1="4.190148" intensity="5.852574e-003" type="0"/>
    <Peak1D F1="4.159172" intensity="5.884863e-003" type="0"/>
    <Peak1D F1="4.112922" intensity="5.544032e-003" type="0"/>
    <Peak1D F1="4.101585" intensity="5.209215e-003" type="0"/>
    <Peak1D F1="4.054614" intensity="4.277455e-003" type="0"/>
    <Peak1D F1="4.004981" intensity="4.101567e-003" type="0"/>
    <Peak1D F1="3.941212" intensity="3.465318e-003" type="0"/>
    <Peak1D F1="3.908872" intensity="3.967346e-003" type="0"/>
    <Peak1D F1="3.876328" intensity="2.135535e-002" type="0"/>
    <Peak1D F1="3.872212" intensity="4.248431e-002" type="0"/>
    <Peak1D F1="3.840470" intensity="1.291988e-002" type="0"/>
    <Peak1D F1="3.809582" intensity="3.207128e-002" type="0"/>
    <Peak1D F1="3.805282" intensity="5.515804e-002" type="0"/>
    <Peak1D F1="3.748823" intensity="1.037314e-001" type="0"/>
    <Peak1D F1="3.744755" intensity="1.196660e-001" type="0"/>
    <Peak1D F1="3.742054" intensity="1.187622e-001" type="0"/>
    <Peak1D F1="3.735857" intensity="5.121562e-002" type="0"/>
    <Peak1D F1="3.698992" intensity="3.785671e+000" type="0"/>
    <Peak1D F1="3.694782" intensity="7.762736e+000" type="0"/>
    <Peak1D F1="3.692470" intensity="5.353558e+000" type="0"/>
    <Peak1D F1="3.648947" intensity="1.047554e-001" type="0"/>
    <Peak1D F1="3.644804" intensity="1.104898e-001" type="0"/>
    <Peak1D F1="3.642370" intensity="9.809874e-002" type="0"/>
    <Peak1D F1="3.603488" intensity="8.772852e-003" type="0"/>
    <Peak1D F1="3.576558" intensity="7.358959e-003" type="0"/>
    <Peak1D F1="3.516623" intensity="2.445141e-002" type="0"/>
    <Peak1D F1="3.512542" intensity="4.641549e-002" type="0"/>
    <Peak1D F1="3.489655" intensity="2.370336e-002" type="0"/>
    <Peak1D F1="3.472481" intensity="7.475436e-003" type="0"/>
    <Peak1D F1="3.458260" intensity="1.178758e-002" type="0"/>
    <Peak1D F1="3.449425" intensity="1.111085e-002" type="0"/>
    <Peak1D F1="3.408125" intensity="2.501875e-001" type="0"/>
    <Peak1D F1="3.402398" intensity="4.689044e-001" type="0"/>
    <Peak1D F1="3.398875" intensity="3.220052e-001" type="0"/>
    <Peak1D F1="3.358431" intensity="1.118570e-002" type="0"/>
    <Peak1D F1="3.352766" intensity="1.010553e-002" type="0"/>
    <Peak1D F1="3.348536" intensity="1.080109e-002" type="0"/>
    <Peak1D F1="3.340898" intensity="7.856892e-003" type="0"/>
    <Peak1D F1="3.325110" intensity="4.925108e-003" type="0"/>
    <Peak1D F1="3.296927" intensity="3.872202e-003" type="0"/>
    <Peak1D F1="3.276247" intensity="1.263519e-002" type="0"/>
    <Peak1D F1="3.247746" intensity="4.001120e-003" type="0"/>
    <Peak1D F1="3.223768" intensity="3.978061e-003" type="0"/>
    <Peak1D F1="3.169938" intensity="2.422277e-003" type="0"/>
    <Peak1D F1="3.130796" intensity="7.999739e-003" type="0"/>
    <Peak1D F1="3.103345" intensity="2.402106e-003" type="0"/>
    <Peak1D F1="3.064971" intensity="2.348517e-003" type="0"/>
    <Peak1D F1="3.049130" intensity="2.775519e-003" type="0"/>
    <Peak1D F1="3.015774" intensity="2.992156e-003" type="0"/>
    <Peak1D F1="2.971654" intensity="5.656615e-003" type="0"/>
    <Peak1D F1="2.950799" intensity="7.722178e-003" type="0"/>
    <Peak1D F1="2.939938" intensity="1.203698e-002" type="0"/>
    <Peak1D F1="2.923765" intensity="7.540564e-003" type="0"/>
    <Peak1D F1="2.863986" intensity="3.375405e-003" type="0"/>
    <Peak1D F1="2.847986" intensity="3.971084e-003" type="0"/>
    <Peak1D F1="2.833973" intensity="4.496329e-003" type="0"/>
    <Peak1D F1="2.807815" intensity="8.125910e-003" type="0"/>
    <Peak1D F1="2.787982" intensity="2.410415e-002" type="0"/>
    <Peak1D F1="2.780392" intensity="2.660501e-002" type="0"/>
    <Peak1D F1="2.760986" intensity="3.804135e-002" type="0"/>
    <Peak1D F1="2.743584" intensity="2.359079e-002" type="0"/>
    <Peak1D F1="2.722327" intensity="8.419060e-003" type="0"/>
    <Peak1D F1="2.663588" intensity="5.649423e-003" type="0"/>
    <Peak1D F1="2.656570" intensity="6.270289e-003" type="0"/>
    <Peak1D F1="2.634098" intensity="1.175136e-002" type="0"/>
    <Peak1D F1="2.620825" intensity="9.592072e-003" type="0"/>
    <Peak1D F1="2.546252" intensity="3.762589e-002" type="0"/>
    <Peak1D F1="2.493766" intensity="1.600868e-002" type="0"/>
    <Peak1D F1="2.473373" intensity="1.822687e-002" type="0"/>
    <Peak1D F1="2.419911" intensity="2.070480e-001" type="0"/>
    <Peak1D F1="2.413692" intensity="1.794124e-001" type="0"/>
    <Peak1D F1="2.401896" intensity="2.255386e-001" type="0"/>
    <Peak1D F1="2.398390" intensity="2.288457e-001" type="0"/>
    <Peak1D F1="2.394190" intensity="1.899127e-001" type="0"/>
    <Peak1D F1="2.370938" intensity="3.438164e-001" type="0"/>
    <Peak1D F1="2.361954" intensity="3.969306e-001" type="0"/>
    <Peak1D F1="2.359418" intensity="4.325984e-001" type="0"/>
    <Peak1D F1="2.349654" intensity="3.686431e-001" type="0"/>
    <Peak1D F1="2.341426" intensity="5.053685e-001" type="0"/>
    <Peak1D F1="2.329055" intensity="2.885756e-001" type="0"/>
    <Peak1D F1="2.319739" intensity="3.093968e-001" type="0"/>
    <Peak1D F1="2.309483" intensity="3.885173e-001" type="0"/>
    <Peak1D F1="2.299268" intensity="1.140547e-001" type="0"/>
    <Peak1D F1="2.289894" intensity="2.572520e-001" type="0"/>
    <Peak1D F1="2.278744" intensity="9.793868e-002" type="0"/>
    <Peak1D F1="2.269338" intensity="9.112892e-002" type="0"/>
    <Peak1D F1="2.249483" intensity="1.221666e-001" type="0"/>
    <Peak1D F1="2.241845" intensity="1.680485e-001" type="0"/>
    <Peak1D F1="2.236305" intensity="2.401123e-001" type="0"/>
    <Peak1D F1="2.232871" intensity="2.194276e-001" type="0"/>
    <Peak1D F1="2.219638" intensity="2.032511e-001" type="0"/>
    <Peak1D F1="2.214270" intensity="3.329843e-001" type="0"/>
    <Peak1D F1="2.210020" intensity="3.745020e-001" type="0"/>
    <Peak1D F1="2.192987" intensity="2.479032e-001" type="0"/>
    <Peak1D F1="2.187376" intensity="3.877776e-001" type="0"/>
    <Peak1D F1="2.184273" intensity="3.234542e-001" type="0"/>
    <Peak1D F1="2.165547" intensity="2.992575e-001" type="0"/>
    <Peak1D F1="2.161474" intensity="3.467044e-001" type="0"/>
    <Peak1D F1="2.157804" intensity="2.850814e-001" type="0"/>
    <Peak1D F1="2.143807" intensity="4.657878e-001" type="0"/>
    <Peak1D F1="2.138453" intensity="6.028308e-001" type="0"/>
    <Peak1D F1="2.109488" intensity="5.548100e+000" type="0"/>
    <Peak1D F1="2.107449" intensity="5.564898e+000" type="0"/>
    <Peak1D F1="2.101698" intensity="5.072155e+000" type="0"/>
    <Peak1D F1="2.099362" intensity="5.739788e+000" type="0"/>
    <Peak1D F1="2.089910" intensity="1.473676e+001" type="0"/>
    <Peak1D F1="2.088401" intensity="1.415230e+001" type="0"/>
    <Peak1D F1="2.078169" intensity="5.650264e+000" type="0"/>
    <Peak1D F1="2.075709" intensity="6.215260e+000" type="0"/>
    <Peak1D F1="2.071455" intensity="7.393378e+000" type="0"/>
    <Peak1D F1="2.055473" intensity="6.188041e-001" type="0"/>
    <Peak1D F1="2.044297" intensity="5.765404e-001" type="0"/>
    <Peak1D F1="2.041091" intensity="5.243104e-001" type="0"/>
    <Peak1D F1="2.025754" intensity="2.423306e-001" type="0"/>
    <Peak1D F1="2.020844" intensity="2.276522e-001" type="0"/>
    <Peak1D F1="1.996526" intensity="1.281209e-001" type="0"/>
    <Peak1D F1="1.975374" intensity="2.816779e-001" type="0"/>
    <Peak1D F1="1.971826" intensity="2.837374e-001" type="0"/>
    <Peak1D F1="1.953283" intensity="5.085534e-001" type="0"/>
    <Peak1D F1="1.947936" intensity="5.698467e-001" type="0"/>
    <Peak1D F1="1.934291" intensity="8.561093e-001" type="0"/>
    <Peak1D F1="1.925709" intensity="1.268108e+000" type="0"/>
    <Peak1D F1="1.922470" intensity="1.429368e+000" type="0"/>
    <Peak1D F1="1.920940" intensity="1.378504e+000" type="0"/>
    <Peak1D F1="1.916911" intensity="1.335183e+000" type="0"/>
    <Peak1D F1="1.906421" intensity="7.801025e+000" type="0"/>
    <Peak1D F1="1.898210" intensity="7.601094e+000" type="0"/>
    <Peak1D F1="1.895583" intensity="8.061219e+000" type="0"/>
    <Peak1D F1="1.887634" intensity="1.500000e+001" type="0"/>
    <Peak1D F1="1.879341" intensity="6.789366e+000" type="0"/>
    <Peak1D F1="1.876715" intensity="6.598704e+000" type="0"/>
    <Peak1D F1="1.867947" intensity="5.000624e+000" type="0"/>
    <Peak1D F1="1.856647" intensity="7.772779e-001" type="0"/>
    <Peak1D F1="1.854677" intensity="7.801402e-001" type="0"/>
    <Peak1D F1="1.846525" intensity="4.557470e-001" type="0"/>
    <Peak1D F1="1.842302" intensity="4.428544e-001" type="0"/>
    <Peak1D F1="1.837833" intensity="3.872544e-001" type="0"/>
    <Peak1D F1="1.830507" intensity="2.476538e-001" type="0"/>
    <Peak1D F1="1.774356" intensity="7.778718e-002" type="0"/>
    <Peak1D F1="1.755367" intensity="8.822405e-002" type="0"/>
    <Peak1D F1="1.740246" intensity="1.537227e-001" type="0"/>
    <Peak1D F1="1.724298" intensity="2.012568e-001" type="0"/>
    <Peak1D F1="1.720723" intensity="2.151446e-001" type="0"/>
    <Peak1D F1="1.719041" intensity="2.174395e-001" type="0"/>
    <Peak1D F1="1.714463" intensity="1.923714e-001" type="0"/>
    <Peak1D F1="1.698725" intensity="4.509306e-001" type="0"/>
    <Peak1D F1="1.684449" intensity="4.860173e-001" type="0"/>
    <Peak1D F1="1.681379" intensity="4.715846e-001" type="0"/>
    <Peak1D F1="1.673581" intensity="6.627488e-001" type="0"/>
    <Peak1D F1="1.666185" intensity="6.098667e-001" type="0"/>
    <Peak1D F1="1.662152" intensity="5.930333e-001" type="0"/>
    <Peak1D F1="1.650348" intensity="5.757974e-001" type="0"/>
    <Peak1D F1="1.633131" intensity="3.071062e-001" type="0"/>
    <Peak1D F1="1.629868" intensity="3.091316e-001" type="0"/>
    <Peak1D F1="1.618263" intensity="1.635222e-001" type="0"/>
    <Peak1D F1="1.614364" intensity="1.615155e-001" type="0"/>
    <Peak1D F1="1.599831" intensity="8.654194e-002" type="0"/>
    <Peak1D F1="1.591066" intensity="7.374375e-002" type="0"/>
    <Peak1D F1="1.569926" intensity="6.433196e-002" type="0"/>
    <Peak1D F1="1.551517" intensity="9.093819e-002" type="0"/>
    <Peak1D F1="1.538636" intensity="1.725874e-001" type="0"/>
    <Peak1D F1="1.528647" intensity="1.605157e-001" type="0"/>
    <Peak1D F1="1.521247" intensity="1.876135e-001" type="0"/>
    <Peak1D F1="1.503894" intensity="3.439785e-001" type="0"/>
    <Peak1D F1="1.495526" intensity="1.465769e-001" type="0"/>
    <Peak1D F1="1.485943" intensity="4.026799e-001" type="0"/>
    <Peak1D F1="1.473472" intensity="3.111773e-001" type="0"/>
    <Peak1D F1="1.456939" intensity="2.864389e-001" type="0"/>
    <Peak1D F1="1.438370" intensity="1.000342e-001" type="0"/>
    <Peak1D F1="1.427911" intensity="8.365119e-002" type="0"/>
    <Peak1D F1="1.406916" intensity="3.217510e-002" type="0"/>
    <Peak1D F1="1.392805" intensity="3.467948e-002" type="0"/>
    <Peak1D F1="1.372477" intensity="4.209282e-002" type="0"/>
    <Peak1D F1="1.356184" intensity="3.494511e-002" type="0"/>
    <Peak1D F1="1.349006" intensity="3.482150e-002" type="0"/>
    <Peak1D F1="1.306047" intensity="2.059058e-002" type="0"/>
    <Peak1D F1="1.227855" intensity="2.463968e-002" type="0"/>
    <Peak1D F1="1.184505" intensity="5.382077e-002" type="0"/>
    <Peak1D F1="1.150633" intensity="1.740984e-002" type="0"/>
    <Peak1D F1="1.088984" intensity="1.112238e-002" type="0"/>
    <Peak1D F1="1.066333" intensity="9.620347e-003" type="0"/>
    <Peak1D F1="1.027445" intensity="9.031828e-003" type="0"/>
    <Peak1D F1="0.964647" intensity="9.161423e-003" type="0"/>
    <Peak1D F1="0.916327" intensity="7.101624e-003" type="0"/>
    <Peak1D F1="0.887633" intensity="7.746827e-003" type="0"/>
    <Peak1D F1="0.857911" intensity="7.379050e-003" type="0"/>
    <Peak1D F1="0.806152" intensity="1.636123e-002" type="0"/>
    <Peak1D F1="0.783850" intensity="1.297245e-002" type="0"/>
    <Peak1D F1="0.756434" intensity="1.131349e-002" type="0"/>
    <Peak1D F1="0.736594" intensity="8.298049e-003" type="0"/>
    <Peak1D F1="0.688078" intensity="5.910056e-003" type="0"/>
    <Peak1D F1="0.673587" intensity="5.477553e-003" type="0"/>
    <Peak1D F1="0.648966" intensity="6.393025e-003" type="0"/>
    <Peak1D F1="0.614258" intensity="5.109137e-003" type="0"/>
    <Peak1D F1="0.535381" intensity="4.430059e-003" type="0"/>
    <Peak1D F1="0.521150" intensity="4.121929e-003" type="0"/>
    <Peak1D F1="0.418582" intensity="3.272212e-003" type="0"/>
    <Peak1D F1="0.375649" intensity="3.518430e-003" type="0"/>
    <Peak1D F1="0.366588" intensity="3.575737e-003" type="0"/>
    <Peak1D F1="0.344802" intensity="3.263635e-003" type="0"/>
    <Peak1D F1="0.258968" intensity="2.780299e-003" type="0"/>
    <Peak1D F1="0.220569" intensity="2.799711e-003" type="0"/>
    <Peak1D F1="0.156808" intensity="3.073520e-003" type="0"/>
    <Peak1D F1="0.130015" intensity="2.702504e-003" type="0"/>
    <Peak1D F1="0.118948" intensity="2.910291e-003" type="0"/>
    <Peak1D F1="0.048333" intensity="3.580484e-003" type="0"/>
    <Peak1D F1="-0.000157" intensity="1.758275e-001" type="0"/>
    <Peak1D F1="-0.026198" intensity="3.979366e-003" type="0"/>
    <Peak1D F1="-0.049982" intensity="3.832706e-003" type="0"/>
    <Peak1D F1="-0.120585" intensity="3.014024e-003" type="0"/>
    <Peak1D F1="-0.160681" intensity="2.315172e-003" type="0"/>
    <Peak1D F1="-3.015957" intensity="2.456688e-003" type="0"/>
    <Peak1D F1="-3.308318" intensity="2.497279e-003" type="0"/>
    <Peak1D F1="-3.345985" intensity="2.500891e-003" type="0"/>
    <Peak1D F1="-3.379097" intensity="2.544428e-003" type="0"/>
    <Peak1D F1="-3.440133" intensity="2.362805e-003" type="0"/>
    <Peak1D F1="-3.491278" intensity="2.262762e-003" type="0"/>
    <Peak1D F1="-3.525139" intensity="2.692140e-003" type="0"/>
    <Peak1D F1="-3.587369" intensity="2.634115e-003" type="0"/>
    <Peak1D F1="-3.634056" intensity="2.563816e-003" type="0"/>
    <Peak1D F1="-3.656595" intensity="2.757921e-003" type="0"/>
    <Peak1D F1="-3.683607" intensity="2.444874e-003" type="0"/>
    <Peak1D F1="-3.749168" intensity="2.368355e-003" type="0"/>
    <Peak1D F1="-3.892394" intensity="2.830708e-003" type="0"/>
  </PeakList1D>
</PeakList>
