<?xml version="1.0" encoding="UTF-8"?>
<PeakList>
  <PeakList1D>
    <PeakList1DHeader creator="nmr" date="2021-08-09T15:17:01.974+03:00" expNo="10" name="ID-428-B" owner="" procNo="1" source="//132.72.8.180/400b/Milo/Milo">
      <PeakPickDetails>F1=16.100519ppm, F2=-3.928526ppm, MI=0.00cm, MAXI=10000.00cm, PC=1.000
      </PeakPickDetails>
    </PeakList1DHeader>
    <Peak1D F1="15.609084" intensity="6.846589e-003" type="0"/>
    <Peak1D F1="13.234609" intensity="6.425425e-003" type="0"/>
    <Peak1D F1="10.864399" intensity="7.099872e-003" type="0"/>
    <Peak1D F1="10.317159" intensity="8.802589e-003" type="0"/>
    <Peak1D F1="10.199329" intensity="7.288931e-003" type="0"/>
    <Peak1D F1="10.145377" intensity="2.629149e-002" type="0"/>
    <Peak1D F1="10.126635" intensity="1.483164e-002" type="0"/>
    <Peak1D F1="10.095370" intensity="1.740031e+000" type="0"/>
    <Peak1D F1="10.062762" intensity="1.135904e-002" type="0"/>
    <Peak1D F1="10.045537" intensity="2.560184e-002" type="0"/>
    <Peak1D F1="9.869683" intensity="1.089581e-002" type="0"/>
    <Peak1D F1="8.531816" intensity="6.720683e-003" type="0"/>
    <Peak1D F1="8.392111" intensity="1.795893e-002" type="0"/>
    <Peak1D F1="8.371655" intensity="2.694239e-002" type="0"/>
    <Peak1D F1="8.343323" intensity="1.180233e+000" type="0"/>
    <Peak1D F1="8.321599" intensity="1.343359e+000" type="0"/>
    <Peak1D F1="8.293521" intensity="2.192224e-002" type="0"/>
    <Peak1D F1="8.271561" intensity="2.701914e-002" type="0"/>
    <Peak1D F1="8.252911" intensity="9.703893e-003" type="0"/>
    <Peak1D F1="8.209552" intensity="2.328979e-002" type="0"/>
    <Peak1D F1="8.188160" intensity="2.605678e-002" type="0"/>
    <Peak1D F1="8.159935" intensity="2.757834e-001" type="0"/>
    <Peak1D F1="8.155149" intensity="3.484070e-001" type="0"/>
    <Peak1D F1="8.138146" intensity="3.352740e-001" type="0"/>
    <Peak1D F1="8.133288" intensity="3.218571e-001" type="0"/>
    <Peak1D F1="8.111099" intensity="2.147349e-002" type="0"/>
    <Peak1D F1="8.103065" intensity="1.829785e-002" type="0"/>
    <Peak1D F1="8.071249" intensity="2.614802e-002" type="0"/>
    <Peak1D F1="8.049473" intensity="2.939689e-002" type="0"/>
    <Peak1D F1="8.021295" intensity="1.507335e+000" type="0"/>
    <Peak1D F1="8.003830" intensity="4.889357e-001" type="0"/>
    <Peak1D F1="8.000205" intensity="1.215508e+000" type="0"/>
    <Peak1D F1="7.971773" intensity="2.208447e-002" type="0"/>
    <Peak1D F1="7.950413" intensity="2.159289e-002" type="0"/>
    <Peak1D F1="7.834954" intensity="8.881421e-003" type="0"/>
    <Peak1D F1="7.812773" intensity="1.626003e-002" type="0"/>
    <Peak1D F1="7.610305" intensity="1.380042e-002" type="0"/>
    <Peak1D F1="7.587452" intensity="1.179441e-002" type="0"/>
    <Peak1D F1="7.544886" intensity="6.951999e-003" type="0"/>
    <Peak1D F1="7.531678" intensity="7.896507e-003" type="0"/>
    <Peak1D F1="7.507215" intensity="1.501504e-002" type="0"/>
    <Peak1D F1="7.481826" intensity="2.407542e-001" type="0"/>
    <Peak1D F1="7.464867" intensity="3.284308e-001" type="0"/>
    <Peak1D F1="7.459908" intensity="3.110522e-001" type="0"/>
    <Peak1D F1="7.454185" intensity="1.212223e-001" type="0"/>
    <Peak1D F1="7.442857" intensity="2.425636e-001" type="0"/>
    <Peak1D F1="7.412533" intensity="9.311263e-003" type="0"/>
    <Peak1D F1="7.325909" intensity="1.484141e-002" type="0"/>
    <Peak1D F1="7.297027" intensity="1.615891e-002" type="0"/>
    <Peak1D F1="7.272210" intensity="1.335020e-002" type="0"/>
    <Peak1D F1="7.245148" intensity="1.983862e-001" type="0"/>
    <Peak1D F1="7.223937" intensity="3.921370e-002" type="0"/>
    <Peak1D F1="7.213044" intensity="6.860914e-002" type="0"/>
    <Peak1D F1="7.195292" intensity="1.323562e+001" type="0"/>
    <Peak1D F1="7.170396" intensity="2.255850e-002" type="0"/>
    <Peak1D F1="7.145298" intensity="1.948407e-001" type="0"/>
    <Peak1D F1="7.097856" intensity="8.923872e-003" type="0"/>
    <Peak1D F1="6.931273" intensity="7.073397e-002" type="0"/>
    <Peak1D F1="6.118014" intensity="5.917164e-002" type="0"/>
    <Peak1D F1="6.068519" intensity="2.627460e-002" type="0"/>
    <Peak1D F1="6.018419" intensity="1.804632e+000" type="0"/>
    <Peak1D F1="5.968511" intensity="2.593686e-002" type="0"/>
    <Peak1D F1="5.409139" intensity="7.013607e-003" type="0"/>
    <Peak1D F1="5.359408" intensity="1.095821e-001" type="0"/>
    <Peak1D F1="5.352121" intensity="1.099674e-001" type="0"/>
    <Peak1D F1="5.331581" intensity="9.526239e-003" type="0"/>
    <Peak1D F1="5.307709" intensity="8.245197e-003" type="0"/>
    <Peak1D F1="4.791962" intensity="1.188883e-001" type="0"/>
    <Peak1D F1="4.768849" intensity="1.236111e-001" type="0"/>
    <Peak1D F1="4.711203" intensity="7.841749e-003" type="0"/>
    <Peak1D F1="4.668949" intensity="3.362146e-002" type="0"/>
    <Peak1D F1="4.647657" intensity="1.420108e-002" type="0"/>
    <Peak1D F1="4.079714" intensity="9.169788e-003" type="0"/>
    <Peak1D F1="4.060563" intensity="2.610608e-002" type="0"/>
    <Peak1D F1="4.043300" intensity="2.567569e-002" type="0"/>
    <Peak1D F1="4.024825" intensity="1.010948e-002" type="0"/>
    <Peak1D F1="3.879689" intensity="2.649730e-002" type="0"/>
    <Peak1D F1="3.845137" intensity="2.447108e-002" type="0"/>
    <Peak1D F1="3.812067" intensity="1.866681e-001" type="0"/>
    <Peak1D F1="3.751193" intensity="8.849072e-002" type="0"/>
    <Peak1D F1="3.745847" intensity="1.116267e-001" type="0"/>
    <Peak1D F1="3.701421" intensity="5.492497e+000" type="0"/>
    <Peak1D F1="3.651398" intensity="8.188094e-002" type="0"/>
    <Peak1D F1="3.602347" intensity="8.163033e-003" type="0"/>
    <Peak1D F1="3.593205" intensity="7.556926e-003" type="0"/>
    <Peak1D F1="3.578128" intensity="7.450444e-003" type="0"/>
    <Peak1D F1="3.568878" intensity="9.080491e-003" type="0"/>
    <Peak1D F1="3.519143" intensity="3.388097e-002" type="0"/>
    <Peak1D F1="3.474198" intensity="1.186141e-002" type="0"/>
    <Peak1D F1="3.453156" intensity="1.131894e-002" type="0"/>
    <Peak1D F1="3.420137" intensity="1.913966e-002" type="0"/>
    <Peak1D F1="3.367688" intensity="1.082168e-002" type="0"/>
    <Peak1D F1="3.356126" intensity="1.028871e-002" type="0"/>
    <Peak1D F1="3.341980" intensity="8.737308e-003" type="0"/>
    <Peak1D F1="3.315596" intensity="8.200010e-003" type="0"/>
    <Peak1D F1="3.311288" intensity="8.192768e-003" type="0"/>
    <Peak1D F1="3.298729" intensity="8.480483e-003" type="0"/>
    <Peak1D F1="3.248727" intensity="6.576259e-003" type="0"/>
    <Peak1D F1="2.960207" intensity="6.742683e-003" type="0"/>
    <Peak1D F1="2.941643" intensity="1.005867e-002" type="0"/>
    <Peak1D F1="2.563579" intensity="1.097416e-002" type="0"/>
    <Peak1D F1="2.508988" intensity="1.821302e-002" type="0"/>
    <Peak1D F1="2.486871" intensity="1.881288e-002" type="0"/>
    <Peak1D F1="2.474996" intensity="1.795590e-002" type="0"/>
    <Peak1D F1="2.458133" intensity="1.781499e-002" type="0"/>
    <Peak1D F1="2.434817" intensity="5.856286e-002" type="0"/>
    <Peak1D F1="2.414105" intensity="8.113888e-002" type="0"/>
    <Peak1D F1="2.392385" intensity="7.203753e-002" type="0"/>
    <Peak1D F1="2.364440" intensity="6.229756e-002" type="0"/>
    <Peak1D F1="2.351967" intensity="5.152746e-002" type="0"/>
    <Peak1D F1="2.330429" intensity="6.249658e-002" type="0"/>
    <Peak1D F1="2.317826" intensity="5.144823e-002" type="0"/>
    <Peak1D F1="2.309330" intensity="7.670705e-002" type="0"/>
    <Peak1D F1="2.297786" intensity="7.164302e-002" type="0"/>
    <Peak1D F1="2.277147" intensity="6.488305e-002" type="0"/>
    <Peak1D F1="2.257756" intensity="9.760331e-002" type="0"/>
    <Peak1D F1="2.238809" intensity="5.704523e-002" type="0"/>
    <Peak1D F1="2.230628" intensity="7.262528e-002" type="0"/>
    <Peak1D F1="2.226768" intensity="7.272322e-002" type="0"/>
    <Peak1D F1="2.204172" intensity="9.429590e-002" type="0"/>
    <Peak1D F1="2.177439" intensity="8.130835e-002" type="0"/>
    <Peak1D F1="2.166382" intensity="1.331849e-001" type="0"/>
    <Peak1D F1="2.147252" intensity="3.468720e-001" type="0"/>
    <Peak1D F1="2.116609" intensity="4.665895e+000" type="0"/>
    <Peak1D F1="2.108116" intensity="3.802882e+000" type="0"/>
    <Peak1D F1="2.097305" intensity="1.466809e+001" type="0"/>
    <Peak1D F1="2.087262" intensity="3.917932e+000" type="0"/>
    <Peak1D F1="2.085657" intensity="3.915224e+000" type="0"/>
    <Peak1D F1="2.078617" intensity="7.356033e+000" type="0"/>
    <Peak1D F1="2.056967" intensity="3.559571e-001" type="0"/>
    <Peak1D F1="2.052835" intensity="3.717887e-001" type="0"/>
    <Peak1D F1="2.047741" intensity="3.908362e-001" type="0"/>
    <Peak1D F1="2.029582" intensity="1.749627e-001" type="0"/>
    <Peak1D F1="1.993145" intensity="7.670660e-002" type="0"/>
    <Peak1D F1="1.974136" intensity="2.169629e-001" type="0"/>
    <Peak1D F1="1.961401" intensity="2.187000e-001" type="0"/>
    <Peak1D F1="1.948662" intensity="2.719846e-001" type="0"/>
    <Peak1D F1="1.941943" intensity="4.206025e-001" type="0"/>
    <Peak1D F1="1.933144" intensity="6.671245e-001" type="0"/>
    <Peak1D F1="1.926374" intensity="8.838896e-001" type="0"/>
    <Peak1D F1="1.922441" intensity="8.260608e-001" type="0"/>
    <Peak1D F1="1.911717" intensity="7.306529e+000" type="0"/>
    <Peak1D F1="1.900715" intensity="6.301594e+000" type="0"/>
    <Peak1D F1="1.892110" intensity="1.500000e+001" type="0"/>
    <Peak1D F1="1.882288" intensity="5.718478e+000" type="0"/>
    <Peak1D F1="1.872841" intensity="4.794377e+000" type="0"/>
    <Peak1D F1="1.860485" intensity="5.798991e-001" type="0"/>
    <Peak1D F1="1.850445" intensity="3.359284e-001" type="0"/>
    <Peak1D F1="1.842460" intensity="3.103537e-001" type="0"/>
    <Peak1D F1="1.835148" intensity="1.478049e-001" type="0"/>
    <Peak1D F1="1.823611" intensity="1.015416e-001" type="0"/>
    <Peak1D F1="1.784701" intensity="1.526065e-002" type="0"/>
    <Peak1D F1="1.775185" intensity="1.572593e-002" type="0"/>
    <Peak1D F1="1.761100" intensity="3.050611e-002" type="0"/>
    <Peak1D F1="1.741905" intensity="6.590451e-002" type="0"/>
    <Peak1D F1="1.725165" intensity="9.254926e-002" type="0"/>
    <Peak1D F1="1.709159" intensity="7.111333e-002" type="0"/>
    <Peak1D F1="1.682519" intensity="1.348424e-001" type="0"/>
    <Peak1D F1="1.657886" intensity="1.276369e-001" type="0"/>
    <Peak1D F1="1.643769" intensity="1.041934e-001" type="0"/>
    <Peak1D F1="1.633275" intensity="7.732958e-002" type="0"/>
    <Peak1D F1="1.531707" intensity="4.168727e-001" type="0"/>
    <Peak1D F1="1.484997" intensity="9.405201e-002" type="0"/>
    <Peak1D F1="1.472712" intensity="6.648742e-002" type="0"/>
    <Peak1D F1="1.454259" intensity="4.900257e-002" type="0"/>
    <Peak1D F1="1.425665" intensity="2.184375e-002" type="0"/>
    <Peak1D F1="1.372075" intensity="9.791348e-003" type="0"/>
    <Peak1D F1="1.352139" intensity="1.114943e-002" type="0"/>
    <Peak1D F1="1.344549" intensity="1.171105e-002" type="0"/>
    <Peak1D F1="1.334780" intensity="1.041630e-002" type="0"/>
    <Peak1D F1="1.294037" intensity="1.503087e-002" type="0"/>
    <Peak1D F1="1.263729" intensity="2.291933e-002" type="0"/>
    <Peak1D F1="1.234804" intensity="4.244152e-002" type="0"/>
    <Peak1D F1="1.206878" intensity="9.629981e-002" type="0"/>
    <Peak1D F1="1.189052" intensity="1.589511e-001" type="0"/>
    <Peak1D F1="1.171197" intensity="4.500670e-002" type="0"/>
    <Peak1D F1="1.142821" intensity="1.068194e-002" type="0"/>
    <Peak1D F1="0.983990" intensity="7.138346e-003" type="0"/>
    <Peak1D F1="0.900145" intensity="6.358506e-003" type="0"/>
    <Peak1D F1="0.868621" intensity="7.337256e-003" type="0"/>
    <Peak1D F1="0.830053" intensity="5.796545e-002" type="0"/>
    <Peak1D F1="0.813721" intensity="1.450932e-001" type="0"/>
    <Peak1D F1="0.796408" intensity="6.596684e-002" type="0"/>
    <Peak1D F1="0.764978" intensity="1.374629e-002" type="0"/>
    <Peak1D F1="0.707771" intensity="6.545200e-003" type="0"/>
    <Peak1D F1="0.657003" intensity="8.117384e-003" type="0"/>
    <Peak1D F1="0.018091" intensity="6.410645e-003" type="0"/>
    <Peak1D F1="-0.000158" intensity="5.727316e-002" type="0"/>
    <Peak1D F1="-2.811277" intensity="6.601644e-003" type="0"/>
    <Peak1D F1="-2.970163" intensity="7.185880e-003" type="0"/>
    <Peak1D F1="-3.253570" intensity="6.518346e-003" type="0"/>
    <Peak1D F1="-3.441261" intensity="7.464563e-003" type="0"/>
    <Peak1D F1="-3.506840" intensity="6.820202e-003" type="0"/>
    <Peak1D F1="-3.552745" intensity="8.162324e-003" type="0"/>
    <Peak1D F1="-3.620936" intensity="6.374531e-003" type="0"/>
    <Peak1D F1="-3.653716" intensity="6.683561e-003" type="0"/>
    <Peak1D F1="-3.745010" intensity="6.815179e-003" type="0"/>
  </PeakList1D>
</PeakList>
