<?xml version="1.0" encoding="UTF-8"?>
<PeakList>
  <PeakList1D>
    <PeakList1DHeader creator="nmr" date="2021-08-21T18:10:17.736+03:00" expNo="11" name="ID-420-A-21.8.21" owner="" procNo="1" source="//132.72.8.180/400b/Milo/Milo">
      <PeakPickDetails>F1=16.143730ppm, F2=-3.885316ppm, MI=0.00cm, MAXI=10000.00cm, PC=1.000
      </PeakPickDetails>
    </PeakList1DHeader>
    <Peak1D F1="12.758890" intensity="1.151273e-003" type="0"/>
    <Peak1D F1="11.998503" intensity="1.176923e-003" type="0"/>
    <Peak1D F1="11.931190" intensity="1.472207e-003" type="0"/>
    <Peak1D F1="10.342612" intensity="1.167395e-003" type="0"/>
    <Peak1D F1="10.311920" intensity="7.604271e-003" type="0"/>
    <Peak1D F1="10.188053" intensity="2.504317e-003" type="0"/>
    <Peak1D F1="10.140740" intensity="2.873300e-002" type="0"/>
    <Peak1D F1="10.122183" intensity="1.428867e-002" type="0"/>
    <Peak1D F1="10.091191" intensity="1.302032e+000" type="0"/>
    <Peak1D F1="10.079212" intensity="2.154194e-001" type="0"/>
    <Peak1D F1="10.041240" intensity="2.558185e-002" type="0"/>
    <Peak1D F1="10.028441" intensity="5.387531e-003" type="0"/>
    <Peak1D F1="9.864481" intensity="7.055604e-003" type="0"/>
    <Peak1D F1="8.541647" intensity="3.574703e-003" type="0"/>
    <Peak1D F1="8.525085" intensity="5.144468e-003" type="0"/>
    <Peak1D F1="8.479326" intensity="1.083328e-003" type="0"/>
    <Peak1D F1="8.438071" intensity="2.441187e-003" type="0"/>
    <Peak1D F1="8.382606" intensity="2.277471e-002" type="0"/>
    <Peak1D F1="8.361348" intensity="2.983311e-002" type="0"/>
    <Peak1D F1="8.333039" intensity="9.010096e-001" type="0"/>
    <Peak1D F1="8.314657" intensity="8.561492e-001" type="0"/>
    <Peak1D F1="8.311594" intensity="1.020074e+000" type="0"/>
    <Peak1D F1="8.265067" intensity="2.444438e-002" type="0"/>
    <Peak1D F1="8.230544" intensity="1.220203e-002" type="0"/>
    <Peak1D F1="8.225070" intensity="1.153144e-002" type="0"/>
    <Peak1D F1="8.220037" intensity="1.141856e-002" type="0"/>
    <Peak1D F1="8.202495" intensity="1.682308e-002" type="0"/>
    <Peak1D F1="8.198782" intensity="1.703928e-002" type="0"/>
    <Peak1D F1="8.189851" intensity="2.041749e-002" type="0"/>
    <Peak1D F1="8.184506" intensity="1.782108e-002" type="0"/>
    <Peak1D F1="8.180789" intensity="1.884793e-002" type="0"/>
    <Peak1D F1="8.172507" intensity="2.351799e-002" type="0"/>
    <Peak1D F1="8.140151" intensity="4.719288e-001" type="0"/>
    <Peak1D F1="8.135569" intensity="2.604486e-001" type="0"/>
    <Peak1D F1="8.122562" intensity="5.013744e-001" type="0"/>
    <Peak1D F1="8.118256" intensity="5.278501e-001" type="0"/>
    <Peak1D F1="8.077009" intensity="4.194937e-002" type="0"/>
    <Peak1D F1="8.054832" intensity="4.887712e-002" type="0"/>
    <Peak1D F1="8.044340" intensity="7.679764e-002" type="0"/>
    <Peak1D F1="8.027472" intensity="1.384316e+000" type="0"/>
    <Peak1D F1="8.022639" intensity="7.429472e-001" type="0"/>
    <Peak1D F1="8.005534" intensity="1.186156e+000" type="0"/>
    <Peak1D F1="7.977371" intensity="3.471209e-002" type="0"/>
    <Peak1D F1="7.958545" intensity="1.993151e-002" type="0"/>
    <Peak1D F1="7.955383" intensity="2.403519e-002" type="0"/>
    <Peak1D F1="7.934640" intensity="8.800178e-003" type="0"/>
    <Peak1D F1="7.912819" intensity="9.051096e-003" type="0"/>
    <Peak1D F1="7.854638" intensity="2.986789e-003" type="0"/>
    <Peak1D F1="7.832539" intensity="3.138867e-003" type="0"/>
    <Peak1D F1="7.817210" intensity="5.103101e-003" type="0"/>
    <Peak1D F1="7.798372" intensity="4.381845e-003" type="0"/>
    <Peak1D F1="7.682761" intensity="2.898820e-003" type="0"/>
    <Peak1D F1="7.664523" intensity="3.214146e-003" type="0"/>
    <Peak1D F1="7.639689" intensity="1.576185e-003" type="0"/>
    <Peak1D F1="7.615576" intensity="1.003176e-002" type="0"/>
    <Peak1D F1="7.593958" intensity="1.156066e-002" type="0"/>
    <Peak1D F1="7.541423" intensity="2.250659e-002" type="0"/>
    <Peak1D F1="7.533422" intensity="2.413025e-002" type="0"/>
    <Peak1D F1="7.510342" intensity="4.320244e-002" type="0"/>
    <Peak1D F1="7.497896" intensity="6.698149e-002" type="0"/>
    <Peak1D F1="7.483491" intensity="6.209518e-001" type="0"/>
    <Peak1D F1="7.462093" intensity="5.900969e-001" type="0"/>
    <Peak1D F1="7.435931" intensity="6.818988e-002" type="0"/>
    <Peak1D F1="7.415383" intensity="6.192734e-002" type="0"/>
    <Peak1D F1="7.373915" intensity="7.577681e-003" type="0"/>
    <Peak1D F1="7.338061" intensity="1.041904e-002" type="0"/>
    <Peak1D F1="7.288250" intensity="1.634078e-001" type="0"/>
    <Peak1D F1="7.262106" intensity="1.679379e-001" type="0"/>
    <Peak1D F1="7.238428" intensity="6.910394e+000" type="0"/>
    <Peak1D F1="7.203147" intensity="1.553984e-002" type="0"/>
    <Peak1D F1="7.188555" intensity="1.520941e-001" type="0"/>
    <Peak1D F1="7.146918" intensity="1.806193e-003" type="0"/>
    <Peak1D F1="7.102395" intensity="5.327977e-003" type="0"/>
    <Peak1D F1="7.081480" intensity="6.265346e-003" type="0"/>
    <Peak1D F1="6.973684" intensity="3.596548e-002" type="0"/>
    <Peak1D F1="6.874121" intensity="1.587104e-003" type="0"/>
    <Peak1D F1="6.849147" intensity="2.934803e-003" type="0"/>
    <Peak1D F1="6.823613" intensity="6.166065e-003" type="0"/>
    <Peak1D F1="6.800330" intensity="3.293235e-002" type="0"/>
    <Peak1D F1="6.795178" intensity="3.596956e-002" type="0"/>
    <Peak1D F1="6.789285" intensity="2.523852e-002" type="0"/>
    <Peak1D F1="6.777776" intensity="5.872661e-002" type="0"/>
    <Peak1D F1="6.772618" intensity="6.500454e-002" type="0"/>
    <Peak1D F1="6.766693" intensity="4.402344e-002" type="0"/>
    <Peak1D F1="6.761038" intensity="4.305664e-002" type="0"/>
    <Peak1D F1="6.755653" intensity="4.453943e-002" type="0"/>
    <Peak1D F1="6.750071" intensity="4.008136e-002" type="0"/>
    <Peak1D F1="6.327254" intensity="9.466693e-003" type="0"/>
    <Peak1D F1="6.302809" intensity="2.182834e-003" type="0"/>
    <Peak1D F1="6.292564" intensity="1.639136e-003" type="0"/>
    <Peak1D F1="6.250981" intensity="1.919329e-003" type="0"/>
    <Peak1D F1="6.233476" intensity="2.086079e-003" type="0"/>
    <Peak1D F1="6.204792" intensity="4.691197e-002" type="0"/>
    <Peak1D F1="6.193140" intensity="2.328516e-002" type="0"/>
    <Peak1D F1="6.156388" intensity="2.525572e-003" type="0"/>
    <Peak1D F1="6.141858" intensity="4.394044e-003" type="0"/>
    <Peak1D F1="6.112067" intensity="2.437341e-002" type="0"/>
    <Peak1D F1="6.092944" intensity="1.362928e-001" type="0"/>
    <Peak1D F1="6.050417" intensity="4.898205e-002" type="0"/>
    <Peak1D F1="6.048101" intensity="4.687557e-002" type="0"/>
    <Peak1D F1="6.032047" intensity="4.678237e-002" type="0"/>
    <Peak1D F1="6.004725" intensity="7.004049e-001" type="0"/>
    <Peak1D F1="6.000902" intensity="1.080279e+000" type="0"/>
    <Peak1D F1="5.984834" intensity="1.767690e-001" type="0"/>
    <Peak1D F1="5.954336" intensity="2.199172e-002" type="0"/>
    <Peak1D F1="5.951031" intensity="2.170868e-002" type="0"/>
    <Peak1D F1="5.938543" intensity="1.693079e-002" type="0"/>
    <Peak1D F1="5.926300" intensity="1.647986e-002" type="0"/>
    <Peak1D F1="5.893139" intensity="2.166332e-003" type="0"/>
    <Peak1D F1="5.888233" intensity="1.906133e-003" type="0"/>
    <Peak1D F1="5.820389" intensity="1.667491e-003" type="0"/>
    <Peak1D F1="5.799345" intensity="3.778609e-003" type="0"/>
    <Peak1D F1="5.781133" intensity="2.190836e-003" type="0"/>
    <Peak1D F1="5.633673" intensity="1.114236e-003" type="0"/>
    <Peak1D F1="5.427298" intensity="5.357557e-003" type="0"/>
    <Peak1D F1="5.399622" intensity="2.028957e-003" type="0"/>
    <Peak1D F1="5.374936" intensity="1.655734e-003" type="0"/>
    <Peak1D F1="5.339560" intensity="1.571339e-002" type="0"/>
    <Peak1D F1="5.219525" intensity="1.177747e-003" type="0"/>
    <Peak1D F1="5.033002" intensity="1.160586e-003" type="0"/>
    <Peak1D F1="5.005569" intensity="2.986498e-003" type="0"/>
    <Peak1D F1="4.986230" intensity="2.945896e-003" type="0"/>
    <Peak1D F1="4.924122" intensity="2.684270e-003" type="0"/>
    <Peak1D F1="4.875681" intensity="1.186764e-002" type="0"/>
    <Peak1D F1="4.854006" intensity="1.240589e-002" type="0"/>
    <Peak1D F1="4.826907" intensity="4.165668e-001" type="0"/>
    <Peak1D F1="4.804968" intensity="4.211769e-001" type="0"/>
    <Peak1D F1="4.776222" intensity="1.243092e-002" type="0"/>
    <Peak1D F1="4.754107" intensity="1.250628e-002" type="0"/>
    <Peak1D F1="4.704636" intensity="4.408857e-003" type="0"/>
    <Peak1D F1="4.659531" intensity="4.385518e-003" type="0"/>
    <Peak1D F1="4.644506" intensity="5.872295e-003" type="0"/>
    <Peak1D F1="4.621181" intensity="6.022321e-003" type="0"/>
    <Peak1D F1="4.557067" intensity="4.283671e-003" type="0"/>
    <Peak1D F1="4.517032" intensity="4.742838e-003" type="0"/>
    <Peak1D F1="4.501416" intensity="4.673427e-003" type="0"/>
    <Peak1D F1="4.424843" intensity="3.319097e-003" type="0"/>
    <Peak1D F1="4.405896" intensity="3.772293e-003" type="0"/>
    <Peak1D F1="4.392878" intensity="3.727713e-003" type="0"/>
    <Peak1D F1="4.333860" intensity="2.827897e-003" type="0"/>
    <Peak1D F1="4.280410" intensity="2.225794e-003" type="0"/>
    <Peak1D F1="4.224422" intensity="1.795999e-003" type="0"/>
    <Peak1D F1="4.208804" intensity="1.846551e-003" type="0"/>
    <Peak1D F1="4.203356" intensity="1.779347e-003" type="0"/>
    <Peak1D F1="4.184681" intensity="1.836565e-003" type="0"/>
    <Peak1D F1="4.036881" intensity="1.792692e-003" type="0"/>
    <Peak1D F1="3.980303" intensity="1.235958e-003" type="0"/>
    <Peak1D F1="3.924044" intensity="1.669674e-003" type="0"/>
    <Peak1D F1="3.880890" intensity="3.054336e-003" type="0"/>
    <Peak1D F1="3.866163" intensity="1.963188e-002" type="0"/>
    <Peak1D F1="3.839557" intensity="4.531165e-002" type="0"/>
    <Peak1D F1="3.806650" intensity="2.938364e-002" type="0"/>
    <Peak1D F1="3.799903" intensity="7.108250e-002" type="0"/>
    <Peak1D F1="3.746385" intensity="2.459761e-001" type="0"/>
    <Peak1D F1="3.738415" intensity="1.782830e-001" type="0"/>
    <Peak1D F1="3.722772" intensity="6.845625e-002" type="0"/>
    <Peak1D F1="3.719041" intensity="8.862841e-002" type="0"/>
    <Peak1D F1="3.702055" intensity="5.000326e-001" type="0"/>
    <Peak1D F1="3.692219" intensity="2.234446e+000" type="0"/>
    <Peak1D F1="3.688762" intensity="3.639452e+000" type="0"/>
    <Peak1D F1="3.673841" intensity="5.779617e-001" type="0"/>
    <Peak1D F1="3.659269" intensity="1.209478e-001" type="0"/>
    <Peak1D F1="3.641977" intensity="7.539535e-002" type="0"/>
    <Peak1D F1="3.638873" intensity="8.070726e-002" type="0"/>
    <Peak1D F1="3.630893" intensity="2.381041e-002" type="0"/>
    <Peak1D F1="3.623607" intensity="2.062752e-002" type="0"/>
    <Peak1D F1="3.545985" intensity="1.631322e-003" type="0"/>
    <Peak1D F1="3.543237" intensity="1.655478e-003" type="0"/>
    <Peak1D F1="3.519093" intensity="3.495184e-003" type="0"/>
    <Peak1D F1="3.506553" intensity="1.954308e-002" type="0"/>
    <Peak1D F1="3.473187" intensity="4.962659e-003" type="0"/>
    <Peak1D F1="3.448356" intensity="1.193872e-001" type="0"/>
    <Peak1D F1="3.397785" intensity="1.947723e-003" type="0"/>
    <Peak1D F1="2.963212" intensity="2.455867e-003" type="0"/>
    <Peak1D F1="2.956753" intensity="2.861841e-003" type="0"/>
    <Peak1D F1="2.945062" intensity="5.084842e-003" type="0"/>
    <Peak1D F1="2.939277" intensity="5.268738e-003" type="0"/>
    <Peak1D F1="2.920232" intensity="3.598099e-003" type="0"/>
    <Peak1D F1="2.800532" intensity="1.114814e-003" type="0"/>
    <Peak1D F1="2.781368" intensity="3.199840e-003" type="0"/>
    <Peak1D F1="2.745869" intensity="6.026083e-003" type="0"/>
    <Peak1D F1="2.735127" intensity="5.407307e-003" type="0"/>
    <Peak1D F1="2.722445" intensity="4.386707e-003" type="0"/>
    <Peak1D F1="2.689403" intensity="1.620652e-003" type="0"/>
    <Peak1D F1="2.619410" intensity="2.353765e-003" type="0"/>
    <Peak1D F1="2.515727" intensity="4.248532e-003" type="0"/>
    <Peak1D F1="2.409911" intensity="6.230266e-002" type="0"/>
    <Peak1D F1="2.404903" intensity="6.614877e-002" type="0"/>
    <Peak1D F1="2.399648" intensity="6.762695e-002" type="0"/>
    <Peak1D F1="2.382947" intensity="1.375543e-001" type="0"/>
    <Peak1D F1="2.360433" intensity="2.448627e-001" type="0"/>
    <Peak1D F1="2.351721" intensity="2.069273e-001" type="0"/>
    <Peak1D F1="2.339667" intensity="2.211930e-001" type="0"/>
    <Peak1D F1="2.331494" intensity="2.380773e-001" type="0"/>
    <Peak1D F1="2.309938" intensity="1.077208e-001" type="0"/>
    <Peak1D F1="2.265666" intensity="5.377779e-002" type="0"/>
    <Peak1D F1="2.247778" intensity="1.054598e-001" type="0"/>
    <Peak1D F1="2.225851" intensity="1.007927e-001" type="0"/>
    <Peak1D F1="2.220694" intensity="9.682395e-002" type="0"/>
    <Peak1D F1="2.213569" intensity="7.444069e-002" type="0"/>
    <Peak1D F1="2.198446" intensity="1.658176e-001" type="0"/>
    <Peak1D F1="2.194450" intensity="1.433574e-001" type="0"/>
    <Peak1D F1="2.176541" intensity="1.793170e-001" type="0"/>
    <Peak1D F1="2.172146" intensity="1.879493e-001" type="0"/>
    <Peak1D F1="2.155374" intensity="2.448867e-001" type="0"/>
    <Peak1D F1="2.150083" intensity="2.740555e-001" type="0"/>
    <Peak1D F1="2.136145" intensity="5.208058e-001" type="0"/>
    <Peak1D F1="2.127495" intensity="4.944934e-001" type="0"/>
    <Peak1D F1="2.106138" intensity="5.004582e+000" type="0"/>
    <Peak1D F1="2.103865" intensity="4.698550e+000" type="0"/>
    <Peak1D F1="2.086643" intensity="1.424493e+001" type="0"/>
    <Peak1D F1="2.070029" intensity="8.857695e+000" type="0"/>
    <Peak1D F1="2.068581" intensity="8.805209e+000" type="0"/>
    <Peak1D F1="2.041110" intensity="8.303901e-001" type="0"/>
    <Peak1D F1="2.021524" intensity="3.513117e-001" type="0"/>
    <Peak1D F1="1.956997" intensity="2.777417e-001" type="0"/>
    <Peak1D F1="1.937036" intensity="6.351196e-001" type="0"/>
    <Peak1D F1="1.924786" intensity="1.091973e+000" type="0"/>
    <Peak1D F1="1.921784" intensity="1.303093e+000" type="0"/>
    <Peak1D F1="1.916455" intensity="1.341400e+000" type="0"/>
    <Peak1D F1="1.907216" intensity="7.153345e+000" type="0"/>
    <Peak1D F1="1.897771" intensity="8.158308e+000" type="0"/>
    <Peak1D F1="1.894977" intensity="8.286340e+000" type="0"/>
    <Peak1D F1="1.887506" intensity="1.500000e+001" type="0"/>
    <Peak1D F1="1.879987" intensity="9.374617e+000" type="0"/>
    <Peak1D F1="1.876470" intensity="8.138001e+000" type="0"/>
    <Peak1D F1="1.870191" intensity="6.475205e+000" type="0"/>
    <Peak1D F1="1.841461" intensity="6.380600e-001" type="0"/>
    <Peak1D F1="1.830567" intensity="3.753189e-001" type="0"/>
    <Peak1D F1="1.820838" intensity="2.568319e-001" type="0"/>
    <Peak1D F1="1.756511" intensity="6.192676e-002" type="0"/>
    <Peak1D F1="1.739082" intensity="9.671104e-002" type="0"/>
    <Peak1D F1="1.720329" intensity="1.587165e-001" type="0"/>
    <Peak1D F1="1.702917" intensity="2.227619e-001" type="0"/>
    <Peak1D F1="1.699948" intensity="2.271901e-001" type="0"/>
    <Peak1D F1="1.682697" intensity="3.280816e-001" type="0"/>
    <Peak1D F1="1.662403" intensity="2.123222e-001" type="0"/>
    <Peak1D F1="1.635985" intensity="7.627399e-002" type="0"/>
    <Peak1D F1="1.630645" intensity="7.106011e-002" type="0"/>
    <Peak1D F1="1.615303" intensity="5.073167e-002" type="0"/>
    <Peak1D F1="1.579661" intensity="2.302540e-002" type="0"/>
    <Peak1D F1="1.548291" intensity="4.000452e-002" type="0"/>
    <Peak1D F1="1.533198" intensity="7.313649e-002" type="0"/>
    <Peak1D F1="1.514322" intensity="1.270736e-001" type="0"/>
    <Peak1D F1="1.497315" intensity="1.289948e-001" type="0"/>
    <Peak1D F1="1.484869" intensity="1.192561e-001" type="0"/>
    <Peak1D F1="1.467265" intensity="1.081196e-001" type="0"/>
    <Peak1D F1="1.449943" intensity="3.982710e-002" type="0"/>
    <Peak1D F1="1.433722" intensity="2.772182e-002" type="0"/>
    <Peak1D F1="1.351068" intensity="8.402926e-003" type="0"/>
    <Peak1D F1="1.336407" intensity="8.344804e-003" type="0"/>
    <Peak1D F1="1.316668" intensity="8.436089e-003" type="0"/>
    <Peak1D F1="1.295173" intensity="7.526401e-003" type="0"/>
    <Peak1D F1="1.232785" intensity="1.155259e-002" type="0"/>
    <Peak1D F1="1.179342" intensity="2.066013e-002" type="0"/>
    <Peak1D F1="1.167196" intensity="1.696192e-002" type="0"/>
    <Peak1D F1="1.151114" intensity="1.229011e-002" type="0"/>
    <Peak1D F1="1.039057" intensity="3.903136e-003" type="0"/>
    <Peak1D F1="1.025280" intensity="4.033483e-003" type="0"/>
    <Peak1D F1="1.000012" intensity="3.064244e-003" type="0"/>
    <Peak1D F1="0.970751" intensity="2.752543e-003" type="0"/>
    <Peak1D F1="0.956594" intensity="2.711477e-003" type="0"/>
    <Peak1D F1="0.935143" intensity="2.848786e-003" type="0"/>
    <Peak1D F1="0.917859" intensity="2.354062e-003" type="0"/>
    <Peak1D F1="0.851655" intensity="2.498144e-003" type="0"/>
    <Peak1D F1="0.803037" intensity="6.042692e-003" type="0"/>
    <Peak1D F1="0.784973" intensity="4.823242e-003" type="0"/>
    <Peak1D F1="0.753786" intensity="3.430368e-003" type="0"/>
    <Peak1D F1="0.732121" intensity="2.697398e-003" type="0"/>
    <Peak1D F1="0.663017" intensity="1.770743e-003" type="0"/>
    <Peak1D F1="0.619581" intensity="1.473723e-003" type="0"/>
    <Peak1D F1="0.606900" intensity="1.567937e-003" type="0"/>
    <Peak1D F1="0.578312" intensity="1.402265e-003" type="0"/>
    <Peak1D F1="0.538650" intensity="1.249812e-003" type="0"/>
    <Peak1D F1="0.465929" intensity="1.155326e-003" type="0"/>
    <Peak1D F1="0.178172" intensity="4.673654e-003" type="0"/>
    <Peak1D F1="0.147433" intensity="1.118373e-003" type="0"/>
    <Peak1D F1="0.095962" intensity="1.318200e-003" type="0"/>
    <Peak1D F1="0.075482" intensity="3.803052e-003" type="0"/>
    <Peak1D F1="0.049007" intensity="4.011593e-003" type="0"/>
    <Peak1D F1="0.033944" intensity="4.781545e-003" type="0"/>
    <Peak1D F1="-0.000154" intensity="1.837114e-001" type="0"/>
    <Peak1D F1="-0.050176" intensity="3.906047e-003" type="0"/>
  </PeakList1D>
</PeakList>
