<?xml version="1.0" encoding="UTF-8"?>
<PeakList>
  <PeakList1D>
    <PeakList1DHeader creator="nmr" date="2021-08-01T16:00:50.638+03:00" expNo="10" name="ID-419-H" owner="" procNo="1" source="//132.72.8.180/400b/Milo/Milo">
      <PeakPickDetails>F1=16.101509ppm, F2=-3.927536ppm, MI=0.00cm, MAXI=10000.00cm, PC=1.000
      </PeakPickDetails>
    </PeakList1DHeader>
    <Peak1D F1="10.311291" intensity="1.589607e-002" type="0"/>
    <Peak1D F1="10.141276" intensity="4.196318e-002" type="0"/>
    <Peak1D F1="10.131624" intensity="1.961409e-002" type="0"/>
    <Peak1D F1="10.120687" intensity="2.124183e-002" type="0"/>
    <Peak1D F1="10.090912" intensity="2.799127e+000" type="0"/>
    <Peak1D F1="10.058835" intensity="2.062844e-002" type="0"/>
    <Peak1D F1="10.040571" intensity="3.738182e-002" type="0"/>
    <Peak1D F1="9.864503" intensity="1.335935e-002" type="0"/>
    <Peak1D F1="8.888558" intensity="8.976218e-003" type="0"/>
    <Peak1D F1="8.837148" intensity="3.296968e-001" type="0"/>
    <Peak1D F1="8.784751" intensity="6.988953e-003" type="0"/>
    <Peak1D F1="8.549347" intensity="7.279678e-003" type="0"/>
    <Peak1D F1="8.531745" intensity="1.179294e-002" type="0"/>
    <Peak1D F1="8.488860" intensity="2.334314e-002" type="0"/>
    <Peak1D F1="8.472585" intensity="2.170594e-002" type="0"/>
    <Peak1D F1="8.412457" intensity="1.143092e-002" type="0"/>
    <Peak1D F1="8.388202" intensity="3.609730e-002" type="0"/>
    <Peak1D F1="8.366612" intensity="4.780653e-002" type="0"/>
    <Peak1D F1="8.338264" intensity="1.926463e+000" type="0"/>
    <Peak1D F1="8.316862" intensity="2.089967e+000" type="0"/>
    <Peak1D F1="8.289363" intensity="2.093832e-001" type="0"/>
    <Peak1D F1="8.268741" intensity="2.421470e-001" type="0"/>
    <Peak1D F1="8.241782" intensity="1.283738e-001" type="0"/>
    <Peak1D F1="8.225019" intensity="5.650365e-002" type="0"/>
    <Peak1D F1="8.205575" intensity="4.699922e-002" type="0"/>
    <Peak1D F1="8.183266" intensity="3.404283e-002" type="0"/>
    <Peak1D F1="8.159332" intensity="4.392503e-001" type="0"/>
    <Peak1D F1="8.155519" intensity="9.638762e-001" type="0"/>
    <Peak1D F1="8.137421" intensity="6.181245e-001" type="0"/>
    <Peak1D F1="8.133567" intensity="1.004635e+000" type="0"/>
    <Peak1D F1="8.127802" intensity="2.232479e-001" type="0"/>
    <Peak1D F1="8.102871" intensity="4.032248e-002" type="0"/>
    <Peak1D F1="8.083352" intensity="2.987989e-002" type="0"/>
    <Peak1D F1="8.068571" intensity="5.447922e-002" type="0"/>
    <Peak1D F1="8.050077" intensity="1.849155e-001" type="0"/>
    <Peak1D F1="8.017966" intensity="2.501098e+000" type="0"/>
    <Peak1D F1="8.013156" intensity="8.071377e-001" type="0"/>
    <Peak1D F1="7.999050" intensity="1.291468e+000" type="0"/>
    <Peak1D F1="7.996044" intensity="2.212403e+000" type="0"/>
    <Peak1D F1="7.990919" intensity="3.091747e-001" type="0"/>
    <Peak1D F1="7.967690" intensity="5.429709e-002" type="0"/>
    <Peak1D F1="7.950920" intensity="2.477970e-001" type="0"/>
    <Peak1D F1="7.930221" intensity="2.011920e-001" type="0"/>
    <Peak1D F1="7.887599" intensity="1.533192e-001" type="0"/>
    <Peak1D F1="7.866194" intensity="1.628365e-001" type="0"/>
    <Peak1D F1="7.829501" intensity="9.419897e-002" type="0"/>
    <Peak1D F1="7.810783" intensity="1.112439e-001" type="0"/>
    <Peak1D F1="7.796537" intensity="9.120069e-002" type="0"/>
    <Peak1D F1="7.784738" intensity="1.033516e-001" type="0"/>
    <Peak1D F1="7.777643" intensity="1.217085e-001" type="0"/>
    <Peak1D F1="7.767568" intensity="8.568436e-002" type="0"/>
    <Peak1D F1="7.743776" intensity="9.476531e-002" type="0"/>
    <Peak1D F1="7.723324" intensity="5.107505e-002" type="0"/>
    <Peak1D F1="7.709593" intensity="2.189969e-002" type="0"/>
    <Peak1D F1="7.683297" intensity="1.957937e-002" type="0"/>
    <Peak1D F1="7.659605" intensity="2.318942e-002" type="0"/>
    <Peak1D F1="7.634723" intensity="3.004234e-002" type="0"/>
    <Peak1D F1="7.613126" intensity="3.423627e-002" type="0"/>
    <Peak1D F1="7.569639" intensity="8.155156e-002" type="0"/>
    <Peak1D F1="7.566307" intensity="7.934592e-002" type="0"/>
    <Peak1D F1="7.552594" intensity="2.043705e-001" type="0"/>
    <Peak1D F1="7.535053" intensity="2.559518e-001" type="0"/>
    <Peak1D F1="7.532858" intensity="2.627640e-001" type="0"/>
    <Peak1D F1="7.518137" intensity="1.690436e-001" type="0"/>
    <Peak1D F1="7.514606" intensity="1.476508e-001" type="0"/>
    <Peak1D F1="7.500957" intensity="9.996686e-002" type="0"/>
    <Peak1D F1="7.478326" intensity="1.103920e+000" type="0"/>
    <Peak1D F1="7.456556" intensity="1.063738e+000" type="0"/>
    <Peak1D F1="7.440171" intensity="1.768924e-001" type="0"/>
    <Peak1D F1="7.423057" intensity="6.636548e-002" type="0"/>
    <Peak1D F1="7.419646" intensity="6.490868e-002" type="0"/>
    <Peak1D F1="7.406250" intensity="4.173227e-002" type="0"/>
    <Peak1D F1="7.341093" intensity="8.355114e-003" type="0"/>
    <Peak1D F1="7.328970" intensity="9.410505e-003" type="0"/>
    <Peak1D F1="7.313375" intensity="1.127187e-002" type="0"/>
    <Peak1D F1="7.291184" intensity="1.039879e-002" type="0"/>
    <Peak1D F1="7.246296" intensity="1.301245e-001" type="0"/>
    <Peak1D F1="7.236975" intensity="4.258313e-002" type="0"/>
    <Peak1D F1="7.221887" intensity="4.269475e-002" type="0"/>
    <Peak1D F1="7.196353" intensity="8.214066e+000" type="0"/>
    <Peak1D F1="7.175593" intensity="1.172938e-002" type="0"/>
    <Peak1D F1="7.163672" intensity="1.072489e-002" type="0"/>
    <Peak1D F1="7.145939" intensity="1.230423e-001" type="0"/>
    <Peak1D F1="7.092255" intensity="7.450798e-003" type="0"/>
    <Peak1D F1="7.033638" intensity="6.062563e-003" type="0"/>
    <Peak1D F1="6.932187" intensity="4.049218e-002" type="0"/>
    <Peak1D F1="6.213041" intensity="1.966033e-002" type="0"/>
    <Peak1D F1="6.114877" intensity="6.670427e-002" type="0"/>
    <Peak1D F1="6.102355" intensity="1.294975e-002" type="0"/>
    <Peak1D F1="6.093916" intensity="1.969447e-002" type="0"/>
    <Peak1D F1="6.065323" intensity="5.032883e-002" type="0"/>
    <Peak1D F1="6.055586" intensity="2.098892e-002" type="0"/>
    <Peak1D F1="6.015101" intensity="3.699384e+000" type="0"/>
    <Peak1D F1="5.982149" intensity="6.821234e-003" type="0"/>
    <Peak1D F1="5.965121" intensity="4.568632e-002" type="0"/>
    <Peak1D F1="5.952234" intensity="1.085056e-002" type="0"/>
    <Peak1D F1="5.946406" intensity="1.082402e-002" type="0"/>
    <Peak1D F1="5.813320" intensity="1.236585e-002" type="0"/>
    <Peak1D F1="5.808373" intensity="1.474093e-002" type="0"/>
    <Peak1D F1="5.779644" intensity="1.080671e-002" type="0"/>
    <Peak1D F1="5.423058" intensity="6.100911e-003" type="0"/>
    <Peak1D F1="5.409234" intensity="6.164889e-003" type="0"/>
    <Peak1D F1="5.355131" intensity="3.568528e-002" type="0"/>
    <Peak1D F1="5.347830" intensity="3.442725e-002" type="0"/>
    <Peak1D F1="5.336767" intensity="1.440786e-002" type="0"/>
    <Peak1D F1="5.313270" intensity="1.419238e-002" type="0"/>
    <Peak1D F1="5.273277" intensity="8.077394e-003" type="0"/>
    <Peak1D F1="5.224437" intensity="7.315940e-003" type="0"/>
    <Peak1D F1="5.213787" intensity="8.686019e-003" type="0"/>
    <Peak1D F1="5.106483" intensity="6.305709e-003" type="0"/>
    <Peak1D F1="5.086177" intensity="6.994953e-003" type="0"/>
    <Peak1D F1="5.049841" intensity="6.827665e-003" type="0"/>
    <Peak1D F1="4.997578" intensity="6.929762e-003" type="0"/>
    <Peak1D F1="4.967997" intensity="6.471443e-003" type="0"/>
    <Peak1D F1="4.945213" intensity="8.919380e-003" type="0"/>
    <Peak1D F1="4.929806" intensity="9.325320e-003" type="0"/>
    <Peak1D F1="4.890580" intensity="1.197392e-002" type="0"/>
    <Peak1D F1="4.872532" intensity="1.272688e-002" type="0"/>
    <Peak1D F1="4.854639" intensity="1.159505e-002" type="0"/>
    <Peak1D F1="4.841762" intensity="1.821284e-002" type="0"/>
    <Peak1D F1="4.819005" intensity="2.132142e-002" type="0"/>
    <Peak1D F1="4.791284" intensity="6.545289e-001" type="0"/>
    <Peak1D F1="4.768484" intensity="6.700089e-001" type="0"/>
    <Peak1D F1="4.741295" intensity="3.030902e-002" type="0"/>
    <Peak1D F1="4.716879" intensity="4.031216e-002" type="0"/>
    <Peak1D F1="4.683160" intensity="5.151460e-002" type="0"/>
    <Peak1D F1="4.597514" intensity="2.057361e-002" type="0"/>
    <Peak1D F1="4.522241" intensity="9.081806e-003" type="0"/>
    <Peak1D F1="4.474574" intensity="6.498193e-003" type="0"/>
    <Peak1D F1="3.971706" intensity="8.746705e-003" type="0"/>
    <Peak1D F1="3.958822" intensity="7.138217e-003" type="0"/>
    <Peak1D F1="3.875696" intensity="5.980993e-002" type="0"/>
    <Peak1D F1="3.842135" intensity="4.016617e-002" type="0"/>
    <Peak1D F1="3.820369" intensity="2.866427e-002" type="0"/>
    <Peak1D F1="3.808518" intensity="2.101682e-001" type="0"/>
    <Peak1D F1="3.748418" intensity="1.749330e-001" type="0"/>
    <Peak1D F1="3.743166" intensity="1.476267e-001" type="0"/>
    <Peak1D F1="3.739128" intensity="7.362165e-002" type="0"/>
    <Peak1D F1="3.698273" intensity="1.148728e+001" type="0"/>
    <Peak1D F1="3.665848" intensity="2.373217e-002" type="0"/>
    <Peak1D F1="3.648215" intensity="1.519088e-001" type="0"/>
    <Peak1D F1="3.515945" intensity="5.995644e-002" type="0"/>
    <Peak1D F1="3.158715" intensity="6.704154e-003" type="0"/>
    <Peak1D F1="2.849968" intensity="6.756309e-003" type="0"/>
    <Peak1D F1="2.825409" intensity="8.597591e-003" type="0"/>
    <Peak1D F1="2.433124" intensity="9.821987e-002" type="0"/>
    <Peak1D F1="2.412695" intensity="1.173975e-001" type="0"/>
    <Peak1D F1="2.408377" intensity="1.038712e-001" type="0"/>
    <Peak1D F1="2.384271" intensity="1.723237e-001" type="0"/>
    <Peak1D F1="2.359924" intensity="1.795760e-001" type="0"/>
    <Peak1D F1="2.350996" intensity="1.470328e-001" type="0"/>
    <Peak1D F1="2.327884" intensity="2.290074e-001" type="0"/>
    <Peak1D F1="2.320323" intensity="1.322744e-001" type="0"/>
    <Peak1D F1="2.307930" intensity="1.727227e-001" type="0"/>
    <Peak1D F1="2.297875" intensity="2.027922e-001" type="0"/>
    <Peak1D F1="2.277491" intensity="1.504692e-001" type="0"/>
    <Peak1D F1="2.253476" intensity="1.274354e-001" type="0"/>
    <Peak1D F1="2.248503" intensity="1.756064e-001" type="0"/>
    <Peak1D F1="2.226348" intensity="2.253024e-001" type="0"/>
    <Peak1D F1="2.222358" intensity="1.928001e-001" type="0"/>
    <Peak1D F1="2.204102" intensity="1.369818e-001" type="0"/>
    <Peak1D F1="2.199371" intensity="2.357437e-001" type="0"/>
    <Peak1D F1="2.177991" intensity="1.861074e-001" type="0"/>
    <Peak1D F1="2.173481" intensity="1.670785e-001" type="0"/>
    <Peak1D F1="2.164611" intensity="1.462985e-001" type="0"/>
    <Peak1D F1="2.144627" intensity="3.745467e-001" type="0"/>
    <Peak1D F1="2.114549" intensity="5.045949e+000" type="0"/>
    <Peak1D F1="2.104603" intensity="4.464384e+000" type="0"/>
    <Peak1D F1="2.094774" intensity="1.480197e+001" type="0"/>
    <Peak1D F1="2.083415" intensity="4.161694e+000" type="0"/>
    <Peak1D F1="2.082023" intensity="4.183301e+000" type="0"/>
    <Peak1D F1="2.076503" intensity="7.256642e+000" type="0"/>
    <Peak1D F1="2.054734" intensity="3.381473e-001" type="0"/>
    <Peak1D F1="2.049216" intensity="3.714031e-001" type="0"/>
    <Peak1D F1="2.045121" intensity="3.583019e-001" type="0"/>
    <Peak1D F1="2.026499" intensity="1.531123e-001" type="0"/>
    <Peak1D F1="1.983246" intensity="1.421212e-001" type="0"/>
    <Peak1D F1="1.959970" intensity="3.011244e-001" type="0"/>
    <Peak1D F1="1.935933" intensity="2.145845e+000" type="0"/>
    <Peak1D F1="1.930783" intensity="9.080160e-001" type="0"/>
    <Peak1D F1="1.927714" intensity="8.699183e-001" type="0"/>
    <Peak1D F1="1.923941" intensity="9.961759e-001" type="0"/>
    <Peak1D F1="1.919176" intensity="9.494005e-001" type="0"/>
    <Peak1D F1="1.908834" intensity="7.437614e+000" type="0"/>
    <Peak1D F1="1.898715" intensity="6.741450e+000" type="0"/>
    <Peak1D F1="1.889545" intensity="1.500000e+001" type="0"/>
    <Peak1D F1="1.881291" intensity="6.222134e+000" type="0"/>
    <Peak1D F1="1.878897" intensity="5.595666e+000" type="0"/>
    <Peak1D F1="1.870400" intensity="4.695097e+000" type="0"/>
    <Peak1D F1="1.858465" intensity="5.866132e-001" type="0"/>
    <Peak1D F1="1.851026" intensity="3.017879e-001" type="0"/>
    <Peak1D F1="1.848079" intensity="3.198151e-001" type="0"/>
    <Peak1D F1="1.839686" intensity="3.025158e-001" type="0"/>
    <Peak1D F1="1.831424" intensity="1.551479e-001" type="0"/>
    <Peak1D F1="1.820955" intensity="1.219649e-001" type="0"/>
    <Peak1D F1="1.795435" intensity="4.932154e-002" type="0"/>
    <Peak1D F1="1.777613" intensity="4.082327e-002" type="0"/>
    <Peak1D F1="1.758796" intensity="5.708920e-002" type="0"/>
    <Peak1D F1="1.742071" intensity="1.147593e-001" type="0"/>
    <Peak1D F1="1.722247" intensity="1.560063e-001" type="0"/>
    <Peak1D F1="1.714624" intensity="1.240820e-001" type="0"/>
    <Peak1D F1="1.705789" intensity="1.536247e-001" type="0"/>
    <Peak1D F1="1.698656" intensity="2.047118e-001" type="0"/>
    <Peak1D F1="1.687106" intensity="1.588825e-001" type="0"/>
    <Peak1D F1="1.679548" intensity="4.031478e-001" type="0"/>
    <Peak1D F1="1.668777" intensity="2.747561e-001" type="0"/>
    <Peak1D F1="1.656090" intensity="4.007561e-001" type="0"/>
    <Peak1D F1="1.651691" intensity="3.173743e-001" type="0"/>
    <Peak1D F1="1.640112" intensity="2.446234e-001" type="0"/>
    <Peak1D F1="1.635713" intensity="2.751565e-001" type="0"/>
    <Peak1D F1="1.624138" intensity="1.310948e-001" type="0"/>
    <Peak1D F1="1.619149" intensity="1.500039e-001" type="0"/>
    <Peak1D F1="1.615586" intensity="1.403815e-001" type="0"/>
    <Peak1D F1="1.590081" intensity="7.323479e-002" type="0"/>
    <Peak1D F1="1.552227" intensity="6.428117e-002" type="0"/>
    <Peak1D F1="1.533551" intensity="1.263771e-001" type="0"/>
    <Peak1D F1="1.517819" intensity="9.455076e-002" type="0"/>
    <Peak1D F1="1.510712" intensity="1.058802e-001" type="0"/>
    <Peak1D F1="1.499433" intensity="2.068536e-001" type="0"/>
    <Peak1D F1="1.482118" intensity="2.426593e-001" type="0"/>
    <Peak1D F1="1.469194" intensity="1.766423e-001" type="0"/>
    <Peak1D F1="1.452371" intensity="1.717429e-001" type="0"/>
    <Peak1D F1="1.434147" intensity="6.140982e-002" type="0"/>
    <Peak1D F1="1.422182" intensity="6.236468e-002" type="0"/>
    <Peak1D F1="1.401421" intensity="2.736775e-002" type="0"/>
    <Peak1D F1="1.350994" intensity="1.602438e-002" type="0"/>
    <Peak1D F1="1.324096" intensity="1.863164e-002" type="0"/>
    <Peak1D F1="1.235096" intensity="6.933060e-002" type="0"/>
    <Peak1D F1="1.183170" intensity="1.643021e-001" type="0"/>
    <Peak1D F1="1.097667" intensity="7.906295e-003" type="0"/>
    <Peak1D F1="1.074951" intensity="7.449389e-003" type="0"/>
    <Peak1D F1="1.050650" intensity="7.302067e-003" type="0"/>
    <Peak1D F1="1.038061" intensity="7.740794e-003" type="0"/>
    <Peak1D F1="1.002850" intensity="6.332512e-003" type="0"/>
    <Peak1D F1="0.966837" intensity="7.006326e-003" type="0"/>
    <Peak1D F1="0.940362" intensity="6.800647e-003" type="0"/>
    <Peak1D F1="0.918515" intensity="6.552553e-003" type="0"/>
    <Peak1D F1="0.825657" intensity="2.748136e-002" type="0"/>
    <Peak1D F1="0.811112" intensity="5.100128e-002" type="0"/>
    <Peak1D F1="0.793743" intensity="2.756133e-002" type="0"/>
    <Peak1D F1="-0.000153" intensity="1.335991e-001" type="0"/>
    <Peak1D F1="-2.988185" intensity="6.438319e-003" type="0"/>
  </PeakList1D>
</PeakList>
