<?xml version="1.0" encoding="UTF-8"?>
<PeakList>
  <PeakList1D>
    <PeakList1DHeader creator="nmr" date="2021-08-10T14:26:34.634+03:00" expNo="20" name="ID-429-D" owner="" procNo="1" source="//132.72.8.180/400b/Milo/Milo">
      <PeakPickDetails>F1=16.100531ppm, F2=-3.928514ppm, MI=0.00cm, MAXI=10000.00cm, PC=1.000
      </PeakPickDetails>
    </PeakList1DHeader>
    <Peak1D F1="11.664005" intensity="6.000028e-003" type="0"/>
    <Peak1D F1="10.314954" intensity="1.328875e-002" type="0"/>
    <Peak1D F1="10.214618" intensity="7.091333e-003" type="0"/>
    <Peak1D F1="10.160475" intensity="1.044430e-002" type="0"/>
    <Peak1D F1="10.144771" intensity="4.243460e-002" type="0"/>
    <Peak1D F1="10.126100" intensity="2.356576e-002" type="0"/>
    <Peak1D F1="10.094787" intensity="2.365234e+000" type="0"/>
    <Peak1D F1="10.063251" intensity="8.893906e-003" type="0"/>
    <Peak1D F1="10.044637" intensity="3.104620e-002" type="0"/>
    <Peak1D F1="9.868353" intensity="1.408330e-002" type="0"/>
    <Peak1D F1="8.713165" intensity="6.208480e-003" type="0"/>
    <Peak1D F1="8.549743" intensity="7.285699e-003" type="0"/>
    <Peak1D F1="8.535006" intensity="1.029979e-002" type="0"/>
    <Peak1D F1="8.481454" intensity="8.305779e-003" type="0"/>
    <Peak1D F1="8.448483" intensity="6.673974e-003" type="0"/>
    <Peak1D F1="8.438321" intensity="8.012480e-003" type="0"/>
    <Peak1D F1="8.393003" intensity="3.546056e-002" type="0"/>
    <Peak1D F1="8.371149" intensity="4.786423e-002" type="0"/>
    <Peak1D F1="8.342885" intensity="1.588902e+000" type="0"/>
    <Peak1D F1="8.321150" intensity="1.807644e+000" type="0"/>
    <Peak1D F1="8.292307" intensity="2.400086e-002" type="0"/>
    <Peak1D F1="8.270986" intensity="3.070055e-002" type="0"/>
    <Peak1D F1="8.223869" intensity="2.826560e-002" type="0"/>
    <Peak1D F1="8.196010" intensity="6.383064e-002" type="0"/>
    <Peak1D F1="8.175269" intensity="8.356044e-002" type="0"/>
    <Peak1D F1="8.165473" intensity="1.015044e-001" type="0"/>
    <Peak1D F1="8.159498" intensity="2.597740e-001" type="0"/>
    <Peak1D F1="8.143927" intensity="1.902517e-001" type="0"/>
    <Peak1D F1="8.137758" intensity="2.686103e-001" type="0"/>
    <Peak1D F1="8.122808" intensity="1.043955e-001" type="0"/>
    <Peak1D F1="8.104755" intensity="2.560421e-002" type="0"/>
    <Peak1D F1="8.088014" intensity="2.078685e-002" type="0"/>
    <Peak1D F1="8.071142" intensity="4.992614e-002" type="0"/>
    <Peak1D F1="8.048971" intensity="4.776549e-002" type="0"/>
    <Peak1D F1="8.026183" intensity="3.414863e-001" type="0"/>
    <Peak1D F1="8.021178" intensity="2.067080e+000" type="0"/>
    <Peak1D F1="8.017346" intensity="6.049333e-001" type="0"/>
    <Peak1D F1="8.003922" intensity="6.191225e-001" type="0"/>
    <Peak1D F1="7.999910" intensity="1.630719e+000" type="0"/>
    <Peak1D F1="7.971225" intensity="3.287642e-002" type="0"/>
    <Peak1D F1="7.949180" intensity="2.732828e-002" type="0"/>
    <Peak1D F1="7.928215" intensity="1.215497e-002" type="0"/>
    <Peak1D F1="7.906174" intensity="1.234246e-002" type="0"/>
    <Peak1D F1="7.889142" intensity="1.161811e-002" type="0"/>
    <Peak1D F1="7.881016" intensity="9.402826e-003" type="0"/>
    <Peak1D F1="7.867805" intensity="1.065173e-002" type="0"/>
    <Peak1D F1="7.846936" intensity="6.797181e-003" type="0"/>
    <Peak1D F1="7.831460" intensity="8.098141e-003" type="0"/>
    <Peak1D F1="7.811185" intensity="1.597062e-002" type="0"/>
    <Peak1D F1="7.785709" intensity="5.245033e-002" type="0"/>
    <Peak1D F1="7.764291" intensity="9.468505e-002" type="0"/>
    <Peak1D F1="7.749784" intensity="5.509672e-002" type="0"/>
    <Peak1D F1="7.719232" intensity="7.159665e-003" type="0"/>
    <Peak1D F1="7.697347" intensity="6.452959e-003" type="0"/>
    <Peak1D F1="7.671443" intensity="6.753523e-003" type="0"/>
    <Peak1D F1="7.648819" intensity="7.126472e-003" type="0"/>
    <Peak1D F1="7.618462" intensity="1.400002e-002" type="0"/>
    <Peak1D F1="7.596606" intensity="1.999342e-002" type="0"/>
    <Peak1D F1="7.587665" intensity="2.664328e-002" type="0"/>
    <Peak1D F1="7.561737" intensity="3.606383e-002" type="0"/>
    <Peak1D F1="7.540039" intensity="3.593067e-002" type="0"/>
    <Peak1D F1="7.528333" intensity="2.638721e-002" type="0"/>
    <Peak1D F1="7.495158" intensity="4.326613e-002" type="0"/>
    <Peak1D F1="7.481647" intensity="2.092334e-001" type="0"/>
    <Peak1D F1="7.459604" intensity="2.090843e-001" type="0"/>
    <Peak1D F1="7.454281" intensity="8.176854e-002" type="0"/>
    <Peak1D F1="7.442669" intensity="3.926829e-002" type="0"/>
    <Peak1D F1="7.424698" intensity="5.649096e-002" type="0"/>
    <Peak1D F1="7.420022" intensity="6.070539e-002" type="0"/>
    <Peak1D F1="7.405839" intensity="1.047203e-001" type="0"/>
    <Peak1D F1="7.401454" intensity="8.095990e-002" type="0"/>
    <Peak1D F1="7.385993" intensity="1.092254e-001" type="0"/>
    <Peak1D F1="7.370471" intensity="5.090634e-002" type="0"/>
    <Peak1D F1="7.365833" intensity="5.182033e-002" type="0"/>
    <Peak1D F1="7.335838" intensity="1.619704e-002" type="0"/>
    <Peak1D F1="7.303504" intensity="5.058966e-002" type="0"/>
    <Peak1D F1="7.281394" intensity="4.985227e-002" type="0"/>
    <Peak1D F1="7.245382" intensity="1.227690e-001" type="0"/>
    <Peak1D F1="7.195520" intensity="7.222708e+000" type="0"/>
    <Peak1D F1="7.168876" intensity="1.793157e-002" type="0"/>
    <Peak1D F1="7.153823" intensity="1.095151e-001" type="0"/>
    <Peak1D F1="7.145452" intensity="1.240143e-001" type="0"/>
    <Peak1D F1="7.135446" intensity="1.853360e-001" type="0"/>
    <Peak1D F1="7.116969" intensity="8.311532e-002" type="0"/>
    <Peak1D F1="7.089437" intensity="8.569145e-003" type="0"/>
    <Peak1D F1="7.034329" intensity="1.507796e-002" type="0"/>
    <Peak1D F1="7.005443" intensity="1.028854e-001" type="0"/>
    <Peak1D F1="6.984103" intensity="9.534331e-002" type="0"/>
    <Peak1D F1="6.978389" intensity="1.036426e-001" type="0"/>
    <Peak1D F1="6.957397" intensity="8.549358e-002" type="0"/>
    <Peak1D F1="6.931491" intensity="4.126381e-002" type="0"/>
    <Peak1D F1="6.117578" intensity="5.337039e-002" type="0"/>
    <Peak1D F1="6.082232" intensity="6.551956e-003" type="0"/>
    <Peak1D F1="6.067735" intensity="4.347833e-002" type="0"/>
    <Peak1D F1="6.018032" intensity="2.650922e+000" type="0"/>
    <Peak1D F1="5.967945" intensity="3.868488e-002" type="0"/>
    <Peak1D F1="5.606183" intensity="7.196769e-003" type="0"/>
    <Peak1D F1="5.580373" intensity="8.769998e-003" type="0"/>
    <Peak1D F1="5.523911" intensity="1.883169e-002" type="0"/>
    <Peak1D F1="5.463571" intensity="7.237104e-003" type="0"/>
    <Peak1D F1="5.434762" intensity="8.199217e-003" type="0"/>
    <Peak1D F1="5.414658" intensity="2.351533e-002" type="0"/>
    <Peak1D F1="5.364592" intensity="9.610935e-003" type="0"/>
    <Peak1D F1="5.360683" intensity="1.128479e-002" type="0"/>
    <Peak1D F1="5.341782" intensity="7.283634e-003" type="0"/>
    <Peak1D F1="5.283553" intensity="1.134987e-002" type="0"/>
    <Peak1D F1="5.042756" intensity="1.088788e-001" type="0"/>
    <Peak1D F1="4.973767" intensity="6.779801e-003" type="0"/>
    <Peak1D F1="4.891810" intensity="6.857822e-003" type="0"/>
    <Peak1D F1="4.862548" intensity="6.731435e-003" type="0"/>
    <Peak1D F1="4.840435" intensity="8.274226e-003" type="0"/>
    <Peak1D F1="4.823822" intensity="8.271239e-003" type="0"/>
    <Peak1D F1="4.791995" intensity="8.591956e-002" type="0"/>
    <Peak1D F1="4.769410" intensity="8.899871e-002" type="0"/>
    <Peak1D F1="4.722460" intensity="7.935900e-003" type="0"/>
    <Peak1D F1="4.673177" intensity="1.447294e-001" type="0"/>
    <Peak1D F1="4.342955" intensity="7.673139e-003" type="0"/>
    <Peak1D F1="3.878324" intensity="4.214817e-002" type="0"/>
    <Peak1D F1="3.845224" intensity="2.569216e-002" type="0"/>
    <Peak1D F1="3.822954" intensity="2.044543e-002" type="0"/>
    <Peak1D F1="3.811576" intensity="1.697906e-001" type="0"/>
    <Peak1D F1="3.792628" intensity="4.472194e-002" type="0"/>
    <Peak1D F1="3.771823" intensity="4.590018e-002" type="0"/>
    <Peak1D F1="3.750913" intensity="1.349809e-001" type="0"/>
    <Peak1D F1="3.745535" intensity="1.027878e-001" type="0"/>
    <Peak1D F1="3.701012" intensity="8.001883e+000" type="0"/>
    <Peak1D F1="3.651050" intensity="1.259619e-001" type="0"/>
    <Peak1D F1="3.599965" intensity="8.299209e-003" type="0"/>
    <Peak1D F1="3.580551" intensity="6.718437e-003" type="0"/>
    <Peak1D F1="3.561084" intensity="7.068849e-003" type="0"/>
    <Peak1D F1="3.546704" intensity="9.784584e-003" type="0"/>
    <Peak1D F1="3.518645" intensity="4.513911e-002" type="0"/>
    <Peak1D F1="3.419787" intensity="1.741139e-002" type="0"/>
    <Peak1D F1="3.406540" intensity="1.091735e-002" type="0"/>
    <Peak1D F1="3.323045" intensity="6.431293e-003" type="0"/>
    <Peak1D F1="2.920973" intensity="8.949924e-003" type="0"/>
    <Peak1D F1="2.899206" intensity="7.011934e-003" type="0"/>
    <Peak1D F1="2.760784" intensity="7.237181e-003" type="0"/>
    <Peak1D F1="2.520694" intensity="7.154213e-003" type="0"/>
    <Peak1D F1="2.433132" intensity="1.937412e-002" type="0"/>
    <Peak1D F1="2.417073" intensity="1.923305e-002" type="0"/>
    <Peak1D F1="2.388069" intensity="2.669869e-002" type="0"/>
    <Peak1D F1="2.364282" intensity="3.366791e-002" type="0"/>
    <Peak1D F1="2.352975" intensity="1.915693e-002" type="0"/>
    <Peak1D F1="2.330063" intensity="3.394222e-002" type="0"/>
    <Peak1D F1="2.318484" intensity="2.257830e-002" type="0"/>
    <Peak1D F1="2.298710" intensity="3.693585e-002" type="0"/>
    <Peak1D F1="2.277051" intensity="4.960016e-002" type="0"/>
    <Peak1D F1="2.258154" intensity="8.680644e-002" type="0"/>
    <Peak1D F1="2.239475" intensity="4.620072e-002" type="0"/>
    <Peak1D F1="2.230973" intensity="5.193563e-002" type="0"/>
    <Peak1D F1="2.226612" intensity="5.358256e-002" type="0"/>
    <Peak1D F1="2.203858" intensity="7.223074e-002" type="0"/>
    <Peak1D F1="2.182224" intensity="7.198050e-002" type="0"/>
    <Peak1D F1="2.177256" intensity="8.136564e-002" type="0"/>
    <Peak1D F1="2.166299" intensity="1.382257e-001" type="0"/>
    <Peak1D F1="2.146989" intensity="3.544436e-001" type="0"/>
    <Peak1D F1="2.116791" intensity="4.521359e+000" type="0"/>
    <Peak1D F1="2.108243" intensity="3.598425e+000" type="0"/>
    <Peak1D F1="2.097412" intensity="1.442596e+001" type="0"/>
    <Peak1D F1="2.085757" intensity="3.801661e+000" type="0"/>
    <Peak1D F1="2.078687" intensity="7.314646e+000" type="0"/>
    <Peak1D F1="2.057216" intensity="3.427427e-001" type="0"/>
    <Peak1D F1="2.053178" intensity="3.524273e-001" type="0"/>
    <Peak1D F1="2.047890" intensity="3.867205e-001" type="0"/>
    <Peak1D F1="2.028948" intensity="1.686873e-001" type="0"/>
    <Peak1D F1="2.000417" intensity="5.727028e-002" type="0"/>
    <Peak1D F1="1.982609" intensity="7.839853e-002" type="0"/>
    <Peak1D F1="1.961170" intensity="2.117223e-001" type="0"/>
    <Peak1D F1="1.950074" intensity="2.353299e-001" type="0"/>
    <Peak1D F1="1.941491" intensity="4.085685e-001" type="0"/>
    <Peak1D F1="1.933035" intensity="6.227462e-001" type="0"/>
    <Peak1D F1="1.926147" intensity="8.307291e-001" type="0"/>
    <Peak1D F1="1.922073" intensity="7.889450e-001" type="0"/>
    <Peak1D F1="1.911422" intensity="7.198720e+000" type="0"/>
    <Peak1D F1="1.900390" intensity="6.131380e+000" type="0"/>
    <Peak1D F1="1.891729" intensity="1.500000e+001" type="0"/>
    <Peak1D F1="1.881761" intensity="5.603436e+000" type="0"/>
    <Peak1D F1="1.872495" intensity="4.783865e+000" type="0"/>
    <Peak1D F1="1.860175" intensity="5.904099e-001" type="0"/>
    <Peak1D F1="1.850201" intensity="3.442545e-001" type="0"/>
    <Peak1D F1="1.842005" intensity="3.335826e-001" type="0"/>
    <Peak1D F1="1.832176" intensity="1.460164e-001" type="0"/>
    <Peak1D F1="1.822460" intensity="1.142970e-001" type="0"/>
    <Peak1D F1="1.760770" intensity="3.890267e-002" type="0"/>
    <Peak1D F1="1.741815" intensity="7.120364e-002" type="0"/>
    <Peak1D F1="1.724676" intensity="9.508967e-002" type="0"/>
    <Peak1D F1="1.708008" intensity="6.336553e-002" type="0"/>
    <Peak1D F1="1.689190" intensity="4.214672e-002" type="0"/>
    <Peak1D F1="1.681965" intensity="8.087678e-002" type="0"/>
    <Peak1D F1="1.671819" intensity="5.247975e-002" type="0"/>
    <Peak1D F1="1.658001" intensity="7.330879e-002" type="0"/>
    <Peak1D F1="1.637025" intensity="5.366827e-002" type="0"/>
    <Peak1D F1="1.617212" intensity="4.066696e-002" type="0"/>
    <Peak1D F1="1.582247" intensity="6.524950e-002" type="0"/>
    <Peak1D F1="1.535078" intensity="1.207568e+000" type="0"/>
    <Peak1D F1="1.484493" intensity="9.266394e-002" type="0"/>
    <Peak1D F1="1.471972" intensity="5.409349e-002" type="0"/>
    <Peak1D F1="1.454438" intensity="4.310668e-002" type="0"/>
    <Peak1D F1="1.442382" intensity="3.297051e-002" type="0"/>
    <Peak1D F1="1.423739" intensity="2.696876e-002" type="0"/>
    <Peak1D F1="1.354820" intensity="1.010847e-002" type="0"/>
    <Peak1D F1="1.318843" intensity="1.026004e-002" type="0"/>
    <Peak1D F1="1.266373" intensity="1.726244e-002" type="0"/>
    <Peak1D F1="1.234283" intensity="2.449553e-002" type="0"/>
    <Peak1D F1="1.214308" intensity="2.476696e-002" type="0"/>
    <Peak1D F1="1.185057" intensity="5.786422e-002" type="0"/>
    <Peak1D F1="1.155374" intensity="1.051129e-002" type="0"/>
    <Peak1D F1="1.080171" intensity="6.099702e-003" type="0"/>
    <Peak1D F1="1.056182" intensity="7.526637e-003" type="0"/>
    <Peak1D F1="0.827023" intensity="1.225385e-002" type="0"/>
    <Peak1D F1="0.810302" intensity="1.839261e-002" type="0"/>
    <Peak1D F1="0.798986" intensity="1.214843e-002" type="0"/>
    <Peak1D F1="0.782132" intensity="1.066963e-002" type="0"/>
    <Peak1D F1="0.759410" intensity="1.316080e-002" type="0"/>
    <Peak1D F1="0.743533" intensity="9.258550e-003" type="0"/>
    <Peak1D F1="0.717642" intensity="6.264738e-003" type="0"/>
    <Peak1D F1="0.441609" intensity="6.227937e-003" type="0"/>
    <Peak1D F1="0.327280" intensity="7.168598e-003" type="0"/>
    <Peak1D F1="-0.000157" intensity="6.874704e-002" type="0"/>
    <Peak1D F1="-2.977668" intensity="6.420149e-003" type="0"/>
    <Peak1D F1="-3.231589" intensity="7.058758e-003" type="0"/>
    <Peak1D F1="-3.268339" intensity="6.073174e-003" type="0"/>
  </PeakList1D>
</PeakList>
