<?xml version="1.0" encoding="UTF-8"?>
<PeakList>
  <PeakList1D>
    <PeakList1DHeader creator="nmr" date="2021-08-09T14:48:42.127+03:00" expNo="10" name="ID-428-A" owner="" procNo="1" source="//132.72.8.180/400b/Milo/Milo">
      <PeakPickDetails>F1=16.099890ppm, F2=-3.929155ppm, MI=0.00cm, MAXI=10000.00cm, PC=1.000
      </PeakPickDetails>
    </PeakList1DHeader>
    <Peak1D F1="10.316021" intensity="1.059421e-002" type="0"/>
    <Peak1D F1="10.242349" intensity="7.359668e-003" type="0"/>
    <Peak1D F1="10.145734" intensity="2.111483e-002" type="0"/>
    <Peak1D F1="10.126304" intensity="1.236905e-002" type="0"/>
    <Peak1D F1="10.095297" intensity="1.508890e+000" type="0"/>
    <Peak1D F1="10.062663" intensity="1.215029e-002" type="0"/>
    <Peak1D F1="10.045264" intensity="2.353005e-002" type="0"/>
    <Peak1D F1="9.868141" intensity="9.033316e-003" type="0"/>
    <Peak1D F1="8.392746" intensity="1.626219e-002" type="0"/>
    <Peak1D F1="8.371781" intensity="2.569119e-002" type="0"/>
    <Peak1D F1="8.343398" intensity="1.020869e+000" type="0"/>
    <Peak1D F1="8.321599" intensity="1.152766e+000" type="0"/>
    <Peak1D F1="8.293232" intensity="2.132731e-002" type="0"/>
    <Peak1D F1="8.271416" intensity="2.080050e-002" type="0"/>
    <Peak1D F1="8.238229" intensity="1.394346e-002" type="0"/>
    <Peak1D F1="8.225610" intensity="2.117329e-002" type="0"/>
    <Peak1D F1="8.210258" intensity="3.901240e-002" type="0"/>
    <Peak1D F1="8.205812" intensity="3.102263e-002" type="0"/>
    <Peak1D F1="8.189322" intensity="3.656765e-002" type="0"/>
    <Peak1D F1="8.160329" intensity="2.071382e-001" type="0"/>
    <Peak1D F1="8.155408" intensity="3.353547e-001" type="0"/>
    <Peak1D F1="8.138350" intensity="2.648284e-001" type="0"/>
    <Peak1D F1="8.133505" intensity="3.152678e-001" type="0"/>
    <Peak1D F1="8.104203" intensity="2.009783e-002" type="0"/>
    <Peak1D F1="8.090332" intensity="1.041260e-002" type="0"/>
    <Peak1D F1="8.071186" intensity="1.892686e-002" type="0"/>
    <Peak1D F1="8.049273" intensity="2.382488e-002" type="0"/>
    <Peak1D F1="8.026167" intensity="2.126827e-001" type="0"/>
    <Peak1D F1="8.021173" intensity="1.326908e+000" type="0"/>
    <Peak1D F1="8.016337" intensity="3.893543e-001" type="0"/>
    <Peak1D F1="8.003909" intensity="4.085596e-001" type="0"/>
    <Peak1D F1="7.999646" intensity="1.068602e+000" type="0"/>
    <Peak1D F1="7.994149" intensity="1.497153e-001" type="0"/>
    <Peak1D F1="7.971304" intensity="2.385025e-002" type="0"/>
    <Peak1D F1="7.949476" intensity="2.291160e-002" type="0"/>
    <Peak1D F1="7.938891" intensity="9.402875e-003" type="0"/>
    <Peak1D F1="7.913390" intensity="7.093844e-003" type="0"/>
    <Peak1D F1="7.818733" intensity="7.771807e-003" type="0"/>
    <Peak1D F1="7.798213" intensity="8.061548e-003" type="0"/>
    <Peak1D F1="7.609528" intensity="2.439736e-002" type="0"/>
    <Peak1D F1="7.588193" intensity="2.051576e-002" type="0"/>
    <Peak1D F1="7.578538" intensity="1.021530e-002" type="0"/>
    <Peak1D F1="7.542920" intensity="8.984049e-003" type="0"/>
    <Peak1D F1="7.529778" intensity="9.510153e-003" type="0"/>
    <Peak1D F1="7.507579" intensity="1.814930e-002" type="0"/>
    <Peak1D F1="7.494409" intensity="2.143132e-002" type="0"/>
    <Peak1D F1="7.481595" intensity="1.580631e-001" type="0"/>
    <Peak1D F1="7.464510" intensity="3.177617e-001" type="0"/>
    <Peak1D F1="7.459691" intensity="2.403238e-001" type="0"/>
    <Peak1D F1="7.453594" intensity="1.392422e-001" type="0"/>
    <Peak1D F1="7.442472" intensity="2.580197e-001" type="0"/>
    <Peak1D F1="7.414682" intensity="9.894700e-003" type="0"/>
    <Peak1D F1="7.393814" intensity="8.083439e-003" type="0"/>
    <Peak1D F1="7.325852" intensity="1.718284e-002" type="0"/>
    <Peak1D F1="7.318719" intensity="1.382547e-002" type="0"/>
    <Peak1D F1="7.296207" intensity="1.220233e-002" type="0"/>
    <Peak1D F1="7.288223" intensity="1.219606e-002" type="0"/>
    <Peak1D F1="7.244899" intensity="2.631570e-001" type="0"/>
    <Peak1D F1="7.194742" intensity="1.878237e+001" type="0"/>
    <Peak1D F1="7.175172" intensity="5.262293e-002" type="0"/>
    <Peak1D F1="7.145010" intensity="2.430616e-001" type="0"/>
    <Peak1D F1="7.108752" intensity="6.893009e-003" type="0"/>
    <Peak1D F1="6.930752" intensity="9.836546e-002" type="0"/>
    <Peak1D F1="6.119800" intensity="9.588871e-003" type="0"/>
    <Peak1D F1="6.068704" intensity="2.653219e-002" type="0"/>
    <Peak1D F1="6.018690" intensity="1.813873e+000" type="0"/>
    <Peak1D F1="5.968576" intensity="2.769502e-002" type="0"/>
    <Peak1D F1="5.497900" intensity="7.571921e-003" type="0"/>
    <Peak1D F1="5.419746" intensity="1.048380e-002" type="0"/>
    <Peak1D F1="5.355067" intensity="9.316605e-002" type="0"/>
    <Peak1D F1="5.285394" intensity="8.193347e-003" type="0"/>
    <Peak1D F1="5.281187" intensity="7.912111e-003" type="0"/>
    <Peak1D F1="4.791288" intensity="7.100909e-002" type="0"/>
    <Peak1D F1="4.768268" intensity="7.432632e-002" type="0"/>
    <Peak1D F1="4.670178" intensity="5.026640e-002" type="0"/>
    <Peak1D F1="4.078720" intensity="4.957818e-002" type="0"/>
    <Peak1D F1="4.060792" intensity="1.552482e-001" type="0"/>
    <Peak1D F1="4.042957" intensity="1.547269e-001" type="0"/>
    <Peak1D F1="4.025520" intensity="5.195481e-002" type="0"/>
    <Peak1D F1="3.985452" intensity="8.663731e-003" type="0"/>
    <Peak1D F1="3.951044" intensity="1.290698e-002" type="0"/>
    <Peak1D F1="3.914445" intensity="8.357869e-003" type="0"/>
    <Peak1D F1="3.878994" intensity="3.115730e-002" type="0"/>
    <Peak1D F1="3.811987" intensity="3.966286e-002" type="0"/>
    <Peak1D F1="3.751870" intensity="7.867788e-002" type="0"/>
    <Peak1D F1="3.701537" intensity="5.514455e+000" type="0"/>
    <Peak1D F1="3.651889" intensity="7.811505e-002" type="0"/>
    <Peak1D F1="3.594949" intensity="1.296290e-002" type="0"/>
    <Peak1D F1="3.569760" intensity="1.096512e-002" type="0"/>
    <Peak1D F1="3.553803" intensity="8.806211e-003" type="0"/>
    <Peak1D F1="3.519353" intensity="3.667450e-002" type="0"/>
    <Peak1D F1="3.496524" intensity="1.275314e-002" type="0"/>
    <Peak1D F1="3.490625" intensity="1.287578e-002" type="0"/>
    <Peak1D F1="3.471879" intensity="1.982051e-002" type="0"/>
    <Peak1D F1="3.449229" intensity="3.260650e-002" type="0"/>
    <Peak1D F1="3.420021" intensity="8.885216e-001" type="0"/>
    <Peak1D F1="3.370469" intensity="1.779510e-002" type="0"/>
    <Peak1D F1="3.342464" intensity="8.464048e-003" type="0"/>
    <Peak1D F1="3.327183" intensity="7.701914e-003" type="0"/>
    <Peak1D F1="3.294637" intensity="7.437322e-003" type="0"/>
    <Peak1D F1="3.241660" intensity="9.345056e-003" type="0"/>
    <Peak1D F1="3.190465" intensity="7.581722e-003" type="0"/>
    <Peak1D F1="3.175125" intensity="1.215293e-002" type="0"/>
    <Peak1D F1="3.163545" intensity="9.432993e-003" type="0"/>
    <Peak1D F1="2.943993" intensity="1.309948e-002" type="0"/>
    <Peak1D F1="2.936553" intensity="1.129062e-002" type="0"/>
    <Peak1D F1="2.917516" intensity="9.138935e-003" type="0"/>
    <Peak1D F1="2.567200" intensity="6.810748e-003" type="0"/>
    <Peak1D F1="2.500623" intensity="3.202487e-002" type="0"/>
    <Peak1D F1="2.442641" intensity="3.898219e-002" type="0"/>
    <Peak1D F1="2.434775" intensity="4.549073e-002" type="0"/>
    <Peak1D F1="2.414469" intensity="7.081770e-002" type="0"/>
    <Peak1D F1="2.393449" intensity="6.695777e-002" type="0"/>
    <Peak1D F1="2.364777" intensity="4.559990e-002" type="0"/>
    <Peak1D F1="2.351347" intensity="3.010117e-002" type="0"/>
    <Peak1D F1="2.337548" intensity="3.543435e-002" type="0"/>
    <Peak1D F1="2.328774" intensity="3.356859e-002" type="0"/>
    <Peak1D F1="2.308731" intensity="5.952763e-002" type="0"/>
    <Peak1D F1="2.295724" intensity="5.900846e-002" type="0"/>
    <Peak1D F1="2.278120" intensity="5.311326e-002" type="0"/>
    <Peak1D F1="2.258281" intensity="8.926831e-002" type="0"/>
    <Peak1D F1="2.239680" intensity="4.755035e-002" type="0"/>
    <Peak1D F1="2.226920" intensity="4.491146e-002" type="0"/>
    <Peak1D F1="2.204472" intensity="6.287459e-002" type="0"/>
    <Peak1D F1="2.182816" intensity="6.566621e-002" type="0"/>
    <Peak1D F1="2.178215" intensity="7.567970e-002" type="0"/>
    <Peak1D F1="2.167378" intensity="1.322803e-001" type="0"/>
    <Peak1D F1="2.147396" intensity="3.370008e-001" type="0"/>
    <Peak1D F1="2.116980" intensity="4.503286e+000" type="0"/>
    <Peak1D F1="2.108358" intensity="3.572289e+000" type="0"/>
    <Peak1D F1="2.097428" intensity="1.446563e+001" type="0"/>
    <Peak1D F1="2.085701" intensity="3.773977e+000" type="0"/>
    <Peak1D F1="2.078635" intensity="7.145079e+000" type="0"/>
    <Peak1D F1="2.057222" intensity="3.679458e-001" type="0"/>
    <Peak1D F1="2.053149" intensity="3.734649e-001" type="0"/>
    <Peak1D F1="2.047957" intensity="3.804875e-001" type="0"/>
    <Peak1D F1="2.029338" intensity="1.714898e-001" type="0"/>
    <Peak1D F1="1.974285" intensity="7.719875e-001" type="0"/>
    <Peak1D F1="1.961176" intensity="2.139214e-001" type="0"/>
    <Peak1D F1="1.948475" intensity="2.690797e-001" type="0"/>
    <Peak1D F1="1.942051" intensity="4.026362e-001" type="0"/>
    <Peak1D F1="1.933128" intensity="6.310511e-001" type="0"/>
    <Peak1D F1="1.926344" intensity="8.660421e-001" type="0"/>
    <Peak1D F1="1.922117" intensity="7.964701e-001" type="0"/>
    <Peak1D F1="1.911606" intensity="7.236451e+000" type="0"/>
    <Peak1D F1="1.900416" intensity="6.010040e+000" type="0"/>
    <Peak1D F1="1.892021" intensity="1.500000e+001" type="0"/>
    <Peak1D F1="1.882058" intensity="5.365000e+000" type="0"/>
    <Peak1D F1="1.872630" intensity="4.700563e+000" type="0"/>
    <Peak1D F1="1.860600" intensity="5.939729e-001" type="0"/>
    <Peak1D F1="1.850354" intensity="3.487857e-001" type="0"/>
    <Peak1D F1="1.842581" intensity="3.087778e-001" type="0"/>
    <Peak1D F1="1.834187" intensity="1.509155e-001" type="0"/>
    <Peak1D F1="1.823383" intensity="1.074011e-001" type="0"/>
    <Peak1D F1="1.775236" intensity="2.210806e-002" type="0"/>
    <Peak1D F1="1.761494" intensity="3.475033e-002" type="0"/>
    <Peak1D F1="1.742033" intensity="6.834912e-002" type="0"/>
    <Peak1D F1="1.724921" intensity="9.348961e-002" type="0"/>
    <Peak1D F1="1.708847" intensity="7.213817e-002" type="0"/>
    <Peak1D F1="1.689371" intensity="7.341442e-002" type="0"/>
    <Peak1D F1="1.682290" intensity="1.097044e-001" type="0"/>
    <Peak1D F1="1.665149" intensity="1.009219e-001" type="0"/>
    <Peak1D F1="1.657640" intensity="1.060084e-001" type="0"/>
    <Peak1D F1="1.643556" intensity="9.212512e-002" type="0"/>
    <Peak1D F1="1.632906" intensity="6.834681e-002" type="0"/>
    <Peak1D F1="1.622243" intensity="4.999943e-002" type="0"/>
    <Peak1D F1="1.518899" intensity="5.060502e-001" type="0"/>
    <Peak1D F1="1.485212" intensity="1.125968e-001" type="0"/>
    <Peak1D F1="1.471978" intensity="7.917586e-002" type="0"/>
    <Peak1D F1="1.454737" intensity="5.298161e-002" type="0"/>
    <Peak1D F1="1.358259" intensity="1.673380e-002" type="0"/>
    <Peak1D F1="1.234708" intensity="1.680597e-001" type="0"/>
    <Peak1D F1="1.206896" intensity="4.290231e-001" type="0"/>
    <Peak1D F1="1.195514" intensity="4.269965e-001" type="0"/>
    <Peak1D F1="1.189186" intensity="6.463427e-001" type="0"/>
    <Peak1D F1="1.171317" intensity="2.199790e-001" type="0"/>
    <Peak1D F1="1.028175" intensity="1.076028e-002" type="0"/>
    <Peak1D F1="0.993581" intensity="1.209623e-002" type="0"/>
    <Peak1D F1="0.967233" intensity="1.296845e-002" type="0"/>
    <Peak1D F1="0.959655" intensity="1.271375e-002" type="0"/>
    <Peak1D F1="0.937962" intensity="9.672558e-003" type="0"/>
    <Peak1D F1="0.931096" intensity="1.309577e-002" type="0"/>
    <Peak1D F1="0.926710" intensity="1.205387e-002" type="0"/>
    <Peak1D F1="0.904555" intensity="1.274852e-002" type="0"/>
    <Peak1D F1="0.887876" intensity="1.312739e-002" type="0"/>
    <Peak1D F1="0.862876" intensity="1.901990e-002" type="0"/>
    <Peak1D F1="0.830538" intensity="2.338180e-001" type="0"/>
    <Peak1D F1="0.813751" intensity="6.112643e-001" type="0"/>
    <Peak1D F1="0.796348" intensity="2.586409e-001" type="0"/>
    <Peak1D F1="0.763577" intensity="2.407430e-002" type="0"/>
    <Peak1D F1="0.671177" intensity="6.739026e-003" type="0"/>
    <Peak1D F1="0.657075" intensity="7.443394e-003" type="0"/>
    <Peak1D F1="0.641992" intensity="8.977883e-003" type="0"/>
    <Peak1D F1="0.622672" intensity="6.699726e-003" type="0"/>
    <Peak1D F1="0.614324" intensity="7.584715e-003" type="0"/>
    <Peak1D F1="0.318367" intensity="7.704414e-003" type="0"/>
    <Peak1D F1="0.016752" intensity="9.452909e-003" type="0"/>
    <Peak1D F1="-0.000152" intensity="2.309858e-001" type="0"/>
    <Peak1D F1="-0.050213" intensity="7.422919e-003" type="0"/>
  </PeakList1D>
</PeakList>
