<?xml version="1.0" encoding="UTF-8"?>
<PeakList>
  <PeakList1D>
    <PeakList1DHeader creator="nmr" date="2021-10-21T09:22:52.356+03:00" expNo="10" name="ID_447_B" owner="" procNo="1" source="//132.72.8.180/400b/Milo/Milo">
      <PeakPickDetails>F1=16.110600ppm, F2=-3.918446ppm, MI=0.00cm, MAXI=10000.00cm, PC=1.000
      </PeakPickDetails>
    </PeakList1DHeader>
    <Peak1D F1="10.302649" intensity="7.861524e-003" type="0"/>
    <Peak1D F1="10.246468" intensity="1.146829e-003" type="0"/>
    <Peak1D F1="10.131690" intensity="2.297996e-002" type="0"/>
    <Peak1D F1="10.112913" intensity="1.340686e-002" type="0"/>
    <Peak1D F1="10.081648" intensity="1.407597e+000" type="0"/>
    <Peak1D F1="10.049791" intensity="7.065402e-003" type="0"/>
    <Peak1D F1="10.031653" intensity="2.156127e-002" type="0"/>
    <Peak1D F1="9.855002" intensity="7.889728e-003" type="0"/>
    <Peak1D F1="8.851191" intensity="1.235980e-003" type="0"/>
    <Peak1D F1="8.716814" intensity="1.341513e-003" type="0"/>
    <Peak1D F1="8.613169" intensity="2.255772e-003" type="0"/>
    <Peak1D F1="8.542579" intensity="5.275400e-003" type="0"/>
    <Peak1D F1="8.536591" intensity="5.753431e-003" type="0"/>
    <Peak1D F1="8.519775" intensity="5.544393e-003" type="0"/>
    <Peak1D F1="8.498073" intensity="3.131276e-003" type="0"/>
    <Peak1D F1="8.464101" intensity="4.066831e-003" type="0"/>
    <Peak1D F1="8.378026" intensity="2.292648e-002" type="0"/>
    <Peak1D F1="8.355917" intensity="3.047382e-002" type="0"/>
    <Peak1D F1="8.327826" intensity="9.470094e-001" type="0"/>
    <Peak1D F1="8.323554" intensity="3.485582e-001" type="0"/>
    <Peak1D F1="8.310179" intensity="3.777138e-001" type="0"/>
    <Peak1D F1="8.306108" intensity="1.081105e+000" type="0"/>
    <Peak1D F1="8.277716" intensity="3.009755e-002" type="0"/>
    <Peak1D F1="8.272860" intensity="2.625855e-002" type="0"/>
    <Peak1D F1="8.255987" intensity="5.567585e-002" type="0"/>
    <Peak1D F1="8.249017" intensity="4.623739e-002" type="0"/>
    <Peak1D F1="8.227013" intensity="4.591139e-002" type="0"/>
    <Peak1D F1="8.221149" intensity="4.567456e-002" type="0"/>
    <Peak1D F1="8.205999" intensity="1.487117e-001" type="0"/>
    <Peak1D F1="8.189319" intensity="1.221460e-001" type="0"/>
    <Peak1D F1="8.184148" intensity="1.751018e-001" type="0"/>
    <Peak1D F1="8.178099" intensity="6.736820e-002" type="0"/>
    <Peak1D F1="8.172458" intensity="8.156663e-002" type="0"/>
    <Peak1D F1="8.167742" intensity="9.392321e-002" type="0"/>
    <Peak1D F1="8.145335" intensity="4.351110e-001" type="0"/>
    <Peak1D F1="8.139665" intensity="2.671830e+000" type="0"/>
    <Peak1D F1="8.135021" intensity="9.574649e-001" type="0"/>
    <Peak1D F1="8.129081" intensity="4.496413e-001" type="0"/>
    <Peak1D F1="8.122441" intensity="1.027933e+000" type="0"/>
    <Peak1D F1="8.117730" intensity="2.816125e+000" type="0"/>
    <Peak1D F1="8.111960" intensity="4.765871e-001" type="0"/>
    <Peak1D F1="8.107581" intensity="3.296270e-001" type="0"/>
    <Peak1D F1="8.089602" intensity="6.895061e-002" type="0"/>
    <Peak1D F1="8.067717" intensity="6.977077e-002" type="0"/>
    <Peak1D F1="8.058269" intensity="3.116167e-002" type="0"/>
    <Peak1D F1="8.042169" intensity="6.044449e-002" type="0"/>
    <Peak1D F1="8.031647" intensity="3.464085e-002" type="0"/>
    <Peak1D F1="8.018816" intensity="2.281656e-001" type="0"/>
    <Peak1D F1="8.013774" intensity="1.245838e+000" type="0"/>
    <Peak1D F1="8.008949" intensity="3.974547e-001" type="0"/>
    <Peak1D F1="7.996545" intensity="4.382496e-001" type="0"/>
    <Peak1D F1="7.991908" intensity="1.139019e+000" type="0"/>
    <Peak1D F1="7.986941" intensity="2.839693e-001" type="0"/>
    <Peak1D F1="7.971058" intensity="8.873739e-002" type="0"/>
    <Peak1D F1="7.941308" intensity="8.400800e-002" type="0"/>
    <Peak1D F1="7.920365" intensity="1.352079e-001" type="0"/>
    <Peak1D F1="7.901611" intensity="1.102417e-001" type="0"/>
    <Peak1D F1="7.885581" intensity="2.158591e-002" type="0"/>
    <Peak1D F1="7.858552" intensity="5.356990e-003" type="0"/>
    <Peak1D F1="7.822778" intensity="2.818496e-003" type="0"/>
    <Peak1D F1="7.803170" intensity="7.704255e-003" type="0"/>
    <Peak1D F1="7.784789" intensity="6.933361e-003" type="0"/>
    <Peak1D F1="7.779329" intensity="7.904775e-003" type="0"/>
    <Peak1D F1="7.704567" intensity="1.813080e-002" type="0"/>
    <Peak1D F1="7.682152" intensity="4.721946e-002" type="0"/>
    <Peak1D F1="7.662264" intensity="4.791511e-002" type="0"/>
    <Peak1D F1="7.652771" intensity="4.307698e-002" type="0"/>
    <Peak1D F1="7.641228" intensity="6.040204e-002" type="0"/>
    <Peak1D F1="7.621517" intensity="1.390607e-001" type="0"/>
    <Peak1D F1="7.602807" intensity="1.168021e-001" type="0"/>
    <Peak1D F1="7.581228" intensity="3.576035e-002" type="0"/>
    <Peak1D F1="7.569467" intensity="2.651472e-002" type="0"/>
    <Peak1D F1="7.555614" intensity="4.990586e-002" type="0"/>
    <Peak1D F1="7.549692" intensity="1.320708e-001" type="0"/>
    <Peak1D F1="7.527731" intensity="1.412221e-001" type="0"/>
    <Peak1D F1="7.521690" intensity="1.119445e-001" type="0"/>
    <Peak1D F1="7.516311" intensity="1.719189e-001" type="0"/>
    <Peak1D F1="7.500134" intensity="1.556534e-001" type="0"/>
    <Peak1D F1="7.494484" intensity="1.825065e-001" type="0"/>
    <Peak1D F1="7.477531" intensity="4.606332e-001" type="0"/>
    <Peak1D F1="7.472065" intensity="2.594017e+000" type="0"/>
    <Peak1D F1="7.450261" intensity="2.493776e+000" type="0"/>
    <Peak1D F1="7.444497" intensity="4.055959e-001" type="0"/>
    <Peak1D F1="7.438323" intensity="1.834552e-001" type="0"/>
    <Peak1D F1="7.433117" intensity="2.184118e-001" type="0"/>
    <Peak1D F1="7.417944" intensity="1.399092e-001" type="0"/>
    <Peak1D F1="7.400011" intensity="9.056861e-002" type="0"/>
    <Peak1D F1="7.369867" intensity="1.240235e-002" type="0"/>
    <Peak1D F1="7.351885" intensity="1.507405e-002" type="0"/>
    <Peak1D F1="7.330445" intensity="1.433469e-002" type="0"/>
    <Peak1D F1="7.309868" intensity="1.760192e-002" type="0"/>
    <Peak1D F1="7.304069" intensity="1.546279e-002" type="0"/>
    <Peak1D F1="7.291271" intensity="9.773103e-003" type="0"/>
    <Peak1D F1="7.281741" intensity="8.950992e-003" type="0"/>
    <Peak1D F1="7.264723" intensity="1.519184e-002" type="0"/>
    <Peak1D F1="7.255176" intensity="4.924571e-002" type="0"/>
    <Peak1D F1="7.246862" intensity="1.831119e-002" type="0"/>
    <Peak1D F1="7.240764" intensity="1.626262e-002" type="0"/>
    <Peak1D F1="7.223542" intensity="2.153597e-002" type="0"/>
    <Peak1D F1="7.205259" intensity="2.914140e+000" type="0"/>
    <Peak1D F1="7.184671" intensity="5.966550e-003" type="0"/>
    <Peak1D F1="7.167935" intensity="4.260303e-003" type="0"/>
    <Peak1D F1="7.155201" intensity="4.481295e-002" type="0"/>
    <Peak1D F1="7.104852" intensity="1.164799e-003" type="0"/>
    <Peak1D F1="7.061708" intensity="1.320782e-003" type="0"/>
    <Peak1D F1="6.985291" intensity="2.109589e-003" type="0"/>
    <Peak1D F1="6.940898" intensity="1.631700e-002" type="0"/>
    <Peak1D F1="6.920876" intensity="1.161880e-003" type="0"/>
    <Peak1D F1="6.797236" intensity="2.341568e-003" type="0"/>
    <Peak1D F1="6.738080" intensity="5.773720e-003" type="0"/>
    <Peak1D F1="6.503602" intensity="2.347673e-003" type="0"/>
    <Peak1D F1="6.400074" intensity="1.986950e-003" type="0"/>
    <Peak1D F1="6.319215" intensity="2.439615e-003" type="0"/>
    <Peak1D F1="6.254292" intensity="1.492649e-003" type="0"/>
    <Peak1D F1="6.232290" intensity="2.653981e-003" type="0"/>
    <Peak1D F1="6.208447" intensity="8.337990e-003" type="0"/>
    <Peak1D F1="6.203164" intensity="1.462146e-002" type="0"/>
    <Peak1D F1="6.197913" intensity="9.159198e-003" type="0"/>
    <Peak1D F1="6.108901" intensity="1.237244e-002" type="0"/>
    <Peak1D F1="6.101515" intensity="8.108269e-003" type="0"/>
    <Peak1D F1="6.054531" intensity="1.009990e-001" type="0"/>
    <Peak1D F1="6.004617" intensity="5.230303e+000" type="0"/>
    <Peak1D F1="5.984354" intensity="1.683494e-002" type="0"/>
    <Peak1D F1="5.966900" intensity="1.159143e-002" type="0"/>
    <Peak1D F1="5.954576" intensity="8.570352e-002" type="0"/>
    <Peak1D F1="5.927269" intensity="6.568272e-002" type="0"/>
    <Peak1D F1="5.915052" intensity="6.520997e-002" type="0"/>
    <Peak1D F1="5.863211" intensity="8.030291e-003" type="0"/>
    <Peak1D F1="5.808167" intensity="1.590117e-002" type="0"/>
    <Peak1D F1="5.802987" intensity="2.099187e-002" type="0"/>
    <Peak1D F1="5.797679" intensity="1.339750e-002" type="0"/>
    <Peak1D F1="5.769800" intensity="7.877399e-003" type="0"/>
    <Peak1D F1="5.746537" intensity="7.492089e-003" type="0"/>
    <Peak1D F1="5.684897" intensity="6.644530e-003" type="0"/>
    <Peak1D F1="5.667253" intensity="7.727167e-003" type="0"/>
    <Peak1D F1="5.639850" intensity="7.283180e-003" type="0"/>
    <Peak1D F1="5.613232" intensity="5.696574e-003" type="0"/>
    <Peak1D F1="5.589146" intensity="6.730190e-003" type="0"/>
    <Peak1D F1="5.580270" intensity="6.045493e-003" type="0"/>
    <Peak1D F1="5.550673" intensity="5.466342e-003" type="0"/>
    <Peak1D F1="5.530124" intensity="7.047850e-003" type="0"/>
    <Peak1D F1="5.502222" intensity="5.024710e-003" type="0"/>
    <Peak1D F1="5.478327" intensity="4.206982e-003" type="0"/>
    <Peak1D F1="5.465393" intensity="5.072298e-003" type="0"/>
    <Peak1D F1="5.415599" intensity="1.091422e-001" type="0"/>
    <Peak1D F1="5.379549" intensity="6.029616e-003" type="0"/>
    <Peak1D F1="5.365885" intensity="4.612371e-003" type="0"/>
    <Peak1D F1="5.338467" intensity="6.199441e-002" type="0"/>
    <Peak1D F1="5.332162" intensity="6.046799e-002" type="0"/>
    <Peak1D F1="5.263530" intensity="4.403876e-003" type="0"/>
    <Peak1D F1="5.206877" intensity="4.039177e-003" type="0"/>
    <Peak1D F1="5.181456" intensity="2.513959e-003" type="0"/>
    <Peak1D F1="5.164972" intensity="2.712648e-003" type="0"/>
    <Peak1D F1="5.062103" intensity="2.114369e-003" type="0"/>
    <Peak1D F1="5.007202" intensity="4.142620e-003" type="0"/>
    <Peak1D F1="4.987536" intensity="4.050312e-003" type="0"/>
    <Peak1D F1="4.975040" intensity="9.690164e-003" type="0"/>
    <Peak1D F1="4.952398" intensity="9.420196e-003" type="0"/>
    <Peak1D F1="4.916096" intensity="6.978184e-003" type="0"/>
    <Peak1D F1="4.895034" intensity="1.206537e-002" type="0"/>
    <Peak1D F1="4.875004" intensity="1.149926e-002" type="0"/>
    <Peak1D F1="4.863878" intensity="1.113748e-002" type="0"/>
    <Peak1D F1="4.845518" intensity="3.086532e-002" type="0"/>
    <Peak1D F1="4.822887" intensity="3.767649e-002" type="0"/>
    <Peak1D F1="4.795697" intensity="1.339710e+000" type="0"/>
    <Peak1D F1="4.773174" intensity="1.364821e+000" type="0"/>
    <Peak1D F1="4.745414" intensity="7.751084e-002" type="0"/>
    <Peak1D F1="4.704400" intensity="3.486806e-001" type="0"/>
    <Peak1D F1="4.612036" intensity="2.044379e-002" type="0"/>
    <Peak1D F1="4.590108" intensity="1.435596e-002" type="0"/>
    <Peak1D F1="4.538762" intensity="6.653309e-003" type="0"/>
    <Peak1D F1="4.523512" intensity="5.108369e-003" type="0"/>
    <Peak1D F1="4.512424" intensity="5.889575e-003" type="0"/>
    <Peak1D F1="4.409708" intensity="1.243350e-003" type="0"/>
    <Peak1D F1="4.327099" intensity="1.157284e-003" type="0"/>
    <Peak1D F1="4.295157" intensity="1.896904e-003" type="0"/>
    <Peak1D F1="4.283891" intensity="1.563616e-003" type="0"/>
    <Peak1D F1="4.273260" intensity="1.560431e-003" type="0"/>
    <Peak1D F1="4.052203" intensity="1.807835e-003" type="0"/>
    <Peak1D F1="4.028602" intensity="2.130307e-003" type="0"/>
    <Peak1D F1="3.917135" intensity="3.177888e-003" type="0"/>
    <Peak1D F1="3.866224" intensity="8.212201e-002" type="0"/>
    <Peak1D F1="3.842123" intensity="3.993827e-003" type="0"/>
    <Peak1D F1="3.817200" intensity="5.615469e-003" type="0"/>
    <Peak1D F1="3.798638" intensity="2.365240e-002" type="0"/>
    <Peak1D F1="3.785941" intensity="1.170170e-002" type="0"/>
    <Peak1D F1="3.772077" intensity="1.325287e-002" type="0"/>
    <Peak1D F1="3.738687" intensity="2.469663e-001" type="0"/>
    <Peak1D F1="3.688812" intensity="1.500000e+001" type="0"/>
    <Peak1D F1="3.668511" intensity="6.059547e-002" type="0"/>
    <Peak1D F1="3.651237" intensity="3.046116e-002" type="0"/>
    <Peak1D F1="3.638741" intensity="2.546400e-001" type="0"/>
    <Peak1D F1="3.601069" intensity="4.700818e-003" type="0"/>
    <Peak1D F1="3.588695" intensity="6.023450e-003" type="0"/>
    <Peak1D F1="3.577791" intensity="3.521657e-003" type="0"/>
    <Peak1D F1="3.556228" intensity="3.400970e-003" type="0"/>
    <Peak1D F1="3.538752" intensity="2.614646e-003" type="0"/>
    <Peak1D F1="3.506511" intensity="8.248697e-002" type="0"/>
    <Peak1D F1="3.492867" intensity="2.727175e-003" type="0"/>
    <Peak1D F1="3.469678" intensity="1.473989e-003" type="0"/>
    <Peak1D F1="3.456620" intensity="2.391717e-003" type="0"/>
    <Peak1D F1="3.395373" intensity="1.422888e-003" type="0"/>
    <Peak1D F1="3.184181" intensity="3.465182e-003" type="0"/>
    <Peak1D F1="3.124504" intensity="2.597922e-003" type="0"/>
    <Peak1D F1="3.069947" intensity="2.404110e-003" type="0"/>
    <Peak1D F1="2.954718" intensity="1.312900e-002" type="0"/>
    <Peak1D F1="2.947379" intensity="1.379480e-002" type="0"/>
    <Peak1D F1="2.937165" intensity="1.672167e-002" type="0"/>
    <Peak1D F1="2.929500" intensity="1.663109e-002" type="0"/>
    <Peak1D F1="2.919108" intensity="1.267888e-002" type="0"/>
    <Peak1D F1="2.912009" intensity="1.268594e-002" type="0"/>
    <Peak1D F1="2.867254" intensity="6.734406e-003" type="0"/>
    <Peak1D F1="2.849546" intensity="6.500647e-003" type="0"/>
    <Peak1D F1="2.832827" intensity="7.004529e-003" type="0"/>
    <Peak1D F1="2.809772" intensity="6.002171e-003" type="0"/>
    <Peak1D F1="2.790445" intensity="1.621735e-002" type="0"/>
    <Peak1D F1="2.777935" intensity="1.803131e-002" type="0"/>
    <Peak1D F1="2.765590" intensity="2.197399e-002" type="0"/>
    <Peak1D F1="2.744208" intensity="1.702732e-002" type="0"/>
    <Peak1D F1="2.731652" intensity="1.530080e-002" type="0"/>
    <Peak1D F1="2.677990" intensity="4.983287e-003" type="0"/>
    <Peak1D F1="2.658094" intensity="3.598352e-003" type="0"/>
    <Peak1D F1="2.626930" intensity="7.870544e-003" type="0"/>
    <Peak1D F1="2.607873" intensity="5.965014e-003" type="0"/>
    <Peak1D F1="2.591932" intensity="6.741799e-003" type="0"/>
    <Peak1D F1="2.557475" intensity="6.787280e-003" type="0"/>
    <Peak1D F1="2.538793" intensity="6.691772e-003" type="0"/>
    <Peak1D F1="2.514304" intensity="6.377180e-003" type="0"/>
    <Peak1D F1="2.461482" intensity="1.748179e-002" type="0"/>
    <Peak1D F1="2.421705" intensity="2.155422e-001" type="0"/>
    <Peak1D F1="2.415812" intensity="2.315665e-001" type="0"/>
    <Peak1D F1="2.402171" intensity="2.467016e-001" type="0"/>
    <Peak1D F1="2.396175" intensity="2.460999e-001" type="0"/>
    <Peak1D F1="2.392027" intensity="1.756402e-001" type="0"/>
    <Peak1D F1="2.372812" intensity="3.785631e-001" type="0"/>
    <Peak1D F1="2.368995" intensity="3.584294e-001" type="0"/>
    <Peak1D F1="2.364587" intensity="3.544426e-001" type="0"/>
    <Peak1D F1="2.355521" intensity="4.932901e-001" type="0"/>
    <Peak1D F1="2.348249" intensity="4.578178e-001" type="0"/>
    <Peak1D F1="2.343603" intensity="3.033913e-001" type="0"/>
    <Peak1D F1="2.335932" intensity="4.768923e-001" type="0"/>
    <Peak1D F1="2.327861" intensity="2.916322e-001" type="0"/>
    <Peak1D F1="2.324605" intensity="2.861906e-001" type="0"/>
    <Peak1D F1="2.315150" intensity="3.164721e-001" type="0"/>
    <Peak1D F1="2.312669" intensity="3.119359e-001" type="0"/>
    <Peak1D F1="2.305113" intensity="4.309367e-001" type="0"/>
    <Peak1D F1="2.285529" intensity="2.709949e-001" type="0"/>
    <Peak1D F1="2.282295" intensity="2.312108e-001" type="0"/>
    <Peak1D F1="2.272208" intensity="7.224403e-002" type="0"/>
    <Peak1D F1="2.247930" intensity="8.123437e-002" type="0"/>
    <Peak1D F1="2.236534" intensity="4.427888e-001" type="0"/>
    <Peak1D F1="2.228861" intensity="1.070884e-001" type="0"/>
    <Peak1D F1="2.222400" intensity="1.169614e-001" type="0"/>
    <Peak1D F1="2.214445" intensity="4.958481e-001" type="0"/>
    <Peak1D F1="2.210138" intensity="5.470231e-001" type="0"/>
    <Peak1D F1="2.196177" intensity="1.230135e-001" type="0"/>
    <Peak1D F1="2.187692" intensity="6.788605e-001" type="0"/>
    <Peak1D F1="2.166091" intensity="3.768318e-001" type="0"/>
    <Peak1D F1="2.161656" intensity="3.412047e-001" type="0"/>
    <Peak1D F1="2.154514" intensity="1.076022e-001" type="0"/>
    <Peak1D F1="2.149984" intensity="9.967594e-002" type="0"/>
    <Peak1D F1="2.139054" intensity="4.505561e-001" type="0"/>
    <Peak1D F1="2.132248" intensity="1.537798e-001" type="0"/>
    <Peak1D F1="2.108415" intensity="1.710910e+000" type="0"/>
    <Peak1D F1="2.088837" intensity="5.314630e+000" type="0"/>
    <Peak1D F1="2.077250" intensity="1.442548e+000" type="0"/>
    <Peak1D F1="2.070089" intensity="2.680626e+000" type="0"/>
    <Peak1D F1="2.054368" intensity="1.890262e-001" type="0"/>
    <Peak1D F1="2.049008" intensity="1.749569e-001" type="0"/>
    <Peak1D F1="2.045175" intensity="1.660764e-001" type="0"/>
    <Peak1D F1="2.038938" intensity="1.852981e-001" type="0"/>
    <Peak1D F1="2.020272" intensity="8.972532e-002" type="0"/>
    <Peak1D F1="2.010214" intensity="6.892637e-002" type="0"/>
    <Peak1D F1="1.991675" intensity="1.010967e-001" type="0"/>
    <Peak1D F1="1.972713" intensity="2.772911e-001" type="0"/>
    <Peak1D F1="1.968266" intensity="2.265470e-001" type="0"/>
    <Peak1D F1="1.955657" intensity="2.978038e-001" type="0"/>
    <Peak1D F1="1.951269" intensity="3.919597e-001" type="0"/>
    <Peak1D F1="1.945125" intensity="4.096662e-001" type="0"/>
    <Peak1D F1="1.941167" intensity="4.667759e-001" type="0"/>
    <Peak1D F1="1.934567" intensity="4.379391e-001" type="0"/>
    <Peak1D F1="1.928621" intensity="5.391742e-001" type="0"/>
    <Peak1D F1="1.922802" intensity="6.277571e-001" type="0"/>
    <Peak1D F1="1.918768" intensity="5.889674e-001" type="0"/>
    <Peak1D F1="1.903692" intensity="2.814222e+000" type="0"/>
    <Peak1D F1="1.892597" intensity="2.272892e+000" type="0"/>
    <Peak1D F1="1.884114" intensity="5.552690e+000" type="0"/>
    <Peak1D F1="1.875272" intensity="2.003105e+000" type="0"/>
    <Peak1D F1="1.873289" intensity="2.062269e+000" type="0"/>
    <Peak1D F1="1.864696" intensity="1.769589e+000" type="0"/>
    <Peak1D F1="1.852776" intensity="2.708759e-001" type="0"/>
    <Peak1D F1="1.842639" intensity="1.811298e-001" type="0"/>
    <Peak1D F1="1.834319" intensity="1.783449e-001" type="0"/>
    <Peak1D F1="1.824908" intensity="1.073173e-001" type="0"/>
    <Peak1D F1="1.815109" intensity="9.730952e-002" type="0"/>
    <Peak1D F1="1.803232" intensity="7.768971e-002" type="0"/>
    <Peak1D F1="1.793742" intensity="7.110436e-002" type="0"/>
    <Peak1D F1="1.786577" intensity="7.682621e-002" type="0"/>
    <Peak1D F1="1.771858" intensity="6.193704e-002" type="0"/>
    <Peak1D F1="1.764602" intensity="6.072731e-002" type="0"/>
    <Peak1D F1="1.753192" intensity="5.697837e-002" type="0"/>
    <Peak1D F1="1.737708" intensity="1.433825e-001" type="0"/>
    <Peak1D F1="1.721748" intensity="2.045241e-001" type="0"/>
    <Peak1D F1="1.716538" intensity="1.765191e-001" type="0"/>
    <Peak1D F1="1.709593" intensity="2.215113e-001" type="0"/>
    <Peak1D F1="1.700800" intensity="2.353597e-001" type="0"/>
    <Peak1D F1="1.693984" intensity="4.518256e-001" type="0"/>
    <Peak1D F1="1.689961" intensity="3.957144e-001" type="0"/>
    <Peak1D F1="1.675523" intensity="6.012777e-001" type="0"/>
    <Peak1D F1="1.673379" intensity="5.999632e-001" type="0"/>
    <Peak1D F1="1.667087" intensity="6.307033e-001" type="0"/>
    <Peak1D F1="1.654268" intensity="7.077273e-001" type="0"/>
    <Peak1D F1="1.652342" intensity="6.890431e-001" type="0"/>
    <Peak1D F1="1.645820" intensity="4.342721e-001" type="0"/>
    <Peak1D F1="1.640620" intensity="4.795696e-001" type="0"/>
    <Peak1D F1="1.636358" intensity="5.163745e-001" type="0"/>
    <Peak1D F1="1.624936" intensity="3.044343e-001" type="0"/>
    <Peak1D F1="1.620644" intensity="2.140257e-001" type="0"/>
    <Peak1D F1="1.616580" intensity="1.834812e-001" type="0"/>
    <Peak1D F1="1.609528" intensity="1.519222e-001" type="0"/>
    <Peak1D F1="1.591352" intensity="4.935343e-002" type="0"/>
    <Peak1D F1="1.581521" intensity="5.291620e-002" type="0"/>
    <Peak1D F1="1.564658" intensity="4.545613e-002" type="0"/>
    <Peak1D F1="1.550534" intensity="4.643010e-002" type="0"/>
    <Peak1D F1="1.539631" intensity="6.372257e-002" type="0"/>
    <Peak1D F1="1.531914" intensity="1.956885e-001" type="0"/>
    <Peak1D F1="1.520604" intensity="1.109516e-001" type="0"/>
    <Peak1D F1="1.515478" intensity="1.529976e-001" type="0"/>
    <Peak1D F1="1.506877" intensity="1.679274e-001" type="0"/>
    <Peak1D F1="1.497439" intensity="4.019608e-001" type="0"/>
    <Peak1D F1="1.480103" intensity="4.758955e-001" type="0"/>
    <Peak1D F1="1.467384" intensity="3.431903e-001" type="0"/>
    <Peak1D F1="1.450722" intensity="3.885039e-001" type="0"/>
    <Peak1D F1="1.432354" intensity="1.325888e-001" type="0"/>
    <Peak1D F1="1.421168" intensity="9.845585e-002" type="0"/>
    <Peak1D F1="1.404678" intensity="1.961623e-002" type="0"/>
    <Peak1D F1="1.380966" intensity="1.248929e-002" type="0"/>
    <Peak1D F1="1.369246" intensity="1.312251e-002" type="0"/>
    <Peak1D F1="1.336577" intensity="1.118589e-002" type="0"/>
    <Peak1D F1="1.319560" intensity="1.080576e-002" type="0"/>
    <Peak1D F1="1.306568" intensity="9.646064e-003" type="0"/>
    <Peak1D F1="1.289588" intensity="9.289582e-003" type="0"/>
    <Peak1D F1="1.224096" intensity="1.575280e-002" type="0"/>
    <Peak1D F1="1.195478" intensity="2.031193e-002" type="0"/>
    <Peak1D F1="1.178071" intensity="5.228338e-002" type="0"/>
    <Peak1D F1="1.160669" intensity="1.723496e-002" type="0"/>
    <Peak1D F1="1.144728" intensity="1.069576e-002" type="0"/>
    <Peak1D F1="1.124456" intensity="6.723175e-003" type="0"/>
    <Peak1D F1="1.076637" intensity="5.380398e-003" type="0"/>
    <Peak1D F1="1.037735" intensity="5.877196e-003" type="0"/>
    <Peak1D F1="0.978260" intensity="3.471516e-003" type="0"/>
    <Peak1D F1="0.943331" intensity="3.351165e-003" type="0"/>
    <Peak1D F1="0.870516" intensity="3.245468e-003" type="0"/>
    <Peak1D F1="0.839954" intensity="3.554746e-003" type="0"/>
    <Peak1D F1="0.799951" intensity="1.277038e-002" type="0"/>
    <Peak1D F1="0.789872" intensity="1.306333e-002" type="0"/>
    <Peak1D F1="0.770646" intensity="2.801337e-002" type="0"/>
    <Peak1D F1="0.751670" intensity="3.418669e-002" type="0"/>
    <Peak1D F1="0.732981" intensity="2.309958e-002" type="0"/>
    <Peak1D F1="0.713727" intensity="7.623631e-003" type="0"/>
    <Peak1D F1="0.690235" intensity="2.518630e-003" type="0"/>
    <Peak1D F1="0.656547" intensity="2.406752e-003" type="0"/>
    <Peak1D F1="0.642348" intensity="2.322011e-003" type="0"/>
    <Peak1D F1="0.605553" intensity="2.169788e-003" type="0"/>
    <Peak1D F1="0.585394" intensity="2.202902e-003" type="0"/>
    <Peak1D F1="0.513038" intensity="1.678418e-003" type="0"/>
    <Peak1D F1="0.475505" intensity="1.695111e-003" type="0"/>
    <Peak1D F1="0.456570" intensity="1.796732e-003" type="0"/>
    <Peak1D F1="0.431759" intensity="1.788513e-003" type="0"/>
    <Peak1D F1="0.363280" intensity="1.876147e-003" type="0"/>
    <Peak1D F1="0.324596" intensity="1.545805e-003" type="0"/>
    <Peak1D F1="0.307942" intensity="1.523785e-003" type="0"/>
    <Peak1D F1="0.297672" intensity="1.390522e-003" type="0"/>
    <Peak1D F1="0.264591" intensity="1.285686e-003" type="0"/>
    <Peak1D F1="0.224999" intensity="1.166492e-003" type="0"/>
    <Peak1D F1="0.184857" intensity="1.458235e-003" type="0"/>
    <Peak1D F1="0.146487" intensity="1.388815e-003" type="0"/>
    <Peak1D F1="0.081107" intensity="1.358809e-003" type="0"/>
    <Peak1D F1="0.049909" intensity="2.852960e-003" type="0"/>
    <Peak1D F1="0.008806" intensity="6.542272e-003" type="0"/>
    <Peak1D F1="-0.000157" intensity="1.339846e-001" type="0"/>
    <Peak1D F1="-0.009377" intensity="5.822778e-003" type="0"/>
    <Peak1D F1="-0.026721" intensity="1.890845e-003" type="0"/>
    <Peak1D F1="-0.050363" intensity="2.697609e-003" type="0"/>
    <Peak1D F1="-0.063564" intensity="1.211478e-003" type="0"/>
    <Peak1D F1="-0.135559" intensity="1.223089e-003" type="0"/>
    <Peak1D F1="-0.148725" intensity="1.423472e-003" type="0"/>
    <Peak1D F1="-3.307924" intensity="1.254874e-003" type="0"/>
    <Peak1D F1="-3.709405" intensity="1.116283e-003" type="0"/>
  </PeakList1D>
</PeakList>
