<?xml version="1.0" encoding="UTF-8"?>
<PeakList>
  <PeakList1D>
    <PeakList1DHeader creator="nmr" date="2021-08-06T17:32:02.271+03:00" expNo="20" name="ID_422_k" owner="" procNo="1" source="//132.72.8.180/400b/Milo/Milo">
      <PeakPickDetails>F1=16.156231ppm, F2=-3.872815ppm, MI=0.00cm, MAXI=10000.00cm, PC=1.000
      </PeakPickDetails>
    </PeakList1DHeader>
    <Peak1D F1="16.106510" intensity="1.489053e-003" type="0"/>
    <Peak1D F1="16.083311" intensity="1.734644e-003" type="0"/>
    <Peak1D F1="15.987315" intensity="1.537744e-003" type="0"/>
    <Peak1D F1="15.887821" intensity="1.428480e-003" type="0"/>
    <Peak1D F1="15.848293" intensity="1.807121e-003" type="0"/>
    <Peak1D F1="15.832541" intensity="1.504641e-003" type="0"/>
    <Peak1D F1="15.754793" intensity="1.316535e-003" type="0"/>
    <Peak1D F1="15.680486" intensity="1.331118e-003" type="0"/>
    <Peak1D F1="15.612901" intensity="1.362567e-003" type="0"/>
    <Peak1D F1="15.570546" intensity="1.239410e-003" type="0"/>
    <Peak1D F1="12.913159" intensity="1.258885e-003" type="0"/>
    <Peak1D F1="12.526157" intensity="1.312172e-003" type="0"/>
    <Peak1D F1="12.251644" intensity="1.423908e-003" type="0"/>
    <Peak1D F1="12.120335" intensity="1.337131e-003" type="0"/>
    <Peak1D F1="11.995955" intensity="1.318200e-003" type="0"/>
    <Peak1D F1="11.941049" intensity="1.504526e-003" type="0"/>
    <Peak1D F1="11.460618" intensity="1.294693e-003" type="0"/>
    <Peak1D F1="11.259933" intensity="1.350191e-003" type="0"/>
    <Peak1D F1="11.212911" intensity="1.724732e-003" type="0"/>
    <Peak1D F1="11.147410" intensity="1.461984e-003" type="0"/>
    <Peak1D F1="10.144969" intensity="1.275042e-003" type="0"/>
    <Peak1D F1="10.136374" intensity="2.027817e-003" type="0"/>
    <Peak1D F1="10.121949" intensity="1.869188e-003" type="0"/>
    <Peak1D F1="10.115797" intensity="1.652766e-003" type="0"/>
    <Peak1D F1="10.086467" intensity="3.694858e-002" type="0"/>
    <Peak1D F1="10.074783" intensity="5.307327e-002" type="0"/>
    <Peak1D F1="10.066181" intensity="3.591310e-002" type="0"/>
    <Peak1D F1="10.037787" intensity="1.793364e-003" type="0"/>
    <Peak1D F1="8.328089" intensity="3.145416e-002" type="0"/>
    <Peak1D F1="8.315414" intensity="4.888035e-002" type="0"/>
    <Peak1D F1="8.306519" intensity="6.530242e-002" type="0"/>
    <Peak1D F1="8.294241" intensity="4.953544e-002" type="0"/>
    <Peak1D F1="8.289033" intensity="3.648748e-002" type="0"/>
    <Peak1D F1="8.284496" intensity="3.245697e-002" type="0"/>
    <Peak1D F1="8.212223" intensity="7.113612e-002" type="0"/>
    <Peak1D F1="8.200227" intensity="1.191950e-001" type="0"/>
    <Peak1D F1="8.191273" intensity="2.082774e-001" type="0"/>
    <Peak1D F1="8.179205" intensity="2.443161e-001" type="0"/>
    <Peak1D F1="8.174236" intensity="2.441159e-001" type="0"/>
    <Peak1D F1="8.170909" intensity="2.524383e-001" type="0"/>
    <Peak1D F1="8.162873" intensity="2.010758e-001" type="0"/>
    <Peak1D F1="8.158248" intensity="2.146502e-001" type="0"/>
    <Peak1D F1="8.154349" intensity="1.970813e-001" type="0"/>
    <Peak1D F1="8.134893" intensity="6.889148e-001" type="0"/>
    <Peak1D F1="8.120516" intensity="1.250573e+000" type="0"/>
    <Peak1D F1="8.113069" intensity="1.504685e+000" type="0"/>
    <Peak1D F1="8.104644" intensity="1.231808e+000" type="0"/>
    <Peak1D F1="8.099624" intensity="1.262839e+000" type="0"/>
    <Peak1D F1="8.093956" intensity="9.863165e-001" type="0"/>
    <Peak1D F1="8.041971" intensity="2.867765e-002" type="0"/>
    <Peak1D F1="8.025170" intensity="5.207346e-002" type="0"/>
    <Peak1D F1="8.020323" intensity="4.768068e-002" type="0"/>
    <Peak1D F1="8.015292" intensity="7.244396e-002" type="0"/>
    <Peak1D F1="8.007703" intensity="6.783408e-002" type="0"/>
    <Peak1D F1="8.003286" intensity="5.612830e-002" type="0"/>
    <Peak1D F1="7.998139" intensity="4.341466e-002" type="0"/>
    <Peak1D F1="7.993310" intensity="5.944981e-002" type="0"/>
    <Peak1D F1="7.905987" intensity="7.476217e-003" type="0"/>
    <Peak1D F1="7.820416" intensity="3.734467e-002" type="0"/>
    <Peak1D F1="7.810156" intensity="5.258955e-002" type="0"/>
    <Peak1D F1="7.802587" intensity="6.548991e-002" type="0"/>
    <Peak1D F1="7.791720" intensity="7.135338e-002" type="0"/>
    <Peak1D F1="7.784889" intensity="7.940619e-002" type="0"/>
    <Peak1D F1="7.776153" intensity="6.083452e-002" type="0"/>
    <Peak1D F1="7.764345" intensity="5.282555e-002" type="0"/>
    <Peak1D F1="7.735951" intensity="5.237961e-003" type="0"/>
    <Peak1D F1="7.711433" intensity="5.736654e-003" type="0"/>
    <Peak1D F1="7.673702" intensity="1.374114e-002" type="0"/>
    <Peak1D F1="7.666210" intensity="1.408553e-002" type="0"/>
    <Peak1D F1="7.650760" intensity="1.138588e-002" type="0"/>
    <Peak1D F1="7.616731" intensity="1.355687e-001" type="0"/>
    <Peak1D F1="7.612977" intensity="1.289882e-001" type="0"/>
    <Peak1D F1="7.601640" intensity="1.196023e-001" type="0"/>
    <Peak1D F1="7.595433" intensity="1.406160e-001" type="0"/>
    <Peak1D F1="7.539863" intensity="1.235353e-001" type="0"/>
    <Peak1D F1="7.532906" intensity="1.827263e-001" type="0"/>
    <Peak1D F1="7.529175" intensity="1.735669e-001" type="0"/>
    <Peak1D F1="7.510856" intensity="3.554429e-001" type="0"/>
    <Peak1D F1="7.506214" intensity="2.848897e-001" type="0"/>
    <Peak1D F1="7.499362" intensity="2.985517e-001" type="0"/>
    <Peak1D F1="7.481514" intensity="1.017060e+000" type="0"/>
    <Peak1D F1="7.477811" intensity="1.022465e+000" type="0"/>
    <Peak1D F1="7.471653" intensity="1.534351e+000" type="0"/>
    <Peak1D F1="7.465124" intensity="1.475139e+000" type="0"/>
    <Peak1D F1="7.460685" intensity="1.201026e+000" type="0"/>
    <Peak1D F1="7.454528" intensity="9.368641e-001" type="0"/>
    <Peak1D F1="7.449866" intensity="1.361816e+000" type="0"/>
    <Peak1D F1="7.443293" intensity="9.684621e-001" type="0"/>
    <Peak1D F1="7.415610" intensity="9.877361e-002" type="0"/>
    <Peak1D F1="7.376843" intensity="2.874539e-002" type="0"/>
    <Peak1D F1="7.367344" intensity="2.546350e-002" type="0"/>
    <Peak1D F1="7.333643" intensity="2.285842e-002" type="0"/>
    <Peak1D F1="7.315125" intensity="5.677049e-002" type="0"/>
    <Peak1D F1="7.300091" intensity="2.994660e-001" type="0"/>
    <Peak1D F1="7.250883" intensity="1.584855e+001" type="0"/>
    <Peak1D F1="7.219176" intensity="2.469847e-002" type="0"/>
    <Peak1D F1="7.214335" intensity="3.074755e-002" type="0"/>
    <Peak1D F1="7.199805" intensity="2.718259e-001" type="0"/>
    <Peak1D F1="7.175951" intensity="8.957029e-003" type="0"/>
    <Peak1D F1="7.150727" intensity="9.520684e-003" type="0"/>
    <Peak1D F1="7.130515" intensity="1.602500e-003" type="0"/>
    <Peak1D F1="7.119789" intensity="2.196088e-003" type="0"/>
    <Peak1D F1="7.081225" intensity="3.447015e-003" type="0"/>
    <Peak1D F1="7.057495" intensity="4.191138e-003" type="0"/>
    <Peak1D F1="7.036962" intensity="1.088888e-002" type="0"/>
    <Peak1D F1="6.985643" intensity="1.909859e-001" type="0"/>
    <Peak1D F1="6.978547" intensity="1.474300e-001" type="0"/>
    <Peak1D F1="6.963470" intensity="1.282316e-001" type="0"/>
    <Peak1D F1="6.949196" intensity="1.201258e-001" type="0"/>
    <Peak1D F1="6.905887" intensity="9.150502e-002" type="0"/>
    <Peak1D F1="6.888343" intensity="1.339376e-001" type="0"/>
    <Peak1D F1="6.801381" intensity="2.000067e-003" type="0"/>
    <Peak1D F1="6.762723" intensity="3.543318e-003" type="0"/>
    <Peak1D F1="6.705040" intensity="1.999905e-003" type="0"/>
    <Peak1D F1="6.188959" intensity="5.177592e-003" type="0"/>
    <Peak1D F1="6.107870" intensity="3.627468e-003" type="0"/>
    <Peak1D F1="6.097111" intensity="5.291436e-003" type="0"/>
    <Peak1D F1="6.086744" intensity="7.394624e-003" type="0"/>
    <Peak1D F1="6.079148" intensity="6.367073e-003" type="0"/>
    <Peak1D F1="6.053686" intensity="4.253707e-002" type="0"/>
    <Peak1D F1="6.030321" intensity="4.400393e-002" type="0"/>
    <Peak1D F1="6.003621" intensity="1.038802e+000" type="0"/>
    <Peak1D F1="5.990758" intensity="1.463446e+000" type="0"/>
    <Peak1D F1="5.986643" intensity="8.167956e-001" type="0"/>
    <Peak1D F1="5.984056" intensity="8.735202e-001" type="0"/>
    <Peak1D F1="5.980857" intensity="1.076922e+000" type="0"/>
    <Peak1D F1="5.954492" intensity="4.003199e-002" type="0"/>
    <Peak1D F1="5.940824" intensity="2.504195e-002" type="0"/>
    <Peak1D F1="5.930943" intensity="3.448800e-002" type="0"/>
    <Peak1D F1="5.780984" intensity="8.003484e-002" type="0"/>
    <Peak1D F1="5.775020" intensity="7.836683e-002" type="0"/>
    <Peak1D F1="5.637372" intensity="2.678397e-002" type="0"/>
    <Peak1D F1="5.628730" intensity="4.404258e-002" type="0"/>
    <Peak1D F1="5.610582" intensity="3.294668e-002" type="0"/>
    <Peak1D F1="5.602057" intensity="4.444743e-002" type="0"/>
    <Peak1D F1="5.557773" intensity="2.111747e-003" type="0"/>
    <Peak1D F1="5.530196" intensity="1.970525e-003" type="0"/>
    <Peak1D F1="5.438270" intensity="7.676402e-002" type="0"/>
    <Peak1D F1="5.407812" intensity="3.779554e-002" type="0"/>
    <Peak1D F1="5.378965" intensity="1.187069e-002" type="0"/>
    <Peak1D F1="5.364194" intensity="1.276407e-002" type="0"/>
    <Peak1D F1="5.323693" intensity="1.810170e-001" type="0"/>
    <Peak1D F1="5.316489" intensity="2.131438e-001" type="0"/>
    <Peak1D F1="5.280700" intensity="3.263441e-003" type="0"/>
    <Peak1D F1="5.265282" intensity="3.671282e-003" type="0"/>
    <Peak1D F1="5.212023" intensity="2.615024e-003" type="0"/>
    <Peak1D F1="4.985756" intensity="2.069162e-003" type="0"/>
    <Peak1D F1="4.937532" intensity="6.872857e-003" type="0"/>
    <Peak1D F1="4.916829" intensity="1.052877e-002" type="0"/>
    <Peak1D F1="4.897042" intensity="4.513447e-002" type="0"/>
    <Peak1D F1="4.876071" intensity="6.963724e-002" type="0"/>
    <Peak1D F1="4.853810" intensity="3.994674e-002" type="0"/>
    <Peak1D F1="4.827522" intensity="8.573796e-001" type="0"/>
    <Peak1D F1="4.806020" intensity="8.849899e-001" type="0"/>
    <Peak1D F1="4.782680" intensity="1.659108e-002" type="0"/>
    <Peak1D F1="4.777015" intensity="1.479326e-002" type="0"/>
    <Peak1D F1="4.760693" intensity="1.263952e-002" type="0"/>
    <Peak1D F1="4.754479" intensity="1.267777e-002" type="0"/>
    <Peak1D F1="4.664935" intensity="1.883284e-003" type="0"/>
    <Peak1D F1="4.643954" intensity="6.277638e-003" type="0"/>
    <Peak1D F1="4.622956" intensity="3.757160e-003" type="0"/>
    <Peak1D F1="4.466718" intensity="1.462798e-003" type="0"/>
    <Peak1D F1="4.457938" intensity="1.308278e-003" type="0"/>
    <Peak1D F1="4.440901" intensity="1.410561e-003" type="0"/>
    <Peak1D F1="4.422342" intensity="1.852741e-003" type="0"/>
    <Peak1D F1="4.381507" intensity="2.435165e-003" type="0"/>
    <Peak1D F1="4.341158" intensity="3.103234e-003" type="0"/>
    <Peak1D F1="4.294223" intensity="4.035087e-003" type="0"/>
    <Peak1D F1="4.261073" intensity="4.632738e-003" type="0"/>
    <Peak1D F1="4.220110" intensity="5.393597e-003" type="0"/>
    <Peak1D F1="4.208634" intensity="7.397044e-003" type="0"/>
    <Peak1D F1="4.189310" intensity="7.763354e-003" type="0"/>
    <Peak1D F1="4.101557" intensity="8.492848e-003" type="0"/>
    <Peak1D F1="4.057920" intensity="1.012461e-002" type="0"/>
    <Peak1D F1="3.989913" intensity="1.233808e-002" type="0"/>
    <Peak1D F1="3.982046" intensity="1.293104e-002" type="0"/>
    <Peak1D F1="3.937334" intensity="1.441680e-002" type="0"/>
    <Peak1D F1="3.884008" intensity="2.279907e-002" type="0"/>
    <Peak1D F1="3.873039" intensity="2.701847e-002" type="0"/>
    <Peak1D F1="3.866926" intensity="3.786404e-002" type="0"/>
    <Peak1D F1="3.854277" intensity="4.140339e-002" type="0"/>
    <Peak1D F1="3.844741" intensity="3.472265e-002" type="0"/>
    <Peak1D F1="3.800405" intensity="2.940899e-002" type="0"/>
    <Peak1D F1="3.788868" intensity="3.291103e-002" type="0"/>
    <Peak1D F1="3.779023" intensity="3.153167e-002" type="0"/>
    <Peak1D F1="3.739390" intensity="1.652948e-001" type="0"/>
    <Peak1D F1="3.727777" intensity="9.677491e-002" type="0"/>
    <Peak1D F1="3.723792" intensity="8.730853e-002" type="0"/>
    <Peak1D F1="3.716857" intensity="1.157041e-001" type="0"/>
    <Peak1D F1="3.689327" intensity="3.260235e+000" type="0"/>
    <Peak1D F1="3.676886" intensity="4.569257e+000" type="0"/>
    <Peak1D F1="3.672836" intensity="2.537081e+000" type="0"/>
    <Peak1D F1="3.670385" intensity="2.709599e+000" type="0"/>
    <Peak1D F1="3.667291" intensity="3.342351e+000" type="0"/>
    <Peak1D F1="3.645056" intensity="1.516281e-001" type="0"/>
    <Peak1D F1="3.640214" intensity="2.074556e-001" type="0"/>
    <Peak1D F1="3.632760" intensity="1.688438e-001" type="0"/>
    <Peak1D F1="3.626994" intensity="1.656822e-001" type="0"/>
    <Peak1D F1="3.623224" intensity="1.475794e-001" type="0"/>
    <Peak1D F1="3.617442" intensity="1.209674e-001" type="0"/>
    <Peak1D F1="3.591833" intensity="4.397904e-002" type="0"/>
    <Peak1D F1="3.547466" intensity="3.671781e-002" type="0"/>
    <Peak1D F1="3.526185" intensity="4.692394e-002" type="0"/>
    <Peak1D F1="3.514299" intensity="4.698418e-002" type="0"/>
    <Peak1D F1="3.507066" intensity="5.856155e-002" type="0"/>
    <Peak1D F1="3.494648" intensity="5.771684e-002" type="0"/>
    <Peak1D F1="3.484656" intensity="7.231413e-002" type="0"/>
    <Peak1D F1="3.473576" intensity="7.019069e-002" type="0"/>
    <Peak1D F1="3.465351" intensity="5.728949e-002" type="0"/>
    <Peak1D F1="3.434931" intensity="3.476804e-002" type="0"/>
    <Peak1D F1="3.428174" intensity="4.037680e-002" type="0"/>
    <Peak1D F1="3.397988" intensity="3.924358e-002" type="0"/>
    <Peak1D F1="3.377805" intensity="2.662169e-001" type="0"/>
    <Peak1D F1="3.361089" intensity="3.630116e-001" type="0"/>
    <Peak1D F1="3.353102" intensity="2.518921e-001" type="0"/>
    <Peak1D F1="3.348726" intensity="2.830110e-001" type="0"/>
    <Peak1D F1="3.329374" intensity="4.041822e-002" type="0"/>
    <Peak1D F1="3.313071" intensity="3.150179e-002" type="0"/>
    <Peak1D F1="3.299865" intensity="2.847030e-002" type="0"/>
    <Peak1D F1="3.262428" intensity="2.703957e-002" type="0"/>
    <Peak1D F1="3.251984" intensity="3.004097e-002" type="0"/>
    <Peak1D F1="3.244141" intensity="2.637283e-002" type="0"/>
    <Peak1D F1="3.185800" intensity="1.594500e-002" type="0"/>
    <Peak1D F1="3.124469" intensity="1.685201e-002" type="0"/>
    <Peak1D F1="3.094266" intensity="1.033671e-002" type="0"/>
    <Peak1D F1="3.080839" intensity="8.898125e-003" type="0"/>
    <Peak1D F1="3.013001" intensity="7.328941e-003" type="0"/>
    <Peak1D F1="2.945838" intensity="2.419681e-002" type="0"/>
    <Peak1D F1="2.937229" intensity="2.538318e-002" type="0"/>
    <Peak1D F1="2.928270" intensity="2.984351e-002" type="0"/>
    <Peak1D F1="2.920782" intensity="2.139823e-002" type="0"/>
    <Peak1D F1="2.909610" intensity="1.456860e-002" type="0"/>
    <Peak1D F1="2.865907" intensity="1.889043e-003" type="0"/>
    <Peak1D F1="2.840019" intensity="2.274245e-003" type="0"/>
    <Peak1D F1="2.743956" intensity="4.036214e-002" type="0"/>
    <Peak1D F1="2.698496" intensity="1.091908e-002" type="0"/>
    <Peak1D F1="2.687389" intensity="1.576829e-002" type="0"/>
    <Peak1D F1="2.660920" intensity="2.099051e-003" type="0"/>
    <Peak1D F1="2.623694" intensity="9.343649e-003" type="0"/>
    <Peak1D F1="2.573485" intensity="1.851104e-001" type="0"/>
    <Peak1D F1="2.563105" intensity="2.834193e-001" type="0"/>
    <Peak1D F1="2.556468" intensity="2.366654e-001" type="0"/>
    <Peak1D F1="2.537036" intensity="9.137040e-002" type="0"/>
    <Peak1D F1="2.525862" intensity="9.119993e-002" type="0"/>
    <Peak1D F1="2.511706" intensity="2.244876e-001" type="0"/>
    <Peak1D F1="2.500799" intensity="2.740440e-001" type="0"/>
    <Peak1D F1="2.493941" intensity="2.189356e-001" type="0"/>
    <Peak1D F1="2.462699" intensity="2.046330e-002" type="0"/>
    <Peak1D F1="2.441203" intensity="2.746016e-002" type="0"/>
    <Peak1D F1="2.410520" intensity="1.727672e-001" type="0"/>
    <Peak1D F1="2.397696" intensity="3.234014e-001" type="0"/>
    <Peak1D F1="2.384558" intensity="4.272167e-001" type="0"/>
    <Peak1D F1="2.380771" intensity="4.343821e-001" type="0"/>
    <Peak1D F1="2.358442" intensity="6.347585e-001" type="0"/>
    <Peak1D F1="2.351592" intensity="6.585289e-001" type="0"/>
    <Peak1D F1="2.331380" intensity="8.064742e-001" type="0"/>
    <Peak1D F1="2.318477" intensity="3.848733e-001" type="0"/>
    <Peak1D F1="2.311404" intensity="4.440874e-001" type="0"/>
    <Peak1D F1="2.286180" intensity="2.872544e-001" type="0"/>
    <Peak1D F1="2.273018" intensity="4.493662e-001" type="0"/>
    <Peak1D F1="2.266138" intensity="4.005271e-001" type="0"/>
    <Peak1D F1="2.260012" intensity="4.044339e-001" type="0"/>
    <Peak1D F1="2.252039" intensity="3.370322e-001" type="0"/>
    <Peak1D F1="2.242013" intensity="2.247524e-001" type="0"/>
    <Peak1D F1="2.229102" intensity="3.177496e-001" type="0"/>
    <Peak1D F1="2.216034" intensity="3.839324e-001" type="0"/>
    <Peak1D F1="2.206047" intensity="3.102345e-001" type="0"/>
    <Peak1D F1="2.194925" intensity="2.284663e-001" type="0"/>
    <Peak1D F1="2.190820" intensity="2.217982e-001" type="0"/>
    <Peak1D F1="2.186584" intensity="2.245582e-001" type="0"/>
    <Peak1D F1="2.164534" intensity="3.383737e-001" type="0"/>
    <Peak1D F1="2.160607" intensity="3.293691e-001" type="0"/>
    <Peak1D F1="2.133405" intensity="6.378424e-001" type="0"/>
    <Peak1D F1="2.082528" intensity="1.108030e+001" type="0"/>
    <Peak1D F1="2.070407" intensity="1.319915e+001" type="0"/>
    <Peak1D F1="2.064638" intensity="1.257344e+001" type="0"/>
    <Peak1D F1="2.061331" intensity="1.184188e+001" type="0"/>
    <Peak1D F1="2.053003" intensity="7.451346e+000" type="0"/>
    <Peak1D F1="2.017419" intensity="6.098980e-001" type="0"/>
    <Peak1D F1="1.992164" intensity="2.416096e-001" type="0"/>
    <Peak1D F1="1.981198" intensity="2.199087e-001" type="0"/>
    <Peak1D F1="1.956607" intensity="4.741927e-001" type="0"/>
    <Peak1D F1="1.945300" intensity="6.182491e-001" type="0"/>
    <Peak1D F1="1.937447" intensity="8.388001e-001" type="0"/>
    <Peak1D F1="1.916966" intensity="1.580644e+000" type="0"/>
    <Peak1D F1="1.906852" intensity="4.556039e+000" type="0"/>
    <Peak1D F1="1.895742" intensity="8.755383e+000" type="0"/>
    <Peak1D F1="1.887448" intensity="1.401456e+001" type="0"/>
    <Peak1D F1="1.876511" intensity="1.500000e+001" type="0"/>
    <Peak1D F1="1.867963" intensity="1.245954e+001" type="0"/>
    <Peak1D F1="1.858794" intensity="6.308836e+000" type="0"/>
    <Peak1D F1="1.838936" intensity="1.082765e+000" type="0"/>
    <Peak1D F1="1.818496" intensity="4.764259e-001" type="0"/>
    <Peak1D F1="1.755396" intensity="1.274738e-001" type="0"/>
    <Peak1D F1="1.720672" intensity="3.126936e-001" type="0"/>
    <Peak1D F1="1.715815" intensity="3.335621e-001" type="0"/>
    <Peak1D F1="1.705363" intensity="5.040673e-001" type="0"/>
    <Peak1D F1="1.700562" intensity="5.291961e-001" type="0"/>
    <Peak1D F1="1.695786" intensity="4.920919e-001" type="0"/>
    <Peak1D F1="1.685155" intensity="7.543401e-001" type="0"/>
    <Peak1D F1="1.680916" intensity="7.346089e-001" type="0"/>
    <Peak1D F1="1.677190" intensity="6.682073e-001" type="0"/>
    <Peak1D F1="1.671539" intensity="6.453899e-001" type="0"/>
    <Peak1D F1="1.665733" intensity="6.886973e-001" type="0"/>
    <Peak1D F1="1.656433" intensity="5.734310e-001" type="0"/>
    <Peak1D F1="1.652199" intensity="5.244532e-001" type="0"/>
    <Peak1D F1="1.646608" intensity="5.077435e-001" type="0"/>
    <Peak1D F1="1.631627" intensity="4.279071e-001" type="0"/>
    <Peak1D F1="1.619964" intensity="3.581661e-001" type="0"/>
    <Peak1D F1="1.604664" intensity="2.677546e-001" type="0"/>
    <Peak1D F1="1.565891" intensity="1.543353e-001" type="0"/>
    <Peak1D F1="1.552335" intensity="1.616481e-001" type="0"/>
    <Peak1D F1="1.534349" intensity="2.501224e-001" type="0"/>
    <Peak1D F1="1.526042" intensity="2.271774e-001" type="0"/>
    <Peak1D F1="1.514832" intensity="2.637704e-001" type="0"/>
    <Peak1D F1="1.506114" intensity="3.164084e-001" type="0"/>
    <Peak1D F1="1.500972" intensity="3.195853e-001" type="0"/>
    <Peak1D F1="1.488921" intensity="3.233300e-001" type="0"/>
    <Peak1D F1="1.479848" intensity="2.882677e-001" type="0"/>
    <Peak1D F1="1.460998" intensity="2.200350e-001" type="0"/>
    <Peak1D F1="1.457488" intensity="2.042773e-001" type="0"/>
    <Peak1D F1="1.435254" intensity="8.715782e-002" type="0"/>
    <Peak1D F1="1.426887" intensity="7.867919e-002" type="0"/>
    <Peak1D F1="1.398678" intensity="4.719610e-002" type="0"/>
    <Peak1D F1="1.372174" intensity="5.427949e-002" type="0"/>
    <Peak1D F1="1.354992" intensity="5.095727e-002" type="0"/>
    <Peak1D F1="1.175634" intensity="6.945444e-002" type="0"/>
    <Peak1D F1="1.060574" intensity="1.371413e-002" type="0"/>
    <Peak1D F1="1.015441" intensity="1.260737e-002" type="0"/>
    <Peak1D F1="0.883410" intensity="9.327989e-003" type="0"/>
    <Peak1D F1="0.858784" intensity="9.287412e-003" type="0"/>
    <Peak1D F1="0.785472" intensity="2.034274e-002" type="0"/>
    <Peak1D F1="0.770949" intensity="1.993674e-002" type="0"/>
    <Peak1D F1="0.708529" intensity="7.513734e-003" type="0"/>
    <Peak1D F1="0.668419" intensity="8.580326e-003" type="0"/>
    <Peak1D F1="0.654330" intensity="8.286664e-003" type="0"/>
    <Peak1D F1="0.560624" intensity="4.376211e-003" type="0"/>
    <Peak1D F1="0.548136" intensity="4.142490e-003" type="0"/>
    <Peak1D F1="0.541161" intensity="4.390942e-003" type="0"/>
    <Peak1D F1="0.507474" intensity="4.612859e-003" type="0"/>
    <Peak1D F1="0.430539" intensity="3.902571e-003" type="0"/>
    <Peak1D F1="0.416354" intensity="3.697916e-003" type="0"/>
    <Peak1D F1="0.353591" intensity="3.207467e-003" type="0"/>
    <Peak1D F1="0.315440" intensity="3.163594e-003" type="0"/>
    <Peak1D F1="0.307478" intensity="3.320668e-003" type="0"/>
    <Peak1D F1="0.299652" intensity="3.122624e-003" type="0"/>
    <Peak1D F1="0.287451" intensity="3.264376e-003" type="0"/>
    <Peak1D F1="0.204456" intensity="2.707841e-003" type="0"/>
    <Peak1D F1="0.162989" intensity="2.499563e-003" type="0"/>
    <Peak1D F1="0.147389" intensity="2.733083e-003" type="0"/>
    <Peak1D F1="0.139054" intensity="2.607904e-003" type="0"/>
    <Peak1D F1="0.081689" intensity="2.291499e-003" type="0"/>
    <Peak1D F1="0.058240" intensity="3.227736e-003" type="0"/>
    <Peak1D F1="0.008954" intensity="5.467121e-002" type="0"/>
    <Peak1D F1="-0.000146" intensity="8.370742e-002" type="0"/>
    <Peak1D F1="-0.006736" intensity="5.618915e-002" type="0"/>
    <Peak1D F1="-0.040433" intensity="3.453915e-003" type="0"/>
    <Peak1D F1="-0.057169" intensity="3.220120e-003" type="0"/>
    <Peak1D F1="-0.067332" intensity="2.369300e-003" type="0"/>
    <Peak1D F1="-0.080238" intensity="2.384413e-003" type="0"/>
    <Peak1D F1="-0.099094" intensity="1.922269e-003" type="0"/>
    <Peak1D F1="-0.144991" intensity="2.153373e-003" type="0"/>
    <Peak1D F1="-0.201917" intensity="1.478029e-003" type="0"/>
    <Peak1D F1="-0.302044" intensity="1.252865e-003" type="0"/>
    <Peak1D F1="-0.370873" intensity="1.400214e-003" type="0"/>
    <Peak1D F1="-0.444949" intensity="1.550804e-003" type="0"/>
    <Peak1D F1="-2.980090" intensity="1.509922e-003" type="0"/>
    <Peak1D F1="-3.123313" intensity="1.290641e-003" type="0"/>
    <Peak1D F1="-3.203246" intensity="1.582214e-003" type="0"/>
    <Peak1D F1="-3.267203" intensity="1.264308e-003" type="0"/>
    <Peak1D F1="-3.310134" intensity="1.265156e-003" type="0"/>
    <Peak1D F1="-3.335647" intensity="1.371656e-003" type="0"/>
    <Peak1D F1="-3.352589" intensity="1.293677e-003" type="0"/>
    <Peak1D F1="-3.388558" intensity="1.372405e-003" type="0"/>
    <Peak1D F1="-3.492272" intensity="1.594467e-003" type="0"/>
    <Peak1D F1="-3.559782" intensity="1.835829e-003" type="0"/>
    <Peak1D F1="-3.665758" intensity="1.416345e-003" type="0"/>
    <Peak1D F1="-3.717365" intensity="1.391278e-003" type="0"/>
    <Peak1D F1="-3.757169" intensity="1.500554e-003" type="0"/>
    <Peak1D F1="-3.791340" intensity="1.419185e-003" type="0"/>
  </PeakList1D>
</PeakList>
