<?xml version="1.0" encoding="UTF-8"?>
<PeakList>
  <PeakList1D>
    <PeakList1DHeader creator="nmr" date="2021-08-06T18:02:17.915+03:00" expNo="20" name="ID_422_J" owner="" procNo="1" source="//132.72.8.180/400b/Milo/Milo">
      <PeakPickDetails>F1=16.143961ppm, F2=-3.885085ppm, MI=0.00cm, MAXI=10000.00cm, PC=1.000
      </PeakPickDetails>
    </PeakList1DHeader>
    <Peak1D F1="16.076910" intensity="1.256570e-003" type="0"/>
    <Peak1D F1="12.585073" intensity="1.363820e-003" type="0"/>
    <Peak1D F1="12.580670" intensity="1.358322e-003" type="0"/>
    <Peak1D F1="12.318427" intensity="1.418419e-003" type="0"/>
    <Peak1D F1="12.177142" intensity="1.399744e-003" type="0"/>
    <Peak1D F1="12.059883" intensity="1.359787e-003" type="0"/>
    <Peak1D F1="11.949892" intensity="1.459792e-003" type="0"/>
    <Peak1D F1="11.762363" intensity="1.409881e-003" type="0"/>
    <Peak1D F1="10.889788" intensity="1.287881e-003" type="0"/>
    <Peak1D F1="10.084513" intensity="1.962629e-002" type="0"/>
    <Peak1D F1="10.078134" intensity="2.524510e-002" type="0"/>
    <Peak1D F1="10.072025" intensity="1.382431e-002" type="0"/>
    <Peak1D F1="8.396470" intensity="1.885620e-003" type="0"/>
    <Peak1D F1="8.376822" intensity="2.417632e-003" type="0"/>
    <Peak1D F1="8.319958" intensity="2.851743e-002" type="0"/>
    <Peak1D F1="8.305096" intensity="2.537048e-002" type="0"/>
    <Peak1D F1="8.298319" intensity="2.618922e-002" type="0"/>
    <Peak1D F1="8.241955" intensity="2.428703e-002" type="0"/>
    <Peak1D F1="8.226478" intensity="9.206118e-002" type="0"/>
    <Peak1D F1="8.220081" intensity="1.250675e-001" type="0"/>
    <Peak1D F1="8.213635" intensity="1.124274e-001" type="0"/>
    <Peak1D F1="8.201318" intensity="1.916847e-001" type="0"/>
    <Peak1D F1="8.197870" intensity="1.946191e-001" type="0"/>
    <Peak1D F1="8.185742" intensity="1.908297e-001" type="0"/>
    <Peak1D F1="8.179321" intensity="1.800698e-001" type="0"/>
    <Peak1D F1="8.172580" intensity="1.533072e-001" type="0"/>
    <Peak1D F1="8.168582" intensity="1.327265e-001" type="0"/>
    <Peak1D F1="8.163715" intensity="1.451344e-001" type="0"/>
    <Peak1D F1="8.157938" intensity="1.230574e-001" type="0"/>
    <Peak1D F1="8.154006" intensity="1.288594e-001" type="0"/>
    <Peak1D F1="8.135040" intensity="1.253551e+000" type="0"/>
    <Peak1D F1="8.127402" intensity="1.663547e+000" type="0"/>
    <Peak1D F1="8.122450" intensity="1.356029e+000" type="0"/>
    <Peak1D F1="8.118373" intensity="1.595756e+000" type="0"/>
    <Peak1D F1="8.113237" intensity="1.773086e+000" type="0"/>
    <Peak1D F1="8.105420" intensity="1.825853e+000" type="0"/>
    <Peak1D F1="8.096945" intensity="1.075963e+000" type="0"/>
    <Peak1D F1="8.074652" intensity="7.542218e-002" type="0"/>
    <Peak1D F1="8.068488" intensity="6.013464e-002" type="0"/>
    <Peak1D F1="8.063386" intensity="5.273252e-002" type="0"/>
    <Peak1D F1="8.055079" intensity="2.505549e-002" type="0"/>
    <Peak1D F1="8.046630" intensity="2.511194e-002" type="0"/>
    <Peak1D F1="8.038726" intensity="1.463193e-002" type="0"/>
    <Peak1D F1="8.021319" intensity="2.894611e-002" type="0"/>
    <Peak1D F1="8.015955" intensity="4.093865e-002" type="0"/>
    <Peak1D F1="8.010492" intensity="2.726881e-002" type="0"/>
    <Peak1D F1="8.004670" intensity="1.472645e-002" type="0"/>
    <Peak1D F1="7.999144" intensity="2.535677e-002" type="0"/>
    <Peak1D F1="7.993793" intensity="3.036572e-002" type="0"/>
    <Peak1D F1="7.988621" intensity="1.885699e-002" type="0"/>
    <Peak1D F1="7.932734" intensity="1.351635e-001" type="0"/>
    <Peak1D F1="7.929374" intensity="1.457512e-001" type="0"/>
    <Peak1D F1="7.926467" intensity="1.484618e-001" type="0"/>
    <Peak1D F1="7.922592" intensity="1.666903e-001" type="0"/>
    <Peak1D F1="7.918591" intensity="1.714399e-001" type="0"/>
    <Peak1D F1="7.916363" intensity="1.721000e-001" type="0"/>
    <Peak1D F1="7.912642" intensity="1.759813e-001" type="0"/>
    <Peak1D F1="7.909271" intensity="1.473994e-001" type="0"/>
    <Peak1D F1="7.906540" intensity="1.339921e-001" type="0"/>
    <Peak1D F1="7.902870" intensity="1.022274e-001" type="0"/>
    <Peak1D F1="7.848238" intensity="8.020663e-003" type="0"/>
    <Peak1D F1="7.834633" intensity="8.737490e-003" type="0"/>
    <Peak1D F1="7.804413" intensity="6.718283e-003" type="0"/>
    <Peak1D F1="7.767343" intensity="7.173330e-002" type="0"/>
    <Peak1D F1="7.750285" intensity="8.104287e-002" type="0"/>
    <Peak1D F1="7.747324" intensity="7.910068e-002" type="0"/>
    <Peak1D F1="7.737044" intensity="1.630051e-001" type="0"/>
    <Peak1D F1="7.733551" intensity="1.849305e-001" type="0"/>
    <Peak1D F1="7.721335" intensity="1.403481e-001" type="0"/>
    <Peak1D F1="7.717207" intensity="1.970223e-001" type="0"/>
    <Peak1D F1="7.713299" intensity="1.792410e-001" type="0"/>
    <Peak1D F1="7.667586" intensity="2.907298e-002" type="0"/>
    <Peak1D F1="7.650549" intensity="1.283645e-001" type="0"/>
    <Peak1D F1="7.629749" intensity="1.070214e-001" type="0"/>
    <Peak1D F1="7.611417" intensity="3.951259e-002" type="0"/>
    <Peak1D F1="7.606635" intensity="3.926889e-002" type="0"/>
    <Peak1D F1="7.589328" intensity="4.943219e-002" type="0"/>
    <Peak1D F1="7.565122" intensity="1.477119e-001" type="0"/>
    <Peak1D F1="7.546873" intensity="1.294075e-001" type="0"/>
    <Peak1D F1="7.543735" intensity="1.441197e-001" type="0"/>
    <Peak1D F1="7.528018" intensity="1.232374e-001" type="0"/>
    <Peak1D F1="7.522563" intensity="1.499241e-001" type="0"/>
    <Peak1D F1="7.516901" intensity="1.461863e-001" type="0"/>
    <Peak1D F1="7.502177" intensity="3.537516e-001" type="0"/>
    <Peak1D F1="7.498532" intensity="3.537348e-001" type="0"/>
    <Peak1D F1="7.484334" intensity="5.005610e-001" type="0"/>
    <Peak1D F1="7.478392" intensity="1.522399e+000" type="0"/>
    <Peak1D F1="7.472769" intensity="2.158854e+000" type="0"/>
    <Peak1D F1="7.467708" intensity="1.770160e+000" type="0"/>
    <Peak1D F1="7.462265" intensity="9.843761e-001" type="0"/>
    <Peak1D F1="7.456388" intensity="1.614815e+000" type="0"/>
    <Peak1D F1="7.451371" intensity="1.971565e+000" type="0"/>
    <Peak1D F1="7.445825" intensity="1.361297e+000" type="0"/>
    <Peak1D F1="7.428818" intensity="1.466869e-001" type="0"/>
    <Peak1D F1="7.423960" intensity="1.233899e-001" type="0"/>
    <Peak1D F1="7.417729" intensity="1.070017e-001" type="0"/>
    <Peak1D F1="7.406481" intensity="7.747959e-002" type="0"/>
    <Peak1D F1="7.400326" intensity="6.683007e-002" type="0"/>
    <Peak1D F1="7.383238" intensity="1.267003e-001" type="0"/>
    <Peak1D F1="7.369872" intensity="1.924555e-001" type="0"/>
    <Peak1D F1="7.363190" intensity="2.279886e-001" type="0"/>
    <Peak1D F1="7.355858" intensity="2.029224e-001" type="0"/>
    <Peak1D F1="7.351463" intensity="1.889060e-001" type="0"/>
    <Peak1D F1="7.345475" intensity="1.907448e-001" type="0"/>
    <Peak1D F1="7.337838" intensity="1.652248e-001" type="0"/>
    <Peak1D F1="7.327785" intensity="1.157107e-001" type="0"/>
    <Peak1D F1="7.318356" intensity="1.047411e-001" type="0"/>
    <Peak1D F1="7.308841" intensity="1.488199e-001" type="0"/>
    <Peak1D F1="7.305322" intensity="1.419253e-001" type="0"/>
    <Peak1D F1="7.300524" intensity="1.622028e-001" type="0"/>
    <Peak1D F1="7.288766" intensity="2.663202e-001" type="0"/>
    <Peak1D F1="7.281629" intensity="1.595492e-001" type="0"/>
    <Peak1D F1="7.275507" intensity="1.475521e-001" type="0"/>
    <Peak1D F1="7.264741" intensity="9.243234e-002" type="0"/>
    <Peak1D F1="7.261124" intensity="9.001965e-002" type="0"/>
    <Peak1D F1="7.254294" intensity="1.019690e-001" type="0"/>
    <Peak1D F1="7.238560" intensity="6.789135e+000" type="0"/>
    <Peak1D F1="7.206630" intensity="5.984323e-003" type="0"/>
    <Peak1D F1="7.187466" intensity="1.038056e-001" type="0"/>
    <Peak1D F1="7.163603" intensity="4.889813e-003" type="0"/>
    <Peak1D F1="7.146910" intensity="6.181201e-003" type="0"/>
    <Peak1D F1="7.138577" intensity="6.322997e-003" type="0"/>
    <Peak1D F1="7.021379" intensity="1.644566e-003" type="0"/>
    <Peak1D F1="6.973586" intensity="3.464201e-002" type="0"/>
    <Peak1D F1="6.202450" intensity="5.495206e-003" type="0"/>
    <Peak1D F1="6.195370" intensity="8.537474e-003" type="0"/>
    <Peak1D F1="6.190322" intensity="6.760344e-003" type="0"/>
    <Peak1D F1="6.110067" intensity="1.090538e-002" type="0"/>
    <Peak1D F1="6.104069" intensity="1.111214e-002" type="0"/>
    <Peak1D F1="6.063696" intensity="2.637931e-002" type="0"/>
    <Peak1D F1="6.054358" intensity="7.718875e-002" type="0"/>
    <Peak1D F1="6.047082" intensity="3.983547e-002" type="0"/>
    <Peak1D F1="6.039188" intensity="4.693288e-002" type="0"/>
    <Peak1D F1="6.033355" intensity="2.856876e-002" type="0"/>
    <Peak1D F1="6.029467" intensity="2.859583e-002" type="0"/>
    <Peak1D F1="6.004021" intensity="1.857928e+000" type="0"/>
    <Peak1D F1="5.996981" intensity="2.378603e+000" type="0"/>
    <Peak1D F1="5.991684" intensity="1.067977e+000" type="0"/>
    <Peak1D F1="5.989100" intensity="1.283289e+000" type="0"/>
    <Peak1D F1="5.970420" intensity="3.809309e-002" type="0"/>
    <Peak1D F1="5.964509" intensity="3.325840e-002" type="0"/>
    <Peak1D F1="5.954052" intensity="7.827786e-002" type="0"/>
    <Peak1D F1="5.946758" intensity="2.840980e-002" type="0"/>
    <Peak1D F1="5.938909" intensity="2.814824e-002" type="0"/>
    <Peak1D F1="5.857949" intensity="3.571694e-003" type="0"/>
    <Peak1D F1="5.823566" intensity="7.641146e-002" type="0"/>
    <Peak1D F1="5.801133" intensity="1.033982e-002" type="0"/>
    <Peak1D F1="5.795491" intensity="1.202278e-002" type="0"/>
    <Peak1D F1="5.790101" intensity="1.022356e-002" type="0"/>
    <Peak1D F1="5.772628" intensity="1.240292e-002" type="0"/>
    <Peak1D F1="5.730314" intensity="5.296654e-003" type="0"/>
    <Peak1D F1="5.674222" intensity="5.268516e-002" type="0"/>
    <Peak1D F1="5.647515" intensity="5.232720e-002" type="0"/>
    <Peak1D F1="5.608325" intensity="8.264634e-003" type="0"/>
    <Peak1D F1="5.581614" intensity="5.620472e-003" type="0"/>
    <Peak1D F1="5.545754" intensity="1.352271e-003" type="0"/>
    <Peak1D F1="5.526444" intensity="2.139117e-003" type="0"/>
    <Peak1D F1="5.493886" intensity="8.885236e-003" type="0"/>
    <Peak1D F1="5.452342" intensity="1.080566e-001" type="0"/>
    <Peak1D F1="5.445383" intensity="9.727634e-002" type="0"/>
    <Peak1D F1="5.420407" intensity="2.262059e-002" type="0"/>
    <Peak1D F1="5.413476" intensity="2.199872e-002" type="0"/>
    <Peak1D F1="5.379058" intensity="9.850489e-003" type="0"/>
    <Peak1D F1="5.328729" intensity="1.739500e-001" type="0"/>
    <Peak1D F1="5.322414" intensity="1.633587e-001" type="0"/>
    <Peak1D F1="5.256344" intensity="6.834147e-003" type="0"/>
    <Peak1D F1="5.210800" intensity="2.979192e-003" type="0"/>
    <Peak1D F1="5.140447" intensity="1.355602e-003" type="0"/>
    <Peak1D F1="5.051232" intensity="2.367559e-003" type="0"/>
    <Peak1D F1="4.999598" intensity="1.234195e-002" type="0"/>
    <Peak1D F1="4.978311" intensity="1.282917e-002" type="0"/>
    <Peak1D F1="4.929688" intensity="2.040323e-002" type="0"/>
    <Peak1D F1="4.907515" intensity="2.541316e-002" type="0"/>
    <Peak1D F1="4.891032" intensity="4.439047e-002" type="0"/>
    <Peak1D F1="4.870246" intensity="8.848029e-002" type="0"/>
    <Peak1D F1="4.849113" intensity="7.620034e-002" type="0"/>
    <Peak1D F1="4.820991" intensity="1.502125e+000" type="0"/>
    <Peak1D F1="4.799202" intensity="1.551558e+000" type="0"/>
    <Peak1D F1="4.771354" intensity="6.459363e-002" type="0"/>
    <Peak1D F1="4.748610" intensity="7.049512e-002" type="0"/>
    <Peak1D F1="4.708061" intensity="6.228021e-002" type="0"/>
    <Peak1D F1="4.662948" intensity="5.384798e-002" type="0"/>
    <Peak1D F1="4.637985" intensity="5.129837e-002" type="0"/>
    <Peak1D F1="4.615574" intensity="4.391858e-002" type="0"/>
    <Peak1D F1="4.423149" intensity="1.150982e-002" type="0"/>
    <Peak1D F1="4.348930" intensity="8.771621e-003" type="0"/>
    <Peak1D F1="4.326776" intensity="7.681137e-003" type="0"/>
    <Peak1D F1="4.278076" intensity="6.238562e-003" type="0"/>
    <Peak1D F1="4.238016" intensity="5.606499e-003" type="0"/>
    <Peak1D F1="4.212290" intensity="5.378339e-003" type="0"/>
    <Peak1D F1="4.193896" intensity="5.021668e-003" type="0"/>
    <Peak1D F1="4.181222" intensity="4.421522e-003" type="0"/>
    <Peak1D F1="4.168609" intensity="4.687005e-003" type="0"/>
    <Peak1D F1="4.163242" intensity="4.501695e-003" type="0"/>
    <Peak1D F1="4.128098" intensity="4.088269e-003" type="0"/>
    <Peak1D F1="4.102664" intensity="3.698385e-003" type="0"/>
    <Peak1D F1="4.045048" intensity="3.085654e-003" type="0"/>
    <Peak1D F1="3.990021" intensity="2.576252e-003" type="0"/>
    <Peak1D F1="3.976252" intensity="2.664989e-003" type="0"/>
    <Peak1D F1="3.970283" intensity="2.381950e-003" type="0"/>
    <Peak1D F1="3.916081" intensity="3.125645e-003" type="0"/>
    <Peak1D F1="3.902585" intensity="3.025016e-003" type="0"/>
    <Peak1D F1="3.881030" intensity="5.184924e-003" type="0"/>
    <Peak1D F1="3.874743" intensity="7.547248e-003" type="0"/>
    <Peak1D F1="3.865782" intensity="3.159342e-002" type="0"/>
    <Peak1D F1="3.858932" intensity="3.979655e-002" type="0"/>
    <Peak1D F1="3.851272" intensity="2.215194e-002" type="0"/>
    <Peak1D F1="3.837561" intensity="5.765339e-003" type="0"/>
    <Peak1D F1="3.831730" intensity="5.681403e-003" type="0"/>
    <Peak1D F1="3.798870" intensity="2.204850e-002" type="0"/>
    <Peak1D F1="3.792042" intensity="2.693343e-002" type="0"/>
    <Peak1D F1="3.788316" intensity="2.085113e-002" type="0"/>
    <Peak1D F1="3.784537" intensity="2.002496e-002" type="0"/>
    <Peak1D F1="3.774590" intensity="1.487851e-002" type="0"/>
    <Peak1D F1="3.738687" intensity="2.303334e-001" type="0"/>
    <Peak1D F1="3.731640" intensity="1.339981e-001" type="0"/>
    <Peak1D F1="3.723981" intensity="1.480277e-001" type="0"/>
    <Peak1D F1="3.717927" intensity="8.986793e-002" type="0"/>
    <Peak1D F1="3.714381" intensity="8.737651e-002" type="0"/>
    <Peak1D F1="3.688385" intensity="5.640149e+000" type="0"/>
    <Peak1D F1="3.681525" intensity="7.297246e+000" type="0"/>
    <Peak1D F1="3.676253" intensity="3.277250e+000" type="0"/>
    <Peak1D F1="3.673835" intensity="3.917367e+000" type="0"/>
    <Peak1D F1="3.646845" intensity="2.722998e-002" type="0"/>
    <Peak1D F1="3.638376" intensity="1.971907e-001" type="0"/>
    <Peak1D F1="3.631343" intensity="9.167254e-002" type="0"/>
    <Peak1D F1="3.623672" intensity="8.706503e-002" type="0"/>
    <Peak1D F1="3.589025" intensity="9.388534e-003" type="0"/>
    <Peak1D F1="3.573575" intensity="6.210434e-003" type="0"/>
    <Peak1D F1="3.556743" intensity="7.256789e-003" type="0"/>
    <Peak1D F1="3.534820" intensity="6.352059e-003" type="0"/>
    <Peak1D F1="3.506123" intensity="3.544047e-002" type="0"/>
    <Peak1D F1="3.499255" intensity="4.347796e-002" type="0"/>
    <Peak1D F1="3.491559" intensity="2.744217e-002" type="0"/>
    <Peak1D F1="3.482196" intensity="1.404881e-002" type="0"/>
    <Peak1D F1="3.460650" intensity="6.864550e-003" type="0"/>
    <Peak1D F1="3.456980" intensity="6.971325e-003" type="0"/>
    <Peak1D F1="3.431954" intensity="8.124031e-003" type="0"/>
    <Peak1D F1="3.381146" intensity="5.863579e-002" type="0"/>
    <Peak1D F1="3.372244" intensity="6.713181e-002" type="0"/>
    <Peak1D F1="3.362212" intensity="4.201532e-002" type="0"/>
    <Peak1D F1="3.330513" intensity="7.699492e-003" type="0"/>
    <Peak1D F1="3.291589" intensity="4.339482e-003" type="0"/>
    <Peak1D F1="3.270478" intensity="4.761753e-003" type="0"/>
    <Peak1D F1="3.255337" intensity="3.363198e-003" type="0"/>
    <Peak1D F1="3.235098" intensity="2.978300e-003" type="0"/>
    <Peak1D F1="3.193950" intensity="2.229282e-003" type="0"/>
    <Peak1D F1="3.181292" intensity="2.035168e-003" type="0"/>
    <Peak1D F1="3.119283" intensity="2.058673e-003" type="0"/>
    <Peak1D F1="3.008039" intensity="1.474954e-003" type="0"/>
    <Peak1D F1="2.993300" intensity="1.738138e-003" type="0"/>
    <Peak1D F1="2.941276" intensity="7.327787e-003" type="0"/>
    <Peak1D F1="2.929379" intensity="8.014862e-003" type="0"/>
    <Peak1D F1="2.916974" intensity="5.153168e-003" type="0"/>
    <Peak1D F1="2.891384" intensity="3.238630e-003" type="0"/>
    <Peak1D F1="2.883650" intensity="2.954733e-003" type="0"/>
    <Peak1D F1="2.871210" intensity="2.378284e-003" type="0"/>
    <Peak1D F1="2.858627" intensity="2.982589e-003" type="0"/>
    <Peak1D F1="2.840902" intensity="3.358032e-003" type="0"/>
    <Peak1D F1="2.823138" intensity="5.585425e-003" type="0"/>
    <Peak1D F1="2.795875" intensity="3.003087e-002" type="0"/>
    <Peak1D F1="2.775186" intensity="5.021434e-002" type="0"/>
    <Peak1D F1="2.760535" intensity="3.681746e-002" type="0"/>
    <Peak1D F1="2.718217" intensity="7.340632e-003" type="0"/>
    <Peak1D F1="2.706470" intensity="8.386841e-003" type="0"/>
    <Peak1D F1="2.683177" intensity="8.629321e-003" type="0"/>
    <Peak1D F1="2.654597" intensity="8.361802e-003" type="0"/>
    <Peak1D F1="2.633215" intensity="1.178856e-002" type="0"/>
    <Peak1D F1="2.617735" intensity="1.173086e-002" type="0"/>
    <Peak1D F1="2.538959" intensity="6.557371e-002" type="0"/>
    <Peak1D F1="2.521854" intensity="5.068246e-002" type="0"/>
    <Peak1D F1="2.494849" intensity="3.048625e-002" type="0"/>
    <Peak1D F1="2.467453" intensity="2.193123e-002" type="0"/>
    <Peak1D F1="2.456306" intensity="2.234428e-002" type="0"/>
    <Peak1D F1="2.431855" intensity="3.835901e-002" type="0"/>
    <Peak1D F1="2.376390" intensity="5.646220e-001" type="0"/>
    <Peak1D F1="2.357683" intensity="7.704907e-001" type="0"/>
    <Peak1D F1="2.347550" intensity="7.769015e-001" type="0"/>
    <Peak1D F1="2.337178" intensity="7.843986e-001" type="0"/>
    <Peak1D F1="2.326612" intensity="9.893554e-001" type="0"/>
    <Peak1D F1="2.306894" intensity="4.155768e-001" type="0"/>
    <Peak1D F1="2.276066" intensity="9.802122e-002" type="0"/>
    <Peak1D F1="2.257065" intensity="1.285743e-001" type="0"/>
    <Peak1D F1="2.250730" intensity="1.210770e-001" type="0"/>
    <Peak1D F1="2.244591" intensity="1.343315e-001" type="0"/>
    <Peak1D F1="2.238060" intensity="1.308569e-001" type="0"/>
    <Peak1D F1="2.227727" intensity="1.231486e-001" type="0"/>
    <Peak1D F1="2.216242" intensity="2.206694e-001" type="0"/>
    <Peak1D F1="2.206935" intensity="2.449538e-001" type="0"/>
    <Peak1D F1="2.193861" intensity="3.390853e-001" type="0"/>
    <Peak1D F1="2.189495" intensity="3.649662e-001" type="0"/>
    <Peak1D F1="2.184101" intensity="4.014182e-001" type="0"/>
    <Peak1D F1="2.180213" intensity="3.985464e-001" type="0"/>
    <Peak1D F1="2.173480" intensity="3.766726e-001" type="0"/>
    <Peak1D F1="2.167866" intensity="4.743545e-001" type="0"/>
    <Peak1D F1="2.158174" intensity="4.821465e-001" type="0"/>
    <Peak1D F1="2.151018" intensity="4.559962e-001" type="0"/>
    <Peak1D F1="2.145958" intensity="5.284160e-001" type="0"/>
    <Peak1D F1="2.133670" intensity="7.779005e-001" type="0"/>
    <Peak1D F1="2.124699" intensity="8.018557e-001" type="0"/>
    <Peak1D F1="2.118153" intensity="9.841276e-001" type="0"/>
    <Peak1D F1="2.102676" intensity="3.703511e+000" type="0"/>
    <Peak1D F1="2.095700" intensity="5.886004e+000" type="0"/>
    <Peak1D F1="2.088060" intensity="7.581194e+000" type="0"/>
    <Peak1D F1="2.083333" intensity="1.202445e+001" type="0"/>
    <Peak1D F1="2.076525" intensity="1.399933e+001" type="0"/>
    <Peak1D F1="2.072507" intensity="1.135505e+001" type="0"/>
    <Peak1D F1="2.069429" intensity="1.101948e+001" type="0"/>
    <Peak1D F1="2.065286" intensity="9.592712e+000" type="0"/>
    <Peak1D F1="2.058057" intensity="7.357973e+000" type="0"/>
    <Peak1D F1="2.033622" intensity="7.841475e-001" type="0"/>
    <Peak1D F1="2.015159" intensity="3.817318e-001" type="0"/>
    <Peak1D F1="2.008032" intensity="2.530731e-001" type="0"/>
    <Peak1D F1="2.001470" intensity="2.155584e-001" type="0"/>
    <Peak1D F1="1.989231" intensity="1.778463e-001" type="0"/>
    <Peak1D F1="1.983984" intensity="1.790278e-001" type="0"/>
    <Peak1D F1="1.971157" intensity="2.352955e-001" type="0"/>
    <Peak1D F1="1.954064" intensity="5.382431e-001" type="0"/>
    <Peak1D F1="1.935068" intensity="9.354795e-001" type="0"/>
    <Peak1D F1="1.919850" intensity="1.640661e+000" type="0"/>
    <Peak1D F1="1.913424" intensity="1.974803e+000" type="0"/>
    <Peak1D F1="1.904097" intensity="5.278041e+000" type="0"/>
    <Peak1D F1="1.897698" intensity="7.997550e+000" type="0"/>
    <Peak1D F1="1.895477" intensity="7.959995e+000" type="0"/>
    <Peak1D F1="1.891790" intensity="9.517074e+000" type="0"/>
    <Peak1D F1="1.885050" intensity="1.367658e+001" type="0"/>
    <Peak1D F1="1.878710" intensity="1.500000e+001" type="0"/>
    <Peak1D F1="1.873652" intensity="1.116879e+001" type="0"/>
    <Peak1D F1="1.872358" intensity="1.130065e+001" type="0"/>
    <Peak1D F1="1.867455" intensity="7.835302e+000" type="0"/>
    <Peak1D F1="1.860450" intensity="5.602633e+000" type="0"/>
    <Peak1D F1="1.854653" intensity="3.137837e+000" type="0"/>
    <Peak1D F1="1.835122" intensity="6.655301e-001" type="0"/>
    <Peak1D F1="1.828666" intensity="4.550242e-001" type="0"/>
    <Peak1D F1="1.823664" intensity="3.776772e-001" type="0"/>
    <Peak1D F1="1.815200" intensity="2.719856e-001" type="0"/>
    <Peak1D F1="1.804033" intensity="1.709990e-001" type="0"/>
    <Peak1D F1="1.752741" intensity="1.069501e-001" type="0"/>
    <Peak1D F1="1.746629" intensity="1.112906e-001" type="0"/>
    <Peak1D F1="1.739192" intensity="1.408959e-001" type="0"/>
    <Peak1D F1="1.733245" intensity="1.788498e-001" type="0"/>
    <Peak1D F1="1.723679" intensity="2.205785e-001" type="0"/>
    <Peak1D F1="1.717572" intensity="3.501085e-001" type="0"/>
    <Peak1D F1="1.712405" intensity="4.011455e-001" type="0"/>
    <Peak1D F1="1.696548" intensity="7.067945e-001" type="0"/>
    <Peak1D F1="1.692888" intensity="6.760726e-001" type="0"/>
    <Peak1D F1="1.675883" intensity="1.040700e+000" type="0"/>
    <Peak1D F1="1.662791" intensity="7.304010e-001" type="0"/>
    <Peak1D F1="1.659092" intensity="8.077342e-001" type="0"/>
    <Peak1D F1="1.653789" intensity="7.462043e-001" type="0"/>
    <Peak1D F1="1.648700" intensity="6.261719e-001" type="0"/>
    <Peak1D F1="1.642365" intensity="5.561261e-001" type="0"/>
    <Peak1D F1="1.626975" intensity="3.711876e-001" type="0"/>
    <Peak1D F1="1.621225" intensity="3.030729e-001" type="0"/>
    <Peak1D F1="1.612353" intensity="2.431806e-001" type="0"/>
    <Peak1D F1="1.605839" intensity="2.266943e-001" type="0"/>
    <Peak1D F1="1.570866" intensity="9.598883e-002" type="0"/>
    <Peak1D F1="1.544103" intensity="1.382649e-001" type="0"/>
    <Peak1D F1="1.527893" intensity="2.940389e-001" type="0"/>
    <Peak1D F1="1.523156" intensity="2.666413e-001" type="0"/>
    <Peak1D F1="1.518018" intensity="2.125777e-001" type="0"/>
    <Peak1D F1="1.505463" intensity="4.355526e-001" type="0"/>
    <Peak1D F1="1.489135" intensity="4.192379e-001" type="0"/>
    <Peak1D F1="1.477253" intensity="3.751208e-001" type="0"/>
    <Peak1D F1="1.474156" intensity="3.510464e-001" type="0"/>
    <Peak1D F1="1.456972" intensity="3.132769e-001" type="0"/>
    <Peak1D F1="1.440467" intensity="9.918010e-002" type="0"/>
    <Peak1D F1="1.436883" intensity="9.449663e-002" type="0"/>
    <Peak1D F1="1.428740" intensity="8.295391e-002" type="0"/>
    <Peak1D F1="1.424978" intensity="8.485512e-002" type="0"/>
    <Peak1D F1="1.393301" intensity="3.590003e-002" type="0"/>
    <Peak1D F1="1.372692" intensity="4.169820e-002" type="0"/>
    <Peak1D F1="1.348774" intensity="3.784759e-002" type="0"/>
    <Peak1D F1="1.221938" intensity="3.044016e-002" type="0"/>
    <Peak1D F1="1.178351" intensity="7.779897e-002" type="0"/>
    <Peak1D F1="1.058752" intensity="8.468532e-003" type="0"/>
    <Peak1D F1="1.031806" intensity="7.942206e-003" type="0"/>
    <Peak1D F1="1.004904" intensity="7.907909e-003" type="0"/>
    <Peak1D F1="0.928988" intensity="5.116050e-003" type="0"/>
    <Peak1D F1="0.891749" intensity="5.133835e-003" type="0"/>
    <Peak1D F1="0.858080" intensity="5.737101e-003" type="0"/>
    <Peak1D F1="0.796714" intensity="1.974063e-002" type="0"/>
    <Peak1D F1="0.779018" intensity="1.867057e-002" type="0"/>
    <Peak1D F1="0.645013" intensity="4.294557e-003" type="0"/>
    <Peak1D F1="0.629232" intensity="3.416153e-003" type="0"/>
    <Peak1D F1="0.548612" intensity="1.973787e-003" type="0"/>
    <Peak1D F1="0.529949" intensity="2.020174e-003" type="0"/>
    <Peak1D F1="0.522690" intensity="1.896053e-003" type="0"/>
    <Peak1D F1="0.495371" intensity="1.694097e-003" type="0"/>
    <Peak1D F1="0.456185" intensity="1.500521e-003" type="0"/>
    <Peak1D F1="0.391701" intensity="1.456897e-003" type="0"/>
    <Peak1D F1="0.363683" intensity="1.637014e-003" type="0"/>
    <Peak1D F1="0.356875" intensity="1.932444e-003" type="0"/>
    <Peak1D F1="0.062874" intensity="1.394782e-003" type="0"/>
    <Peak1D F1="0.055092" intensity="2.832568e-003" type="0"/>
    <Peak1D F1="0.044386" intensity="2.246351e-003" type="0"/>
    <Peak1D F1="0.004986" intensity="8.927706e-002" type="0"/>
    <Peak1D F1="-0.000147" intensity="1.241649e-001" type="0"/>
    <Peak1D F1="-0.005183" intensity="6.778865e-002" type="0"/>
    <Peak1D F1="-0.028361" intensity="2.059813e-003" type="0"/>
    <Peak1D F1="-0.045232" intensity="2.300840e-003" type="0"/>
    <Peak1D F1="-0.050307" intensity="2.143596e-003" type="0"/>
    <Peak1D F1="-0.160960" intensity="1.261403e-003" type="0"/>
    <Peak1D F1="-1.812768" intensity="1.464015e-003" type="0"/>
    <Peak1D F1="-2.198600" intensity="1.407468e-003" type="0"/>
    <Peak1D F1="-2.634354" intensity="1.273515e-003" type="0"/>
    <Peak1D F1="-2.658939" intensity="1.367561e-003" type="0"/>
    <Peak1D F1="-2.963430" intensity="1.255982e-003" type="0"/>
  </PeakList1D>
</PeakList>
