<?xml version="1.0" encoding="UTF-8"?>
<PeakList>
  <PeakList1D>
    <PeakList1DHeader creator="nmr" date="2021-04-13T20:38:08.927+03:00" expNo="20" name="ID-345-Crude-13.4.21" owner="" procNo="1" source="//132.72.8.180/400b/Milo/Milo">
      <PeakPickDetails>F1=16.099810ppm, F2=-3.929235ppm, MI=0.00cm, MAXI=10000.00cm, PC=1.000
      </PeakPickDetails>
    </PeakList1DHeader>
    <Peak1D F1="11.957906" intensity="4.509095e-003" type="0"/>
    <Peak1D F1="11.220758" intensity="4.495401e-003" type="0"/>
    <Peak1D F1="11.112292" intensity="4.550898e-003" type="0"/>
    <Peak1D F1="10.614062" intensity="4.443449e-003" type="0"/>
    <Peak1D F1="10.094475" intensity="5.931398e-003" type="0"/>
    <Peak1D F1="8.366576" intensity="1.280837e-002" type="0"/>
    <Peak1D F1="8.344494" intensity="1.368187e-002" type="0"/>
    <Peak1D F1="8.321920" intensity="7.854114e-003" type="0"/>
    <Peak1D F1="8.275725" intensity="2.245930e-002" type="0"/>
    <Peak1D F1="8.246481" intensity="8.700798e-002" type="0"/>
    <Peak1D F1="8.229056" intensity="1.093540e-001" type="0"/>
    <Peak1D F1="8.224538" intensity="1.540237e-001" type="0"/>
    <Peak1D F1="8.209066" intensity="1.699382e-001" type="0"/>
    <Peak1D F1="8.188006" intensity="1.442322e-001" type="0"/>
    <Peak1D F1="8.159862" intensity="2.786589e+000" type="0"/>
    <Peak1D F1="8.155089" intensity="1.176722e+000" type="0"/>
    <Peak1D F1="8.138072" intensity="2.962191e+000" type="0"/>
    <Peak1D F1="8.132382" intensity="7.203445e-001" type="0"/>
    <Peak1D F1="8.110090" intensity="5.128587e-002" type="0"/>
    <Peak1D F1="8.088219" intensity="3.995242e-002" type="0"/>
    <Peak1D F1="8.064589" intensity="2.721047e-002" type="0"/>
    <Peak1D F1="8.043421" intensity="3.164973e-002" type="0"/>
    <Peak1D F1="8.021350" intensity="6.708505e-003" type="0"/>
    <Peak1D F1="7.999959" intensity="7.353420e-003" type="0"/>
    <Peak1D F1="7.943690" intensity="9.335931e-002" type="0"/>
    <Peak1D F1="7.924757" intensity="9.860677e-002" type="0"/>
    <Peak1D F1="7.835416" intensity="1.574707e-002" type="0"/>
    <Peak1D F1="7.816445" intensity="5.995779e-002" type="0"/>
    <Peak1D F1="7.809876" intensity="6.069153e-002" type="0"/>
    <Peak1D F1="7.793355" intensity="5.342636e-002" type="0"/>
    <Peak1D F1="7.787328" intensity="5.827475e-002" type="0"/>
    <Peak1D F1="7.760197" intensity="5.673330e-003" type="0"/>
    <Peak1D F1="7.740025" intensity="6.625534e-003" type="0"/>
    <Peak1D F1="7.736036" intensity="6.245648e-003" type="0"/>
    <Peak1D F1="7.707733" intensity="2.887239e-002" type="0"/>
    <Peak1D F1="7.700016" intensity="2.915510e-002" type="0"/>
    <Peak1D F1="7.681937" intensity="4.586183e-002" type="0"/>
    <Peak1D F1="7.662627" intensity="2.030163e-002" type="0"/>
    <Peak1D F1="7.628123" intensity="6.538922e-002" type="0"/>
    <Peak1D F1="7.607317" intensity="7.715718e-002" type="0"/>
    <Peak1D F1="7.586077" intensity="6.507034e-002" type="0"/>
    <Peak1D F1="7.579748" intensity="4.627294e-002" type="0"/>
    <Peak1D F1="7.558228" intensity="8.555377e-002" type="0"/>
    <Peak1D F1="7.544820" intensity="1.245427e-001" type="0"/>
    <Peak1D F1="7.523349" intensity="1.260411e-001" type="0"/>
    <Peak1D F1="7.518198" intensity="1.252604e-001" type="0"/>
    <Peak1D F1="7.511931" intensity="1.144571e-001" type="0"/>
    <Peak1D F1="7.495753" intensity="1.603380e-001" type="0"/>
    <Peak1D F1="7.481113" intensity="3.147592e+000" type="0"/>
    <Peak1D F1="7.476422" intensity="1.103384e+000" type="0"/>
    <Peak1D F1="7.459252" intensity="3.052892e+000" type="0"/>
    <Peak1D F1="7.454001" intensity="5.636215e-001" type="0"/>
    <Peak1D F1="7.440480" intensity="3.265477e-001" type="0"/>
    <Peak1D F1="7.431825" intensity="1.395532e-001" type="0"/>
    <Peak1D F1="7.425692" intensity="7.094113e-002" type="0"/>
    <Peak1D F1="7.411539" intensity="9.013823e-002" type="0"/>
    <Peak1D F1="7.389878" intensity="5.971878e-002" type="0"/>
    <Peak1D F1="7.372583" intensity="4.952050e-002" type="0"/>
    <Peak1D F1="7.359824" intensity="5.405111e-002" type="0"/>
    <Peak1D F1="7.339554" intensity="3.764286e-002" type="0"/>
    <Peak1D F1="7.333947" intensity="5.092420e-002" type="0"/>
    <Peak1D F1="7.313222" intensity="6.970724e-002" type="0"/>
    <Peak1D F1="7.291449" intensity="7.377087e-002" type="0"/>
    <Peak1D F1="7.277256" intensity="3.888581e-002" type="0"/>
    <Peak1D F1="7.269196" intensity="4.147424e-002" type="0"/>
    <Peak1D F1="7.262661" intensity="5.246077e-002" type="0"/>
    <Peak1D F1="7.255322" intensity="5.294554e-002" type="0"/>
    <Peak1D F1="7.244404" intensity="1.140982e-001" type="0"/>
    <Peak1D F1="7.233447" intensity="7.382632e-002" type="0"/>
    <Peak1D F1="7.219887" intensity="6.134012e-002" type="0"/>
    <Peak1D F1="7.213070" intensity="7.278846e-002" type="0"/>
    <Peak1D F1="7.195244" intensity="5.668571e+000" type="0"/>
    <Peak1D F1="7.162485" intensity="2.978510e-002" type="0"/>
    <Peak1D F1="7.155034" intensity="2.305707e-002" type="0"/>
    <Peak1D F1="7.144960" intensity="9.790716e-002" type="0"/>
    <Peak1D F1="7.117550" intensity="3.297783e-002" type="0"/>
    <Peak1D F1="7.097017" intensity="4.277117e-002" type="0"/>
    <Peak1D F1="7.085357" intensity="4.096531e-002" type="0"/>
    <Peak1D F1="6.993451" intensity="4.887372e-003" type="0"/>
    <Peak1D F1="6.931081" intensity="2.935946e-002" type="0"/>
    <Peak1D F1="6.552818" intensity="4.438559e-003" type="0"/>
    <Peak1D F1="6.216651" intensity="1.528791e-002" type="0"/>
    <Peak1D F1="6.211276" intensity="9.949110e-003" type="0"/>
    <Peak1D F1="6.117496" intensity="7.944934e-002" type="0"/>
    <Peak1D F1="6.068256" intensity="6.947980e-002" type="0"/>
    <Peak1D F1="6.018028" intensity="4.916914e+000" type="0"/>
    <Peak1D F1="5.968266" intensity="5.986220e-002" type="0"/>
    <Peak1D F1="5.910851" intensity="2.407719e-002" type="0"/>
    <Peak1D F1="5.898359" intensity="2.616493e-002" type="0"/>
    <Peak1D F1="5.817063" intensity="3.442600e-002" type="0"/>
    <Peak1D F1="5.811013" intensity="3.497209e-002" type="0"/>
    <Peak1D F1="5.762758" intensity="6.051942e-003" type="0"/>
    <Peak1D F1="5.717270" intensity="4.894185e-003" type="0"/>
    <Peak1D F1="5.696777" intensity="6.082186e-003" type="0"/>
    <Peak1D F1="5.645672" intensity="2.700748e-002" type="0"/>
    <Peak1D F1="5.619770" intensity="2.978394e-002" type="0"/>
    <Peak1D F1="5.581268" intensity="1.645853e-002" type="0"/>
    <Peak1D F1="5.570951" intensity="1.400601e-002" type="0"/>
    <Peak1D F1="5.557337" intensity="5.233577e-003" type="0"/>
    <Peak1D F1="5.532589" intensity="4.375320e-003" type="0"/>
    <Peak1D F1="5.494724" intensity="5.976050e-003" type="0"/>
    <Peak1D F1="5.460122" intensity="8.444456e-003" type="0"/>
    <Peak1D F1="5.436224" intensity="6.493019e-003" type="0"/>
    <Peak1D F1="5.405803" intensity="8.526993e-003" type="0"/>
    <Peak1D F1="5.386469" intensity="4.612716e-002" type="0"/>
    <Peak1D F1="5.357811" intensity="1.210295e-001" type="0"/>
    <Peak1D F1="5.350633" intensity="1.233019e-001" type="0"/>
    <Peak1D F1="5.313808" intensity="8.700539e-003" type="0"/>
    <Peak1D F1="5.289983" intensity="6.327227e-003" type="0"/>
    <Peak1D F1="5.281093" intensity="1.308913e-002" type="0"/>
    <Peak1D F1="5.231257" intensity="6.870764e-001" type="0"/>
    <Peak1D F1="5.181295" intensity="1.123742e-002" type="0"/>
    <Peak1D F1="5.174269" intensity="5.379274e-003" type="0"/>
    <Peak1D F1="5.142407" intensity="1.409950e-002" type="0"/>
    <Peak1D F1="5.126102" intensity="1.149225e-002" type="0"/>
    <Peak1D F1="4.996325" intensity="1.687757e-002" type="0"/>
    <Peak1D F1="4.979102" intensity="1.638789e-002" type="0"/>
    <Peak1D F1="4.969604" intensity="1.432993e-002" type="0"/>
    <Peak1D F1="4.946644" intensity="1.651475e-002" type="0"/>
    <Peak1D F1="4.877647" intensity="1.742787e-002" type="0"/>
    <Peak1D F1="4.865005" intensity="2.061160e-002" type="0"/>
    <Peak1D F1="4.840092" intensity="5.143639e-002" type="0"/>
    <Peak1D F1="4.816398" intensity="5.698884e-002" type="0"/>
    <Peak1D F1="4.790012" intensity="1.759458e+000" type="0"/>
    <Peak1D F1="4.767121" intensity="1.791579e+000" type="0"/>
    <Peak1D F1="4.739779" intensity="7.829208e-002" type="0"/>
    <Peak1D F1="4.716563" intensity="8.461159e-002" type="0"/>
    <Peak1D F1="4.674945" intensity="7.114425e-002" type="0"/>
    <Peak1D F1="4.666871" intensity="7.009609e-002" type="0"/>
    <Peak1D F1="4.606984" intensity="5.558743e-002" type="0"/>
    <Peak1D F1="4.583446" intensity="4.598917e-002" type="0"/>
    <Peak1D F1="4.528428" intensity="2.300963e-002" type="0"/>
    <Peak1D F1="4.503393" intensity="2.056538e-002" type="0"/>
    <Peak1D F1="4.440687" intensity="1.190787e-002" type="0"/>
    <Peak1D F1="4.405856" intensity="8.952346e-003" type="0"/>
    <Peak1D F1="4.372681" intensity="8.883129e-003" type="0"/>
    <Peak1D F1="4.364763" intensity="7.559590e-003" type="0"/>
    <Peak1D F1="4.308873" intensity="5.764996e-003" type="0"/>
    <Peak1D F1="4.250192" intensity="4.847053e-003" type="0"/>
    <Peak1D F1="4.242414" intensity="5.135604e-003" type="0"/>
    <Peak1D F1="4.232551" intensity="5.171549e-003" type="0"/>
    <Peak1D F1="3.966934" intensity="9.618133e-003" type="0"/>
    <Peak1D F1="3.956050" intensity="1.168700e-002" type="0"/>
    <Peak1D F1="3.923415" intensity="5.174342e-003" type="0"/>
    <Peak1D F1="3.911658" intensity="6.402333e-003" type="0"/>
    <Peak1D F1="3.878740" intensity="7.957993e-002" type="0"/>
    <Peak1D F1="3.862034" intensity="5.563164e-003" type="0"/>
    <Peak1D F1="3.845448" intensity="1.268087e-002" type="0"/>
    <Peak1D F1="3.812320" intensity="2.325611e-001" type="0"/>
    <Peak1D F1="3.792764" intensity="1.283790e-002" type="0"/>
    <Peak1D F1="3.751393" intensity="2.191890e-001" type="0"/>
    <Peak1D F1="3.746421" intensity="1.612413e-001" type="0"/>
    <Peak1D F1="3.701318" intensity="1.500000e+001" type="0"/>
    <Peak1D F1="3.651564" intensity="2.012082e-001" type="0"/>
    <Peak1D F1="3.604698" intensity="6.785242e-003" type="0"/>
    <Peak1D F1="3.595477" intensity="5.211299e-003" type="0"/>
    <Peak1D F1="3.568007" intensity="5.226505e-003" type="0"/>
    <Peak1D F1="3.519129" intensity="7.985971e-002" type="0"/>
    <Peak1D F1="3.179982" intensity="6.499758e-003" type="0"/>
    <Peak1D F1="2.954471" intensity="5.147690e-003" type="0"/>
    <Peak1D F1="2.936633" intensity="1.255143e-002" type="0"/>
    <Peak1D F1="2.926448" intensity="7.106942e-003" type="0"/>
    <Peak1D F1="2.917472" intensity="5.476919e-003" type="0"/>
    <Peak1D F1="2.842067" intensity="7.631585e-003" type="0"/>
    <Peak1D F1="2.788754" intensity="1.306841e-002" type="0"/>
    <Peak1D F1="2.762162" intensity="2.231471e-002" type="0"/>
    <Peak1D F1="2.726964" intensity="1.305066e-002" type="0"/>
    <Peak1D F1="2.700686" intensity="6.586407e-003" type="0"/>
    <Peak1D F1="2.691196" intensity="6.838268e-003" type="0"/>
    <Peak1D F1="2.639339" intensity="4.547304e-003" type="0"/>
    <Peak1D F1="2.614251" intensity="4.589025e-003" type="0"/>
    <Peak1D F1="2.603911" intensity="4.455921e-003" type="0"/>
    <Peak1D F1="2.533635" intensity="7.547013e-003" type="0"/>
    <Peak1D F1="2.507986" intensity="1.345722e-002" type="0"/>
    <Peak1D F1="2.485731" intensity="2.324283e-002" type="0"/>
    <Peak1D F1="2.439096" intensity="2.584386e-001" type="0"/>
    <Peak1D F1="2.435271" intensity="2.884149e-001" type="0"/>
    <Peak1D F1="2.418087" intensity="3.135828e-001" type="0"/>
    <Peak1D F1="2.414064" intensity="3.143255e-001" type="0"/>
    <Peak1D F1="2.390080" intensity="4.570306e-001" type="0"/>
    <Peak1D F1="2.377247" intensity="2.395774e-001" type="0"/>
    <Peak1D F1="2.365806" intensity="5.040861e-001" type="0"/>
    <Peak1D F1="2.349778" intensity="3.227885e-001" type="0"/>
    <Peak1D F1="2.326772" intensity="5.805526e-001" type="0"/>
    <Peak1D F1="2.319665" intensity="3.648117e-001" type="0"/>
    <Peak1D F1="2.316390" intensity="3.406104e-001" type="0"/>
    <Peak1D F1="2.306852" intensity="4.406739e-001" type="0"/>
    <Peak1D F1="2.303732" intensity="4.064479e-001" type="0"/>
    <Peak1D F1="2.296785" intensity="5.482606e-001" type="0"/>
    <Peak1D F1="2.276524" intensity="3.129027e-001" type="0"/>
    <Peak1D F1="2.255034" intensity="4.605283e-001" type="0"/>
    <Peak1D F1="2.232176" intensity="5.956222e-001" type="0"/>
    <Peak1D F1="2.229004" intensity="5.477801e-001" type="0"/>
    <Peak1D F1="2.206082" intensity="6.841176e-001" type="0"/>
    <Peak1D F1="2.184498" intensity="3.769101e-001" type="0"/>
    <Peak1D F1="2.179990" intensity="3.624656e-001" type="0"/>
    <Peak1D F1="2.157473" intensity="4.261052e-001" type="0"/>
    <Peak1D F1="2.148214" intensity="2.645940e-001" type="0"/>
    <Peak1D F1="2.117730" intensity="3.064603e+000" type="0"/>
    <Peak1D F1="2.098078" intensity="9.736253e+000" type="0"/>
    <Peak1D F1="2.086571" intensity="2.733320e+000" type="0"/>
    <Peak1D F1="2.079388" intensity="4.850328e+000" type="0"/>
    <Peak1D F1="2.057819" intensity="2.724392e-001" type="0"/>
    <Peak1D F1="2.054321" intensity="2.757326e-001" type="0"/>
    <Peak1D F1="2.048531" intensity="2.799778e-001" type="0"/>
    <Peak1D F1="2.040845" intensity="2.143012e-001" type="0"/>
    <Peak1D F1="2.029552" intensity="1.405412e-001" type="0"/>
    <Peak1D F1="2.022264" intensity="9.287897e-002" type="0"/>
    <Peak1D F1="1.988444" intensity="2.858090e-001" type="0"/>
    <Peak1D F1="1.966626" intensity="4.068365e-001" type="0"/>
    <Peak1D F1="1.960818" intensity="5.020267e-001" type="0"/>
    <Peak1D F1="1.956448" intensity="4.780279e-001" type="0"/>
    <Peak1D F1="1.951059" intensity="4.826604e-001" type="0"/>
    <Peak1D F1="1.942572" intensity="6.257909e-001" type="0"/>
    <Peak1D F1="1.938300" intensity="6.133245e-001" type="0"/>
    <Peak1D F1="1.933790" intensity="7.569817e-001" type="0"/>
    <Peak1D F1="1.926172" intensity="6.897703e-001" type="0"/>
    <Peak1D F1="1.921839" intensity="7.603233e-001" type="0"/>
    <Peak1D F1="1.911378" intensity="4.948184e+000" type="0"/>
    <Peak1D F1="1.900205" intensity="4.118911e+000" type="0"/>
    <Peak1D F1="1.891822" intensity="1.028951e+001" type="0"/>
    <Peak1D F1="1.882887" intensity="3.869900e+000" type="0"/>
    <Peak1D F1="1.872439" intensity="3.245585e+000" type="0"/>
    <Peak1D F1="1.860620" intensity="4.522106e-001" type="0"/>
    <Peak1D F1="1.850317" intensity="2.623395e-001" type="0"/>
    <Peak1D F1="1.842154" intensity="2.369068e-001" type="0"/>
    <Peak1D F1="1.832887" intensity="1.481140e-001" type="0"/>
    <Peak1D F1="1.823373" intensity="1.160476e-001" type="0"/>
    <Peak1D F1="1.811459" intensity="7.269467e-002" type="0"/>
    <Peak1D F1="1.793637" intensity="5.499901e-002" type="0"/>
    <Peak1D F1="1.777176" intensity="4.853706e-002" type="0"/>
    <Peak1D F1="1.768786" intensity="4.633839e-002" type="0"/>
    <Peak1D F1="1.761432" intensity="5.508196e-002" type="0"/>
    <Peak1D F1="1.745268" intensity="1.685158e-001" type="0"/>
    <Peak1D F1="1.729472" intensity="2.283473e-001" type="0"/>
    <Peak1D F1="1.724318" intensity="2.196866e-001" type="0"/>
    <Peak1D F1="1.716971" intensity="2.708944e-001" type="0"/>
    <Peak1D F1="1.708378" intensity="2.793195e-001" type="0"/>
    <Peak1D F1="1.701191" intensity="4.534066e-001" type="0"/>
    <Peak1D F1="1.697293" intensity="3.840578e-001" type="0"/>
    <Peak1D F1="1.685652" intensity="3.499684e-001" type="0"/>
    <Peak1D F1="1.679651" intensity="1.057048e+000" type="0"/>
    <Peak1D F1="1.670786" intensity="6.286080e-001" type="0"/>
    <Peak1D F1="1.665538" intensity="4.874392e-001" type="0"/>
    <Peak1D F1="1.654864" intensity="9.493185e-001" type="0"/>
    <Peak1D F1="1.650328" intensity="7.506356e-001" type="0"/>
    <Peak1D F1="1.642866" intensity="3.588066e-001" type="0"/>
    <Peak1D F1="1.638355" intensity="5.655366e-001" type="0"/>
    <Peak1D F1="1.633658" intensity="6.685322e-001" type="0"/>
    <Peak1D F1="1.622726" intensity="2.433991e-001" type="0"/>
    <Peak1D F1="1.617751" intensity="3.478518e-001" type="0"/>
    <Peak1D F1="1.600387" intensity="7.155003e-002" type="0"/>
    <Peak1D F1="1.583896" intensity="5.894500e-002" type="0"/>
    <Peak1D F1="1.569430" intensity="5.926602e-002" type="0"/>
    <Peak1D F1="1.535005" intensity="2.851278e-001" type="0"/>
    <Peak1D F1="1.519337" intensity="2.185441e-001" type="0"/>
    <Peak1D F1="1.512692" intensity="2.397608e-001" type="0"/>
    <Peak1D F1="1.500501" intensity="5.128136e-001" type="0"/>
    <Peak1D F1="1.483212" intensity="6.574545e-001" type="0"/>
    <Peak1D F1="1.470470" intensity="4.413970e-001" type="0"/>
    <Peak1D F1="1.453744" intensity="4.378134e-001" type="0"/>
    <Peak1D F1="1.440633" intensity="1.077209e-001" type="0"/>
    <Peak1D F1="1.435600" intensity="1.173740e-001" type="0"/>
    <Peak1D F1="1.423344" intensity="1.514557e-001" type="0"/>
    <Peak1D F1="1.404840" intensity="2.936840e-002" type="0"/>
    <Peak1D F1="1.392622" intensity="2.803705e-002" type="0"/>
    <Peak1D F1="1.369633" intensity="2.367510e-002" type="0"/>
    <Peak1D F1="1.342537" intensity="2.191129e-002" type="0"/>
    <Peak1D F1="1.324947" intensity="2.003578e-002" type="0"/>
    <Peak1D F1="1.310383" intensity="2.201675e-002" type="0"/>
    <Peak1D F1="1.262475" intensity="4.188034e-002" type="0"/>
    <Peak1D F1="1.234431" intensity="7.094319e-002" type="0"/>
    <Peak1D F1="1.183923" intensity="1.590306e-001" type="0"/>
    <Peak1D F1="1.146293" intensity="1.440328e-002" type="0"/>
    <Peak1D F1="1.079545" intensity="9.822931e-003" type="0"/>
    <Peak1D F1="1.073030" intensity="7.924482e-003" type="0"/>
    <Peak1D F1="1.039358" intensity="7.834377e-003" type="0"/>
    <Peak1D F1="1.031320" intensity="6.719395e-003" type="0"/>
    <Peak1D F1="1.001191" intensity="6.675185e-003" type="0"/>
    <Peak1D F1="0.982546" intensity="6.141382e-003" type="0"/>
    <Peak1D F1="0.976996" intensity="6.247290e-003" type="0"/>
    <Peak1D F1="0.947740" intensity="6.469962e-003" type="0"/>
    <Peak1D F1="0.937352" intensity="5.448546e-003" type="0"/>
    <Peak1D F1="0.917277" intensity="5.619699e-003" type="0"/>
    <Peak1D F1="0.908907" intensity="6.266969e-003" type="0"/>
    <Peak1D F1="0.859924" intensity="6.822784e-003" type="0"/>
    <Peak1D F1="0.841704" intensity="1.164794e-002" type="0"/>
    <Peak1D F1="0.827051" intensity="2.776465e-002" type="0"/>
    <Peak1D F1="0.810021" intensity="5.410773e-002" type="0"/>
    <Peak1D F1="0.794809" intensity="2.752233e-002" type="0"/>
    <Peak1D F1="0.773900" intensity="2.022773e-002" type="0"/>
    <Peak1D F1="0.756055" intensity="1.954548e-002" type="0"/>
    <Peak1D F1="0.738328" intensity="1.293965e-002" type="0"/>
    <Peak1D F1="0.718572" intensity="6.789404e-003" type="0"/>
    <Peak1D F1="0.685730" intensity="5.246165e-003" type="0"/>
    <Peak1D F1="0.654356" intensity="4.806947e-003" type="0"/>
    <Peak1D F1="0.632238" intensity="5.537902e-003" type="0"/>
    <Peak1D F1="0.551594" intensity="5.544440e-003" type="0"/>
    <Peak1D F1="0.484291" intensity="5.004342e-003" type="0"/>
    <Peak1D F1="0.434318" intensity="5.796062e-003" type="0"/>
    <Peak1D F1="0.408929" intensity="5.466997e-003" type="0"/>
    <Peak1D F1="0.384225" intensity="5.654333e-003" type="0"/>
    <Peak1D F1="0.351534" intensity="5.140193e-003" type="0"/>
    <Peak1D F1="0.315176" intensity="5.019012e-003" type="0"/>
    <Peak1D F1="0.241664" intensity="4.820916e-003" type="0"/>
    <Peak1D F1="0.048529" intensity="8.877370e-003" type="0"/>
    <Peak1D F1="0.030507" intensity="4.400576e-003" type="0"/>
    <Peak1D F1="0.008841" intensity="2.133221e-002" type="0"/>
    <Peak1D F1="-0.000151" intensity="5.117068e-001" type="0"/>
    <Peak1D F1="-0.031798" intensity="4.473860e-003" type="0"/>
    <Peak1D F1="-0.050198" intensity="8.080469e-003" type="0"/>
    <Peak1D F1="-3.059868" intensity="4.357272e-003" type="0"/>
    <Peak1D F1="-3.149688" intensity="4.565516e-003" type="0"/>
    <Peak1D F1="-3.276248" intensity="4.801755e-003" type="0"/>
  </PeakList1D>
</PeakList>
