<?xml version="1.0" encoding="UTF-8"?>
<PeakList>
  <PeakList1D>
    <PeakList1DHeader creator="nmr" date="2021-08-02T21:26:55.695+03:00" expNo="10" name="ID-421-M" owner="" procNo="1" source="//132.72.8.180/400b/Milo/Milo">
      <PeakPickDetails>F1=16.099369ppm, F2=-3.929676ppm, MI=0.00cm, MAXI=10000.00cm, PC=1.000
      </PeakPickDetails>
    </PeakList1DHeader>
    <Peak1D F1="13.121544" intensity="4.974936e-003" type="0"/>
    <Peak1D F1="10.856378" intensity="5.245727e-003" type="0"/>
    <Peak1D F1="10.094025" intensity="1.646241e-002" type="0"/>
    <Peak1D F1="9.695084" intensity="5.290102e-003" type="0"/>
    <Peak1D F1="8.371456" intensity="6.889247e-003" type="0"/>
    <Peak1D F1="8.342563" intensity="1.448558e-002" type="0"/>
    <Peak1D F1="8.320241" intensity="1.643742e-002" type="0"/>
    <Peak1D F1="8.248368" intensity="1.211505e-002" type="0"/>
    <Peak1D F1="8.229259" intensity="3.128216e-002" type="0"/>
    <Peak1D F1="8.209391" intensity="8.661681e-002" type="0"/>
    <Peak1D F1="8.187869" intensity="8.593915e-002" type="0"/>
    <Peak1D F1="8.159484" intensity="1.367664e+000" type="0"/>
    <Peak1D F1="8.137799" intensity="1.491900e+000" type="0"/>
    <Peak1D F1="8.112339" intensity="1.690923e-001" type="0"/>
    <Peak1D F1="8.091279" intensity="1.631841e-001" type="0"/>
    <Peak1D F1="8.060893" intensity="5.985257e-003" type="0"/>
    <Peak1D F1="8.042802" intensity="6.162855e-003" type="0"/>
    <Peak1D F1="8.020130" intensity="1.669958e-002" type="0"/>
    <Peak1D F1="7.999196" intensity="1.165387e-002" type="0"/>
    <Peak1D F1="7.921439" intensity="7.213496e-003" type="0"/>
    <Peak1D F1="7.896001" intensity="5.477821e-003" type="0"/>
    <Peak1D F1="7.883628" intensity="2.171354e-002" type="0"/>
    <Peak1D F1="7.876336" intensity="1.916043e-002" type="0"/>
    <Peak1D F1="7.862589" intensity="2.260080e-002" type="0"/>
    <Peak1D F1="7.856077" intensity="2.326288e-002" type="0"/>
    <Peak1D F1="7.837147" intensity="7.449782e-003" type="0"/>
    <Peak1D F1="7.819059" intensity="5.991186e-003" type="0"/>
    <Peak1D F1="7.804456" intensity="6.589700e-003" type="0"/>
    <Peak1D F1="7.682781" intensity="9.294881e-003" type="0"/>
    <Peak1D F1="7.661786" intensity="2.177439e-002" type="0"/>
    <Peak1D F1="7.640563" intensity="7.386416e-002" type="0"/>
    <Peak1D F1="7.618465" intensity="7.019784e-002" type="0"/>
    <Peak1D F1="7.609297" intensity="4.797016e-002" type="0"/>
    <Peak1D F1="7.586525" intensity="3.004097e-002" type="0"/>
    <Peak1D F1="7.574098" intensity="1.382480e-002" type="0"/>
    <Peak1D F1="7.553843" intensity="1.841279e-002" type="0"/>
    <Peak1D F1="7.542502" intensity="2.887087e-002" type="0"/>
    <Peak1D F1="7.530069" intensity="3.947566e-002" type="0"/>
    <Peak1D F1="7.520805" intensity="4.783141e-002" type="0"/>
    <Peak1D F1="7.508587" intensity="5.280631e-002" type="0"/>
    <Peak1D F1="7.480896" intensity="1.499152e+000" type="0"/>
    <Peak1D F1="7.458964" intensity="1.512827e+000" type="0"/>
    <Peak1D F1="7.453394" intensity="3.345827e-001" type="0"/>
    <Peak1D F1="7.441153" intensity="2.282091e-001" type="0"/>
    <Peak1D F1="7.409055" intensity="2.795639e-002" type="0"/>
    <Peak1D F1="7.391435" intensity="5.879924e-003" type="0"/>
    <Peak1D F1="7.327016" intensity="1.855198e-002" type="0"/>
    <Peak1D F1="7.286899" intensity="1.575745e-002" type="0"/>
    <Peak1D F1="7.244289" intensity="3.335076e-001" type="0"/>
    <Peak1D F1="7.230464" intensity="5.011831e-002" type="0"/>
    <Peak1D F1="7.194462" intensity="2.040099e+001" type="0"/>
    <Peak1D F1="7.165037" intensity="2.114631e-002" type="0"/>
    <Peak1D F1="7.144309" intensity="3.080538e-001" type="0"/>
    <Peak1D F1="6.959035" intensity="1.625170e-001" type="0"/>
    <Peak1D F1="6.937642" intensity="1.527337e-001" type="0"/>
    <Peak1D F1="6.930473" intensity="1.219538e-001" type="0"/>
    <Peak1D F1="6.917553" intensity="1.183178e-002" type="0"/>
    <Peak1D F1="6.911659" intensity="2.053311e-002" type="0"/>
    <Peak1D F1="6.897840" intensity="2.696295e-002" type="0"/>
    <Peak1D F1="6.891984" intensity="2.767313e-002" type="0"/>
    <Peak1D F1="6.873306" intensity="8.492240e-002" type="0"/>
    <Peak1D F1="6.852076" intensity="7.935652e-002" type="0"/>
    <Peak1D F1="6.832219" intensity="7.091414e-003" type="0"/>
    <Peak1D F1="6.707684" intensity="1.340312e-002" type="0"/>
    <Peak1D F1="6.313677" intensity="1.756897e-002" type="0"/>
    <Peak1D F1="6.126986" intensity="6.769647e-003" type="0"/>
    <Peak1D F1="6.118257" intensity="1.139686e-001" type="0"/>
    <Peak1D F1="6.068624" intensity="2.913280e-002" type="0"/>
    <Peak1D F1="6.045298" intensity="8.009690e-003" type="0"/>
    <Peak1D F1="6.018725" intensity="1.717503e+000" type="0"/>
    <Peak1D F1="5.988746" intensity="5.786620e-003" type="0"/>
    <Peak1D F1="5.969027" intensity="2.649729e-002" type="0"/>
    <Peak1D F1="5.930251" intensity="7.660422e-003" type="0"/>
    <Peak1D F1="5.918189" intensity="8.341187e-003" type="0"/>
    <Peak1D F1="5.785383" intensity="8.166520e-003" type="0"/>
    <Peak1D F1="5.631339" intensity="6.717661e-003" type="0"/>
    <Peak1D F1="5.603626" intensity="1.045212e-002" type="0"/>
    <Peak1D F1="5.491456" intensity="6.122253e-003" type="0"/>
    <Peak1D F1="5.410294" intensity="5.633139e-003" type="0"/>
    <Peak1D F1="5.357265" intensity="9.817881e-002" type="0"/>
    <Peak1D F1="5.350376" intensity="1.006951e-001" type="0"/>
    <Peak1D F1="5.162949" intensity="5.355768e-003" type="0"/>
    <Peak1D F1="5.100796" intensity="6.121236e-003" type="0"/>
    <Peak1D F1="4.946855" intensity="5.124616e-003" type="0"/>
    <Peak1D F1="4.888476" intensity="6.750461e-003" type="0"/>
    <Peak1D F1="4.869821" intensity="9.801670e-003" type="0"/>
    <Peak1D F1="4.849957" intensity="1.092230e-002" type="0"/>
    <Peak1D F1="4.840752" intensity="1.940092e-002" type="0"/>
    <Peak1D F1="4.818352" intensity="2.427467e-002" type="0"/>
    <Peak1D F1="4.790554" intensity="8.186442e-001" type="0"/>
    <Peak1D F1="4.767728" intensity="8.354270e-001" type="0"/>
    <Peak1D F1="4.740589" intensity="3.500983e-002" type="0"/>
    <Peak1D F1="4.718643" intensity="4.622007e-002" type="0"/>
    <Peak1D F1="4.666691" intensity="9.755868e-002" type="0"/>
    <Peak1D F1="4.586034" intensity="2.311136e-002" type="0"/>
    <Peak1D F1="4.557745" intensity="1.355668e-002" type="0"/>
    <Peak1D F1="4.498484" intensity="8.583000e-003" type="0"/>
    <Peak1D F1="4.437638" intensity="6.673325e-003" type="0"/>
    <Peak1D F1="4.427610" intensity="6.496402e-003" type="0"/>
    <Peak1D F1="4.396168" intensity="5.046316e-003" type="0"/>
    <Peak1D F1="4.347534" intensity="4.943846e-003" type="0"/>
    <Peak1D F1="4.005446" intensity="5.266841e-003" type="0"/>
    <Peak1D F1="3.971528" intensity="5.525262e-003" type="0"/>
    <Peak1D F1="3.949056" intensity="7.561852e-003" type="0"/>
    <Peak1D F1="3.878556" intensity="3.935531e-002" type="0"/>
    <Peak1D F1="3.862420" intensity="1.222394e-002" type="0"/>
    <Peak1D F1="3.844474" intensity="1.281377e-001" type="0"/>
    <Peak1D F1="3.827765" intensity="6.657628e-001" type="0"/>
    <Peak1D F1="3.811872" intensity="3.574685e-001" type="0"/>
    <Peak1D F1="3.796706" intensity="9.584226e-002" type="0"/>
    <Peak1D F1="3.792982" intensity="9.867610e-002" type="0"/>
    <Peak1D F1="3.779395" intensity="9.714278e-002" type="0"/>
    <Peak1D F1="3.772514" intensity="3.865597e-001" type="0"/>
    <Peak1D F1="3.751033" intensity="1.057265e-001" type="0"/>
    <Peak1D F1="3.745481" intensity="2.089198e-001" type="0"/>
    <Peak1D F1="3.723594" intensity="4.602291e-002" type="0"/>
    <Peak1D F1="3.701182" intensity="5.419336e+000" type="0"/>
    <Peak1D F1="3.651052" intensity="9.021064e-002" type="0"/>
    <Peak1D F1="3.636724" intensity="8.537613e-003" type="0"/>
    <Peak1D F1="3.579687" intensity="5.239003e-003" type="0"/>
    <Peak1D F1="3.565215" intensity="5.165357e-003" type="0"/>
    <Peak1D F1="3.518717" intensity="2.881557e-002" type="0"/>
    <Peak1D F1="3.488365" intensity="5.230491e-003" type="0"/>
    <Peak1D F1="3.409242" intensity="5.783686e-003" type="0"/>
    <Peak1D F1="2.960411" intensity="9.063842e-003" type="0"/>
    <Peak1D F1="2.953751" intensity="6.595011e-003" type="0"/>
    <Peak1D F1="2.942871" intensity="1.485242e-002" type="0"/>
    <Peak1D F1="2.935807" intensity="1.211292e-002" type="0"/>
    <Peak1D F1="2.923317" intensity="7.116251e-003" type="0"/>
    <Peak1D F1="2.918253" intensity="6.079633e-003" type="0"/>
    <Peak1D F1="2.756935" intensity="5.621199e-003" type="0"/>
    <Peak1D F1="2.737924" intensity="6.814767e-003" type="0"/>
    <Peak1D F1="2.704035" intensity="5.414862e-003" type="0"/>
    <Peak1D F1="2.644901" intensity="5.241669e-003" type="0"/>
    <Peak1D F1="2.563934" intensity="8.089583e-003" type="0"/>
    <Peak1D F1="2.550276" intensity="8.741122e-003" type="0"/>
    <Peak1D F1="2.477892" intensity="1.360587e-002" type="0"/>
    <Peak1D F1="2.433824" intensity="1.600086e-001" type="0"/>
    <Peak1D F1="2.416591" intensity="1.776565e-001" type="0"/>
    <Peak1D F1="2.412837" intensity="1.771447e-001" type="0"/>
    <Peak1D F1="2.388784" intensity="2.356235e-001" type="0"/>
    <Peak1D F1="2.364144" intensity="2.591182e-001" type="0"/>
    <Peak1D F1="2.350628" intensity="1.648641e-001" type="0"/>
    <Peak1D F1="2.327820" intensity="2.870193e-001" type="0"/>
    <Peak1D F1="2.320172" intensity="1.769794e-001" type="0"/>
    <Peak1D F1="2.316781" intensity="1.673281e-001" type="0"/>
    <Peak1D F1="2.307964" intensity="2.396316e-001" type="0"/>
    <Peak1D F1="2.297570" intensity="2.792751e-001" type="0"/>
    <Peak1D F1="2.277180" intensity="1.839503e-001" type="0"/>
    <Peak1D F1="2.252805" intensity="2.518653e-001" type="0"/>
    <Peak1D F1="2.227632" intensity="3.045398e-001" type="0"/>
    <Peak1D F1="2.203911" intensity="3.545861e-001" type="0"/>
    <Peak1D F1="2.182424" intensity="2.102499e-001" type="0"/>
    <Peak1D F1="2.177952" intensity="2.249132e-001" type="0"/>
    <Peak1D F1="2.165616" intensity="1.531453e-001" type="0"/>
    <Peak1D F1="2.155175" intensity="3.227903e-001" type="0"/>
    <Peak1D F1="2.146384" intensity="3.872961e-001" type="0"/>
    <Peak1D F1="2.116062" intensity="4.602947e+000" type="0"/>
    <Peak1D F1="2.096571" intensity="1.430951e+001" type="0"/>
    <Peak1D F1="2.086517" intensity="3.993150e+000" type="0"/>
    <Peak1D F1="2.078212" intensity="7.232172e+000" type="0"/>
    <Peak1D F1="2.056560" intensity="3.711458e-001" type="0"/>
    <Peak1D F1="2.052178" intensity="3.809399e-001" type="0"/>
    <Peak1D F1="2.047116" intensity="3.996195e-001" type="0"/>
    <Peak1D F1="2.028359" intensity="1.834796e-001" type="0"/>
    <Peak1D F1="1.986748" intensity="1.728640e-001" type="0"/>
    <Peak1D F1="1.960046" intensity="3.886125e-001" type="0"/>
    <Peak1D F1="1.949521" intensity="4.079752e-001" type="0"/>
    <Peak1D F1="1.941601" intensity="6.040901e-001" type="0"/>
    <Peak1D F1="1.932747" intensity="8.159188e-001" type="0"/>
    <Peak1D F1="1.925876" intensity="9.318013e-001" type="0"/>
    <Peak1D F1="1.920996" intensity="9.334835e-001" type="0"/>
    <Peak1D F1="1.911079" intensity="7.278822e+000" type="0"/>
    <Peak1D F1="1.900235" intensity="6.340246e+000" type="0"/>
    <Peak1D F1="1.891425" intensity="1.500000e+001" type="0"/>
    <Peak1D F1="1.881701" intensity="5.802841e+000" type="0"/>
    <Peak1D F1="1.872267" intensity="4.821726e+000" type="0"/>
    <Peak1D F1="1.859809" intensity="6.309361e-001" type="0"/>
    <Peak1D F1="1.849975" intensity="3.582423e-001" type="0"/>
    <Peak1D F1="1.841722" intensity="3.351462e-001" type="0"/>
    <Peak1D F1="1.833066" intensity="1.581638e-001" type="0"/>
    <Peak1D F1="1.822584" intensity="1.181304e-001" type="0"/>
    <Peak1D F1="1.794912" intensity="3.883978e-002" type="0"/>
    <Peak1D F1="1.760404" intensity="4.913844e-002" type="0"/>
    <Peak1D F1="1.745163" intensity="1.026111e-001" type="0"/>
    <Peak1D F1="1.729941" intensity="1.258983e-001" type="0"/>
    <Peak1D F1="1.724404" intensity="1.630735e-001" type="0"/>
    <Peak1D F1="1.717742" intensity="1.449325e-001" type="0"/>
    <Peak1D F1="1.708361" intensity="1.702290e-001" type="0"/>
    <Peak1D F1="1.701848" intensity="2.464202e-001" type="0"/>
    <Peak1D F1="1.697657" intensity="2.240674e-001" type="0"/>
    <Peak1D F1="1.688760" intensity="1.950694e-001" type="0"/>
    <Peak1D F1="1.681707" intensity="5.774885e-001" type="0"/>
    <Peak1D F1="1.676447" intensity="3.227184e-001" type="0"/>
    <Peak1D F1="1.671853" intensity="3.501372e-001" type="0"/>
    <Peak1D F1="1.657915" intensity="5.136110e-001" type="0"/>
    <Peak1D F1="1.653787" intensity="4.352767e-001" type="0"/>
    <Peak1D F1="1.642139" intensity="3.096788e-001" type="0"/>
    <Peak1D F1="1.637632" intensity="3.479616e-001" type="0"/>
    <Peak1D F1="1.633365" intensity="2.751238e-001" type="0"/>
    <Peak1D F1="1.626679" intensity="1.568953e-001" type="0"/>
    <Peak1D F1="1.621766" intensity="1.746164e-001" type="0"/>
    <Peak1D F1="1.617705" intensity="1.733088e-001" type="0"/>
    <Peak1D F1="1.602290" intensity="7.226998e-002" type="0"/>
    <Peak1D F1="1.535235" intensity="2.175895e-001" type="0"/>
    <Peak1D F1="1.519774" intensity="1.749292e-001" type="0"/>
    <Peak1D F1="1.512615" intensity="1.857200e-001" type="0"/>
    <Peak1D F1="1.500989" intensity="3.061576e-001" type="0"/>
    <Peak1D F1="1.483491" intensity="3.491903e-001" type="0"/>
    <Peak1D F1="1.470599" intensity="2.430170e-001" type="0"/>
    <Peak1D F1="1.453832" intensity="2.369937e-001" type="0"/>
    <Peak1D F1="1.441597" intensity="6.265653e-002" type="0"/>
    <Peak1D F1="1.436028" intensity="8.121900e-002" type="0"/>
    <Peak1D F1="1.423928" intensity="8.523978e-002" type="0"/>
    <Peak1D F1="1.403100" intensity="2.802068e-002" type="0"/>
    <Peak1D F1="1.342182" intensity="1.730286e-002" type="0"/>
    <Peak1D F1="1.326845" intensity="1.764919e-002" type="0"/>
    <Peak1D F1="1.314896" intensity="2.058987e-002" type="0"/>
    <Peak1D F1="1.275063" intensity="2.368567e-002" type="0"/>
    <Peak1D F1="1.236459" intensity="3.926251e-002" type="0"/>
    <Peak1D F1="1.186808" intensity="1.327429e-001" type="0"/>
    <Peak1D F1="1.156006" intensity="1.629500e-002" type="0"/>
    <Peak1D F1="1.113332" intensity="9.443975e-003" type="0"/>
    <Peak1D F1="1.094060" intensity="7.919846e-003" type="0"/>
    <Peak1D F1="1.057671" intensity="7.400448e-003" type="0"/>
    <Peak1D F1="0.969790" intensity="5.607989e-003" type="0"/>
    <Peak1D F1="0.947485" intensity="5.521060e-003" type="0"/>
    <Peak1D F1="0.916403" intensity="5.730344e-003" type="0"/>
    <Peak1D F1="0.906257" intensity="5.441900e-003" type="0"/>
    <Peak1D F1="0.862721" intensity="8.012529e-003" type="0"/>
    <Peak1D F1="0.826477" intensity="1.842093e-002" type="0"/>
    <Peak1D F1="0.811224" intensity="3.456276e-002" type="0"/>
    <Peak1D F1="0.793510" intensity="1.947631e-002" type="0"/>
    <Peak1D F1="0.775459" intensity="1.714948e-002" type="0"/>
    <Peak1D F1="0.663662" intensity="5.715977e-003" type="0"/>
    <Peak1D F1="0.652611" intensity="6.828018e-003" type="0"/>
    <Peak1D F1="0.463896" intensity="5.475568e-003" type="0"/>
    <Peak1D F1="0.050551" intensity="9.950880e-003" type="0"/>
    <Peak1D F1="-0.000160" intensity="4.825388e-001" type="0"/>
    <Peak1D F1="-0.024158" intensity="6.178925e-003" type="0"/>
    <Peak1D F1="-0.049462" intensity="9.158483e-003" type="0"/>
    <Peak1D F1="-3.111712" intensity="5.138855e-003" type="0"/>
    <Peak1D F1="-3.199881" intensity="5.100152e-003" type="0"/>
    <Peak1D F1="-3.317051" intensity="4.984561e-003" type="0"/>
    <Peak1D F1="-3.389854" intensity="5.747990e-003" type="0"/>
    <Peak1D F1="-3.445328" intensity="5.273045e-003" type="0"/>
    <Peak1D F1="-3.466349" intensity="5.334443e-003" type="0"/>
    <Peak1D F1="-3.478888" intensity="5.385081e-003" type="0"/>
    <Peak1D F1="-3.507822" intensity="5.143422e-003" type="0"/>
    <Peak1D F1="-3.562340" intensity="5.500069e-003" type="0"/>
    <Peak1D F1="-3.696380" intensity="5.269441e-003" type="0"/>
    <Peak1D F1="-3.766263" intensity="5.661304e-003" type="0"/>
    <Peak1D F1="-3.859768" intensity="5.305842e-003" type="0"/>
  </PeakList1D>
</PeakList>
