<?xml version="1.0" encoding="UTF-8"?>
<PeakList>
  <PeakList1D>
    <PeakList1DHeader creator="nmr" date="2021-08-11T19:53:44.256+03:00" expNo="10" name="ID-427-I-11.8.21-real" owner="" procNo="1" source="//132.72.8.180/400b/Milo/Milo">
      <PeakPickDetails>F1=16.189520ppm, F2=-3.839527ppm, MI=0.00cm, MAXI=10000.00cm, PC=1.000
      </PeakPickDetails>
    </PeakList1DHeader>
    <Peak1D F1="12.536183" intensity="1.624223e-003" type="0"/>
    <Peak1D F1="11.841375" intensity="1.496980e-003" type="0"/>
    <Peak1D F1="10.152435" intensity="2.022145e-003" type="0"/>
    <Peak1D F1="8.472232" intensity="1.543945e-003" type="0"/>
    <Peak1D F1="8.397478" intensity="1.100823e-002" type="0"/>
    <Peak1D F1="8.294205" intensity="1.012100e-001" type="0"/>
    <Peak1D F1="8.291482" intensity="1.048199e-001" type="0"/>
    <Peak1D F1="8.274871" intensity="1.794325e-001" type="0"/>
    <Peak1D F1="8.269476" intensity="1.664540e-001" type="0"/>
    <Peak1D F1="8.263633" intensity="1.822184e-001" type="0"/>
    <Peak1D F1="8.258265" intensity="1.820976e-001" type="0"/>
    <Peak1D F1="8.252902" intensity="1.494398e-001" type="0"/>
    <Peak1D F1="8.246999" intensity="1.382285e-001" type="0"/>
    <Peak1D F1="8.242082" intensity="1.554764e-001" type="0"/>
    <Peak1D F1="8.235095" intensity="1.292847e-001" type="0"/>
    <Peak1D F1="8.213365" intensity="1.039207e+000" type="0"/>
    <Peak1D F1="8.206985" intensity="1.269331e+000" type="0"/>
    <Peak1D F1="8.191844" intensity="1.727427e+000" type="0"/>
    <Peak1D F1="8.185084" intensity="1.586682e+000" type="0"/>
    <Peak1D F1="8.176972" intensity="1.064678e+000" type="0"/>
    <Peak1D F1="8.172053" intensity="9.179841e-001" type="0"/>
    <Peak1D F1="8.163185" intensity="3.326220e-001" type="0"/>
    <Peak1D F1="8.142419" intensity="5.838785e-002" type="0"/>
    <Peak1D F1="8.122385" intensity="2.288862e-002" type="0"/>
    <Peak1D F1="8.085001" intensity="9.254985e-003" type="0"/>
    <Peak1D F1="8.062722" intensity="5.501721e-003" type="0"/>
    <Peak1D F1="8.039646" intensity="1.261722e-002" type="0"/>
    <Peak1D F1="8.002380" intensity="7.320142e-002" type="0"/>
    <Peak1D F1="7.996898" intensity="8.512866e-002" type="0"/>
    <Peak1D F1="7.993205" intensity="8.924189e-002" type="0"/>
    <Peak1D F1="7.982444" intensity="1.250271e-001" type="0"/>
    <Peak1D F1="7.978331" intensity="1.149669e-001" type="0"/>
    <Peak1D F1="7.967420" intensity="6.807593e-002" type="0"/>
    <Peak1D F1="7.963734" intensity="5.731809e-002" type="0"/>
    <Peak1D F1="7.935637" intensity="7.836297e-003" type="0"/>
    <Peak1D F1="7.918307" intensity="2.931704e-002" type="0"/>
    <Peak1D F1="7.906620" intensity="3.701553e-002" type="0"/>
    <Peak1D F1="7.902935" intensity="3.479929e-002" type="0"/>
    <Peak1D F1="7.890308" intensity="2.007919e-002" type="0"/>
    <Peak1D F1="7.854556" intensity="7.245335e-003" type="0"/>
    <Peak1D F1="7.846950" intensity="7.634702e-003" type="0"/>
    <Peak1D F1="7.822490" intensity="5.830160e-002" type="0"/>
    <Peak1D F1="7.796232" intensity="1.587598e-001" type="0"/>
    <Peak1D F1="7.785613" intensity="1.120887e-001" type="0"/>
    <Peak1D F1="7.779743" intensity="1.650103e-001" type="0"/>
    <Peak1D F1="7.776227" intensity="1.692128e-001" type="0"/>
    <Peak1D F1="7.771846" intensity="1.052070e-001" type="0"/>
    <Peak1D F1="7.766181" intensity="7.432074e-002" type="0"/>
    <Peak1D F1="7.743431" intensity="1.735414e-002" type="0"/>
    <Peak1D F1="7.713371" intensity="6.686337e-002" type="0"/>
    <Peak1D F1="7.692501" intensity="9.879921e-002" type="0"/>
    <Peak1D F1="7.673180" intensity="8.896518e-002" type="0"/>
    <Peak1D F1="7.661849" intensity="8.716526e-002" type="0"/>
    <Peak1D F1="7.657616" intensity="8.744463e-002" type="0"/>
    <Peak1D F1="7.640465" intensity="8.156329e-002" type="0"/>
    <Peak1D F1="7.626762" intensity="1.030232e-001" type="0"/>
    <Peak1D F1="7.622609" intensity="9.039313e-002" type="0"/>
    <Peak1D F1="7.605570" intensity="9.388321e-002" type="0"/>
    <Peak1D F1="7.589999" intensity="1.211279e-001" type="0"/>
    <Peak1D F1="7.581236" intensity="1.295421e-001" type="0"/>
    <Peak1D F1="7.570554" intensity="2.268012e-001" type="0"/>
    <Peak1D F1="7.563571" intensity="2.185597e-001" type="0"/>
    <Peak1D F1="7.546516" intensity="1.165015e+000" type="0"/>
    <Peak1D F1="7.542146" intensity="1.629025e+000" type="0"/>
    <Peak1D F1="7.536557" intensity="1.270874e+000" type="0"/>
    <Peak1D F1="7.534204" intensity="1.547767e+000" type="0"/>
    <Peak1D F1="7.533365" intensity="1.516357e+000" type="0"/>
    <Peak1D F1="7.525389" intensity="1.500216e+000" type="0"/>
    <Peak1D F1="7.520984" intensity="1.512206e+000" type="0"/>
    <Peak1D F1="7.515370" intensity="1.174629e+000" type="0"/>
    <Peak1D F1="7.512145" intensity="1.377102e+000" type="0"/>
    <Peak1D F1="7.505850" intensity="5.179241e-001" type="0"/>
    <Peak1D F1="7.474554" intensity="8.894651e-002" type="0"/>
    <Peak1D F1="7.460585" intensity="1.123853e-001" type="0"/>
    <Peak1D F1="7.455857" intensity="1.106228e-001" type="0"/>
    <Peak1D F1="7.443139" intensity="1.676750e-001" type="0"/>
    <Peak1D F1="7.426290" intensity="1.809211e-001" type="0"/>
    <Peak1D F1="7.408658" intensity="1.205126e-001" type="0"/>
    <Peak1D F1="7.393355" intensity="1.386949e-001" type="0"/>
    <Peak1D F1="7.381865" intensity="1.498436e-001" type="0"/>
    <Peak1D F1="7.374792" intensity="1.781951e-001" type="0"/>
    <Peak1D F1="7.370751" intensity="1.600797e-001" type="0"/>
    <Peak1D F1="7.357459" intensity="1.038963e-001" type="0"/>
    <Peak1D F1="7.354212" intensity="1.003765e-001" type="0"/>
    <Peak1D F1="7.350612" intensity="9.337389e-002" type="0"/>
    <Peak1D F1="7.333933" intensity="8.873235e-002" type="0"/>
    <Peak1D F1="7.315993" intensity="3.133118e-002" type="0"/>
    <Peak1D F1="7.284445" intensity="3.442863e+000" type="0"/>
    <Peak1D F1="7.234132" intensity="5.667459e-002" type="0"/>
    <Peak1D F1="7.222477" intensity="6.610688e-003" type="0"/>
    <Peak1D F1="7.190659" intensity="5.131093e-003" type="0"/>
    <Peak1D F1="7.185570" intensity="5.792664e-003" type="0"/>
    <Peak1D F1="7.132931" intensity="2.643788e-003" type="0"/>
    <Peak1D F1="7.119823" intensity="1.714406e-003" type="0"/>
    <Peak1D F1="7.091682" intensity="2.921537e-003" type="0"/>
    <Peak1D F1="7.019957" intensity="1.654609e-002" type="0"/>
    <Peak1D F1="6.847714" intensity="4.809616e-003" type="0"/>
    <Peak1D F1="6.827794" intensity="3.949222e-003" type="0"/>
    <Peak1D F1="6.423773" intensity="1.816528e-003" type="0"/>
    <Peak1D F1="6.276099" intensity="7.103287e-003" type="0"/>
    <Peak1D F1="6.270742" intensity="8.939710e-003" type="0"/>
    <Peak1D F1="6.216270" intensity="1.918152e-003" type="0"/>
    <Peak1D F1="6.179332" intensity="1.390495e-002" type="0"/>
    <Peak1D F1="6.170160" intensity="8.289466e-003" type="0"/>
    <Peak1D F1="6.127682" intensity="7.929955e-002" type="0"/>
    <Peak1D F1="6.110420" intensity="3.545219e-002" type="0"/>
    <Peak1D F1="6.077830" intensity="1.651427e+000" type="0"/>
    <Peak1D F1="6.072133" intensity="1.861905e+000" type="0"/>
    <Peak1D F1="6.060355" intensity="1.386797e+000" type="0"/>
    <Peak1D F1="6.034987" intensity="2.949088e-002" type="0"/>
    <Peak1D F1="6.028108" intensity="6.114910e-002" type="0"/>
    <Peak1D F1="6.022651" intensity="4.314436e-002" type="0"/>
    <Peak1D F1="6.010534" intensity="3.046808e-002" type="0"/>
    <Peak1D F1="5.978215" intensity="2.298535e-003" type="0"/>
    <Peak1D F1="5.884232" intensity="4.315041e-002" type="0"/>
    <Peak1D F1="5.858804" intensity="6.184084e-003" type="0"/>
    <Peak1D F1="5.838666" intensity="2.979405e-002" type="0"/>
    <Peak1D F1="5.789826" intensity="4.993974e-003" type="0"/>
    <Peak1D F1="5.763062" intensity="7.920043e-003" type="0"/>
    <Peak1D F1="5.760294" intensity="7.905868e-003" type="0"/>
    <Peak1D F1="5.739491" intensity="3.000088e-002" type="0"/>
    <Peak1D F1="5.711953" intensity="3.022999e-002" type="0"/>
    <Peak1D F1="5.688894" intensity="4.725850e-003" type="0"/>
    <Peak1D F1="5.673624" intensity="6.374874e-003" type="0"/>
    <Peak1D F1="5.647276" intensity="5.485170e-003" type="0"/>
    <Peak1D F1="5.606731" intensity="6.482244e-003" type="0"/>
    <Peak1D F1="5.573599" intensity="1.467889e-002" type="0"/>
    <Peak1D F1="5.534791" intensity="5.216641e-002" type="0"/>
    <Peak1D F1="5.521263" intensity="3.972608e-002" type="0"/>
    <Peak1D F1="5.457131" intensity="2.358519e-002" type="0"/>
    <Peak1D F1="5.406025" intensity="2.695715e-001" type="0"/>
    <Peak1D F1="5.400452" intensity="2.382906e-001" type="0"/>
    <Peak1D F1="5.353449" intensity="8.360630e-003" type="0"/>
    <Peak1D F1="5.283692" intensity="2.127834e-003" type="0"/>
    <Peak1D F1="5.213612" intensity="7.280428e-003" type="0"/>
    <Peak1D F1="5.197990" intensity="6.358278e-003" type="0"/>
    <Peak1D F1="5.114108" intensity="1.687739e-003" type="0"/>
    <Peak1D F1="5.070043" intensity="2.559631e-003" type="0"/>
    <Peak1D F1="5.053518" intensity="9.026239e-003" type="0"/>
    <Peak1D F1="5.031823" intensity="1.000851e-002" type="0"/>
    <Peak1D F1="4.980385" intensity="2.433524e-002" type="0"/>
    <Peak1D F1="4.959287" intensity="3.886613e-002" type="0"/>
    <Peak1D F1="4.940051" intensity="2.678755e-002" type="0"/>
    <Peak1D F1="4.929176" intensity="5.490893e-002" type="0"/>
    <Peak1D F1="4.901798" intensity="8.373192e-002" type="0"/>
    <Peak1D F1="4.874533" intensity="1.339471e+000" type="0"/>
    <Peak1D F1="4.852303" intensity="1.391551e+000" type="0"/>
    <Peak1D F1="4.824338" intensity="7.213213e-002" type="0"/>
    <Peak1D F1="4.801663" intensity="8.742742e-002" type="0"/>
    <Peak1D F1="4.753716" intensity="9.680375e-002" type="0"/>
    <Peak1D F1="4.690947" intensity="5.765971e-002" type="0"/>
    <Peak1D F1="4.669014" intensity="4.398362e-002" type="0"/>
    <Peak1D F1="4.417264" intensity="3.238774e-003" type="0"/>
    <Peak1D F1="4.332391" intensity="1.888430e-003" type="0"/>
    <Peak1D F1="3.939078" intensity="2.567243e-002" type="0"/>
    <Peak1D F1="3.933619" intensity="2.979852e-002" type="0"/>
    <Peak1D F1="3.922335" intensity="2.187021e-002" type="0"/>
    <Peak1D F1="3.908590" intensity="2.237005e-003" type="0"/>
    <Peak1D F1="3.872261" intensity="2.263764e-002" type="0"/>
    <Peak1D F1="3.866802" intensity="2.439517e-002" type="0"/>
    <Peak1D F1="3.855510" intensity="1.071755e-002" type="0"/>
    <Peak1D F1="3.845589" intensity="2.467252e-003" type="0"/>
    <Peak1D F1="3.811744" intensity="1.332205e-001" type="0"/>
    <Peak1D F1="3.806195" intensity="9.256610e-002" type="0"/>
    <Peak1D F1="3.794867" intensity="1.085983e-001" type="0"/>
    <Peak1D F1="3.761730" intensity="5.013790e+000" type="0"/>
    <Peak1D F1="3.756208" intensity="5.836347e+000" type="0"/>
    <Peak1D F1="3.744836" intensity="4.294049e+000" type="0"/>
    <Peak1D F1="3.712021" intensity="1.276582e-001" type="0"/>
    <Peak1D F1="3.706389" intensity="8.175697e-002" type="0"/>
    <Peak1D F1="3.694997" intensity="8.922010e-002" type="0"/>
    <Peak1D F1="3.662185" intensity="1.098926e-002" type="0"/>
    <Peak1D F1="3.656671" intensity="7.720382e-003" type="0"/>
    <Peak1D F1="3.645015" intensity="6.045412e-003" type="0"/>
    <Peak1D F1="3.629243" intensity="4.064481e-003" type="0"/>
    <Peak1D F1="3.612388" intensity="4.170926e-003" type="0"/>
    <Peak1D F1="3.579443" intensity="2.863341e-002" type="0"/>
    <Peak1D F1="3.573946" intensity="3.248822e-002" type="0"/>
    <Peak1D F1="3.562656" intensity="2.451007e-002" type="0"/>
    <Peak1D F1="3.524014" intensity="3.626287e-003" type="0"/>
    <Peak1D F1="3.451646" intensity="3.814404e-003" type="0"/>
    <Peak1D F1="3.429078" intensity="4.058831e-003" type="0"/>
    <Peak1D F1="3.409116" intensity="4.340772e-003" type="0"/>
    <Peak1D F1="3.375638" intensity="5.163582e-003" type="0"/>
    <Peak1D F1="3.296341" intensity="7.626371e-003" type="0"/>
    <Peak1D F1="3.288375" intensity="7.590908e-003" type="0"/>
    <Peak1D F1="3.260991" intensity="7.739271e-003" type="0"/>
    <Peak1D F1="3.194314" intensity="1.240636e-002" type="0"/>
    <Peak1D F1="3.158392" intensity="1.005455e-002" type="0"/>
    <Peak1D F1="3.127321" intensity="9.597823e-003" type="0"/>
    <Peak1D F1="3.112788" intensity="9.314903e-003" type="0"/>
    <Peak1D F1="3.104483" intensity="9.116736e-003" type="0"/>
    <Peak1D F1="3.080043" intensity="9.524636e-003" type="0"/>
    <Peak1D F1="3.062395" intensity="9.137464e-003" type="0"/>
    <Peak1D F1="3.015707" intensity="1.852561e-002" type="0"/>
    <Peak1D F1="3.008147" intensity="2.049543e-002" type="0"/>
    <Peak1D F1="2.997790" intensity="2.116245e-002" type="0"/>
    <Peak1D F1="2.990541" intensity="1.726423e-002" type="0"/>
    <Peak1D F1="2.980977" intensity="1.391845e-002" type="0"/>
    <Peak1D F1="2.937444" intensity="3.229464e-003" type="0"/>
    <Peak1D F1="2.915486" intensity="8.291482e-003" type="0"/>
    <Peak1D F1="2.909065" intensity="7.577021e-003" type="0"/>
    <Peak1D F1="2.887991" intensity="1.239927e-002" type="0"/>
    <Peak1D F1="2.855912" intensity="2.187011e-002" type="0"/>
    <Peak1D F1="2.830708" intensity="3.578867e-002" type="0"/>
    <Peak1D F1="2.776877" intensity="9.647524e-003" type="0"/>
    <Peak1D F1="2.758131" intensity="8.868124e-003" type="0"/>
    <Peak1D F1="2.736418" intensity="8.240717e-003" type="0"/>
    <Peak1D F1="2.706486" intensity="9.729858e-003" type="0"/>
    <Peak1D F1="2.684684" intensity="7.088226e-003" type="0"/>
    <Peak1D F1="2.612184" intensity="2.728003e-002" type="0"/>
    <Peak1D F1="2.559889" intensity="2.218623e-002" type="0"/>
    <Peak1D F1="2.481149" intensity="1.996401e-001" type="0"/>
    <Peak1D F1="2.462095" intensity="3.131106e-001" type="0"/>
    <Peak1D F1="2.456092" intensity="3.087307e-001" type="0"/>
    <Peak1D F1="2.450684" intensity="2.802055e-001" type="0"/>
    <Peak1D F1="2.431239" intensity="5.779679e-001" type="0"/>
    <Peak1D F1="2.423466" intensity="4.149640e-001" type="0"/>
    <Peak1D F1="2.410211" intensity="8.573917e-001" type="0"/>
    <Peak1D F1="2.401295" intensity="6.058577e-001" type="0"/>
    <Peak1D F1="2.388514" intensity="4.838397e-001" type="0"/>
    <Peak1D F1="2.379880" intensity="5.740715e-001" type="0"/>
    <Peak1D F1="2.358768" intensity="3.405288e-001" type="0"/>
    <Peak1D F1="2.336436" intensity="1.586817e-001" type="0"/>
    <Peak1D F1="2.316783" intensity="1.291044e-001" type="0"/>
    <Peak1D F1="2.300524" intensity="2.096154e-001" type="0"/>
    <Peak1D F1="2.293480" intensity="1.796416e-001" type="0"/>
    <Peak1D F1="2.285851" intensity="1.519320e-001" type="0"/>
    <Peak1D F1="2.277230" intensity="2.983791e-001" type="0"/>
    <Peak1D F1="2.273941" intensity="2.932678e-001" type="0"/>
    <Peak1D F1="2.267044" intensity="2.585670e-001" type="0"/>
    <Peak1D F1="2.251772" intensity="3.894599e-001" type="0"/>
    <Peak1D F1="2.244571" intensity="3.030114e-001" type="0"/>
    <Peak1D F1="2.227946" intensity="4.118105e-001" type="0"/>
    <Peak1D F1="2.218322" intensity="3.583538e-001" type="0"/>
    <Peak1D F1="2.202414" intensity="6.723402e-001" type="0"/>
    <Peak1D F1="2.170875" intensity="5.158104e+000" type="0"/>
    <Peak1D F1="2.168615" intensity="5.392347e+000" type="0"/>
    <Peak1D F1="2.156840" intensity="1.272663e+001" type="0"/>
    <Peak1D F1="2.151536" intensity="1.407057e+001" type="0"/>
    <Peak1D F1="2.139810" intensity="1.254321e+001" type="0"/>
    <Peak1D F1="2.123061" intensity="4.135516e+000" type="0"/>
    <Peak1D F1="2.121815" intensity="4.109709e+000" type="0"/>
    <Peak1D F1="2.107899" intensity="8.534585e-001" type="0"/>
    <Peak1D F1="2.090360" intensity="4.622341e-001" type="0"/>
    <Peak1D F1="2.071904" intensity="2.128156e-001" type="0"/>
    <Peak1D F1="2.062461" intensity="1.729660e-001" type="0"/>
    <Peak1D F1="2.058186" intensity="1.738030e-001" type="0"/>
    <Peak1D F1="2.032719" intensity="3.900438e-001" type="0"/>
    <Peak1D F1="2.009646" intensity="8.451622e-001" type="0"/>
    <Peak1D F1="2.004987" intensity="9.998784e-001" type="0"/>
    <Peak1D F1="1.990288" intensity="1.575425e+000" type="0"/>
    <Peak1D F1="1.985080" intensity="1.779352e+000" type="0"/>
    <Peak1D F1="1.974338" intensity="5.443310e+000" type="0"/>
    <Peak1D F1="1.969548" intensity="7.048737e+000" type="0"/>
    <Peak1D F1="1.960567" intensity="1.048242e+001" type="0"/>
    <Peak1D F1="1.955378" intensity="1.339942e+001" type="0"/>
    <Peak1D F1="1.950580" intensity="1.500000e+001" type="0"/>
    <Peak1D F1="1.944082" intensity="1.108166e+001" type="0"/>
    <Peak1D F1="1.940891" intensity="1.180797e+001" type="0"/>
    <Peak1D F1="1.933701" intensity="6.819906e+000" type="0"/>
    <Peak1D F1="1.932310" intensity="6.623931e+000" type="0"/>
    <Peak1D F1="1.922935" intensity="2.959260e+000" type="0"/>
    <Peak1D F1="1.921840" intensity="2.958918e+000" type="0"/>
    <Peak1D F1="1.909609" intensity="8.005963e-001" type="0"/>
    <Peak1D F1="1.891193" intensity="4.109650e-001" type="0"/>
    <Peak1D F1="1.871705" intensity="2.055220e-001" type="0"/>
    <Peak1D F1="1.849978" intensity="1.404966e-001" type="0"/>
    <Peak1D F1="1.823407" intensity="1.247068e-001" type="0"/>
    <Peak1D F1="1.819392" intensity="1.264289e-001" type="0"/>
    <Peak1D F1="1.804802" intensity="1.787497e-001" type="0"/>
    <Peak1D F1="1.794380" intensity="1.936937e-001" type="0"/>
    <Peak1D F1="1.789181" intensity="2.442775e-001" type="0"/>
    <Peak1D F1="1.782903" intensity="2.541438e-001" type="0"/>
    <Peak1D F1="1.767371" intensity="4.678359e-001" type="0"/>
    <Peak1D F1="1.762044" intensity="5.084903e-001" type="0"/>
    <Peak1D F1="1.756455" intensity="5.832859e-001" type="0"/>
    <Peak1D F1="1.751758" intensity="5.921696e-001" type="0"/>
    <Peak1D F1="1.740157" intensity="8.917445e-001" type="0"/>
    <Peak1D F1="1.734312" intensity="9.989382e-001" type="0"/>
    <Peak1D F1="1.723327" intensity="6.714938e-001" type="0"/>
    <Peak1D F1="1.716936" intensity="7.718185e-001" type="0"/>
    <Peak1D F1="1.714152" intensity="8.325824e-001" type="0"/>
    <Peak1D F1="1.704448" intensity="5.544510e-001" type="0"/>
    <Peak1D F1="1.698519" intensity="5.072575e-001" type="0"/>
    <Peak1D F1="1.682999" intensity="2.865432e-001" type="0"/>
    <Peak1D F1="1.636871" intensity="7.662346e-002" type="0"/>
    <Peak1D F1="1.621309" intensity="9.123554e-002" type="0"/>
    <Peak1D F1="1.606026" intensity="1.499400e-001" type="0"/>
    <Peak1D F1="1.596889" intensity="1.647814e-001" type="0"/>
    <Peak1D F1="1.590610" intensity="2.050838e-001" type="0"/>
    <Peak1D F1="1.582430" intensity="1.960848e-001" type="0"/>
    <Peak1D F1="1.570105" intensity="3.547140e-001" type="0"/>
    <Peak1D F1="1.563025" intensity="2.663518e-001" type="0"/>
    <Peak1D F1="1.551906" intensity="3.631925e-001" type="0"/>
    <Peak1D F1="1.545063" intensity="3.343475e-001" type="0"/>
    <Peak1D F1="1.538663" intensity="2.979820e-001" type="0"/>
    <Peak1D F1="1.534806" intensity="2.616964e-001" type="0"/>
    <Peak1D F1="1.524188" intensity="2.684170e-001" type="0"/>
    <Peak1D F1="1.506167" intensity="9.470363e-002" type="0"/>
    <Peak1D F1="1.497847" intensity="9.584266e-002" type="0"/>
    <Peak1D F1="1.491866" intensity="7.839451e-002" type="0"/>
    <Peak1D F1="1.457795" intensity="3.753233e-002" type="0"/>
    <Peak1D F1="1.440544" intensity="3.945027e-002" type="0"/>
    <Peak1D F1="1.411664" intensity="4.405643e-002" type="0"/>
    <Peak1D F1="1.389410" intensity="3.219623e-002" type="0"/>
    <Peak1D F1="1.365630" intensity="2.419741e-002" type="0"/>
    <Peak1D F1="1.295211" intensity="3.477846e-002" type="0"/>
    <Peak1D F1="1.248584" intensity="4.556449e-002" type="0"/>
    <Peak1D F1="1.167273" intensity="1.005015e-002" type="0"/>
    <Peak1D F1="1.081878" intensity="7.092227e-003" type="0"/>
    <Peak1D F1="1.038428" intensity="6.126941e-003" type="0"/>
    <Peak1D F1="1.008732" intensity="6.265542e-003" type="0"/>
    <Peak1D F1="0.992371" intensity="5.992777e-003" type="0"/>
    <Peak1D F1="0.954904" intensity="6.155436e-003" type="0"/>
    <Peak1D F1="0.868443" intensity="1.426192e-002" type="0"/>
    <Peak1D F1="0.857947" intensity="1.251294e-002" type="0"/>
    <Peak1D F1="0.820491" intensity="7.434228e-003" type="0"/>
    <Peak1D F1="0.751977" intensity="4.495708e-003" type="0"/>
    <Peak1D F1="0.711146" intensity="4.247492e-003" type="0"/>
    <Peak1D F1="0.675519" intensity="3.717272e-003" type="0"/>
    <Peak1D F1="0.630257" intensity="3.559008e-003" type="0"/>
    <Peak1D F1="0.575308" intensity="3.538916e-003" type="0"/>
    <Peak1D F1="0.562222" intensity="3.594898e-003" type="0"/>
    <Peak1D F1="0.554109" intensity="3.078543e-003" type="0"/>
    <Peak1D F1="0.526951" intensity="3.009329e-003" type="0"/>
    <Peak1D F1="0.490438" intensity="3.305332e-003" type="0"/>
    <Peak1D F1="0.474377" intensity="2.774043e-003" type="0"/>
    <Peak1D F1="0.457132" intensity="3.124993e-003" type="0"/>
    <Peak1D F1="0.395915" intensity="2.751847e-003" type="0"/>
    <Peak1D F1="0.361120" intensity="2.413410e-003" type="0"/>
    <Peak1D F1="0.340695" intensity="2.747201e-003" type="0"/>
    <Peak1D F1="0.313920" intensity="2.445329e-003" type="0"/>
    <Peak1D F1="0.308508" intensity="2.153246e-003" type="0"/>
    <Peak1D F1="0.294108" intensity="2.498140e-003" type="0"/>
    <Peak1D F1="0.245597" intensity="2.534474e-003" type="0"/>
    <Peak1D F1="0.234479" intensity="2.459779e-003" type="0"/>
    <Peak1D F1="0.212881" intensity="1.898084e-003" type="0"/>
    <Peak1D F1="0.203140" intensity="2.080383e-003" type="0"/>
    <Peak1D F1="0.190445" intensity="1.789288e-003" type="0"/>
    <Peak1D F1="0.169144" intensity="1.822615e-003" type="0"/>
    <Peak1D F1="0.158732" intensity="1.639725e-003" type="0"/>
    <Peak1D F1="0.142581" intensity="2.032485e-003" type="0"/>
    <Peak1D F1="0.130041" intensity="2.263115e-003" type="0"/>
    <Peak1D F1="0.065015" intensity="1.694810e-002" type="0"/>
    <Peak1D F1="0.058081" intensity="9.372146e-003" type="0"/>
    <Peak1D F1="0.032827" intensity="1.940032e-003" type="0"/>
    <Peak1D F1="0.022148" intensity="1.988342e-003" type="0"/>
    <Peak1D F1="0.014178" intensity="1.718399e-003" type="0"/>
    <Peak1D F1="-0.002457" intensity="1.709801e-003" type="0"/>
    <Peak1D F1="-0.032057" intensity="1.502922e-003" type="0"/>
    <Peak1D F1="-0.116196" intensity="1.540316e-003" type="0"/>
    <Peak1D F1="-0.164241" intensity="1.681583e-003" type="0"/>
    <Peak1D F1="-0.194975" intensity="1.674226e-003" type="0"/>
    <Peak1D F1="-3.386131" intensity="1.603038e-003" type="0"/>
    <Peak1D F1="-3.453283" intensity="1.574098e-003" type="0"/>
    <Peak1D F1="-3.475491" intensity="1.864138e-003" type="0"/>
  </PeakList1D>
</PeakList>
