<?xml version="1.0" encoding="UTF-8"?>
<PeakList>
  <PeakList1D>
    <PeakList1DHeader creator="nmr" date="2021-08-11T17:41:34.584+03:00" expNo="10" name="ID-427-d-11.8.21" owner="" procNo="1" source="//132.72.8.180/400b/Milo/Milo">
      <PeakPickDetails>F1=16.129339ppm, F2=-3.899707ppm, MI=0.00cm, MAXI=10000.00cm, PC=1.000
      </PeakPickDetails>
    </PeakList1DHeader>
    <Peak1D F1="12.509962" intensity="1.374059e-003" type="0"/>
    <Peak1D F1="11.934443" intensity="1.705195e-003" type="0"/>
    <Peak1D F1="11.898362" intensity="1.529411e-003" type="0"/>
    <Peak1D F1="11.139949" intensity="1.643140e-003" type="0"/>
    <Peak1D F1="11.031146" intensity="1.404787e-003" type="0"/>
    <Peak1D F1="10.087514" intensity="2.010150e-003" type="0"/>
    <Peak1D F1="8.472483" intensity="1.531769e-003" type="0"/>
    <Peak1D F1="8.395272" intensity="1.682307e-003" type="0"/>
    <Peak1D F1="8.346642" intensity="6.075220e-003" type="0"/>
    <Peak1D F1="8.329021" intensity="8.171170e-003" type="0"/>
    <Peak1D F1="8.309867" intensity="6.269396e-003" type="0"/>
    <Peak1D F1="8.217325" intensity="6.536784e-002" type="0"/>
    <Peak1D F1="8.206573" intensity="5.913920e-002" type="0"/>
    <Peak1D F1="8.199971" intensity="1.275135e-001" type="0"/>
    <Peak1D F1="8.190995" intensity="9.373471e-002" type="0"/>
    <Peak1D F1="8.185281" intensity="8.352294e-002" type="0"/>
    <Peak1D F1="8.178568" intensity="1.052138e-001" type="0"/>
    <Peak1D F1="8.169070" intensity="7.860931e-002" type="0"/>
    <Peak1D F1="8.161500" intensity="7.750485e-002" type="0"/>
    <Peak1D F1="8.140932" intensity="1.040774e+000" type="0"/>
    <Peak1D F1="8.135061" intensity="7.175007e-001" type="0"/>
    <Peak1D F1="8.132239" intensity="7.221929e-001" type="0"/>
    <Peak1D F1="8.128966" intensity="7.142047e-001" type="0"/>
    <Peak1D F1="8.126196" intensity="7.274491e-001" type="0"/>
    <Peak1D F1="8.119101" intensity="1.177603e+000" type="0"/>
    <Peak1D F1="8.112169" intensity="7.771762e-001" type="0"/>
    <Peak1D F1="8.079245" intensity="4.387267e-002" type="0"/>
    <Peak1D F1="8.071023" intensity="3.238183e-002" type="0"/>
    <Peak1D F1="8.060360" intensity="2.447437e-002" type="0"/>
    <Peak1D F1="8.039565" intensity="1.635976e-002" type="0"/>
    <Peak1D F1="7.998838" intensity="2.703228e-003" type="0"/>
    <Peak1D F1="7.911495" intensity="4.794526e-003" type="0"/>
    <Peak1D F1="7.904767" intensity="5.045175e-003" type="0"/>
    <Peak1D F1="7.857913" intensity="6.785879e-003" type="0"/>
    <Peak1D F1="7.841393" intensity="9.889897e-003" type="0"/>
    <Peak1D F1="7.826077" intensity="4.198672e-002" type="0"/>
    <Peak1D F1="7.817458" intensity="5.503590e-002" type="0"/>
    <Peak1D F1="7.806321" intensity="6.040847e-002" type="0"/>
    <Peak1D F1="7.798240" intensity="6.408632e-002" type="0"/>
    <Peak1D F1="7.782880" intensity="2.465397e-002" type="0"/>
    <Peak1D F1="7.760374" intensity="4.922926e-003" type="0"/>
    <Peak1D F1="7.739662" intensity="1.865764e-002" type="0"/>
    <Peak1D F1="7.719995" intensity="2.012128e-002" type="0"/>
    <Peak1D F1="7.676744" intensity="1.344305e-002" type="0"/>
    <Peak1D F1="7.654826" intensity="4.772273e-002" type="0"/>
    <Peak1D F1="7.640316" intensity="5.976306e-002" type="0"/>
    <Peak1D F1="7.635388" intensity="8.007418e-002" type="0"/>
    <Peak1D F1="7.626212" intensity="1.860034e-001" type="0"/>
    <Peak1D F1="7.618437" intensity="1.519204e-001" type="0"/>
    <Peak1D F1="7.606914" intensity="2.208467e-001" type="0"/>
    <Peak1D F1="7.598215" intensity="1.023966e-001" type="0"/>
    <Peak1D F1="7.587811" intensity="6.286632e-002" type="0"/>
    <Peak1D F1="7.565571" intensity="4.432974e-002" type="0"/>
    <Peak1D F1="7.547826" intensity="6.850769e-002" type="0"/>
    <Peak1D F1="7.526256" intensity="1.040953e-001" type="0"/>
    <Peak1D F1="7.520215" intensity="8.519605e-002" type="0"/>
    <Peak1D F1="7.507179" intensity="1.628045e-001" type="0"/>
    <Peak1D F1="7.502275" intensity="1.610890e-001" type="0"/>
    <Peak1D F1="7.496049" intensity="1.505741e-001" type="0"/>
    <Peak1D F1="7.478531" intensity="1.246971e+000" type="0"/>
    <Peak1D F1="7.471764" intensity="1.038534e+000" type="0"/>
    <Peak1D F1="7.456551" intensity="1.202953e+000" type="0"/>
    <Peak1D F1="7.449330" intensity="9.032942e-001" type="0"/>
    <Peak1D F1="7.428884" intensity="4.715794e-002" type="0"/>
    <Peak1D F1="7.406869" intensity="2.250756e-002" type="0"/>
    <Peak1D F1="7.398885" intensity="2.042299e-002" type="0"/>
    <Peak1D F1="7.392669" intensity="1.431558e-002" type="0"/>
    <Peak1D F1="7.368152" intensity="5.948060e-003" type="0"/>
    <Peak1D F1="7.339797" intensity="3.747873e-003" type="0"/>
    <Peak1D F1="7.327396" intensity="5.499327e-003" type="0"/>
    <Peak1D F1="7.312079" intensity="1.270417e-002" type="0"/>
    <Peak1D F1="7.299309" intensity="1.329588e-002" type="0"/>
    <Peak1D F1="7.273854" intensity="1.306877e-001" type="0"/>
    <Peak1D F1="7.224135" intensity="6.922222e+000" type="0"/>
    <Peak1D F1="7.190990" intensity="4.830107e-002" type="0"/>
    <Peak1D F1="7.174031" intensity="1.853401e-001" type="0"/>
    <Peak1D F1="7.157858" intensity="5.866624e-002" type="0"/>
    <Peak1D F1="7.129100" intensity="1.663601e-001" type="0"/>
    <Peak1D F1="7.110344" intensity="1.485268e-001" type="0"/>
    <Peak1D F1="7.060814" intensity="2.593508e-003" type="0"/>
    <Peak1D F1="7.052822" intensity="3.068086e-003" type="0"/>
    <Peak1D F1="7.033720" intensity="1.690557e-003" type="0"/>
    <Peak1D F1="6.959563" intensity="3.632716e-002" type="0"/>
    <Peak1D F1="6.940232" intensity="1.988161e-003" type="0"/>
    <Peak1D F1="6.911671" intensity="3.796351e-003" type="0"/>
    <Peak1D F1="6.675293" intensity="3.180064e-003" type="0"/>
    <Peak1D F1="6.654188" intensity="2.625619e-003" type="0"/>
    <Peak1D F1="6.204558" intensity="6.028456e-003" type="0"/>
    <Peak1D F1="6.199435" intensity="5.778273e-003" type="0"/>
    <Peak1D F1="6.114395" intensity="8.362178e-003" type="0"/>
    <Peak1D F1="6.106965" intensity="5.679256e-003" type="0"/>
    <Peak1D F1="6.101525" intensity="5.504047e-003" type="0"/>
    <Peak1D F1="6.056277" intensity="5.287280e-002" type="0"/>
    <Peak1D F1="6.049865" intensity="3.807590e-002" type="0"/>
    <Peak1D F1="6.006231" intensity="1.980177e+000" type="0"/>
    <Peak1D F1="6.001620" intensity="4.803990e-001" type="0"/>
    <Peak1D F1="5.998498" intensity="5.010745e-001" type="0"/>
    <Peak1D F1="5.995644" intensity="6.926715e-001" type="0"/>
    <Peak1D F1="5.956657" intensity="3.881349e-002" type="0"/>
    <Peak1D F1="5.945590" intensity="1.845217e-002" type="0"/>
    <Peak1D F1="5.924696" intensity="2.934446e-003" type="0"/>
    <Peak1D F1="5.802989" intensity="2.427806e-002" type="0"/>
    <Peak1D F1="5.796796" intensity="2.691741e-002" type="0"/>
    <Peak1D F1="5.757007" intensity="1.006706e-002" type="0"/>
    <Peak1D F1="5.749288" intensity="1.213165e-002" type="0"/>
    <Peak1D F1="5.699058" intensity="2.554347e-003" type="0"/>
    <Peak1D F1="5.670012" intensity="4.555444e-003" type="0"/>
    <Peak1D F1="5.648612" intensity="2.304315e-002" type="0"/>
    <Peak1D F1="5.621909" intensity="2.248379e-002" type="0"/>
    <Peak1D F1="5.582639" intensity="4.356122e-003" type="0"/>
    <Peak1D F1="5.554322" intensity="4.735454e-003" type="0"/>
    <Peak1D F1="5.501863" intensity="1.307778e-002" type="0"/>
    <Peak1D F1="5.463479" intensity="5.342598e-002" type="0"/>
    <Peak1D F1="5.432755" intensity="1.910254e-002" type="0"/>
    <Peak1D F1="5.385904" intensity="2.315914e-002" type="0"/>
    <Peak1D F1="5.341855" intensity="1.728594e-001" type="0"/>
    <Peak1D F1="5.335064" intensity="2.141925e-001" type="0"/>
    <Peak1D F1="5.285941" intensity="5.663684e-003" type="0"/>
    <Peak1D F1="5.264813" intensity="4.915215e-003" type="0"/>
    <Peak1D F1="5.216011" intensity="1.664345e-003" type="0"/>
    <Peak1D F1="5.123720" intensity="3.146935e-003" type="0"/>
    <Peak1D F1="5.107456" intensity="2.737295e-003" type="0"/>
    <Peak1D F1="4.993827" intensity="5.030975e-003" type="0"/>
    <Peak1D F1="4.971391" intensity="5.522573e-003" type="0"/>
    <Peak1D F1="4.921120" intensity="1.303079e-002" type="0"/>
    <Peak1D F1="4.899586" intensity="2.481462e-002" type="0"/>
    <Peak1D F1="4.888253" intensity="2.353870e-002" type="0"/>
    <Peak1D F1="4.880651" intensity="1.850553e-002" type="0"/>
    <Peak1D F1="4.865165" intensity="4.114270e-002" type="0"/>
    <Peak1D F1="4.841924" intensity="4.760735e-002" type="0"/>
    <Peak1D F1="4.814321" intensity="8.575405e-001" type="0"/>
    <Peak1D F1="4.792207" intensity="8.607975e-001" type="0"/>
    <Peak1D F1="4.763947" intensity="4.034529e-002" type="0"/>
    <Peak1D F1="4.741815" intensity="5.205951e-002" type="0"/>
    <Peak1D F1="4.696058" intensity="6.966783e-002" type="0"/>
    <Peak1D F1="4.630838" intensity="3.041355e-002" type="0"/>
    <Peak1D F1="4.608860" intensity="2.232860e-002" type="0"/>
    <Peak1D F1="4.551452" intensity="8.398234e-003" type="0"/>
    <Peak1D F1="4.519036" intensity="6.245960e-003" type="0"/>
    <Peak1D F1="4.509320" intensity="5.921537e-003" type="0"/>
    <Peak1D F1="4.492837" intensity="5.097555e-003" type="0"/>
    <Peak1D F1="4.439597" intensity="2.492411e-003" type="0"/>
    <Peak1D F1="4.411108" intensity="2.160325e-003" type="0"/>
    <Peak1D F1="4.352780" intensity="1.667041e-003" type="0"/>
    <Peak1D F1="3.867999" intensity="3.236502e-002" type="0"/>
    <Peak1D F1="3.857855" intensity="1.143090e-002" type="0"/>
    <Peak1D F1="3.838554" intensity="5.096382e-003" type="0"/>
    <Peak1D F1="3.829445" intensity="3.078835e-003" type="0"/>
    <Peak1D F1="3.801219" intensity="2.452992e-002" type="0"/>
    <Peak1D F1="3.782217" intensity="4.931031e-003" type="0"/>
    <Peak1D F1="3.740587" intensity="1.116007e-001" type="0"/>
    <Peak1D F1="3.730103" intensity="5.990461e-002" type="0"/>
    <Peak1D F1="3.690528" intensity="6.138812e+000" type="0"/>
    <Peak1D F1="3.685942" intensity="1.493380e+000" type="0"/>
    <Peak1D F1="3.683045" intensity="1.549012e+000" type="0"/>
    <Peak1D F1="3.680418" intensity="2.198764e+000" type="0"/>
    <Peak1D F1="3.642183" intensity="9.340315e-002" type="0"/>
    <Peak1D F1="3.640872" intensity="9.702083e-002" type="0"/>
    <Peak1D F1="3.633547" intensity="2.880948e-002" type="0"/>
    <Peak1D F1="3.630226" intensity="4.707557e-002" type="0"/>
    <Peak1D F1="3.611213" intensity="3.505407e-003" type="0"/>
    <Peak1D F1="3.592204" intensity="4.520833e-003" type="0"/>
    <Peak1D F1="3.582868" intensity="1.977488e-003" type="0"/>
    <Peak1D F1="3.567831" intensity="1.495785e-003" type="0"/>
    <Peak1D F1="3.554354" intensity="1.946975e-003" type="0"/>
    <Peak1D F1="3.508307" intensity="3.399576e-002" type="0"/>
    <Peak1D F1="3.498317" intensity="1.357650e-002" type="0"/>
    <Peak1D F1="3.478712" intensity="3.397199e-003" type="0"/>
    <Peak1D F1="3.459583" intensity="3.340603e-003" type="0"/>
    <Peak1D F1="3.441382" intensity="3.371106e-003" type="0"/>
    <Peak1D F1="3.418825" intensity="3.768531e-003" type="0"/>
    <Peak1D F1="3.375533" intensity="6.764697e-003" type="0"/>
    <Peak1D F1="3.341568" intensity="7.722158e-003" type="0"/>
    <Peak1D F1="3.295072" intensity="9.345819e-003" type="0"/>
    <Peak1D F1="3.275226" intensity="9.136531e-003" type="0"/>
    <Peak1D F1="3.208483" intensity="8.510329e-003" type="0"/>
    <Peak1D F1="3.144329" intensity="6.628922e-003" type="0"/>
    <Peak1D F1="3.088492" intensity="4.690491e-003" type="0"/>
    <Peak1D F1="3.020218" intensity="3.413630e-003" type="0"/>
    <Peak1D F1="2.996489" intensity="3.543957e-003" type="0"/>
    <Peak1D F1="2.966975" intensity="5.419966e-003" type="0"/>
    <Peak1D F1="2.951827" intensity="1.007328e-002" type="0"/>
    <Peak1D F1="2.940488" intensity="1.146925e-002" type="0"/>
    <Peak1D F1="2.934175" intensity="1.130013e-002" type="0"/>
    <Peak1D F1="2.923937" intensity="7.545639e-003" type="0"/>
    <Peak1D F1="2.916337" intensity="7.523812e-003" type="0"/>
    <Peak1D F1="2.825192" intensity="3.263750e-003" type="0"/>
    <Peak1D F1="2.804576" intensity="5.231264e-003" type="0"/>
    <Peak1D F1="2.794766" intensity="8.727752e-003" type="0"/>
    <Peak1D F1="2.761054" intensity="1.802549e-002" type="0"/>
    <Peak1D F1="2.747307" intensity="1.577719e-002" type="0"/>
    <Peak1D F1="2.739622" intensity="1.864826e-002" type="0"/>
    <Peak1D F1="2.696202" intensity="7.519191e-003" type="0"/>
    <Peak1D F1="2.676363" intensity="7.681318e-003" type="0"/>
    <Peak1D F1="2.654826" intensity="4.162722e-003" type="0"/>
    <Peak1D F1="2.647411" intensity="5.527318e-003" type="0"/>
    <Peak1D F1="2.620238" intensity="4.845286e-003" type="0"/>
    <Peak1D F1="2.543814" intensity="2.655319e-002" type="0"/>
    <Peak1D F1="2.540291" intensity="2.687452e-002" type="0"/>
    <Peak1D F1="2.495551" intensity="1.868488e-002" type="0"/>
    <Peak1D F1="2.474287" intensity="1.957903e-002" type="0"/>
    <Peak1D F1="2.464811" intensity="2.247849e-002" type="0"/>
    <Peak1D F1="2.444224" intensity="2.850376e-002" type="0"/>
    <Peak1D F1="2.407964" intensity="1.458406e-001" type="0"/>
    <Peak1D F1="2.399516" intensity="1.589424e-001" type="0"/>
    <Peak1D F1="2.389259" intensity="2.019482e-001" type="0"/>
    <Peak1D F1="2.385316" intensity="1.956436e-001" type="0"/>
    <Peak1D F1="2.382208" intensity="2.000078e-001" type="0"/>
    <Peak1D F1="2.369771" intensity="3.541151e-001" type="0"/>
    <Peak1D F1="2.362628" intensity="3.076366e-001" type="0"/>
    <Peak1D F1="2.348764" intensity="4.875840e-001" type="0"/>
    <Peak1D F1="2.340092" intensity="5.176855e-001" type="0"/>
    <Peak1D F1="2.329386" intensity="5.004580e-001" type="0"/>
    <Peak1D F1="2.319567" intensity="4.543905e-001" type="0"/>
    <Peak1D F1="2.300752" intensity="3.320769e-001" type="0"/>
    <Peak1D F1="2.293426" intensity="5.875056e-001" type="0"/>
    <Peak1D F1="2.282622" intensity="2.613176e-001" type="0"/>
    <Peak1D F1="2.267915" intensity="1.344878e-001" type="0"/>
    <Peak1D F1="2.247343" intensity="1.220231e-001" type="0"/>
    <Peak1D F1="2.236823" intensity="9.460312e-002" type="0"/>
    <Peak1D F1="2.226221" intensity="1.669558e-001" type="0"/>
    <Peak1D F1="2.209402" intensity="1.201983e-001" type="0"/>
    <Peak1D F1="2.200804" intensity="2.553578e-001" type="0"/>
    <Peak1D F1="2.186581" intensity="1.688300e-001" type="0"/>
    <Peak1D F1="2.177153" intensity="2.961755e-001" type="0"/>
    <Peak1D F1="2.175574" intensity="2.976418e-001" type="0"/>
    <Peak1D F1="2.148986" intensity="3.273015e-001" type="0"/>
    <Peak1D F1="2.136060" intensity="5.288467e-001" type="0"/>
    <Peak1D F1="2.126018" intensity="5.536678e-001" type="0"/>
    <Peak1D F1="2.105501" intensity="4.634918e+000" type="0"/>
    <Peak1D F1="2.103299" intensity="4.201639e+000" type="0"/>
    <Peak1D F1="2.095074" intensity="5.610483e+000" type="0"/>
    <Peak1D F1="2.086344" intensity="1.385358e+001" type="0"/>
    <Peak1D F1="2.076316" intensity="8.442447e+000" type="0"/>
    <Peak1D F1="2.068515" intensity="7.869720e+000" type="0"/>
    <Peak1D F1="2.067684" intensity="7.917245e+000" type="0"/>
    <Peak1D F1="2.059263" intensity="3.368240e+000" type="0"/>
    <Peak1D F1="2.042311" intensity="6.451304e-001" type="0"/>
    <Peak1D F1="2.037008" intensity="5.995992e-001" type="0"/>
    <Peak1D F1="2.019360" intensity="2.895354e-001" type="0"/>
    <Peak1D F1="2.008957" intensity="1.876044e-001" type="0"/>
    <Peak1D F1="1.989350" intensity="1.629543e-001" type="0"/>
    <Peak1D F1="1.969405" intensity="2.943546e-001" type="0"/>
    <Peak1D F1="1.945148" intensity="5.855043e-001" type="0"/>
    <Peak1D F1="1.935324" intensity="7.539769e-001" type="0"/>
    <Peak1D F1="1.925541" intensity="1.025280e+000" type="0"/>
    <Peak1D F1="1.920035" intensity="1.369250e+000" type="0"/>
    <Peak1D F1="1.916559" intensity="1.359110e+000" type="0"/>
    <Peak1D F1="1.915173" intensity="1.335669e+000" type="0"/>
    <Peak1D F1="1.905445" intensity="6.932271e+000" type="0"/>
    <Peak1D F1="1.895898" intensity="8.229615e+000" type="0"/>
    <Peak1D F1="1.885625" intensity="1.500000e+001" type="0"/>
    <Peak1D F1="1.876644" intensity="1.004887e+001" type="0"/>
    <Peak1D F1="1.866970" intensity="6.123988e+000" type="0"/>
    <Peak1D F1="1.858814" intensity="2.155157e+000" type="0"/>
    <Peak1D F1="1.845690" intensity="6.365693e-001" type="0"/>
    <Peak1D F1="1.836558" intensity="5.003054e-001" type="0"/>
    <Peak1D F1="1.826642" intensity="3.244736e-001" type="0"/>
    <Peak1D F1="1.817944" intensity="2.084740e-001" type="0"/>
    <Peak1D F1="1.807241" intensity="1.316250e-001" type="0"/>
    <Peak1D F1="1.781139" intensity="7.524446e-002" type="0"/>
    <Peak1D F1="1.754643" intensity="7.850802e-002" type="0"/>
    <Peak1D F1="1.735756" intensity="1.190260e-001" type="0"/>
    <Peak1D F1="1.724241" intensity="1.386466e-001" type="0"/>
    <Peak1D F1="1.718668" intensity="1.855084e-001" type="0"/>
    <Peak1D F1="1.713546" intensity="1.890754e-001" type="0"/>
    <Peak1D F1="1.709244" intensity="1.923842e-001" type="0"/>
    <Peak1D F1="1.694526" intensity="3.812604e-001" type="0"/>
    <Peak1D F1="1.685594" intensity="2.958139e-001" type="0"/>
    <Peak1D F1="1.677436" intensity="5.975217e-001" type="0"/>
    <Peak1D F1="1.674706" intensity="5.789298e-001" type="0"/>
    <Peak1D F1="1.670812" intensity="5.709030e-001" type="0"/>
    <Peak1D F1="1.658794" intensity="4.190564e-001" type="0"/>
    <Peak1D F1="1.654449" intensity="4.730698e-001" type="0"/>
    <Peak1D F1="1.650382" intensity="4.708965e-001" type="0"/>
    <Peak1D F1="1.639316" intensity="3.405271e-001" type="0"/>
    <Peak1D F1="1.634807" intensity="2.931739e-001" type="0"/>
    <Peak1D F1="1.618651" intensity="1.701537e-001" type="0"/>
    <Peak1D F1="1.612688" intensity="1.601486e-001" type="0"/>
    <Peak1D F1="1.603778" intensity="1.033365e-001" type="0"/>
    <Peak1D F1="1.568107" intensity="4.813971e-002" type="0"/>
    <Peak1D F1="1.562072" intensity="4.638255e-002" type="0"/>
    <Peak1D F1="1.539839" intensity="7.942577e-002" type="0"/>
    <Peak1D F1="1.533776" intensity="8.831869e-002" type="0"/>
    <Peak1D F1="1.524402" intensity="1.261389e-001" type="0"/>
    <Peak1D F1="1.506083" intensity="2.419549e-001" type="0"/>
    <Peak1D F1="1.488482" intensity="2.481769e-001" type="0"/>
    <Peak1D F1="1.476381" intensity="2.069143e-001" type="0"/>
    <Peak1D F1="1.458597" intensity="1.745189e-001" type="0"/>
    <Peak1D F1="1.440258" intensity="5.945019e-002" type="0"/>
    <Peak1D F1="1.429211" intensity="4.523329e-002" type="0"/>
    <Peak1D F1="1.392623" intensity="1.626613e-002" type="0"/>
    <Peak1D F1="1.368445" intensity="1.854420e-002" type="0"/>
    <Peak1D F1="1.360430" intensity="1.795162e-002" type="0"/>
    <Peak1D F1="1.351010" intensity="2.120688e-002" type="0"/>
    <Peak1D F1="1.325818" intensity="2.169224e-002" type="0"/>
    <Peak1D F1="1.301363" intensity="1.546355e-002" type="0"/>
    <Peak1D F1="1.275771" intensity="1.226538e-002" type="0"/>
    <Peak1D F1="1.269894" intensity="1.287466e-002" type="0"/>
    <Peak1D F1="1.257374" intensity="1.335327e-002" type="0"/>
    <Peak1D F1="1.229140" intensity="2.145489e-002" type="0"/>
    <Peak1D F1="1.181297" intensity="4.056993e-002" type="0"/>
    <Peak1D F1="1.110723" intensity="5.181246e-003" type="0"/>
    <Peak1D F1="1.037292" intensity="4.110781e-003" type="0"/>
    <Peak1D F1="1.018112" intensity="3.761468e-003" type="0"/>
    <Peak1D F1="0.998404" intensity="3.961153e-003" type="0"/>
    <Peak1D F1="0.974196" intensity="3.744610e-003" type="0"/>
    <Peak1D F1="0.971205" intensity="3.815738e-003" type="0"/>
    <Peak1D F1="0.941358" intensity="3.339419e-003" type="0"/>
    <Peak1D F1="0.927769" intensity="3.148029e-003" type="0"/>
    <Peak1D F1="0.891213" intensity="2.782353e-003" type="0"/>
    <Peak1D F1="0.873789" intensity="2.777243e-003" type="0"/>
    <Peak1D F1="0.858942" intensity="2.270822e-003" type="0"/>
    <Peak1D F1="0.805217" intensity="1.679999e-002" type="0"/>
    <Peak1D F1="0.787565" intensity="1.002517e-002" type="0"/>
    <Peak1D F1="0.759948" intensity="5.688323e-003" type="0"/>
    <Peak1D F1="0.698000" intensity="2.190122e-003" type="0"/>
    <Peak1D F1="0.659084" intensity="2.010133e-003" type="0"/>
    <Peak1D F1="0.611434" intensity="1.712242e-003" type="0"/>
    <Peak1D F1="0.572633" intensity="2.019015e-003" type="0"/>
    <Peak1D F1="0.549973" intensity="1.992254e-003" type="0"/>
    <Peak1D F1="0.537782" intensity="2.306207e-003" type="0"/>
    <Peak1D F1="0.479664" intensity="1.562376e-003" type="0"/>
    <Peak1D F1="0.464901" intensity="1.702763e-003" type="0"/>
    <Peak1D F1="0.429416" intensity="1.402748e-003" type="0"/>
    <Peak1D F1="0.333033" intensity="1.904746e-003" type="0"/>
    <Peak1D F1="0.313421" intensity="1.696113e-003" type="0"/>
    <Peak1D F1="0.144941" intensity="1.528318e-003" type="0"/>
    <Peak1D F1="-0.000152" intensity="6.552666e-002" type="0"/>
    <Peak1D F1="-0.007012" intensity="2.269555e-002" type="0"/>
    <Peak1D F1="-0.051518" intensity="1.478063e-003" type="0"/>
    <Peak1D F1="-2.707767" intensity="1.513039e-003" type="0"/>
  </PeakList1D>
</PeakList>
