<?xml version="1.0" encoding="UTF-8"?>
<PeakList>
  <PeakList1D>
    <PeakList1DHeader creator="nmr" date="2021-10-21T09:09:24.788+03:00" expNo="10" name="ID_447_A_1" owner="" procNo="1" source="//132.72.8.180/400b/Milo/Milo">
      <PeakPickDetails>F1=16.108370ppm, F2=-3.920676ppm, MI=0.00cm, MAXI=10000.00cm, PC=1.000
      </PeakPickDetails>
    </PeakList1DHeader>
    <Peak1D F1="10.696938" intensity="1.165460e-003" type="0"/>
    <Peak1D F1="10.669837" intensity="1.058236e-003" type="0"/>
    <Peak1D F1="10.613039" intensity="1.146001e-003" type="0"/>
    <Peak1D F1="10.389764" intensity="1.329162e-003" type="0"/>
    <Peak1D F1="10.305073" intensity="2.864474e-002" type="0"/>
    <Peak1D F1="10.255151" intensity="2.838894e-003" type="0"/>
    <Peak1D F1="10.221360" intensity="3.695493e-003" type="0"/>
    <Peak1D F1="10.134347" intensity="8.860352e-002" type="0"/>
    <Peak1D F1="10.121814" intensity="2.189604e-002" type="0"/>
    <Peak1D F1="10.115187" intensity="4.819256e-002" type="0"/>
    <Peak1D F1="10.084397" intensity="5.114628e+000" type="0"/>
    <Peak1D F1="10.052387" intensity="3.103867e-002" type="0"/>
    <Peak1D F1="10.034440" intensity="8.143716e-002" type="0"/>
    <Peak1D F1="9.857779" intensity="2.770307e-002" type="0"/>
    <Peak1D F1="8.976215" intensity="1.401649e-003" type="0"/>
    <Peak1D F1="8.836121" intensity="1.329254e-003" type="0"/>
    <Peak1D F1="8.818537" intensity="1.417409e-003" type="0"/>
    <Peak1D F1="8.779796" intensity="1.910254e-003" type="0"/>
    <Peak1D F1="8.718369" intensity="1.759233e-003" type="0"/>
    <Peak1D F1="8.714148" intensity="1.748984e-003" type="0"/>
    <Peak1D F1="8.587521" intensity="2.986950e-003" type="0"/>
    <Peak1D F1="8.544336" intensity="1.421489e-002" type="0"/>
    <Peak1D F1="8.538673" intensity="1.474952e-002" type="0"/>
    <Peak1D F1="8.521557" intensity="1.655137e-002" type="0"/>
    <Peak1D F1="8.517793" intensity="1.499749e-002" type="0"/>
    <Peak1D F1="8.501452" intensity="5.359443e-003" type="0"/>
    <Peak1D F1="8.485907" intensity="6.267972e-003" type="0"/>
    <Peak1D F1="8.379604" intensity="7.533851e-002" type="0"/>
    <Peak1D F1="8.357872" intensity="1.018736e-001" type="0"/>
    <Peak1D F1="8.329581" intensity="3.438096e+000" type="0"/>
    <Peak1D F1="8.325413" intensity="1.304402e+000" type="0"/>
    <Peak1D F1="8.311986" intensity="1.437936e+000" type="0"/>
    <Peak1D F1="8.307918" intensity="4.020952e+000" type="0"/>
    <Peak1D F1="8.279896" intensity="8.612370e-002" type="0"/>
    <Peak1D F1="8.258006" intensity="7.523484e-002" type="0"/>
    <Peak1D F1="8.222856" intensity="2.492108e-002" type="0"/>
    <Peak1D F1="8.218634" intensity="2.752231e-002" type="0"/>
    <Peak1D F1="8.214943" intensity="2.288939e-002" type="0"/>
    <Peak1D F1="8.208282" intensity="3.792820e-002" type="0"/>
    <Peak1D F1="8.200250" intensity="3.082937e-002" type="0"/>
    <Peak1D F1="8.191438" intensity="3.743986e-002" type="0"/>
    <Peak1D F1="8.186526" intensity="4.506398e-002" type="0"/>
    <Peak1D F1="8.169234" intensity="3.203867e-002" type="0"/>
    <Peak1D F1="8.156383" intensity="3.661399e-002" type="0"/>
    <Peak1D F1="8.147052" intensity="1.133368e-001" type="0"/>
    <Peak1D F1="8.141393" intensity="6.600732e-001" type="0"/>
    <Peak1D F1="8.136779" intensity="2.538429e-001" type="0"/>
    <Peak1D F1="8.124171" intensity="2.520387e-001" type="0"/>
    <Peak1D F1="8.119551" intensity="7.075406e-001" type="0"/>
    <Peak1D F1="8.113443" intensity="1.561151e-001" type="0"/>
    <Peak1D F1="8.097559" intensity="4.214273e-002" type="0"/>
    <Peak1D F1="8.090818" intensity="4.927454e-002" type="0"/>
    <Peak1D F1="8.065516" intensity="9.389485e-002" type="0"/>
    <Peak1D F1="8.043663" intensity="1.113584e-001" type="0"/>
    <Peak1D F1="8.020615" intensity="7.248822e-001" type="0"/>
    <Peak1D F1="8.015536" intensity="4.384511e+000" type="0"/>
    <Peak1D F1="8.010817" intensity="1.392695e+000" type="0"/>
    <Peak1D F1="7.998341" intensity="1.361691e+000" type="0"/>
    <Peak1D F1="7.993842" intensity="3.799515e+000" type="0"/>
    <Peak1D F1="7.988849" intensity="7.031358e-001" type="0"/>
    <Peak1D F1="7.965586" intensity="8.563942e-002" type="0"/>
    <Peak1D F1="7.944160" intensity="8.424594e-002" type="0"/>
    <Peak1D F1="7.924647" intensity="1.192255e-001" type="0"/>
    <Peak1D F1="7.905635" intensity="1.141418e-001" type="0"/>
    <Peak1D F1="7.854420" intensity="4.245527e-003" type="0"/>
    <Peak1D F1="7.832615" intensity="1.978962e-003" type="0"/>
    <Peak1D F1="7.805097" intensity="1.944452e-002" type="0"/>
    <Peak1D F1="7.798971" intensity="7.899269e-003" type="0"/>
    <Peak1D F1="7.786996" intensity="1.828297e-002" type="0"/>
    <Peak1D F1="7.781561" intensity="1.804708e-002" type="0"/>
    <Peak1D F1="7.756312" intensity="4.385886e-002" type="0"/>
    <Peak1D F1="7.738128" intensity="5.215569e-002" type="0"/>
    <Peak1D F1="7.706979" intensity="1.124596e-002" type="0"/>
    <Peak1D F1="7.675874" intensity="1.803694e-002" type="0"/>
    <Peak1D F1="7.625593" intensity="1.147964e-001" type="0"/>
    <Peak1D F1="7.606135" intensity="1.200072e-001" type="0"/>
    <Peak1D F1="7.581459" intensity="4.662168e-002" type="0"/>
    <Peak1D F1="7.562311" intensity="6.560449e-002" type="0"/>
    <Peak1D F1="7.550797" intensity="5.428997e-002" type="0"/>
    <Peak1D F1="7.528689" intensity="4.160492e-002" type="0"/>
    <Peak1D F1="7.521812" intensity="6.467514e-002" type="0"/>
    <Peak1D F1="7.511065" intensity="3.019888e-002" type="0"/>
    <Peak1D F1="7.499901" intensity="6.274964e-002" type="0"/>
    <Peak1D F1="7.479869" intensity="1.093381e-001" type="0"/>
    <Peak1D F1="7.474523" intensity="6.441033e-001" type="0"/>
    <Peak1D F1="7.452702" intensity="6.215434e-001" type="0"/>
    <Peak1D F1="7.446558" intensity="1.614865e-001" type="0"/>
    <Peak1D F1="7.424887" intensity="1.500535e-001" type="0"/>
    <Peak1D F1="7.405849" intensity="7.303451e-002" type="0"/>
    <Peak1D F1="7.374622" intensity="7.698052e-003" type="0"/>
    <Peak1D F1="7.354509" intensity="6.504901e-003" type="0"/>
    <Peak1D F1="7.333695" intensity="5.575055e-003" type="0"/>
    <Peak1D F1="7.305186" intensity="5.245008e-003" type="0"/>
    <Peak1D F1="7.291840" intensity="3.671618e-003" type="0"/>
    <Peak1D F1="7.269804" intensity="5.785610e-003" type="0"/>
    <Peak1D F1="7.253022" intensity="1.982864e-002" type="0"/>
    <Peak1D F1="7.203096" intensity="1.090928e+000" type="0"/>
    <Peak1D F1="7.153067" intensity="1.623195e-002" type="0"/>
    <Peak1D F1="7.071091" intensity="1.322140e-003" type="0"/>
    <Peak1D F1="7.005183" intensity="2.023321e-003" type="0"/>
    <Peak1D F1="6.938703" intensity="5.961515e-003" type="0"/>
    <Peak1D F1="6.629677" intensity="2.171261e-003" type="0"/>
    <Peak1D F1="6.613594" intensity="2.809201e-003" type="0"/>
    <Peak1D F1="6.373592" intensity="1.200251e-003" type="0"/>
    <Peak1D F1="6.342951" intensity="1.857952e-003" type="0"/>
    <Peak1D F1="6.325992" intensity="1.415856e-003" type="0"/>
    <Peak1D F1="6.271186" intensity="1.534797e-003" type="0"/>
    <Peak1D F1="6.203100" intensity="9.199938e-003" type="0"/>
    <Peak1D F1="6.197853" intensity="1.654705e-002" type="0"/>
    <Peak1D F1="6.192686" intensity="1.011147e-002" type="0"/>
    <Peak1D F1="6.138033" intensity="3.512027e-003" type="0"/>
    <Peak1D F1="6.102324" intensity="9.240383e-003" type="0"/>
    <Peak1D F1="6.087289" intensity="3.027087e-002" type="0"/>
    <Peak1D F1="6.069888" intensity="7.744438e-003" type="0"/>
    <Peak1D F1="6.049239" intensity="8.794176e-002" type="0"/>
    <Peak1D F1="6.036273" intensity="2.052857e-002" type="0"/>
    <Peak1D F1="5.999284" intensity="5.211813e+000" type="0"/>
    <Peak1D F1="5.966759" intensity="7.280217e-003" type="0"/>
    <Peak1D F1="5.949250" intensity="8.380312e-002" type="0"/>
    <Peak1D F1="5.932730" intensity="2.407273e-002" type="0"/>
    <Peak1D F1="5.920451" intensity="2.276834e-002" type="0"/>
    <Peak1D F1="5.882464" intensity="2.698967e-003" type="0"/>
    <Peak1D F1="5.868920" intensity="3.469341e-003" type="0"/>
    <Peak1D F1="5.835871" intensity="3.327110e-003" type="0"/>
    <Peak1D F1="5.802769" intensity="1.128788e-002" type="0"/>
    <Peak1D F1="5.797569" intensity="1.776933e-002" type="0"/>
    <Peak1D F1="5.792314" intensity="1.152135e-002" type="0"/>
    <Peak1D F1="5.642190" intensity="1.348858e-002" type="0"/>
    <Peak1D F1="5.607810" intensity="1.332335e-002" type="0"/>
    <Peak1D F1="5.593878" intensity="1.359684e-002" type="0"/>
    <Peak1D F1="5.517725" intensity="1.005835e-002" type="0"/>
    <Peak1D F1="5.502825" intensity="1.043113e-002" type="0"/>
    <Peak1D F1="5.431358" intensity="7.313948e-003" type="0"/>
    <Peak1D F1="5.415422" intensity="2.587490e-002" type="0"/>
    <Peak1D F1="5.382781" intensity="4.678066e-003" type="0"/>
    <Peak1D F1="5.352478" intensity="1.432895e-002" type="0"/>
    <Peak1D F1="5.346112" intensity="1.466955e-002" type="0"/>
    <Peak1D F1="5.278661" intensity="3.974866e-003" type="0"/>
    <Peak1D F1="5.253788" intensity="3.224490e-003" type="0"/>
    <Peak1D F1="5.214017" intensity="3.978655e-003" type="0"/>
    <Peak1D F1="5.204620" intensity="2.483771e-003" type="0"/>
    <Peak1D F1="5.181476" intensity="2.476735e-003" type="0"/>
    <Peak1D F1="5.165037" intensity="2.177594e-003" type="0"/>
    <Peak1D F1="5.096811" intensity="1.645344e-003" type="0"/>
    <Peak1D F1="5.053738" intensity="1.745611e-003" type="0"/>
    <Peak1D F1="5.017015" intensity="1.722823e-003" type="0"/>
    <Peak1D F1="4.986994" intensity="2.114744e-003" type="0"/>
    <Peak1D F1="4.975559" intensity="2.957138e-003" type="0"/>
    <Peak1D F1="4.953528" intensity="3.117555e-003" type="0"/>
    <Peak1D F1="4.944277" intensity="2.301626e-003" type="0"/>
    <Peak1D F1="4.919982" intensity="2.927302e-003" type="0"/>
    <Peak1D F1="4.898045" intensity="3.671951e-003" type="0"/>
    <Peak1D F1="4.876060" intensity="3.391168e-003" type="0"/>
    <Peak1D F1="4.846671" intensity="7.483442e-003" type="0"/>
    <Peak1D F1="4.823996" intensity="1.000778e-002" type="0"/>
    <Peak1D F1="4.796658" intensity="3.254590e-001" type="0"/>
    <Peak1D F1="4.774062" intensity="3.311789e-001" type="0"/>
    <Peak1D F1="4.746632" intensity="1.603393e-002" type="0"/>
    <Peak1D F1="4.699486" intensity="1.054596e-001" type="0"/>
    <Peak1D F1="4.613374" intensity="6.854595e-003" type="0"/>
    <Peak1D F1="4.591047" intensity="3.082659e-003" type="0"/>
    <Peak1D F1="4.576942" intensity="1.800047e-003" type="0"/>
    <Peak1D F1="4.557404" intensity="1.851741e-003" type="0"/>
    <Peak1D F1="4.522427" intensity="1.895237e-003" type="0"/>
    <Peak1D F1="4.503757" intensity="1.889599e-003" type="0"/>
    <Peak1D F1="4.457636" intensity="1.050518e-003" type="0"/>
    <Peak1D F1="4.438070" intensity="1.625474e-003" type="0"/>
    <Peak1D F1="4.410284" intensity="1.070745e-003" type="0"/>
    <Peak1D F1="4.388299" intensity="1.064570e-003" type="0"/>
    <Peak1D F1="4.336408" intensity="1.420620e-003" type="0"/>
    <Peak1D F1="4.315629" intensity="1.295701e-003" type="0"/>
    <Peak1D F1="4.292172" intensity="1.233386e-003" type="0"/>
    <Peak1D F1="4.275849" intensity="1.270578e-003" type="0"/>
    <Peak1D F1="4.250923" intensity="1.112172e-003" type="0"/>
    <Peak1D F1="4.165168" intensity="1.201765e-003" type="0"/>
    <Peak1D F1="4.152782" intensity="1.443606e-003" type="0"/>
    <Peak1D F1="4.133944" intensity="1.709026e-003" type="0"/>
    <Peak1D F1="4.062644" intensity="2.411093e-003" type="0"/>
    <Peak1D F1="4.053730" intensity="2.851316e-003" type="0"/>
    <Peak1D F1="4.035911" intensity="2.483391e-003" type="0"/>
    <Peak1D F1="3.974870" intensity="2.388061e-003" type="0"/>
    <Peak1D F1="3.913949" intensity="5.228206e-003" type="0"/>
    <Peak1D F1="3.883181" intensity="4.699353e-003" type="0"/>
    <Peak1D F1="3.863914" intensity="8.526908e-002" type="0"/>
    <Peak1D F1="3.834673" intensity="7.125185e-003" type="0"/>
    <Peak1D F1="3.813433" intensity="9.414732e-003" type="0"/>
    <Peak1D F1="3.796044" intensity="2.750485e-002" type="0"/>
    <Peak1D F1="3.787892" intensity="1.399341e-002" type="0"/>
    <Peak1D F1="3.775423" intensity="1.627680e-002" type="0"/>
    <Peak1D F1="3.745127" intensity="7.331533e-002" type="0"/>
    <Peak1D F1="3.736369" intensity="2.682500e-001" type="0"/>
    <Peak1D F1="3.723749" intensity="5.489706e-002" type="0"/>
    <Peak1D F1="3.698363" intensity="2.700396e-001" type="0"/>
    <Peak1D F1="3.686471" intensity="1.500000e+001" type="0"/>
    <Peak1D F1="3.653517" intensity="2.496216e-002" type="0"/>
    <Peak1D F1="3.636433" intensity="2.525234e-001" type="0"/>
    <Peak1D F1="3.620000" intensity="6.564548e-003" type="0"/>
    <Peak1D F1="3.586463" intensity="3.226669e-003" type="0"/>
    <Peak1D F1="3.570482" intensity="1.324490e-003" type="0"/>
    <Peak1D F1="3.554026" intensity="2.019665e-003" type="0"/>
    <Peak1D F1="3.537134" intensity="2.009047e-003" type="0"/>
    <Peak1D F1="3.504179" intensity="8.185974e-002" type="0"/>
    <Peak1D F1="3.486640" intensity="7.561895e-003" type="0"/>
    <Peak1D F1="3.470272" intensity="1.130145e-003" type="0"/>
    <Peak1D F1="3.448164" intensity="1.076344e-002" type="0"/>
    <Peak1D F1="3.409486" intensity="1.877484e-003" type="0"/>
    <Peak1D F1="3.234162" intensity="1.377999e-003" type="0"/>
    <Peak1D F1="3.186990" intensity="1.658556e-003" type="0"/>
    <Peak1D F1="3.127303" intensity="2.151471e-003" type="0"/>
    <Peak1D F1="3.081375" intensity="1.450715e-003" type="0"/>
    <Peak1D F1="3.058251" intensity="1.330250e-003" type="0"/>
    <Peak1D F1="2.996234" intensity="1.439916e-003" type="0"/>
    <Peak1D F1="2.948086" intensity="3.646128e-003" type="0"/>
    <Peak1D F1="2.939709" intensity="4.335890e-003" type="0"/>
    <Peak1D F1="2.931578" intensity="3.538205e-003" type="0"/>
    <Peak1D F1="2.920148" intensity="3.631908e-003" type="0"/>
    <Peak1D F1="2.914016" intensity="3.287037e-003" type="0"/>
    <Peak1D F1="2.891666" intensity="3.727244e-003" type="0"/>
    <Peak1D F1="2.861928" intensity="4.259625e-003" type="0"/>
    <Peak1D F1="2.841118" intensity="4.794042e-003" type="0"/>
    <Peak1D F1="2.816645" intensity="5.229515e-003" type="0"/>
    <Peak1D F1="2.800965" intensity="8.248780e-003" type="0"/>
    <Peak1D F1="2.788321" intensity="7.833584e-003" type="0"/>
    <Peak1D F1="2.775495" intensity="9.041197e-003" type="0"/>
    <Peak1D F1="2.765184" intensity="9.293456e-003" type="0"/>
    <Peak1D F1="2.753177" intensity="1.000626e-002" type="0"/>
    <Peak1D F1="2.740438" intensity="7.519678e-003" type="0"/>
    <Peak1D F1="2.692375" intensity="3.609812e-003" type="0"/>
    <Peak1D F1="2.680673" intensity="4.247666e-003" type="0"/>
    <Peak1D F1="2.627680" intensity="5.846177e-003" type="0"/>
    <Peak1D F1="2.616733" intensity="5.440674e-003" type="0"/>
    <Peak1D F1="2.594091" intensity="6.042892e-003" type="0"/>
    <Peak1D F1="2.566597" intensity="5.791161e-003" type="0"/>
    <Peak1D F1="2.549712" intensity="5.285919e-003" type="0"/>
    <Peak1D F1="2.518728" intensity="4.209906e-003" type="0"/>
    <Peak1D F1="2.469919" intensity="7.727367e-003" type="0"/>
    <Peak1D F1="2.425822" intensity="5.767041e-002" type="0"/>
    <Peak1D F1="2.420299" intensity="6.177563e-002" type="0"/>
    <Peak1D F1="2.406169" intensity="6.821877e-002" type="0"/>
    <Peak1D F1="2.400201" intensity="6.569561e-002" type="0"/>
    <Peak1D F1="2.376820" intensity="9.754530e-002" type="0"/>
    <Peak1D F1="2.373040" intensity="9.041263e-002" type="0"/>
    <Peak1D F1="2.368558" intensity="8.363836e-002" type="0"/>
    <Peak1D F1="2.356527" intensity="1.459014e-001" type="0"/>
    <Peak1D F1="2.336341" intensity="1.207184e-001" type="0"/>
    <Peak1D F1="2.328434" intensity="7.627667e-002" type="0"/>
    <Peak1D F1="2.315711" intensity="8.438618e-002" type="0"/>
    <Peak1D F1="2.305965" intensity="1.127546e-001" type="0"/>
    <Peak1D F1="2.286039" intensity="7.567859e-002" type="0"/>
    <Peak1D F1="2.271712" intensity="3.140692e-002" type="0"/>
    <Peak1D F1="2.265285" intensity="2.679950e-002" type="0"/>
    <Peak1D F1="2.252522" intensity="4.991234e-002" type="0"/>
    <Peak1D F1="2.241291" intensity="1.235239e-001" type="0"/>
    <Peak1D F1="2.234725" intensity="4.941976e-002" type="0"/>
    <Peak1D F1="2.227201" intensity="4.226075e-002" type="0"/>
    <Peak1D F1="2.219272" intensity="1.385046e-001" type="0"/>
    <Peak1D F1="2.214848" intensity="1.495569e-001" type="0"/>
    <Peak1D F1="2.198481" intensity="5.448351e-002" type="0"/>
    <Peak1D F1="2.192443" intensity="1.817776e-001" type="0"/>
    <Peak1D F1="2.170887" intensity="1.135880e-001" type="0"/>
    <Peak1D F1="2.166365" intensity="1.135853e-001" type="0"/>
    <Peak1D F1="2.161392" intensity="7.592760e-002" type="0"/>
    <Peak1D F1="2.142895" intensity="1.893921e-001" type="0"/>
    <Peak1D F1="2.111245" intensity="1.656145e+000" type="0"/>
    <Peak1D F1="2.091583" intensity="5.119505e+000" type="0"/>
    <Peak1D F1="2.080089" intensity="1.373693e+000" type="0"/>
    <Peak1D F1="2.072875" intensity="2.580600e+000" type="0"/>
    <Peak1D F1="2.057332" intensity="1.533540e-001" type="0"/>
    <Peak1D F1="2.051387" intensity="1.307457e-001" type="0"/>
    <Peak1D F1="2.047807" intensity="1.338428e-001" type="0"/>
    <Peak1D F1="2.041903" intensity="1.515892e-001" type="0"/>
    <Peak1D F1="2.023091" intensity="7.274240e-002" type="0"/>
    <Peak1D F1="2.007519" intensity="3.490876e-002" type="0"/>
    <Peak1D F1="1.993811" intensity="4.040243e-002" type="0"/>
    <Peak1D F1="1.977066" intensity="8.914335e-002" type="0"/>
    <Peak1D F1="1.972554" intensity="7.685939e-002" type="0"/>
    <Peak1D F1="1.960442" intensity="9.939602e-002" type="0"/>
    <Peak1D F1="1.955543" intensity="1.535953e-001" type="0"/>
    <Peak1D F1="1.945107" intensity="1.766461e-001" type="0"/>
    <Peak1D F1="1.936480" intensity="2.512023e-001" type="0"/>
    <Peak1D F1="1.927159" intensity="3.268941e-001" type="0"/>
    <Peak1D F1="1.924778" intensity="3.180351e-001" type="0"/>
    <Peak1D F1="1.920542" intensity="3.745411e-001" type="0"/>
    <Peak1D F1="1.915875" intensity="3.524117e-001" type="0"/>
    <Peak1D F1="1.905542" intensity="2.615760e+000" type="0"/>
    <Peak1D F1="1.894485" intensity="2.201407e+000" type="0"/>
    <Peak1D F1="1.885973" intensity="5.334994e+000" type="0"/>
    <Peak1D F1="1.875379" intensity="1.986822e+000" type="0"/>
    <Peak1D F1="1.866583" intensity="1.696951e+000" type="0"/>
    <Peak1D F1="1.854268" intensity="2.251401e-001" type="0"/>
    <Peak1D F1="1.844424" intensity="1.433308e-001" type="0"/>
    <Peak1D F1="1.836177" intensity="1.405991e-001" type="0"/>
    <Peak1D F1="1.825752" intensity="7.641447e-002" type="0"/>
    <Peak1D F1="1.816876" intensity="6.949121e-002" type="0"/>
    <Peak1D F1="1.802643" intensity="4.417616e-002" type="0"/>
    <Peak1D F1="1.792508" intensity="4.510991e-002" type="0"/>
    <Peak1D F1="1.771575" intensity="4.089101e-002" type="0"/>
    <Peak1D F1="1.754887" intensity="4.247048e-002" type="0"/>
    <Peak1D F1="1.740800" intensity="5.855666e-002" type="0"/>
    <Peak1D F1="1.737151" intensity="5.511715e-002" type="0"/>
    <Peak1D F1="1.725147" intensity="7.305280e-002" type="0"/>
    <Peak1D F1="1.719455" intensity="8.185147e-002" type="0"/>
    <Peak1D F1="1.712988" intensity="7.723758e-002" type="0"/>
    <Peak1D F1="1.703846" intensity="8.132736e-002" type="0"/>
    <Peak1D F1="1.697124" intensity="1.300123e-001" type="0"/>
    <Peak1D F1="1.693090" intensity="1.043170e-001" type="0"/>
    <Peak1D F1="1.688721" intensity="8.445837e-002" type="0"/>
    <Peak1D F1="1.678760" intensity="1.723755e-001" type="0"/>
    <Peak1D F1="1.676583" intensity="1.768074e-001" type="0"/>
    <Peak1D F1="1.668484" intensity="1.605264e-001" type="0"/>
    <Peak1D F1="1.655954" intensity="2.025662e-001" type="0"/>
    <Peak1D F1="1.649667" intensity="1.182140e-001" type="0"/>
    <Peak1D F1="1.641309" intensity="1.173045e-001" type="0"/>
    <Peak1D F1="1.637264" intensity="1.226045e-001" type="0"/>
    <Peak1D F1="1.627954" intensity="6.901751e-002" type="0"/>
    <Peak1D F1="1.621162" intensity="5.943405e-002" type="0"/>
    <Peak1D F1="1.612816" intensity="4.361142e-002" type="0"/>
    <Peak1D F1="1.593139" intensity="1.812988e-002" type="0"/>
    <Peak1D F1="1.584498" intensity="2.071733e-002" type="0"/>
    <Peak1D F1="1.566771" intensity="1.780012e-002" type="0"/>
    <Peak1D F1="1.553139" intensity="1.806062e-002" type="0"/>
    <Peak1D F1="1.541380" intensity="2.414849e-002" type="0"/>
    <Peak1D F1="1.534845" intensity="5.577165e-002" type="0"/>
    <Peak1D F1="1.518693" intensity="4.138836e-002" type="0"/>
    <Peak1D F1="1.511280" intensity="4.987525e-002" type="0"/>
    <Peak1D F1="1.500365" intensity="1.030401e-001" type="0"/>
    <Peak1D F1="1.483056" intensity="1.184342e-001" type="0"/>
    <Peak1D F1="1.470210" intensity="8.539415e-002" type="0"/>
    <Peak1D F1="1.453514" intensity="9.455680e-002" type="0"/>
    <Peak1D F1="1.435427" intensity="3.121736e-002" type="0"/>
    <Peak1D F1="1.423896" intensity="2.533245e-002" type="0"/>
    <Peak1D F1="1.403170" intensity="5.836776e-003" type="0"/>
    <Peak1D F1="1.369948" intensity="4.337351e-003" type="0"/>
    <Peak1D F1="1.341454" intensity="4.608129e-003" type="0"/>
    <Peak1D F1="1.321776" intensity="4.363630e-003" type="0"/>
    <Peak1D F1="1.308308" intensity="3.880484e-003" type="0"/>
    <Peak1D F1="1.260900" intensity="8.391371e-003" type="0"/>
    <Peak1D F1="1.220344" intensity="1.362298e-002" type="0"/>
    <Peak1D F1="1.196395" intensity="1.889394e-002" type="0"/>
    <Peak1D F1="1.177981" intensity="5.210185e-002" type="0"/>
    <Peak1D F1="1.163079" intensity="1.565062e-002" type="0"/>
    <Peak1D F1="1.147163" intensity="9.275796e-003" type="0"/>
    <Peak1D F1="1.077460" intensity="2.100661e-003" type="0"/>
    <Peak1D F1="1.035738" intensity="3.366131e-003" type="0"/>
    <Peak1D F1="1.017480" intensity="1.824166e-003" type="0"/>
    <Peak1D F1="0.965151" intensity="1.441457e-003" type="0"/>
    <Peak1D F1="0.944830" intensity="1.554438e-003" type="0"/>
    <Peak1D F1="0.895635" intensity="1.545810e-003" type="0"/>
    <Peak1D F1="0.874589" intensity="1.719496e-003" type="0"/>
    <Peak1D F1="0.864699" intensity="1.685922e-003" type="0"/>
    <Peak1D F1="0.817751" intensity="9.824695e-003" type="0"/>
    <Peak1D F1="0.801043" intensity="2.517017e-002" type="0"/>
    <Peak1D F1="0.783741" intensity="1.318919e-002" type="0"/>
    <Peak1D F1="0.774105" intensity="1.032243e-002" type="0"/>
    <Peak1D F1="0.755301" intensity="9.735333e-003" type="0"/>
    <Peak1D F1="0.736923" intensity="5.915424e-003" type="0"/>
    <Peak1D F1="0.717346" intensity="2.185899e-003" type="0"/>
    <Peak1D F1="0.147199" intensity="1.055837e-003" type="0"/>
    <Peak1D F1="0.049851" intensity="3.209038e-003" type="0"/>
    <Peak1D F1="0.029831" intensity="1.541932e-003" type="0"/>
    <Peak1D F1="0.008570" intensity="8.500795e-003" type="0"/>
    <Peak1D F1="-0.000152" intensity="1.885101e-001" type="0"/>
    <Peak1D F1="-0.008928" intensity="7.441069e-003" type="0"/>
    <Peak1D F1="-0.026019" intensity="1.650957e-003" type="0"/>
    <Peak1D F1="-0.050342" intensity="2.925047e-003" type="0"/>
    <Peak1D F1="-1.768938" intensity="1.071077e-003" type="0"/>
  </PeakList1D>
</PeakList>
