<?xml version="1.0" encoding="UTF-8"?>
<PeakList>
  <PeakList1D>
    <PeakList1DHeader creator="nmr" date="2021-10-28T18:48:59.641+03:00" expNo="20" name="ID_451_C" owner="" procNo="1" source="//132.72.8.180/400b/Milo/Milo">
      <PeakPickDetails>F1=16.142309ppm, F2=-3.886737ppm, MI=0.00cm, MAXI=10000.00cm, PC=1.000
      </PeakPickDetails>
    </PeakList1DHeader>
    <Peak1D F1="11.929851" intensity="9.124110e-004" type="0"/>
    <Peak1D F1="11.322282" intensity="8.922889e-004" type="0"/>
    <Peak1D F1="10.304786" intensity="8.644274e-004" type="0"/>
    <Peak1D F1="10.133715" intensity="3.048135e-003" type="0"/>
    <Peak1D F1="10.114928" intensity="1.323163e-003" type="0"/>
    <Peak1D F1="10.083639" intensity="1.535857e-001" type="0"/>
    <Peak1D F1="10.051752" intensity="8.972826e-004" type="0"/>
    <Peak1D F1="10.034372" intensity="2.053381e-003" type="0"/>
    <Peak1D F1="9.857400" intensity="9.611718e-004" type="0"/>
    <Peak1D F1="8.393850" intensity="1.365647e-003" type="0"/>
    <Peak1D F1="8.376688" intensity="2.952964e-003" type="0"/>
    <Peak1D F1="8.355592" intensity="3.198166e-003" type="0"/>
    <Peak1D F1="8.347008" intensity="6.030274e-003" type="0"/>
    <Peak1D F1="8.339379" intensity="7.075089e-003" type="0"/>
    <Peak1D F1="8.326587" intensity="1.045374e-001" type="0"/>
    <Peak1D F1="8.304858" intensity="1.209348e-001" type="0"/>
    <Peak1D F1="8.277132" intensity="4.295139e-003" type="0"/>
    <Peak1D F1="8.255239" intensity="6.029636e-003" type="0"/>
    <Peak1D F1="8.237601" intensity="9.004021e-003" type="0"/>
    <Peak1D F1="8.231697" intensity="9.382811e-003" type="0"/>
    <Peak1D F1="8.208890" intensity="9.396327e-002" type="0"/>
    <Peak1D F1="8.200835" intensity="4.570133e-002" type="0"/>
    <Peak1D F1="8.193148" intensity="9.325715e-002" type="0"/>
    <Peak1D F1="8.187591" intensity="1.857785e-001" type="0"/>
    <Peak1D F1="8.178871" intensity="6.595818e-002" type="0"/>
    <Peak1D F1="8.171474" intensity="1.129336e-001" type="0"/>
    <Peak1D F1="8.166321" intensity="1.255644e-001" type="0"/>
    <Peak1D F1="8.157196" intensity="5.790447e-002" type="0"/>
    <Peak1D F1="8.140275" intensity="2.806892e-001" type="0"/>
    <Peak1D F1="8.134758" intensity="1.552360e+000" type="0"/>
    <Peak1D F1="8.130090" intensity="6.068053e-001" type="0"/>
    <Peak1D F1="8.125744" intensity="4.643053e-001" type="0"/>
    <Peak1D F1="8.117555" intensity="6.239083e-001" type="0"/>
    <Peak1D F1="8.112842" intensity="1.635955e+000" type="0"/>
    <Peak1D F1="8.107056" intensity="3.926999e-001" type="0"/>
    <Peak1D F1="8.103806" intensity="4.411400e-001" type="0"/>
    <Peak1D F1="8.098785" intensity="1.508655e-001" type="0"/>
    <Peak1D F1="8.084964" intensity="4.932275e-002" type="0"/>
    <Peak1D F1="8.076984" intensity="9.012155e-002" type="0"/>
    <Peak1D F1="8.063055" intensity="3.310465e-002" type="0"/>
    <Peak1D F1="8.056367" intensity="1.427370e-002" type="0"/>
    <Peak1D F1="8.049499" intensity="1.179500e-002" type="0"/>
    <Peak1D F1="8.032891" intensity="9.726801e-003" type="0"/>
    <Peak1D F1="8.025592" intensity="2.611200e-002" type="0"/>
    <Peak1D F1="8.020409" intensity="1.399235e-001" type="0"/>
    <Peak1D F1="8.015635" intensity="4.523630e-002" type="0"/>
    <Peak1D F1="8.003208" intensity="4.255664e-002" type="0"/>
    <Peak1D F1="7.998611" intensity="1.141047e-001" type="0"/>
    <Peak1D F1="7.970710" intensity="4.419750e-003" type="0"/>
    <Peak1D F1="7.938881" intensity="3.265583e-002" type="0"/>
    <Peak1D F1="7.920319" intensity="3.842810e-002" type="0"/>
    <Peak1D F1="7.903101" intensity="1.091932e-002" type="0"/>
    <Peak1D F1="7.897760" intensity="8.275121e-003" type="0"/>
    <Peak1D F1="7.880737" intensity="6.672932e-003" type="0"/>
    <Peak1D F1="7.860038" intensity="6.399459e-003" type="0"/>
    <Peak1D F1="7.838052" intensity="7.537466e-003" type="0"/>
    <Peak1D F1="7.831084" intensity="7.019528e-003" type="0"/>
    <Peak1D F1="7.814183" intensity="3.759701e-002" type="0"/>
    <Peak1D F1="7.795668" intensity="4.036344e-002" type="0"/>
    <Peak1D F1="7.790196" intensity="4.048933e-002" type="0"/>
    <Peak1D F1="7.769583" intensity="4.096372e-002" type="0"/>
    <Peak1D F1="7.748902" intensity="5.610076e-003" type="0"/>
    <Peak1D F1="7.727643" intensity="5.707901e-003" type="0"/>
    <Peak1D F1="7.706748" intensity="4.914416e-003" type="0"/>
    <Peak1D F1="7.678783" intensity="8.846343e-003" type="0"/>
    <Peak1D F1="7.665938" intensity="7.168659e-003" type="0"/>
    <Peak1D F1="7.660054" intensity="8.625084e-003" type="0"/>
    <Peak1D F1="7.615396" intensity="9.460431e-002" type="0"/>
    <Peak1D F1="7.593641" intensity="9.918389e-002" type="0"/>
    <Peak1D F1="7.562609" intensity="2.583449e-002" type="0"/>
    <Peak1D F1="7.555885" intensity="2.210325e-002" type="0"/>
    <Peak1D F1="7.549704" intensity="2.425694e-002" type="0"/>
    <Peak1D F1="7.530501" intensity="1.068949e-001" type="0"/>
    <Peak1D F1="7.508947" intensity="1.312730e-001" type="0"/>
    <Peak1D F1="7.496183" intensity="1.128615e-001" type="0"/>
    <Peak1D F1="7.478144" intensity="1.551437e+000" type="0"/>
    <Peak1D F1="7.473345" intensity="8.330154e-001" type="0"/>
    <Peak1D F1="7.456208" intensity="1.508970e+000" type="0"/>
    <Peak1D F1="7.450956" intensity="4.982620e-001" type="0"/>
    <Peak1D F1="7.428252" intensity="7.420479e-002" type="0"/>
    <Peak1D F1="7.406460" intensity="3.349021e-002" type="0"/>
    <Peak1D F1="7.393553" intensity="2.845623e-002" type="0"/>
    <Peak1D F1="7.384005" intensity="3.683965e-002" type="0"/>
    <Peak1D F1="7.374993" intensity="3.854306e-002" type="0"/>
    <Peak1D F1="7.361885" intensity="3.819498e-002" type="0"/>
    <Peak1D F1="7.356860" intensity="2.161760e-002" type="0"/>
    <Peak1D F1="7.334890" intensity="3.406333e-002" type="0"/>
    <Peak1D F1="7.317556" intensity="2.708427e-002" type="0"/>
    <Peak1D F1="7.311835" intensity="2.798641e-002" type="0"/>
    <Peak1D F1="7.304583" intensity="2.863132e-002" type="0"/>
    <Peak1D F1="7.297281" intensity="2.266555e-002" type="0"/>
    <Peak1D F1="7.286301" intensity="1.311320e-001" type="0"/>
    <Peak1D F1="7.280143" intensity="1.326003e-002" type="0"/>
    <Peak1D F1="7.274340" intensity="1.433679e-002" type="0"/>
    <Peak1D F1="7.270019" intensity="1.643392e-002" type="0"/>
    <Peak1D F1="7.236432" intensity="6.366364e+000" type="0"/>
    <Peak1D F1="7.209491" intensity="1.610453e-002" type="0"/>
    <Peak1D F1="7.200844" intensity="1.101647e-002" type="0"/>
    <Peak1D F1="7.197333" intensity="1.102071e-002" type="0"/>
    <Peak1D F1="7.186588" intensity="1.053878e-001" type="0"/>
    <Peak1D F1="7.181420" intensity="9.517830e-003" type="0"/>
    <Peak1D F1="7.159715" intensity="2.206792e-003" type="0"/>
    <Peak1D F1="7.135161" intensity="5.418112e-003" type="0"/>
    <Peak1D F1="7.113301" intensity="4.864627e-003" type="0"/>
    <Peak1D F1="7.050831" intensity="5.608208e-003" type="0"/>
    <Peak1D F1="7.031322" intensity="8.747371e-003" type="0"/>
    <Peak1D F1="7.021072" intensity="1.187513e-002" type="0"/>
    <Peak1D F1="7.006980" intensity="3.059246e-002" type="0"/>
    <Peak1D F1="6.987261" intensity="9.794042e-002" type="0"/>
    <Peak1D F1="6.971474" intensity="1.030904e-001" type="0"/>
    <Peak1D F1="6.959060" intensity="9.870081e-002" type="0"/>
    <Peak1D F1="6.923198" intensity="5.042169e-002" type="0"/>
    <Peak1D F1="6.906828" intensity="1.191274e-001" type="0"/>
    <Peak1D F1="6.888995" intensity="3.263116e-002" type="0"/>
    <Peak1D F1="6.858034" intensity="5.339155e-003" type="0"/>
    <Peak1D F1="6.823906" intensity="9.029313e-003" type="0"/>
    <Peak1D F1="6.772462" intensity="5.838295e-003" type="0"/>
    <Peak1D F1="6.743985" intensity="3.211183e-003" type="0"/>
    <Peak1D F1="6.721623" intensity="2.029690e-003" type="0"/>
    <Peak1D F1="6.698533" intensity="1.811495e-003" type="0"/>
    <Peak1D F1="6.609067" intensity="7.722927e-003" type="0"/>
    <Peak1D F1="6.589024" intensity="6.114345e-003" type="0"/>
    <Peak1D F1="6.459793" intensity="1.134041e-002" type="0"/>
    <Peak1D F1="6.203787" intensity="3.425099e-003" type="0"/>
    <Peak1D F1="6.198498" intensity="7.293838e-003" type="0"/>
    <Peak1D F1="6.193502" intensity="4.402802e-003" type="0"/>
    <Peak1D F1="6.154363" intensity="4.870386e-003" type="0"/>
    <Peak1D F1="6.134883" intensity="1.631586e-003" type="0"/>
    <Peak1D F1="6.112004" intensity="6.582959e-003" type="0"/>
    <Peak1D F1="6.049943" intensity="5.739453e-002" type="0"/>
    <Peak1D F1="6.039552" intensity="1.970422e-002" type="0"/>
    <Peak1D F1="6.032831" intensity="2.059121e-002" type="0"/>
    <Peak1D F1="6.000001" intensity="2.948700e+000" type="0"/>
    <Peak1D F1="5.973352" intensity="8.407190e-003" type="0"/>
    <Peak1D F1="5.964503" intensity="5.529318e-003" type="0"/>
    <Peak1D F1="5.950210" intensity="4.764896e-002" type="0"/>
    <Peak1D F1="5.940357" intensity="2.163184e-002" type="0"/>
    <Peak1D F1="5.928364" intensity="2.065286e-002" type="0"/>
    <Peak1D F1="5.877248" intensity="9.404630e-004" type="0"/>
    <Peak1D F1="5.803557" intensity="3.616250e-003" type="0"/>
    <Peak1D F1="5.798273" intensity="7.531443e-003" type="0"/>
    <Peak1D F1="5.792808" intensity="4.209153e-003" type="0"/>
    <Peak1D F1="5.780762" intensity="3.099980e-002" type="0"/>
    <Peak1D F1="5.773402" intensity="3.110724e-002" type="0"/>
    <Peak1D F1="5.756913" intensity="2.623573e-003" type="0"/>
    <Peak1D F1="5.748721" intensity="2.518437e-003" type="0"/>
    <Peak1D F1="5.710178" intensity="4.918286e-003" type="0"/>
    <Peak1D F1="5.629405" intensity="3.309663e-002" type="0"/>
    <Peak1D F1="5.602441" intensity="3.534018e-002" type="0"/>
    <Peak1D F1="5.585001" intensity="2.365663e-003" type="0"/>
    <Peak1D F1="5.557429" intensity="5.536246e-003" type="0"/>
    <Peak1D F1="5.530977" intensity="4.274568e-003" type="0"/>
    <Peak1D F1="5.519395" intensity="5.877764e-003" type="0"/>
    <Peak1D F1="5.499176" intensity="4.311051e-003" type="0"/>
    <Peak1D F1="5.492092" intensity="3.613658e-003" type="0"/>
    <Peak1D F1="5.458705" intensity="1.255454e-002" type="0"/>
    <Peak1D F1="5.452849" intensity="1.277343e-002" type="0"/>
    <Peak1D F1="5.435304" intensity="7.119808e-003" type="0"/>
    <Peak1D F1="5.403821" intensity="4.350432e-003" type="0"/>
    <Peak1D F1="5.383437" intensity="5.227741e-003" type="0"/>
    <Peak1D F1="5.377194" intensity="5.351297e-003" type="0"/>
    <Peak1D F1="5.358869" intensity="4.116940e-003" type="0"/>
    <Peak1D F1="5.333898" intensity="1.457046e-001" type="0"/>
    <Peak1D F1="5.327058" intensity="1.460317e-001" type="0"/>
    <Peak1D F1="5.272554" intensity="3.755378e-003" type="0"/>
    <Peak1D F1="5.266092" intensity="3.590810e-003" type="0"/>
    <Peak1D F1="5.260527" intensity="4.629018e-003" type="0"/>
    <Peak1D F1="5.251338" intensity="8.269003e-003" type="0"/>
    <Peak1D F1="5.243825" intensity="1.540894e-002" type="0"/>
    <Peak1D F1="5.236037" intensity="7.029080e-003" type="0"/>
    <Peak1D F1="5.000461" intensity="4.149248e-003" type="0"/>
    <Peak1D F1="4.978411" intensity="4.663306e-003" type="0"/>
    <Peak1D F1="4.928485" intensity="1.088486e-002" type="0"/>
    <Peak1D F1="4.906930" intensity="1.561647e-002" type="0"/>
    <Peak1D F1="4.886569" intensity="1.017704e-002" type="0"/>
    <Peak1D F1="4.871131" intensity="3.245369e-002" type="0"/>
    <Peak1D F1="4.849425" intensity="2.648593e-002" type="0"/>
    <Peak1D F1="4.820901" intensity="7.610158e-001" type="0"/>
    <Peak1D F1="4.799003" intensity="7.759665e-001" type="0"/>
    <Peak1D F1="4.771354" intensity="3.573362e-002" type="0"/>
    <Peak1D F1="4.749336" intensity="4.100518e-002" type="0"/>
    <Peak1D F1="4.698499" intensity="4.370117e-002" type="0"/>
    <Peak1D F1="4.637297" intensity="3.260278e-002" type="0"/>
    <Peak1D F1="4.616759" intensity="2.556970e-002" type="0"/>
    <Peak1D F1="4.513031" intensity="6.642005e-003" type="0"/>
    <Peak1D F1="4.497849" intensity="6.209957e-003" type="0"/>
    <Peak1D F1="4.383605" intensity="1.024722e-003" type="0"/>
    <Peak1D F1="4.337924" intensity="1.105759e-003" type="0"/>
    <Peak1D F1="4.326964" intensity="9.261617e-004" type="0"/>
    <Peak1D F1="4.307234" intensity="1.652829e-003" type="0"/>
    <Peak1D F1="4.295406" intensity="4.791394e-003" type="0"/>
    <Peak1D F1="4.285165" intensity="4.174979e-003" type="0"/>
    <Peak1D F1="4.272210" intensity="4.456539e-003" type="0"/>
    <Peak1D F1="4.262149" intensity="1.698817e-003" type="0"/>
    <Peak1D F1="4.133929" intensity="5.390971e-003" type="0"/>
    <Peak1D F1="4.121098" intensity="9.831550e-003" type="0"/>
    <Peak1D F1="4.114357" intensity="6.803687e-003" type="0"/>
    <Peak1D F1="4.100939" intensity="1.391757e-002" type="0"/>
    <Peak1D F1="4.081683" intensity="5.163405e-003" type="0"/>
    <Peak1D F1="4.054295" intensity="9.594587e-004" type="0"/>
    <Peak1D F1="3.863391" intensity="4.414147e-002" type="0"/>
    <Peak1D F1="3.797154" intensity="1.162379e-002" type="0"/>
    <Peak1D F1="3.786188" intensity="6.284680e-003" type="0"/>
    <Peak1D F1="3.774735" intensity="7.313711e-003" type="0"/>
    <Peak1D F1="3.759158" intensity="6.835595e-003" type="0"/>
    <Peak1D F1="3.735885" intensity="1.727814e-001" type="0"/>
    <Peak1D F1="3.730010" intensity="1.253047e-002" type="0"/>
    <Peak1D F1="3.723712" intensity="9.593047e-003" type="0"/>
    <Peak1D F1="3.717681" intensity="1.309528e-002" type="0"/>
    <Peak1D F1="3.685979" intensity="8.521926e+000" type="0"/>
    <Peak1D F1="3.668210" intensity="7.988451e-002" type="0"/>
    <Peak1D F1="3.659130" intensity="3.338667e-002" type="0"/>
    <Peak1D F1="3.648388" intensity="5.744113e-002" type="0"/>
    <Peak1D F1="3.636152" intensity="1.454604e-001" type="0"/>
    <Peak1D F1="3.631028" intensity="1.901582e-002" type="0"/>
    <Peak1D F1="3.613441" intensity="1.799393e-002" type="0"/>
    <Peak1D F1="3.606882" intensity="1.412758e-001" type="0"/>
    <Peak1D F1="3.587542" intensity="8.613221e-003" type="0"/>
    <Peak1D F1="3.580175" intensity="7.825357e-003" type="0"/>
    <Peak1D F1="3.565871" intensity="2.317055e-002" type="0"/>
    <Peak1D F1="3.557569" intensity="4.737026e-003" type="0"/>
    <Peak1D F1="3.547635" intensity="4.608005e-003" type="0"/>
    <Peak1D F1="3.512839" intensity="4.142034e-002" type="0"/>
    <Peak1D F1="3.503731" intensity="5.017308e-002" type="0"/>
    <Peak1D F1="3.492496" intensity="8.104491e-003" type="0"/>
    <Peak1D F1="3.468529" intensity="9.531783e-003" type="0"/>
    <Peak1D F1="3.453430" intensity="1.722083e-002" type="0"/>
    <Peak1D F1="3.447252" intensity="1.120761e-002" type="0"/>
    <Peak1D F1="3.431958" intensity="1.699042e-002" type="0"/>
    <Peak1D F1="3.420702" intensity="3.137514e-003" type="0"/>
    <Peak1D F1="3.413126" intensity="3.212361e-003" type="0"/>
    <Peak1D F1="3.400056" intensity="3.287089e-003" type="0"/>
    <Peak1D F1="3.391233" intensity="3.482429e-003" type="0"/>
    <Peak1D F1="3.380275" intensity="1.244946e-002" type="0"/>
    <Peak1D F1="3.364774" intensity="5.881237e-003" type="0"/>
    <Peak1D F1="3.343661" intensity="4.028137e-003" type="0"/>
    <Peak1D F1="3.331283" intensity="2.453374e-003" type="0"/>
    <Peak1D F1="3.263338" intensity="1.226942e-003" type="0"/>
    <Peak1D F1="3.245435" intensity="2.469690e-003" type="0"/>
    <Peak1D F1="3.224019" intensity="2.391833e-003" type="0"/>
    <Peak1D F1="3.205016" intensity="1.972216e-003" type="0"/>
    <Peak1D F1="3.195647" intensity="1.169901e-003" type="0"/>
    <Peak1D F1="3.186749" intensity="1.251316e-003" type="0"/>
    <Peak1D F1="3.129196" intensity="5.284432e-003" type="0"/>
    <Peak1D F1="3.115166" intensity="2.745047e-003" type="0"/>
    <Peak1D F1="3.096941" intensity="3.522869e-003" type="0"/>
    <Peak1D F1="3.084073" intensity="2.515507e-003" type="0"/>
    <Peak1D F1="3.073023" intensity="4.891797e-003" type="0"/>
    <Peak1D F1="2.958319" intensity="8.955941e-003" type="0"/>
    <Peak1D F1="2.951321" intensity="9.263743e-003" type="0"/>
    <Peak1D F1="2.940134" intensity="1.836923e-002" type="0"/>
    <Peak1D F1="2.933101" intensity="1.808549e-002" type="0"/>
    <Peak1D F1="2.921860" intensity="9.453454e-003" type="0"/>
    <Peak1D F1="2.914850" intensity="1.081266e-002" type="0"/>
    <Peak1D F1="2.895325" intensity="8.842787e-004" type="0"/>
    <Peak1D F1="2.810931" intensity="5.017922e-003" type="0"/>
    <Peak1D F1="2.800060" intensity="8.283882e-003" type="0"/>
    <Peak1D F1="2.794519" intensity="1.178917e-002" type="0"/>
    <Peak1D F1="2.780880" intensity="1.320777e-002" type="0"/>
    <Peak1D F1="2.754619" intensity="1.964656e-002" type="0"/>
    <Peak1D F1="2.735772" intensity="2.255317e-002" type="0"/>
    <Peak1D F1="2.707343" intensity="8.279332e-003" type="0"/>
    <Peak1D F1="2.680078" intensity="3.276644e-003" type="0"/>
    <Peak1D F1="2.672543" intensity="3.293080e-003" type="0"/>
    <Peak1D F1="2.655673" intensity="2.379867e-001" type="0"/>
    <Peak1D F1="2.635574" intensity="3.387003e-003" type="0"/>
    <Peak1D F1="2.630513" intensity="4.760098e-003" type="0"/>
    <Peak1D F1="2.617364" intensity="6.083778e-003" type="0"/>
    <Peak1D F1="2.606802" intensity="3.526925e-003" type="0"/>
    <Peak1D F1="2.591791" intensity="3.359733e-003" type="0"/>
    <Peak1D F1="2.567234" intensity="2.168127e-001" type="0"/>
    <Peak1D F1="2.550286" intensity="1.475352e-002" type="0"/>
    <Peak1D F1="2.541150" intensity="3.519661e-002" type="0"/>
    <Peak1D F1="2.518705" intensity="3.012558e-002" type="0"/>
    <Peak1D F1="2.505751" intensity="2.212117e-001" type="0"/>
    <Peak1D F1="2.489209" intensity="1.582411e-002" type="0"/>
    <Peak1D F1="2.472742" intensity="7.055627e-003" type="0"/>
    <Peak1D F1="2.456487" intensity="2.131470e-002" type="0"/>
    <Peak1D F1="2.444730" intensity="2.824274e-002" type="0"/>
    <Peak1D F1="2.438708" intensity="1.925586e-002" type="0"/>
    <Peak1D F1="2.426740" intensity="2.850411e-002" type="0"/>
    <Peak1D F1="2.409404" intensity="3.017481e-001" type="0"/>
    <Peak1D F1="2.399809" intensity="1.699033e-001" type="0"/>
    <Peak1D F1="2.393072" intensity="1.531758e-001" type="0"/>
    <Peak1D F1="2.377163" intensity="2.959848e-001" type="0"/>
    <Peak1D F1="2.373802" intensity="2.555607e-001" type="0"/>
    <Peak1D F1="2.355238" intensity="4.373598e-001" type="0"/>
    <Peak1D F1="2.352213" intensity="4.705340e-001" type="0"/>
    <Peak1D F1="2.349335" intensity="4.452943e-001" type="0"/>
    <Peak1D F1="2.334541" intensity="3.760906e-001" type="0"/>
    <Peak1D F1="2.331971" intensity="3.731576e-001" type="0"/>
    <Peak1D F1="2.325548" intensity="4.172277e-001" type="0"/>
    <Peak1D F1="2.304332" intensity="1.962221e-001" type="0"/>
    <Peak1D F1="2.282099" intensity="2.811283e-001" type="0"/>
    <Peak1D F1="2.271008" intensity="3.654436e-001" type="0"/>
    <Peak1D F1="2.254153" intensity="1.090273e-001" type="0"/>
    <Peak1D F1="2.238915" intensity="2.505839e-001" type="0"/>
    <Peak1D F1="2.227992" intensity="2.662825e-001" type="0"/>
    <Peak1D F1="2.214335" intensity="2.489461e-001" type="0"/>
    <Peak1D F1="2.207015" intensity="9.519008e-002" type="0"/>
    <Peak1D F1="2.191896" intensity="3.318806e-001" type="0"/>
    <Peak1D F1="2.187925" intensity="3.207752e-001" type="0"/>
    <Peak1D F1="2.174786" intensity="1.169467e-001" type="0"/>
    <Peak1D F1="2.165646" intensity="4.454682e-001" type="0"/>
    <Peak1D F1="2.149687" intensity="2.536391e-001" type="0"/>
    <Peak1D F1="2.143069" intensity="3.365269e-001" type="0"/>
    <Peak1D F1="2.139319" intensity="3.509232e-001" type="0"/>
    <Peak1D F1="2.130102" intensity="4.969780e-001" type="0"/>
    <Peak1D F1="2.116995" intensity="5.126989e-001" type="0"/>
    <Peak1D F1="2.099721" intensity="4.788375e+000" type="0"/>
    <Peak1D F1="2.080169" intensity="1.452062e+001" type="0"/>
    <Peak1D F1="2.068440" intensity="4.150235e+000" type="0"/>
    <Peak1D F1="2.061293" intensity="7.605948e+000" type="0"/>
    <Peak1D F1="2.046016" intensity="5.611411e-001" type="0"/>
    <Peak1D F1="2.040108" intensity="4.488305e-001" type="0"/>
    <Peak1D F1="2.036262" intensity="4.556174e-001" type="0"/>
    <Peak1D F1="2.033911" intensity="4.602686e-001" type="0"/>
    <Peak1D F1="2.030604" intensity="5.151038e-001" type="0"/>
    <Peak1D F1="2.012014" intensity="2.285963e-001" type="0"/>
    <Peak1D F1="1.993497" intensity="1.129518e-001" type="0"/>
    <Peak1D F1="1.984444" intensity="1.782926e-001" type="0"/>
    <Peak1D F1="1.975532" intensity="1.479674e-001" type="0"/>
    <Peak1D F1="1.969863" intensity="1.477250e-001" type="0"/>
    <Peak1D F1="1.952637" intensity="4.354550e-001" type="0"/>
    <Peak1D F1="1.934574" intensity="4.852217e+000" type="0"/>
    <Peak1D F1="1.924224" intensity="8.385534e-001" type="0"/>
    <Peak1D F1="1.920961" intensity="7.974113e-001" type="0"/>
    <Peak1D F1="1.917166" intensity="1.072802e+000" type="0"/>
    <Peak1D F1="1.913268" intensity="1.033214e+000" type="0"/>
    <Peak1D F1="1.902509" intensity="7.661717e+000" type="0"/>
    <Peak1D F1="1.892547" intensity="6.276658e+000" type="0"/>
    <Peak1D F1="1.891318" intensity="6.410654e+000" type="0"/>
    <Peak1D F1="1.882815" intensity="1.500000e+001" type="0"/>
    <Peak1D F1="1.873983" intensity="5.555368e+000" type="0"/>
    <Peak1D F1="1.871979" intensity="5.807821e+000" type="0"/>
    <Peak1D F1="1.863353" intensity="4.960208e+000" type="0"/>
    <Peak1D F1="1.851541" intensity="7.407487e-001" type="0"/>
    <Peak1D F1="1.841273" intensity="4.525613e-001" type="0"/>
    <Peak1D F1="1.833306" intensity="4.170324e-001" type="0"/>
    <Peak1D F1="1.826229" intensity="2.101045e-001" type="0"/>
    <Peak1D F1="1.813950" intensity="1.532771e-001" type="0"/>
    <Peak1D F1="1.780465" intensity="5.603287e-002" type="0"/>
    <Peak1D F1="1.773422" intensity="5.323433e-002" type="0"/>
    <Peak1D F1="1.762785" intensity="7.274365e-002" type="0"/>
    <Peak1D F1="1.751507" intensity="7.398932e-002" type="0"/>
    <Peak1D F1="1.736042" intensity="1.150399e-001" type="0"/>
    <Peak1D F1="1.721084" intensity="1.471957e-001" type="0"/>
    <Peak1D F1="1.715894" intensity="1.985630e-001" type="0"/>
    <Peak1D F1="1.709960" intensity="1.504302e-001" type="0"/>
    <Peak1D F1="1.700920" intensity="3.375212e-001" type="0"/>
    <Peak1D F1="1.693828" intensity="3.478566e-001" type="0"/>
    <Peak1D F1="1.676966" intensity="5.457096e-001" type="0"/>
    <Peak1D F1="1.673208" intensity="4.543357e-001" type="0"/>
    <Peak1D F1="1.656915" intensity="3.798072e-001" type="0"/>
    <Peak1D F1="1.652995" intensity="3.333167e-001" type="0"/>
    <Peak1D F1="1.646041" intensity="2.706908e-001" type="0"/>
    <Peak1D F1="1.640723" intensity="2.388534e-001" type="0"/>
    <Peak1D F1="1.637386" intensity="2.191541e-001" type="0"/>
    <Peak1D F1="1.630622" intensity="1.616908e-001" type="0"/>
    <Peak1D F1="1.624656" intensity="1.682716e-001" type="0"/>
    <Peak1D F1="1.609575" intensity="1.348533e-001" type="0"/>
    <Peak1D F1="1.598342" intensity="5.637518e-002" type="0"/>
    <Peak1D F1="1.588738" intensity="5.146372e-002" type="0"/>
    <Peak1D F1="1.575045" intensity="4.934723e-002" type="0"/>
    <Peak1D F1="1.559355" intensity="5.600093e-002" type="0"/>
    <Peak1D F1="1.548535" intensity="7.087626e-002" type="0"/>
    <Peak1D F1="1.543284" intensity="8.095061e-002" type="0"/>
    <Peak1D F1="1.536636" intensity="9.368928e-002" type="0"/>
    <Peak1D F1="1.527401" intensity="1.446107e-001" type="0"/>
    <Peak1D F1="1.508797" intensity="2.314418e-001" type="0"/>
    <Peak1D F1="1.491711" intensity="2.107701e-001" type="0"/>
    <Peak1D F1="1.478623" intensity="2.040140e-001" type="0"/>
    <Peak1D F1="1.462306" intensity="1.829431e-001" type="0"/>
    <Peak1D F1="1.444283" intensity="5.880430e-002" type="0"/>
    <Peak1D F1="1.438573" intensity="3.840353e-002" type="0"/>
    <Peak1D F1="1.432168" intensity="4.177804e-002" type="0"/>
    <Peak1D F1="1.427595" intensity="4.512358e-002" type="0"/>
    <Peak1D F1="1.413175" intensity="1.811285e-002" type="0"/>
    <Peak1D F1="1.399087" intensity="1.817381e-002" type="0"/>
    <Peak1D F1="1.371155" intensity="1.962358e-002" type="0"/>
    <Peak1D F1="1.350631" intensity="2.736364e-002" type="0"/>
    <Peak1D F1="1.328305" intensity="1.291864e-002" type="0"/>
    <Peak1D F1="1.296915" intensity="9.408246e-003" type="0"/>
    <Peak1D F1="1.226443" intensity="1.748507e-002" type="0"/>
    <Peak1D F1="1.208487" intensity="1.561398e-002" type="0"/>
    <Peak1D F1="1.191428" intensity="2.014204e-002" type="0"/>
    <Peak1D F1="1.178006" intensity="2.869348e-002" type="0"/>
    <Peak1D F1="1.157339" intensity="9.119175e-003" type="0"/>
    <Peak1D F1="1.148636" intensity="8.770505e-003" type="0"/>
    <Peak1D F1="1.126802" intensity="9.939289e-003" type="0"/>
    <Peak1D F1="1.111560" intensity="8.648978e-003" type="0"/>
    <Peak1D F1="1.087906" intensity="4.631763e-003" type="0"/>
    <Peak1D F1="1.068544" intensity="4.269363e-003" type="0"/>
    <Peak1D F1="1.037263" intensity="4.137368e-003" type="0"/>
    <Peak1D F1="1.002780" intensity="3.999146e-003" type="0"/>
    <Peak1D F1="0.981447" intensity="3.617692e-003" type="0"/>
    <Peak1D F1="0.953007" intensity="3.432989e-003" type="0"/>
    <Peak1D F1="0.876543" intensity="2.930319e-003" type="0"/>
    <Peak1D F1="0.816246" intensity="6.000259e-003" type="0"/>
    <Peak1D F1="0.799608" intensity="1.088317e-002" type="0"/>
    <Peak1D F1="0.781474" intensity="6.528482e-003" type="0"/>
    <Peak1D F1="0.756676" intensity="5.383501e-003" type="0"/>
    <Peak1D F1="0.736393" intensity="4.567768e-003" type="0"/>
    <Peak1D F1="0.659818" intensity="1.975880e-003" type="0"/>
    <Peak1D F1="0.635328" intensity="1.940283e-003" type="0"/>
    <Peak1D F1="0.630358" intensity="1.810631e-003" type="0"/>
    <Peak1D F1="0.572951" intensity="1.707265e-003" type="0"/>
    <Peak1D F1="0.553490" intensity="1.612746e-003" type="0"/>
    <Peak1D F1="0.505499" intensity="1.387016e-003" type="0"/>
    <Peak1D F1="0.463015" intensity="1.248288e-003" type="0"/>
    <Peak1D F1="0.325135" intensity="1.160544e-003" type="0"/>
    <Peak1D F1="0.317804" intensity="1.001667e-003" type="0"/>
    <Peak1D F1="0.306838" intensity="1.056168e-003" type="0"/>
    <Peak1D F1="0.249857" intensity="9.111881e-004" type="0"/>
    <Peak1D F1="0.212509" intensity="9.466866e-004" type="0"/>
    <Peak1D F1="0.174051" intensity="1.057895e-003" type="0"/>
    <Peak1D F1="0.144347" intensity="9.060089e-004" type="0"/>
    <Peak1D F1="0.094951" intensity="9.203170e-004" type="0"/>
    <Peak1D F1="0.049686" intensity="1.813693e-003" type="0"/>
    <Peak1D F1="-0.000148" intensity="5.199466e-002" type="0"/>
    <Peak1D F1="-0.028609" intensity="1.236160e-003" type="0"/>
    <Peak1D F1="-0.050563" intensity="1.064890e-003" type="0"/>
    <Peak1D F1="-2.947123" intensity="8.890800e-004" type="0"/>
    <Peak1D F1="-3.426212" intensity="8.273786e-004" type="0"/>
    <Peak1D F1="-3.513854" intensity="7.823218e-004" type="0"/>
    <Peak1D F1="-3.618804" intensity="7.602531e-004" type="0"/>
    <Peak1D F1="-3.651643" intensity="7.498143e-004" type="0"/>
    <Peak1D F1="-3.783066" intensity="8.148888e-004" type="0"/>
  </PeakList1D>
</PeakList>
