<?xml version="1.0" encoding="UTF-8"?>
<PeakList>
  <PeakList1D>
    <PeakList1DHeader creator="nmr" date="2021-08-10T14:12:10.877+03:00" expNo="10" name="ID-429-D" owner="" procNo="1" source="//132.72.8.180/400b/Milo/Milo">
      <PeakPickDetails>F1=16.099751ppm, F2=-3.929295ppm, MI=0.00cm, MAXI=10000.00cm, PC=1.000
      </PeakPickDetails>
    </PeakList1DHeader>
    <Peak1D F1="14.264060" intensity="6.485401e-003" type="0"/>
    <Peak1D F1="10.887812" intensity="7.221112e-003" type="0"/>
    <Peak1D F1="10.315988" intensity="9.538925e-003" type="0"/>
    <Peak1D F1="10.145153" intensity="2.949172e-002" type="0"/>
    <Peak1D F1="10.125486" intensity="1.528507e-002" type="0"/>
    <Peak1D F1="10.094921" intensity="1.595705e+000" type="0"/>
    <Peak1D F1="10.062774" intensity="9.329541e-003" type="0"/>
    <Peak1D F1="10.045315" intensity="2.315798e-002" type="0"/>
    <Peak1D F1="9.868215" intensity="1.098988e-002" type="0"/>
    <Peak1D F1="8.552371" intensity="8.805688e-003" type="0"/>
    <Peak1D F1="8.537282" intensity="6.724721e-003" type="0"/>
    <Peak1D F1="8.418190" intensity="7.751742e-003" type="0"/>
    <Peak1D F1="8.392805" intensity="2.385380e-002" type="0"/>
    <Peak1D F1="8.371020" intensity="3.457675e-002" type="0"/>
    <Peak1D F1="8.343138" intensity="1.048752e+000" type="0"/>
    <Peak1D F1="8.338689" intensity="3.653811e-001" type="0"/>
    <Peak1D F1="8.321373" intensity="1.197966e+000" type="0"/>
    <Peak1D F1="8.293328" intensity="1.619407e-002" type="0"/>
    <Peak1D F1="8.270868" intensity="2.153782e-002" type="0"/>
    <Peak1D F1="8.223969" intensity="1.883436e-002" type="0"/>
    <Peak1D F1="8.196764" intensity="3.917198e-002" type="0"/>
    <Peak1D F1="8.176880" intensity="5.078266e-002" type="0"/>
    <Peak1D F1="8.159902" intensity="1.473697e-001" type="0"/>
    <Peak1D F1="8.144994" intensity="1.096939e-001" type="0"/>
    <Peak1D F1="8.138235" intensity="1.542594e-001" type="0"/>
    <Peak1D F1="8.123547" intensity="7.628692e-002" type="0"/>
    <Peak1D F1="8.103497" intensity="1.821678e-002" type="0"/>
    <Peak1D F1="8.092798" intensity="1.574643e-002" type="0"/>
    <Peak1D F1="8.070882" intensity="3.028489e-002" type="0"/>
    <Peak1D F1="8.050053" intensity="3.179807e-002" type="0"/>
    <Peak1D F1="8.026258" intensity="2.230107e-001" type="0"/>
    <Peak1D F1="8.021169" intensity="1.402635e+000" type="0"/>
    <Peak1D F1="8.016378" intensity="4.180301e-001" type="0"/>
    <Peak1D F1="8.004022" intensity="4.070898e-001" type="0"/>
    <Peak1D F1="7.999561" intensity="1.150575e+000" type="0"/>
    <Peak1D F1="7.994188" intensity="1.468731e-001" type="0"/>
    <Peak1D F1="7.970981" intensity="2.490584e-002" type="0"/>
    <Peak1D F1="7.949919" intensity="2.147058e-002" type="0"/>
    <Peak1D F1="7.927782" intensity="9.141127e-003" type="0"/>
    <Peak1D F1="7.906160" intensity="1.217588e-002" type="0"/>
    <Peak1D F1="7.879703" intensity="8.668033e-003" type="0"/>
    <Peak1D F1="7.867114" intensity="7.825709e-003" type="0"/>
    <Peak1D F1="7.833924" intensity="8.000564e-003" type="0"/>
    <Peak1D F1="7.819081" intensity="1.029665e-002" type="0"/>
    <Peak1D F1="7.781694" intensity="3.438924e-002" type="0"/>
    <Peak1D F1="7.765379" intensity="6.207466e-002" type="0"/>
    <Peak1D F1="7.750993" intensity="3.631253e-002" type="0"/>
    <Peak1D F1="7.619518" intensity="1.056869e-002" type="0"/>
    <Peak1D F1="7.594912" intensity="1.354716e-002" type="0"/>
    <Peak1D F1="7.587499" intensity="1.943328e-002" type="0"/>
    <Peak1D F1="7.560977" intensity="2.510160e-002" type="0"/>
    <Peak1D F1="7.538889" intensity="2.705177e-002" type="0"/>
    <Peak1D F1="7.528695" intensity="1.758971e-002" type="0"/>
    <Peak1D F1="7.518109" intensity="1.694614e-002" type="0"/>
    <Peak1D F1="7.494603" intensity="3.048892e-002" type="0"/>
    <Peak1D F1="7.481477" intensity="1.177792e-001" type="0"/>
    <Peak1D F1="7.459595" intensity="1.187848e-001" type="0"/>
    <Peak1D F1="7.453822" intensity="1.227428e-001" type="0"/>
    <Peak1D F1="7.442648" intensity="2.836183e-002" type="0"/>
    <Peak1D F1="7.425681" intensity="3.300211e-002" type="0"/>
    <Peak1D F1="7.420186" intensity="4.056633e-002" type="0"/>
    <Peak1D F1="7.405920" intensity="6.874908e-002" type="0"/>
    <Peak1D F1="7.386545" intensity="7.336106e-002" type="0"/>
    <Peak1D F1="7.372043" intensity="3.253779e-002" type="0"/>
    <Peak1D F1="7.366395" intensity="3.593622e-002" type="0"/>
    <Peak1D F1="7.304879" intensity="3.787110e-002" type="0"/>
    <Peak1D F1="7.294539" intensity="4.593783e-002" type="0"/>
    <Peak1D F1="7.288018" intensity="4.364768e-002" type="0"/>
    <Peak1D F1="7.244719" intensity="3.176197e-001" type="0"/>
    <Peak1D F1="7.194952" intensity="1.827993e+001" type="0"/>
    <Peak1D F1="7.171050" intensity="1.862400e-002" type="0"/>
    <Peak1D F1="7.154501" intensity="7.791788e-002" type="0"/>
    <Peak1D F1="7.144722" intensity="2.871116e-001" type="0"/>
    <Peak1D F1="7.137029" intensity="1.116560e-001" type="0"/>
    <Peak1D F1="7.117454" intensity="4.831357e-002" type="0"/>
    <Peak1D F1="7.027232" intensity="9.055721e-003" type="0"/>
    <Peak1D F1="7.005851" intensity="6.738981e-002" type="0"/>
    <Peak1D F1="6.984716" intensity="5.717896e-002" type="0"/>
    <Peak1D F1="6.979067" intensity="6.199351e-002" type="0"/>
    <Peak1D F1="6.958174" intensity="5.522849e-002" type="0"/>
    <Peak1D F1="6.930898" intensity="9.752241e-002" type="0"/>
    <Peak1D F1="6.118072" intensity="2.934291e-002" type="0"/>
    <Peak1D F1="6.068275" intensity="3.085363e-002" type="0"/>
    <Peak1D F1="6.018507" intensity="1.754217e+000" type="0"/>
    <Peak1D F1="5.968585" intensity="2.661395e-002" type="0"/>
    <Peak1D F1="5.580686" intensity="7.568712e-003" type="0"/>
    <Peak1D F1="5.523905" intensity="1.402524e-002" type="0"/>
    <Peak1D F1="5.468784" intensity="6.659011e-003" type="0"/>
    <Peak1D F1="5.434547" intensity="7.462511e-003" type="0"/>
    <Peak1D F1="5.414632" intensity="1.823614e-002" type="0"/>
    <Peak1D F1="5.351299" intensity="9.180530e-003" type="0"/>
    <Peak1D F1="5.282150" intensity="1.192389e-002" type="0"/>
    <Peak1D F1="5.018522" intensity="8.438580e-002" type="0"/>
    <Peak1D F1="5.002671" intensity="7.507263e-002" type="0"/>
    <Peak1D F1="4.859019" intensity="6.152480e-003" type="0"/>
    <Peak1D F1="4.791352" intensity="4.469219e-002" type="0"/>
    <Peak1D F1="4.768981" intensity="4.448003e-002" type="0"/>
    <Peak1D F1="4.672776" intensity="8.000095e-002" type="0"/>
    <Peak1D F1="3.974200" intensity="9.100222e-003" type="0"/>
    <Peak1D F1="3.956654" intensity="6.270605e-003" type="0"/>
    <Peak1D F1="3.947454" intensity="1.019660e-002" type="0"/>
    <Peak1D F1="3.878748" intensity="2.685389e-002" type="0"/>
    <Peak1D F1="3.844895" intensity="9.187468e-003" type="0"/>
    <Peak1D F1="3.811971" intensity="9.492387e-002" type="0"/>
    <Peak1D F1="3.791035" intensity="3.112541e-002" type="0"/>
    <Peak1D F1="3.769814" intensity="3.122662e-002" type="0"/>
    <Peak1D F1="3.751402" intensity="9.379514e-002" type="0"/>
    <Peak1D F1="3.745878" intensity="5.951135e-002" type="0"/>
    <Peak1D F1="3.701350" intensity="5.406296e+000" type="0"/>
    <Peak1D F1="3.651343" intensity="8.880592e-002" type="0"/>
    <Peak1D F1="3.614543" intensity="6.752579e-003" type="0"/>
    <Peak1D F1="3.574795" intensity="9.479910e-003" type="0"/>
    <Peak1D F1="3.519161" intensity="3.387384e-002" type="0"/>
    <Peak1D F1="3.468266" intensity="1.091833e-002" type="0"/>
    <Peak1D F1="3.437767" intensity="1.224266e-002" type="0"/>
    <Peak1D F1="3.419524" intensity="1.317878e-002" type="0"/>
    <Peak1D F1="3.341207" intensity="6.752859e-003" type="0"/>
    <Peak1D F1="3.285946" intensity="6.009658e-003" type="0"/>
    <Peak1D F1="3.176763" intensity="7.582814e-003" type="0"/>
    <Peak1D F1="2.929270" intensity="6.087346e-003" type="0"/>
    <Peak1D F1="2.734472" intensity="6.277838e-003" type="0"/>
    <Peak1D F1="2.418761" intensity="6.657982e-003" type="0"/>
    <Peak1D F1="2.389468" intensity="1.267728e-002" type="0"/>
    <Peak1D F1="2.368762" intensity="1.217275e-002" type="0"/>
    <Peak1D F1="2.328355" intensity="1.810899e-002" type="0"/>
    <Peak1D F1="2.308885" intensity="1.398943e-002" type="0"/>
    <Peak1D F1="2.297820" intensity="1.806526e-002" type="0"/>
    <Peak1D F1="2.277724" intensity="3.791202e-002" type="0"/>
    <Peak1D F1="2.258266" intensity="7.870628e-002" type="0"/>
    <Peak1D F1="2.239893" intensity="3.882515e-002" type="0"/>
    <Peak1D F1="2.230820" intensity="2.888367e-002" type="0"/>
    <Peak1D F1="2.204368" intensity="5.004675e-002" type="0"/>
    <Peak1D F1="2.193407" intensity="4.211885e-002" type="0"/>
    <Peak1D F1="2.167116" intensity="1.251968e-001" type="0"/>
    <Peak1D F1="2.147164" intensity="3.428705e-001" type="0"/>
    <Peak1D F1="2.117095" intensity="4.352399e+000" type="0"/>
    <Peak1D F1="2.108276" intensity="3.369375e+000" type="0"/>
    <Peak1D F1="2.097492" intensity="1.409986e+001" type="0"/>
    <Peak1D F1="2.085812" intensity="3.641496e+000" type="0"/>
    <Peak1D F1="2.078697" intensity="7.086216e+000" type="0"/>
    <Peak1D F1="2.057307" intensity="3.320599e-001" type="0"/>
    <Peak1D F1="2.053419" intensity="3.388329e-001" type="0"/>
    <Peak1D F1="2.047688" intensity="3.773710e-001" type="0"/>
    <Peak1D F1="2.028880" intensity="1.696203e-001" type="0"/>
    <Peak1D F1="1.982478" intensity="6.748767e-002" type="0"/>
    <Peak1D F1="1.961178" intensity="1.943296e-001" type="0"/>
    <Peak1D F1="1.949574" intensity="2.084610e-001" type="0"/>
    <Peak1D F1="1.941664" intensity="4.000935e-001" type="0"/>
    <Peak1D F1="1.933129" intensity="5.771125e-001" type="0"/>
    <Peak1D F1="1.930293" intensity="5.515097e-001" type="0"/>
    <Peak1D F1="1.926230" intensity="7.976576e-001" type="0"/>
    <Peak1D F1="1.921885" intensity="7.569284e-001" type="0"/>
    <Peak1D F1="1.911420" intensity="7.099360e+000" type="0"/>
    <Peak1D F1="1.900252" intensity="5.825397e+000" type="0"/>
    <Peak1D F1="1.891763" intensity="1.500000e+001" type="0"/>
    <Peak1D F1="1.881169" intensity="5.303497e+000" type="0"/>
    <Peak1D F1="1.872389" intensity="4.668809e+000" type="0"/>
    <Peak1D F1="1.860288" intensity="5.652776e-001" type="0"/>
    <Peak1D F1="1.850193" intensity="3.410755e-001" type="0"/>
    <Peak1D F1="1.841936" intensity="3.336969e-001" type="0"/>
    <Peak1D F1="1.831576" intensity="1.471355e-001" type="0"/>
    <Peak1D F1="1.822581" intensity="1.203375e-001" type="0"/>
    <Peak1D F1="1.808946" intensity="4.289535e-002" type="0"/>
    <Peak1D F1="1.759995" intensity="4.134514e-002" type="0"/>
    <Peak1D F1="1.742763" intensity="7.080296e-002" type="0"/>
    <Peak1D F1="1.724655" intensity="9.334109e-002" type="0"/>
    <Peak1D F1="1.706719" intensity="5.720134e-002" type="0"/>
    <Peak1D F1="1.688815" intensity="3.725546e-002" type="0"/>
    <Peak1D F1="1.681352" intensity="5.531421e-002" type="0"/>
    <Peak1D F1="1.657851" intensity="4.521542e-002" type="0"/>
    <Peak1D F1="1.636982" intensity="3.652900e-002" type="0"/>
    <Peak1D F1="1.617451" intensity="2.961910e-002" type="0"/>
    <Peak1D F1="1.569502" intensity="6.440747e-002" type="0"/>
    <Peak1D F1="1.520499" intensity="1.415365e+000" type="0"/>
    <Peak1D F1="1.484270" intensity="6.771483e-002" type="0"/>
    <Peak1D F1="1.471607" intensity="6.595731e-002" type="0"/>
    <Peak1D F1="1.454458" intensity="3.373403e-002" type="0"/>
    <Peak1D F1="1.442846" intensity="2.692277e-002" type="0"/>
    <Peak1D F1="1.424105" intensity="2.195786e-002" type="0"/>
    <Peak1D F1="1.384645" intensity="1.342149e-002" type="0"/>
    <Peak1D F1="1.340116" intensity="1.518582e-002" type="0"/>
    <Peak1D F1="1.272836" intensity="3.732422e-002" type="0"/>
    <Peak1D F1="1.185062" intensity="1.232884e-001" type="0"/>
    <Peak1D F1="1.157650" intensity="1.586805e-002" type="0"/>
    <Peak1D F1="1.148593" intensity="1.659116e-002" type="0"/>
    <Peak1D F1="1.133105" intensity="1.525035e-002" type="0"/>
    <Peak1D F1="1.068651" intensity="7.758140e-003" type="0"/>
    <Peak1D F1="0.993264" intensity="7.159640e-003" type="0"/>
    <Peak1D F1="0.946832" intensity="7.856816e-003" type="0"/>
    <Peak1D F1="0.926753" intensity="7.595278e-003" type="0"/>
    <Peak1D F1="0.826942" intensity="2.278547e-002" type="0"/>
    <Peak1D F1="0.810868" intensity="3.853941e-002" type="0"/>
    <Peak1D F1="0.794981" intensity="2.176242e-002" type="0"/>
    <Peak1D F1="0.781180" intensity="1.586959e-002" type="0"/>
    <Peak1D F1="0.764215" intensity="1.725256e-002" type="0"/>
    <Peak1D F1="0.743189" intensity="9.514000e-003" type="0"/>
    <Peak1D F1="0.727302" intensity="7.546397e-003" type="0"/>
    <Peak1D F1="0.715207" intensity="6.729224e-003" type="0"/>
    <Peak1D F1="0.634389" intensity="7.208957e-003" type="0"/>
    <Peak1D F1="0.544413" intensity="6.623431e-003" type="0"/>
    <Peak1D F1="0.466654" intensity="6.373639e-003" type="0"/>
    <Peak1D F1="0.457728" intensity="6.126807e-003" type="0"/>
    <Peak1D F1="0.412578" intensity="6.826876e-003" type="0"/>
    <Peak1D F1="0.400784" intensity="6.485595e-003" type="0"/>
    <Peak1D F1="0.171662" intensity="6.380390e-003" type="0"/>
    <Peak1D F1="-0.000152" intensity="1.075804e-001" type="0"/>
    <Peak1D F1="-1.160153" intensity="6.042828e-003" type="0"/>
    <Peak1D F1="-3.502986" intensity="7.095585e-003" type="0"/>
    <Peak1D F1="-3.670003" intensity="6.054022e-003" type="0"/>
  </PeakList1D>
</PeakList>
