<?xml version="1.0" encoding="UTF-8"?>
<PeakList>
  <PeakList1D>
    <PeakList1DHeader creator="nmr" date="2021-08-02T17:08:43.527+03:00" expNo="20" name="ID-420-G" owner="" procNo="1" source="//132.72.8.180/400b/Milo/Milo">
      <PeakPickDetails>F1=16.101820ppm, F2=-3.927225ppm, MI=0.00cm, MAXI=10000.00cm, PC=1.000
      </PeakPickDetails>
    </PeakList1DHeader>
    <Peak1D F1="12.459941" intensity="4.864496e-003" type="0"/>
    <Peak1D F1="11.520762" intensity="4.930716e-003" type="0"/>
    <Peak1D F1="10.093795" intensity="2.117662e-002" type="0"/>
    <Peak1D F1="8.369777" intensity="7.242683e-003" type="0"/>
    <Peak1D F1="8.363690" intensity="6.727575e-003" type="0"/>
    <Peak1D F1="8.341426" intensity="2.186333e-002" type="0"/>
    <Peak1D F1="8.319889" intensity="1.683802e-002" type="0"/>
    <Peak1D F1="8.237298" intensity="4.118628e-002" type="0"/>
    <Peak1D F1="8.215376" intensity="6.633533e-002" type="0"/>
    <Peak1D F1="8.208237" intensity="1.109220e-001" type="0"/>
    <Peak1D F1="8.190086" intensity="2.081940e-001" type="0"/>
    <Peak1D F1="8.173083" intensity="1.920349e-001" type="0"/>
    <Peak1D F1="8.169806" intensity="1.895679e-001" type="0"/>
    <Peak1D F1="8.157557" intensity="2.362454e+000" type="0"/>
    <Peak1D F1="8.152720" intensity="9.941468e-001" type="0"/>
    <Peak1D F1="8.135777" intensity="2.511760e+000" type="0"/>
    <Peak1D F1="8.129885" intensity="6.509705e-001" type="0"/>
    <Peak1D F1="8.106955" intensity="9.802995e-002" type="0"/>
    <Peak1D F1="8.086397" intensity="3.981030e-002" type="0"/>
    <Peak1D F1="8.054516" intensity="6.480165e-003" type="0"/>
    <Peak1D F1="8.037276" intensity="5.318654e-003" type="0"/>
    <Peak1D F1="8.020242" intensity="2.112424e-002" type="0"/>
    <Peak1D F1="7.999422" intensity="1.698573e-002" type="0"/>
    <Peak1D F1="7.975261" intensity="7.065650e-003" type="0"/>
    <Peak1D F1="7.955896" intensity="8.096036e-003" type="0"/>
    <Peak1D F1="7.942199" intensity="2.388320e-002" type="0"/>
    <Peak1D F1="7.920140" intensity="3.428920e-002" type="0"/>
    <Peak1D F1="7.902146" intensity="9.185007e-003" type="0"/>
    <Peak1D F1="7.861481" intensity="8.664194e-003" type="0"/>
    <Peak1D F1="7.845345" intensity="1.357259e-002" type="0"/>
    <Peak1D F1="7.828160" intensity="7.750010e-003" type="0"/>
    <Peak1D F1="7.816752" intensity="9.247000e-003" type="0"/>
    <Peak1D F1="7.794942" intensity="5.058336e-003" type="0"/>
    <Peak1D F1="7.721588" intensity="4.177273e-002" type="0"/>
    <Peak1D F1="7.701168" intensity="1.314011e-001" type="0"/>
    <Peak1D F1="7.682103" intensity="1.118163e-001" type="0"/>
    <Peak1D F1="7.663462" intensity="1.722666e-002" type="0"/>
    <Peak1D F1="7.644343" intensity="2.176760e-002" type="0"/>
    <Peak1D F1="7.620515" intensity="2.869729e-002" type="0"/>
    <Peak1D F1="7.608536" intensity="5.145549e-002" type="0"/>
    <Peak1D F1="7.586998" intensity="6.111529e-002" type="0"/>
    <Peak1D F1="7.573928" intensity="3.028699e-002" type="0"/>
    <Peak1D F1="7.556330" intensity="6.635342e-002" type="0"/>
    <Peak1D F1="7.537310" intensity="1.233203e-001" type="0"/>
    <Peak1D F1="7.529580" intensity="1.153149e-001" type="0"/>
    <Peak1D F1="7.518841" intensity="1.203623e-001" type="0"/>
    <Peak1D F1="7.507697" intensity="1.138345e-001" type="0"/>
    <Peak1D F1="7.496953" intensity="8.557507e-002" type="0"/>
    <Peak1D F1="7.480471" intensity="2.443575e+000" type="0"/>
    <Peak1D F1="7.463100" intensity="1.183548e+000" type="0"/>
    <Peak1D F1="7.458529" intensity="2.381383e+000" type="0"/>
    <Peak1D F1="7.445379" intensity="3.141119e-001" type="0"/>
    <Peak1D F1="7.441451" intensity="3.443936e-001" type="0"/>
    <Peak1D F1="7.427330" intensity="1.294936e-001" type="0"/>
    <Peak1D F1="7.408082" intensity="1.074902e-001" type="0"/>
    <Peak1D F1="7.389032" intensity="6.023967e-002" type="0"/>
    <Peak1D F1="7.365353" intensity="6.552334e-002" type="0"/>
    <Peak1D F1="7.349030" intensity="1.403817e-001" type="0"/>
    <Peak1D F1="7.330859" intensity="1.521644e-001" type="0"/>
    <Peak1D F1="7.313356" intensity="6.264653e-002" type="0"/>
    <Peak1D F1="7.273355" intensity="1.764048e-002" type="0"/>
    <Peak1D F1="7.246716" intensity="1.240494e-001" type="0"/>
    <Peak1D F1="7.196824" intensity="7.328365e+000" type="0"/>
    <Peak1D F1="7.167573" intensity="1.499081e-002" type="0"/>
    <Peak1D F1="7.146714" intensity="1.119693e-001" type="0"/>
    <Peak1D F1="6.932749" intensity="3.802904e-002" type="0"/>
    <Peak1D F1="6.776974" intensity="5.060572e-003" type="0"/>
    <Peak1D F1="6.215329" intensity="6.458147e-003" type="0"/>
    <Peak1D F1="6.210088" intensity="6.640736e-003" type="0"/>
    <Peak1D F1="6.117653" intensity="8.007655e-002" type="0"/>
    <Peak1D F1="6.067303" intensity="4.760002e-002" type="0"/>
    <Peak1D F1="6.053220" intensity="2.527217e-002" type="0"/>
    <Peak1D F1="6.017370" intensity="3.102407e+000" type="0"/>
    <Peak1D F1="5.967382" intensity="4.435032e-002" type="0"/>
    <Peak1D F1="5.954923" intensity="2.467315e-002" type="0"/>
    <Peak1D F1="5.943469" intensity="2.758613e-002" type="0"/>
    <Peak1D F1="5.823205" intensity="1.047151e-002" type="0"/>
    <Peak1D F1="5.815664" intensity="1.360308e-002" type="0"/>
    <Peak1D F1="5.775045" intensity="4.853395e-003" type="0"/>
    <Peak1D F1="5.698396" intensity="5.292034e-003" type="0"/>
    <Peak1D F1="5.672611" intensity="7.763019e-003" type="0"/>
    <Peak1D F1="5.645391" intensity="1.007830e-002" type="0"/>
    <Peak1D F1="5.489474" intensity="6.947616e-003" type="0"/>
    <Peak1D F1="5.407201" intensity="7.285301e-003" type="0"/>
    <Peak1D F1="5.384161" intensity="1.151688e-002" type="0"/>
    <Peak1D F1="5.368937" intensity="5.644549e-003" type="0"/>
    <Peak1D F1="5.355149" intensity="1.428262e-001" type="0"/>
    <Peak1D F1="5.347759" intensity="1.431018e-001" type="0"/>
    <Peak1D F1="5.279697" intensity="4.819719e-003" type="0"/>
    <Peak1D F1="5.168279" intensity="4.779184e-003" type="0"/>
    <Peak1D F1="5.134770" intensity="6.778031e-003" type="0"/>
    <Peak1D F1="5.117650" intensity="6.368923e-003" type="0"/>
    <Peak1D F1="5.066788" intensity="5.875896e-003" type="0"/>
    <Peak1D F1="4.985793" intensity="7.945626e-003" type="0"/>
    <Peak1D F1="4.971221" intensity="1.236280e-002" type="0"/>
    <Peak1D F1="4.948329" intensity="1.366350e-002" type="0"/>
    <Peak1D F1="4.891964" intensity="1.807907e-002" type="0"/>
    <Peak1D F1="4.870053" intensity="1.830598e-002" type="0"/>
    <Peak1D F1="4.841721" intensity="4.040336e-002" type="0"/>
    <Peak1D F1="4.819434" intensity="4.188041e-002" type="0"/>
    <Peak1D F1="4.792324" intensity="1.337259e+000" type="0"/>
    <Peak1D F1="4.769556" intensity="1.363877e+000" type="0"/>
    <Peak1D F1="4.742545" intensity="5.020598e-002" type="0"/>
    <Peak1D F1="4.718997" intensity="4.788184e-002" type="0"/>
    <Peak1D F1="4.684295" intensity="3.401522e-002" type="0"/>
    <Peak1D F1="4.653737" intensity="3.430094e-002" type="0"/>
    <Peak1D F1="4.608523" intensity="3.749818e-002" type="0"/>
    <Peak1D F1="4.586917" intensity="3.291328e-002" type="0"/>
    <Peak1D F1="4.566068" intensity="2.628027e-002" type="0"/>
    <Peak1D F1="4.544337" intensity="2.560573e-002" type="0"/>
    <Peak1D F1="4.507811" intensity="2.037040e-002" type="0"/>
    <Peak1D F1="4.501699" intensity="2.101372e-002" type="0"/>
    <Peak1D F1="4.476382" intensity="1.739514e-002" type="0"/>
    <Peak1D F1="4.438810" intensity="1.455668e-002" type="0"/>
    <Peak1D F1="4.344522" intensity="8.415251e-003" type="0"/>
    <Peak1D F1="4.310826" intensity="9.284118e-003" type="0"/>
    <Peak1D F1="4.281872" intensity="8.032752e-003" type="0"/>
    <Peak1D F1="4.255212" intensity="6.673136e-003" type="0"/>
    <Peak1D F1="4.241845" intensity="5.832807e-003" type="0"/>
    <Peak1D F1="4.212336" intensity="5.537366e-003" type="0"/>
    <Peak1D F1="4.117904" intensity="5.145582e-003" type="0"/>
    <Peak1D F1="3.970618" intensity="9.804921e-003" type="0"/>
    <Peak1D F1="3.955825" intensity="1.124106e-002" type="0"/>
    <Peak1D F1="3.926921" intensity="4.920792e-003" type="0"/>
    <Peak1D F1="3.877633" intensity="5.130221e-002" type="0"/>
    <Peak1D F1="3.862665" intensity="5.444871e-003" type="0"/>
    <Peak1D F1="3.844091" intensity="3.176589e-002" type="0"/>
    <Peak1D F1="3.822159" intensity="2.330835e-002" type="0"/>
    <Peak1D F1="3.810780" intensity="2.376889e-001" type="0"/>
    <Peak1D F1="3.750187" intensity="1.543206e-001" type="0"/>
    <Peak1D F1="3.745105" intensity="1.450788e-001" type="0"/>
    <Peak1D F1="3.700143" intensity="9.458117e+000" type="0"/>
    <Peak1D F1="3.676949" intensity="2.831941e-002" type="0"/>
    <Peak1D F1="3.650169" intensity="1.403583e-001" type="0"/>
    <Peak1D F1="3.621881" intensity="7.759762e-003" type="0"/>
    <Peak1D F1="3.596151" intensity="5.438223e-003" type="0"/>
    <Peak1D F1="3.573109" intensity="6.255795e-003" type="0"/>
    <Peak1D F1="3.517972" intensity="5.090240e-002" type="0"/>
    <Peak1D F1="3.416800" intensity="2.146455e-002" type="0"/>
    <Peak1D F1="3.128395" intensity="8.198359e-003" type="0"/>
    <Peak1D F1="2.960414" intensity="1.522955e-002" type="0"/>
    <Peak1D F1="2.953519" intensity="1.573777e-002" type="0"/>
    <Peak1D F1="2.942215" intensity="3.039667e-002" type="0"/>
    <Peak1D F1="2.935677" intensity="2.895211e-002" type="0"/>
    <Peak1D F1="2.924382" intensity="1.821764e-002" type="0"/>
    <Peak1D F1="2.917974" intensity="1.735300e-002" type="0"/>
    <Peak1D F1="2.801411" intensity="8.679443e-003" type="0"/>
    <Peak1D F1="2.789787" intensity="1.054710e-002" type="0"/>
    <Peak1D F1="2.774137" intensity="1.480188e-002" type="0"/>
    <Peak1D F1="2.732609" intensity="7.717678e-003" type="0"/>
    <Peak1D F1="2.641639" intensity="5.905696e-003" type="0"/>
    <Peak1D F1="2.611659" intensity="5.217690e-003" type="0"/>
    <Peak1D F1="2.546755" intensity="7.198925e-003" type="0"/>
    <Peak1D F1="2.534621" intensity="7.188670e-003" type="0"/>
    <Peak1D F1="2.523699" intensity="8.712335e-003" type="0"/>
    <Peak1D F1="2.460044" intensity="1.774301e-002" type="0"/>
    <Peak1D F1="2.435908" intensity="2.228920e-001" type="0"/>
    <Peak1D F1="2.430953" intensity="2.458221e-001" type="0"/>
    <Peak1D F1="2.415635" intensity="2.618845e-001" type="0"/>
    <Peak1D F1="2.410234" intensity="2.892291e-001" type="0"/>
    <Peak1D F1="2.386439" intensity="3.722040e-001" type="0"/>
    <Peak1D F1="2.382867" intensity="3.389678e-001" type="0"/>
    <Peak1D F1="2.361935" intensity="4.215376e-001" type="0"/>
    <Peak1D F1="2.352340" intensity="2.811992e-001" type="0"/>
    <Peak1D F1="2.329443" intensity="4.572861e-001" type="0"/>
    <Peak1D F1="2.321919" intensity="2.631411e-001" type="0"/>
    <Peak1D F1="2.318681" intensity="2.337261e-001" type="0"/>
    <Peak1D F1="2.309541" intensity="3.582833e-001" type="0"/>
    <Peak1D F1="2.306452" intensity="3.239568e-001" type="0"/>
    <Peak1D F1="2.299229" intensity="4.187596e-001" type="0"/>
    <Peak1D F1="2.279161" intensity="2.671184e-001" type="0"/>
    <Peak1D F1="2.250387" intensity="4.096438e-001" type="0"/>
    <Peak1D F1="2.236849" intensity="1.103170e-001" type="0"/>
    <Peak1D F1="2.228010" intensity="4.784376e-001" type="0"/>
    <Peak1D F1="2.224104" intensity="4.765595e-001" type="0"/>
    <Peak1D F1="2.201430" intensity="6.060343e-001" type="0"/>
    <Peak1D F1="2.194113" intensity="1.400741e-001" type="0"/>
    <Peak1D F1="2.179923" intensity="3.345603e-001" type="0"/>
    <Peak1D F1="2.175429" intensity="3.350992e-001" type="0"/>
    <Peak1D F1="2.166453" intensity="1.535444e-001" type="0"/>
    <Peak1D F1="2.152797" intensity="4.593651e-001" type="0"/>
    <Peak1D F1="2.145819" intensity="3.880842e-001" type="0"/>
    <Peak1D F1="2.115654" intensity="4.623850e+000" type="0"/>
    <Peak1D F1="2.096005" intensity="1.453205e+001" type="0"/>
    <Peak1D F1="2.084474" intensity="3.712738e+000" type="0"/>
    <Peak1D F1="2.077256" intensity="7.147948e+000" type="0"/>
    <Peak1D F1="2.055678" intensity="3.623622e-001" type="0"/>
    <Peak1D F1="2.051727" intensity="3.789262e-001" type="0"/>
    <Peak1D F1="2.046292" intensity="3.992070e-001" type="0"/>
    <Peak1D F1="2.027925" intensity="1.843762e-001" type="0"/>
    <Peak1D F1="2.021137" intensity="1.222093e-001" type="0"/>
    <Peak1D F1="2.001913" intensity="9.550390e-002" type="0"/>
    <Peak1D F1="1.985240" intensity="2.475828e-001" type="0"/>
    <Peak1D F1="1.968579" intensity="2.785673e-001" type="0"/>
    <Peak1D F1="1.963096" intensity="3.931410e-001" type="0"/>
    <Peak1D F1="1.957961" intensity="4.957549e-001" type="0"/>
    <Peak1D F1="1.953052" intensity="4.859663e-001" type="0"/>
    <Peak1D F1="1.948291" intensity="5.045613e-001" type="0"/>
    <Peak1D F1="1.941017" intensity="7.585442e-001" type="0"/>
    <Peak1D F1="1.931924" intensity="9.115809e-001" type="0"/>
    <Peak1D F1="1.925283" intensity="9.631418e-001" type="0"/>
    <Peak1D F1="1.920180" intensity="9.255738e-001" type="0"/>
    <Peak1D F1="1.910437" intensity="7.367204e+000" type="0"/>
    <Peak1D F1="1.900393" intensity="6.118032e+000" type="0"/>
    <Peak1D F1="1.899368" intensity="6.098711e+000" type="0"/>
    <Peak1D F1="1.890916" intensity="1.500000e+001" type="0"/>
    <Peak1D F1="1.881521" intensity="5.533808e+000" type="0"/>
    <Peak1D F1="1.871542" intensity="4.713852e+000" type="0"/>
    <Peak1D F1="1.859363" intensity="5.906023e-001" type="0"/>
    <Peak1D F1="1.849236" intensity="3.608899e-001" type="0"/>
    <Peak1D F1="1.841126" intensity="3.336994e-001" type="0"/>
    <Peak1D F1="1.831756" intensity="1.582569e-001" type="0"/>
    <Peak1D F1="1.821892" intensity="1.259333e-001" type="0"/>
    <Peak1D F1="1.779494" intensity="4.978707e-002" type="0"/>
    <Peak1D F1="1.759720" intensity="6.241297e-002" type="0"/>
    <Peak1D F1="1.744683" intensity="1.479479e-001" type="0"/>
    <Peak1D F1="1.729042" intensity="1.857285e-001" type="0"/>
    <Peak1D F1="1.723781" intensity="2.060106e-001" type="0"/>
    <Peak1D F1="1.716713" intensity="2.094276e-001" type="0"/>
    <Peak1D F1="1.707772" intensity="2.451599e-001" type="0"/>
    <Peak1D F1="1.700841" intensity="3.764496e-001" type="0"/>
    <Peak1D F1="1.697346" intensity="3.355954e-001" type="0"/>
    <Peak1D F1="1.689327" intensity="2.678493e-001" type="0"/>
    <Peak1D F1="1.681547" intensity="8.335071e-001" type="0"/>
    <Peak1D F1="1.670892" intensity="5.413821e-001" type="0"/>
    <Peak1D F1="1.658321" intensity="7.807521e-001" type="0"/>
    <Peak1D F1="1.653614" intensity="6.246870e-001" type="0"/>
    <Peak1D F1="1.642359" intensity="4.425223e-001" type="0"/>
    <Peak1D F1="1.637918" intensity="5.120593e-001" type="0"/>
    <Peak1D F1="1.633408" intensity="3.422898e-001" type="0"/>
    <Peak1D F1="1.626469" intensity="2.084037e-001" type="0"/>
    <Peak1D F1="1.622191" intensity="2.213683e-001" type="0"/>
    <Peak1D F1="1.617686" intensity="2.075619e-001" type="0"/>
    <Peak1D F1="1.599750" intensity="5.050222e-002" type="0"/>
    <Peak1D F1="1.586031" intensity="4.764882e-002" type="0"/>
    <Peak1D F1="1.569801" intensity="3.866574e-002" type="0"/>
    <Peak1D F1="1.535352" intensity="2.018635e-001" type="0"/>
    <Peak1D F1="1.519737" intensity="1.428736e-001" type="0"/>
    <Peak1D F1="1.512602" intensity="1.746267e-001" type="0"/>
    <Peak1D F1="1.501344" intensity="3.871260e-001" type="0"/>
    <Peak1D F1="1.492206" intensity="1.195321e-001" type="0"/>
    <Peak1D F1="1.483804" intensity="4.719604e-001" type="0"/>
    <Peak1D F1="1.470979" intensity="3.231921e-001" type="0"/>
    <Peak1D F1="1.454049" intensity="3.303501e-001" type="0"/>
    <Peak1D F1="1.442090" intensity="6.250106e-002" type="0"/>
    <Peak1D F1="1.436209" intensity="9.551837e-002" type="0"/>
    <Peak1D F1="1.424254" intensity="1.103688e-001" type="0"/>
    <Peak1D F1="1.403466" intensity="2.379954e-002" type="0"/>
    <Peak1D F1="1.368925" intensity="1.768092e-002" type="0"/>
    <Peak1D F1="1.341244" intensity="1.830651e-002" type="0"/>
    <Peak1D F1="1.325129" intensity="1.914749e-002" type="0"/>
    <Peak1D F1="1.264058" intensity="3.164150e-002" type="0"/>
    <Peak1D F1="1.237709" intensity="5.270920e-002" type="0"/>
    <Peak1D F1="1.201795" intensity="5.399630e-002" type="0"/>
    <Peak1D F1="1.183970" intensity="1.381787e-001" type="0"/>
    <Peak1D F1="1.108758" intensity="9.543944e-003" type="0"/>
    <Peak1D F1="1.072779" intensity="7.582082e-003" type="0"/>
    <Peak1D F1="1.029437" intensity="6.124863e-003" type="0"/>
    <Peak1D F1="1.014736" intensity="8.216350e-003" type="0"/>
    <Peak1D F1="0.988549" intensity="6.466477e-003" type="0"/>
    <Peak1D F1="0.967480" intensity="5.323739e-003" type="0"/>
    <Peak1D F1="0.930500" intensity="6.018887e-003" type="0"/>
    <Peak1D F1="0.873987" intensity="5.976723e-003" type="0"/>
    <Peak1D F1="0.851259" intensity="7.245401e-003" type="0"/>
    <Peak1D F1="0.826413" intensity="2.176772e-002" type="0"/>
    <Peak1D F1="0.809402" intensity="3.919018e-002" type="0"/>
    <Peak1D F1="0.793477" intensity="2.081112e-002" type="0"/>
    <Peak1D F1="0.773512" intensity="1.209974e-002" type="0"/>
    <Peak1D F1="0.757436" intensity="1.228862e-002" type="0"/>
    <Peak1D F1="0.738360" intensity="8.256593e-003" type="0"/>
    <Peak1D F1="0.704921" intensity="4.648748e-003" type="0"/>
    <Peak1D F1="0.650158" intensity="5.379844e-003" type="0"/>
    <Peak1D F1="0.588031" intensity="4.899342e-003" type="0"/>
    <Peak1D F1="0.535812" intensity="4.885957e-003" type="0"/>
    <Peak1D F1="0.049284" intensity="5.848134e-003" type="0"/>
    <Peak1D F1="-0.000157" intensity="2.633983e-001" type="0"/>
    <Peak1D F1="-0.049924" intensity="5.800440e-003" type="0"/>
    <Peak1D F1="-3.094844" intensity="5.146495e-003" type="0"/>
    <Peak1D F1="-3.262170" intensity="4.861237e-003" type="0"/>
  </PeakList1D>
</PeakList>
