<?xml version="1.0" encoding="UTF-8"?>
<PeakList>
  <PeakList1D>
    <PeakList1DHeader creator="nmr" date="2021-08-01T15:23:54.795+03:00" expNo="10" name="ID-419-E" owner="" procNo="1" source="//132.72.8.180/400b/Milo/Milo">
      <PeakPickDetails>F1=16.102551ppm, F2=-3.926495ppm, MI=0.00cm, MAXI=10000.00cm, PC=1.000
      </PeakPickDetails>
    </PeakList1DHeader>
    <Peak1D F1="14.544694" intensity="5.591628e-003" type="0"/>
    <Peak1D F1="13.751687" intensity="5.506388e-003" type="0"/>
    <Peak1D F1="10.093020" intensity="2.719789e-001" type="0"/>
    <Peak1D F1="10.043477" intensity="6.457032e-003" type="0"/>
    <Peak1D F1="8.479407" intensity="5.455563e-003" type="0"/>
    <Peak1D F1="8.442683" intensity="6.248345e-003" type="0"/>
    <Peak1D F1="8.412934" intensity="6.617426e-003" type="0"/>
    <Peak1D F1="8.369491" intensity="1.815409e-002" type="0"/>
    <Peak1D F1="8.340826" intensity="1.998369e-001" type="0"/>
    <Peak1D F1="8.319136" intensity="2.132916e-001" type="0"/>
    <Peak1D F1="8.283251" intensity="1.479649e-002" type="0"/>
    <Peak1D F1="8.265663" intensity="3.669905e-002" type="0"/>
    <Peak1D F1="8.243166" intensity="4.591367e-002" type="0"/>
    <Peak1D F1="8.231036" intensity="8.155791e-002" type="0"/>
    <Peak1D F1="8.221535" intensity="5.333542e-002" type="0"/>
    <Peak1D F1="8.209609" intensity="1.544252e-001" type="0"/>
    <Peak1D F1="8.187820" intensity="1.353160e-001" type="0"/>
    <Peak1D F1="8.156773" intensity="2.838042e+000" type="0"/>
    <Peak1D F1="8.152075" intensity="1.139525e+000" type="0"/>
    <Peak1D F1="8.134993" intensity="2.964662e+000" type="0"/>
    <Peak1D F1="8.129107" intensity="6.517022e-001" type="0"/>
    <Peak1D F1="8.101735" intensity="1.095196e-001" type="0"/>
    <Peak1D F1="8.085554" intensity="4.902197e-002" type="0"/>
    <Peak1D F1="8.056494" intensity="1.904817e-002" type="0"/>
    <Peak1D F1="8.035644" intensity="2.398650e-002" type="0"/>
    <Peak1D F1="8.020304" intensity="2.375298e-001" type="0"/>
    <Peak1D F1="7.998746" intensity="1.937979e-001" type="0"/>
    <Peak1D F1="7.942200" intensity="1.273411e-002" type="0"/>
    <Peak1D F1="7.926636" intensity="1.106534e-002" type="0"/>
    <Peak1D F1="7.919225" intensity="1.029840e-002" type="0"/>
    <Peak1D F1="7.826660" intensity="2.587014e-002" type="0"/>
    <Peak1D F1="7.805178" intensity="2.014174e-002" type="0"/>
    <Peak1D F1="7.716729" intensity="5.638291e-003" type="0"/>
    <Peak1D F1="7.681320" intensity="1.308495e-002" type="0"/>
    <Peak1D F1="7.660558" intensity="1.514008e-002" type="0"/>
    <Peak1D F1="7.622673" intensity="4.646854e-002" type="0"/>
    <Peak1D F1="7.601088" intensity="5.384720e-002" type="0"/>
    <Peak1D F1="7.574217" intensity="2.683294e-002" type="0"/>
    <Peak1D F1="7.560325" intensity="3.880977e-002" type="0"/>
    <Peak1D F1="7.548533" intensity="4.458540e-002" type="0"/>
    <Peak1D F1="7.529728" intensity="1.116582e-001" type="0"/>
    <Peak1D F1="7.507197" intensity="1.731011e-001" type="0"/>
    <Peak1D F1="7.480079" intensity="2.813032e+000" type="0"/>
    <Peak1D F1="7.458237" intensity="2.686918e+000" type="0"/>
    <Peak1D F1="7.446079" intensity="1.300976e-001" type="0"/>
    <Peak1D F1="7.440836" intensity="2.100770e-001" type="0"/>
    <Peak1D F1="7.430517" intensity="6.706894e-002" type="0"/>
    <Peak1D F1="7.408263" intensity="5.121969e-002" type="0"/>
    <Peak1D F1="7.356176" intensity="7.189540e-003" type="0"/>
    <Peak1D F1="7.320383" intensity="1.722704e-002" type="0"/>
    <Peak1D F1="7.280087" intensity="2.705358e-001" type="0"/>
    <Peak1D F1="7.274230" intensity="2.767128e-001" type="0"/>
    <Peak1D F1="7.246521" intensity="1.084992e-001" type="0"/>
    <Peak1D F1="7.235670" intensity="4.479707e-002" type="0"/>
    <Peak1D F1="7.225204" intensity="7.459202e-002" type="0"/>
    <Peak1D F1="7.197594" intensity="7.447031e+000" type="0"/>
    <Peak1D F1="7.165567" intensity="6.480453e-003" type="0"/>
    <Peak1D F1="7.147924" intensity="1.136236e-001" type="0"/>
    <Peak1D F1="7.087263" intensity="8.584464e-003" type="0"/>
    <Peak1D F1="7.054254" intensity="6.324980e-002" type="0"/>
    <Peak1D F1="7.048730" intensity="1.149470e-001" type="0"/>
    <Peak1D F1="7.042929" intensity="6.114297e-002" type="0"/>
    <Peak1D F1="7.035124" intensity="1.041867e-002" type="0"/>
    <Peak1D F1="7.028287" intensity="1.134503e-002" type="0"/>
    <Peak1D F1="7.017054" intensity="1.063342e-002" type="0"/>
    <Peak1D F1="6.972485" intensity="1.786855e-002" type="0"/>
    <Peak1D F1="6.956651" intensity="7.234750e-003" type="0"/>
    <Peak1D F1="6.933555" intensity="3.844050e-002" type="0"/>
    <Peak1D F1="6.872377" intensity="8.126245e-003" type="0"/>
    <Peak1D F1="6.840736" intensity="1.204816e-001" type="0"/>
    <Peak1D F1="6.835119" intensity="1.298344e-001" type="0"/>
    <Peak1D F1="6.826435" intensity="2.968220e-001" type="0"/>
    <Peak1D F1="6.820739" intensity="2.969035e-001" type="0"/>
    <Peak1D F1="6.802359" intensity="9.308237e-003" type="0"/>
    <Peak1D F1="6.770905" intensity="9.924254e-003" type="0"/>
    <Peak1D F1="6.659804" intensity="1.707611e-002" type="0"/>
    <Peak1D F1="6.653416" intensity="1.803727e-002" type="0"/>
    <Peak1D F1="6.638722" intensity="7.421247e-002" type="0"/>
    <Peak1D F1="6.632936" intensity="1.291157e-001" type="0"/>
    <Peak1D F1="6.626987" intensity="6.867075e-002" type="0"/>
    <Peak1D F1="6.578717" intensity="2.226638e-002" type="0"/>
    <Peak1D F1="6.573175" intensity="3.118278e-002" type="0"/>
    <Peak1D F1="6.567157" intensity="3.112574e-002" type="0"/>
    <Peak1D F1="6.561471" intensity="3.355907e-002" type="0"/>
    <Peak1D F1="6.555860" intensity="2.462161e-002" type="0"/>
    <Peak1D F1="6.539563" intensity="1.594503e-002" type="0"/>
    <Peak1D F1="6.518322" intensity="3.649728e-002" type="0"/>
    <Peak1D F1="6.513134" intensity="8.023084e-002" type="0"/>
    <Peak1D F1="6.507331" intensity="1.425157e-001" type="0"/>
    <Peak1D F1="6.501401" intensity="1.657738e-001" type="0"/>
    <Peak1D F1="6.495553" intensity="7.889189e-002" type="0"/>
    <Peak1D F1="6.468939" intensity="8.034113e-003" type="0"/>
    <Peak1D F1="6.351948" intensity="1.276604e-002" type="0"/>
    <Peak1D F1="6.214630" intensity="1.547971e-002" type="0"/>
    <Peak1D F1="6.210661" intensity="1.294716e-002" type="0"/>
    <Peak1D F1="6.117052" intensity="7.865304e-002" type="0"/>
    <Peak1D F1="6.090777" intensity="9.953993e-003" type="0"/>
    <Peak1D F1="6.065748" intensity="5.106930e-002" type="0"/>
    <Peak1D F1="6.054418" intensity="2.047512e-002" type="0"/>
    <Peak1D F1="6.016606" intensity="3.742631e+000" type="0"/>
    <Peak1D F1="5.966700" intensity="6.874589e-002" type="0"/>
    <Peak1D F1="5.928177" intensity="3.799438e-002" type="0"/>
    <Peak1D F1="5.917183" intensity="3.703951e-002" type="0"/>
    <Peak1D F1="5.819871" intensity="6.246339e-003" type="0"/>
    <Peak1D F1="5.814278" intensity="7.038858e-003" type="0"/>
    <Peak1D F1="5.809854" intensity="5.797098e-003" type="0"/>
    <Peak1D F1="5.793226" intensity="1.806009e-002" type="0"/>
    <Peak1D F1="5.622970" intensity="2.124777e-002" type="0"/>
    <Peak1D F1="5.596096" intensity="2.492471e-002" type="0"/>
    <Peak1D F1="5.559461" intensity="1.056368e-002" type="0"/>
    <Peak1D F1="5.534768" intensity="6.924103e-003" type="0"/>
    <Peak1D F1="5.522368" intensity="7.489715e-003" type="0"/>
    <Peak1D F1="5.481940" intensity="1.418350e-002" type="0"/>
    <Peak1D F1="5.429554" intensity="9.074381e-003" type="0"/>
    <Peak1D F1="5.395041" intensity="6.487900e-003" type="0"/>
    <Peak1D F1="5.369627" intensity="1.596664e-002" type="0"/>
    <Peak1D F1="5.354655" intensity="9.583233e-002" type="0"/>
    <Peak1D F1="5.347165" intensity="9.051783e-002" type="0"/>
    <Peak1D F1="5.310373" intensity="1.323010e-002" type="0"/>
    <Peak1D F1="5.278581" intensity="5.569818e-003" type="0"/>
    <Peak1D F1="5.121789" intensity="6.729549e-003" type="0"/>
    <Peak1D F1="5.107263" intensity="8.254237e-003" type="0"/>
    <Peak1D F1="5.044161" intensity="8.012098e-003" type="0"/>
    <Peak1D F1="5.016370" intensity="9.723083e-003" type="0"/>
    <Peak1D F1="5.005692" intensity="8.660017e-003" type="0"/>
    <Peak1D F1="4.970098" intensity="1.935972e-002" type="0"/>
    <Peak1D F1="4.947946" intensity="2.198667e-002" type="0"/>
    <Peak1D F1="4.911339" intensity="1.682921e-002" type="0"/>
    <Peak1D F1="4.892293" intensity="2.401436e-002" type="0"/>
    <Peak1D F1="4.871654" intensity="2.963854e-002" type="0"/>
    <Peak1D F1="4.854392" intensity="2.913857e-002" type="0"/>
    <Peak1D F1="4.842104" intensity="4.335516e-002" type="0"/>
    <Peak1D F1="4.830051" intensity="3.129330e-002" type="0"/>
    <Peak1D F1="4.819337" intensity="5.347176e-002" type="0"/>
    <Peak1D F1="4.792553" intensity="1.492603e+000" type="0"/>
    <Peak1D F1="4.769789" intensity="1.511376e+000" type="0"/>
    <Peak1D F1="4.742747" intensity="7.495264e-002" type="0"/>
    <Peak1D F1="4.719676" intensity="1.044607e-001" type="0"/>
    <Peak1D F1="4.680072" intensity="2.203912e-001" type="0"/>
    <Peak1D F1="4.586093" intensity="2.835782e-002" type="0"/>
    <Peak1D F1="4.541016" intensity="1.258149e-002" type="0"/>
    <Peak1D F1="4.479858" intensity="6.581357e-003" type="0"/>
    <Peak1D F1="4.449265" intensity="6.000498e-003" type="0"/>
    <Peak1D F1="4.005406" intensity="9.577142e-003" type="0"/>
    <Peak1D F1="3.971162" intensity="1.635403e-002" type="0"/>
    <Peak1D F1="3.956124" intensity="2.362182e-002" type="0"/>
    <Peak1D F1="3.940323" intensity="1.574291e-002" type="0"/>
    <Peak1D F1="3.924957" intensity="1.833563e-002" type="0"/>
    <Peak1D F1="3.876974" intensity="8.311766e-002" type="0"/>
    <Peak1D F1="3.843757" intensity="7.500101e-002" type="0"/>
    <Peak1D F1="3.827765" intensity="1.491608e+000" type="0"/>
    <Peak1D F1="3.810345" intensity="2.891512e-001" type="0"/>
    <Peak1D F1="3.788722" intensity="3.947924e-001" type="0"/>
    <Peak1D F1="3.782640" intensity="1.581535e-001" type="0"/>
    <Peak1D F1="3.774293" intensity="4.726807e-001" type="0"/>
    <Peak1D F1="3.757502" intensity="7.736380e-001" type="0"/>
    <Peak1D F1="3.747205" intensity="1.996821e+000" type="0"/>
    <Peak1D F1="3.722067" intensity="1.577529e-001" type="0"/>
    <Peak1D F1="3.699771" intensity="1.133076e+001" type="0"/>
    <Peak1D F1="3.682697" intensity="1.394471e-001" type="0"/>
    <Peak1D F1="3.650047" intensity="1.932979e-001" type="0"/>
    <Peak1D F1="3.632049" intensity="3.766464e-002" type="0"/>
    <Peak1D F1="3.596327" intensity="7.252855e-002" type="0"/>
    <Peak1D F1="3.575748" intensity="8.446445e-003" type="0"/>
    <Peak1D F1="3.565703" intensity="1.326224e-002" type="0"/>
    <Peak1D F1="3.517524" intensity="6.043658e-002" type="0"/>
    <Peak1D F1="2.933955" intensity="6.345818e-003" type="0"/>
    <Peak1D F1="2.789026" intensity="9.820784e-003" type="0"/>
    <Peak1D F1="2.753972" intensity="1.945816e-002" type="0"/>
    <Peak1D F1="2.729969" intensity="1.711706e-002" type="0"/>
    <Peak1D F1="2.671962" intensity="6.434116e-003" type="0"/>
    <Peak1D F1="2.641526" intensity="9.716831e-003" type="0"/>
    <Peak1D F1="2.618896" intensity="1.368181e-002" type="0"/>
    <Peak1D F1="2.613996" intensity="1.114440e-002" type="0"/>
    <Peak1D F1="2.597009" intensity="9.461254e-003" type="0"/>
    <Peak1D F1="2.578682" intensity="9.159653e-003" type="0"/>
    <Peak1D F1="2.527680" intensity="1.253934e-002" type="0"/>
    <Peak1D F1="2.477796" intensity="2.113044e-002" type="0"/>
    <Peak1D F1="2.435314" intensity="2.641696e-001" type="0"/>
    <Peak1D F1="2.430628" intensity="2.887665e-001" type="0"/>
    <Peak1D F1="2.414925" intensity="2.996953e-001" type="0"/>
    <Peak1D F1="2.409686" intensity="3.054092e-001" type="0"/>
    <Peak1D F1="2.386226" intensity="4.406686e-001" type="0"/>
    <Peak1D F1="2.382210" intensity="4.070732e-001" type="0"/>
    <Peak1D F1="2.361475" intensity="5.158821e-001" type="0"/>
    <Peak1D F1="2.352491" intensity="3.445697e-001" type="0"/>
    <Peak1D F1="2.329603" intensity="5.460515e-001" type="0"/>
    <Peak1D F1="2.322087" intensity="3.264695e-001" type="0"/>
    <Peak1D F1="2.309581" intensity="4.172128e-001" type="0"/>
    <Peak1D F1="2.299576" intensity="4.966266e-001" type="0"/>
    <Peak1D F1="2.279416" intensity="3.349191e-001" type="0"/>
    <Peak1D F1="2.268035" intensity="2.121920e-001" type="0"/>
    <Peak1D F1="2.250017" intensity="5.867547e-001" type="0"/>
    <Peak1D F1="2.235124" intensity="1.481710e-001" type="0"/>
    <Peak1D F1="2.227753" intensity="5.850301e-001" type="0"/>
    <Peak1D F1="2.223730" intensity="5.976398e-001" type="0"/>
    <Peak1D F1="2.201056" intensity="7.457469e-001" type="0"/>
    <Peak1D F1="2.193578" intensity="1.866462e-001" type="0"/>
    <Peak1D F1="2.179540" intensity="4.223448e-001" type="0"/>
    <Peak1D F1="2.174927" intensity="4.286783e-001" type="0"/>
    <Peak1D F1="2.152387" intensity="5.760498e-001" type="0"/>
    <Peak1D F1="2.144829" intensity="4.313318e-001" type="0"/>
    <Peak1D F1="2.115502" intensity="4.794986e+000" type="0"/>
    <Peak1D F1="2.095866" intensity="1.453329e+001" type="0"/>
    <Peak1D F1="2.084454" intensity="4.123893e+000" type="0"/>
    <Peak1D F1="2.077242" intensity="7.324610e+000" type="0"/>
    <Peak1D F1="2.055766" intensity="4.183700e-001" type="0"/>
    <Peak1D F1="2.051612" intensity="4.238395e-001" type="0"/>
    <Peak1D F1="2.046433" intensity="4.570782e-001" type="0"/>
    <Peak1D F1="2.027719" intensity="2.180205e-001" type="0"/>
    <Peak1D F1="1.985233" intensity="3.368951e-001" type="0"/>
    <Peak1D F1="1.968091" intensity="3.682368e-001" type="0"/>
    <Peak1D F1="1.962864" intensity="4.896085e-001" type="0"/>
    <Peak1D F1="1.957408" intensity="6.301125e-001" type="0"/>
    <Peak1D F1="1.952681" intensity="6.170831e-001" type="0"/>
    <Peak1D F1="1.947845" intensity="6.730805e-001" type="0"/>
    <Peak1D F1="1.937322" intensity="3.230079e+000" type="0"/>
    <Peak1D F1="1.932060" intensity="1.187655e+000" type="0"/>
    <Peak1D F1="1.925273" intensity="1.183429e+000" type="0"/>
    <Peak1D F1="1.919531" intensity="1.158730e+000" type="0"/>
    <Peak1D F1="1.910240" intensity="7.458791e+000" type="0"/>
    <Peak1D F1="1.899245" intensity="6.498899e+000" type="0"/>
    <Peak1D F1="1.890693" intensity="1.500000e+001" type="0"/>
    <Peak1D F1="1.880487" intensity="5.761505e+000" type="0"/>
    <Peak1D F1="1.871359" intensity="4.807581e+000" type="0"/>
    <Peak1D F1="1.859218" intensity="6.740511e-001" type="0"/>
    <Peak1D F1="1.849105" intensity="4.102958e-001" type="0"/>
    <Peak1D F1="1.841005" intensity="4.025003e-001" type="0"/>
    <Peak1D F1="1.831404" intensity="2.025686e-001" type="0"/>
    <Peak1D F1="1.821672" intensity="1.685719e-001" type="0"/>
    <Peak1D F1="1.808360" intensity="1.309753e-001" type="0"/>
    <Peak1D F1="1.795611" intensity="1.421511e-001" type="0"/>
    <Peak1D F1="1.778620" intensity="1.274047e-001" type="0"/>
    <Peak1D F1="1.764820" intensity="1.044420e-001" type="0"/>
    <Peak1D F1="1.744073" intensity="1.898914e-001" type="0"/>
    <Peak1D F1="1.728580" intensity="2.452890e-001" type="0"/>
    <Peak1D F1="1.723374" intensity="2.535785e-001" type="0"/>
    <Peak1D F1="1.716243" intensity="2.752725e-001" type="0"/>
    <Peak1D F1="1.707291" intensity="3.037093e-001" type="0"/>
    <Peak1D F1="1.700434" intensity="4.651981e-001" type="0"/>
    <Peak1D F1="1.696782" intensity="4.315340e-001" type="0"/>
    <Peak1D F1="1.688774" intensity="3.479671e-001" type="0"/>
    <Peak1D F1="1.680904" intensity="9.952338e-001" type="0"/>
    <Peak1D F1="1.670380" intensity="6.901627e-001" type="0"/>
    <Peak1D F1="1.657656" intensity="9.643379e-001" type="0"/>
    <Peak1D F1="1.652970" intensity="7.996578e-001" type="0"/>
    <Peak1D F1="1.641822" intensity="5.639225e-001" type="0"/>
    <Peak1D F1="1.637232" intensity="6.614228e-001" type="0"/>
    <Peak1D F1="1.632754" intensity="4.722735e-001" type="0"/>
    <Peak1D F1="1.625667" intensity="2.851079e-001" type="0"/>
    <Peak1D F1="1.621459" intensity="3.187394e-001" type="0"/>
    <Peak1D F1="1.617007" intensity="2.999979e-001" type="0"/>
    <Peak1D F1="1.591668" intensity="1.146704e-001" type="0"/>
    <Peak1D F1="1.575733" intensity="1.090706e-001" type="0"/>
    <Peak1D F1="1.564584" intensity="1.089898e-001" type="0"/>
    <Peak1D F1="1.535131" intensity="2.843305e-001" type="0"/>
    <Peak1D F1="1.519515" intensity="2.189876e-001" type="0"/>
    <Peak1D F1="1.512290" intensity="2.564874e-001" type="0"/>
    <Peak1D F1="1.500981" intensity="4.947655e-001" type="0"/>
    <Peak1D F1="1.492008" intensity="1.932576e-001" type="0"/>
    <Peak1D F1="1.483459" intensity="5.794386e-001" type="0"/>
    <Peak1D F1="1.470532" intensity="4.114775e-001" type="0"/>
    <Peak1D F1="1.453687" intensity="4.022940e-001" type="0"/>
    <Peak1D F1="1.442181" intensity="9.657001e-002" type="0"/>
    <Peak1D F1="1.436052" intensity="1.320033e-001" type="0"/>
    <Peak1D F1="1.423788" intensity="1.418519e-001" type="0"/>
    <Peak1D F1="1.403934" intensity="4.035691e-002" type="0"/>
    <Peak1D F1="1.354150" intensity="2.872376e-002" type="0"/>
    <Peak1D F1="1.346229" intensity="2.750101e-002" type="0"/>
    <Peak1D F1="1.340774" intensity="2.881871e-002" type="0"/>
    <Peak1D F1="1.322822" intensity="2.938675e-002" type="0"/>
    <Peak1D F1="1.309841" intensity="2.832656e-002" type="0"/>
    <Peak1D F1="1.261356" intensity="4.571678e-002" type="0"/>
    <Peak1D F1="1.236909" intensity="7.203458e-002" type="0"/>
    <Peak1D F1="1.224593" intensity="8.322699e-002" type="0"/>
    <Peak1D F1="1.209173" intensity="9.019387e-002" type="0"/>
    <Peak1D F1="1.183969" intensity="1.979044e-001" type="0"/>
    <Peak1D F1="1.145803" intensity="1.616803e-001" type="0"/>
    <Peak1D F1="1.130494" intensity="1.591519e-001" type="0"/>
    <Peak1D F1="1.111414" intensity="1.524151e-002" type="0"/>
    <Peak1D F1="1.082458" intensity="1.505719e-002" type="0"/>
    <Peak1D F1="1.054381" intensity="1.150727e-002" type="0"/>
    <Peak1D F1="1.017753" intensity="1.243722e-002" type="0"/>
    <Peak1D F1="0.995965" intensity="1.044256e-002" type="0"/>
    <Peak1D F1="0.980044" intensity="1.020241e-002" type="0"/>
    <Peak1D F1="0.963545" intensity="9.298534e-003" type="0"/>
    <Peak1D F1="0.919538" intensity="8.550877e-003" type="0"/>
    <Peak1D F1="0.890577" intensity="1.066528e-002" type="0"/>
    <Peak1D F1="0.875197" intensity="9.565977e-003" type="0"/>
    <Peak1D F1="0.826211" intensity="3.304048e-002" type="0"/>
    <Peak1D F1="0.809256" intensity="5.636472e-002" type="0"/>
    <Peak1D F1="0.792087" intensity="3.219060e-002" type="0"/>
    <Peak1D F1="0.652922" intensity="6.448363e-003" type="0"/>
    <Peak1D F1="0.629062" intensity="8.065613e-003" type="0"/>
    <Peak1D F1="0.610783" intensity="6.591276e-003" type="0"/>
    <Peak1D F1="0.584255" intensity="5.983856e-003" type="0"/>
    <Peak1D F1="0.575890" intensity="6.666217e-003" type="0"/>
    <Peak1D F1="0.530153" intensity="6.110246e-003" type="0"/>
    <Peak1D F1="0.496620" intensity="6.503788e-003" type="0"/>
    <Peak1D F1="0.455662" intensity="6.743487e-003" type="0"/>
    <Peak1D F1="0.422608" intensity="6.021940e-003" type="0"/>
    <Peak1D F1="0.412605" intensity="7.110510e-003" type="0"/>
    <Peak1D F1="0.378565" intensity="6.953114e-003" type="0"/>
    <Peak1D F1="0.287570" intensity="6.538556e-003" type="0"/>
    <Peak1D F1="0.051570" intensity="5.507895e-003" type="0"/>
    <Peak1D F1="-0.000155" intensity="1.235156e-001" type="0"/>
    <Peak1D F1="-0.019264" intensity="6.682782e-003" type="0"/>
    <Peak1D F1="-0.025984" intensity="6.088485e-003" type="0"/>
    <Peak1D F1="-0.048855" intensity="5.404973e-003" type="0"/>
    <Peak1D F1="-0.245703" intensity="5.368619e-003" type="0"/>
    <Peak1D F1="-2.460933" intensity="6.146951e-003" type="0"/>
    <Peak1D F1="-3.176341" intensity="6.090302e-003" type="0"/>
  </PeakList1D>
</PeakList>
