<?xml version="1.0" encoding="UTF-8"?>
<PeakList>
  <PeakList1D>
    <PeakList1DHeader creator="nmr" date="2021-08-01T20:45:53.815+03:00" expNo="10" name="ID-419-O" owner="" procNo="1" source="//132.72.8.180/400b/Milo/Milo">
      <PeakPickDetails>F1=16.116060ppm, F2=-3.912985ppm, MI=0.00cm, MAXI=10000.00cm, PC=1.000
      </PeakPickDetails>
    </PeakList1DHeader>
    <Peak1D F1="10.882668" intensity="1.213533e-003" type="0"/>
    <Peak1D F1="10.873001" intensity="1.354587e-003" type="0"/>
    <Peak1D F1="10.661128" intensity="1.368692e-003" type="0"/>
    <Peak1D F1="10.574767" intensity="3.526910e-003" type="0"/>
    <Peak1D F1="10.514222" intensity="1.250615e-003" type="0"/>
    <Peak1D F1="10.489955" intensity="1.263864e-003" type="0"/>
    <Peak1D F1="10.473009" intensity="1.185736e-003" type="0"/>
    <Peak1D F1="10.447693" intensity="1.456013e-003" type="0"/>
    <Peak1D F1="10.338368" intensity="2.096612e-003" type="0"/>
    <Peak1D F1="10.307160" intensity="2.984651e-002" type="0"/>
    <Peak1D F1="10.256760" intensity="3.608387e-003" type="0"/>
    <Peak1D F1="10.247069" intensity="3.509252e-003" type="0"/>
    <Peak1D F1="10.136203" intensity="8.835794e-002" type="0"/>
    <Peak1D F1="10.117231" intensity="5.722662e-002" type="0"/>
    <Peak1D F1="10.086412" intensity="5.269673e+000" type="0"/>
    <Peak1D F1="10.065280" intensity="6.991769e-003" type="0"/>
    <Peak1D F1="10.054455" intensity="2.877450e-002" type="0"/>
    <Peak1D F1="10.036355" intensity="8.511402e-002" type="0"/>
    <Peak1D F1="9.859778" intensity="2.732442e-002" type="0"/>
    <Peak1D F1="8.946692" intensity="1.242737e-003" type="0"/>
    <Peak1D F1="8.918567" intensity="1.299365e-003" type="0"/>
    <Peak1D F1="8.900861" intensity="1.148415e-003" type="0"/>
    <Peak1D F1="8.872705" intensity="1.342886e-003" type="0"/>
    <Peak1D F1="8.854453" intensity="1.812209e-003" type="0"/>
    <Peak1D F1="8.848163" intensity="1.168560e-003" type="0"/>
    <Peak1D F1="8.799900" intensity="1.567062e-003" type="0"/>
    <Peak1D F1="8.788025" intensity="1.423320e-003" type="0"/>
    <Peak1D F1="8.760034" intensity="1.971532e-003" type="0"/>
    <Peak1D F1="8.714791" intensity="2.029571e-003" type="0"/>
    <Peak1D F1="8.655160" intensity="2.521038e-003" type="0"/>
    <Peak1D F1="8.637683" intensity="2.959869e-003" type="0"/>
    <Peak1D F1="8.615230" intensity="2.919480e-003" type="0"/>
    <Peak1D F1="8.586978" intensity="3.133339e-003" type="0"/>
    <Peak1D F1="8.569849" intensity="4.212989e-003" type="0"/>
    <Peak1D F1="8.544028" intensity="1.525484e-002" type="0"/>
    <Peak1D F1="8.538325" intensity="1.576949e-002" type="0"/>
    <Peak1D F1="8.521518" intensity="1.704499e-002" type="0"/>
    <Peak1D F1="8.517177" intensity="1.514265e-002" type="0"/>
    <Peak1D F1="8.466962" intensity="9.081973e-003" type="0"/>
    <Peak1D F1="8.379217" intensity="7.265230e-002" type="0"/>
    <Peak1D F1="8.357454" intensity="1.088713e-001" type="0"/>
    <Peak1D F1="8.329359" intensity="3.591748e+000" type="0"/>
    <Peak1D F1="8.324777" intensity="1.304969e+000" type="0"/>
    <Peak1D F1="8.312156" intensity="1.401607e+000" type="0"/>
    <Peak1D F1="8.307530" intensity="4.089867e+000" type="0"/>
    <Peak1D F1="8.302588" intensity="6.582113e-001" type="0"/>
    <Peak1D F1="8.279375" intensity="6.667275e-002" type="0"/>
    <Peak1D F1="8.257590" intensity="7.272274e-002" type="0"/>
    <Peak1D F1="8.225518" intensity="2.299911e-002" type="0"/>
    <Peak1D F1="8.220647" intensity="2.726969e-002" type="0"/>
    <Peak1D F1="8.209812" intensity="2.644648e-002" type="0"/>
    <Peak1D F1="8.201995" intensity="2.865631e-002" type="0"/>
    <Peak1D F1="8.197425" intensity="3.019111e-002" type="0"/>
    <Peak1D F1="8.188276" intensity="3.537983e-002" type="0"/>
    <Peak1D F1="8.182003" intensity="3.022887e-002" type="0"/>
    <Peak1D F1="8.175024" intensity="3.113861e-002" type="0"/>
    <Peak1D F1="8.160327" intensity="4.307282e-002" type="0"/>
    <Peak1D F1="8.146332" intensity="1.075988e-001" type="0"/>
    <Peak1D F1="8.140678" intensity="5.486791e-001" type="0"/>
    <Peak1D F1="8.136129" intensity="2.167794e-001" type="0"/>
    <Peak1D F1="8.123528" intensity="2.350181e-001" type="0"/>
    <Peak1D F1="8.118864" intensity="6.934519e-001" type="0"/>
    <Peak1D F1="8.102358" intensity="7.473616e-002" type="0"/>
    <Peak1D F1="8.097146" intensity="1.625556e-001" type="0"/>
    <Peak1D F1="8.090667" intensity="6.099761e-002" type="0"/>
    <Peak1D F1="8.067313" intensity="9.419900e-002" type="0"/>
    <Peak1D F1="8.063072" intensity="5.147603e-002" type="0"/>
    <Peak1D F1="8.045817" intensity="1.016720e-001" type="0"/>
    <Peak1D F1="8.022363" intensity="7.788208e-001" type="0"/>
    <Peak1D F1="8.017337" intensity="4.627351e+000" type="0"/>
    <Peak1D F1="8.012566" intensity="1.456358e+000" type="0"/>
    <Peak1D F1="8.006479" intensity="2.605709e-001" type="0"/>
    <Peak1D F1="8.000172" intensity="1.389296e+000" type="0"/>
    <Peak1D F1="7.995779" intensity="3.811836e+000" type="0"/>
    <Peak1D F1="7.990484" intensity="5.522345e-001" type="0"/>
    <Peak1D F1="7.972410" intensity="1.855282e-002" type="0"/>
    <Peak1D F1="7.967332" intensity="7.920938e-002" type="0"/>
    <Peak1D F1="7.963210" intensity="2.537898e-002" type="0"/>
    <Peak1D F1="7.950156" intensity="2.536004e-002" type="0"/>
    <Peak1D F1="7.945740" intensity="6.301664e-002" type="0"/>
    <Peak1D F1="7.926452" intensity="5.269694e-003" type="0"/>
    <Peak1D F1="7.916165" intensity="4.115334e-003" type="0"/>
    <Peak1D F1="7.909334" intensity="4.083570e-003" type="0"/>
    <Peak1D F1="7.904346" intensity="4.437913e-003" type="0"/>
    <Peak1D F1="7.894247" intensity="1.022827e-002" type="0"/>
    <Peak1D F1="7.872256" intensity="8.651418e-003" type="0"/>
    <Peak1D F1="7.856460" intensity="6.321966e-003" type="0"/>
    <Peak1D F1="7.836309" intensity="2.199766e-002" type="0"/>
    <Peak1D F1="7.831556" intensity="2.330809e-002" type="0"/>
    <Peak1D F1="7.818264" intensity="4.079726e-002" type="0"/>
    <Peak1D F1="7.813773" intensity="4.415487e-002" type="0"/>
    <Peak1D F1="7.807064" intensity="3.313547e-002" type="0"/>
    <Peak1D F1="7.801061" intensity="3.369368e-002" type="0"/>
    <Peak1D F1="7.796292" intensity="2.812556e-002" type="0"/>
    <Peak1D F1="7.788282" intensity="2.903174e-002" type="0"/>
    <Peak1D F1="7.783524" intensity="2.712188e-002" type="0"/>
    <Peak1D F1="7.774930" intensity="8.664684e-002" type="0"/>
    <Peak1D F1="7.770489" intensity="9.157943e-002" type="0"/>
    <Peak1D F1="7.756953" intensity="1.591568e-001" type="0"/>
    <Peak1D F1="7.752881" intensity="1.626233e-001" type="0"/>
    <Peak1D F1="7.739419" intensity="9.177043e-002" type="0"/>
    <Peak1D F1="7.735041" intensity="9.207850e-002" type="0"/>
    <Peak1D F1="7.707653" intensity="6.245897e-003" type="0"/>
    <Peak1D F1="7.689781" intensity="5.572220e-003" type="0"/>
    <Peak1D F1="7.672087" intensity="5.812885e-003" type="0"/>
    <Peak1D F1="7.653714" intensity="4.809007e-003" type="0"/>
    <Peak1D F1="7.647056" intensity="4.501890e-003" type="0"/>
    <Peak1D F1="7.631673" intensity="8.851931e-003" type="0"/>
    <Peak1D F1="7.611150" intensity="1.036692e-002" type="0"/>
    <Peak1D F1="7.590133" intensity="9.642237e-003" type="0"/>
    <Peak1D F1="7.569658" intensity="1.705441e-002" type="0"/>
    <Peak1D F1="7.563219" intensity="2.023864e-002" type="0"/>
    <Peak1D F1="7.548584" intensity="1.700590e-002" type="0"/>
    <Peak1D F1="7.541249" intensity="2.018295e-002" type="0"/>
    <Peak1D F1="7.526449" intensity="3.353435e-002" type="0"/>
    <Peak1D F1="7.520294" intensity="1.226955e-001" type="0"/>
    <Peak1D F1="7.498204" intensity="1.215641e-001" type="0"/>
    <Peak1D F1="7.489021" intensity="5.367479e-002" type="0"/>
    <Peak1D F1="7.483473" intensity="9.495611e-002" type="0"/>
    <Peak1D F1="7.477752" intensity="5.194250e-001" type="0"/>
    <Peak1D F1="7.472886" intensity="1.913955e-001" type="0"/>
    <Peak1D F1="7.460454" intensity="1.779981e-001" type="0"/>
    <Peak1D F1="7.455737" intensity="4.851289e-001" type="0"/>
    <Peak1D F1="7.449924" intensity="8.433805e-002" type="0"/>
    <Peak1D F1="7.429153" intensity="3.099145e-002" type="0"/>
    <Peak1D F1="7.424692" intensity="3.070997e-002" type="0"/>
    <Peak1D F1="7.405819" intensity="9.747058e-002" type="0"/>
    <Peak1D F1="7.401087" intensity="7.824256e-002" type="0"/>
    <Peak1D F1="7.390498" intensity="1.115796e-001" type="0"/>
    <Peak1D F1="7.385831" intensity="1.629629e-001" type="0"/>
    <Peak1D F1="7.367067" intensity="1.596569e-001" type="0"/>
    <Peak1D F1="7.362238" intensity="8.620990e-002" type="0"/>
    <Peak1D F1="7.351638" intensity="7.999554e-002" type="0"/>
    <Peak1D F1="7.346891" intensity="7.377635e-002" type="0"/>
    <Peak1D F1="7.333891" intensity="1.398926e-002" type="0"/>
    <Peak1D F1="7.316098" intensity="1.171557e-002" type="0"/>
    <Peak1D F1="7.301058" intensity="1.889651e-002" type="0"/>
    <Peak1D F1="7.279598" intensity="1.767088e-002" type="0"/>
    <Peak1D F1="7.260489" intensity="4.708603e-002" type="0"/>
    <Peak1D F1="7.249507" intensity="1.688574e-002" type="0"/>
    <Peak1D F1="7.246365" intensity="1.655224e-002" type="0"/>
    <Peak1D F1="7.210598" intensity="2.959114e+000" type="0"/>
    <Peak1D F1="7.175395" intensity="3.450911e-002" type="0"/>
    <Peak1D F1="7.160344" intensity="8.049367e-002" type="0"/>
    <Peak1D F1="7.157149" intensity="7.183596e-002" type="0"/>
    <Peak1D F1="7.135039" intensity="1.745458e-001" type="0"/>
    <Peak1D F1="7.116449" intensity="2.919450e-001" type="0"/>
    <Peak1D F1="7.098044" intensity="1.354831e-001" type="0"/>
    <Peak1D F1="7.084698" intensity="1.017943e-002" type="0"/>
    <Peak1D F1="7.067348" intensity="8.771481e-003" type="0"/>
    <Peak1D F1="7.045803" intensity="6.844108e-003" type="0"/>
    <Peak1D F1="7.015135" intensity="1.406597e-002" type="0"/>
    <Peak1D F1="6.985977" intensity="1.626724e-001" type="0"/>
    <Peak1D F1="6.965122" intensity="1.847961e-001" type="0"/>
    <Peak1D F1="6.959455" intensity="1.702035e-001" type="0"/>
    <Peak1D F1="6.945935" intensity="5.576284e-002" type="0"/>
    <Peak1D F1="6.938389" intensity="1.402622e-001" type="0"/>
    <Peak1D F1="6.911656" intensity="8.334172e-003" type="0"/>
    <Peak1D F1="6.895667" intensity="3.887318e-003" type="0"/>
    <Peak1D F1="6.761459" intensity="1.351707e-003" type="0"/>
    <Peak1D F1="6.752636" intensity="1.146442e-003" type="0"/>
    <Peak1D F1="6.371695" intensity="1.789396e-003" type="0"/>
    <Peak1D F1="6.203703" intensity="6.871510e-003" type="0"/>
    <Peak1D F1="6.198109" intensity="1.360003e-002" type="0"/>
    <Peak1D F1="6.192573" intensity="8.454129e-003" type="0"/>
    <Peak1D F1="6.154340" intensity="3.094993e-003" type="0"/>
    <Peak1D F1="6.111499" intensity="1.353061e-002" type="0"/>
    <Peak1D F1="6.104958" intensity="3.818972e-002" type="0"/>
    <Peak1D F1="6.049415" intensity="7.985450e-002" type="0"/>
    <Peak1D F1="6.035137" intensity="2.603710e-002" type="0"/>
    <Peak1D F1="5.999539" intensity="5.175834e+000" type="0"/>
    <Peak1D F1="5.983180" intensity="6.587857e-002" type="0"/>
    <Peak1D F1="5.971304" intensity="6.240055e-002" type="0"/>
    <Peak1D F1="5.949523" intensity="8.387506e-002" type="0"/>
    <Peak1D F1="5.932472" intensity="2.729400e-003" type="0"/>
    <Peak1D F1="5.921895" intensity="2.543864e-003" type="0"/>
    <Peak1D F1="5.899364" intensity="1.705361e-003" type="0"/>
    <Peak1D F1="5.866735" intensity="4.032024e-002" type="0"/>
    <Peak1D F1="5.835668" intensity="4.149086e-002" type="0"/>
    <Peak1D F1="5.813742" intensity="4.205301e-003" type="0"/>
    <Peak1D F1="5.803060" intensity="1.374007e-002" type="0"/>
    <Peak1D F1="5.797996" intensity="1.778341e-002" type="0"/>
    <Peak1D F1="5.792400" intensity="8.694592e-003" type="0"/>
    <Peak1D F1="5.699998" intensity="3.117537e-003" type="0"/>
    <Peak1D F1="5.672892" intensity="2.998664e-003" type="0"/>
    <Peak1D F1="5.653450" intensity="1.973361e-003" type="0"/>
    <Peak1D F1="5.639618" intensity="1.919350e-003" type="0"/>
    <Peak1D F1="5.621715" intensity="3.374353e-003" type="0"/>
    <Peak1D F1="5.590798" intensity="2.084265e-003" type="0"/>
    <Peak1D F1="5.557561" intensity="3.447442e-003" type="0"/>
    <Peak1D F1="5.536446" intensity="5.926705e-003" type="0"/>
    <Peak1D F1="5.502906" intensity="7.702203e-003" type="0"/>
    <Peak1D F1="5.410928" intensity="1.485827e-001" type="0"/>
    <Peak1D F1="5.352903" intensity="1.894563e-002" type="0"/>
    <Peak1D F1="5.291560" intensity="3.124236e-003" type="0"/>
    <Peak1D F1="5.262739" intensity="5.666159e-003" type="0"/>
    <Peak1D F1="5.214721" intensity="3.252079e-003" type="0"/>
    <Peak1D F1="5.189088" intensity="1.946307e-003" type="0"/>
    <Peak1D F1="5.173910" intensity="1.297534e-003" type="0"/>
    <Peak1D F1="5.053532" intensity="2.286782e-003" type="0"/>
    <Peak1D F1="4.963016" intensity="1.270283e-003" type="0"/>
    <Peak1D F1="4.925713" intensity="1.266095e-003" type="0"/>
    <Peak1D F1="4.898738" intensity="1.975524e-003" type="0"/>
    <Peak1D F1="4.870528" intensity="2.819462e-003" type="0"/>
    <Peak1D F1="4.854601" intensity="5.045659e-003" type="0"/>
    <Peak1D F1="4.831796" intensity="6.612628e-003" type="0"/>
    <Peak1D F1="4.804351" intensity="2.379424e-001" type="0"/>
    <Peak1D F1="4.781945" intensity="2.396332e-001" type="0"/>
    <Peak1D F1="4.754622" intensity="5.916546e-003" type="0"/>
    <Peak1D F1="4.731396" intensity="9.658291e-003" type="0"/>
    <Peak1D F1="4.681909" intensity="1.786302e-001" type="0"/>
    <Peak1D F1="4.633173" intensity="5.547791e-003" type="0"/>
    <Peak1D F1="4.598217" intensity="2.307190e-003" type="0"/>
    <Peak1D F1="4.561904" intensity="1.686506e-003" type="0"/>
    <Peak1D F1="4.295785" intensity="1.449008e-003" type="0"/>
    <Peak1D F1="4.271795" intensity="2.471611e-003" type="0"/>
    <Peak1D F1="4.252758" intensity="2.791107e-003" type="0"/>
    <Peak1D F1="4.073230" intensity="1.621665e-003" type="0"/>
    <Peak1D F1="4.062416" intensity="1.418483e-003" type="0"/>
    <Peak1D F1="4.054335" intensity="3.536901e-003" type="0"/>
    <Peak1D F1="4.037220" intensity="3.520277e-003" type="0"/>
    <Peak1D F1="4.021595" intensity="1.722673e-003" type="0"/>
    <Peak1D F1="4.002221" intensity="1.567594e-003" type="0"/>
    <Peak1D F1="3.987816" intensity="1.811280e-003" type="0"/>
    <Peak1D F1="3.970390" intensity="2.163952e-003" type="0"/>
    <Peak1D F1="3.914694" intensity="2.764937e-003" type="0"/>
    <Peak1D F1="3.892971" intensity="3.639254e-003" type="0"/>
    <Peak1D F1="3.864231" intensity="8.616937e-002" type="0"/>
    <Peak1D F1="3.835767" intensity="2.091596e-002" type="0"/>
    <Peak1D F1="3.815061" intensity="1.191393e-002" type="0"/>
    <Peak1D F1="3.806559" intensity="1.816250e-002" type="0"/>
    <Peak1D F1="3.796490" intensity="8.815883e-002" type="0"/>
    <Peak1D F1="3.785221" intensity="1.287056e-002" type="0"/>
    <Peak1D F1="3.736526" intensity="2.667662e-001" type="0"/>
    <Peak1D F1="3.729122" intensity="5.950294e-002" type="0"/>
    <Peak1D F1="3.725505" intensity="7.862254e-002" type="0"/>
    <Peak1D F1="3.722565" intensity="7.786348e-002" type="0"/>
    <Peak1D F1="3.716772" intensity="6.890320e-002" type="0"/>
    <Peak1D F1="3.686825" intensity="1.500000e+001" type="0"/>
    <Peak1D F1="3.666438" intensity="4.989320e-002" type="0"/>
    <Peak1D F1="3.655147" intensity="1.963318e-002" type="0"/>
    <Peak1D F1="3.645760" intensity="1.215104e-002" type="0"/>
    <Peak1D F1="3.636762" intensity="2.550841e-001" type="0"/>
    <Peak1D F1="3.587540" intensity="3.536266e-003" type="0"/>
    <Peak1D F1="3.578151" intensity="2.115629e-003" type="0"/>
    <Peak1D F1="3.559011" intensity="1.692383e-003" type="0"/>
    <Peak1D F1="3.554262" intensity="1.773883e-003" type="0"/>
    <Peak1D F1="3.535733" intensity="2.124605e-003" type="0"/>
    <Peak1D F1="3.517030" intensity="2.441597e-003" type="0"/>
    <Peak1D F1="3.504575" intensity="8.182272e-002" type="0"/>
    <Peak1D F1="3.486182" intensity="2.030363e-003" type="0"/>
    <Peak1D F1="3.474839" intensity="1.235679e-003" type="0"/>
    <Peak1D F1="3.455631" intensity="1.609421e-003" type="0"/>
    <Peak1D F1="3.403540" intensity="3.304952e-003" type="0"/>
    <Peak1D F1="3.336248" intensity="1.128139e-003" type="0"/>
    <Peak1D F1="3.278040" intensity="2.879127e-003" type="0"/>
    <Peak1D F1="3.269254" intensity="1.749018e-003" type="0"/>
    <Peak1D F1="3.257321" intensity="1.791012e-003" type="0"/>
    <Peak1D F1="3.242576" intensity="1.403761e-003" type="0"/>
    <Peak1D F1="3.229210" intensity="1.640945e-003" type="0"/>
    <Peak1D F1="3.166049" intensity="1.595997e-003" type="0"/>
    <Peak1D F1="3.147885" intensity="2.108057e-003" type="0"/>
    <Peak1D F1="3.129343" intensity="1.817710e-003" type="0"/>
    <Peak1D F1="3.112393" intensity="1.497407e-003" type="0"/>
    <Peak1D F1="3.095306" intensity="1.635318e-003" type="0"/>
    <Peak1D F1="3.083874" intensity="1.402595e-003" type="0"/>
    <Peak1D F1="3.056186" intensity="1.326867e-003" type="0"/>
    <Peak1D F1="2.952185" intensity="5.743622e-003" type="0"/>
    <Peak1D F1="2.916929" intensity="3.257632e-003" type="0"/>
    <Peak1D F1="2.792443" intensity="1.273217e-002" type="0"/>
    <Peak1D F1="2.781114" intensity="1.351336e-002" type="0"/>
    <Peak1D F1="2.768163" intensity="2.002787e-002" type="0"/>
    <Peak1D F1="2.756266" intensity="2.064780e-002" type="0"/>
    <Peak1D F1="2.747195" intensity="1.348702e-002" type="0"/>
    <Peak1D F1="2.735753" intensity="1.153430e-002" type="0"/>
    <Peak1D F1="2.706981" intensity="2.262312e-003" type="0"/>
    <Peak1D F1="2.687594" intensity="2.118627e-003" type="0"/>
    <Peak1D F1="2.660512" intensity="2.431178e-003" type="0"/>
    <Peak1D F1="2.643075" intensity="2.872230e-003" type="0"/>
    <Peak1D F1="2.618486" intensity="2.801041e-003" type="0"/>
    <Peak1D F1="2.595571" intensity="3.534802e-003" type="0"/>
    <Peak1D F1="2.577560" intensity="3.376802e-003" type="0"/>
    <Peak1D F1="2.568385" intensity="3.323728e-003" type="0"/>
    <Peak1D F1="2.557654" intensity="3.243451e-003" type="0"/>
    <Peak1D F1="2.534324" intensity="4.167208e-003" type="0"/>
    <Peak1D F1="2.497875" intensity="5.025486e-003" type="0"/>
    <Peak1D F1="2.487834" intensity="4.775675e-003" type="0"/>
    <Peak1D F1="2.465467" intensity="7.361110e-003" type="0"/>
    <Peak1D F1="2.436858" intensity="1.198844e-002" type="0"/>
    <Peak1D F1="2.420301" intensity="4.876914e-002" type="0"/>
    <Peak1D F1="2.414702" intensity="4.956888e-002" type="0"/>
    <Peak1D F1="2.400584" intensity="5.452754e-002" type="0"/>
    <Peak1D F1="2.394709" intensity="5.666351e-002" type="0"/>
    <Peak1D F1="2.371659" intensity="7.914814e-002" type="0"/>
    <Peak1D F1="2.362273" intensity="9.552519e-002" type="0"/>
    <Peak1D F1="2.356319" intensity="7.435337e-002" type="0"/>
    <Peak1D F1="2.342381" intensity="1.493075e-001" type="0"/>
    <Peak1D F1="2.333627" intensity="6.410755e-002" type="0"/>
    <Peak1D F1="2.330160" intensity="6.712206e-002" type="0"/>
    <Peak1D F1="2.321123" intensity="7.318939e-002" type="0"/>
    <Peak1D F1="2.317797" intensity="6.776812e-002" type="0"/>
    <Peak1D F1="2.310814" intensity="9.406197e-002" type="0"/>
    <Peak1D F1="2.291398" intensity="6.786042e-002" type="0"/>
    <Peak1D F1="2.276594" intensity="1.022821e-001" type="0"/>
    <Peak1D F1="2.260198" intensity="1.643200e-001" type="0"/>
    <Peak1D F1="2.243226" intensity="1.451115e-001" type="0"/>
    <Peak1D F1="2.234523" intensity="1.219016e-001" type="0"/>
    <Peak1D F1="2.218882" intensity="5.666744e-002" type="0"/>
    <Peak1D F1="2.212241" intensity="1.256337e-001" type="0"/>
    <Peak1D F1="2.208179" intensity="1.308754e-001" type="0"/>
    <Peak1D F1="2.197705" intensity="6.746762e-002" type="0"/>
    <Peak1D F1="2.185849" intensity="1.804013e-001" type="0"/>
    <Peak1D F1="2.163876" intensity="1.238329e-001" type="0"/>
    <Peak1D F1="2.159396" intensity="1.314076e-001" type="0"/>
    <Peak1D F1="2.136637" intensity="3.224795e-001" type="0"/>
    <Peak1D F1="2.128410" intensity="2.434691e-001" type="0"/>
    <Peak1D F1="2.106344" intensity="3.009661e+000" type="0"/>
    <Peak1D F1="2.086722" intensity="9.248538e+000" type="0"/>
    <Peak1D F1="2.074981" intensity="2.534027e+000" type="0"/>
    <Peak1D F1="2.067845" intensity="4.644185e+000" type="0"/>
    <Peak1D F1="2.052253" intensity="2.535859e-001" type="0"/>
    <Peak1D F1="2.047081" intensity="2.112609e-001" type="0"/>
    <Peak1D F1="2.042821" intensity="2.196908e-001" type="0"/>
    <Peak1D F1="2.036988" intensity="2.595537e-001" type="0"/>
    <Peak1D F1="2.017908" intensity="1.244058e-001" type="0"/>
    <Peak1D F1="1.985102" intensity="6.356939e-002" type="0"/>
    <Peak1D F1="1.972599" intensity="9.248706e-002" type="0"/>
    <Peak1D F1="1.968669" intensity="9.772592e-002" type="0"/>
    <Peak1D F1="1.951823" intensity="1.855571e-001" type="0"/>
    <Peak1D F1="1.934996" intensity="1.472853e+000" type="0"/>
    <Peak1D F1="1.922389" intensity="5.696524e-001" type="0"/>
    <Peak1D F1="1.918842" intensity="7.080856e-001" type="0"/>
    <Peak1D F1="1.914513" intensity="6.380908e-001" type="0"/>
    <Peak1D F1="1.904015" intensity="4.787112e+000" type="0"/>
    <Peak1D F1="1.892777" intensity="3.986959e+000" type="0"/>
    <Peak1D F1="1.884415" intensity="9.634751e+000" type="0"/>
    <Peak1D F1="1.875585" intensity="3.383215e+000" type="0"/>
    <Peak1D F1="1.873657" intensity="3.549918e+000" type="0"/>
    <Peak1D F1="1.864941" intensity="3.022611e+000" type="0"/>
    <Peak1D F1="1.852973" intensity="3.874678e-001" type="0"/>
    <Peak1D F1="1.842744" intensity="2.330100e-001" type="0"/>
    <Peak1D F1="1.834533" intensity="2.315075e-001" type="0"/>
    <Peak1D F1="1.823962" intensity="1.196928e-001" type="0"/>
    <Peak1D F1="1.815617" intensity="1.137080e-001" type="0"/>
    <Peak1D F1="1.803840" intensity="1.066117e-001" type="0"/>
    <Peak1D F1="1.796195" intensity="9.412906e-002" type="0"/>
    <Peak1D F1="1.787894" intensity="1.336169e-001" type="0"/>
    <Peak1D F1="1.771123" intensity="1.055412e-001" type="0"/>
    <Peak1D F1="1.755171" intensity="7.426050e-002" type="0"/>
    <Peak1D F1="1.741318" intensity="5.943686e-002" type="0"/>
    <Peak1D F1="1.735258" intensity="7.228416e-002" type="0"/>
    <Peak1D F1="1.725155" intensity="6.548843e-002" type="0"/>
    <Peak1D F1="1.717300" intensity="8.780880e-002" type="0"/>
    <Peak1D F1="1.714166" intensity="8.829513e-002" type="0"/>
    <Peak1D F1="1.704252" intensity="7.788406e-002" type="0"/>
    <Peak1D F1="1.698019" intensity="1.455520e-001" type="0"/>
    <Peak1D F1="1.688719" intensity="8.723654e-002" type="0"/>
    <Peak1D F1="1.683826" intensity="1.220543e-001" type="0"/>
    <Peak1D F1="1.673436" intensity="1.747588e-001" type="0"/>
    <Peak1D F1="1.666375" intensity="1.526386e-001" type="0"/>
    <Peak1D F1="1.660354" intensity="1.618194e-001" type="0"/>
    <Peak1D F1="1.649353" intensity="1.585309e-001" type="0"/>
    <Peak1D F1="1.645704" intensity="1.557631e-001" type="0"/>
    <Peak1D F1="1.633907" intensity="8.616513e-002" type="0"/>
    <Peak1D F1="1.629189" intensity="8.684128e-002" type="0"/>
    <Peak1D F1="1.619029" intensity="3.777344e-002" type="0"/>
    <Peak1D F1="1.613421" intensity="4.139313e-002" type="0"/>
    <Peak1D F1="1.592761" intensity="2.452316e-002" type="0"/>
    <Peak1D F1="1.584000" intensity="1.684749e-002" type="0"/>
    <Peak1D F1="1.567498" intensity="1.531512e-002" type="0"/>
    <Peak1D F1="1.551605" intensity="1.497008e-002" type="0"/>
    <Peak1D F1="1.539610" intensity="3.486073e-002" type="0"/>
    <Peak1D F1="1.530207" intensity="2.327817e-002" type="0"/>
    <Peak1D F1="1.522382" intensity="4.109719e-002" type="0"/>
    <Peak1D F1="1.509628" intensity="5.342993e-002" type="0"/>
    <Peak1D F1="1.504721" intensity="7.528931e-002" type="0"/>
    <Peak1D F1="1.496890" intensity="2.903270e-002" type="0"/>
    <Peak1D F1="1.487093" intensity="9.390203e-002" type="0"/>
    <Peak1D F1="1.474662" intensity="7.236353e-002" type="0"/>
    <Peak1D F1="1.466124" intensity="2.274434e-002" type="0"/>
    <Peak1D F1="1.458354" intensity="6.486121e-002" type="0"/>
    <Peak1D F1="1.439632" intensity="2.388729e-002" type="0"/>
    <Peak1D F1="1.429260" intensity="1.732921e-002" type="0"/>
    <Peak1D F1="1.386286" intensity="4.653484e-003" type="0"/>
    <Peak1D F1="1.372411" intensity="3.873489e-003" type="0"/>
    <Peak1D F1="1.344447" intensity="4.045963e-003" type="0"/>
    <Peak1D F1="1.331845" intensity="3.388369e-003" type="0"/>
    <Peak1D F1="1.316720" intensity="4.136940e-003" type="0"/>
    <Peak1D F1="1.311445" intensity="4.161373e-003" type="0"/>
    <Peak1D F1="1.295894" intensity="5.068100e-003" type="0"/>
    <Peak1D F1="1.251849" intensity="1.595912e-002" type="0"/>
    <Peak1D F1="1.234280" intensity="2.829368e-002" type="0"/>
    <Peak1D F1="1.213650" intensity="2.674410e-002" type="0"/>
    <Peak1D F1="1.206499" intensity="2.270251e-002" type="0"/>
    <Peak1D F1="1.197917" intensity="3.059575e-002" type="0"/>
    <Peak1D F1="1.194341" intensity="3.084123e-002" type="0"/>
    <Peak1D F1="1.177379" intensity="6.779662e-002" type="0"/>
    <Peak1D F1="1.147865" intensity="7.329889e-003" type="0"/>
    <Peak1D F1="1.138085" intensity="8.642986e-003" type="0"/>
    <Peak1D F1="1.122670" intensity="7.931705e-003" type="0"/>
    <Peak1D F1="1.072112" intensity="2.079156e-003" type="0"/>
    <Peak1D F1="1.056585" intensity="1.710839e-003" type="0"/>
    <Peak1D F1="1.021862" intensity="1.755856e-003" type="0"/>
    <Peak1D F1="0.997065" intensity="1.556548e-003" type="0"/>
    <Peak1D F1="0.947014" intensity="1.429417e-003" type="0"/>
    <Peak1D F1="0.916954" intensity="1.378858e-003" type="0"/>
    <Peak1D F1="0.876096" intensity="1.310729e-003" type="0"/>
    <Peak1D F1="0.842796" intensity="2.017213e-003" type="0"/>
    <Peak1D F1="0.816082" intensity="1.010964e-002" type="0"/>
    <Peak1D F1="0.799578" intensity="2.271019e-002" type="0"/>
    <Peak1D F1="0.782391" intensity="1.217738e-002" type="0"/>
    <Peak1D F1="0.758151" intensity="7.505591e-003" type="0"/>
    <Peak1D F1="0.738513" intensity="4.321577e-003" type="0"/>
    <Peak1D F1="0.145260" intensity="1.487358e-003" type="0"/>
    <Peak1D F1="0.092401" intensity="1.288951e-003" type="0"/>
    <Peak1D F1="0.049600" intensity="5.498839e-003" type="0"/>
    <Peak1D F1="0.038521" intensity="2.032537e-003" type="0"/>
    <Peak1D F1="0.008598" intensity="1.818153e-002" type="0"/>
    <Peak1D F1="-0.000155" intensity="3.854513e-001" type="0"/>
    <Peak1D F1="-0.009140" intensity="1.578551e-002" type="0"/>
    <Peak1D F1="-0.027441" intensity="3.351799e-003" type="0"/>
    <Peak1D F1="-0.050330" intensity="6.423694e-003" type="0"/>
    <Peak1D F1="-0.148617" intensity="1.524483e-003" type="0"/>
    <Peak1D F1="-2.929857" intensity="1.483738e-003" type="0"/>
    <Peak1D F1="-3.639365" intensity="1.385644e-003" type="0"/>
  </PeakList1D>
</PeakList>
