<?xml version="1.0" encoding="UTF-8"?>
<PeakList>
  <PeakList1D>
    <PeakList1DHeader creator="nmr" date="2021-08-01T20:04:15.397+03:00" expNo="20" name="ID-419-M" owner="" procNo="1" source="//132.72.8.180/400b/Milo/Milo">
      <PeakPickDetails>F1=16.100519ppm, F2=-3.928526ppm, MI=0.00cm, MAXI=10000.00cm, PC=1.000
      </PeakPickDetails>
    </PeakList1DHeader>
    <Peak1D F1="13.131371" intensity="5.714514e-003" type="0"/>
    <Peak1D F1="12.068224" intensity="5.555020e-003" type="0"/>
    <Peak1D F1="12.007481" intensity="5.416567e-003" type="0"/>
    <Peak1D F1="11.722571" intensity="5.615410e-003" type="0"/>
    <Peak1D F1="10.093379" intensity="1.801412e-001" type="0"/>
    <Peak1D F1="8.391413" intensity="6.354397e-003" type="0"/>
    <Peak1D F1="8.371161" intensity="1.059340e-002" type="0"/>
    <Peak1D F1="8.362989" intensity="1.436809e-002" type="0"/>
    <Peak1D F1="8.341856" intensity="1.315774e-001" type="0"/>
    <Peak1D F1="8.320015" intensity="1.397740e-001" type="0"/>
    <Peak1D F1="8.295108" intensity="8.746079e-003" type="0"/>
    <Peak1D F1="8.272127" intensity="2.281072e-002" type="0"/>
    <Peak1D F1="8.250917" intensity="3.065390e-002" type="0"/>
    <Peak1D F1="8.228142" intensity="9.442952e-002" type="0"/>
    <Peak1D F1="8.223592" intensity="5.959663e-002" type="0"/>
    <Peak1D F1="8.208429" intensity="2.019914e-001" type="0"/>
    <Peak1D F1="8.186689" intensity="2.035296e-001" type="0"/>
    <Peak1D F1="8.180855" intensity="9.110870e-002" type="0"/>
    <Peak1D F1="8.164168" intensity="4.499130e-001" type="0"/>
    <Peak1D F1="8.158349" intensity="2.974293e+000" type="0"/>
    <Peak1D F1="8.153289" intensity="1.294761e+000" type="0"/>
    <Peak1D F1="8.147976" intensity="3.188865e-001" type="0"/>
    <Peak1D F1="8.141209" intensity="1.009085e+000" type="0"/>
    <Peak1D F1="8.136368" intensity="3.184309e+000" type="0"/>
    <Peak1D F1="8.130539" intensity="8.065664e-001" type="0"/>
    <Peak1D F1="8.107714" intensity="1.263094e-001" type="0"/>
    <Peak1D F1="8.086355" intensity="5.448307e-002" type="0"/>
    <Peak1D F1="8.080139" intensity="1.536249e-002" type="0"/>
    <Peak1D F1="8.061719" intensity="1.195241e-002" type="0"/>
    <Peak1D F1="8.044397" intensity="2.166073e-002" type="0"/>
    <Peak1D F1="8.040652" intensity="2.056688e-002" type="0"/>
    <Peak1D F1="8.020439" intensity="1.646198e-001" type="0"/>
    <Peak1D F1="8.015577" intensity="5.373666e-002" type="0"/>
    <Peak1D F1="8.003224" intensity="4.804799e-002" type="0"/>
    <Peak1D F1="7.998613" intensity="1.324164e-001" type="0"/>
    <Peak1D F1="7.969910" intensity="5.905547e-003" type="0"/>
    <Peak1D F1="7.947658" intensity="1.380784e-002" type="0"/>
    <Peak1D F1="7.937482" intensity="1.259404e-002" type="0"/>
    <Peak1D F1="7.927038" intensity="1.590959e-002" type="0"/>
    <Peak1D F1="7.920648" intensity="3.500562e-002" type="0"/>
    <Peak1D F1="7.897543" intensity="3.834249e-002" type="0"/>
    <Peak1D F1="7.875353" intensity="2.460848e-002" type="0"/>
    <Peak1D F1="7.844917" intensity="5.918714e-003" type="0"/>
    <Peak1D F1="7.834636" intensity="2.043115e-002" type="0"/>
    <Peak1D F1="7.813450" intensity="1.953347e-002" type="0"/>
    <Peak1D F1="7.795248" intensity="7.480831e-003" type="0"/>
    <Peak1D F1="7.685383" intensity="1.167802e-002" type="0"/>
    <Peak1D F1="7.661448" intensity="1.471333e-002" type="0"/>
    <Peak1D F1="7.637949" intensity="9.381319e-003" type="0"/>
    <Peak1D F1="7.611099" intensity="7.624584e-002" type="0"/>
    <Peak1D F1="7.589943" intensity="7.311380e-002" type="0"/>
    <Peak1D F1="7.574658" intensity="2.121574e-002" type="0"/>
    <Peak1D F1="7.534086" intensity="9.850173e-002" type="0"/>
    <Peak1D F1="7.530406" intensity="9.371307e-002" type="0"/>
    <Peak1D F1="7.518360" intensity="9.239899e-002" type="0"/>
    <Peak1D F1="7.512036" intensity="1.282874e-001" type="0"/>
    <Peak1D F1="7.503797" intensity="1.926696e-001" type="0"/>
    <Peak1D F1="7.486204" intensity="4.520962e-001" type="0"/>
    <Peak1D F1="7.480322" intensity="2.773587e+000" type="0"/>
    <Peak1D F1="7.475492" intensity="9.245237e-001" type="0"/>
    <Peak1D F1="7.462885" intensity="1.155706e+000" type="0"/>
    <Peak1D F1="7.458358" intensity="2.674634e+000" type="0"/>
    <Peak1D F1="7.440663" intensity="3.234348e-001" type="0"/>
    <Peak1D F1="7.434725" intensity="7.672760e-002" type="0"/>
    <Peak1D F1="7.430548" intensity="7.035790e-002" type="0"/>
    <Peak1D F1="7.408239" intensity="5.761809e-002" type="0"/>
    <Peak1D F1="7.403764" intensity="4.489191e-002" type="0"/>
    <Peak1D F1="7.399913" intensity="3.934570e-002" type="0"/>
    <Peak1D F1="7.384981" intensity="7.810897e-002" type="0"/>
    <Peak1D F1="7.381133" intensity="7.977132e-002" type="0"/>
    <Peak1D F1="7.366430" intensity="5.000440e-002" type="0"/>
    <Peak1D F1="7.362540" intensity="5.261797e-002" type="0"/>
    <Peak1D F1="7.354392" intensity="2.279289e-002" type="0"/>
    <Peak1D F1="7.334980" intensity="4.270587e-002" type="0"/>
    <Peak1D F1="7.315946" intensity="5.631529e-002" type="0"/>
    <Peak1D F1="7.296306" intensity="3.393949e-002" type="0"/>
    <Peak1D F1="7.271830" intensity="5.875620e-002" type="0"/>
    <Peak1D F1="7.267740" intensity="5.713684e-002" type="0"/>
    <Peak1D F1="7.253133" intensity="1.400319e-001" type="0"/>
    <Peak1D F1="7.245331" intensity="2.171706e-001" type="0"/>
    <Peak1D F1="7.235210" intensity="1.346519e-001" type="0"/>
    <Peak1D F1="7.230277" intensity="9.106956e-002" type="0"/>
    <Peak1D F1="7.218006" intensity="1.804255e-001" type="0"/>
    <Peak1D F1="7.195498" intensity="1.097633e+001" type="0"/>
    <Peak1D F1="7.167120" intensity="5.766554e-002" type="0"/>
    <Peak1D F1="7.145457" intensity="2.199641e-001" type="0"/>
    <Peak1D F1="7.140573" intensity="8.255687e-002" type="0"/>
    <Peak1D F1="7.129415" intensity="1.263952e-001" type="0"/>
    <Peak1D F1="7.124209" intensity="1.216011e-001" type="0"/>
    <Peak1D F1="7.110851" intensity="9.975886e-002" type="0"/>
    <Peak1D F1="7.094347" intensity="2.425128e-002" type="0"/>
    <Peak1D F1="7.060002" intensity="7.133629e-003" type="0"/>
    <Peak1D F1="7.035566" intensity="5.698250e-003" type="0"/>
    <Peak1D F1="6.931446" intensity="5.421903e-002" type="0"/>
    <Peak1D F1="6.313518" intensity="1.487236e-002" type="0"/>
    <Peak1D F1="6.216859" intensity="1.150082e-002" type="0"/>
    <Peak1D F1="6.211251" intensity="1.140468e-002" type="0"/>
    <Peak1D F1="6.117497" intensity="1.434721e-001" type="0"/>
    <Peak1D F1="6.094183" intensity="6.959334e-003" type="0"/>
    <Peak1D F1="6.067447" intensity="7.269120e-002" type="0"/>
    <Peak1D F1="6.056644" intensity="9.596370e-003" type="0"/>
    <Peak1D F1="6.017582" intensity="4.169993e+000" type="0"/>
    <Peak1D F1="5.981190" intensity="6.855830e-003" type="0"/>
    <Peak1D F1="5.967537" intensity="6.629606e-002" type="0"/>
    <Peak1D F1="5.921002" intensity="2.428231e-002" type="0"/>
    <Peak1D F1="5.908930" intensity="2.416402e-002" type="0"/>
    <Peak1D F1="5.815900" intensity="9.698786e-003" type="0"/>
    <Peak1D F1="5.797728" intensity="2.743131e-002" type="0"/>
    <Peak1D F1="5.790483" intensity="3.002504e-002" type="0"/>
    <Peak1D F1="5.650116" intensity="2.867499e-002" type="0"/>
    <Peak1D F1="5.622889" intensity="3.152721e-002" type="0"/>
    <Peak1D F1="5.581889" intensity="6.742344e-003" type="0"/>
    <Peak1D F1="5.555642" intensity="6.850016e-003" type="0"/>
    <Peak1D F1="5.491844" intensity="2.107734e-002" type="0"/>
    <Peak1D F1="5.485852" intensity="1.903271e-002" type="0"/>
    <Peak1D F1="5.450980" intensity="1.014386e-002" type="0"/>
    <Peak1D F1="5.407626" intensity="7.163738e-003" type="0"/>
    <Peak1D F1="5.397532" intensity="8.438312e-003" type="0"/>
    <Peak1D F1="5.355758" intensity="1.505436e-001" type="0"/>
    <Peak1D F1="5.348301" intensity="1.482655e-001" type="0"/>
    <Peak1D F1="5.313540" intensity="9.206099e-003" type="0"/>
    <Peak1D F1="5.137121" intensity="7.249109e-003" type="0"/>
    <Peak1D F1="5.099857" intensity="9.344270e-003" type="0"/>
    <Peak1D F1="5.064550" intensity="6.602669e-003" type="0"/>
    <Peak1D F1="5.031136" intensity="5.850551e-003" type="0"/>
    <Peak1D F1="4.969102" intensity="1.163674e-002" type="0"/>
    <Peak1D F1="4.947423" intensity="1.310475e-002" type="0"/>
    <Peak1D F1="4.935727" intensity="9.139368e-003" type="0"/>
    <Peak1D F1="4.922278" intensity="9.791435e-003" type="0"/>
    <Peak1D F1="4.889872" intensity="2.033627e-002" type="0"/>
    <Peak1D F1="4.868621" intensity="2.599313e-002" type="0"/>
    <Peak1D F1="4.852577" intensity="3.024773e-002" type="0"/>
    <Peak1D F1="4.840154" intensity="4.573673e-002" type="0"/>
    <Peak1D F1="4.818435" intensity="5.405554e-002" type="0"/>
    <Peak1D F1="4.790579" intensity="1.441962e+000" type="0"/>
    <Peak1D F1="4.767771" intensity="1.470302e+000" type="0"/>
    <Peak1D F1="4.740639" intensity="6.813790e-002" type="0"/>
    <Peak1D F1="4.718096" intensity="8.428544e-002" type="0"/>
    <Peak1D F1="4.669164" intensity="8.329312e-002" type="0"/>
    <Peak1D F1="4.640929" intensity="6.969529e-002" type="0"/>
    <Peak1D F1="4.608242" intensity="5.288809e-002" type="0"/>
    <Peak1D F1="4.585926" intensity="3.997821e-002" type="0"/>
    <Peak1D F1="4.569699" intensity="2.934146e-002" type="0"/>
    <Peak1D F1="4.501259" intensity="1.547154e-002" type="0"/>
    <Peak1D F1="4.463248" intensity="1.174488e-002" type="0"/>
    <Peak1D F1="4.441384" intensity="9.663152e-003" type="0"/>
    <Peak1D F1="4.431969" intensity="9.386370e-003" type="0"/>
    <Peak1D F1="4.417984" intensity="8.560835e-003" type="0"/>
    <Peak1D F1="4.306874" intensity="7.261273e-003" type="0"/>
    <Peak1D F1="3.978400" intensity="5.420723e-003" type="0"/>
    <Peak1D F1="3.877940" intensity="6.618232e-002" type="0"/>
    <Peak1D F1="3.861063" intensity="9.397659e-003" type="0"/>
    <Peak1D F1="3.844364" intensity="1.076277e-001" type="0"/>
    <Peak1D F1="3.822406" intensity="7.012006e-002" type="0"/>
    <Peak1D F1="3.811207" intensity="4.725508e-001" type="0"/>
    <Peak1D F1="3.796027" intensity="1.664153e-002" type="0"/>
    <Peak1D F1="3.750324" intensity="2.279488e-001" type="0"/>
    <Peak1D F1="3.745304" intensity="2.668666e-001" type="0"/>
    <Peak1D F1="3.700492" intensity="1.270626e+001" type="0"/>
    <Peak1D F1="3.663574" intensity="2.726663e-002" type="0"/>
    <Peak1D F1="3.650451" intensity="2.076927e-001" type="0"/>
    <Peak1D F1="3.640832" intensity="1.202825e-002" type="0"/>
    <Peak1D F1="3.518246" intensity="6.292053e-002" type="0"/>
    <Peak1D F1="2.954749" intensity="1.034007e-002" type="0"/>
    <Peak1D F1="2.942285" intensity="1.672966e-002" type="0"/>
    <Peak1D F1="2.935324" intensity="1.863686e-002" type="0"/>
    <Peak1D F1="2.924366" intensity="1.077031e-002" type="0"/>
    <Peak1D F1="2.833540" intensity="5.676876e-003" type="0"/>
    <Peak1D F1="2.801341" intensity="1.201724e-002" type="0"/>
    <Peak1D F1="2.750186" intensity="6.594726e-001" type="0"/>
    <Peak1D F1="2.724718" intensity="1.721655e-002" type="0"/>
    <Peak1D F1="2.700409" intensity="1.514800e-002" type="0"/>
    <Peak1D F1="2.664972" intensity="1.012786e-002" type="0"/>
    <Peak1D F1="2.637105" intensity="1.697938e-002" type="0"/>
    <Peak1D F1="2.613878" intensity="2.030573e-001" type="0"/>
    <Peak1D F1="2.588871" intensity="4.890247e-002" type="0"/>
    <Peak1D F1="2.563088" intensity="4.024227e-002" type="0"/>
    <Peak1D F1="2.552012" intensity="2.099359e-001" type="0"/>
    <Peak1D F1="2.537590" intensity="2.528915e-002" type="0"/>
    <Peak1D F1="2.498558" intensity="3.865822e-002" type="0"/>
    <Peak1D F1="2.476030" intensity="2.935101e-002" type="0"/>
    <Peak1D F1="2.459078" intensity="6.285279e-001" type="0"/>
    <Peak1D F1="2.442006" intensity="3.071353e-001" type="0"/>
    <Peak1D F1="2.437293" intensity="2.507355e-001" type="0"/>
    <Peak1D F1="2.432358" intensity="2.751190e-001" type="0"/>
    <Peak1D F1="2.423776" intensity="1.427057e-001" type="0"/>
    <Peak1D F1="2.415980" intensity="2.722493e-001" type="0"/>
    <Peak1D F1="2.411122" intensity="3.193555e-001" type="0"/>
    <Peak1D F1="2.406989" intensity="1.899649e-001" type="0"/>
    <Peak1D F1="2.388242" intensity="4.340601e-001" type="0"/>
    <Peak1D F1="2.383843" intensity="3.739555e-001" type="0"/>
    <Peak1D F1="2.379229" intensity="2.834520e-001" type="0"/>
    <Peak1D F1="2.371753" intensity="2.028371e-001" type="0"/>
    <Peak1D F1="2.367201" intensity="3.627379e-001" type="0"/>
    <Peak1D F1="2.363018" intensity="4.608095e-001" type="0"/>
    <Peak1D F1="2.350675" intensity="2.911717e-001" type="0"/>
    <Peak1D F1="2.327777" intensity="4.806053e-001" type="0"/>
    <Peak1D F1="2.320434" intensity="2.897491e-001" type="0"/>
    <Peak1D F1="2.316899" intensity="2.655730e-001" type="0"/>
    <Peak1D F1="2.308007" intensity="3.908293e-001" type="0"/>
    <Peak1D F1="2.304381" intensity="3.300059e-001" type="0"/>
    <Peak1D F1="2.297642" intensity="4.525710e-001" type="0"/>
    <Peak1D F1="2.277647" intensity="2.761939e-001" type="0"/>
    <Peak1D F1="2.265704" intensity="7.852495e-002" type="0"/>
    <Peak1D F1="2.251764" intensity="5.012252e-001" type="0"/>
    <Peak1D F1="2.236218" intensity="1.164686e-001" type="0"/>
    <Peak1D F1="2.229701" intensity="5.481721e-001" type="0"/>
    <Peak1D F1="2.225433" intensity="5.537444e-001" type="0"/>
    <Peak1D F1="2.210992" intensity="1.344270e-001" type="0"/>
    <Peak1D F1="2.202879" intensity="7.323064e-001" type="0"/>
    <Peak1D F1="2.195110" intensity="1.396719e-001" type="0"/>
    <Peak1D F1="2.181479" intensity="4.241768e-001" type="0"/>
    <Peak1D F1="2.176692" intensity="4.074815e-001" type="0"/>
    <Peak1D F1="2.165722" intensity="1.525208e-001" type="0"/>
    <Peak1D F1="2.154323" intensity="5.062793e-001" type="0"/>
    <Peak1D F1="2.146039" intensity="3.991769e-001" type="0"/>
    <Peak1D F1="2.133561" intensity="3.079669e-001" type="0"/>
    <Peak1D F1="2.115828" intensity="4.376182e+000" type="0"/>
    <Peak1D F1="2.107506" intensity="3.294267e+000" type="0"/>
    <Peak1D F1="2.105381" intensity="3.463952e+000" type="0"/>
    <Peak1D F1="2.099947" intensity="5.646919e+000" type="0"/>
    <Peak1D F1="2.096234" intensity="1.417940e+001" type="0"/>
    <Peak1D F1="2.084530" intensity="3.635759e+000" type="0"/>
    <Peak1D F1="2.077373" intensity="7.016871e+000" type="0"/>
    <Peak1D F1="2.069824" intensity="1.029878e+000" type="0"/>
    <Peak1D F1="2.061539" intensity="4.031200e-001" type="0"/>
    <Peak1D F1="2.056129" intensity="3.520862e-001" type="0"/>
    <Peak1D F1="2.050373" intensity="3.619891e-001" type="0"/>
    <Peak1D F1="2.046558" intensity="4.030243e-001" type="0"/>
    <Peak1D F1="2.027556" intensity="1.900536e-001" type="0"/>
    <Peak1D F1="2.020756" intensity="1.111193e-001" type="0"/>
    <Peak1D F1="1.990921" intensity="2.339064e-001" type="0"/>
    <Peak1D F1="1.986640" intensity="3.101491e-001" type="0"/>
    <Peak1D F1="1.981806" intensity="2.273245e-001" type="0"/>
    <Peak1D F1="1.969680" intensity="3.035550e-001" type="0"/>
    <Peak1D F1="1.964648" intensity="3.945290e-001" type="0"/>
    <Peak1D F1="1.959064" intensity="5.338829e-001" type="0"/>
    <Peak1D F1="1.954275" intensity="4.975103e-001" type="0"/>
    <Peak1D F1="1.949371" intensity="5.441613e-001" type="0"/>
    <Peak1D F1="1.941202" intensity="8.769578e-001" type="0"/>
    <Peak1D F1="1.936984" intensity="3.543826e+000" type="0"/>
    <Peak1D F1="1.933004" intensity="9.865290e-001" type="0"/>
    <Peak1D F1="1.925505" intensity="9.648984e-001" type="0"/>
    <Peak1D F1="1.920329" intensity="9.838555e-001" type="0"/>
    <Peak1D F1="1.910637" intensity="7.151149e+000" type="0"/>
    <Peak1D F1="1.899343" intensity="5.672674e+000" type="0"/>
    <Peak1D F1="1.890958" intensity="1.500000e+001" type="0"/>
    <Peak1D F1="1.882320" intensity="4.918019e+000" type="0"/>
    <Peak1D F1="1.879987" intensity="5.254617e+000" type="0"/>
    <Peak1D F1="1.871488" intensity="4.577359e+000" type="0"/>
    <Peak1D F1="1.859691" intensity="5.598004e-001" type="0"/>
    <Peak1D F1="1.853857" intensity="3.042677e-001" type="0"/>
    <Peak1D F1="1.849337" intensity="3.417981e-001" type="0"/>
    <Peak1D F1="1.841147" intensity="3.407098e-001" type="0"/>
    <Peak1D F1="1.830959" intensity="1.595329e-001" type="0"/>
    <Peak1D F1="1.821757" intensity="1.291925e-001" type="0"/>
    <Peak1D F1="1.799972" intensity="5.286326e-002" type="0"/>
    <Peak1D F1="1.765111" intensity="6.776673e-002" type="0"/>
    <Peak1D F1="1.759610" intensity="7.222591e-002" type="0"/>
    <Peak1D F1="1.744919" intensity="1.723596e-001" type="0"/>
    <Peak1D F1="1.729219" intensity="2.212793e-001" type="0"/>
    <Peak1D F1="1.723911" intensity="2.259507e-001" type="0"/>
    <Peak1D F1="1.716741" intensity="2.462987e-001" type="0"/>
    <Peak1D F1="1.713130" intensity="1.695478e-001" type="0"/>
    <Peak1D F1="1.707975" intensity="2.870746e-001" type="0"/>
    <Peak1D F1="1.701066" intensity="4.155742e-001" type="0"/>
    <Peak1D F1="1.696925" intensity="3.674777e-001" type="0"/>
    <Peak1D F1="1.687823" intensity="2.991093e-001" type="0"/>
    <Peak1D F1="1.680781" intensity="1.005759e+000" type="0"/>
    <Peak1D F1="1.675754" intensity="4.981247e-001" type="0"/>
    <Peak1D F1="1.670660" intensity="5.746114e-001" type="0"/>
    <Peak1D F1="1.657007" intensity="8.222816e-001" type="0"/>
    <Peak1D F1="1.652494" intensity="7.187345e-001" type="0"/>
    <Peak1D F1="1.640894" intensity="4.921232e-001" type="0"/>
    <Peak1D F1="1.636565" intensity="5.593054e-001" type="0"/>
    <Peak1D F1="1.632185" intensity="4.592519e-001" type="0"/>
    <Peak1D F1="1.625264" intensity="2.478401e-001" type="0"/>
    <Peak1D F1="1.620421" intensity="2.812336e-001" type="0"/>
    <Peak1D F1="1.616664" intensity="2.788771e-001" type="0"/>
    <Peak1D F1="1.599715" intensity="9.551835e-002" type="0"/>
    <Peak1D F1="1.580516" intensity="9.508902e-002" type="0"/>
    <Peak1D F1="1.572289" intensity="9.785508e-002" type="0"/>
    <Peak1D F1="1.551461" intensity="1.086017e-001" type="0"/>
    <Peak1D F1="1.534838" intensity="2.723795e-001" type="0"/>
    <Peak1D F1="1.519685" intensity="1.940903e-001" type="0"/>
    <Peak1D F1="1.512290" intensity="2.271587e-001" type="0"/>
    <Peak1D F1="1.500621" intensity="4.301023e-001" type="0"/>
    <Peak1D F1="1.492590" intensity="1.602896e-001" type="0"/>
    <Peak1D F1="1.483086" intensity="5.385523e-001" type="0"/>
    <Peak1D F1="1.470264" intensity="3.630049e-001" type="0"/>
    <Peak1D F1="1.453516" intensity="3.664460e-001" type="0"/>
    <Peak1D F1="1.441259" intensity="8.761260e-002" type="0"/>
    <Peak1D F1="1.435537" intensity="1.202230e-001" type="0"/>
    <Peak1D F1="1.428910" intensity="7.106218e-002" type="0"/>
    <Peak1D F1="1.423482" intensity="1.366096e-001" type="0"/>
    <Peak1D F1="1.401625" intensity="3.853593e-002" type="0"/>
    <Peak1D F1="1.373462" intensity="3.181465e-002" type="0"/>
    <Peak1D F1="1.341352" intensity="2.357027e-002" type="0"/>
    <Peak1D F1="1.327097" intensity="2.067930e-002" type="0"/>
    <Peak1D F1="1.321578" intensity="2.105027e-002" type="0"/>
    <Peak1D F1="1.235345" intensity="3.907176e-002" type="0"/>
    <Peak1D F1="1.185399" intensity="1.048753e-001" type="0"/>
    <Peak1D F1="1.154159" intensity="1.665022e-002" type="0"/>
    <Peak1D F1="1.132370" intensity="1.292123e-002" type="0"/>
    <Peak1D F1="1.074213" intensity="8.981416e-003" type="0"/>
    <Peak1D F1="1.050437" intensity="8.080341e-003" type="0"/>
    <Peak1D F1="1.041379" intensity="8.748806e-003" type="0"/>
    <Peak1D F1="1.026069" intensity="7.870713e-003" type="0"/>
    <Peak1D F1="0.975354" intensity="7.220665e-003" type="0"/>
    <Peak1D F1="0.946968" intensity="6.834792e-003" type="0"/>
    <Peak1D F1="0.905001" intensity="7.546412e-003" type="0"/>
    <Peak1D F1="0.882644" intensity="7.036115e-003" type="0"/>
    <Peak1D F1="0.860877" intensity="7.203676e-003" type="0"/>
    <Peak1D F1="0.810015" intensity="3.441830e-002" type="0"/>
    <Peak1D F1="0.794596" intensity="1.934795e-002" type="0"/>
    <Peak1D F1="0.772899" intensity="1.589766e-002" type="0"/>
    <Peak1D F1="0.736073" intensity="9.052161e-003" type="0"/>
    <Peak1D F1="0.715698" intensity="5.936846e-003" type="0"/>
    <Peak1D F1="0.689505" intensity="5.500147e-003" type="0"/>
    <Peak1D F1="0.623400" intensity="5.550895e-003" type="0"/>
    <Peak1D F1="0.554033" intensity="5.544222e-003" type="0"/>
    <Peak1D F1="0.546385" intensity="6.270177e-003" type="0"/>
    <Peak1D F1="0.478527" intensity="5.927305e-003" type="0"/>
    <Peak1D F1="0.398786" intensity="5.472669e-003" type="0"/>
    <Peak1D F1="0.350038" intensity="5.618606e-003" type="0"/>
    <Peak1D F1="0.291978" intensity="7.034397e-003" type="0"/>
    <Peak1D F1="0.266872" intensity="5.555779e-003" type="0"/>
    <Peak1D F1="-0.000153" intensity="1.985920e-001" type="0"/>
    <Peak1D F1="-0.521073" intensity="5.358293e-003" type="0"/>
    <Peak1D F1="-3.230355" intensity="5.964331e-003" type="0"/>
    <Peak1D F1="-3.450272" intensity="5.552422e-003" type="0"/>
    <Peak1D F1="-3.546098" intensity="5.425360e-003" type="0"/>
    <Peak1D F1="-3.714266" intensity="5.634060e-003" type="0"/>
  </PeakList1D>
</PeakList>
