<?xml version="1.0" encoding="UTF-8"?>
<PeakList>
  <PeakList1D>
    <PeakList1DHeader creator="nmr" date="2021-08-06T18:30:25.960+03:00" expNo="20" name="ID_422_M" owner="" procNo="1" source="//132.72.8.180/400b/Milo/Milo">
      <PeakPickDetails>F1=16.120041ppm, F2=-3.909005ppm, MI=0.00cm, MAXI=10000.00cm, PC=1.000
      </PeakPickDetails>
    </PeakList1DHeader>
    <Peak1D F1="15.376657" intensity="3.032701e-003" type="0"/>
    <Peak1D F1="13.737894" intensity="3.091330e-003" type="0"/>
    <Peak1D F1="10.731465" intensity="2.633907e-003" type="0"/>
    <Peak1D F1="10.096684" intensity="1.257645e-002" type="0"/>
    <Peak1D F1="10.085337" intensity="1.609082e-002" type="0"/>
    <Peak1D F1="10.073945" intensity="1.578671e-002" type="0"/>
    <Peak1D F1="10.048058" intensity="2.702876e-003" type="0"/>
    <Peak1D F1="8.402780" intensity="3.905977e-003" type="0"/>
    <Peak1D F1="8.391566" intensity="4.658001e-003" type="0"/>
    <Peak1D F1="8.341743" intensity="2.222600e-002" type="0"/>
    <Peak1D F1="8.329395" intensity="2.461574e-002" type="0"/>
    <Peak1D F1="8.317739" intensity="2.824204e-002" type="0"/>
    <Peak1D F1="8.295835" intensity="1.939511e-002" type="0"/>
    <Peak1D F1="8.242022" intensity="9.091022e-002" type="0"/>
    <Peak1D F1="8.230002" intensity="1.378511e-001" type="0"/>
    <Peak1D F1="8.219497" intensity="2.298979e-001" type="0"/>
    <Peak1D F1="8.208425" intensity="2.401321e-001" type="0"/>
    <Peak1D F1="8.200821" intensity="2.880654e-001" type="0"/>
    <Peak1D F1="8.190311" intensity="2.163260e-001" type="0"/>
    <Peak1D F1="8.183167" intensity="2.002251e-001" type="0"/>
    <Peak1D F1="8.178158" intensity="2.042902e-001" type="0"/>
    <Peak1D F1="8.155690" intensity="8.868963e-001" type="0"/>
    <Peak1D F1="8.139086" intensity="1.440306e+000" type="0"/>
    <Peak1D F1="8.133671" intensity="1.908904e+000" type="0"/>
    <Peak1D F1="8.127372" intensity="1.983762e+000" type="0"/>
    <Peak1D F1="8.121468" intensity="1.607098e+000" type="0"/>
    <Peak1D F1="8.110482" intensity="1.243406e+000" type="0"/>
    <Peak1D F1="8.105778" intensity="1.176740e+000" type="0"/>
    <Peak1D F1="8.077788" intensity="6.829472e-002" type="0"/>
    <Peak1D F1="8.060853" intensity="2.834001e-002" type="0"/>
    <Peak1D F1="8.055732" intensity="3.218749e-002" type="0"/>
    <Peak1D F1="8.034192" intensity="1.333107e-002" type="0"/>
    <Peak1D F1="8.026910" intensity="1.935657e-002" type="0"/>
    <Peak1D F1="8.017757" intensity="2.762719e-002" type="0"/>
    <Peak1D F1="8.008657" intensity="2.425276e-002" type="0"/>
    <Peak1D F1="7.995835" intensity="2.198657e-002" type="0"/>
    <Peak1D F1="7.986503" intensity="1.854824e-002" type="0"/>
    <Peak1D F1="7.968974" intensity="1.074446e-002" type="0"/>
    <Peak1D F1="7.940829" intensity="7.517552e-003" type="0"/>
    <Peak1D F1="7.918305" intensity="1.260310e-002" type="0"/>
    <Peak1D F1="7.905791" intensity="9.560021e-003" type="0"/>
    <Peak1D F1="7.832478" intensity="3.175395e-003" type="0"/>
    <Peak1D F1="7.817546" intensity="3.697677e-003" type="0"/>
    <Peak1D F1="7.722171" intensity="2.618747e-001" type="0"/>
    <Peak1D F1="7.713983" intensity="2.772447e-001" type="0"/>
    <Peak1D F1="7.651063" intensity="1.505852e-001" type="0"/>
    <Peak1D F1="7.646266" intensity="1.419457e-001" type="0"/>
    <Peak1D F1="7.635435" intensity="1.083719e-001" type="0"/>
    <Peak1D F1="7.629631" intensity="1.462735e-001" type="0"/>
    <Peak1D F1="7.624077" intensity="1.260203e-001" type="0"/>
    <Peak1D F1="7.590056" intensity="6.895770e-002" type="0"/>
    <Peak1D F1="7.584693" intensity="6.960732e-002" type="0"/>
    <Peak1D F1="7.568213" intensity="1.388728e-001" type="0"/>
    <Peak1D F1="7.561824" intensity="1.915758e-001" type="0"/>
    <Peak1D F1="7.556350" intensity="1.763232e-001" type="0"/>
    <Peak1D F1="7.532960" intensity="3.671291e-001" type="0"/>
    <Peak1D F1="7.510771" intensity="3.019437e-001" type="0"/>
    <Peak1D F1="7.501389" intensity="4.338756e-001" type="0"/>
    <Peak1D F1="7.485338" intensity="1.212188e+000" type="0"/>
    <Peak1D F1="7.479983" intensity="1.184556e+000" type="0"/>
    <Peak1D F1="7.475757" intensity="1.853145e+000" type="0"/>
    <Peak1D F1="7.466071" intensity="2.068366e+000" type="0"/>
    <Peak1D F1="7.459083" intensity="1.372590e+000" type="0"/>
    <Peak1D F1="7.453996" intensity="1.689092e+000" type="0"/>
    <Peak1D F1="7.449022" intensity="1.290882e+000" type="0"/>
    <Peak1D F1="7.445086" intensity="1.456538e+000" type="0"/>
    <Peak1D F1="7.416110" intensity="7.854507e-002" type="0"/>
    <Peak1D F1="7.395018" intensity="4.393286e-002" type="0"/>
    <Peak1D F1="7.370687" intensity="1.435874e-002" type="0"/>
    <Peak1D F1="7.354844" intensity="1.416552e-002" type="0"/>
    <Peak1D F1="7.329756" intensity="1.929126e-002" type="0"/>
    <Peak1D F1="7.285006" intensity="1.256038e-001" type="0"/>
    <Peak1D F1="7.273903" intensity="2.484729e-001" type="0"/>
    <Peak1D F1="7.264136" intensity="4.020853e-001" type="0"/>
    <Peak1D F1="7.253405" intensity="2.520363e-001" type="0"/>
    <Peak1D F1="7.215127" intensity="6.374922e+000" type="0"/>
    <Peak1D F1="7.192047" intensity="1.460470e-001" type="0"/>
    <Peak1D F1="7.164334" intensity="1.327682e-001" type="0"/>
    <Peak1D F1="7.100055" intensity="6.806521e-003" type="0"/>
    <Peak1D F1="7.083071" intensity="7.239019e-003" type="0"/>
    <Peak1D F1="6.976394" intensity="7.537655e-003" type="0"/>
    <Peak1D F1="6.950676" intensity="4.373238e-002" type="0"/>
    <Peak1D F1="6.206509" intensity="5.908606e-003" type="0"/>
    <Peak1D F1="6.198713" intensity="7.455747e-003" type="0"/>
    <Peak1D F1="6.122773" intensity="7.026155e-003" type="0"/>
    <Peak1D F1="6.113091" intensity="8.963073e-003" type="0"/>
    <Peak1D F1="6.104441" intensity="1.224447e-002" type="0"/>
    <Peak1D F1="6.090230" intensity="1.072445e-002" type="0"/>
    <Peak1D F1="6.069072" intensity="3.361508e-002" type="0"/>
    <Peak1D F1="6.056447" intensity="3.760995e-002" type="0"/>
    <Peak1D F1="6.044750" intensity="5.574157e-002" type="0"/>
    <Peak1D F1="6.019133" intensity="1.175705e+000" type="0"/>
    <Peak1D F1="6.007255" intensity="1.514047e+000" type="0"/>
    <Peak1D F1="5.994637" intensity="1.594968e+000" type="0"/>
    <Peak1D F1="5.970020" intensity="4.179269e-002" type="0"/>
    <Peak1D F1="5.956068" intensity="4.259795e-002" type="0"/>
    <Peak1D F1="5.944760" intensity="5.312996e-002" type="0"/>
    <Peak1D F1="5.912269" intensity="2.969482e-003" type="0"/>
    <Peak1D F1="5.821126" intensity="9.273408e-002" type="0"/>
    <Peak1D F1="5.815226" intensity="1.020273e-001" type="0"/>
    <Peak1D F1="5.762328" intensity="1.344957e-002" type="0"/>
    <Peak1D F1="5.734294" intensity="6.203667e-003" type="0"/>
    <Peak1D F1="5.723702" intensity="4.777154e-003" type="0"/>
    <Peak1D F1="5.663272" intensity="6.407352e-002" type="0"/>
    <Peak1D F1="5.657007" intensity="5.513820e-002" type="0"/>
    <Peak1D F1="5.643641" intensity="4.020079e-002" type="0"/>
    <Peak1D F1="5.636059" intensity="6.232793e-002" type="0"/>
    <Peak1D F1="5.630667" intensity="5.138327e-002" type="0"/>
    <Peak1D F1="5.600589" intensity="1.115332e-002" type="0"/>
    <Peak1D F1="5.568469" intensity="8.677806e-003" type="0"/>
    <Peak1D F1="5.501027" intensity="1.258092e-002" type="0"/>
    <Peak1D F1="5.452535" intensity="8.774284e-002" type="0"/>
    <Peak1D F1="5.422620" intensity="2.173061e-002" type="0"/>
    <Peak1D F1="5.377867" intensity="1.493165e-002" type="0"/>
    <Peak1D F1="5.340015" intensity="1.220561e-001" type="0"/>
    <Peak1D F1="5.332383" intensity="1.393013e-001" type="0"/>
    <Peak1D F1="5.268149" intensity="1.229689e-002" type="0"/>
    <Peak1D F1="5.238778" intensity="6.131566e-003" type="0"/>
    <Peak1D F1="5.215188" intensity="5.936730e-003" type="0"/>
    <Peak1D F1="5.190424" intensity="6.686627e-003" type="0"/>
    <Peak1D F1="5.133299" intensity="6.966080e-003" type="0"/>
    <Peak1D F1="5.118925" intensity="7.006226e-003" type="0"/>
    <Peak1D F1="5.085871" intensity="7.430918e-003" type="0"/>
    <Peak1D F1="5.008598" intensity="9.615388e-003" type="0"/>
    <Peak1D F1="4.983661" intensity="1.900270e-002" type="0"/>
    <Peak1D F1="4.962121" intensity="2.004363e-002" type="0"/>
    <Peak1D F1="4.910085" intensity="3.098009e-002" type="0"/>
    <Peak1D F1="4.889490" intensity="4.289262e-002" type="0"/>
    <Peak1D F1="4.876948" intensity="5.811443e-002" type="0"/>
    <Peak1D F1="4.869960" intensity="4.337591e-002" type="0"/>
    <Peak1D F1="4.855659" intensity="1.013185e-001" type="0"/>
    <Peak1D F1="4.845516" intensity="5.555674e-002" type="0"/>
    <Peak1D F1="4.832928" intensity="7.002896e-002" type="0"/>
    <Peak1D F1="4.805210" intensity="1.805368e+000" type="0"/>
    <Peak1D F1="4.783002" intensity="1.879380e+000" type="0"/>
    <Peak1D F1="4.754681" intensity="8.139621e-002" type="0"/>
    <Peak1D F1="4.733437" intensity="7.845736e-002" type="0"/>
    <Peak1D F1="4.684042" intensity="5.929476e-002" type="0"/>
    <Peak1D F1="4.654746" intensity="6.064419e-002" type="0"/>
    <Peak1D F1="4.632380" intensity="5.613794e-002" type="0"/>
    <Peak1D F1="4.620780" intensity="6.053396e-002" type="0"/>
    <Peak1D F1="4.600139" intensity="5.530171e-002" type="0"/>
    <Peak1D F1="4.396247" intensity="1.704112e-002" type="0"/>
    <Peak1D F1="4.328420" intensity="1.328473e-002" type="0"/>
    <Peak1D F1="4.309954" intensity="1.192939e-002" type="0"/>
    <Peak1D F1="4.276513" intensity="1.040443e-002" type="0"/>
    <Peak1D F1="4.239892" intensity="9.423048e-003" type="0"/>
    <Peak1D F1="4.168080" intensity="8.070420e-003" type="0"/>
    <Peak1D F1="4.124881" intensity="6.966366e-003" type="0"/>
    <Peak1D F1="4.097219" intensity="6.147790e-003" type="0"/>
    <Peak1D F1="4.084795" intensity="5.725415e-003" type="0"/>
    <Peak1D F1="4.039410" intensity="5.629797e-003" type="0"/>
    <Peak1D F1="3.990778" intensity="4.897690e-003" type="0"/>
    <Peak1D F1="3.913466" intensity="4.844575e-003" type="0"/>
    <Peak1D F1="3.898233" intensity="4.421680e-003" type="0"/>
    <Peak1D F1="3.879925" intensity="2.165681e-002" type="0"/>
    <Peak1D F1="3.868074" intensity="2.857999e-002" type="0"/>
    <Peak1D F1="3.856337" intensity="2.828974e-002" type="0"/>
    <Peak1D F1="3.848830" intensity="1.132318e-002" type="0"/>
    <Peak1D F1="3.838502" intensity="1.253593e-002" type="0"/>
    <Peak1D F1="3.827425" intensity="1.337236e-002" type="0"/>
    <Peak1D F1="3.812928" intensity="2.391275e-002" type="0"/>
    <Peak1D F1="3.801790" intensity="2.285567e-002" type="0"/>
    <Peak1D F1="3.789277" intensity="2.037929e-002" type="0"/>
    <Peak1D F1="3.752419" intensity="1.019974e-001" type="0"/>
    <Peak1D F1="3.741392" intensity="7.996169e-002" type="0"/>
    <Peak1D F1="3.728826" intensity="1.369734e-001" type="0"/>
    <Peak1D F1="3.702510" intensity="3.618073e+000" type="0"/>
    <Peak1D F1="3.690985" intensity="4.742970e+000" type="0"/>
    <Peak1D F1="3.678764" intensity="4.982468e+000" type="0"/>
    <Peak1D F1="3.653384" intensity="1.361934e-001" type="0"/>
    <Peak1D F1="3.641599" intensity="7.826453e-002" type="0"/>
    <Peak1D F1="3.628863" intensity="1.178737e-001" type="0"/>
    <Peak1D F1="3.520393" intensity="2.726278e-002" type="0"/>
    <Peak1D F1="3.508557" intensity="3.311483e-002" type="0"/>
    <Peak1D F1="3.496671" intensity="3.794612e-002" type="0"/>
    <Peak1D F1="3.487449" intensity="1.637291e-002" type="0"/>
    <Peak1D F1="3.476984" intensity="1.349044e-002" type="0"/>
    <Peak1D F1="3.410307" intensity="5.239413e-002" type="0"/>
    <Peak1D F1="3.393495" intensity="5.081726e-002" type="0"/>
    <Peak1D F1="3.376615" intensity="5.302161e-002" type="0"/>
    <Peak1D F1="3.333501" intensity="8.149968e-003" type="0"/>
    <Peak1D F1="3.265529" intensity="6.015460e-003" type="0"/>
    <Peak1D F1="3.203857" intensity="4.709767e-003" type="0"/>
    <Peak1D F1="3.190484" intensity="4.360359e-003" type="0"/>
    <Peak1D F1="3.125724" intensity="5.457684e-003" type="0"/>
    <Peak1D F1="3.095003" intensity="3.710931e-003" type="0"/>
    <Peak1D F1="3.087128" intensity="3.670457e-003" type="0"/>
    <Peak1D F1="3.042384" intensity="4.430737e-003" type="0"/>
    <Peak1D F1="3.029182" intensity="3.728260e-003" type="0"/>
    <Peak1D F1="2.941119" intensity="1.419317e-002" type="0"/>
    <Peak1D F1="2.929811" intensity="1.438242e-002" type="0"/>
    <Peak1D F1="2.913253" intensity="9.660670e-003" type="0"/>
    <Peak1D F1="2.852388" intensity="5.046399e-003" type="0"/>
    <Peak1D F1="2.826583" intensity="7.482240e-003" type="0"/>
    <Peak1D F1="2.802500" intensity="1.528984e-002" type="0"/>
    <Peak1D F1="2.774824" intensity="4.687215e-002" type="0"/>
    <Peak1D F1="2.749582" intensity="6.657673e-002" type="0"/>
    <Peak1D F1="2.691267" intensity="1.348438e-002" type="0"/>
    <Peak1D F1="2.667675" intensity="9.830289e-003" type="0"/>
    <Peak1D F1="2.637539" intensity="1.690384e-002" type="0"/>
    <Peak1D F1="2.615897" intensity="1.693160e-002" type="0"/>
    <Peak1D F1="2.546084" intensity="6.919960e-002" type="0"/>
    <Peak1D F1="2.489555" intensity="3.058866e-002" type="0"/>
    <Peak1D F1="2.470837" intensity="2.675003e-002" type="0"/>
    <Peak1D F1="2.452242" intensity="2.979262e-002" type="0"/>
    <Peak1D F1="2.401194" intensity="3.486182e-001" type="0"/>
    <Peak1D F1="2.396083" intensity="3.435814e-001" type="0"/>
    <Peak1D F1="2.389758" intensity="3.470731e-001" type="0"/>
    <Peak1D F1="2.379378" intensity="4.025600e-001" type="0"/>
    <Peak1D F1="2.374838" intensity="4.156843e-001" type="0"/>
    <Peak1D F1="2.363906" intensity="7.497724e-001" type="0"/>
    <Peak1D F1="2.352489" intensity="7.975860e-001" type="0"/>
    <Peak1D F1="2.342408" intensity="1.433159e+000" type="0"/>
    <Peak1D F1="2.331943" intensity="1.178365e+000" type="0"/>
    <Peak1D F1="2.321671" intensity="9.018365e-001" type="0"/>
    <Peak1D F1="2.313340" intensity="9.321588e-001" type="0"/>
    <Peak1D F1="2.289685" intensity="6.847736e-001" type="0"/>
    <Peak1D F1="2.274838" intensity="3.916366e-001" type="0"/>
    <Peak1D F1="2.245836" intensity="2.271142e-001" type="0"/>
    <Peak1D F1="2.219278" intensity="3.395874e-001" type="0"/>
    <Peak1D F1="2.212551" intensity="3.329786e-001" type="0"/>
    <Peak1D F1="2.204743" intensity="3.474423e-001" type="0"/>
    <Peak1D F1="2.196797" intensity="4.381241e-001" type="0"/>
    <Peak1D F1="2.190101" intensity="4.182311e-001" type="0"/>
    <Peak1D F1="2.182816" intensity="3.758093e-001" type="0"/>
    <Peak1D F1="2.163673" intensity="4.662286e-001" type="0"/>
    <Peak1D F1="2.147578" intensity="5.556064e-001" type="0"/>
    <Peak1D F1="2.141335" intensity="5.859471e-001" type="0"/>
    <Peak1D F1="2.135984" intensity="6.341380e-001" type="0"/>
    <Peak1D F1="2.097310" intensity="9.981969e+000" type="0"/>
    <Peak1D F1="2.093688" intensity="9.893620e+000" type="0"/>
    <Peak1D F1="2.091259" intensity="9.729574e+000" type="0"/>
    <Peak1D F1="2.085958" intensity="1.248225e+001" type="0"/>
    <Peak1D F1="2.079301" intensity="1.187064e+001" type="0"/>
    <Peak1D F1="2.074516" intensity="1.217429e+001" type="0"/>
    <Peak1D F1="2.057342" intensity="4.620170e+000" type="0"/>
    <Peak1D F1="2.055993" intensity="4.550508e+000" type="0"/>
    <Peak1D F1="2.030643" intensity="6.000737e-001" type="0"/>
    <Peak1D F1="2.024904" intensity="4.916151e-001" type="0"/>
    <Peak1D F1="2.005802" intensity="2.450620e-001" type="0"/>
    <Peak1D F1="1.962027" intensity="5.227435e-001" type="0"/>
    <Peak1D F1="1.933691" intensity="1.220043e+000" type="0"/>
    <Peak1D F1="1.924214" intensity="1.552720e+000" type="0"/>
    <Peak1D F1="1.914646" intensity="4.061556e+000" type="0"/>
    <Peak1D F1="1.904016" intensity="7.661339e+000" type="0"/>
    <Peak1D F1="1.894845" intensity="1.347934e+001" type="0"/>
    <Peak1D F1="1.884924" intensity="1.500000e+001" type="0"/>
    <Peak1D F1="1.874695" intensity="1.328741e+001" type="0"/>
    <Peak1D F1="1.865955" intensity="6.797777e+000" type="0"/>
    <Peak1D F1="1.856794" intensity="3.306708e+000" type="0"/>
    <Peak1D F1="1.835539" intensity="6.065353e-001" type="0"/>
    <Peak1D F1="1.824977" intensity="4.593474e-001" type="0"/>
    <Peak1D F1="1.817899" intensity="2.867561e-001" type="0"/>
    <Peak1D F1="1.806615" intensity="2.138955e-001" type="0"/>
    <Peak1D F1="1.763501" intensity="1.360103e-001" type="0"/>
    <Peak1D F1="1.734115" intensity="2.257640e-001" type="0"/>
    <Peak1D F1="1.728804" intensity="2.616116e-001" type="0"/>
    <Peak1D F1="1.722946" intensity="2.851220e-001" type="0"/>
    <Peak1D F1="1.718075" intensity="3.018041e-001" type="0"/>
    <Peak1D F1="1.712592" intensity="3.705270e-001" type="0"/>
    <Peak1D F1="1.706868" intensity="4.889143e-001" type="0"/>
    <Peak1D F1="1.702148" intensity="5.624217e-001" type="0"/>
    <Peak1D F1="1.696895" intensity="6.453748e-001" type="0"/>
    <Peak1D F1="1.691365" intensity="8.023801e-001" type="0"/>
    <Peak1D F1="1.684445" intensity="8.727390e-001" type="0"/>
    <Peak1D F1="1.679394" intensity="8.273273e-001" type="0"/>
    <Peak1D F1="1.672646" intensity="1.082175e+000" type="0"/>
    <Peak1D F1="1.667442" intensity="1.356174e+000" type="0"/>
    <Peak1D F1="1.652006" intensity="9.364501e-001" type="0"/>
    <Peak1D F1="1.648123" intensity="1.048229e+000" type="0"/>
    <Peak1D F1="1.643720" intensity="9.162658e-001" type="0"/>
    <Peak1D F1="1.632565" intensity="6.047181e-001" type="0"/>
    <Peak1D F1="1.628113" intensity="5.527737e-001" type="0"/>
    <Peak1D F1="1.616874" intensity="3.343679e-001" type="0"/>
    <Peak1D F1="1.536058" intensity="2.341232e-001" type="0"/>
    <Peak1D F1="1.528807" intensity="2.761840e-001" type="0"/>
    <Peak1D F1="1.521028" intensity="3.263120e-001" type="0"/>
    <Peak1D F1="1.507022" intensity="4.259610e-001" type="0"/>
    <Peak1D F1="1.501326" intensity="4.881881e-001" type="0"/>
    <Peak1D F1="1.493867" intensity="4.730741e-001" type="0"/>
    <Peak1D F1="1.484689" intensity="4.985302e-001" type="0"/>
    <Peak1D F1="1.479469" intensity="5.266525e-001" type="0"/>
    <Peak1D F1="1.473991" intensity="4.207846e-001" type="0"/>
    <Peak1D F1="1.467492" intensity="4.056298e-001" type="0"/>
    <Peak1D F1="1.454859" intensity="3.428109e-001" type="0"/>
    <Peak1D F1="1.450961" intensity="3.187400e-001" type="0"/>
    <Peak1D F1="1.436777" intensity="1.368166e-001" type="0"/>
    <Peak1D F1="1.430300" intensity="1.439389e-001" type="0"/>
    <Peak1D F1="1.357398" intensity="6.817417e-002" type="0"/>
    <Peak1D F1="1.337894" intensity="6.321852e-002" type="0"/>
    <Peak1D F1="1.182030" intensity="9.737414e-002" type="0"/>
    <Peak1D F1="1.012171" intensity="1.731676e-002" type="0"/>
    <Peak1D F1="0.923266" intensity="1.354963e-002" type="0"/>
    <Peak1D F1="0.903403" intensity="1.316762e-002" type="0"/>
    <Peak1D F1="0.884894" intensity="1.311250e-002" type="0"/>
    <Peak1D F1="0.869845" intensity="1.341903e-002" type="0"/>
    <Peak1D F1="0.792773" intensity="2.990271e-002" type="0"/>
    <Peak1D F1="0.777777" intensity="2.929991e-002" type="0"/>
    <Peak1D F1="0.769604" intensity="2.938405e-002" type="0"/>
    <Peak1D F1="0.682726" intensity="1.005303e-002" type="0"/>
    <Peak1D F1="0.670908" intensity="1.052024e-002" type="0"/>
    <Peak1D F1="0.646051" intensity="1.031844e-002" type="0"/>
    <Peak1D F1="0.608778" intensity="8.676436e-003" type="0"/>
    <Peak1D F1="0.599002" intensity="7.841772e-003" type="0"/>
    <Peak1D F1="0.565663" intensity="7.123111e-003" type="0"/>
    <Peak1D F1="0.542744" intensity="7.241350e-003" type="0"/>
    <Peak1D F1="0.518323" intensity="7.219487e-003" type="0"/>
    <Peak1D F1="0.491369" intensity="7.280644e-003" type="0"/>
    <Peak1D F1="0.479461" intensity="6.502569e-003" type="0"/>
    <Peak1D F1="0.434274" intensity="6.291986e-003" type="0"/>
    <Peak1D F1="0.374410" intensity="6.202780e-003" type="0"/>
    <Peak1D F1="0.362011" intensity="5.859875e-003" type="0"/>
    <Peak1D F1="0.315629" intensity="5.338872e-003" type="0"/>
    <Peak1D F1="0.310181" intensity="4.963161e-003" type="0"/>
    <Peak1D F1="0.286435" intensity="6.018989e-003" type="0"/>
    <Peak1D F1="0.233546" intensity="5.162583e-003" type="0"/>
    <Peak1D F1="0.217083" intensity="4.495458e-003" type="0"/>
    <Peak1D F1="0.199712" intensity="4.893480e-003" type="0"/>
    <Peak1D F1="0.172844" intensity="4.953859e-003" type="0"/>
    <Peak1D F1="0.136569" intensity="4.630196e-003" type="0"/>
    <Peak1D F1="0.130446" intensity="4.438425e-003" type="0"/>
    <Peak1D F1="0.054286" intensity="5.290314e-003" type="0"/>
    <Peak1D F1="0.008374" intensity="8.714605e-002" type="0"/>
    <Peak1D F1="-0.000157" intensity="1.144117e-001" type="0"/>
    <Peak1D F1="-0.007725" intensity="8.911722e-002" type="0"/>
    <Peak1D F1="-0.042066" intensity="4.983128e-003" type="0"/>
    <Peak1D F1="-0.058307" intensity="5.498197e-003" type="0"/>
    <Peak1D F1="-0.077537" intensity="3.031573e-003" type="0"/>
    <Peak1D F1="-0.091214" intensity="3.255042e-003" type="0"/>
    <Peak1D F1="-0.120441" intensity="4.123122e-003" type="0"/>
    <Peak1D F1="-0.133629" intensity="3.752239e-003" type="0"/>
    <Peak1D F1="-0.164941" intensity="3.577700e-003" type="0"/>
    <Peak1D F1="-0.191232" intensity="3.332558e-003" type="0"/>
    <Peak1D F1="-0.242115" intensity="3.358951e-003" type="0"/>
    <Peak1D F1="-0.272848" intensity="2.861511e-003" type="0"/>
    <Peak1D F1="-0.319454" intensity="2.973891e-003" type="0"/>
    <Peak1D F1="-0.344224" intensity="2.767099e-003" type="0"/>
    <Peak1D F1="-0.349651" intensity="2.855809e-003" type="0"/>
    <Peak1D F1="-0.430683" intensity="2.672723e-003" type="0"/>
    <Peak1D F1="-0.614701" intensity="3.222058e-003" type="0"/>
    <Peak1D F1="-1.935443" intensity="2.814720e-003" type="0"/>
    <Peak1D F1="-3.624181" intensity="2.759792e-003" type="0"/>
    <Peak1D F1="-3.692696" intensity="3.881057e-003" type="0"/>
    <Peak1D F1="-3.714855" intensity="4.327789e-003" type="0"/>
  </PeakList1D>
</PeakList>
