<?xml version="1.0" encoding="UTF-8"?>
<PeakList>
  <PeakList1D>
    <PeakList1DHeader creator="nmr" date="2021-08-21T19:13:48.562+03:00" expNo="20" name="ID-420-F-21.8.21" owner="" procNo="1" source="//132.72.8.180/400b/Milo/Milo">
      <PeakPickDetails>F1=16.149179ppm, F2=-3.879867ppm, MI=0.00cm, MAXI=10000.00cm, PC=1.000
      </PeakPickDetails>
    </PeakList1DHeader>
    <Peak1D F1="15.789008" intensity="8.111428e-004" type="0"/>
    <Peak1D F1="11.787456" intensity="8.750272e-004" type="0"/>
    <Peak1D F1="10.747549" intensity="8.222727e-004" type="0"/>
    <Peak1D F1="10.320849" intensity="4.888843e-003" type="0"/>
    <Peak1D F1="10.313188" intensity="6.007577e-003" type="0"/>
    <Peak1D F1="10.306745" intensity="5.110921e-003" type="0"/>
    <Peak1D F1="10.263102" intensity="9.891849e-004" type="0"/>
    <Peak1D F1="10.246254" intensity="1.292416e-003" type="0"/>
    <Peak1D F1="10.198392" intensity="2.854881e-003" type="0"/>
    <Peak1D F1="10.149663" intensity="2.546683e-002" type="0"/>
    <Peak1D F1="10.141806" intensity="1.764638e-002" type="0"/>
    <Peak1D F1="10.135514" intensity="2.260836e-002" type="0"/>
    <Peak1D F1="10.122808" intensity="1.816383e-002" type="0"/>
    <Peak1D F1="10.100195" intensity="8.238856e-001" type="0"/>
    <Peak1D F1="10.092278" intensity="1.123331e+000" type="0"/>
    <Peak1D F1="10.085833" intensity="9.005527e-001" type="0"/>
    <Peak1D F1="10.068587" intensity="1.020289e-002" type="0"/>
    <Peak1D F1="10.060469" intensity="9.353457e-003" type="0"/>
    <Peak1D F1="10.050313" intensity="2.387776e-002" type="0"/>
    <Peak1D F1="10.042397" intensity="1.337605e-002" type="0"/>
    <Peak1D F1="10.035885" intensity="1.689021e-002" type="0"/>
    <Peak1D F1="9.873190" intensity="4.068971e-003" type="0"/>
    <Peak1D F1="9.865510" intensity="5.983340e-003" type="0"/>
    <Peak1D F1="9.858846" intensity="4.565052e-003" type="0"/>
    <Peak1D F1="8.548063" intensity="4.172715e-003" type="0"/>
    <Peak1D F1="8.541354" intensity="4.718582e-003" type="0"/>
    <Peak1D F1="8.534781" intensity="5.072205e-003" type="0"/>
    <Peak1D F1="8.526062" intensity="4.389961e-003" type="0"/>
    <Peak1D F1="8.493489" intensity="1.212531e-003" type="0"/>
    <Peak1D F1="8.391962" intensity="2.231189e-002" type="0"/>
    <Peak1D F1="8.382823" intensity="1.847199e-002" type="0"/>
    <Peak1D F1="8.375463" intensity="2.743833e-002" type="0"/>
    <Peak1D F1="8.370356" intensity="3.477738e-002" type="0"/>
    <Peak1D F1="8.342279" intensity="5.835646e-001" type="0"/>
    <Peak1D F1="8.337457" intensity="5.089855e-001" type="0"/>
    <Peak1D F1="8.333457" intensity="8.275092e-001" type="0"/>
    <Peak1D F1="8.325886" intensity="8.548070e-001" type="0"/>
    <Peak1D F1="8.320669" intensity="8.788841e-001" type="0"/>
    <Peak1D F1="8.316247" intensity="6.136563e-001" type="0"/>
    <Peak1D F1="8.311845" intensity="9.340665e-001" type="0"/>
    <Peak1D F1="8.304507" intensity="7.021136e-001" type="0"/>
    <Peak1D F1="8.283670" intensity="1.709886e-002" type="0"/>
    <Peak1D F1="8.275895" intensity="2.197628e-002" type="0"/>
    <Peak1D F1="8.270976" intensity="2.515376e-002" type="0"/>
    <Peak1D F1="8.261949" intensity="1.451491e-002" type="0"/>
    <Peak1D F1="8.254498" intensity="1.616645e-002" type="0"/>
    <Peak1D F1="8.236373" intensity="9.646523e-003" type="0"/>
    <Peak1D F1="8.231975" intensity="1.156918e-002" type="0"/>
    <Peak1D F1="8.219861" intensity="8.407417e-003" type="0"/>
    <Peak1D F1="8.213447" intensity="1.012459e-002" type="0"/>
    <Peak1D F1="8.208355" intensity="1.198085e-002" type="0"/>
    <Peak1D F1="8.199221" intensity="1.323054e-002" type="0"/>
    <Peak1D F1="8.191070" intensity="1.278614e-002" type="0"/>
    <Peak1D F1="8.177502" intensity="1.676779e-002" type="0"/>
    <Peak1D F1="8.169061" intensity="1.479017e-002" type="0"/>
    <Peak1D F1="8.150021" intensity="1.279334e-001" type="0"/>
    <Peak1D F1="8.145133" intensity="1.086541e-001" type="0"/>
    <Peak1D F1="8.139939" intensity="1.809153e-001" type="0"/>
    <Peak1D F1="8.130444" intensity="2.151792e-001" type="0"/>
    <Peak1D F1="8.128358" intensity="2.187977e-001" type="0"/>
    <Peak1D F1="8.122571" intensity="1.517486e-001" type="0"/>
    <Peak1D F1="8.117951" intensity="2.091593e-001" type="0"/>
    <Peak1D F1="8.113538" intensity="1.418654e-001" type="0"/>
    <Peak1D F1="8.108972" intensity="1.661257e-001" type="0"/>
    <Peak1D F1="8.103013" intensity="5.298059e-002" type="0"/>
    <Peak1D F1="8.089273" intensity="2.816967e-002" type="0"/>
    <Peak1D F1="8.085702" intensity="3.557289e-002" type="0"/>
    <Peak1D F1="8.078716" intensity="3.368694e-002" type="0"/>
    <Peak1D F1="8.073564" intensity="3.310599e-002" type="0"/>
    <Peak1D F1="8.068265" intensity="2.872284e-002" type="0"/>
    <Peak1D F1="8.061293" intensity="4.783310e-002" type="0"/>
    <Peak1D F1="8.052115" intensity="8.593079e-002" type="0"/>
    <Peak1D F1="8.040881" intensity="2.047715e-001" type="0"/>
    <Peak1D F1="8.035772" intensity="8.620347e-001" type="0"/>
    <Peak1D F1="8.029191" intensity="1.332007e+000" type="0"/>
    <Peak1D F1="8.024078" intensity="1.212918e+000" type="0"/>
    <Peak1D F1="8.018984" intensity="5.587952e-001" type="0"/>
    <Peak1D F1="8.013864" intensity="8.650474e-001" type="0"/>
    <Peak1D F1="8.007113" intensity="1.158400e+000" type="0"/>
    <Peak1D F1="8.002044" intensity="8.155940e-001" type="0"/>
    <Peak1D F1="7.996958" intensity="1.262532e-001" type="0"/>
    <Peak1D F1="7.985741" intensity="3.085756e-002" type="0"/>
    <Peak1D F1="7.979369" intensity="2.316196e-002" type="0"/>
    <Peak1D F1="7.974059" intensity="2.353954e-002" type="0"/>
    <Peak1D F1="7.968708" intensity="1.514858e-002" type="0"/>
    <Peak1D F1="7.963809" intensity="2.228997e-002" type="0"/>
    <Peak1D F1="7.957037" intensity="1.653777e-002" type="0"/>
    <Peak1D F1="7.952096" intensity="1.554754e-002" type="0"/>
    <Peak1D F1="7.935218" intensity="3.216803e-003" type="0"/>
    <Peak1D F1="7.926507" intensity="3.298804e-003" type="0"/>
    <Peak1D F1="7.911998" intensity="3.552341e-003" type="0"/>
    <Peak1D F1="7.868723" intensity="3.110550e-003" type="0"/>
    <Peak1D F1="7.848434" intensity="3.325888e-003" type="0"/>
    <Peak1D F1="7.817264" intensity="1.238451e-002" type="0"/>
    <Peak1D F1="7.813688" intensity="1.177504e-002" type="0"/>
    <Peak1D F1="7.799738" intensity="1.336869e-002" type="0"/>
    <Peak1D F1="7.794968" intensity="1.400607e-002" type="0"/>
    <Peak1D F1="7.770214" intensity="5.363479e-002" type="0"/>
    <Peak1D F1="7.765756" intensity="5.907932e-002" type="0"/>
    <Peak1D F1="7.761247" intensity="5.572655e-002" type="0"/>
    <Peak1D F1="7.753472" intensity="6.398661e-002" type="0"/>
    <Peak1D F1="7.748664" intensity="5.509744e-002" type="0"/>
    <Peak1D F1="7.738749" intensity="3.264697e-002" type="0"/>
    <Peak1D F1="7.699411" intensity="3.610059e-003" type="0"/>
    <Peak1D F1="7.617867" intensity="7.644601e-003" type="0"/>
    <Peak1D F1="7.595180" intensity="7.420378e-003" type="0"/>
    <Peak1D F1="7.574869" intensity="5.290105e-003" type="0"/>
    <Peak1D F1="7.547267" intensity="1.902254e-002" type="0"/>
    <Peak1D F1="7.541490" intensity="2.653607e-002" type="0"/>
    <Peak1D F1="7.532761" intensity="3.163028e-002" type="0"/>
    <Peak1D F1="7.525037" intensity="3.542585e-002" type="0"/>
    <Peak1D F1="7.519273" intensity="3.807042e-002" type="0"/>
    <Peak1D F1="7.510172" intensity="3.434766e-002" type="0"/>
    <Peak1D F1="7.503792" intensity="1.563848e-001" type="0"/>
    <Peak1D F1="7.491961" intensity="1.614939e-001" type="0"/>
    <Peak1D F1="7.485036" intensity="2.365728e-001" type="0"/>
    <Peak1D F1="7.479831" intensity="2.195662e-001" type="0"/>
    <Peak1D F1="7.475232" intensity="1.158483e-001" type="0"/>
    <Peak1D F1="7.469794" intensity="1.723949e-001" type="0"/>
    <Peak1D F1="7.463269" intensity="2.291377e-001" type="0"/>
    <Peak1D F1="7.458028" intensity="1.715404e-001" type="0"/>
    <Peak1D F1="7.444237" intensity="5.046658e-002" type="0"/>
    <Peak1D F1="7.438915" intensity="6.665523e-002" type="0"/>
    <Peak1D F1="7.436984" intensity="6.866934e-002" type="0"/>
    <Peak1D F1="7.433309" intensity="6.527808e-002" type="0"/>
    <Peak1D F1="7.421791" intensity="5.752357e-002" type="0"/>
    <Peak1D F1="7.416256" intensity="6.961145e-002" type="0"/>
    <Peak1D F1="7.414488" intensity="6.827176e-002" type="0"/>
    <Peak1D F1="7.410731" intensity="5.977025e-002" type="0"/>
    <Peak1D F1="7.408787" intensity="5.697870e-002" type="0"/>
    <Peak1D F1="7.403702" intensity="3.132851e-002" type="0"/>
    <Peak1D F1="7.397820" intensity="2.995755e-002" type="0"/>
    <Peak1D F1="7.393175" intensity="3.989894e-002" type="0"/>
    <Peak1D F1="7.388141" intensity="5.258856e-002" type="0"/>
    <Peak1D F1="7.383113" intensity="5.760619e-002" type="0"/>
    <Peak1D F1="7.377408" intensity="5.647217e-002" type="0"/>
    <Peak1D F1="7.372727" intensity="6.916869e-002" type="0"/>
    <Peak1D F1="7.369669" intensity="7.430790e-002" type="0"/>
    <Peak1D F1="7.364748" intensity="6.888413e-002" type="0"/>
    <Peak1D F1="7.359095" intensity="5.906575e-002" type="0"/>
    <Peak1D F1="7.354396" intensity="6.836176e-002" type="0"/>
    <Peak1D F1="7.349693" intensity="6.219416e-002" type="0"/>
    <Peak1D F1="7.343946" intensity="4.850633e-002" type="0"/>
    <Peak1D F1="7.339174" intensity="4.605342e-002" type="0"/>
    <Peak1D F1="7.334161" intensity="4.201591e-002" type="0"/>
    <Peak1D F1="7.329298" intensity="3.732503e-002" type="0"/>
    <Peak1D F1="7.324925" intensity="3.322833e-002" type="0"/>
    <Peak1D F1="7.309186" intensity="3.977561e-002" type="0"/>
    <Peak1D F1="7.293123" intensity="4.268798e-001" type="0"/>
    <Peak1D F1="7.244376" intensity="2.245515e+001" type="0"/>
    <Peak1D F1="7.212497" intensity="3.570753e-002" type="0"/>
    <Peak1D F1="7.193355" intensity="4.252935e-001" type="0"/>
    <Peak1D F1="7.168343" intensity="1.128085e-002" type="0"/>
    <Peak1D F1="7.160454" intensity="9.571714e-003" type="0"/>
    <Peak1D F1="7.152709" intensity="1.211477e-002" type="0"/>
    <Peak1D F1="7.139542" intensity="3.509872e-002" type="0"/>
    <Peak1D F1="7.128897" intensity="4.333983e-002" type="0"/>
    <Peak1D F1="7.121052" intensity="7.920180e-002" type="0"/>
    <Peak1D F1="7.119305" intensity="7.531989e-002" type="0"/>
    <Peak1D F1="7.110519" intensity="6.827866e-002" type="0"/>
    <Peak1D F1="7.102732" intensity="7.621273e-002" type="0"/>
    <Peak1D F1="7.100967" intensity="7.349852e-002" type="0"/>
    <Peak1D F1="7.092113" intensity="3.463040e-002" type="0"/>
    <Peak1D F1="7.084481" intensity="2.630602e-002" type="0"/>
    <Peak1D F1="7.082585" intensity="2.620535e-002" type="0"/>
    <Peak1D F1="7.052550" intensity="2.354859e-003" type="0"/>
    <Peak1D F1="7.028275" intensity="2.198246e-003" type="0"/>
    <Peak1D F1="6.990163" intensity="3.270478e-002" type="0"/>
    <Peak1D F1="6.979494" intensity="1.639843e-001" type="0"/>
    <Peak1D F1="6.972061" intensity="5.672469e-002" type="0"/>
    <Peak1D F1="6.962334" intensity="5.526607e-002" type="0"/>
    <Peak1D F1="6.952813" intensity="6.182829e-002" type="0"/>
    <Peak1D F1="6.945280" intensity="5.222451e-002" type="0"/>
    <Peak1D F1="6.934455" intensity="3.303156e-002" type="0"/>
    <Peak1D F1="6.925339" intensity="2.843078e-002" type="0"/>
    <Peak1D F1="6.767435" intensity="1.000398e-002" type="0"/>
    <Peak1D F1="6.759542" intensity="1.474550e-002" type="0"/>
    <Peak1D F1="6.328598" intensity="1.675214e-003" type="0"/>
    <Peak1D F1="6.203788" intensity="4.725919e-002" type="0"/>
    <Peak1D F1="6.198381" intensity="4.284854e-002" type="0"/>
    <Peak1D F1="6.150589" intensity="3.807817e-003" type="0"/>
    <Peak1D F1="6.135078" intensity="3.770392e-003" type="0"/>
    <Peak1D F1="6.119981" intensity="2.093267e-002" type="0"/>
    <Peak1D F1="6.111556" intensity="2.846158e-002" type="0"/>
    <Peak1D F1="6.101184" intensity="1.046837e-001" type="0"/>
    <Peak1D F1="6.093227" intensity="1.485417e-001" type="0"/>
    <Peak1D F1="6.086791" intensity="1.264565e-001" type="0"/>
    <Peak1D F1="6.059492" intensity="2.680220e-002" type="0"/>
    <Peak1D F1="6.055576" intensity="4.270807e-002" type="0"/>
    <Peak1D F1="6.047887" intensity="5.521261e-002" type="0"/>
    <Peak1D F1="6.041237" intensity="5.337453e-002" type="0"/>
    <Peak1D F1="6.031646" intensity="2.328096e-002" type="0"/>
    <Peak1D F1="6.024770" intensity="2.607358e-002" type="0"/>
    <Peak1D F1="6.009908" intensity="5.959774e-001" type="0"/>
    <Peak1D F1="5.999875" intensity="7.072531e-001" type="0"/>
    <Peak1D F1="5.990707" intensity="5.765659e-001" type="0"/>
    <Peak1D F1="5.959995" intensity="1.914336e-002" type="0"/>
    <Peak1D F1="5.950026" intensity="9.813370e-003" type="0"/>
    <Peak1D F1="5.940861" intensity="1.269325e-002" type="0"/>
    <Peak1D F1="5.888561" intensity="3.757030e-003" type="0"/>
    <Peak1D F1="5.807846" intensity="8.174012e-003" type="0"/>
    <Peak1D F1="5.802594" intensity="8.675820e-003" type="0"/>
    <Peak1D F1="5.792584" intensity="8.649117e-003" type="0"/>
    <Peak1D F1="5.758833" intensity="8.265915e-003" type="0"/>
    <Peak1D F1="5.702671" intensity="1.047547e-002" type="0"/>
    <Peak1D F1="5.655078" intensity="9.632888e-003" type="0"/>
    <Peak1D F1="5.450360" intensity="3.625306e-003" type="0"/>
    <Peak1D F1="5.434103" intensity="2.136293e-003" type="0"/>
    <Peak1D F1="5.392868" intensity="2.770181e-003" type="0"/>
    <Peak1D F1="5.367850" intensity="2.389161e-003" type="0"/>
    <Peak1D F1="5.347585" intensity="1.233120e-002" type="0"/>
    <Peak1D F1="5.340410" intensity="1.322089e-002" type="0"/>
    <Peak1D F1="5.011125" intensity="8.216356e-004" type="0"/>
    <Peak1D F1="4.937096" intensity="1.078545e-003" type="0"/>
    <Peak1D F1="4.922532" intensity="1.670815e-003" type="0"/>
    <Peak1D F1="4.880748" intensity="5.309840e-003" type="0"/>
    <Peak1D F1="4.859192" intensity="5.615448e-003" type="0"/>
    <Peak1D F1="4.830991" intensity="1.844553e-001" type="0"/>
    <Peak1D F1="4.809195" intensity="1.904598e-001" type="0"/>
    <Peak1D F1="4.780640" intensity="6.126628e-003" type="0"/>
    <Peak1D F1="4.758365" intensity="6.376050e-003" type="0"/>
    <Peak1D F1="4.730093" intensity="3.557337e-003" type="0"/>
    <Peak1D F1="4.699172" intensity="3.694804e-003" type="0"/>
    <Peak1D F1="4.689338" intensity="3.491836e-003" type="0"/>
    <Peak1D F1="4.647066" intensity="3.887244e-003" type="0"/>
    <Peak1D F1="4.626600" intensity="3.589394e-003" type="0"/>
    <Peak1D F1="4.524239" intensity="3.376994e-003" type="0"/>
    <Peak1D F1="4.515020" intensity="2.966726e-003" type="0"/>
    <Peak1D F1="4.507801" intensity="2.885275e-003" type="0"/>
    <Peak1D F1="4.493406" intensity="2.910697e-003" type="0"/>
    <Peak1D F1="4.472786" intensity="1.240360e-003" type="0"/>
    <Peak1D F1="4.460733" intensity="8.482030e-004" type="0"/>
    <Peak1D F1="4.426899" intensity="1.395142e-003" type="0"/>
    <Peak1D F1="4.416641" intensity="2.570813e-003" type="0"/>
    <Peak1D F1="4.406602" intensity="2.679888e-003" type="0"/>
    <Peak1D F1="4.396739" intensity="2.420710e-003" type="0"/>
    <Peak1D F1="4.385244" intensity="2.260776e-003" type="0"/>
    <Peak1D F1="4.046240" intensity="1.203520e-003" type="0"/>
    <Peak1D F1="4.030595" intensity="1.111610e-003" type="0"/>
    <Peak1D F1="3.980136" intensity="1.133443e-003" type="0"/>
    <Peak1D F1="3.948171" intensity="8.479652e-004" type="0"/>
    <Peak1D F1="3.932475" intensity="8.555596e-004" type="0"/>
    <Peak1D F1="3.924115" intensity="1.495170e-003" type="0"/>
    <Peak1D F1="3.896405" intensity="1.148835e-003" type="0"/>
    <Peak1D F1="3.889268" intensity="2.303538e-003" type="0"/>
    <Peak1D F1="3.875018" intensity="1.127528e-002" type="0"/>
    <Peak1D F1="3.865736" intensity="1.311552e-002" type="0"/>
    <Peak1D F1="3.857525" intensity="1.134898e-002" type="0"/>
    <Peak1D F1="3.848052" intensity="1.737065e-002" type="0"/>
    <Peak1D F1="3.839920" intensity="1.863172e-002" type="0"/>
    <Peak1D F1="3.832985" intensity="1.414970e-002" type="0"/>
    <Peak1D F1="3.816091" intensity="1.428364e-002" type="0"/>
    <Peak1D F1="3.808851" intensity="5.916231e-002" type="0"/>
    <Peak1D F1="3.799604" intensity="7.111560e-002" type="0"/>
    <Peak1D F1="3.791486" intensity="5.221963e-002" type="0"/>
    <Peak1D F1="3.755084" intensity="1.883255e-001" type="0"/>
    <Peak1D F1="3.746460" intensity="3.423328e-001" type="0"/>
    <Peak1D F1="3.738725" intensity="2.914729e-001" type="0"/>
    <Peak1D F1="3.730364" intensity="8.407778e-002" type="0"/>
    <Peak1D F1="3.718531" intensity="6.721059e-002" type="0"/>
    <Peak1D F1="3.710691" intensity="3.788355e-001" type="0"/>
    <Peak1D F1="3.702534" intensity="6.230854e-001" type="0"/>
    <Peak1D F1="3.697710" intensity="2.144798e+000" type="0"/>
    <Peak1D F1="3.688354" intensity="2.347985e+000" type="0"/>
    <Peak1D F1="3.680076" intensity="1.849277e+000" type="0"/>
    <Peak1D F1="3.666744" intensity="1.050718e-001" type="0"/>
    <Peak1D F1="3.658998" intensity="1.218095e-001" type="0"/>
    <Peak1D F1="3.652640" intensity="1.001628e-001" type="0"/>
    <Peak1D F1="3.647836" intensity="8.261352e-002" type="0"/>
    <Peak1D F1="3.638457" intensity="3.551188e-002" type="0"/>
    <Peak1D F1="3.630266" intensity="4.162496e-002" type="0"/>
    <Peak1D F1="3.597578" intensity="3.844532e-003" type="0"/>
    <Peak1D F1="3.588434" intensity="2.370233e-003" type="0"/>
    <Peak1D F1="3.563978" intensity="1.955708e-003" type="0"/>
    <Peak1D F1="3.555700" intensity="1.237848e-003" type="0"/>
    <Peak1D F1="3.515557" intensity="1.206066e-002" type="0"/>
    <Peak1D F1="3.506115" intensity="1.333436e-002" type="0"/>
    <Peak1D F1="3.497858" intensity="1.034451e-002" type="0"/>
    <Peak1D F1="3.474722" intensity="2.863678e-003" type="0"/>
    <Peak1D F1="3.468809" intensity="3.348571e-003" type="0"/>
    <Peak1D F1="3.456491" intensity="2.274338e-002" type="0"/>
    <Peak1D F1="3.448680" intensity="3.847484e-002" type="0"/>
    <Peak1D F1="3.442392" intensity="3.602319e-002" type="0"/>
    <Peak1D F1="2.957773" intensity="1.895281e-003" type="0"/>
    <Peak1D F1="2.946566" intensity="3.481344e-003" type="0"/>
    <Peak1D F1="2.940093" intensity="3.247640e-003" type="0"/>
    <Peak1D F1="2.791260" intensity="1.446545e-003" type="0"/>
    <Peak1D F1="2.760956" intensity="3.661459e-003" type="0"/>
    <Peak1D F1="2.635303" intensity="8.709494e-004" type="0"/>
    <Peak1D F1="2.511883" intensity="3.084741e-003" type="0"/>
    <Peak1D F1="2.490192" intensity="3.948093e-003" type="0"/>
    <Peak1D F1="2.434758" intensity="8.692789e-003" type="0"/>
    <Peak1D F1="2.393950" intensity="4.970868e-002" type="0"/>
    <Peak1D F1="2.383397" intensity="7.090271e-002" type="0"/>
    <Peak1D F1="2.361794" intensity="1.072323e-001" type="0"/>
    <Peak1D F1="2.355038" intensity="1.087195e-001" type="0"/>
    <Peak1D F1="2.340744" intensity="1.035168e-001" type="0"/>
    <Peak1D F1="2.333422" intensity="1.232371e-001" type="0"/>
    <Peak1D F1="2.312868" intensity="5.596662e-002" type="0"/>
    <Peak1D F1="2.254353" intensity="9.266570e-002" type="0"/>
    <Peak1D F1="2.245409" intensity="1.043993e-001" type="0"/>
    <Peak1D F1="2.238074" intensity="1.066932e-001" type="0"/>
    <Peak1D F1="2.230718" intensity="9.028575e-002" type="0"/>
    <Peak1D F1="2.228086" intensity="8.713260e-002" type="0"/>
    <Peak1D F1="2.219064" intensity="8.776827e-002" type="0"/>
    <Peak1D F1="2.207417" intensity="1.014368e-001" type="0"/>
    <Peak1D F1="2.203705" intensity="1.036319e-001" type="0"/>
    <Peak1D F1="2.191744" intensity="1.249845e-001" type="0"/>
    <Peak1D F1="2.181866" intensity="1.569378e-001" type="0"/>
    <Peak1D F1="2.144084" intensity="5.023686e-001" type="0"/>
    <Peak1D F1="2.113978" intensity="3.183570e+000" type="0"/>
    <Peak1D F1="2.111802" intensity="3.360638e+000" type="0"/>
    <Peak1D F1="2.104546" intensity="5.851285e+000" type="0"/>
    <Peak1D F1="2.094545" intensity="1.180518e+001" type="0"/>
    <Peak1D F1="2.085292" intensity="1.333572e+001" type="0"/>
    <Peak1D F1="2.076918" intensity="1.309004e+001" type="0"/>
    <Peak1D F1="2.066956" intensity="7.135873e+000" type="0"/>
    <Peak1D F1="2.058901" intensity="4.786012e+000" type="0"/>
    <Peak1D F1="2.045301" intensity="8.274078e-001" type="0"/>
    <Peak1D F1="2.027290" intensity="4.789810e-001" type="0"/>
    <Peak1D F1="2.009152" intensity="1.962015e-001" type="0"/>
    <Peak1D F1="1.964110" intensity="2.653447e-001" type="0"/>
    <Peak1D F1="1.944541" intensity="5.527484e-001" type="0"/>
    <Peak1D F1="1.936416" intensity="7.516060e-001" type="0"/>
    <Peak1D F1="1.929310" intensity="1.168557e+000" type="0"/>
    <Peak1D F1="1.924732" intensity="1.308473e+000" type="0"/>
    <Peak1D F1="1.921463" intensity="1.558731e+000" type="0"/>
    <Peak1D F1="1.914592" intensity="4.731856e+000" type="0"/>
    <Peak1D F1="1.906139" intensity="8.121036e+000" type="0"/>
    <Peak1D F1="1.899778" intensity="9.785352e+000" type="0"/>
    <Peak1D F1="1.895375" intensity="1.313756e+001" type="0"/>
    <Peak1D F1="1.887174" intensity="1.500000e+001" type="0"/>
    <Peak1D F1="1.880224" intensity="1.223245e+001" type="0"/>
    <Peak1D F1="1.876128" intensity="8.190668e+000" type="0"/>
    <Peak1D F1="1.868934" intensity="5.880074e+000" type="0"/>
    <Peak1D F1="1.861754" intensity="3.273774e+000" type="0"/>
    <Peak1D F1="1.846290" intensity="7.675953e-001" type="0"/>
    <Peak1D F1="1.838240" intensity="5.065488e-001" type="0"/>
    <Peak1D F1="1.830526" intensity="3.724621e-001" type="0"/>
    <Peak1D F1="1.811903" intensity="1.418377e-001" type="0"/>
    <Peak1D F1="1.763349" intensity="5.162365e-002" type="0"/>
    <Peak1D F1="1.756087" intensity="5.425279e-002" type="0"/>
    <Peak1D F1="1.744159" intensity="7.371110e-002" type="0"/>
    <Peak1D F1="1.735900" intensity="8.791649e-002" type="0"/>
    <Peak1D F1="1.728376" intensity="1.076023e-001" type="0"/>
    <Peak1D F1="1.720335" intensity="1.182871e-001" type="0"/>
    <Peak1D F1="1.708920" intensity="1.316519e-001" type="0"/>
    <Peak1D F1="1.701383" intensity="1.326546e-001" type="0"/>
    <Peak1D F1="1.684069" intensity="1.576437e-001" type="0"/>
    <Peak1D F1="1.671065" intensity="1.082184e-001" type="0"/>
    <Peak1D F1="1.666244" intensity="1.116689e-001" type="0"/>
    <Peak1D F1="1.651873" intensity="8.025959e-002" type="0"/>
    <Peak1D F1="1.636492" intensity="4.885133e-002" type="0"/>
    <Peak1D F1="1.630790" intensity="4.215791e-002" type="0"/>
    <Peak1D F1="1.623936" intensity="3.691708e-002" type="0"/>
    <Peak1D F1="1.615567" intensity="3.053908e-002" type="0"/>
    <Peak1D F1="1.609331" intensity="2.724747e-002" type="0"/>
    <Peak1D F1="1.556411" intensity="2.231840e-002" type="0"/>
    <Peak1D F1="1.540975" intensity="3.677177e-002" type="0"/>
    <Peak1D F1="1.534963" intensity="3.618628e-002" type="0"/>
    <Peak1D F1="1.527590" intensity="3.691570e-002" type="0"/>
    <Peak1D F1="1.517671" intensity="5.860499e-002" type="0"/>
    <Peak1D F1="1.501043" intensity="5.528948e-002" type="0"/>
    <Peak1D F1="1.494418" intensity="5.308679e-002" type="0"/>
    <Peak1D F1="1.486034" intensity="5.001342e-002" type="0"/>
    <Peak1D F1="1.467788" intensity="4.795517e-002" type="0"/>
    <Peak1D F1="1.452603" intensity="1.776947e-002" type="0"/>
    <Peak1D F1="1.436281" intensity="1.537130e-002" type="0"/>
    <Peak1D F1="1.369409" intensity="7.406812e-003" type="0"/>
    <Peak1D F1="1.338609" intensity="7.268603e-003" type="0"/>
    <Peak1D F1="1.325472" intensity="7.634528e-003" type="0"/>
    <Peak1D F1="1.307920" intensity="8.618851e-003" type="0"/>
    <Peak1D F1="1.288943" intensity="8.718200e-003" type="0"/>
    <Peak1D F1="1.224627" intensity="1.761061e-002" type="0"/>
    <Peak1D F1="1.179437" intensity="2.697884e-002" type="0"/>
    <Peak1D F1="1.175500" intensity="2.749220e-002" type="0"/>
    <Peak1D F1="1.167622" intensity="2.039090e-002" type="0"/>
    <Peak1D F1="1.160073" intensity="1.367857e-002" type="0"/>
    <Peak1D F1="1.151717" intensity="1.163347e-002" type="0"/>
    <Peak1D F1="1.047764" intensity="4.311688e-003" type="0"/>
    <Peak1D F1="1.038676" intensity="4.621676e-003" type="0"/>
    <Peak1D F1="1.030744" intensity="5.725586e-003" type="0"/>
    <Peak1D F1="1.021443" intensity="4.486997e-003" type="0"/>
    <Peak1D F1="1.013697" intensity="4.442924e-003" type="0"/>
    <Peak1D F1="0.961320" intensity="2.357766e-003" type="0"/>
    <Peak1D F1="0.927170" intensity="2.041703e-003" type="0"/>
    <Peak1D F1="0.898614" intensity="1.869388e-003" type="0"/>
    <Peak1D F1="0.809117" intensity="7.819300e-003" type="0"/>
    <Peak1D F1="0.800258" intensity="7.559359e-003" type="0"/>
    <Peak1D F1="0.793214" intensity="7.249951e-003" type="0"/>
    <Peak1D F1="0.684968" intensity="1.372465e-003" type="0"/>
    <Peak1D F1="0.651158" intensity="1.242611e-003" type="0"/>
    <Peak1D F1="0.631520" intensity="1.332610e-003" type="0"/>
    <Peak1D F1="0.625361" intensity="1.256124e-003" type="0"/>
    <Peak1D F1="0.556975" intensity="1.225999e-003" type="0"/>
    <Peak1D F1="0.545794" intensity="1.177660e-003" type="0"/>
    <Peak1D F1="0.431143" intensity="8.295424e-004" type="0"/>
    <Peak1D F1="0.340067" intensity="8.450617e-004" type="0"/>
    <Peak1D F1="0.007362" intensity="2.850505e-002" type="0"/>
    <Peak1D F1="-0.000149" intensity="3.513929e-002" type="0"/>
    <Peak1D F1="-0.005978" intensity="2.669274e-002" type="0"/>
    <Peak1D F1="-2.600519" intensity="8.249831e-004" type="0"/>
    <Peak1D F1="-3.468904" intensity="9.518764e-004" type="0"/>
  </PeakList1D>
</PeakList>
