<?xml version="1.0" encoding="UTF-8"?>
<PeakList>
  <PeakList1D>
    <PeakList1DHeader creator="nmr" date="2021-08-02T15:16:16.045+03:00" expNo="20" name="ID-420-D" owner="" procNo="1" source="//132.72.8.180/400b/Milo/Milo">
      <PeakPickDetails>F1=16.099220ppm, F2=-3.929825ppm, MI=0.00cm, MAXI=10000.00cm, PC=1.000
      </PeakPickDetails>
    </PeakList1DHeader>
    <Peak1D F1="15.436699" intensity="9.559648e-003" type="0"/>
    <Peak1D F1="14.558735" intensity="9.214838e-003" type="0"/>
    <Peak1D F1="13.780979" intensity="8.919062e-003" type="0"/>
    <Peak1D F1="12.857225" intensity="9.355634e-003" type="0"/>
    <Peak1D F1="12.716187" intensity="1.125760e-002" type="0"/>
    <Peak1D F1="10.954764" intensity="9.956060e-003" type="0"/>
    <Peak1D F1="10.618547" intensity="9.202085e-003" type="0"/>
    <Peak1D F1="10.094730" intensity="6.083719e-002" type="0"/>
    <Peak1D F1="9.896000" intensity="9.540596e-003" type="0"/>
    <Peak1D F1="8.343167" intensity="4.363195e-002" type="0"/>
    <Peak1D F1="8.321371" intensity="5.379343e-002" type="0"/>
    <Peak1D F1="8.245936" intensity="2.198132e-002" type="0"/>
    <Peak1D F1="8.223789" intensity="4.336015e-002" type="0"/>
    <Peak1D F1="8.209845" intensity="1.028312e-001" type="0"/>
    <Peak1D F1="8.187708" intensity="1.101622e-001" type="0"/>
    <Peak1D F1="8.165816" intensity="3.193915e-001" type="0"/>
    <Peak1D F1="8.160098" intensity="2.337571e+000" type="0"/>
    <Peak1D F1="8.155324" intensity="9.367840e-001" type="0"/>
    <Peak1D F1="8.142863" intensity="8.417318e-001" type="0"/>
    <Peak1D F1="8.138218" intensity="2.515208e+000" type="0"/>
    <Peak1D F1="8.132772" intensity="5.130537e-001" type="0"/>
    <Peak1D F1="8.120957" intensity="7.237139e-002" type="0"/>
    <Peak1D F1="8.110030" intensity="5.173234e-002" type="0"/>
    <Peak1D F1="8.088066" intensity="4.069861e-002" type="0"/>
    <Peak1D F1="8.065215" intensity="1.170376e-002" type="0"/>
    <Peak1D F1="8.043186" intensity="1.166033e-002" type="0"/>
    <Peak1D F1="8.020894" intensity="5.449590e-002" type="0"/>
    <Peak1D F1="7.999405" intensity="4.772952e-002" type="0"/>
    <Peak1D F1="7.943324" intensity="6.930332e-002" type="0"/>
    <Peak1D F1="7.925061" intensity="7.202568e-002" type="0"/>
    <Peak1D F1="7.815890" intensity="4.592845e-002" type="0"/>
    <Peak1D F1="7.810339" intensity="4.262205e-002" type="0"/>
    <Peak1D F1="7.794497" intensity="4.739292e-002" type="0"/>
    <Peak1D F1="7.787983" intensity="4.244038e-002" type="0"/>
    <Peak1D F1="7.681683" intensity="1.431147e-002" type="0"/>
    <Peak1D F1="7.662802" intensity="1.399069e-002" type="0"/>
    <Peak1D F1="7.627667" intensity="1.452153e-002" type="0"/>
    <Peak1D F1="7.609499" intensity="3.115351e-002" type="0"/>
    <Peak1D F1="7.585892" intensity="3.107858e-002" type="0"/>
    <Peak1D F1="7.559248" intensity="2.918146e-002" type="0"/>
    <Peak1D F1="7.543493" intensity="4.688330e-002" type="0"/>
    <Peak1D F1="7.530920" intensity="4.960687e-002" type="0"/>
    <Peak1D F1="7.518805" intensity="6.735846e-002" type="0"/>
    <Peak1D F1="7.513042" intensity="6.185047e-002" type="0"/>
    <Peak1D F1="7.481165" intensity="2.281276e+000" type="0"/>
    <Peak1D F1="7.476478" intensity="7.654704e-001" type="0"/>
    <Peak1D F1="7.459226" intensity="2.261298e+000" type="0"/>
    <Peak1D F1="7.453390" intensity="4.442826e-001" type="0"/>
    <Peak1D F1="7.441135" intensity="2.387508e-001" type="0"/>
    <Peak1D F1="7.425655" intensity="6.095890e-002" type="0"/>
    <Peak1D F1="7.410897" intensity="7.511539e-002" type="0"/>
    <Peak1D F1="7.388809" intensity="5.715348e-002" type="0"/>
    <Peak1D F1="7.368967" intensity="4.691810e-002" type="0"/>
    <Peak1D F1="7.332631" intensity="6.091712e-002" type="0"/>
    <Peak1D F1="7.319131" intensity="5.398142e-002" type="0"/>
    <Peak1D F1="7.313005" intensity="7.334023e-002" type="0"/>
    <Peak1D F1="7.299457" intensity="5.824291e-002" type="0"/>
    <Peak1D F1="7.293972" intensity="5.577818e-002" type="0"/>
    <Peak1D F1="7.280588" intensity="4.692000e-002" type="0"/>
    <Peak1D F1="7.262519" intensity="4.570732e-002" type="0"/>
    <Peak1D F1="7.255058" intensity="4.967841e-002" type="0"/>
    <Peak1D F1="7.244082" intensity="2.960922e-001" type="0"/>
    <Peak1D F1="7.233654" intensity="6.172650e-002" type="0"/>
    <Peak1D F1="7.217974" intensity="6.814080e-002" type="0"/>
    <Peak1D F1="7.194311" intensity="1.731393e+001" type="0"/>
    <Peak1D F1="7.144398" intensity="2.610931e-001" type="0"/>
    <Peak1D F1="7.118277" intensity="2.952299e-002" type="0"/>
    <Peak1D F1="7.111955" intensity="3.933419e-002" type="0"/>
    <Peak1D F1="7.106464" intensity="4.220737e-002" type="0"/>
    <Peak1D F1="7.090152" intensity="5.590516e-002" type="0"/>
    <Peak1D F1="7.068252" intensity="2.666105e-002" type="0"/>
    <Peak1D F1="7.062984" intensity="2.481410e-002" type="0"/>
    <Peak1D F1="7.028267" intensity="9.280385e-003" type="0"/>
    <Peak1D F1="6.993146" intensity="9.056645e-003" type="0"/>
    <Peak1D F1="6.930260" intensity="9.383720e-002" type="0"/>
    <Peak1D F1="6.313829" intensity="1.353955e-002" type="0"/>
    <Peak1D F1="6.118195" intensity="1.408416e-001" type="0"/>
    <Peak1D F1="6.068662" intensity="4.848786e-002" type="0"/>
    <Peak1D F1="6.018873" intensity="2.900592e+000" type="0"/>
    <Peak1D F1="6.003072" intensity="1.992198e-002" type="0"/>
    <Peak1D F1="5.969285" intensity="4.169838e-002" type="0"/>
    <Peak1D F1="5.910229" intensity="2.280463e-002" type="0"/>
    <Peak1D F1="5.896932" intensity="1.917049e-002" type="0"/>
    <Peak1D F1="5.817703" intensity="1.145083e-002" type="0"/>
    <Peak1D F1="5.569670" intensity="1.024329e-002" type="0"/>
    <Peak1D F1="5.474146" intensity="9.957352e-003" type="0"/>
    <Peak1D F1="5.385805" intensity="2.930408e-002" type="0"/>
    <Peak1D F1="5.371881" intensity="1.123683e-002" type="0"/>
    <Peak1D F1="5.358373" intensity="8.263343e-002" type="0"/>
    <Peak1D F1="5.350541" intensity="8.144569e-002" type="0"/>
    <Peak1D F1="5.003738" intensity="1.007688e-002" type="0"/>
    <Peak1D F1="4.968624" intensity="1.418729e-002" type="0"/>
    <Peak1D F1="4.946280" intensity="1.239714e-002" type="0"/>
    <Peak1D F1="4.917697" intensity="1.044683e-002" type="0"/>
    <Peak1D F1="4.868094" intensity="1.641441e-002" type="0"/>
    <Peak1D F1="4.840933" intensity="4.182918e-002" type="0"/>
    <Peak1D F1="4.817768" intensity="3.851860e-002" type="0"/>
    <Peak1D F1="4.790139" intensity="1.216788e+000" type="0"/>
    <Peak1D F1="4.767274" intensity="1.243505e+000" type="0"/>
    <Peak1D F1="4.740411" intensity="5.437895e-002" type="0"/>
    <Peak1D F1="4.717539" intensity="5.726686e-002" type="0"/>
    <Peak1D F1="4.702825" intensity="4.380176e-002" type="0"/>
    <Peak1D F1="4.691626" intensity="5.048794e-002" type="0"/>
    <Peak1D F1="4.657346" intensity="4.963258e-002" type="0"/>
    <Peak1D F1="4.643414" intensity="4.631297e-002" type="0"/>
    <Peak1D F1="4.606019" intensity="4.768510e-002" type="0"/>
    <Peak1D F1="4.591589" intensity="3.573247e-002" type="0"/>
    <Peak1D F1="4.583692" intensity="3.552688e-002" type="0"/>
    <Peak1D F1="4.530198" intensity="2.328387e-002" type="0"/>
    <Peak1D F1="4.460874" intensity="1.327402e-002" type="0"/>
    <Peak1D F1="4.445268" intensity="1.469946e-002" type="0"/>
    <Peak1D F1="4.400605" intensity="1.120611e-002" type="0"/>
    <Peak1D F1="4.380109" intensity="1.294309e-002" type="0"/>
    <Peak1D F1="4.356790" intensity="1.025049e-002" type="0"/>
    <Peak1D F1="4.298318" intensity="9.021378e-003" type="0"/>
    <Peak1D F1="3.979852" intensity="9.958688e-003" type="0"/>
    <Peak1D F1="3.953182" intensity="1.042983e-002" type="0"/>
    <Peak1D F1="3.878869" intensity="4.976210e-002" type="0"/>
    <Peak1D F1="3.844938" intensity="1.252201e-001" type="0"/>
    <Peak1D F1="3.823699" intensity="8.160992e-002" type="0"/>
    <Peak1D F1="3.812205" intensity="4.480495e-001" type="0"/>
    <Peak1D F1="3.751327" intensity="1.504717e-001" type="0"/>
    <Peak1D F1="3.745897" intensity="2.437926e-001" type="0"/>
    <Peak1D F1="3.701504" intensity="8.878783e+000" type="0"/>
    <Peak1D F1="3.651596" intensity="1.319859e-001" type="0"/>
    <Peak1D F1="3.603404" intensity="1.053115e-002" type="0"/>
    <Peak1D F1="3.519289" intensity="4.833692e-002" type="0"/>
    <Peak1D F1="3.419639" intensity="1.217909e-002" type="0"/>
    <Peak1D F1="2.942246" intensity="1.377121e-002" type="0"/>
    <Peak1D F1="2.787433" intensity="8.956400e-003" type="0"/>
    <Peak1D F1="2.759323" intensity="1.298076e-002" type="0"/>
    <Peak1D F1="2.739437" intensity="1.143120e-002" type="0"/>
    <Peak1D F1="2.479087" intensity="1.290756e-002" type="0"/>
    <Peak1D F1="2.438799" intensity="1.868053e-001" type="0"/>
    <Peak1D F1="2.434545" intensity="2.279361e-001" type="0"/>
    <Peak1D F1="2.417728" intensity="2.304400e-001" type="0"/>
    <Peak1D F1="2.413349" intensity="2.271405e-001" type="0"/>
    <Peak1D F1="2.389787" intensity="3.347536e-001" type="0"/>
    <Peak1D F1="2.386133" intensity="3.053053e-001" type="0"/>
    <Peak1D F1="2.381158" intensity="2.289408e-001" type="0"/>
    <Peak1D F1="2.365109" intensity="3.831599e-001" type="0"/>
    <Peak1D F1="2.350040" intensity="2.217163e-001" type="0"/>
    <Peak1D F1="2.327282" intensity="4.026000e-001" type="0"/>
    <Peak1D F1="2.319922" intensity="2.487801e-001" type="0"/>
    <Peak1D F1="2.316539" intensity="2.216017e-001" type="0"/>
    <Peak1D F1="2.307225" intensity="3.056134e-001" type="0"/>
    <Peak1D F1="2.297214" intensity="3.802101e-001" type="0"/>
    <Peak1D F1="2.277127" intensity="2.426947e-001" type="0"/>
    <Peak1D F1="2.253822" intensity="4.197556e-001" type="0"/>
    <Peak1D F1="2.231685" intensity="4.641850e-001" type="0"/>
    <Peak1D F1="2.227632" intensity="4.613555e-001" type="0"/>
    <Peak1D F1="2.213756" intensity="1.000325e-001" type="0"/>
    <Peak1D F1="2.205013" intensity="6.065602e-001" type="0"/>
    <Peak1D F1="2.197543" intensity="1.016092e-001" type="0"/>
    <Peak1D F1="2.183468" intensity="3.283925e-001" type="0"/>
    <Peak1D F1="2.178734" intensity="3.356488e-001" type="0"/>
    <Peak1D F1="2.166587" intensity="1.447586e-001" type="0"/>
    <Peak1D F1="2.156451" intensity="4.278494e-001" type="0"/>
    <Peak1D F1="2.147641" intensity="3.501551e-001" type="0"/>
    <Peak1D F1="2.117422" intensity="4.408797e+000" type="0"/>
    <Peak1D F1="2.097812" intensity="1.426336e+001" type="0"/>
    <Peak1D F1="2.086132" intensity="3.720480e+000" type="0"/>
    <Peak1D F1="2.078967" intensity="7.202405e+000" type="0"/>
    <Peak1D F1="2.071755" intensity="1.063746e+000" type="0"/>
    <Peak1D F1="2.063024" intensity="4.171339e-001" type="0"/>
    <Peak1D F1="2.057519" intensity="3.609350e-001" type="0"/>
    <Peak1D F1="2.053628" intensity="3.641247e-001" type="0"/>
    <Peak1D F1="2.048230" intensity="3.910261e-001" type="0"/>
    <Peak1D F1="2.029398" intensity="1.766392e-001" type="0"/>
    <Peak1D F1="1.987776" intensity="2.368905e-001" type="0"/>
    <Peak1D F1="1.971645" intensity="2.601651e-001" type="0"/>
    <Peak1D F1="1.966184" intensity="3.386461e-001" type="0"/>
    <Peak1D F1="1.960581" intensity="4.636367e-001" type="0"/>
    <Peak1D F1="1.955839" intensity="4.144643e-001" type="0"/>
    <Peak1D F1="1.950776" intensity="4.474162e-001" type="0"/>
    <Peak1D F1="1.942683" intensity="6.356177e-001" type="0"/>
    <Peak1D F1="1.933425" intensity="8.162142e-001" type="0"/>
    <Peak1D F1="1.926293" intensity="8.636014e-001" type="0"/>
    <Peak1D F1="1.921566" intensity="9.202829e-001" type="0"/>
    <Peak1D F1="1.911497" intensity="7.162877e+000" type="0"/>
    <Peak1D F1="1.900325" intensity="5.868704e+000" type="0"/>
    <Peak1D F1="1.891812" intensity="1.500000e+001" type="0"/>
    <Peak1D F1="1.883110" intensity="5.181798e+000" type="0"/>
    <Peak1D F1="1.881150" intensity="5.342560e+000" type="0"/>
    <Peak1D F1="1.872435" intensity="4.681938e+000" type="0"/>
    <Peak1D F1="1.860524" intensity="5.871195e-001" type="0"/>
    <Peak1D F1="1.850292" intensity="3.537256e-001" type="0"/>
    <Peak1D F1="1.842236" intensity="3.373801e-001" type="0"/>
    <Peak1D F1="1.834031" intensity="1.654584e-001" type="0"/>
    <Peak1D F1="1.822761" intensity="1.328546e-001" type="0"/>
    <Peak1D F1="1.761256" intensity="6.754181e-002" type="0"/>
    <Peak1D F1="1.745801" intensity="1.510477e-001" type="0"/>
    <Peak1D F1="1.730068" intensity="1.921000e-001" type="0"/>
    <Peak1D F1="1.724643" intensity="2.123754e-001" type="0"/>
    <Peak1D F1="1.717641" intensity="2.172397e-001" type="0"/>
    <Peak1D F1="1.708854" intensity="2.323579e-001" type="0"/>
    <Peak1D F1="1.701940" intensity="3.596400e-001" type="0"/>
    <Peak1D F1="1.697800" intensity="2.968404e-001" type="0"/>
    <Peak1D F1="1.687444" intensity="2.567727e-001" type="0"/>
    <Peak1D F1="1.681107" intensity="8.236371e-001" type="0"/>
    <Peak1D F1="1.671524" intensity="4.689720e-001" type="0"/>
    <Peak1D F1="1.657282" intensity="6.847463e-001" type="0"/>
    <Peak1D F1="1.640484" intensity="3.855052e-001" type="0"/>
    <Peak1D F1="1.636225" intensity="4.519690e-001" type="0"/>
    <Peak1D F1="1.624435" intensity="1.762089e-001" type="0"/>
    <Peak1D F1="1.620090" intensity="2.293053e-001" type="0"/>
    <Peak1D F1="1.582914" intensity="5.674183e-002" type="0"/>
    <Peak1D F1="1.535171" intensity="2.087523e-001" type="0"/>
    <Peak1D F1="1.519338" intensity="1.525301e-001" type="0"/>
    <Peak1D F1="1.512729" intensity="1.754794e-001" type="0"/>
    <Peak1D F1="1.500707" intensity="3.574201e-001" type="0"/>
    <Peak1D F1="1.483378" intensity="4.613862e-001" type="0"/>
    <Peak1D F1="1.470565" intensity="3.120311e-001" type="0"/>
    <Peak1D F1="1.453835" intensity="3.161739e-001" type="0"/>
    <Peak1D F1="1.441006" intensity="8.393756e-002" type="0"/>
    <Peak1D F1="1.435976" intensity="9.601381e-002" type="0"/>
    <Peak1D F1="1.423707" intensity="1.120106e-001" type="0"/>
    <Peak1D F1="1.374389" intensity="2.361667e-002" type="0"/>
    <Peak1D F1="1.355369" intensity="2.207894e-002" type="0"/>
    <Peak1D F1="1.343225" intensity="2.300850e-002" type="0"/>
    <Peak1D F1="1.263723" intensity="3.741235e-002" type="0"/>
    <Peak1D F1="1.206953" intensity="5.722443e-002" type="0"/>
    <Peak1D F1="1.184453" intensity="1.460653e-001" type="0"/>
    <Peak1D F1="1.157438" intensity="1.788355e-002" type="0"/>
    <Peak1D F1="1.135369" intensity="1.535220e-002" type="0"/>
    <Peak1D F1="1.108682" intensity="1.350768e-002" type="0"/>
    <Peak1D F1="1.050123" intensity="1.161971e-002" type="0"/>
    <Peak1D F1="1.019510" intensity="1.052881e-002" type="0"/>
    <Peak1D F1="1.010366" intensity="1.168295e-002" type="0"/>
    <Peak1D F1="0.996229" intensity="1.065921e-002" type="0"/>
    <Peak1D F1="0.932008" intensity="1.087816e-002" type="0"/>
    <Peak1D F1="0.853625" intensity="1.140090e-002" type="0"/>
    <Peak1D F1="0.839702" intensity="1.107221e-002" type="0"/>
    <Peak1D F1="0.827497" intensity="2.449891e-002" type="0"/>
    <Peak1D F1="0.810435" intensity="4.696293e-002" type="0"/>
    <Peak1D F1="0.793126" intensity="2.279809e-002" type="0"/>
    <Peak1D F1="0.776430" intensity="1.988465e-002" type="0"/>
    <Peak1D F1="0.758763" intensity="2.068443e-002" type="0"/>
    <Peak1D F1="0.718818" intensity="8.983385e-003" type="0"/>
    <Peak1D F1="0.577803" intensity="8.773347e-003" type="0"/>
    <Peak1D F1="0.097664" intensity="9.412350e-003" type="0"/>
    <Peak1D F1="0.049483" intensity="1.156069e-002" type="0"/>
    <Peak1D F1="-0.000157" intensity="4.026129e-001" type="0"/>
    <Peak1D F1="-0.049038" intensity="9.264855e-003" type="0"/>
    <Peak1D F1="-3.435160" intensity="8.701039e-003" type="0"/>
    <Peak1D F1="-3.543420" intensity="9.588616e-003" type="0"/>
    <Peak1D F1="-3.574417" intensity="1.033875e-002" type="0"/>
    <Peak1D F1="-3.615273" intensity="9.419195e-003" type="0"/>
    <Peak1D F1="-3.678265" intensity="1.045709e-002" type="0"/>
  </PeakList1D>
</PeakList>
