<?xml version="1.0" encoding="UTF-8"?>
<PeakList>
  <PeakList1D>
    <PeakList1DHeader creator="nmr" date="2021-08-06T16:20:28.641+03:00" expNo="10" name="ID_422_I" owner="" procNo="1" source="//132.72.8.180/400b/Milo/Milo">
      <PeakPickDetails>F1=16.182400ppm, F2=-3.846647ppm, MI=0.00cm, MAXI=10000.00cm, PC=1.000
      </PeakPickDetails>
    </PeakList1DHeader>
    <Peak1D F1="13.071765" intensity="7.648364e-004" type="0"/>
    <Peak1D F1="13.049006" intensity="6.545956e-004" type="0"/>
    <Peak1D F1="13.016125" intensity="6.313595e-004" type="0"/>
    <Peak1D F1="12.749181" intensity="6.073990e-004" type="0"/>
    <Peak1D F1="12.476805" intensity="7.484999e-004" type="0"/>
    <Peak1D F1="12.301398" intensity="6.443494e-004" type="0"/>
    <Peak1D F1="12.283768" intensity="6.203284e-004" type="0"/>
    <Peak1D F1="12.172735" intensity="6.221797e-004" type="0"/>
    <Peak1D F1="12.125301" intensity="6.488645e-004" type="0"/>
    <Peak1D F1="12.013370" intensity="6.794051e-004" type="0"/>
    <Peak1D F1="11.674725" intensity="5.938452e-004" type="0"/>
    <Peak1D F1="10.296898" intensity="2.655281e-003" type="0"/>
    <Peak1D F1="10.198320" intensity="8.966979e-004" type="0"/>
    <Peak1D F1="10.125705" intensity="8.784083e-003" type="0"/>
    <Peak1D F1="10.105864" intensity="7.821334e-003" type="0"/>
    <Peak1D F1="10.075399" intensity="4.719658e-001" type="0"/>
    <Peak1D F1="10.052483" intensity="1.347493e-003" type="0"/>
    <Peak1D F1="10.043157" intensity="2.776401e-003" type="0"/>
    <Peak1D F1="10.025566" intensity="6.299699e-003" type="0"/>
    <Peak1D F1="9.848138" intensity="2.168864e-003" type="0"/>
    <Peak1D F1="8.551307" intensity="1.083182e-003" type="0"/>
    <Peak1D F1="8.527717" intensity="2.335716e-003" type="0"/>
    <Peak1D F1="8.521539" intensity="2.496129e-003" type="0"/>
    <Peak1D F1="8.504977" intensity="2.885876e-003" type="0"/>
    <Peak1D F1="8.362346" intensity="1.403465e-002" type="0"/>
    <Peak1D F1="8.341496" intensity="1.877674e-002" type="0"/>
    <Peak1D F1="8.312795" intensity="3.319826e-001" type="0"/>
    <Peak1D F1="8.290984" intensity="3.828907e-001" type="0"/>
    <Peak1D F1="8.262699" intensity="1.605969e-002" type="0"/>
    <Peak1D F1="8.240995" intensity="1.972558e-002" type="0"/>
    <Peak1D F1="8.222298" intensity="2.053139e-002" type="0"/>
    <Peak1D F1="8.213135" intensity="2.468935e-002" type="0"/>
    <Peak1D F1="8.195057" intensity="5.324493e-002" type="0"/>
    <Peak1D F1="8.182484" intensity="7.143304e-002" type="0"/>
    <Peak1D F1="8.178734" intensity="6.872983e-002" type="0"/>
    <Peak1D F1="8.173244" intensity="7.472277e-002" type="0"/>
    <Peak1D F1="8.161015" intensity="1.010631e-001" type="0"/>
    <Peak1D F1="8.141902" intensity="9.965110e-002" type="0"/>
    <Peak1D F1="8.119382" intensity="5.586115e-001" type="0"/>
    <Peak1D F1="8.113623" intensity="1.684756e+000" type="0"/>
    <Peak1D F1="8.104865" intensity="5.923182e-001" type="0"/>
    <Peak1D F1="8.096761" intensity="8.893334e-001" type="0"/>
    <Peak1D F1="8.091788" intensity="1.708940e+000" type="0"/>
    <Peak1D F1="8.083162" intensity="4.894125e-001" type="0"/>
    <Peak1D F1="8.077682" intensity="1.832609e-001" type="0"/>
    <Peak1D F1="8.064018" intensity="4.685236e-002" type="0"/>
    <Peak1D F1="8.047543" intensity="4.358989e-002" type="0"/>
    <Peak1D F1="8.042554" intensity="4.345370e-002" type="0"/>
    <Peak1D F1="8.024542" intensity="8.934382e-002" type="0"/>
    <Peak1D F1="8.019406" intensity="4.212811e-001" type="0"/>
    <Peak1D F1="8.015094" intensity="1.420000e-001" type="0"/>
    <Peak1D F1="8.002214" intensity="1.297403e-001" type="0"/>
    <Peak1D F1="7.997875" intensity="3.376980e-001" type="0"/>
    <Peak1D F1="7.986053" intensity="1.577817e-002" type="0"/>
    <Peak1D F1="7.969247" intensity="1.047329e-002" type="0"/>
    <Peak1D F1="7.963911" intensity="1.165012e-002" type="0"/>
    <Peak1D F1="7.948335" intensity="6.478163e-003" type="0"/>
    <Peak1D F1="7.903625" intensity="8.389732e-003" type="0"/>
    <Peak1D F1="7.899317" intensity="8.464026e-003" type="0"/>
    <Peak1D F1="7.883155" intensity="9.892652e-003" type="0"/>
    <Peak1D F1="7.876073" intensity="9.831227e-003" type="0"/>
    <Peak1D F1="7.868379" intensity="5.489884e-003" type="0"/>
    <Peak1D F1="7.840023" intensity="1.402481e-002" type="0"/>
    <Peak1D F1="7.821885" intensity="1.878543e-002" type="0"/>
    <Peak1D F1="7.804395" intensity="2.486006e-002" type="0"/>
    <Peak1D F1="7.799671" intensity="2.470959e-002" type="0"/>
    <Peak1D F1="7.785802" intensity="3.229893e-002" type="0"/>
    <Peak1D F1="7.781893" intensity="3.196137e-002" type="0"/>
    <Peak1D F1="7.768619" intensity="2.402176e-002" type="0"/>
    <Peak1D F1="7.764287" intensity="2.421813e-002" type="0"/>
    <Peak1D F1="7.750800" intensity="3.610216e-002" type="0"/>
    <Peak1D F1="7.746706" intensity="3.754148e-002" type="0"/>
    <Peak1D F1="7.732583" intensity="6.005182e-002" type="0"/>
    <Peak1D F1="7.729307" intensity="6.095424e-002" type="0"/>
    <Peak1D F1="7.715775" intensity="4.358320e-002" type="0"/>
    <Peak1D F1="7.711418" intensity="3.937624e-002" type="0"/>
    <Peak1D F1="7.703926" intensity="2.454211e-002" type="0"/>
    <Peak1D F1="7.685867" intensity="2.014823e-002" type="0"/>
    <Peak1D F1="7.681209" intensity="2.333945e-002" type="0"/>
    <Peak1D F1="7.655931" intensity="3.261216e-002" type="0"/>
    <Peak1D F1="7.643028" intensity="5.543230e-002" type="0"/>
    <Peak1D F1="7.622178" intensity="4.820598e-002" type="0"/>
    <Peak1D F1="7.614828" intensity="4.079660e-002" type="0"/>
    <Peak1D F1="7.592460" intensity="4.137256e-002" type="0"/>
    <Peak1D F1="7.582608" intensity="4.949284e-002" type="0"/>
    <Peak1D F1="7.560502" intensity="5.789524e-002" type="0"/>
    <Peak1D F1="7.536007" intensity="1.250989e-001" type="0"/>
    <Peak1D F1="7.519824" intensity="1.490014e-001" type="0"/>
    <Peak1D F1="7.509307" intensity="2.398687e-001" type="0"/>
    <Peak1D F1="7.503436" intensity="1.790700e-001" type="0"/>
    <Peak1D F1="7.493235" intensity="2.824958e-001" type="0"/>
    <Peak1D F1="7.487398" intensity="3.090846e-001" type="0"/>
    <Peak1D F1="7.474552" intensity="1.838887e+000" type="0"/>
    <Peak1D F1="7.452573" intensity="1.617305e+000" type="0"/>
    <Peak1D F1="7.431225" intensity="6.217633e-002" type="0"/>
    <Peak1D F1="7.424649" intensity="7.101625e-002" type="0"/>
    <Peak1D F1="7.418176" intensity="7.011990e-002" type="0"/>
    <Peak1D F1="7.407217" intensity="6.800091e-002" type="0"/>
    <Peak1D F1="7.402975" intensity="7.334366e-002" type="0"/>
    <Peak1D F1="7.392723" intensity="5.545319e-002" type="0"/>
    <Peak1D F1="7.387284" intensity="6.668939e-002" type="0"/>
    <Peak1D F1="7.374999" intensity="7.572184e-002" type="0"/>
    <Peak1D F1="7.369397" intensity="7.946898e-002" type="0"/>
    <Peak1D F1="7.360127" intensity="8.383175e-002" type="0"/>
    <Peak1D F1="7.354708" intensity="1.041933e-001" type="0"/>
    <Peak1D F1="7.349891" intensity="9.902105e-002" type="0"/>
    <Peak1D F1="7.335654" intensity="1.283489e-001" type="0"/>
    <Peak1D F1="7.325881" intensity="2.494623e-001" type="0"/>
    <Peak1D F1="7.315707" intensity="1.208038e-001" type="0"/>
    <Peak1D F1="7.305058" intensity="1.400840e-001" type="0"/>
    <Peak1D F1="7.275763" intensity="1.153706e+001" type="0"/>
    <Peak1D F1="7.255402" intensity="4.840189e-002" type="0"/>
    <Peak1D F1="7.251274" intensity="4.368863e-002" type="0"/>
    <Peak1D F1="7.243426" intensity="2.914476e-002" type="0"/>
    <Peak1D F1="7.234217" intensity="4.032544e-002" type="0"/>
    <Peak1D F1="7.225584" intensity="1.684381e-001" type="0"/>
    <Peak1D F1="7.208853" intensity="6.285837e-003" type="0"/>
    <Peak1D F1="7.199827" intensity="4.392586e-003" type="0"/>
    <Peak1D F1="7.195903" intensity="4.397685e-003" type="0"/>
    <Peak1D F1="7.181468" intensity="5.690789e-003" type="0"/>
    <Peak1D F1="7.151066" intensity="3.300763e-002" type="0"/>
    <Peak1D F1="7.132920" intensity="6.275042e-002" type="0"/>
    <Peak1D F1="7.114845" intensity="4.826361e-002" type="0"/>
    <Peak1D F1="7.104022" intensity="6.477805e-002" type="0"/>
    <Peak1D F1="7.085531" intensity="9.660228e-002" type="0"/>
    <Peak1D F1="7.066960" intensity="5.109104e-002" type="0"/>
    <Peak1D F1="7.061343" intensity="4.492504e-002" type="0"/>
    <Peak1D F1="7.042558" intensity="1.922723e-002" type="0"/>
    <Peak1D F1="7.024853" intensity="1.113049e-002" type="0"/>
    <Peak1D F1="7.010289" intensity="7.369807e-002" type="0"/>
    <Peak1D F1="7.003406" intensity="2.154519e-002" type="0"/>
    <Peak1D F1="6.980454" intensity="2.218610e-002" type="0"/>
    <Peak1D F1="6.972083" intensity="2.714841e-002" type="0"/>
    <Peak1D F1="6.958560" intensity="6.271635e-002" type="0"/>
    <Peak1D F1="6.951926" intensity="3.477202e-002" type="0"/>
    <Peak1D F1="6.937681" intensity="7.782081e-002" type="0"/>
    <Peak1D F1="6.912160" intensity="6.143572e-002" type="0"/>
    <Peak1D F1="6.892907" intensity="1.687280e-002" type="0"/>
    <Peak1D F1="6.331985" intensity="1.227681e-002" type="0"/>
    <Peak1D F1="6.307203" intensity="1.275454e-002" type="0"/>
    <Peak1D F1="6.285295" intensity="7.697176e-003" type="0"/>
    <Peak1D F1="6.261418" intensity="6.676144e-003" type="0"/>
    <Peak1D F1="6.186551" intensity="8.189072e-003" type="0"/>
    <Peak1D F1="6.181590" intensity="1.228030e-002" type="0"/>
    <Peak1D F1="6.176669" intensity="8.935126e-003" type="0"/>
    <Peak1D F1="6.118964" intensity="9.705801e-003" type="0"/>
    <Peak1D F1="6.110783" intensity="1.167326e-002" type="0"/>
    <Peak1D F1="6.106290" intensity="1.290020e-002" type="0"/>
    <Peak1D F1="6.094188" intensity="2.685151e-002" type="0"/>
    <Peak1D F1="6.087261" intensity="2.838557e-002" type="0"/>
    <Peak1D F1="6.032901" intensity="6.641424e-002" type="0"/>
    <Peak1D F1="5.982890" intensity="3.124548e+000" type="0"/>
    <Peak1D F1="5.960716" intensity="6.961955e-002" type="0"/>
    <Peak1D F1="5.941348" intensity="2.010980e-002" type="0"/>
    <Peak1D F1="5.932805" intensity="4.833690e-002" type="0"/>
    <Peak1D F1="5.915680" intensity="5.513312e-003" type="0"/>
    <Peak1D F1="5.875459" intensity="1.728470e-003" type="0"/>
    <Peak1D F1="5.858001" intensity="9.346822e-004" type="0"/>
    <Peak1D F1="5.815406" intensity="8.296146e-003" type="0"/>
    <Peak1D F1="5.809094" intensity="8.215872e-003" type="0"/>
    <Peak1D F1="5.794016" intensity="2.071795e-003" type="0"/>
    <Peak1D F1="5.786444" intensity="2.476395e-003" type="0"/>
    <Peak1D F1="5.781223" intensity="5.939093e-003" type="0"/>
    <Peak1D F1="5.776407" intensity="1.569173e-003" type="0"/>
    <Peak1D F1="5.696582" intensity="7.259507e-003" type="0"/>
    <Peak1D F1="5.670028" intensity="7.420995e-003" type="0"/>
    <Peak1D F1="5.486135" intensity="4.373762e-003" type="0"/>
    <Peak1D F1="5.463382" intensity="5.243669e-003" type="0"/>
    <Peak1D F1="5.438756" intensity="7.508907e-002" type="0"/>
    <Peak1D F1="5.432940" intensity="7.558905e-002" type="0"/>
    <Peak1D F1="5.407838" intensity="2.633273e-002" type="0"/>
    <Peak1D F1="5.402383" intensity="2.600634e-002" type="0"/>
    <Peak1D F1="5.370959" intensity="6.017854e-003" type="0"/>
    <Peak1D F1="5.364917" intensity="6.203952e-003" type="0"/>
    <Peak1D F1="5.321567" intensity="1.296592e-001" type="0"/>
    <Peak1D F1="5.315278" intensity="1.282602e-001" type="0"/>
    <Peak1D F1="5.270257" intensity="3.461916e-003" type="0"/>
    <Peak1D F1="5.021735" intensity="3.738212e-003" type="0"/>
    <Peak1D F1="5.000066" intensity="4.565670e-003" type="0"/>
    <Peak1D F1="4.954670" intensity="9.588587e-003" type="0"/>
    <Peak1D F1="4.934505" intensity="1.210237e-002" type="0"/>
    <Peak1D F1="4.920945" intensity="1.325177e-002" type="0"/>
    <Peak1D F1="4.907154" intensity="4.266831e-002" type="0"/>
    <Peak1D F1="4.886577" intensity="5.008566e-002" type="0"/>
    <Peak1D F1="4.878773" intensity="3.297896e-002" type="0"/>
    <Peak1D F1="4.871197" intensity="3.954284e-002" type="0"/>
    <Peak1D F1="4.859733" intensity="4.412048e-002" type="0"/>
    <Peak1D F1="4.842505" intensity="7.599880e-001" type="0"/>
    <Peak1D F1="4.821352" intensity="7.630067e-001" type="0"/>
    <Peak1D F1="4.792336" intensity="3.454946e-002" type="0"/>
    <Peak1D F1="4.771178" intensity="4.680254e-002" type="0"/>
    <Peak1D F1="4.721483" intensity="1.382998e-001" type="0"/>
    <Peak1D F1="4.659023" intensity="2.556022e-002" type="0"/>
    <Peak1D F1="4.637461" intensity="1.715335e-002" type="0"/>
    <Peak1D F1="4.491699" intensity="6.836576e-004" type="0"/>
    <Peak1D F1="4.453677" intensity="1.007390e-003" type="0"/>
    <Peak1D F1="4.351274" intensity="2.368628e-003" type="0"/>
    <Peak1D F1="4.288722" intensity="5.832656e-003" type="0"/>
    <Peak1D F1="4.120946" intensity="2.835360e-003" type="0"/>
    <Peak1D F1="3.870806" intensity="8.804571e-003" type="0"/>
    <Peak1D F1="3.848472" intensity="5.819583e-002" type="0"/>
    <Peak1D F1="3.827155" intensity="1.562490e-002" type="0"/>
    <Peak1D F1="3.782875" intensity="3.918361e-002" type="0"/>
    <Peak1D F1="3.770540" intensity="3.763561e-002" type="0"/>
    <Peak1D F1="3.721069" intensity="1.884138e-001" type="0"/>
    <Peak1D F1="3.671073" intensity="8.933811e+000" type="0"/>
    <Peak1D F1="3.650704" intensity="5.270421e-002" type="0"/>
    <Peak1D F1="3.638630" intensity="2.662059e-002" type="0"/>
    <Peak1D F1="3.629176" intensity="3.703173e-002" type="0"/>
    <Peak1D F1="3.620875" intensity="1.319933e-001" type="0"/>
    <Peak1D F1="3.604140" intensity="6.296287e-003" type="0"/>
    <Peak1D F1="3.598366" intensity="3.737381e-003" type="0"/>
    <Peak1D F1="3.577739" intensity="2.849872e-003" type="0"/>
    <Peak1D F1="3.564440" intensity="1.310321e-003" type="0"/>
    <Peak1D F1="3.554865" intensity="8.526878e-004" type="0"/>
    <Peak1D F1="3.537992" intensity="1.199186e-003" type="0"/>
    <Peak1D F1="3.524952" intensity="1.505468e-003" type="0"/>
    <Peak1D F1="3.504189" intensity="2.492755e-003" type="0"/>
    <Peak1D F1="3.488769" intensity="5.109419e-002" type="0"/>
    <Peak1D F1="3.437168" intensity="2.858661e-003" type="0"/>
    <Peak1D F1="3.401707" intensity="4.754945e-003" type="0"/>
    <Peak1D F1="3.351674" intensity="2.740260e-001" type="0"/>
    <Peak1D F1="3.301525" intensity="1.309800e-003" type="0"/>
    <Peak1D F1="2.946178" intensity="8.425514e-004" type="0"/>
    <Peak1D F1="2.936231" intensity="9.866706e-004" type="0"/>
    <Peak1D F1="2.928463" intensity="1.181760e-003" type="0"/>
    <Peak1D F1="2.847969" intensity="1.952724e-003" type="0"/>
    <Peak1D F1="2.839240" intensity="2.059916e-003" type="0"/>
    <Peak1D F1="2.820025" intensity="4.820792e-003" type="0"/>
    <Peak1D F1="2.787302" intensity="9.334902e-003" type="0"/>
    <Peak1D F1="2.775627" intensity="1.013429e-002" type="0"/>
    <Peak1D F1="2.762899" intensity="1.538877e-002" type="0"/>
    <Peak1D F1="2.751689" intensity="1.571667e-002" type="0"/>
    <Peak1D F1="2.742217" intensity="1.153312e-002" type="0"/>
    <Peak1D F1="2.731105" intensity="1.019132e-002" type="0"/>
    <Peak1D F1="2.705379" intensity="7.804836e-003" type="0"/>
    <Peak1D F1="2.696830" intensity="8.135096e-003" type="0"/>
    <Peak1D F1="2.685090" intensity="8.701994e-003" type="0"/>
    <Peak1D F1="2.677266" intensity="8.300435e-003" type="0"/>
    <Peak1D F1="2.649771" intensity="9.151902e-003" type="0"/>
    <Peak1D F1="2.634073" intensity="1.376305e-002" type="0"/>
    <Peak1D F1="2.617010" intensity="1.632451e-002" type="0"/>
    <Peak1D F1="2.563747" intensity="4.224539e-002" type="0"/>
    <Peak1D F1="2.552900" intensity="4.697710e-002" type="0"/>
    <Peak1D F1="2.543665" intensity="5.662516e-002" type="0"/>
    <Peak1D F1="2.524301" intensity="5.594155e-002" type="0"/>
    <Peak1D F1="2.503117" intensity="4.446201e-002" type="0"/>
    <Peak1D F1="2.481616" intensity="3.842045e-002" type="0"/>
    <Peak1D F1="2.459837" intensity="4.025021e-002" type="0"/>
    <Peak1D F1="2.393978" intensity="1.966368e-001" type="0"/>
    <Peak1D F1="2.374024" intensity="4.682560e-001" type="0"/>
    <Peak1D F1="2.365034" intensity="3.756508e-001" type="0"/>
    <Peak1D F1="2.352739" intensity="4.098357e-001" type="0"/>
    <Peak1D F1="2.346520" intensity="5.174808e-001" type="0"/>
    <Peak1D F1="2.323919" intensity="4.616730e-001" type="0"/>
    <Peak1D F1="2.317080" intensity="2.535520e-001" type="0"/>
    <Peak1D F1="2.311574" intensity="2.386875e-001" type="0"/>
    <Peak1D F1="2.305323" intensity="3.392856e-001" type="0"/>
    <Peak1D F1="2.301563" intensity="3.130772e-001" type="0"/>
    <Peak1D F1="2.282276" intensity="1.370385e-001" type="0"/>
    <Peak1D F1="2.278867" intensity="1.358814e-001" type="0"/>
    <Peak1D F1="2.253196" intensity="1.782804e-001" type="0"/>
    <Peak1D F1="2.245025" intensity="1.865858e-001" type="0"/>
    <Peak1D F1="2.238933" intensity="1.911543e-001" type="0"/>
    <Peak1D F1="2.232887" intensity="2.099277e-001" type="0"/>
    <Peak1D F1="2.225957" intensity="2.404112e-001" type="0"/>
    <Peak1D F1="2.215180" intensity="1.845252e-001" type="0"/>
    <Peak1D F1="2.206917" intensity="2.097595e-001" type="0"/>
    <Peak1D F1="2.195824" intensity="2.007247e-001" type="0"/>
    <Peak1D F1="2.182630" intensity="4.316128e-001" type="0"/>
    <Peak1D F1="2.160455" intensity="5.744843e-001" type="0"/>
    <Peak1D F1="2.156189" intensity="5.965627e-001" type="0"/>
    <Peak1D F1="2.145551" intensity="4.146901e-001" type="0"/>
    <Peak1D F1="2.134084" intensity="8.376848e-001" type="0"/>
    <Peak1D F1="2.112028" intensity="1.007485e+000" type="0"/>
    <Peak1D F1="2.107778" intensity="9.883820e-001" type="0"/>
    <Peak1D F1="2.084702" intensity="5.724377e+000" type="0"/>
    <Peak1D F1="2.065154" intensity="1.489126e+001" type="0"/>
    <Peak1D F1="2.053471" intensity="4.629458e+000" type="0"/>
    <Peak1D F1="2.046256" intensity="7.890791e+000" type="0"/>
    <Peak1D F1="2.025081" intensity="5.617941e-001" type="0"/>
    <Peak1D F1="2.020794" intensity="6.010594e-001" type="0"/>
    <Peak1D F1="2.015504" intensity="5.797815e-001" type="0"/>
    <Peak1D F1="1.996702" intensity="3.325970e-001" type="0"/>
    <Peak1D F1="1.986495" intensity="2.522550e-001" type="0"/>
    <Peak1D F1="1.965598" intensity="3.413663e-001" type="0"/>
    <Peak1D F1="1.941877" intensity="5.831240e-001" type="0"/>
    <Peak1D F1="1.934869" intensity="6.521814e-001" type="0"/>
    <Peak1D F1="1.929517" intensity="7.473877e-001" type="0"/>
    <Peak1D F1="1.922537" intensity="9.336349e-001" type="0"/>
    <Peak1D F1="1.907571" intensity="1.715826e+000" type="0"/>
    <Peak1D F1="1.902391" intensity="1.727405e+000" type="0"/>
    <Peak1D F1="1.892881" intensity="8.532601e+000" type="0"/>
    <Peak1D F1="1.881731" intensity="7.357626e+000" type="0"/>
    <Peak1D F1="1.873330" intensity="1.500000e+001" type="0"/>
    <Peak1D F1="1.862764" intensity="6.287086e+000" type="0"/>
    <Peak1D F1="1.853770" intensity="5.119002e+000" type="0"/>
    <Peak1D F1="1.841394" intensity="8.408402e-001" type="0"/>
    <Peak1D F1="1.831594" intensity="5.321761e-001" type="0"/>
    <Peak1D F1="1.823560" intensity="4.432966e-001" type="0"/>
    <Peak1D F1="1.815881" intensity="2.424535e-001" type="0"/>
    <Peak1D F1="1.813748" intensity="2.430139e-001" type="0"/>
    <Peak1D F1="1.804935" intensity="1.853664e-001" type="0"/>
    <Peak1D F1="1.792465" intensity="1.052585e-001" type="0"/>
    <Peak1D F1="1.784967" intensity="9.780718e-002" type="0"/>
    <Peak1D F1="1.777644" intensity="9.031639e-002" type="0"/>
    <Peak1D F1="1.771231" intensity="8.483908e-002" type="0"/>
    <Peak1D F1="1.763713" intensity="8.884688e-002" type="0"/>
    <Peak1D F1="1.741975" intensity="1.159747e-001" type="0"/>
    <Peak1D F1="1.729936" intensity="2.163018e-001" type="0"/>
    <Peak1D F1="1.724640" intensity="2.031961e-001" type="0"/>
    <Peak1D F1="1.714240" intensity="3.764553e-001" type="0"/>
    <Peak1D F1="1.709035" intensity="3.019871e-001" type="0"/>
    <Peak1D F1="1.705858" intensity="2.919929e-001" type="0"/>
    <Peak1D F1="1.694104" intensity="5.154942e-001" type="0"/>
    <Peak1D F1="1.689263" intensity="5.227159e-001" type="0"/>
    <Peak1D F1="1.675728" intensity="3.722970e-001" type="0"/>
    <Peak1D F1="1.670228" intensity="4.728994e-001" type="0"/>
    <Peak1D F1="1.666192" intensity="4.580917e-001" type="0"/>
    <Peak1D F1="1.653990" intensity="2.377906e-001" type="0"/>
    <Peak1D F1="1.650013" intensity="2.975083e-001" type="0"/>
    <Peak1D F1="1.644997" intensity="3.027363e-001" type="0"/>
    <Peak1D F1="1.638673" intensity="2.131354e-001" type="0"/>
    <Peak1D F1="1.633466" intensity="2.217158e-001" type="0"/>
    <Peak1D F1="1.629423" intensity="2.305007e-001" type="0"/>
    <Peak1D F1="1.623553" intensity="2.336473e-001" type="0"/>
    <Peak1D F1="1.617991" intensity="1.938521e-001" type="0"/>
    <Peak1D F1="1.611979" intensity="1.362497e-001" type="0"/>
    <Peak1D F1="1.603157" intensity="1.667277e-001" type="0"/>
    <Peak1D F1="1.588136" intensity="7.950535e-002" type="0"/>
    <Peak1D F1="1.569113" intensity="6.712918e-002" type="0"/>
    <Peak1D F1="1.556946" intensity="6.444748e-002" type="0"/>
    <Peak1D F1="1.542607" intensity="1.498734e-001" type="0"/>
    <Peak1D F1="1.532792" intensity="1.078900e-001" type="0"/>
    <Peak1D F1="1.524800" intensity="9.941755e-002" type="0"/>
    <Peak1D F1="1.513637" intensity="2.630241e-001" type="0"/>
    <Peak1D F1="1.497624" intensity="2.143003e-001" type="0"/>
    <Peak1D F1="1.485661" intensity="2.604811e-001" type="0"/>
    <Peak1D F1="1.468197" intensity="1.707358e-001" type="0"/>
    <Peak1D F1="1.457917" intensity="8.277573e-002" type="0"/>
    <Peak1D F1="1.449043" intensity="5.250556e-002" type="0"/>
    <Peak1D F1="1.432057" intensity="5.675857e-002" type="0"/>
    <Peak1D F1="1.377921" intensity="1.363569e-002" type="0"/>
    <Peak1D F1="1.360392" intensity="1.201708e-002" type="0"/>
    <Peak1D F1="1.343706" intensity="1.185001e-002" type="0"/>
    <Peak1D F1="1.338032" intensity="1.136166e-002" type="0"/>
    <Peak1D F1="1.326820" intensity="1.103073e-002" type="0"/>
    <Peak1D F1="1.308636" intensity="1.033133e-002" type="0"/>
    <Peak1D F1="1.295093" intensity="1.017609e-002" type="0"/>
    <Peak1D F1="1.213394" intensity="2.196368e-002" type="0"/>
    <Peak1D F1="1.173028" intensity="5.574181e-002" type="0"/>
    <Peak1D F1="1.146802" intensity="1.300949e-002" type="0"/>
    <Peak1D F1="1.138560" intensity="1.137877e-002" type="0"/>
    <Peak1D F1="1.052624" intensity="4.760953e-003" type="0"/>
    <Peak1D F1="1.042579" intensity="4.799019e-003" type="0"/>
    <Peak1D F1="1.021434" intensity="4.642838e-003" type="0"/>
    <Peak1D F1="1.006453" intensity="4.942784e-003" type="0"/>
    <Peak1D F1="0.940328" intensity="3.824983e-003" type="0"/>
    <Peak1D F1="0.850956" intensity="3.505831e-003" type="0"/>
    <Peak1D F1="0.845176" intensity="3.591823e-003" type="0"/>
    <Peak1D F1="0.804777" intensity="8.855788e-003" type="0"/>
    <Peak1D F1="0.789194" intensity="1.613764e-002" type="0"/>
    <Peak1D F1="0.771378" intensity="1.337483e-002" type="0"/>
    <Peak1D F1="0.680743" intensity="2.612130e-003" type="0"/>
    <Peak1D F1="0.661350" intensity="2.405719e-003" type="0"/>
    <Peak1D F1="0.585111" intensity="1.206562e-003" type="0"/>
    <Peak1D F1="0.569684" intensity="1.077197e-003" type="0"/>
    <Peak1D F1="0.550648" intensity="1.113354e-003" type="0"/>
    <Peak1D F1="0.511518" intensity="1.039074e-003" type="0"/>
    <Peak1D F1="0.469855" intensity="7.799926e-004" type="0"/>
    <Peak1D F1="0.442028" intensity="6.567574e-004" type="0"/>
    <Peak1D F1="0.409827" intensity="8.447262e-004" type="0"/>
    <Peak1D F1="0.342487" intensity="8.928721e-004" type="0"/>
    <Peak1D F1="0.328364" intensity="9.249506e-004" type="0"/>
    <Peak1D F1="0.145929" intensity="9.164257e-004" type="0"/>
    <Peak1D F1="0.111211" intensity="7.267474e-004" type="0"/>
    <Peak1D F1="0.091464" intensity="8.263876e-004" type="0"/>
    <Peak1D F1="0.049306" intensity="2.228953e-003" type="0"/>
    <Peak1D F1="0.009107" intensity="8.971889e-003" type="0"/>
    <Peak1D F1="-0.000155" intensity="1.271373e-001" type="0"/>
    <Peak1D F1="-0.030319" intensity="1.735861e-003" type="0"/>
    <Peak1D F1="-0.049085" intensity="1.798286e-003" type="0"/>
    <Peak1D F1="-0.079720" intensity="6.799682e-004" type="0"/>
    <Peak1D F1="-0.148630" intensity="7.179762e-004" type="0"/>
    <Peak1D F1="-2.695802" intensity="6.676763e-004" type="0"/>
    <Peak1D F1="-2.904031" intensity="7.361089e-004" type="0"/>
  </PeakList1D>
</PeakList>
