<?xml version="1.0" encoding="UTF-8"?>
<PeakList>
  <PeakList1D>
    <PeakList1DHeader creator="nmr" date="2021-04-13T18:51:39.842+03:00" expNo="20" name="ID-340-Crude-13.4.21" owner="" procNo="1" source="//132.72.8.180/400b/Milo/Milo">
      <PeakPickDetails>F1=16.098909ppm, F2=-3.930136ppm, MI=0.00cm, MAXI=10000.00cm, PC=1.000
      </PeakPickDetails>
    </PeakList1DHeader>
    <Peak1D F1="14.041976" intensity="8.515270e-003" type="0"/>
    <Peak1D F1="13.447463" intensity="8.267910e-003" type="0"/>
    <Peak1D F1="10.095054" intensity="1.795599e-002" type="0"/>
    <Peak1D F1="8.368069" intensity="1.277525e-002" type="0"/>
    <Peak1D F1="8.343895" intensity="2.185425e-002" type="0"/>
    <Peak1D F1="8.321895" intensity="1.553351e-002" type="0"/>
    <Peak1D F1="8.275550" intensity="1.786284e-002" type="0"/>
    <Peak1D F1="8.251761" intensity="3.035866e-002" type="0"/>
    <Peak1D F1="8.231597" intensity="1.943738e-001" type="0"/>
    <Peak1D F1="8.209125" intensity="3.615543e-001" type="0"/>
    <Peak1D F1="8.186248" intensity="2.688288e-001" type="0"/>
    <Peak1D F1="8.166146" intensity="5.123246e-001" type="0"/>
    <Peak1D F1="8.160522" intensity="2.755059e+000" type="0"/>
    <Peak1D F1="8.155531" intensity="1.563976e+000" type="0"/>
    <Peak1D F1="8.150365" intensity="6.078861e-001" type="0"/>
    <Peak1D F1="8.143068" intensity="1.117380e+000" type="0"/>
    <Peak1D F1="8.138641" intensity="2.934331e+000" type="0"/>
    <Peak1D F1="8.133205" intensity="1.121088e+000" type="0"/>
    <Peak1D F1="8.113528" intensity="1.770050e-001" type="0"/>
    <Peak1D F1="8.098223" intensity="9.624938e-002" type="0"/>
    <Peak1D F1="8.093207" intensity="1.600736e-001" type="0"/>
    <Peak1D F1="8.062449" intensity="1.502293e-002" type="0"/>
    <Peak1D F1="8.050525" intensity="1.356081e-002" type="0"/>
    <Peak1D F1="8.021890" intensity="1.633248e-002" type="0"/>
    <Peak1D F1="7.999864" intensity="1.482234e-002" type="0"/>
    <Peak1D F1="7.946117" intensity="1.318541e-002" type="0"/>
    <Peak1D F1="7.929163" intensity="1.399243e-002" type="0"/>
    <Peak1D F1="7.923404" intensity="1.544698e-002" type="0"/>
    <Peak1D F1="7.912232" intensity="1.241340e-002" type="0"/>
    <Peak1D F1="7.881023" intensity="1.807705e-001" type="0"/>
    <Peak1D F1="7.873054" intensity="1.885810e-001" type="0"/>
    <Peak1D F1="7.860455" intensity="2.122753e-001" type="0"/>
    <Peak1D F1="7.852371" intensity="1.961688e-001" type="0"/>
    <Peak1D F1="7.834685" intensity="2.178364e-002" type="0"/>
    <Peak1D F1="7.811419" intensity="2.081085e-002" type="0"/>
    <Peak1D F1="7.763243" intensity="8.281952e-003" type="0"/>
    <Peak1D F1="7.741920" intensity="7.319970e-003" type="0"/>
    <Peak1D F1="7.682352" intensity="2.002084e-002" type="0"/>
    <Peak1D F1="7.659043" intensity="4.910019e-002" type="0"/>
    <Peak1D F1="7.633783" intensity="1.906716e-001" type="0"/>
    <Peak1D F1="7.628466" intensity="1.630711e-001" type="0"/>
    <Peak1D F1="7.611881" intensity="2.165412e-001" type="0"/>
    <Peak1D F1="7.587264" intensity="3.950557e-002" type="0"/>
    <Peak1D F1="7.574045" intensity="3.626597e-002" type="0"/>
    <Peak1D F1="7.552817" intensity="4.502837e-002" type="0"/>
    <Peak1D F1="7.537345" intensity="1.997502e-001" type="0"/>
    <Peak1D F1="7.532207" intensity="1.240868e-001" type="0"/>
    <Peak1D F1="7.515030" intensity="2.341827e-001" type="0"/>
    <Peak1D F1="7.504141" intensity="1.546393e-001" type="0"/>
    <Peak1D F1="7.499540" intensity="1.451420e-001" type="0"/>
    <Peak1D F1="7.486825" intensity="5.179426e-001" type="0"/>
    <Peak1D F1="7.481208" intensity="2.942359e+000" type="0"/>
    <Peak1D F1="7.476483" intensity="1.050954e+000" type="0"/>
    <Peak1D F1="7.459389" intensity="2.967896e+000" type="0"/>
    <Peak1D F1="7.453415" intensity="5.825146e-001" type="0"/>
    <Peak1D F1="7.440574" intensity="7.039423e-001" type="0"/>
    <Peak1D F1="7.424210" intensity="2.330615e-001" type="0"/>
    <Peak1D F1="7.410145" intensity="2.795506e-001" type="0"/>
    <Peak1D F1="7.403516" intensity="2.366678e-001" type="0"/>
    <Peak1D F1="7.389441" intensity="2.343075e-001" type="0"/>
    <Peak1D F1="7.382137" intensity="1.678270e-001" type="0"/>
    <Peak1D F1="7.365900" intensity="1.102118e-001" type="0"/>
    <Peak1D F1="7.361140" intensity="1.104291e-001" type="0"/>
    <Peak1D F1="7.325989" intensity="2.016503e-002" type="0"/>
    <Peak1D F1="7.317046" intensity="1.837362e-002" type="0"/>
    <Peak1D F1="7.295553" intensity="1.789524e-002" type="0"/>
    <Peak1D F1="7.275245" intensity="2.415907e-002" type="0"/>
    <Peak1D F1="7.244077" intensity="1.434228e-001" type="0"/>
    <Peak1D F1="7.194118" intensity="9.341316e+000" type="0"/>
    <Peak1D F1="7.186542" intensity="2.768199e-001" type="0"/>
    <Peak1D F1="7.143994" intensity="1.307226e-001" type="0"/>
    <Peak1D F1="6.930107" intensity="4.859900e-002" type="0"/>
    <Peak1D F1="6.709814" intensity="1.715900e-002" type="0"/>
    <Peak1D F1="6.687861" intensity="1.509131e-002" type="0"/>
    <Peak1D F1="6.216965" intensity="1.786529e-002" type="0"/>
    <Peak1D F1="6.117696" intensity="1.148759e-001" type="0"/>
    <Peak1D F1="6.068666" intensity="7.117652e-002" type="0"/>
    <Peak1D F1="6.049357" intensity="4.854250e-002" type="0"/>
    <Peak1D F1="6.042885" intensity="5.544114e-002" type="0"/>
    <Peak1D F1="6.018371" intensity="4.892205e+000" type="0"/>
    <Peak1D F1="6.008996" intensity="2.289065e-001" type="0"/>
    <Peak1D F1="5.968543" intensity="6.234606e-002" type="0"/>
    <Peak1D F1="5.950594" intensity="2.401098e-002" type="0"/>
    <Peak1D F1="5.939413" intensity="2.394310e-002" type="0"/>
    <Peak1D F1="5.817121" intensity="1.571666e-002" type="0"/>
    <Peak1D F1="5.807537" intensity="7.548735e-002" type="0"/>
    <Peak1D F1="5.799508" intensity="7.606599e-002" type="0"/>
    <Peak1D F1="5.653225" intensity="8.134101e-002" type="0"/>
    <Peak1D F1="5.626101" intensity="8.266908e-002" type="0"/>
    <Peak1D F1="5.564858" intensity="7.584263e-003" type="0"/>
    <Peak1D F1="5.494156" intensity="2.940021e-002" type="0"/>
    <Peak1D F1="5.475366" intensity="1.585089e-002" type="0"/>
    <Peak1D F1="5.423516" intensity="1.381010e-002" type="0"/>
    <Peak1D F1="5.380562" intensity="1.304033e-002" type="0"/>
    <Peak1D F1="5.358882" intensity="3.066570e-001" type="0"/>
    <Peak1D F1="5.351590" intensity="3.131271e-001" type="0"/>
    <Peak1D F1="5.310651" intensity="1.501050e-002" type="0"/>
    <Peak1D F1="5.231200" intensity="2.876545e-001" type="0"/>
    <Peak1D F1="5.180912" intensity="1.072426e-002" type="0"/>
    <Peak1D F1="5.123351" intensity="7.165595e-003" type="0"/>
    <Peak1D F1="4.967867" intensity="1.222563e-002" type="0"/>
    <Peak1D F1="4.943686" intensity="1.038648e-002" type="0"/>
    <Peak1D F1="4.889552" intensity="1.273357e-002" type="0"/>
    <Peak1D F1="4.870990" intensity="2.287047e-002" type="0"/>
    <Peak1D F1="4.854803" intensity="4.160779e-002" type="0"/>
    <Peak1D F1="4.838901" intensity="4.385391e-002" type="0"/>
    <Peak1D F1="4.816758" intensity="4.960188e-002" type="0"/>
    <Peak1D F1="4.789329" intensity="1.487397e+000" type="0"/>
    <Peak1D F1="4.766429" intensity="1.514593e+000" type="0"/>
    <Peak1D F1="4.737989" intensity="7.746634e-002" type="0"/>
    <Peak1D F1="4.715376" intensity="1.131552e-001" type="0"/>
    <Peak1D F1="4.683364" intensity="1.457370e-001" type="0"/>
    <Peak1D F1="4.582566" intensity="3.492779e-002" type="0"/>
    <Peak1D F1="4.531397" intensity="1.466204e-002" type="0"/>
    <Peak1D F1="4.459845" intensity="1.172177e-002" type="0"/>
    <Peak1D F1="3.974487" intensity="1.018668e-002" type="0"/>
    <Peak1D F1="3.956869" intensity="1.057181e-002" type="0"/>
    <Peak1D F1="3.879063" intensity="7.827815e-002" type="0"/>
    <Peak1D F1="3.845848" intensity="3.381149e-002" type="0"/>
    <Peak1D F1="3.824341" intensity="2.544108e-002" type="0"/>
    <Peak1D F1="3.812670" intensity="3.409759e-001" type="0"/>
    <Peak1D F1="3.785265" intensity="1.728968e-002" type="0"/>
    <Peak1D F1="3.751917" intensity="2.237714e-001" type="0"/>
    <Peak1D F1="3.746599" intensity="2.124684e-001" type="0"/>
    <Peak1D F1="3.701644" intensity="1.500000e+001" type="0"/>
    <Peak1D F1="3.692187" intensity="6.692113e-001" type="0"/>
    <Peak1D F1="3.651950" intensity="2.045042e-001" type="0"/>
    <Peak1D F1="3.641994" intensity="2.973087e-002" type="0"/>
    <Peak1D F1="3.602116" intensity="8.298987e-003" type="0"/>
    <Peak1D F1="3.519418" intensity="7.912821e-002" type="0"/>
    <Peak1D F1="3.176290" intensity="7.673627e-003" type="0"/>
    <Peak1D F1="2.944888" intensity="1.547273e-002" type="0"/>
    <Peak1D F1="2.936714" intensity="1.438844e-002" type="0"/>
    <Peak1D F1="2.785888" intensity="9.301534e-003" type="0"/>
    <Peak1D F1="2.741917" intensity="2.799787e-002" type="0"/>
    <Peak1D F1="2.721792" intensity="3.857386e-002" type="0"/>
    <Peak1D F1="2.675364" intensity="7.280919e-003" type="0"/>
    <Peak1D F1="2.646852" intensity="1.142423e-002" type="0"/>
    <Peak1D F1="2.620769" intensity="1.422476e-002" type="0"/>
    <Peak1D F1="2.584350" intensity="1.707430e-002" type="0"/>
    <Peak1D F1="2.559386" intensity="2.319466e-002" type="0"/>
    <Peak1D F1="2.492839" intensity="3.013371e-002" type="0"/>
    <Peak1D F1="2.440420" intensity="2.749566e-001" type="0"/>
    <Peak1D F1="2.435939" intensity="3.308727e-001" type="0"/>
    <Peak1D F1="2.418100" intensity="3.530601e-001" type="0"/>
    <Peak1D F1="2.414948" intensity="3.773665e-001" type="0"/>
    <Peak1D F1="2.390653" intensity="4.493243e-001" type="0"/>
    <Peak1D F1="2.387390" intensity="4.457175e-001" type="0"/>
    <Peak1D F1="2.377604" intensity="2.430436e-001" type="0"/>
    <Peak1D F1="2.366380" intensity="4.898727e-001" type="0"/>
    <Peak1D F1="2.349067" intensity="3.178189e-001" type="0"/>
    <Peak1D F1="2.346462" intensity="2.998734e-001" type="0"/>
    <Peak1D F1="2.326092" intensity="5.198673e-001" type="0"/>
    <Peak1D F1="2.318991" intensity="3.756195e-001" type="0"/>
    <Peak1D F1="2.315661" intensity="3.726446e-001" type="0"/>
    <Peak1D F1="2.306292" intensity="4.511905e-001" type="0"/>
    <Peak1D F1="2.302864" intensity="3.917890e-001" type="0"/>
    <Peak1D F1="2.296064" intensity="5.575445e-001" type="0"/>
    <Peak1D F1="2.275947" intensity="2.897562e-001" type="0"/>
    <Peak1D F1="2.255635" intensity="4.487098e-001" type="0"/>
    <Peak1D F1="2.233362" intensity="5.431899e-001" type="0"/>
    <Peak1D F1="2.229430" intensity="4.960160e-001" type="0"/>
    <Peak1D F1="2.222460" intensity="1.402384e-001" type="0"/>
    <Peak1D F1="2.206694" intensity="6.601189e-001" type="0"/>
    <Peak1D F1="2.196182" intensity="1.398586e-001" type="0"/>
    <Peak1D F1="2.185317" intensity="3.702231e-001" type="0"/>
    <Peak1D F1="2.180452" intensity="3.742249e-001" type="0"/>
    <Peak1D F1="2.158083" intensity="4.648966e-001" type="0"/>
    <Peak1D F1="2.148345" intensity="3.451553e-001" type="0"/>
    <Peak1D F1="2.135269" intensity="3.700523e-001" type="0"/>
    <Peak1D F1="2.117585" intensity="3.871909e+000" type="0"/>
    <Peak1D F1="2.109197" intensity="3.278356e+000" type="0"/>
    <Peak1D F1="2.107126" intensity="3.382451e+000" type="0"/>
    <Peak1D F1="2.098083" intensity="1.239317e+001" type="0"/>
    <Peak1D F1="2.086672" intensity="3.767334e+000" type="0"/>
    <Peak1D F1="2.079449" intensity="6.271858e+000" type="0"/>
    <Peak1D F1="2.058170" intensity="3.888530e-001" type="0"/>
    <Peak1D F1="2.054172" intensity="3.895791e-001" type="0"/>
    <Peak1D F1="2.048932" intensity="3.846738e-001" type="0"/>
    <Peak1D F1="2.040900" intensity="3.241226e-001" type="0"/>
    <Peak1D F1="2.029839" intensity="2.030483e-001" type="0"/>
    <Peak1D F1="1.989116" intensity="2.929909e-001" type="0"/>
    <Peak1D F1="1.984409" intensity="2.435339e-001" type="0"/>
    <Peak1D F1="1.972717" intensity="3.702721e-001" type="0"/>
    <Peak1D F1="1.967230" intensity="4.426970e-001" type="0"/>
    <Peak1D F1="1.961427" intensity="5.406798e-001" type="0"/>
    <Peak1D F1="1.956932" intensity="5.223272e-001" type="0"/>
    <Peak1D F1="1.951839" intensity="5.677084e-001" type="0"/>
    <Peak1D F1="1.942726" intensity="6.843485e-001" type="0"/>
    <Peak1D F1="1.938952" intensity="6.607075e-001" type="0"/>
    <Peak1D F1="1.933710" intensity="8.691437e-001" type="0"/>
    <Peak1D F1="1.926260" intensity="9.457250e-001" type="0"/>
    <Peak1D F1="1.922181" intensity="9.833648e-001" type="0"/>
    <Peak1D F1="1.911475" intensity="6.341241e+000" type="0"/>
    <Peak1D F1="1.900251" intensity="5.295985e+000" type="0"/>
    <Peak1D F1="1.891868" intensity="1.336439e+001" type="0"/>
    <Peak1D F1="1.882799" intensity="5.022965e+000" type="0"/>
    <Peak1D F1="1.881199" intensity="5.009438e+000" type="0"/>
    <Peak1D F1="1.872486" intensity="4.244662e+000" type="0"/>
    <Peak1D F1="1.861186" intensity="6.480592e-001" type="0"/>
    <Peak1D F1="1.850321" intensity="3.632368e-001" type="0"/>
    <Peak1D F1="1.842287" intensity="3.157910e-001" type="0"/>
    <Peak1D F1="1.831664" intensity="1.873077e-001" type="0"/>
    <Peak1D F1="1.822937" intensity="1.405827e-001" type="0"/>
    <Peak1D F1="1.789768" intensity="6.623482e-002" type="0"/>
    <Peak1D F1="1.759721" intensity="7.537048e-002" type="0"/>
    <Peak1D F1="1.745464" intensity="1.825792e-001" type="0"/>
    <Peak1D F1="1.729724" intensity="2.334553e-001" type="0"/>
    <Peak1D F1="1.724499" intensity="2.400723e-001" type="0"/>
    <Peak1D F1="1.717106" intensity="2.740861e-001" type="0"/>
    <Peak1D F1="1.708546" intensity="3.260201e-001" type="0"/>
    <Peak1D F1="1.701389" intensity="4.494967e-001" type="0"/>
    <Peak1D F1="1.697476" intensity="3.944044e-001" type="0"/>
    <Peak1D F1="1.692917" intensity="3.183169e-001" type="0"/>
    <Peak1D F1="1.685405" intensity="4.090207e-001" type="0"/>
    <Peak1D F1="1.679437" intensity="1.003544e+000" type="0"/>
    <Peak1D F1="1.670940" intensity="6.886904e-001" type="0"/>
    <Peak1D F1="1.665039" intensity="6.203709e-001" type="0"/>
    <Peak1D F1="1.657258" intensity="9.125791e-001" type="0"/>
    <Peak1D F1="1.654187" intensity="9.595132e-001" type="0"/>
    <Peak1D F1="1.649861" intensity="7.996069e-001" type="0"/>
    <Peak1D F1="1.642602" intensity="4.775981e-001" type="0"/>
    <Peak1D F1="1.638229" intensity="6.068048e-001" type="0"/>
    <Peak1D F1="1.633203" intensity="7.146351e-001" type="0"/>
    <Peak1D F1="1.622338" intensity="3.107487e-001" type="0"/>
    <Peak1D F1="1.617536" intensity="3.892779e-001" type="0"/>
    <Peak1D F1="1.575670" intensity="1.055141e-001" type="0"/>
    <Peak1D F1="1.564690" intensity="1.073018e-001" type="0"/>
    <Peak1D F1="1.534833" intensity="3.208384e-001" type="0"/>
    <Peak1D F1="1.519133" intensity="2.484032e-001" type="0"/>
    <Peak1D F1="1.512505" intensity="2.868193e-001" type="0"/>
    <Peak1D F1="1.500368" intensity="5.254176e-001" type="0"/>
    <Peak1D F1="1.482934" intensity="6.606857e-001" type="0"/>
    <Peak1D F1="1.470294" intensity="4.480340e-001" type="0"/>
    <Peak1D F1="1.453538" intensity="4.324035e-001" type="0"/>
    <Peak1D F1="1.440680" intensity="1.239309e-001" type="0"/>
    <Peak1D F1="1.435206" intensity="1.397682e-001" type="0"/>
    <Peak1D F1="1.423142" intensity="1.628550e-001" type="0"/>
    <Peak1D F1="1.404755" intensity="4.917539e-002" type="0"/>
    <Peak1D F1="1.364219" intensity="6.232804e-002" type="0"/>
    <Peak1D F1="1.334356" intensity="9.904360e-002" type="0"/>
    <Peak1D F1="1.330155" intensity="1.094733e-001" type="0"/>
    <Peak1D F1="1.313940" intensity="1.791571e+000" type="0"/>
    <Peak1D F1="1.284432" intensity="2.599817e+000" type="0"/>
    <Peak1D F1="1.279756" intensity="2.677439e+000" type="0"/>
    <Peak1D F1="1.271588" intensity="1.045730e+000" type="0"/>
    <Peak1D F1="1.264820" intensity="1.921182e+000" type="0"/>
    <Peak1D F1="1.238344" intensity="1.735284e-001" type="0"/>
    <Peak1D F1="1.234881" intensity="1.596220e-001" type="0"/>
    <Peak1D F1="1.229905" intensity="1.498269e-001" type="0"/>
    <Peak1D F1="1.220011" intensity="3.086891e-001" type="0"/>
    <Peak1D F1="1.215028" intensity="2.725317e-001" type="0"/>
    <Peak1D F1="1.194615" intensity="1.462627e-001" type="0"/>
    <Peak1D F1="1.184106" intensity="2.214635e-001" type="0"/>
    <Peak1D F1="1.122904" intensity="2.587866e-002" type="0"/>
    <Peak1D F1="1.108087" intensity="2.010383e-002" type="0"/>
    <Peak1D F1="1.028354" intensity="1.251646e-002" type="0"/>
    <Peak1D F1="0.949302" intensity="8.999030e-003" type="0"/>
    <Peak1D F1="0.910339" intensity="8.312471e-003" type="0"/>
    <Peak1D F1="0.886240" intensity="8.053584e-003" type="0"/>
    <Peak1D F1="0.881159" intensity="9.473950e-003" type="0"/>
    <Peak1D F1="0.867920" intensity="1.064320e-002" type="0"/>
    <Peak1D F1="0.824979" intensity="3.605048e-002" type="0"/>
    <Peak1D F1="0.810151" intensity="6.317528e-002" type="0"/>
    <Peak1D F1="0.795643" intensity="3.334880e-002" type="0"/>
    <Peak1D F1="0.658447" intensity="7.496931e-003" type="0"/>
    <Peak1D F1="0.607546" intensity="7.321723e-003" type="0"/>
    <Peak1D F1="0.561577" intensity="7.531912e-003" type="0"/>
    <Peak1D F1="0.552187" intensity="8.376828e-003" type="0"/>
    <Peak1D F1="0.540330" intensity="7.518198e-003" type="0"/>
    <Peak1D F1="0.491487" intensity="8.095217e-003" type="0"/>
    <Peak1D F1="0.476103" intensity="7.151997e-003" type="0"/>
    <Peak1D F1="0.449555" intensity="7.271662e-003" type="0"/>
    <Peak1D F1="0.341096" intensity="9.330294e-003" type="0"/>
    <Peak1D F1="0.311475" intensity="8.619788e-003" type="0"/>
    <Peak1D F1="0.288763" intensity="8.425649e-003" type="0"/>
    <Peak1D F1="0.239204" intensity="7.660208e-003" type="0"/>
    <Peak1D F1="0.050400" intensity="1.279572e-002" type="0"/>
    <Peak1D F1="-0.000149" intensity="7.285794e-001" type="0"/>
    <Peak1D F1="-0.009062" intensity="4.126541e-002" type="0"/>
    <Peak1D F1="-0.050742" intensity="1.372381e-002" type="0"/>
    <Peak1D F1="-3.035206" intensity="7.156592e-003" type="0"/>
    <Peak1D F1="-3.152065" intensity="7.469535e-003" type="0"/>
    <Peak1D F1="-3.477435" intensity="7.441853e-003" type="0"/>
  </PeakList1D>
</PeakList>
