<?xml version="1.0" encoding="UTF-8"?>
<PeakList>
  <PeakList1D>
    <PeakList1DHeader creator="nmr" date="2021-08-01T13:56:16.693+03:00" expNo="10" name="ID-419-B" owner="" procNo="1" source="//132.72.8.180/400b/Milo/Milo">
      <PeakPickDetails>F1=16.101231ppm, F2=-3.927814ppm, MI=0.00cm, MAXI=10000.00cm, PC=1.000
      </PeakPickDetails>
    </PeakList1DHeader>
    <Peak1D F1="10.314620" intensity="1.865814e-002" type="0"/>
    <Peak1D F1="10.144184" intensity="5.660953e-002" type="0"/>
    <Peak1D F1="10.125264" intensity="3.273084e-002" type="0"/>
    <Peak1D F1="10.094486" intensity="3.383965e+000" type="0"/>
    <Peak1D F1="10.062146" intensity="1.862410e-002" type="0"/>
    <Peak1D F1="10.044934" intensity="6.559383e-002" type="0"/>
    <Peak1D F1="9.867167" intensity="1.770581e-002" type="0"/>
    <Peak1D F1="8.556966" intensity="1.169097e-002" type="0"/>
    <Peak1D F1="8.530392" intensity="1.155149e-002" type="0"/>
    <Peak1D F1="8.415059" intensity="1.364579e-002" type="0"/>
    <Peak1D F1="8.392387" intensity="4.296990e-002" type="0"/>
    <Peak1D F1="8.370706" intensity="6.367166e-002" type="0"/>
    <Peak1D F1="8.342563" intensity="2.282961e+000" type="0"/>
    <Peak1D F1="8.338126" intensity="8.235477e-001" type="0"/>
    <Peak1D F1="8.320756" intensity="2.603723e+000" type="0"/>
    <Peak1D F1="8.292694" intensity="5.085505e-002" type="0"/>
    <Peak1D F1="8.270745" intensity="6.439233e-002" type="0"/>
    <Peak1D F1="8.246131" intensity="3.886380e-002" type="0"/>
    <Peak1D F1="8.236982" intensity="2.286286e-002" type="0"/>
    <Peak1D F1="8.229372" intensity="3.265304e-002" type="0"/>
    <Peak1D F1="8.224298" intensity="3.290121e-002" type="0"/>
    <Peak1D F1="8.214869" intensity="3.842113e-002" type="0"/>
    <Peak1D F1="8.208338" intensity="4.571353e-002" type="0"/>
    <Peak1D F1="8.186561" intensity="4.744066e-002" type="0"/>
    <Peak1D F1="8.177504" intensity="4.112277e-002" type="0"/>
    <Peak1D F1="8.164178" intensity="2.317127e-001" type="0"/>
    <Peak1D F1="8.158612" intensity="1.475055e+000" type="0"/>
    <Peak1D F1="8.153936" intensity="5.670401e-001" type="0"/>
    <Peak1D F1="8.141261" intensity="5.348620e-001" type="0"/>
    <Peak1D F1="8.136771" intensity="1.540079e+000" type="0"/>
    <Peak1D F1="8.131169" intensity="3.337422e-001" type="0"/>
    <Peak1D F1="8.109295" intensity="7.180821e-002" type="0"/>
    <Peak1D F1="8.087345" intensity="3.966678e-002" type="0"/>
    <Peak1D F1="8.071196" intensity="5.832618e-002" type="0"/>
    <Peak1D F1="8.049911" intensity="6.350625e-002" type="0"/>
    <Peak1D F1="8.026408" intensity="4.849050e-001" type="0"/>
    <Peak1D F1="8.021423" intensity="2.970479e+000" type="0"/>
    <Peak1D F1="8.016643" intensity="9.077836e-001" type="0"/>
    <Peak1D F1="8.004190" intensity="8.896830e-001" type="0"/>
    <Peak1D F1="7.999866" intensity="2.398619e+000" type="0"/>
    <Peak1D F1="7.994864" intensity="3.424047e-001" type="0"/>
    <Peak1D F1="7.971492" intensity="5.853034e-002" type="0"/>
    <Peak1D F1="7.950438" intensity="4.753512e-002" type="0"/>
    <Peak1D F1="7.815510" intensity="2.321962e-002" type="0"/>
    <Peak1D F1="7.794527" intensity="2.234816e-002" type="0"/>
    <Peak1D F1="7.681348" intensity="7.893212e-003" type="0"/>
    <Peak1D F1="7.664821" intensity="9.355472e-003" type="0"/>
    <Peak1D F1="7.596849" intensity="6.947001e-002" type="0"/>
    <Peak1D F1="7.582893" intensity="7.055005e-002" type="0"/>
    <Peak1D F1="7.531285" intensity="4.169508e-002" type="0"/>
    <Peak1D F1="7.507510" intensity="8.634077e-002" type="0"/>
    <Peak1D F1="7.481353" intensity="1.459277e+000" type="0"/>
    <Peak1D F1="7.459362" intensity="1.385592e+000" type="0"/>
    <Peak1D F1="7.442123" intensity="7.528857e-002" type="0"/>
    <Peak1D F1="7.431438" intensity="4.431440e-002" type="0"/>
    <Peak1D F1="7.409598" intensity="4.193876e-002" type="0"/>
    <Peak1D F1="7.392947" intensity="1.446094e-002" type="0"/>
    <Peak1D F1="7.373775" intensity="1.291398e-002" type="0"/>
    <Peak1D F1="7.357107" intensity="1.079531e-002" type="0"/>
    <Peak1D F1="7.339588" intensity="8.394745e-003" type="0"/>
    <Peak1D F1="7.322792" intensity="1.716444e-002" type="0"/>
    <Peak1D F1="7.301543" intensity="1.967976e-002" type="0"/>
    <Peak1D F1="7.294446" intensity="1.749347e-002" type="0"/>
    <Peak1D F1="7.272382" intensity="2.223293e-002" type="0"/>
    <Peak1D F1="7.246052" intensity="1.583468e-001" type="0"/>
    <Peak1D F1="7.229868" intensity="7.256128e-002" type="0"/>
    <Peak1D F1="7.213345" intensity="1.771386e-001" type="0"/>
    <Peak1D F1="7.196120" intensity="1.024291e+001" type="0"/>
    <Peak1D F1="7.163860" intensity="8.930847e-003" type="0"/>
    <Peak1D F1="7.146096" intensity="1.934290e-001" type="0"/>
    <Peak1D F1="7.006764" intensity="1.765817e-002" type="0"/>
    <Peak1D F1="6.985239" intensity="3.347376e-002" type="0"/>
    <Peak1D F1="6.969084" intensity="1.188968e-002" type="0"/>
    <Peak1D F1="6.963224" intensity="1.806598e-002" type="0"/>
    <Peak1D F1="6.932051" intensity="5.340028e-002" type="0"/>
    <Peak1D F1="6.882200" intensity="8.457634e-003" type="0"/>
    <Peak1D F1="6.843040" intensity="2.449220e-002" type="0"/>
    <Peak1D F1="6.837578" intensity="3.883266e-002" type="0"/>
    <Peak1D F1="6.831547" intensity="3.539562e-002" type="0"/>
    <Peak1D F1="6.821947" intensity="4.131746e-002" type="0"/>
    <Peak1D F1="6.815245" intensity="7.176074e-002" type="0"/>
    <Peak1D F1="6.809163" intensity="4.309386e-002" type="0"/>
    <Peak1D F1="6.799293" intensity="1.991148e-002" type="0"/>
    <Peak1D F1="6.793066" intensity="3.123930e-002" type="0"/>
    <Peak1D F1="6.314879" intensity="7.022868e-003" type="0"/>
    <Peak1D F1="6.215217" intensity="1.330909e-002" type="0"/>
    <Peak1D F1="6.198057" intensity="9.561120e-003" type="0"/>
    <Peak1D F1="6.116466" intensity="1.285411e-001" type="0"/>
    <Peak1D F1="6.066320" intensity="7.138870e-002" type="0"/>
    <Peak1D F1="6.016552" intensity="4.628825e+000" type="0"/>
    <Peak1D F1="5.966526" intensity="8.766875e-002" type="0"/>
    <Peak1D F1="5.867595" intensity="2.206236e-002" type="0"/>
    <Peak1D F1="5.854207" intensity="2.545886e-002" type="0"/>
    <Peak1D F1="5.820003" intensity="1.215033e-002" type="0"/>
    <Peak1D F1="5.814904" intensity="1.650681e-002" type="0"/>
    <Peak1D F1="5.388406" intensity="1.071043e-002" type="0"/>
    <Peak1D F1="5.357687" intensity="3.050454e-002" type="0"/>
    <Peak1D F1="5.324703" intensity="1.066949e-002" type="0"/>
    <Peak1D F1="5.299301" intensity="1.236953e-002" type="0"/>
    <Peak1D F1="5.287579" intensity="9.395302e-003" type="0"/>
    <Peak1D F1="5.263918" intensity="1.012070e-002" type="0"/>
    <Peak1D F1="5.174515" intensity="1.839163e-002" type="0"/>
    <Peak1D F1="5.145859" intensity="1.735345e-002" type="0"/>
    <Peak1D F1="5.083717" intensity="8.088802e-003" type="0"/>
    <Peak1D F1="5.073469" intensity="6.994091e-003" type="0"/>
    <Peak1D F1="5.049640" intensity="8.737126e-003" type="0"/>
    <Peak1D F1="4.949943" intensity="7.097231e-003" type="0"/>
    <Peak1D F1="4.894301" intensity="6.824306e-003" type="0"/>
    <Peak1D F1="4.841044" intensity="1.453425e-002" type="0"/>
    <Peak1D F1="4.818358" intensity="2.163717e-002" type="0"/>
    <Peak1D F1="4.792142" intensity="7.001755e-001" type="0"/>
    <Peak1D F1="4.769342" intensity="7.141930e-001" type="0"/>
    <Peak1D F1="4.742422" intensity="2.628485e-002" type="0"/>
    <Peak1D F1="4.719691" intensity="3.532942e-002" type="0"/>
    <Peak1D F1="4.679394" intensity="3.238079e-001" type="0"/>
    <Peak1D F1="4.633762" intensity="1.799418e-002" type="0"/>
    <Peak1D F1="4.608570" intensity="1.053745e-002" type="0"/>
    <Peak1D F1="4.585658" intensity="8.532990e-003" type="0"/>
    <Peak1D F1="4.090862" intensity="6.662812e-003" type="0"/>
    <Peak1D F1="3.977479" intensity="9.526712e-003" type="0"/>
    <Peak1D F1="3.951610" intensity="8.898712e-003" type="0"/>
    <Peak1D F1="3.923354" intensity="6.866098e-003" type="0"/>
    <Peak1D F1="3.877652" intensity="7.211320e-002" type="0"/>
    <Peak1D F1="3.860206" intensity="8.528104e-003" type="0"/>
    <Peak1D F1="3.844526" intensity="4.862822e-002" type="0"/>
    <Peak1D F1="3.834345" intensity="2.320910e-002" type="0"/>
    <Peak1D F1="3.821789" intensity="3.298991e-002" type="0"/>
    <Peak1D F1="3.810925" intensity="4.295906e-001" type="0"/>
    <Peak1D F1="3.795892" intensity="1.752400e-002" type="0"/>
    <Peak1D F1="3.780352" intensity="1.920775e-002" type="0"/>
    <Peak1D F1="3.749942" intensity="2.292317e-001" type="0"/>
    <Peak1D F1="3.745330" intensity="2.554811e-001" type="0"/>
    <Peak1D F1="3.700233" intensity="1.397240e+001" type="0"/>
    <Peak1D F1="3.668260" intensity="2.188593e-002" type="0"/>
    <Peak1D F1="3.650226" intensity="2.698522e-001" type="0"/>
    <Peak1D F1="3.599582" intensity="1.499295e-002" type="0"/>
    <Peak1D F1="3.518120" intensity="7.343199e-002" type="0"/>
    <Peak1D F1="3.221326" intensity="9.333365e-003" type="0"/>
    <Peak1D F1="3.177405" intensity="1.071639e-002" type="0"/>
    <Peak1D F1="3.160027" intensity="8.858331e-003" type="0"/>
    <Peak1D F1="2.771753" intensity="9.811045e-003" type="0"/>
    <Peak1D F1="2.727625" intensity="1.110948e-002" type="0"/>
    <Peak1D F1="2.597504" intensity="7.825421e-003" type="0"/>
    <Peak1D F1="2.554440" intensity="1.449167e-002" type="0"/>
    <Peak1D F1="2.542247" intensity="1.530015e-002" type="0"/>
    <Peak1D F1="2.520033" intensity="1.366488e-002" type="0"/>
    <Peak1D F1="2.437943" intensity="1.271242e-001" type="0"/>
    <Peak1D F1="2.433252" intensity="1.451655e-001" type="0"/>
    <Peak1D F1="2.416791" intensity="1.449154e-001" type="0"/>
    <Peak1D F1="2.412480" intensity="1.471547e-001" type="0"/>
    <Peak1D F1="2.388527" intensity="2.149440e-001" type="0"/>
    <Peak1D F1="2.384749" intensity="2.022136e-001" type="0"/>
    <Peak1D F1="2.368068" intensity="2.062727e-001" type="0"/>
    <Peak1D F1="2.364133" intensity="2.573669e-001" type="0"/>
    <Peak1D F1="2.351786" intensity="1.594660e-001" type="0"/>
    <Peak1D F1="2.329112" intensity="2.748010e-001" type="0"/>
    <Peak1D F1="2.321810" intensity="1.694678e-001" type="0"/>
    <Peak1D F1="2.309118" intensity="2.074580e-001" type="0"/>
    <Peak1D F1="2.298805" intensity="2.450451e-001" type="0"/>
    <Peak1D F1="2.278743" intensity="1.739307e-001" type="0"/>
    <Peak1D F1="2.266927" intensity="6.104199e-002" type="0"/>
    <Peak1D F1="2.252824" intensity="2.823666e-001" type="0"/>
    <Peak1D F1="2.237430" intensity="8.566625e-002" type="0"/>
    <Peak1D F1="2.230679" intensity="3.087410e-001" type="0"/>
    <Peak1D F1="2.226718" intensity="3.092158e-001" type="0"/>
    <Peak1D F1="2.204005" intensity="3.888901e-001" type="0"/>
    <Peak1D F1="2.195796" intensity="8.706567e-002" type="0"/>
    <Peak1D F1="2.182574" intensity="2.331195e-001" type="0"/>
    <Peak1D F1="2.177742" intensity="2.425274e-001" type="0"/>
    <Peak1D F1="2.155388" intensity="3.458766e-001" type="0"/>
    <Peak1D F1="2.146989" intensity="3.637147e-001" type="0"/>
    <Peak1D F1="2.117082" intensity="4.552515e+000" type="0"/>
    <Peak1D F1="2.097529" intensity="1.446922e+001" type="0"/>
    <Peak1D F1="2.085825" intensity="3.759635e+000" type="0"/>
    <Peak1D F1="2.078703" intensity="7.179831e+000" type="0"/>
    <Peak1D F1="2.057155" intensity="3.403409e-001" type="0"/>
    <Peak1D F1="2.053383" intensity="3.492662e-001" type="0"/>
    <Peak1D F1="2.047939" intensity="4.344655e-001" type="0"/>
    <Peak1D F1="2.029012" intensity="1.977945e-001" type="0"/>
    <Peak1D F1="1.988057" intensity="2.065380e-001" type="0"/>
    <Peak1D F1="1.970645" intensity="2.032310e-001" type="0"/>
    <Peak1D F1="1.965380" intensity="2.630662e-001" type="0"/>
    <Peak1D F1="1.959964" intensity="3.720992e-001" type="0"/>
    <Peak1D F1="1.955106" intensity="3.385575e-001" type="0"/>
    <Peak1D F1="1.949988" intensity="4.271109e-001" type="0"/>
    <Peak1D F1="1.938456" intensity="3.218187e+000" type="0"/>
    <Peak1D F1="1.933876" intensity="8.606604e-001" type="0"/>
    <Peak1D F1="1.926223" intensity="9.314160e-001" type="0"/>
    <Peak1D F1="1.921205" intensity="9.376395e-001" type="0"/>
    <Peak1D F1="1.911425" intensity="7.277213e+000" type="0"/>
    <Peak1D F1="1.900256" intensity="6.074323e+000" type="0"/>
    <Peak1D F1="1.891787" intensity="1.500000e+001" type="0"/>
    <Peak1D F1="1.881356" intensity="5.352203e+000" type="0"/>
    <Peak1D F1="1.872413" intensity="4.646249e+000" type="0"/>
    <Peak1D F1="1.860455" intensity="5.620726e-001" type="0"/>
    <Peak1D F1="1.850211" intensity="3.464899e-001" type="0"/>
    <Peak1D F1="1.842094" intensity="3.656326e-001" type="0"/>
    <Peak1D F1="1.832492" intensity="1.558024e-001" type="0"/>
    <Peak1D F1="1.822606" intensity="1.238413e-001" type="0"/>
    <Peak1D F1="1.809896" intensity="3.898399e-002" type="0"/>
    <Peak1D F1="1.800256" intensity="3.600545e-002" type="0"/>
    <Peak1D F1="1.790601" intensity="3.289751e-002" type="0"/>
    <Peak1D F1="1.766716" intensity="3.454091e-002" type="0"/>
    <Peak1D F1="1.761293" intensity="3.877159e-002" type="0"/>
    <Peak1D F1="1.745492" intensity="9.536981e-002" type="0"/>
    <Peak1D F1="1.729866" intensity="1.177394e-001" type="0"/>
    <Peak1D F1="1.724719" intensity="1.509878e-001" type="0"/>
    <Peak1D F1="1.717660" intensity="1.344777e-001" type="0"/>
    <Peak1D F1="1.708722" intensity="1.503448e-001" type="0"/>
    <Peak1D F1="1.701886" intensity="2.227551e-001" type="0"/>
    <Peak1D F1="1.697709" intensity="1.936191e-001" type="0"/>
    <Peak1D F1="1.688290" intensity="1.568642e-001" type="0"/>
    <Peak1D F1="1.681347" intensity="5.143816e-001" type="0"/>
    <Peak1D F1="1.671710" intensity="2.954314e-001" type="0"/>
    <Peak1D F1="1.657493" intensity="4.283344e-001" type="0"/>
    <Peak1D F1="1.641050" intensity="2.423707e-001" type="0"/>
    <Peak1D F1="1.636982" intensity="2.890798e-001" type="0"/>
    <Peak1D F1="1.632863" intensity="2.390746e-001" type="0"/>
    <Peak1D F1="1.625201" intensity="1.203247e-001" type="0"/>
    <Peak1D F1="1.620835" intensity="1.482860e-001" type="0"/>
    <Peak1D F1="1.617259" intensity="1.502442e-001" type="0"/>
    <Peak1D F1="1.549051" intensity="1.037876e-001" type="0"/>
    <Peak1D F1="1.535994" intensity="1.903636e-001" type="0"/>
    <Peak1D F1="1.521103" intensity="1.420877e-001" type="0"/>
    <Peak1D F1="1.513444" intensity="1.473203e-001" type="0"/>
    <Peak1D F1="1.501729" intensity="2.526779e-001" type="0"/>
    <Peak1D F1="1.484263" intensity="3.059096e-001" type="0"/>
    <Peak1D F1="1.471458" intensity="2.111205e-001" type="0"/>
    <Peak1D F1="1.454795" intensity="2.056836e-001" type="0"/>
    <Peak1D F1="1.436841" intensity="6.659239e-002" type="0"/>
    <Peak1D F1="1.424332" intensity="7.262068e-002" type="0"/>
    <Peak1D F1="1.404835" intensity="2.039616e-002" type="0"/>
    <Peak1D F1="1.375925" intensity="1.483206e-002" type="0"/>
    <Peak1D F1="1.329520" intensity="1.428513e-002" type="0"/>
    <Peak1D F1="1.235451" intensity="6.639110e-002" type="0"/>
    <Peak1D F1="1.184305" intensity="1.809894e-001" type="0"/>
    <Peak1D F1="1.153011" intensity="1.541522e-002" type="0"/>
    <Peak1D F1="1.096689" intensity="7.428641e-003" type="0"/>
    <Peak1D F1="0.872792" intensity="6.919303e-003" type="0"/>
    <Peak1D F1="0.825538" intensity="2.766146e-002" type="0"/>
    <Peak1D F1="0.809360" intensity="5.094599e-002" type="0"/>
    <Peak1D F1="0.792839" intensity="2.834976e-002" type="0"/>
    <Peak1D F1="0.758219" intensity="1.514012e-002" type="0"/>
    <Peak1D F1="0.738339" intensity="9.302155e-003" type="0"/>
    <Peak1D F1="0.181512" intensity="1.152295e-002" type="0"/>
    <Peak1D F1="0.085662" intensity="1.137133e-002" type="0"/>
    <Peak1D F1="0.043774" intensity="1.351194e-002" type="0"/>
    <Peak1D F1="0.015960" intensity="2.025520e-002" type="0"/>
    <Peak1D F1="-0.000152" intensity="3.073480e-001" type="0"/>
    <Peak1D F1="-0.024964" intensity="7.174339e-003" type="0"/>
    <Peak1D F1="-2.792687" intensity="6.599596e-003" type="0"/>
  </PeakList1D>
</PeakList>
