<?xml version="1.0" encoding="UTF-8"?>
<PeakList>
  <PeakList1D>
    <PeakList1DHeader creator="nmr" date="2021-10-26T09:49:18.477+03:00" expNo="20" name="ID_448_B" owner="" procNo="1" source="//132.72.8.180/400b/Milo/Milo">
      <PeakPickDetails>F1=16.159679ppm, F2=-3.869367ppm, MI=0.00cm, MAXI=10000.00cm, PC=1.000
      </PeakPickDetails>
    </PeakList1DHeader>
    <Peak1D F1="15.864622" intensity="6.179833e-004" type="0"/>
    <Peak1D F1="12.174931" intensity="6.126494e-004" type="0"/>
    <Peak1D F1="12.063087" intensity="6.672821e-004" type="0"/>
    <Peak1D F1="11.570041" intensity="7.017120e-004" type="0"/>
    <Peak1D F1="11.513436" intensity="6.401518e-004" type="0"/>
    <Peak1D F1="10.827358" intensity="9.699204e-004" type="0"/>
    <Peak1D F1="10.539163" intensity="1.717512e-003" type="0"/>
    <Peak1D F1="10.081827" intensity="1.459680e-002" type="0"/>
    <Peak1D F1="9.899302" intensity="7.664239e-004" type="0"/>
    <Peak1D F1="8.381966" intensity="1.045357e-003" type="0"/>
    <Peak1D F1="8.339275" intensity="7.208641e-003" type="0"/>
    <Peak1D F1="8.332562" intensity="7.463417e-003" type="0"/>
    <Peak1D F1="8.322602" intensity="1.373574e-002" type="0"/>
    <Peak1D F1="8.316844" intensity="1.127890e-002" type="0"/>
    <Peak1D F1="8.312470" intensity="8.186759e-003" type="0"/>
    <Peak1D F1="8.300869" intensity="1.435528e-002" type="0"/>
    <Peak1D F1="8.270209" intensity="3.077072e-003" type="0"/>
    <Peak1D F1="8.226154" intensity="1.307232e-002" type="0"/>
    <Peak1D F1="8.207669" intensity="1.763648e-002" type="0"/>
    <Peak1D F1="8.192670" intensity="3.979554e-002" type="0"/>
    <Peak1D F1="8.189737" intensity="3.850854e-002" type="0"/>
    <Peak1D F1="8.176827" intensity="5.745122e-002" type="0"/>
    <Peak1D F1="8.171555" intensity="5.638448e-002" type="0"/>
    <Peak1D F1="8.155312" intensity="6.139620e-002" type="0"/>
    <Peak1D F1="8.132684" intensity="3.575714e-001" type="0"/>
    <Peak1D F1="8.127134" intensity="2.106110e+000" type="0"/>
    <Peak1D F1="8.122656" intensity="7.942475e-001" type="0"/>
    <Peak1D F1="8.117608" intensity="3.860728e-001" type="0"/>
    <Peak1D F1="8.110088" intensity="8.870086e-001" type="0"/>
    <Peak1D F1="8.105267" intensity="2.247132e+000" type="0"/>
    <Peak1D F1="8.100014" intensity="4.220758e-001" type="0"/>
    <Peak1D F1="8.095654" intensity="3.286562e-001" type="0"/>
    <Peak1D F1="8.089701" intensity="1.892190e-001" type="0"/>
    <Peak1D F1="8.077151" intensity="4.323867e-002" type="0"/>
    <Peak1D F1="8.055343" intensity="3.956469e-002" type="0"/>
    <Peak1D F1="8.021844" intensity="1.439278e-002" type="0"/>
    <Peak1D F1="8.016977" intensity="5.527217e-003" type="0"/>
    <Peak1D F1="8.000330" intensity="1.152434e-002" type="0"/>
    <Peak1D F1="7.969681" intensity="3.447521e-003" type="0"/>
    <Peak1D F1="7.948657" intensity="3.007517e-003" type="0"/>
    <Peak1D F1="7.917949" intensity="6.457976e-003" type="0"/>
    <Peak1D F1="7.912510" intensity="6.772529e-003" type="0"/>
    <Peak1D F1="7.896859" intensity="1.050134e-002" type="0"/>
    <Peak1D F1="7.890016" intensity="7.722978e-003" type="0"/>
    <Peak1D F1="7.881183" intensity="2.046933e-003" type="0"/>
    <Peak1D F1="7.875034" intensity="2.591699e-003" type="0"/>
    <Peak1D F1="7.854286" intensity="1.903085e-003" type="0"/>
    <Peak1D F1="7.832649" intensity="2.011826e-003" type="0"/>
    <Peak1D F1="7.799650" intensity="8.510684e-004" type="0"/>
    <Peak1D F1="7.761977" intensity="9.378526e-004" type="0"/>
    <Peak1D F1="7.746045" intensity="1.378022e-003" type="0"/>
    <Peak1D F1="7.678508" intensity="1.133427e-002" type="0"/>
    <Peak1D F1="7.645131" intensity="4.075543e-002" type="0"/>
    <Peak1D F1="7.630067" intensity="1.959766e-002" type="0"/>
    <Peak1D F1="7.621789" intensity="1.155296e-002" type="0"/>
    <Peak1D F1="7.612815" intensity="1.773640e-002" type="0"/>
    <Peak1D F1="7.590983" intensity="1.733440e-002" type="0"/>
    <Peak1D F1="7.575553" intensity="1.332338e-002" type="0"/>
    <Peak1D F1="7.564671" intensity="1.124980e-002" type="0"/>
    <Peak1D F1="7.554608" intensity="1.653449e-002" type="0"/>
    <Peak1D F1="7.542240" intensity="2.899624e-002" type="0"/>
    <Peak1D F1="7.526784" intensity="5.694417e-002" type="0"/>
    <Peak1D F1="7.520752" intensity="4.818919e-002" type="0"/>
    <Peak1D F1="7.513443" intensity="1.015320e-001" type="0"/>
    <Peak1D F1="7.506242" intensity="1.717093e-001" type="0"/>
    <Peak1D F1="7.483557" intensity="4.473550e-001" type="0"/>
    <Peak1D F1="7.477564" intensity="2.109764e+000" type="0"/>
    <Peak1D F1="7.455589" intensity="2.014031e+000" type="0"/>
    <Peak1D F1="7.434098" intensity="2.671254e-002" type="0"/>
    <Peak1D F1="7.427587" intensity="4.667065e-002" type="0"/>
    <Peak1D F1="7.405651" intensity="5.042521e-002" type="0"/>
    <Peak1D F1="7.381592" intensity="1.370319e-002" type="0"/>
    <Peak1D F1="7.370171" intensity="1.744309e-002" type="0"/>
    <Peak1D F1="7.353280" intensity="2.787013e-002" type="0"/>
    <Peak1D F1="7.337668" intensity="2.669219e-002" type="0"/>
    <Peak1D F1="7.333101" intensity="2.625844e-002" type="0"/>
    <Peak1D F1="7.314962" intensity="3.581444e-002" type="0"/>
    <Peak1D F1="7.303523" intensity="2.212286e-001" type="0"/>
    <Peak1D F1="7.287986" intensity="9.620857e-002" type="0"/>
    <Peak1D F1="7.282311" intensity="1.146905e-001" type="0"/>
    <Peak1D F1="7.278224" intensity="1.054829e-001" type="0"/>
    <Peak1D F1="7.253673" intensity="1.074153e+001" type="0"/>
    <Peak1D F1="7.240428" intensity="1.585914e-001" type="0"/>
    <Peak1D F1="7.235346" intensity="1.166048e-001" type="0"/>
    <Peak1D F1="7.224459" intensity="4.481154e-002" type="0"/>
    <Peak1D F1="7.212409" intensity="2.602362e-002" type="0"/>
    <Peak1D F1="7.203617" intensity="1.755605e-001" type="0"/>
    <Peak1D F1="7.180951" intensity="8.733584e-003" type="0"/>
    <Peak1D F1="7.166846" intensity="4.123377e-003" type="0"/>
    <Peak1D F1="7.159544" intensity="1.480898e-002" type="0"/>
    <Peak1D F1="7.140531" intensity="1.462675e-002" type="0"/>
    <Peak1D F1="7.117711" intensity="3.329349e-003" type="0"/>
    <Peak1D F1="7.104282" intensity="2.550737e-003" type="0"/>
    <Peak1D F1="7.089774" intensity="1.705647e-002" type="0"/>
    <Peak1D F1="7.072770" intensity="1.198892e-002" type="0"/>
    <Peak1D F1="7.060289" intensity="7.351983e-003" type="0"/>
    <Peak1D F1="7.042337" intensity="6.556559e-003" type="0"/>
    <Peak1D F1="7.026160" intensity="6.324748e-003" type="0"/>
    <Peak1D F1="7.002754" intensity="3.237162e-003" type="0"/>
    <Peak1D F1="6.988579" intensity="6.179063e-002" type="0"/>
    <Peak1D F1="6.899784" intensity="1.093158e-003" type="0"/>
    <Peak1D F1="6.883372" intensity="2.789489e-003" type="0"/>
    <Peak1D F1="6.878292" intensity="2.596476e-003" type="0"/>
    <Peak1D F1="6.861897" intensity="5.115934e-003" type="0"/>
    <Peak1D F1="6.849884" intensity="4.657265e-003" type="0"/>
    <Peak1D F1="6.843863" intensity="7.209467e-003" type="0"/>
    <Peak1D F1="6.822030" intensity="1.788878e-002" type="0"/>
    <Peak1D F1="6.816256" intensity="2.808847e-002" type="0"/>
    <Peak1D F1="6.810861" intensity="1.889279e-002" type="0"/>
    <Peak1D F1="6.799631" intensity="3.131652e-002" type="0"/>
    <Peak1D F1="6.793663" intensity="5.538992e-002" type="0"/>
    <Peak1D F1="6.785045" intensity="4.388402e-002" type="0"/>
    <Peak1D F1="6.778162" intensity="3.100863e-002" type="0"/>
    <Peak1D F1="6.768207" intensity="4.889704e-002" type="0"/>
    <Peak1D F1="6.762220" intensity="6.400992e-002" type="0"/>
    <Peak1D F1="6.756267" intensity="3.479709e-002" type="0"/>
    <Peak1D F1="6.745534" intensity="2.231600e-002" type="0"/>
    <Peak1D F1="6.739678" intensity="3.416013e-002" type="0"/>
    <Peak1D F1="6.733736" intensity="2.191847e-002" type="0"/>
    <Peak1D F1="6.718719" intensity="9.550554e-003" type="0"/>
    <Peak1D F1="6.696053" intensity="5.871727e-003" type="0"/>
    <Peak1D F1="6.579053" intensity="1.377724e-003" type="0"/>
    <Peak1D F1="6.556384" intensity="2.391912e-003" type="0"/>
    <Peak1D F1="6.533237" intensity="1.520291e-003" type="0"/>
    <Peak1D F1="6.314552" intensity="5.309373e-003" type="0"/>
    <Peak1D F1="6.308854" intensity="6.487965e-003" type="0"/>
    <Peak1D F1="6.292297" intensity="8.572151e-003" type="0"/>
    <Peak1D F1="6.286667" intensity="9.928300e-003" type="0"/>
    <Peak1D F1="6.246511" intensity="3.148327e-002" type="0"/>
    <Peak1D F1="6.199419" intensity="9.825031e-003" type="0"/>
    <Peak1D F1="6.193574" intensity="1.292094e-002" type="0"/>
    <Peak1D F1="6.188171" intensity="8.149635e-003" type="0"/>
    <Peak1D F1="6.122988" intensity="1.490884e-003" type="0"/>
    <Peak1D F1="6.103426" intensity="2.129250e-003" type="0"/>
    <Peak1D F1="6.094108" intensity="4.037773e-003" type="0"/>
    <Peak1D F1="6.070700" intensity="3.119263e-003" type="0"/>
    <Peak1D F1="6.054142" intensity="2.133528e-002" type="0"/>
    <Peak1D F1="6.044919" intensity="6.158353e-002" type="0"/>
    <Peak1D F1="6.035321" intensity="8.905880e-003" type="0"/>
    <Peak1D F1="6.029901" intensity="8.563944e-003" type="0"/>
    <Peak1D F1="6.019870" intensity="1.295485e-002" type="0"/>
    <Peak1D F1="5.994942" intensity="3.143800e+000" type="0"/>
    <Peak1D F1="5.973228" intensity="9.138547e-003" type="0"/>
    <Peak1D F1="5.967247" intensity="5.132215e-003" type="0"/>
    <Peak1D F1="5.958006" intensity="2.023858e-003" type="0"/>
    <Peak1D F1="5.944858" intensity="4.785462e-002" type="0"/>
    <Peak1D F1="5.932658" intensity="5.936538e-002" type="0"/>
    <Peak1D F1="5.920541" intensity="5.887183e-002" type="0"/>
    <Peak1D F1="5.805952" intensity="6.322698e-003" type="0"/>
    <Peak1D F1="5.798741" intensity="3.918149e-003" type="0"/>
    <Peak1D F1="5.793209" intensity="7.103632e-003" type="0"/>
    <Peak1D F1="5.787614" intensity="4.263893e-003" type="0"/>
    <Peak1D F1="5.778536" intensity="8.296511e-004" type="0"/>
    <Peak1D F1="5.434344" intensity="1.345432e-002" type="0"/>
    <Peak1D F1="5.363335" intensity="1.307228e-003" type="0"/>
    <Peak1D F1="5.325050" intensity="6.584864e-002" type="0"/>
    <Peak1D F1="5.269233" intensity="1.510674e-003" type="0"/>
    <Peak1D F1="5.009410" intensity="4.261008e-003" type="0"/>
    <Peak1D F1="4.988256" intensity="3.983084e-003" type="0"/>
    <Peak1D F1="4.940534" intensity="1.674479e-003" type="0"/>
    <Peak1D F1="4.917648" intensity="4.565760e-003" type="0"/>
    <Peak1D F1="4.909409" intensity="3.654795e-003" type="0"/>
    <Peak1D F1="4.890077" intensity="7.528091e-003" type="0"/>
    <Peak1D F1="4.880412" intensity="1.979649e-002" type="0"/>
    <Peak1D F1="4.869406" intensity="9.894209e-003" type="0"/>
    <Peak1D F1="4.858561" intensity="2.455684e-002" type="0"/>
    <Peak1D F1="4.830495" intensity="8.609422e-001" type="0"/>
    <Peak1D F1="4.808874" intensity="8.765957e-001" type="0"/>
    <Peak1D F1="4.780118" intensity="2.527969e-002" type="0"/>
    <Peak1D F1="4.766677" intensity="3.414096e-002" type="0"/>
    <Peak1D F1="4.759199" intensity="3.186525e-002" type="0"/>
    <Peak1D F1="4.717845" intensity="1.054794e+000" type="0"/>
    <Peak1D F1="4.667437" intensity="2.250659e-002" type="0"/>
    <Peak1D F1="4.647309" intensity="7.393750e-003" type="0"/>
    <Peak1D F1="4.625476" intensity="6.997404e-003" type="0"/>
    <Peak1D F1="4.608609" intensity="1.827037e-003" type="0"/>
    <Peak1D F1="3.859124" intensity="4.840997e-002" type="0"/>
    <Peak1D F1="3.825513" intensity="1.233316e-003" type="0"/>
    <Peak1D F1="3.796614" intensity="3.970983e-003" type="0"/>
    <Peak1D F1="3.781106" intensity="1.318490e-002" type="0"/>
    <Peak1D F1="3.771495" intensity="7.395978e-003" type="0"/>
    <Peak1D F1="3.766704" intensity="6.878707e-003" type="0"/>
    <Peak1D F1="3.757501" intensity="8.309208e-003" type="0"/>
    <Peak1D F1="3.731550" intensity="1.610348e-001" type="0"/>
    <Peak1D F1="3.722041" intensity="2.561696e-002" type="0"/>
    <Peak1D F1="3.716192" intensity="2.670338e-002" type="0"/>
    <Peak1D F1="3.706491" intensity="4.121612e-002" type="0"/>
    <Peak1D F1="3.681748" intensity="8.991487e+000" type="0"/>
    <Peak1D F1="3.660398" intensity="3.298432e-002" type="0"/>
    <Peak1D F1="3.653030" intensity="1.840124e-002" type="0"/>
    <Peak1D F1="3.644190" intensity="8.241832e-003" type="0"/>
    <Peak1D F1="3.631629" intensity="1.414247e-001" type="0"/>
    <Peak1D F1="3.609549" intensity="4.738696e-003" type="0"/>
    <Peak1D F1="3.600245" intensity="2.840385e-003" type="0"/>
    <Peak1D F1="3.594070" intensity="2.170353e-003" type="0"/>
    <Peak1D F1="3.588080" intensity="2.271153e-003" type="0"/>
    <Peak1D F1="3.578161" intensity="2.224158e-003" type="0"/>
    <Peak1D F1="3.569630" intensity="2.086257e-003" type="0"/>
    <Peak1D F1="3.539387" intensity="4.222794e-002" type="0"/>
    <Peak1D F1="3.529330" intensity="4.159780e-002" type="0"/>
    <Peak1D F1="3.499458" intensity="4.986226e-002" type="0"/>
    <Peak1D F1="2.957239" intensity="2.319722e-003" type="0"/>
    <Peak1D F1="2.950330" intensity="2.557847e-003" type="0"/>
    <Peak1D F1="2.939616" intensity="5.506428e-003" type="0"/>
    <Peak1D F1="2.932338" intensity="5.309423e-003" type="0"/>
    <Peak1D F1="2.921419" intensity="2.952537e-003" type="0"/>
    <Peak1D F1="2.914422" intensity="3.346795e-003" type="0"/>
    <Peak1D F1="2.821201" intensity="9.281143e-004" type="0"/>
    <Peak1D F1="2.805423" intensity="2.060109e-003" type="0"/>
    <Peak1D F1="2.774150" intensity="1.340168e-002" type="0"/>
    <Peak1D F1="2.761901" intensity="1.598351e-002" type="0"/>
    <Peak1D F1="2.748833" intensity="1.963947e-002" type="0"/>
    <Peak1D F1="2.736947" intensity="2.023954e-002" type="0"/>
    <Peak1D F1="2.727898" intensity="1.523948e-002" type="0"/>
    <Peak1D F1="2.715556" intensity="1.409441e-002" type="0"/>
    <Peak1D F1="2.683673" intensity="2.403533e-003" type="0"/>
    <Peak1D F1="2.662837" intensity="1.311519e-003" type="0"/>
    <Peak1D F1="2.641681" intensity="1.903120e-003" type="0"/>
    <Peak1D F1="2.618172" intensity="2.769299e-003" type="0"/>
    <Peak1D F1="2.573861" intensity="1.646148e-003" type="0"/>
    <Peak1D F1="2.543226" intensity="4.399024e-003" type="0"/>
    <Peak1D F1="2.523203" intensity="5.700849e-003" type="0"/>
    <Peak1D F1="2.511847" intensity="5.769085e-003" type="0"/>
    <Peak1D F1="2.501100" intensity="6.522112e-003" type="0"/>
    <Peak1D F1="2.491125" intensity="8.466323e-003" type="0"/>
    <Peak1D F1="2.469707" intensity="1.062846e-002" type="0"/>
    <Peak1D F1="2.465177" intensity="1.029772e-002" type="0"/>
    <Peak1D F1="2.442167" intensity="1.984810e-002" type="0"/>
    <Peak1D F1="2.435151" intensity="1.886388e-002" type="0"/>
    <Peak1D F1="2.414168" intensity="2.848972e-002" type="0"/>
    <Peak1D F1="2.392756" intensity="2.160412e-001" type="0"/>
    <Peak1D F1="2.385852" intensity="2.830721e-001" type="0"/>
    <Peak1D F1="2.382930" intensity="3.253777e-001" type="0"/>
    <Peak1D F1="2.376886" intensity="2.259794e-001" type="0"/>
    <Peak1D F1="2.364653" intensity="4.985248e-001" type="0"/>
    <Peak1D F1="2.356461" intensity="3.127128e-001" type="0"/>
    <Peak1D F1="2.352830" intensity="3.378948e-001" type="0"/>
    <Peak1D F1="2.344353" intensity="4.769278e-001" type="0"/>
    <Peak1D F1="2.341813" intensity="4.794745e-001" type="0"/>
    <Peak1D F1="2.335516" intensity="6.048785e-001" type="0"/>
    <Peak1D F1="2.324075" intensity="3.588754e-001" type="0"/>
    <Peak1D F1="2.319035" intensity="3.227077e-001" type="0"/>
    <Peak1D F1="2.314743" intensity="3.732319e-001" type="0"/>
    <Peak1D F1="2.295187" intensity="5.450569e-002" type="0"/>
    <Peak1D F1="2.272775" intensity="5.625729e-002" type="0"/>
    <Peak1D F1="2.265020" intensity="1.108671e-001" type="0"/>
    <Peak1D F1="2.254372" intensity="7.688930e-002" type="0"/>
    <Peak1D F1="2.246032" intensity="7.793421e-002" type="0"/>
    <Peak1D F1="2.237359" intensity="1.229643e-001" type="0"/>
    <Peak1D F1="2.226816" intensity="7.275322e-002" type="0"/>
    <Peak1D F1="2.219016" intensity="9.172066e-002" type="0"/>
    <Peak1D F1="2.203279" intensity="3.426926e-001" type="0"/>
    <Peak1D F1="2.189907" intensity="1.400215e-001" type="0"/>
    <Peak1D F1="2.180716" intensity="5.215437e-001" type="0"/>
    <Peak1D F1="2.176641" intensity="5.001168e-001" type="0"/>
    <Peak1D F1="2.166847" intensity="1.485746e-001" type="0"/>
    <Peak1D F1="2.154820" intensity="6.469403e-001" type="0"/>
    <Peak1D F1="2.145352" intensity="2.536201e-001" type="0"/>
    <Peak1D F1="2.132157" intensity="5.685647e-001" type="0"/>
    <Peak1D F1="2.127323" intensity="6.894148e-001" type="0"/>
    <Peak1D F1="2.105487" intensity="1.197596e+000" type="0"/>
    <Peak1D F1="2.096226" intensity="5.044831e+000" type="0"/>
    <Peak1D F1="2.076695" intensity="1.465718e+001" type="0"/>
    <Peak1D F1="2.064985" intensity="4.211209e+000" type="0"/>
    <Peak1D F1="2.057750" intensity="7.595074e+000" type="0"/>
    <Peak1D F1="2.036936" intensity="3.911465e-001" type="0"/>
    <Peak1D F1="2.032568" intensity="3.951590e-001" type="0"/>
    <Peak1D F1="2.030604" intensity="3.927903e-001" type="0"/>
    <Peak1D F1="2.026930" intensity="4.715834e-001" type="0"/>
    <Peak1D F1="2.007892" intensity="2.050902e-001" type="0"/>
    <Peak1D F1="1.991721" intensity="9.532770e-002" type="0"/>
    <Peak1D F1="1.980102" intensity="1.014576e-001" type="0"/>
    <Peak1D F1="1.950405" intensity="4.107715e-001" type="0"/>
    <Peak1D F1="1.930014" intensity="7.632602e-001" type="0"/>
    <Peak1D F1="1.922212" intensity="9.312010e-001" type="0"/>
    <Peak1D F1="1.914962" intensity="1.238719e+000" type="0"/>
    <Peak1D F1="1.910921" intensity="1.264631e+000" type="0"/>
    <Peak1D F1="1.900223" intensity="8.061547e+000" type="0"/>
    <Peak1D F1="1.888963" intensity="6.607590e+000" type="0"/>
    <Peak1D F1="1.880650" intensity="1.500000e+001" type="0"/>
    <Peak1D F1="1.869804" intensity="5.857723e+000" type="0"/>
    <Peak1D F1="1.861058" intensity="4.938002e+000" type="0"/>
    <Peak1D F1="1.849077" intensity="6.962799e-001" type="0"/>
    <Peak1D F1="1.838821" intensity="4.246970e-001" type="0"/>
    <Peak1D F1="1.830725" intensity="3.873232e-001" type="0"/>
    <Peak1D F1="1.823517" intensity="1.843754e-001" type="0"/>
    <Peak1D F1="1.820381" intensity="1.819165e-001" type="0"/>
    <Peak1D F1="1.811164" intensity="1.463438e-001" type="0"/>
    <Peak1D F1="1.799867" intensity="7.211537e-002" type="0"/>
    <Peak1D F1="1.793665" intensity="6.518256e-002" type="0"/>
    <Peak1D F1="1.785800" intensity="5.924819e-002" type="0"/>
    <Peak1D F1="1.776674" intensity="5.948960e-002" type="0"/>
    <Peak1D F1="1.770294" intensity="5.309275e-002" type="0"/>
    <Peak1D F1="1.762882" intensity="4.718435e-002" type="0"/>
    <Peak1D F1="1.754765" intensity="5.028042e-002" type="0"/>
    <Peak1D F1="1.749468" intensity="6.803416e-002" type="0"/>
    <Peak1D F1="1.734547" intensity="1.280545e-001" type="0"/>
    <Peak1D F1="1.731519" intensity="1.206185e-001" type="0"/>
    <Peak1D F1="1.724305" intensity="1.301375e-001" type="0"/>
    <Peak1D F1="1.719415" intensity="2.554689e-001" type="0"/>
    <Peak1D F1="1.714404" intensity="2.269795e-001" type="0"/>
    <Peak1D F1="1.709094" intensity="2.565389e-001" type="0"/>
    <Peak1D F1="1.705243" intensity="3.445593e-001" type="0"/>
    <Peak1D F1="1.699391" intensity="3.939646e-001" type="0"/>
    <Peak1D F1="1.693671" intensity="4.338466e-001" type="0"/>
    <Peak1D F1="1.685444" intensity="5.030468e-001" type="0"/>
    <Peak1D F1="1.680703" intensity="5.718115e-001" type="0"/>
    <Peak1D F1="1.674794" intensity="5.098777e-001" type="0"/>
    <Peak1D F1="1.670390" intensity="4.847458e-001" type="0"/>
    <Peak1D F1="1.665875" intensity="4.525430e-001" type="0"/>
    <Peak1D F1="1.660169" intensity="3.896814e-001" type="0"/>
    <Peak1D F1="1.655252" intensity="3.711832e-001" type="0"/>
    <Peak1D F1="1.649963" intensity="3.296177e-001" type="0"/>
    <Peak1D F1="1.644185" intensity="2.687763e-001" type="0"/>
    <Peak1D F1="1.639124" intensity="1.930642e-001" type="0"/>
    <Peak1D F1="1.634755" intensity="1.891116e-001" type="0"/>
    <Peak1D F1="1.628615" intensity="1.720634e-001" type="0"/>
    <Peak1D F1="1.622839" intensity="1.688581e-001" type="0"/>
    <Peak1D F1="1.607415" intensity="1.383632e-001" type="0"/>
    <Peak1D F1="1.595970" intensity="4.842338e-002" type="0"/>
    <Peak1D F1="1.580100" intensity="4.029179e-002" type="0"/>
    <Peak1D F1="1.565956" intensity="4.226719e-002" type="0"/>
    <Peak1D F1="1.557185" intensity="4.079465e-002" type="0"/>
    <Peak1D F1="1.547964" intensity="7.210777e-002" type="0"/>
    <Peak1D F1="1.538327" intensity="1.490599e-001" type="0"/>
    <Peak1D F1="1.529830" intensity="1.598132e-001" type="0"/>
    <Peak1D F1="1.511634" intensity="3.013478e-001" type="0"/>
    <Peak1D F1="1.495016" intensity="2.914762e-001" type="0"/>
    <Peak1D F1="1.483284" intensity="3.096634e-001" type="0"/>
    <Peak1D F1="1.474425" intensity="9.568552e-002" type="0"/>
    <Peak1D F1="1.464570" intensity="2.273194e-001" type="0"/>
    <Peak1D F1="1.447302" intensity="6.885141e-002" type="0"/>
    <Peak1D F1="1.441482" intensity="4.024629e-002" type="0"/>
    <Peak1D F1="1.437910" intensity="4.209663e-002" type="0"/>
    <Peak1D F1="1.430742" intensity="6.728067e-002" type="0"/>
    <Peak1D F1="1.390461" intensity="6.878205e-003" type="0"/>
    <Peak1D F1="1.380858" intensity="7.111493e-003" type="0"/>
    <Peak1D F1="1.350506" intensity="6.636248e-003" type="0"/>
    <Peak1D F1="1.335693" intensity="6.278238e-003" type="0"/>
    <Peak1D F1="1.322628" intensity="5.818855e-003" type="0"/>
    <Peak1D F1="1.305192" intensity="5.042956e-003" type="0"/>
    <Peak1D F1="1.290800" intensity="4.584603e-003" type="0"/>
    <Peak1D F1="1.275278" intensity="4.501262e-003" type="0"/>
    <Peak1D F1="1.234214" intensity="7.102543e-003" type="0"/>
    <Peak1D F1="1.223376" intensity="9.011813e-003" type="0"/>
    <Peak1D F1="1.205925" intensity="8.564185e-003" type="0"/>
    <Peak1D F1="1.188828" intensity="1.188527e-002" type="0"/>
    <Peak1D F1="1.176191" intensity="2.350663e-002" type="0"/>
    <Peak1D F1="1.153722" intensity="6.014371e-003" type="0"/>
    <Peak1D F1="1.141506" intensity="4.293159e-003" type="0"/>
    <Peak1D F1="1.125500" intensity="3.259353e-003" type="0"/>
    <Peak1D F1="1.112987" intensity="2.867774e-003" type="0"/>
    <Peak1D F1="1.062722" intensity="1.634777e-003" type="0"/>
    <Peak1D F1="1.037314" intensity="2.153972e-003" type="0"/>
    <Peak1D F1="1.011655" intensity="1.792237e-003" type="0"/>
    <Peak1D F1="0.988922" intensity="1.674230e-003" type="0"/>
    <Peak1D F1="0.975835" intensity="1.301053e-003" type="0"/>
    <Peak1D F1="0.963251" intensity="1.472910e-003" type="0"/>
    <Peak1D F1="0.945491" intensity="1.427047e-003" type="0"/>
    <Peak1D F1="0.852523" intensity="1.140119e-003" type="0"/>
    <Peak1D F1="0.794865" intensity="6.170748e-003" type="0"/>
    <Peak1D F1="0.777901" intensity="4.655573e-003" type="0"/>
    <Peak1D F1="0.763449" intensity="5.693203e-003" type="0"/>
    <Peak1D F1="0.743618" intensity="5.818251e-003" type="0"/>
    <Peak1D F1="0.724946" intensity="3.701574e-003" type="0"/>
    <Peak1D F1="0.706252" intensity="1.577079e-003" type="0"/>
    <Peak1D F1="0.676313" intensity="7.543781e-004" type="0"/>
    <Peak1D F1="0.008326" intensity="1.007876e-003" type="0"/>
    <Peak1D F1="-0.000152" intensity="1.751544e-002" type="0"/>
  </PeakList1D>
</PeakList>
