<?xml version="1.0" encoding="UTF-8"?>
<PeakList>
  <PeakList1D>
    <PeakList1DHeader creator="nmr" date="2021-08-01T18:39:28.100+03:00" expNo="20" name="ID-419-J" owner="" procNo="1" source="//132.72.8.180/400b/Milo/Milo">
      <PeakPickDetails>F1=16.100849ppm, F2=-3.928196ppm, MI=0.00cm, MAXI=10000.00cm, PC=1.000
      </PeakPickDetails>
    </PeakList1DHeader>
    <Peak1D F1="14.821040" intensity="4.094782e-003" type="0"/>
    <Peak1D F1="10.143868" intensity="7.392183e-003" type="0"/>
    <Peak1D F1="10.130126" intensity="4.213194e-003" type="0"/>
    <Peak1D F1="10.123167" intensity="5.055860e-003" type="0"/>
    <Peak1D F1="10.092684" intensity="5.212335e-001" type="0"/>
    <Peak1D F1="10.042503" intensity="6.303654e-003" type="0"/>
    <Peak1D F1="8.455453" intensity="4.354644e-003" type="0"/>
    <Peak1D F1="8.391067" intensity="1.032894e-002" type="0"/>
    <Peak1D F1="8.368895" intensity="2.318032e-002" type="0"/>
    <Peak1D F1="8.362824" intensity="1.741491e-002" type="0"/>
    <Peak1D F1="8.345381" intensity="7.372467e-002" type="0"/>
    <Peak1D F1="8.340432" intensity="3.501484e-001" type="0"/>
    <Peak1D F1="8.335970" intensity="1.234076e-001" type="0"/>
    <Peak1D F1="8.323215" intensity="1.352019e-001" type="0"/>
    <Peak1D F1="8.318769" intensity="3.897404e-001" type="0"/>
    <Peak1D F1="8.313826" intensity="5.924492e-002" type="0"/>
    <Peak1D F1="8.289178" intensity="8.838533e-003" type="0"/>
    <Peak1D F1="8.267571" intensity="3.642850e-002" type="0"/>
    <Peak1D F1="8.249767" intensity="2.940215e-002" type="0"/>
    <Peak1D F1="8.245243" intensity="4.887545e-002" type="0"/>
    <Peak1D F1="8.237570" intensity="6.695385e-002" type="0"/>
    <Peak1D F1="8.220733" intensity="1.003027e-001" type="0"/>
    <Peak1D F1="8.215741" intensity="1.014945e-001" type="0"/>
    <Peak1D F1="8.207034" intensity="1.079938e-001" type="0"/>
    <Peak1D F1="8.202698" intensity="1.008980e-001" type="0"/>
    <Peak1D F1="8.199035" intensity="1.114430e-001" type="0"/>
    <Peak1D F1="8.184850" intensity="1.407323e-001" type="0"/>
    <Peak1D F1="8.170557" intensity="2.471280e-001" type="0"/>
    <Peak1D F1="8.162418" intensity="5.692371e-001" type="0"/>
    <Peak1D F1="8.156668" intensity="3.309305e+000" type="0"/>
    <Peak1D F1="8.151621" intensity="1.281917e+000" type="0"/>
    <Peak1D F1="8.145447" intensity="3.317306e-001" type="0"/>
    <Peak1D F1="8.139527" intensity="1.215186e+000" type="0"/>
    <Peak1D F1="8.134642" intensity="3.531079e+000" type="0"/>
    <Peak1D F1="8.128708" intensity="7.173386e-001" type="0"/>
    <Peak1D F1="8.116978" intensity="4.694352e-002" type="0"/>
    <Peak1D F1="8.111796" intensity="8.931527e-002" type="0"/>
    <Peak1D F1="8.105899" intensity="7.052194e-002" type="0"/>
    <Peak1D F1="8.084390" intensity="4.387385e-002" type="0"/>
    <Peak1D F1="8.069752" intensity="1.448352e-002" type="0"/>
    <Peak1D F1="8.058857" intensity="1.956630e-002" type="0"/>
    <Peak1D F1="8.042015" intensity="3.143405e-002" type="0"/>
    <Peak1D F1="8.024949" intensity="9.565715e-002" type="0"/>
    <Peak1D F1="8.019871" intensity="4.989092e-001" type="0"/>
    <Peak1D F1="8.014857" intensity="1.526748e-001" type="0"/>
    <Peak1D F1="8.002707" intensity="1.525118e-001" type="0"/>
    <Peak1D F1="7.997827" intensity="4.009137e-001" type="0"/>
    <Peak1D F1="7.992604" intensity="5.559140e-002" type="0"/>
    <Peak1D F1="7.969444" intensity="1.078089e-002" type="0"/>
    <Peak1D F1="7.947465" intensity="2.087061e-002" type="0"/>
    <Peak1D F1="7.939071" intensity="3.152552e-002" type="0"/>
    <Peak1D F1="7.933313" intensity="3.235631e-002" type="0"/>
    <Peak1D F1="7.923754" intensity="3.877707e-002" type="0"/>
    <Peak1D F1="7.917826" intensity="5.822708e-002" type="0"/>
    <Peak1D F1="7.911373" intensity="3.486588e-002" type="0"/>
    <Peak1D F1="7.901971" intensity="2.984291e-002" type="0"/>
    <Peak1D F1="7.896338" intensity="2.770524e-002" type="0"/>
    <Peak1D F1="7.876791" intensity="1.052858e-002" type="0"/>
    <Peak1D F1="7.863884" intensity="9.284003e-003" type="0"/>
    <Peak1D F1="7.843587" intensity="9.206659e-003" type="0"/>
    <Peak1D F1="7.828162" intensity="3.360799e-002" type="0"/>
    <Peak1D F1="7.806452" intensity="2.688267e-002" type="0"/>
    <Peak1D F1="7.784801" intensity="5.462585e-003" type="0"/>
    <Peak1D F1="7.731019" intensity="3.679565e-002" type="0"/>
    <Peak1D F1="7.715166" intensity="1.104140e-001" type="0"/>
    <Peak1D F1="7.709886" intensity="7.287340e-002" type="0"/>
    <Peak1D F1="7.699488" intensity="1.073339e-001" type="0"/>
    <Peak1D F1="7.694169" intensity="1.223082e-001" type="0"/>
    <Peak1D F1="7.678502" intensity="8.108113e-002" type="0"/>
    <Peak1D F1="7.661067" intensity="1.583851e-002" type="0"/>
    <Peak1D F1="7.623810" intensity="4.197717e-002" type="0"/>
    <Peak1D F1="7.617889" intensity="2.707520e-002" type="0"/>
    <Peak1D F1="7.602796" intensity="4.583255e-002" type="0"/>
    <Peak1D F1="7.595507" intensity="2.479485e-002" type="0"/>
    <Peak1D F1="7.586075" intensity="2.121551e-002" type="0"/>
    <Peak1D F1="7.577622" intensity="1.997487e-002" type="0"/>
    <Peak1D F1="7.562342" intensity="2.966898e-002" type="0"/>
    <Peak1D F1="7.555985" intensity="4.626387e-002" type="0"/>
    <Peak1D F1="7.540967" intensity="7.849050e-002" type="0"/>
    <Peak1D F1="7.535357" intensity="5.695333e-002" type="0"/>
    <Peak1D F1="7.529663" intensity="8.311128e-002" type="0"/>
    <Peak1D F1="7.525520" intensity="6.785730e-002" type="0"/>
    <Peak1D F1="7.519338" intensity="7.974248e-002" type="0"/>
    <Peak1D F1="7.513941" intensity="1.112820e-001" type="0"/>
    <Peak1D F1="7.508539" intensity="1.276532e-001" type="0"/>
    <Peak1D F1="7.491406" intensity="1.698644e-001" type="0"/>
    <Peak1D F1="7.484937" intensity="5.005956e-001" type="0"/>
    <Peak1D F1="7.479333" intensity="2.937182e+000" type="0"/>
    <Peak1D F1="7.475012" intensity="9.620186e-001" type="0"/>
    <Peak1D F1="7.461912" intensity="1.196418e+000" type="0"/>
    <Peak1D F1="7.457853" intensity="2.826346e+000" type="0"/>
    <Peak1D F1="7.452084" intensity="3.770035e-001" type="0"/>
    <Peak1D F1="7.445112" intensity="1.197136e-001" type="0"/>
    <Peak1D F1="7.439864" intensity="2.378545e-001" type="0"/>
    <Peak1D F1="7.429887" intensity="5.638202e-002" type="0"/>
    <Peak1D F1="7.407887" intensity="4.607590e-002" type="0"/>
    <Peak1D F1="7.322082" intensity="1.397575e-002" type="0"/>
    <Peak1D F1="7.298211" intensity="1.026300e-002" type="0"/>
    <Peak1D F1="7.288937" intensity="8.665206e-003" type="0"/>
    <Peak1D F1="7.273168" intensity="1.538370e-002" type="0"/>
    <Peak1D F1="7.246108" intensity="1.202570e-001" type="0"/>
    <Peak1D F1="7.225390" intensity="4.732940e-002" type="0"/>
    <Peak1D F1="7.195896" intensity="6.214480e+000" type="0"/>
    <Peak1D F1="7.172326" intensity="1.161688e-002" type="0"/>
    <Peak1D F1="7.162497" intensity="7.423579e-003" type="0"/>
    <Peak1D F1="7.144028" intensity="1.970421e-001" type="0"/>
    <Peak1D F1="7.139078" intensity="6.000821e-002" type="0"/>
    <Peak1D F1="7.127045" intensity="8.438028e-002" type="0"/>
    <Peak1D F1="7.121771" intensity="2.896104e-001" type="0"/>
    <Peak1D F1="7.116438" intensity="7.422577e-002" type="0"/>
    <Peak1D F1="7.104470" intensity="6.306952e-002" type="0"/>
    <Peak1D F1="7.099619" intensity="1.680176e-001" type="0"/>
    <Peak1D F1="7.094054" intensity="4.006707e-002" type="0"/>
    <Peak1D F1="7.084064" intensity="2.804200e-002" type="0"/>
    <Peak1D F1="7.072080" intensity="4.275454e-002" type="0"/>
    <Peak1D F1="7.066381" intensity="5.283185e-002" type="0"/>
    <Peak1D F1="7.061811" intensity="5.684031e-002" type="0"/>
    <Peak1D F1="7.049701" intensity="4.135558e-002" type="0"/>
    <Peak1D F1="7.043898" intensity="1.006001e-001" type="0"/>
    <Peak1D F1="7.027999" intensity="1.260966e-001" type="0"/>
    <Peak1D F1="7.021943" intensity="1.132435e-001" type="0"/>
    <Peak1D F1="7.016155" intensity="3.894266e-002" type="0"/>
    <Peak1D F1="7.011278" intensity="6.230139e-002" type="0"/>
    <Peak1D F1="7.005966" intensity="1.748102e-001" type="0"/>
    <Peak1D F1="7.000047" intensity="7.778389e-002" type="0"/>
    <Peak1D F1="6.988512" intensity="4.163789e-002" type="0"/>
    <Peak1D F1="6.983678" intensity="9.120607e-002" type="0"/>
    <Peak1D F1="6.943977" intensity="9.250412e-003" type="0"/>
    <Peak1D F1="6.931855" intensity="3.322463e-002" type="0"/>
    <Peak1D F1="6.921119" intensity="1.221299e-002" type="0"/>
    <Peak1D F1="6.899368" intensity="8.335285e-003" type="0"/>
    <Peak1D F1="6.865694" intensity="4.815392e-003" type="0"/>
    <Peak1D F1="6.841311" intensity="7.623114e-003" type="0"/>
    <Peak1D F1="6.819394" intensity="4.984390e-003" type="0"/>
    <Peak1D F1="6.717339" intensity="4.254923e-003" type="0"/>
    <Peak1D F1="6.313006" intensity="5.834052e-003" type="0"/>
    <Peak1D F1="6.215409" intensity="1.902477e-002" type="0"/>
    <Peak1D F1="6.209482" intensity="1.424470e-002" type="0"/>
    <Peak1D F1="6.116519" intensity="1.160947e-001" type="0"/>
    <Peak1D F1="6.095280" intensity="8.659748e-003" type="0"/>
    <Peak1D F1="6.066702" intensity="9.021351e-002" type="0"/>
    <Peak1D F1="6.016426" intensity="4.947820e+000" type="0"/>
    <Peak1D F1="5.966209" intensity="5.670039e-002" type="0"/>
    <Peak1D F1="5.901954" intensity="2.752339e-002" type="0"/>
    <Peak1D F1="5.890752" intensity="2.813073e-002" type="0"/>
    <Peak1D F1="5.843450" intensity="4.948226e-003" type="0"/>
    <Peak1D F1="5.814458" intensity="1.075573e-002" type="0"/>
    <Peak1D F1="5.809068" intensity="5.902556e-003" type="0"/>
    <Peak1D F1="5.797766" intensity="1.683063e-002" type="0"/>
    <Peak1D F1="5.791281" intensity="1.770897e-002" type="0"/>
    <Peak1D F1="5.754558" intensity="5.496278e-003" type="0"/>
    <Peak1D F1="5.629767" intensity="2.073916e-002" type="0"/>
    <Peak1D F1="5.602929" intensity="2.190198e-002" type="0"/>
    <Peak1D F1="5.565109" intensity="7.524998e-003" type="0"/>
    <Peak1D F1="5.537632" intensity="6.969605e-003" type="0"/>
    <Peak1D F1="5.483842" intensity="9.629564e-003" type="0"/>
    <Peak1D F1="5.472214" intensity="4.306037e-003" type="0"/>
    <Peak1D F1="5.441436" intensity="8.066826e-003" type="0"/>
    <Peak1D F1="5.374171" intensity="9.882643e-003" type="0"/>
    <Peak1D F1="5.354321" intensity="1.036099e-001" type="0"/>
    <Peak1D F1="5.346938" intensity="1.018436e-001" type="0"/>
    <Peak1D F1="5.316407" intensity="1.450097e-002" type="0"/>
    <Peak1D F1="5.273566" intensity="4.444664e-003" type="0"/>
    <Peak1D F1="5.214604" intensity="5.027665e-003" type="0"/>
    <Peak1D F1="5.126290" intensity="9.078393e-003" type="0"/>
    <Peak1D F1="5.110999" intensity="8.799739e-003" type="0"/>
    <Peak1D F1="5.036563" intensity="4.330169e-003" type="0"/>
    <Peak1D F1="5.009222" intensity="4.566044e-003" type="0"/>
    <Peak1D F1="4.969968" intensity="1.475187e-002" type="0"/>
    <Peak1D F1="4.947220" intensity="1.295512e-002" type="0"/>
    <Peak1D F1="4.891129" intensity="1.734944e-002" type="0"/>
    <Peak1D F1="4.868973" intensity="2.397143e-002" type="0"/>
    <Peak1D F1="4.852398" intensity="2.458370e-002" type="0"/>
    <Peak1D F1="4.840912" intensity="4.444709e-002" type="0"/>
    <Peak1D F1="4.818402" intensity="5.366883e-002" type="0"/>
    <Peak1D F1="4.790874" intensity="1.532364e+000" type="0"/>
    <Peak1D F1="4.768076" intensity="1.562003e+000" type="0"/>
    <Peak1D F1="4.740249" intensity="6.428253e-002" type="0"/>
    <Peak1D F1="4.717804" intensity="9.504979e-002" type="0"/>
    <Peak1D F1="4.675100" intensity="1.815381e-001" type="0"/>
    <Peak1D F1="4.607712" intensity="4.573471e-002" type="0"/>
    <Peak1D F1="4.584854" intensity="2.971658e-002" type="0"/>
    <Peak1D F1="4.540105" intensity="1.286673e-002" type="0"/>
    <Peak1D F1="4.441091" intensity="5.277394e-003" type="0"/>
    <Peak1D F1="3.976862" intensity="4.492552e-003" type="0"/>
    <Peak1D F1="3.876814" intensity="7.554580e-002" type="0"/>
    <Peak1D F1="3.860147" intensity="7.964862e-003" type="0"/>
    <Peak1D F1="3.843346" intensity="5.705236e-002" type="0"/>
    <Peak1D F1="3.834686" intensity="1.374521e-002" type="0"/>
    <Peak1D F1="3.821171" intensity="3.634003e-002" type="0"/>
    <Peak1D F1="3.809901" intensity="3.819714e-001" type="0"/>
    <Peak1D F1="3.799040" intensity="1.126256e-002" type="0"/>
    <Peak1D F1="3.749689" intensity="2.794488e-001" type="0"/>
    <Peak1D F1="3.744475" intensity="2.117461e-001" type="0"/>
    <Peak1D F1="3.738636" intensity="3.513218e-002" type="0"/>
    <Peak1D F1="3.699411" intensity="1.500000e+001" type="0"/>
    <Peak1D F1="3.665873" intensity="2.142933e-002" type="0"/>
    <Peak1D F1="3.658074" intensity="2.795774e-002" type="0"/>
    <Peak1D F1="3.649210" intensity="1.817314e-001" type="0"/>
    <Peak1D F1="3.616969" intensity="6.528868e-003" type="0"/>
    <Peak1D F1="3.598265" intensity="6.413143e-003" type="0"/>
    <Peak1D F1="3.517167" intensity="7.729299e-002" type="0"/>
    <Peak1D F1="3.457189" intensity="4.613465e-003" type="0"/>
    <Peak1D F1="3.234169" intensity="4.485754e-003" type="0"/>
    <Peak1D F1="3.202913" intensity="4.622152e-003" type="0"/>
    <Peak1D F1="2.960463" intensity="4.894117e-003" type="0"/>
    <Peak1D F1="2.942643" intensity="7.413902e-003" type="0"/>
    <Peak1D F1="2.924546" intensity="5.620255e-003" type="0"/>
    <Peak1D F1="2.771477" intensity="1.218886e-002" type="0"/>
    <Peak1D F1="2.746986" intensity="1.698701e-002" type="0"/>
    <Peak1D F1="2.737381" intensity="1.373576e-002" type="0"/>
    <Peak1D F1="2.724854" intensity="1.386845e-002" type="0"/>
    <Peak1D F1="2.650785" intensity="6.965286e-003" type="0"/>
    <Peak1D F1="2.642118" intensity="6.724129e-003" type="0"/>
    <Peak1D F1="2.618998" intensity="1.078393e-002" type="0"/>
    <Peak1D F1="2.596052" intensity="9.779898e-003" type="0"/>
    <Peak1D F1="2.522900" intensity="9.871163e-003" type="0"/>
    <Peak1D F1="2.479650" intensity="1.813632e-002" type="0"/>
    <Peak1D F1="2.463577" intensity="2.397218e-002" type="0"/>
    <Peak1D F1="2.436134" intensity="2.583354e-001" type="0"/>
    <Peak1D F1="2.431293" intensity="2.824712e-001" type="0"/>
    <Peak1D F1="2.422860" intensity="1.501283e-001" type="0"/>
    <Peak1D F1="2.415217" intensity="2.852944e-001" type="0"/>
    <Peak1D F1="2.410167" intensity="3.036260e-001" type="0"/>
    <Peak1D F1="2.405990" intensity="1.777962e-001" type="0"/>
    <Peak1D F1="2.386496" intensity="4.267188e-001" type="0"/>
    <Peak1D F1="2.382923" intensity="3.916774e-001" type="0"/>
    <Peak1D F1="2.378193" intensity="3.068515e-001" type="0"/>
    <Peak1D F1="2.370934" intensity="2.121747e-001" type="0"/>
    <Peak1D F1="2.366128" intensity="3.895870e-001" type="0"/>
    <Peak1D F1="2.361995" intensity="4.954430e-001" type="0"/>
    <Peak1D F1="2.357591" intensity="2.761763e-001" type="0"/>
    <Peak1D F1="2.351333" intensity="3.125687e-001" type="0"/>
    <Peak1D F1="2.328143" intensity="5.296144e-001" type="0"/>
    <Peak1D F1="2.320947" intensity="3.163659e-001" type="0"/>
    <Peak1D F1="2.317641" intensity="2.718593e-001" type="0"/>
    <Peak1D F1="2.308549" intensity="4.054287e-001" type="0"/>
    <Peak1D F1="2.305032" intensity="3.552783e-001" type="0"/>
    <Peak1D F1="2.298156" intensity="4.788145e-001" type="0"/>
    <Peak1D F1="2.286014" intensity="1.388384e-001" type="0"/>
    <Peak1D F1="2.278308" intensity="2.961023e-001" type="0"/>
    <Peak1D F1="2.275327" intensity="2.753230e-001" type="0"/>
    <Peak1D F1="2.250845" intensity="5.574823e-001" type="0"/>
    <Peak1D F1="2.235403" intensity="1.071216e-001" type="0"/>
    <Peak1D F1="2.228779" intensity="5.993730e-001" type="0"/>
    <Peak1D F1="2.224557" intensity="5.967463e-001" type="0"/>
    <Peak1D F1="2.209866" intensity="1.368289e-001" type="0"/>
    <Peak1D F1="2.201948" intensity="7.765402e-001" type="0"/>
    <Peak1D F1="2.194467" intensity="1.287274e-001" type="0"/>
    <Peak1D F1="2.180562" intensity="4.059505e-001" type="0"/>
    <Peak1D F1="2.175798" intensity="4.120198e-001" type="0"/>
    <Peak1D F1="2.169377" intensity="9.784880e-002" type="0"/>
    <Peak1D F1="2.165746" intensity="9.821379e-002" type="0"/>
    <Peak1D F1="2.153419" intensity="4.792760e-001" type="0"/>
    <Peak1D F1="2.145913" intensity="2.711476e-001" type="0"/>
    <Peak1D F1="2.132961" intensity="2.144479e-001" type="0"/>
    <Peak1D F1="2.115391" intensity="2.862174e+000" type="0"/>
    <Peak1D F1="2.107375" intensity="2.203024e+000" type="0"/>
    <Peak1D F1="2.105164" intensity="2.351502e+000" type="0"/>
    <Peak1D F1="2.100015" intensity="4.290123e+000" type="0"/>
    <Peak1D F1="2.095805" intensity="9.083902e+000" type="0"/>
    <Peak1D F1="2.084239" intensity="2.416559e+000" type="0"/>
    <Peak1D F1="2.077144" intensity="4.450206e+000" type="0"/>
    <Peak1D F1="2.069267" intensity="6.740953e-001" type="0"/>
    <Peak1D F1="2.061059" intensity="2.753987e-001" type="0"/>
    <Peak1D F1="2.055833" intensity="2.309491e-001" type="0"/>
    <Peak1D F1="2.052181" intensity="2.265637e-001" type="0"/>
    <Peak1D F1="2.050056" intensity="2.299609e-001" type="0"/>
    <Peak1D F1="2.045862" intensity="2.121392e-001" type="0"/>
    <Peak1D F1="2.027149" intensity="9.683780e-002" type="0"/>
    <Peak1D F1="1.989546" intensity="1.854749e-001" type="0"/>
    <Peak1D F1="1.985506" intensity="2.558959e-001" type="0"/>
    <Peak1D F1="1.980897" intensity="2.029829e-001" type="0"/>
    <Peak1D F1="1.968648" intensity="2.798633e-001" type="0"/>
    <Peak1D F1="1.963691" intensity="3.841486e-001" type="0"/>
    <Peak1D F1="1.957966" intensity="4.839909e-001" type="0"/>
    <Peak1D F1="1.953545" intensity="4.673233e-001" type="0"/>
    <Peak1D F1="1.948906" intensity="4.720190e-001" type="0"/>
    <Peak1D F1="1.941004" intensity="7.545784e-001" type="0"/>
    <Peak1D F1="1.936761" intensity="1.441511e+000" type="0"/>
    <Peak1D F1="1.932239" intensity="7.401714e-001" type="0"/>
    <Peak1D F1="1.925255" intensity="7.013674e-001" type="0"/>
    <Peak1D F1="1.919712" intensity="7.095788e-001" type="0"/>
    <Peak1D F1="1.910195" intensity="4.568886e+000" type="0"/>
    <Peak1D F1="1.900703" intensity="3.495018e+000" type="0"/>
    <Peak1D F1="1.898581" intensity="3.650095e+000" type="0"/>
    <Peak1D F1="1.895590" intensity="2.713649e+000" type="0"/>
    <Peak1D F1="1.890502" intensity="9.677095e+000" type="0"/>
    <Peak1D F1="1.881876" intensity="3.213778e+000" type="0"/>
    <Peak1D F1="1.879399" intensity="3.434557e+000" type="0"/>
    <Peak1D F1="1.871049" intensity="2.862245e+000" type="0"/>
    <Peak1D F1="1.859185" intensity="3.644938e-001" type="0"/>
    <Peak1D F1="1.849064" intensity="2.194293e-001" type="0"/>
    <Peak1D F1="1.840322" intensity="1.865307e-001" type="0"/>
    <Peak1D F1="1.829162" intensity="9.659316e-002" type="0"/>
    <Peak1D F1="1.821173" intensity="7.972723e-002" type="0"/>
    <Peak1D F1="1.808850" intensity="6.092761e-002" type="0"/>
    <Peak1D F1="1.795283" intensity="6.261435e-002" type="0"/>
    <Peak1D F1="1.778590" intensity="5.762903e-002" type="0"/>
    <Peak1D F1="1.758986" intensity="5.133814e-002" type="0"/>
    <Peak1D F1="1.744558" intensity="1.611673e-001" type="0"/>
    <Peak1D F1="1.728809" intensity="2.263466e-001" type="0"/>
    <Peak1D F1="1.723469" intensity="2.071382e-001" type="0"/>
    <Peak1D F1="1.716298" intensity="2.525561e-001" type="0"/>
    <Peak1D F1="1.712665" intensity="1.759089e-001" type="0"/>
    <Peak1D F1="1.707591" intensity="2.825116e-001" type="0"/>
    <Peak1D F1="1.700594" intensity="4.369056e-001" type="0"/>
    <Peak1D F1="1.696614" intensity="3.972767e-001" type="0"/>
    <Peak1D F1="1.687702" intensity="3.101128e-001" type="0"/>
    <Peak1D F1="1.680614" intensity="1.059742e+000" type="0"/>
    <Peak1D F1="1.675614" intensity="5.481218e-001" type="0"/>
    <Peak1D F1="1.670099" intensity="6.184793e-001" type="0"/>
    <Peak1D F1="1.656851" intensity="8.904416e-001" type="0"/>
    <Peak1D F1="1.652276" intensity="7.774865e-001" type="0"/>
    <Peak1D F1="1.640849" intensity="5.167707e-001" type="0"/>
    <Peak1D F1="1.636504" intensity="6.072038e-001" type="0"/>
    <Peak1D F1="1.631918" intensity="4.750608e-001" type="0"/>
    <Peak1D F1="1.625039" intensity="2.544775e-001" type="0"/>
    <Peak1D F1="1.620195" intensity="2.877277e-001" type="0"/>
    <Peak1D F1="1.616330" intensity="2.941968e-001" type="0"/>
    <Peak1D F1="1.591089" intensity="8.003900e-002" type="0"/>
    <Peak1D F1="1.584668" intensity="8.636434e-002" type="0"/>
    <Peak1D F1="1.565519" intensity="8.279669e-002" type="0"/>
    <Peak1D F1="1.550739" intensity="8.604824e-002" type="0"/>
    <Peak1D F1="1.534603" intensity="2.997955e-001" type="0"/>
    <Peak1D F1="1.519268" intensity="2.137405e-001" type="0"/>
    <Peak1D F1="1.511954" intensity="2.520466e-001" type="0"/>
    <Peak1D F1="1.500502" intensity="4.610812e-001" type="0"/>
    <Peak1D F1="1.491929" intensity="1.713576e-001" type="0"/>
    <Peak1D F1="1.482903" intensity="5.718578e-001" type="0"/>
    <Peak1D F1="1.470174" intensity="3.855980e-001" type="0"/>
    <Peak1D F1="1.453298" intensity="3.905638e-001" type="0"/>
    <Peak1D F1="1.441157" intensity="8.622031e-002" type="0"/>
    <Peak1D F1="1.435488" intensity="1.248896e-001" type="0"/>
    <Peak1D F1="1.428401" intensity="6.926043e-002" type="0"/>
    <Peak1D F1="1.423320" intensity="1.375261e-001" type="0"/>
    <Peak1D F1="1.402842" intensity="3.365376e-002" type="0"/>
    <Peak1D F1="1.372339" intensity="2.445419e-002" type="0"/>
    <Peak1D F1="1.343612" intensity="2.045096e-002" type="0"/>
    <Peak1D F1="1.322768" intensity="1.792288e-002" type="0"/>
    <Peak1D F1="1.310957" intensity="1.566124e-002" type="0"/>
    <Peak1D F1="1.291604" intensity="1.751517e-002" type="0"/>
    <Peak1D F1="1.232572" intensity="3.297193e-002" type="0"/>
    <Peak1D F1="1.183675" intensity="7.803512e-002" type="0"/>
    <Peak1D F1="1.132047" intensity="1.003753e-002" type="0"/>
    <Peak1D F1="1.126311" intensity="7.734550e-003" type="0"/>
    <Peak1D F1="1.075231" intensity="6.692011e-003" type="0"/>
    <Peak1D F1="1.027463" intensity="6.215716e-003" type="0"/>
    <Peak1D F1="0.940404" intensity="4.760770e-003" type="0"/>
    <Peak1D F1="0.911815" intensity="4.490436e-003" type="0"/>
    <Peak1D F1="0.881015" intensity="5.541808e-003" type="0"/>
    <Peak1D F1="0.826694" intensity="1.429560e-002" type="0"/>
    <Peak1D F1="0.809157" intensity="2.530099e-002" type="0"/>
    <Peak1D F1="0.790956" intensity="1.562227e-002" type="0"/>
    <Peak1D F1="0.713218" intensity="4.638424e-003" type="0"/>
    <Peak1D F1="0.603472" intensity="4.987128e-003" type="0"/>
    <Peak1D F1="0.431613" intensity="4.892348e-003" type="0"/>
    <Peak1D F1="0.346334" intensity="4.152242e-003" type="0"/>
    <Peak1D F1="0.017229" intensity="6.550213e-003" type="0"/>
    <Peak1D F1="-0.000158" intensity="1.667441e-001" type="0"/>
    <Peak1D F1="-0.026407" intensity="4.867211e-003" type="0"/>
    <Peak1D F1="-2.114511" intensity="4.165870e-003" type="0"/>
  </PeakList1D>
</PeakList>
