<?xml version="1.0" encoding="UTF-8"?>
<PeakList>
  <PeakList1D>
    <PeakList1DHeader creator="nmr" date="2021-04-13T19:55:42.035+03:00" expNo="20" name="ID-342-Crude-13.4.21" owner="" procNo="1" source="//132.72.8.180/400b/Milo/Milo">
      <PeakPickDetails>F1=16.101830ppm, F2=-3.927216ppm, MI=0.00cm, MAXI=10000.00cm, PC=1.000
      </PeakPickDetails>
    </PeakList1DHeader>
    <Peak1D F1="14.034200" intensity="4.463296e-003" type="0"/>
    <Peak1D F1="13.158276" intensity="4.635619e-003" type="0"/>
    <Peak1D F1="10.093945" intensity="7.708952e-003" type="0"/>
    <Peak1D F1="9.077860" intensity="4.975925e-003" type="0"/>
    <Peak1D F1="8.411786" intensity="4.556386e-003" type="0"/>
    <Peak1D F1="8.407194" intensity="4.761717e-003" type="0"/>
    <Peak1D F1="8.403660" intensity="5.135417e-003" type="0"/>
    <Peak1D F1="8.370794" intensity="1.309464e-002" type="0"/>
    <Peak1D F1="8.366117" intensity="1.321168e-002" type="0"/>
    <Peak1D F1="8.342402" intensity="2.018190e-002" type="0"/>
    <Peak1D F1="8.321386" intensity="1.084227e-002" type="0"/>
    <Peak1D F1="8.290273" intensity="1.041367e-002" type="0"/>
    <Peak1D F1="8.270969" intensity="2.164984e-002" type="0"/>
    <Peak1D F1="8.239523" intensity="1.222171e-001" type="0"/>
    <Peak1D F1="8.222272" intensity="1.739067e-001" type="0"/>
    <Peak1D F1="8.217943" intensity="1.807784e-001" type="0"/>
    <Peak1D F1="8.201105" intensity="1.707713e-001" type="0"/>
    <Peak1D F1="8.186713" intensity="1.319505e-001" type="0"/>
    <Peak1D F1="8.158901" intensity="3.136284e+000" type="0"/>
    <Peak1D F1="8.154156" intensity="1.499730e+000" type="0"/>
    <Peak1D F1="8.137169" intensity="3.260846e+000" type="0"/>
    <Peak1D F1="8.131615" intensity="9.068363e-001" type="0"/>
    <Peak1D F1="8.113946" intensity="7.307645e-002" type="0"/>
    <Peak1D F1="8.108712" intensity="6.494525e-002" type="0"/>
    <Peak1D F1="8.087185" intensity="4.935696e-002" type="0"/>
    <Peak1D F1="8.063847" intensity="1.206851e-002" type="0"/>
    <Peak1D F1="8.041542" intensity="1.390591e-002" type="0"/>
    <Peak1D F1="8.022268" intensity="1.030167e-002" type="0"/>
    <Peak1D F1="8.000862" intensity="6.881444e-003" type="0"/>
    <Peak1D F1="7.971259" intensity="5.845665e-003" type="0"/>
    <Peak1D F1="7.940210" intensity="6.239193e-002" type="0"/>
    <Peak1D F1="7.934329" intensity="6.893378e-002" type="0"/>
    <Peak1D F1="7.924603" intensity="8.855049e-002" type="0"/>
    <Peak1D F1="7.919086" intensity="1.241800e-001" type="0"/>
    <Peak1D F1="7.913520" intensity="8.025731e-002" type="0"/>
    <Peak1D F1="7.903913" intensity="6.803884e-002" type="0"/>
    <Peak1D F1="7.898329" intensity="5.739443e-002" type="0"/>
    <Peak1D F1="7.845279" intensity="9.220514e-003" type="0"/>
    <Peak1D F1="7.832939" intensity="1.526463e-002" type="0"/>
    <Peak1D F1="7.810935" intensity="1.494269e-002" type="0"/>
    <Peak1D F1="7.783454" intensity="5.961608e-003" type="0"/>
    <Peak1D F1="7.733433" intensity="3.174099e-002" type="0"/>
    <Peak1D F1="7.717150" intensity="9.946778e-002" type="0"/>
    <Peak1D F1="7.701669" intensity="1.007005e-001" type="0"/>
    <Peak1D F1="7.696731" intensity="1.200441e-001" type="0"/>
    <Peak1D F1="7.681453" intensity="8.285041e-002" type="0"/>
    <Peak1D F1="7.661511" intensity="1.815518e-002" type="0"/>
    <Peak1D F1="7.625145" intensity="9.687080e-002" type="0"/>
    <Peak1D F1="7.603649" intensity="9.911803e-002" type="0"/>
    <Peak1D F1="7.588445" intensity="2.779016e-002" type="0"/>
    <Peak1D F1="7.577162" intensity="2.442767e-002" type="0"/>
    <Peak1D F1="7.555929" intensity="4.424784e-002" type="0"/>
    <Peak1D F1="7.542173" intensity="1.347769e-001" type="0"/>
    <Peak1D F1="7.519979" intensity="1.450580e-001" type="0"/>
    <Peak1D F1="7.511221" intensity="1.347319e-001" type="0"/>
    <Peak1D F1="7.481154" intensity="3.055578e+000" type="0"/>
    <Peak1D F1="7.459226" intensity="2.959110e+000" type="0"/>
    <Peak1D F1="7.441179" intensity="4.138193e-001" type="0"/>
    <Peak1D F1="7.409233" intensity="4.948134e-002" type="0"/>
    <Peak1D F1="7.392359" intensity="9.064076e-003" type="0"/>
    <Peak1D F1="7.323926" intensity="1.195735e-002" type="0"/>
    <Peak1D F1="7.317955" intensity="1.140019e-002" type="0"/>
    <Peak1D F1="7.298738" intensity="8.989631e-003" type="0"/>
    <Peak1D F1="7.274615" intensity="1.832296e-002" type="0"/>
    <Peak1D F1="7.246490" intensity="7.025301e-002" type="0"/>
    <Peak1D F1="7.225044" intensity="3.339974e-002" type="0"/>
    <Peak1D F1="7.218704" intensity="2.913480e-002" type="0"/>
    <Peak1D F1="7.196826" intensity="4.146239e+000" type="0"/>
    <Peak1D F1="7.145913" intensity="1.729658e-001" type="0"/>
    <Peak1D F1="7.123519" intensity="2.251059e-001" type="0"/>
    <Peak1D F1="7.101886" intensity="1.176071e-001" type="0"/>
    <Peak1D F1="7.085595" intensity="5.413755e-002" type="0"/>
    <Peak1D F1="7.067855" intensity="9.793457e-002" type="0"/>
    <Peak1D F1="7.063781" intensity="1.125425e-001" type="0"/>
    <Peak1D F1="7.045928" intensity="1.493400e-001" type="0"/>
    <Peak1D F1="7.030292" intensity="1.072037e-001" type="0"/>
    <Peak1D F1="7.024431" intensity="1.186726e-001" type="0"/>
    <Peak1D F1="7.009139" intensity="1.450190e-001" type="0"/>
    <Peak1D F1="6.987343" intensity="7.244208e-002" type="0"/>
    <Peak1D F1="6.960339" intensity="6.381618e-003" type="0"/>
    <Peak1D F1="6.933509" intensity="2.168215e-002" type="0"/>
    <Peak1D F1="6.923583" intensity="6.648255e-003" type="0"/>
    <Peak1D F1="6.866341" intensity="5.856258e-003" type="0"/>
    <Peak1D F1="6.844107" intensity="1.554492e-002" type="0"/>
    <Peak1D F1="6.822930" intensity="1.094267e-002" type="0"/>
    <Peak1D F1="6.719501" intensity="5.364168e-003" type="0"/>
    <Peak1D F1="6.708921" intensity="5.105954e-003" type="0"/>
    <Peak1D F1="6.687378" intensity="4.404575e-003" type="0"/>
    <Peak1D F1="6.215913" intensity="1.616347e-002" type="0"/>
    <Peak1D F1="6.117206" intensity="7.922531e-002" type="0"/>
    <Peak1D F1="6.067047" intensity="7.060408e-002" type="0"/>
    <Peak1D F1="6.017288" intensity="4.993961e+000" type="0"/>
    <Peak1D F1="5.967084" intensity="6.563489e-002" type="0"/>
    <Peak1D F1="5.905225" intensity="2.613663e-002" type="0"/>
    <Peak1D F1="5.894166" intensity="2.320559e-002" type="0"/>
    <Peak1D F1="5.815581" intensity="1.258774e-002" type="0"/>
    <Peak1D F1="5.799259" intensity="4.581233e-002" type="0"/>
    <Peak1D F1="5.791499" intensity="4.666840e-002" type="0"/>
    <Peak1D F1="5.747699" intensity="4.525519e-003" type="0"/>
    <Peak1D F1="5.630285" intensity="4.982861e-002" type="0"/>
    <Peak1D F1="5.603657" intensity="5.248794e-002" type="0"/>
    <Peak1D F1="5.578918" intensity="4.799733e-003" type="0"/>
    <Peak1D F1="5.566696" intensity="8.303027e-003" type="0"/>
    <Peak1D F1="5.540144" intensity="1.005708e-002" type="0"/>
    <Peak1D F1="5.531630" intensity="6.883700e-003" type="0"/>
    <Peak1D F1="5.492699" intensity="2.311829e-002" type="0"/>
    <Peak1D F1="5.463226" intensity="1.140207e-002" type="0"/>
    <Peak1D F1="5.442321" intensity="1.365785e-002" type="0"/>
    <Peak1D F1="5.407825" intensity="9.020872e-003" type="0"/>
    <Peak1D F1="5.375183" intensity="1.183236e-002" type="0"/>
    <Peak1D F1="5.357000" intensity="1.931178e-001" type="0"/>
    <Peak1D F1="5.350117" intensity="1.903438e-001" type="0"/>
    <Peak1D F1="5.314160" intensity="9.938965e-003" type="0"/>
    <Peak1D F1="5.281305" intensity="1.442648e-002" type="0"/>
    <Peak1D F1="5.266829" intensity="8.420872e-003" type="0"/>
    <Peak1D F1="5.231242" intensity="6.801824e-001" type="0"/>
    <Peak1D F1="5.182247" intensity="9.819444e-003" type="0"/>
    <Peak1D F1="5.126105" intensity="7.054106e-003" type="0"/>
    <Peak1D F1="5.112058" intensity="7.092171e-003" type="0"/>
    <Peak1D F1="5.007687" intensity="6.739578e-003" type="0"/>
    <Peak1D F1="4.983459" intensity="6.669932e-003" type="0"/>
    <Peak1D F1="4.968733" intensity="1.321700e-002" type="0"/>
    <Peak1D F1="4.948009" intensity="1.470352e-002" type="0"/>
    <Peak1D F1="4.916094" intensity="9.773128e-003" type="0"/>
    <Peak1D F1="4.891303" intensity="1.706646e-002" type="0"/>
    <Peak1D F1="4.872978" intensity="2.871725e-002" type="0"/>
    <Peak1D F1="4.854339" intensity="3.590609e-002" type="0"/>
    <Peak1D F1="4.841366" intensity="4.614598e-002" type="0"/>
    <Peak1D F1="4.818743" intensity="5.222085e-002" type="0"/>
    <Peak1D F1="4.791614" intensity="1.641363e+000" type="0"/>
    <Peak1D F1="4.768795" intensity="1.675436e+000" type="0"/>
    <Peak1D F1="4.740857" intensity="9.287952e-002" type="0"/>
    <Peak1D F1="4.687344" intensity="2.259016e-001" type="0"/>
    <Peak1D F1="4.585869" intensity="3.034883e-002" type="0"/>
    <Peak1D F1="4.534383" intensity="1.308618e-002" type="0"/>
    <Peak1D F1="4.484933" intensity="7.419660e-003" type="0"/>
    <Peak1D F1="4.463231" intensity="6.925126e-003" type="0"/>
    <Peak1D F1="4.426837" intensity="5.203205e-003" type="0"/>
    <Peak1D F1="4.394259" intensity="4.350628e-003" type="0"/>
    <Peak1D F1="3.963378" intensity="6.262311e-003" type="0"/>
    <Peak1D F1="3.926546" intensity="5.584835e-003" type="0"/>
    <Peak1D F1="3.922813" intensity="4.436176e-003" type="0"/>
    <Peak1D F1="3.878172" intensity="7.950518e-002" type="0"/>
    <Peak1D F1="3.861780" intensity="5.850968e-003" type="0"/>
    <Peak1D F1="3.844785" intensity="1.846708e-002" type="0"/>
    <Peak1D F1="3.811618" intensity="2.429338e-001" type="0"/>
    <Peak1D F1="3.750324" intensity="2.287219e-001" type="0"/>
    <Peak1D F1="3.746608" intensity="1.811424e-001" type="0"/>
    <Peak1D F1="3.700701" intensity="1.500000e+001" type="0"/>
    <Peak1D F1="3.667312" intensity="2.588075e-002" type="0"/>
    <Peak1D F1="3.650563" intensity="2.155488e-001" type="0"/>
    <Peak1D F1="3.608515" intensity="5.455085e-003" type="0"/>
    <Peak1D F1="3.570060" intensity="4.505311e-003" type="0"/>
    <Peak1D F1="3.518547" intensity="7.964281e-002" type="0"/>
    <Peak1D F1="2.961193" intensity="4.982261e-003" type="0"/>
    <Peak1D F1="2.955003" intensity="4.871127e-003" type="0"/>
    <Peak1D F1="2.940789" intensity="8.846156e-003" type="0"/>
    <Peak1D F1="2.925439" intensity="5.882005e-003" type="0"/>
    <Peak1D F1="2.918007" intensity="4.810513e-003" type="0"/>
    <Peak1D F1="2.798767" intensity="5.815795e-003" type="0"/>
    <Peak1D F1="2.762716" intensity="2.278444e-002" type="0"/>
    <Peak1D F1="2.746161" intensity="2.721981e-002" type="0"/>
    <Peak1D F1="2.726739" intensity="2.135164e-002" type="0"/>
    <Peak1D F1="2.619109" intensity="1.448998e-002" type="0"/>
    <Peak1D F1="2.599082" intensity="1.479448e-002" type="0"/>
    <Peak1D F1="2.577635" intensity="1.700437e-002" type="0"/>
    <Peak1D F1="2.549262" intensity="2.080562e-002" type="0"/>
    <Peak1D F1="2.535111" intensity="1.927761e-002" type="0"/>
    <Peak1D F1="2.514145" intensity="1.753935e-002" type="0"/>
    <Peak1D F1="2.485969" intensity="2.911656e-002" type="0"/>
    <Peak1D F1="2.464206" intensity="3.166750e-002" type="0"/>
    <Peak1D F1="2.438151" intensity="3.084815e-001" type="0"/>
    <Peak1D F1="2.434062" intensity="3.362828e-001" type="0"/>
    <Peak1D F1="2.417326" intensity="3.496108e-001" type="0"/>
    <Peak1D F1="2.413083" intensity="3.694477e-001" type="0"/>
    <Peak1D F1="2.389203" intensity="5.033594e-001" type="0"/>
    <Peak1D F1="2.385427" intensity="4.765088e-001" type="0"/>
    <Peak1D F1="2.364838" intensity="5.547395e-001" type="0"/>
    <Peak1D F1="2.351080" intensity="3.481757e-001" type="0"/>
    <Peak1D F1="2.328636" intensity="5.981027e-001" type="0"/>
    <Peak1D F1="2.320909" intensity="3.655407e-001" type="0"/>
    <Peak1D F1="2.308266" intensity="4.853186e-001" type="0"/>
    <Peak1D F1="2.298299" intensity="5.555006e-001" type="0"/>
    <Peak1D F1="2.277562" intensity="3.425761e-001" type="0"/>
    <Peak1D F1="2.253500" intensity="5.149488e-001" type="0"/>
    <Peak1D F1="2.231086" intensity="6.472877e-001" type="0"/>
    <Peak1D F1="2.227909" intensity="5.994817e-001" type="0"/>
    <Peak1D F1="2.204690" intensity="7.539847e-001" type="0"/>
    <Peak1D F1="2.183044" intensity="4.150810e-001" type="0"/>
    <Peak1D F1="2.178413" intensity="4.070394e-001" type="0"/>
    <Peak1D F1="2.156011" intensity="5.237762e-001" type="0"/>
    <Peak1D F1="2.147344" intensity="3.646288e-001" type="0"/>
    <Peak1D F1="2.117062" intensity="4.470887e+000" type="0"/>
    <Peak1D F1="2.097534" intensity="1.372103e+001" type="0"/>
    <Peak1D F1="2.078811" intensity="6.819157e+000" type="0"/>
    <Peak1D F1="2.057123" intensity="3.862712e-001" type="0"/>
    <Peak1D F1="2.053539" intensity="3.880939e-001" type="0"/>
    <Peak1D F1="2.050961" intensity="3.804172e-001" type="0"/>
    <Peak1D F1="2.048012" intensity="3.932978e-001" type="0"/>
    <Peak1D F1="2.029771" intensity="1.899549e-001" type="0"/>
    <Peak1D F1="1.987324" intensity="3.032872e-001" type="0"/>
    <Peak1D F1="1.983024" intensity="2.576458e-001" type="0"/>
    <Peak1D F1="1.965472" intensity="4.615131e-001" type="0"/>
    <Peak1D F1="1.959832" intensity="5.915205e-001" type="0"/>
    <Peak1D F1="1.955346" intensity="5.806873e-001" type="0"/>
    <Peak1D F1="1.950229" intensity="6.084023e-001" type="0"/>
    <Peak1D F1="1.942576" intensity="7.927175e-001" type="0"/>
    <Peak1D F1="1.933054" intensity="9.924713e-001" type="0"/>
    <Peak1D F1="1.925906" intensity="9.786339e-001" type="0"/>
    <Peak1D F1="1.920902" intensity="1.079021e+000" type="0"/>
    <Peak1D F1="1.911256" intensity="6.867670e+000" type="0"/>
    <Peak1D F1="1.901233" intensity="6.140549e+000" type="0"/>
    <Peak1D F1="1.891718" intensity="1.382592e+001" type="0"/>
    <Peak1D F1="1.882524" intensity="5.590812e+000" type="0"/>
    <Peak1D F1="1.872462" intensity="4.481448e+000" type="0"/>
    <Peak1D F1="1.860297" intensity="6.150253e-001" type="0"/>
    <Peak1D F1="1.850068" intensity="3.593596e-001" type="0"/>
    <Peak1D F1="1.842114" intensity="3.219729e-001" type="0"/>
    <Peak1D F1="1.822933" intensity="1.409572e-001" type="0"/>
    <Peak1D F1="1.805290" intensity="7.226957e-002" type="0"/>
    <Peak1D F1="1.783632" intensity="6.050591e-002" type="0"/>
    <Peak1D F1="1.760511" intensity="6.986188e-002" type="0"/>
    <Peak1D F1="1.745012" intensity="1.821189e-001" type="0"/>
    <Peak1D F1="1.729284" intensity="2.408057e-001" type="0"/>
    <Peak1D F1="1.724376" intensity="2.474503e-001" type="0"/>
    <Peak1D F1="1.716987" intensity="2.815550e-001" type="0"/>
    <Peak1D F1="1.708120" intensity="3.119296e-001" type="0"/>
    <Peak1D F1="1.701114" intensity="4.779048e-001" type="0"/>
    <Peak1D F1="1.697211" intensity="4.314896e-001" type="0"/>
    <Peak1D F1="1.680392" intensity="1.137527e+000" type="0"/>
    <Peak1D F1="1.670991" intensity="7.086763e-001" type="0"/>
    <Peak1D F1="1.655985" intensity="1.032257e+000" type="0"/>
    <Peak1D F1="1.639184" intensity="6.257998e-001" type="0"/>
    <Peak1D F1="1.635343" intensity="6.831341e-001" type="0"/>
    <Peak1D F1="1.624352" intensity="2.998519e-001" type="0"/>
    <Peak1D F1="1.619227" intensity="3.711767e-001" type="0"/>
    <Peak1D F1="1.582775" intensity="1.081417e-001" type="0"/>
    <Peak1D F1="1.567024" intensity="1.046020e-001" type="0"/>
    <Peak1D F1="1.552045" intensity="1.099335e-001" type="0"/>
    <Peak1D F1="1.535460" intensity="3.267050e-001" type="0"/>
    <Peak1D F1="1.520111" intensity="2.701415e-001" type="0"/>
    <Peak1D F1="1.513031" intensity="2.879187e-001" type="0"/>
    <Peak1D F1="1.501205" intensity="5.420758e-001" type="0"/>
    <Peak1D F1="1.483884" intensity="6.606755e-001" type="0"/>
    <Peak1D F1="1.470940" intensity="4.480184e-001" type="0"/>
    <Peak1D F1="1.454268" intensity="4.475397e-001" type="0"/>
    <Peak1D F1="1.441926" intensity="1.002002e-001" type="0"/>
    <Peak1D F1="1.436268" intensity="1.310447e-001" type="0"/>
    <Peak1D F1="1.423967" intensity="1.543294e-001" type="0"/>
    <Peak1D F1="1.400885" intensity="4.853645e-002" type="0"/>
    <Peak1D F1="1.385792" intensity="3.166422e-002" type="0"/>
    <Peak1D F1="1.372351" intensity="3.901386e-002" type="0"/>
    <Peak1D F1="1.362508" intensity="3.068543e-002" type="0"/>
    <Peak1D F1="1.347715" intensity="2.974514e-002" type="0"/>
    <Peak1D F1="1.260459" intensity="3.788089e-002" type="0"/>
    <Peak1D F1="1.235436" intensity="6.301504e-002" type="0"/>
    <Peak1D F1="1.183735" intensity="1.411575e-001" type="0"/>
    <Peak1D F1="1.131972" intensity="1.203110e-002" type="0"/>
    <Peak1D F1="1.087055" intensity="8.018766e-003" type="0"/>
    <Peak1D F1="1.026393" intensity="7.689887e-003" type="0"/>
    <Peak1D F1="0.973399" intensity="6.284295e-003" type="0"/>
    <Peak1D F1="0.960929" intensity="6.007242e-003" type="0"/>
    <Peak1D F1="0.944339" intensity="6.784851e-003" type="0"/>
    <Peak1D F1="0.881469" intensity="6.317246e-003" type="0"/>
    <Peak1D F1="0.863776" intensity="7.140259e-003" type="0"/>
    <Peak1D F1="0.825397" intensity="2.405570e-002" type="0"/>
    <Peak1D F1="0.809476" intensity="3.970425e-002" type="0"/>
    <Peak1D F1="0.793337" intensity="2.330860e-002" type="0"/>
    <Peak1D F1="0.728959" intensity="7.664199e-003" type="0"/>
    <Peak1D F1="0.687337" intensity="5.884204e-003" type="0"/>
    <Peak1D F1="0.625199" intensity="5.977513e-003" type="0"/>
    <Peak1D F1="0.602586" intensity="5.165432e-003" type="0"/>
    <Peak1D F1="0.566603" intensity="4.989847e-003" type="0"/>
    <Peak1D F1="0.548328" intensity="5.141390e-003" type="0"/>
    <Peak1D F1="0.474141" intensity="5.388626e-003" type="0"/>
    <Peak1D F1="0.449161" intensity="5.740958e-003" type="0"/>
    <Peak1D F1="0.410223" intensity="6.359841e-003" type="0"/>
    <Peak1D F1="0.393815" intensity="6.528088e-003" type="0"/>
    <Peak1D F1="0.361061" intensity="5.414851e-003" type="0"/>
    <Peak1D F1="0.332031" intensity="5.712822e-003" type="0"/>
    <Peak1D F1="0.325289" intensity="6.098301e-003" type="0"/>
    <Peak1D F1="0.303839" intensity="5.312340e-003" type="0"/>
    <Peak1D F1="0.291847" intensity="5.474184e-003" type="0"/>
    <Peak1D F1="0.280391" intensity="5.555233e-003" type="0"/>
    <Peak1D F1="0.241059" intensity="4.908279e-003" type="0"/>
    <Peak1D F1="0.237361" intensity="4.578640e-003" type="0"/>
    <Peak1D F1="0.223295" intensity="5.694501e-003" type="0"/>
    <Peak1D F1="0.145542" intensity="4.832251e-003" type="0"/>
    <Peak1D F1="0.050407" intensity="1.010954e-002" type="0"/>
    <Peak1D F1="-0.000150" intensity="4.181917e-001" type="0"/>
    <Peak1D F1="-0.023596" intensity="4.828559e-003" type="0"/>
    <Peak1D F1="-0.049841" intensity="8.310911e-003" type="0"/>
    <Peak1D F1="-2.966350" intensity="4.325412e-003" type="0"/>
    <Peak1D F1="-3.111652" intensity="4.260093e-003" type="0"/>
  </PeakList1D>
</PeakList>
