<?xml version="1.0" encoding="UTF-8"?>
<PeakList>
  <PeakList1D>
    <PeakList1DHeader creator="nmr" date="2021-08-11T19:02:37.260+03:00" expNo="20" name="ID-427-F-11.8.21" owner="" procNo="1" source="//132.72.8.180/400b/Milo/Milo">
      <PeakPickDetails>F1=16.141171ppm, F2=-3.887876ppm, MI=0.00cm, MAXI=10000.00cm, PC=1.000
      </PeakPickDetails>
    </PeakList1DHeader>
    <Peak1D F1="16.122623" intensity="1.623618e-003" type="0"/>
    <Peak1D F1="16.034182" intensity="1.828921e-003" type="0"/>
    <Peak1D F1="15.902325" intensity="1.745244e-003" type="0"/>
    <Peak1D F1="15.887609" intensity="1.489631e-003" type="0"/>
    <Peak1D F1="15.840356" intensity="1.592400e-003" type="0"/>
    <Peak1D F1="15.801045" intensity="1.614222e-003" type="0"/>
    <Peak1D F1="15.766687" intensity="1.689570e-003" type="0"/>
    <Peak1D F1="15.694918" intensity="1.415888e-003" type="0"/>
    <Peak1D F1="15.610826" intensity="1.383178e-003" type="0"/>
    <Peak1D F1="15.570526" intensity="1.474284e-003" type="0"/>
    <Peak1D F1="12.800047" intensity="1.395248e-003" type="0"/>
    <Peak1D F1="12.214458" intensity="1.515838e-003" type="0"/>
    <Peak1D F1="11.929259" intensity="1.896899e-003" type="0"/>
    <Peak1D F1="11.762632" intensity="1.509023e-003" type="0"/>
    <Peak1D F1="11.749958" intensity="1.630942e-003" type="0"/>
    <Peak1D F1="11.538149" intensity="1.489159e-003" type="0"/>
    <Peak1D F1="11.483031" intensity="1.485798e-003" type="0"/>
    <Peak1D F1="11.443676" intensity="1.374679e-003" type="0"/>
    <Peak1D F1="11.397261" intensity="1.704043e-003" type="0"/>
    <Peak1D F1="11.357787" intensity="1.421146e-003" type="0"/>
    <Peak1D F1="11.301603" intensity="1.384362e-003" type="0"/>
    <Peak1D F1="11.240023" intensity="1.461454e-003" type="0"/>
    <Peak1D F1="11.222042" intensity="1.523177e-003" type="0"/>
    <Peak1D F1="11.214431" intensity="1.511910e-003" type="0"/>
    <Peak1D F1="10.991848" intensity="1.532505e-003" type="0"/>
    <Peak1D F1="10.911870" intensity="1.476012e-003" type="0"/>
    <Peak1D F1="10.892138" intensity="1.513962e-003" type="0"/>
    <Peak1D F1="10.873511" intensity="1.773705e-003" type="0"/>
    <Peak1D F1="10.866548" intensity="1.613750e-003" type="0"/>
    <Peak1D F1="10.768935" intensity="1.489228e-003" type="0"/>
    <Peak1D F1="10.707429" intensity="1.520864e-003" type="0"/>
    <Peak1D F1="10.300239" intensity="1.397400e-003" type="0"/>
    <Peak1D F1="10.083974" intensity="5.240076e-003" type="0"/>
    <Peak1D F1="10.053746" intensity="3.609246e-003" type="0"/>
    <Peak1D F1="8.392064" intensity="1.477400e-003" type="0"/>
    <Peak1D F1="8.318669" intensity="9.645144e-003" type="0"/>
    <Peak1D F1="8.305102" intensity="1.172514e-002" type="0"/>
    <Peak1D F1="8.212746" intensity="6.755999e-002" type="0"/>
    <Peak1D F1="8.194964" intensity="1.447589e-001" type="0"/>
    <Peak1D F1="8.190178" intensity="1.420527e-001" type="0"/>
    <Peak1D F1="8.182689" intensity="1.512498e-001" type="0"/>
    <Peak1D F1="8.172921" intensity="1.583451e-001" type="0"/>
    <Peak1D F1="8.164547" intensity="1.669515e-001" type="0"/>
    <Peak1D F1="8.153460" intensity="1.291883e-001" type="0"/>
    <Peak1D F1="8.134466" intensity="8.528971e-001" type="0"/>
    <Peak1D F1="8.129801" intensity="6.608076e-001" type="0"/>
    <Peak1D F1="8.125095" intensity="8.437582e-001" type="0"/>
    <Peak1D F1="8.117401" intensity="9.483090e-001" type="0"/>
    <Peak1D F1="8.112532" intensity="1.375566e+000" type="0"/>
    <Peak1D F1="8.103067" intensity="1.280275e+000" type="0"/>
    <Peak1D F1="8.097131" intensity="1.219111e+000" type="0"/>
    <Peak1D F1="8.087963" intensity="7.220201e-001" type="0"/>
    <Peak1D F1="8.080117" intensity="6.121587e-001" type="0"/>
    <Peak1D F1="8.075504" intensity="6.203443e-001" type="0"/>
    <Peak1D F1="8.020188" intensity="1.849445e-002" type="0"/>
    <Peak1D F1="7.998864" intensity="1.184510e-002" type="0"/>
    <Peak1D F1="7.874376" intensity="4.543811e-002" type="0"/>
    <Peak1D F1="7.862525" intensity="6.552774e-002" type="0"/>
    <Peak1D F1="7.854007" intensity="9.404499e-002" type="0"/>
    <Peak1D F1="7.847053" intensity="8.748418e-002" type="0"/>
    <Peak1D F1="7.842287" intensity="9.322533e-002" type="0"/>
    <Peak1D F1="7.834900" intensity="8.811517e-002" type="0"/>
    <Peak1D F1="7.813962" intensity="3.286466e-002" type="0"/>
    <Peak1D F1="7.790173" intensity="8.914850e-003" type="0"/>
    <Peak1D F1="7.781232" intensity="2.067643e-002" type="0"/>
    <Peak1D F1="7.772886" intensity="1.777890e-002" type="0"/>
    <Peak1D F1="7.760286" intensity="2.921997e-002" type="0"/>
    <Peak1D F1="7.751585" intensity="2.496678e-002" type="0"/>
    <Peak1D F1="7.719867" intensity="4.894454e-002" type="0"/>
    <Peak1D F1="7.711251" intensity="4.126071e-002" type="0"/>
    <Peak1D F1="7.703015" intensity="5.962506e-002" type="0"/>
    <Peak1D F1="7.682728" intensity="1.420072e-001" type="0"/>
    <Peak1D F1="7.678981" intensity="1.422945e-001" type="0"/>
    <Peak1D F1="7.662950" intensity="2.203202e-001" type="0"/>
    <Peak1D F1="7.642832" intensity="1.048036e-001" type="0"/>
    <Peak1D F1="7.611731" intensity="8.671847e-002" type="0"/>
    <Peak1D F1="7.590851" intensity="9.723068e-002" type="0"/>
    <Peak1D F1="7.569071" intensity="6.746620e-002" type="0"/>
    <Peak1D F1="7.548351" intensity="7.261402e-002" type="0"/>
    <Peak1D F1="7.543132" intensity="7.778872e-002" type="0"/>
    <Peak1D F1="7.526491" intensity="1.208948e-001" type="0"/>
    <Peak1D F1="7.518719" intensity="1.255169e-001" type="0"/>
    <Peak1D F1="7.496096" intensity="2.377930e-001" type="0"/>
    <Peak1D F1="7.477530" intensity="1.058333e+000" type="0"/>
    <Peak1D F1="7.472198" intensity="1.120481e+000" type="0"/>
    <Peak1D F1="7.466661" intensity="1.044935e+000" type="0"/>
    <Peak1D F1="7.455400" intensity="1.569934e+000" type="0"/>
    <Peak1D F1="7.452261" intensity="1.508458e+000" type="0"/>
    <Peak1D F1="7.435166" intensity="6.445475e-001" type="0"/>
    <Peak1D F1="7.430959" intensity="6.648664e-001" type="0"/>
    <Peak1D F1="7.411574" intensity="9.852670e-002" type="0"/>
    <Peak1D F1="7.406742" intensity="9.842245e-002" type="0"/>
    <Peak1D F1="7.398966" intensity="1.042901e-001" type="0"/>
    <Peak1D F1="7.390819" intensity="1.255688e-001" type="0"/>
    <Peak1D F1="7.380767" intensity="1.243438e-001" type="0"/>
    <Peak1D F1="7.374014" intensity="1.206495e-001" type="0"/>
    <Peak1D F1="7.369978" intensity="1.253884e-001" type="0"/>
    <Peak1D F1="7.365134" intensity="1.243427e-001" type="0"/>
    <Peak1D F1="7.360516" intensity="1.348209e-001" type="0"/>
    <Peak1D F1="7.355381" intensity="1.057382e-001" type="0"/>
    <Peak1D F1="7.349294" intensity="1.207401e-001" type="0"/>
    <Peak1D F1="7.338575" intensity="1.949833e-001" type="0"/>
    <Peak1D F1="7.325353" intensity="1.438496e-001" type="0"/>
    <Peak1D F1="7.317540" intensity="1.825269e-001" type="0"/>
    <Peak1D F1="7.306984" intensity="1.333367e-001" type="0"/>
    <Peak1D F1="7.298481" intensity="1.305467e-001" type="0"/>
    <Peak1D F1="7.286041" intensity="1.700778e-001" type="0"/>
    <Peak1D F1="7.236419" intensity="6.634507e+000" type="0"/>
    <Peak1D F1="7.184947" intensity="1.323710e-001" type="0"/>
    <Peak1D F1="7.155390" intensity="1.063095e-002" type="0"/>
    <Peak1D F1="7.147697" intensity="7.963614e-003" type="0"/>
    <Peak1D F1="7.136991" intensity="1.249244e-002" type="0"/>
    <Peak1D F1="7.123790" intensity="4.907037e-003" type="0"/>
    <Peak1D F1="7.095863" intensity="4.104408e-003" type="0"/>
    <Peak1D F1="7.086179" intensity="2.070982e-003" type="0"/>
    <Peak1D F1="7.076800" intensity="2.914733e-003" type="0"/>
    <Peak1D F1="6.971589" intensity="3.295383e-002" type="0"/>
    <Peak1D F1="6.710528" intensity="1.780445e-003" type="0"/>
    <Peak1D F1="6.689087" intensity="2.340700e-003" type="0"/>
    <Peak1D F1="6.199701" intensity="2.684017e-003" type="0"/>
    <Peak1D F1="6.113144" intensity="4.715308e-003" type="0"/>
    <Peak1D F1="6.102420" intensity="4.271785e-003" type="0"/>
    <Peak1D F1="6.087318" intensity="4.308421e-003" type="0"/>
    <Peak1D F1="6.050927" intensity="6.262099e-002" type="0"/>
    <Peak1D F1="6.043248" intensity="3.513516e-002" type="0"/>
    <Peak1D F1="6.036781" intensity="2.990403e-002" type="0"/>
    <Peak1D F1="6.001285" intensity="1.597718e+000" type="0"/>
    <Peak1D F1="5.992489" intensity="8.312541e-001" type="0"/>
    <Peak1D F1="5.986609" intensity="7.381171e-001" type="0"/>
    <Peak1D F1="5.967308" intensity="8.333341e-001" type="0"/>
    <Peak1D F1="5.951432" intensity="6.518238e-002" type="0"/>
    <Peak1D F1="5.935925" intensity="2.146639e-002" type="0"/>
    <Peak1D F1="5.917476" intensity="1.674898e-002" type="0"/>
    <Peak1D F1="5.801369" intensity="2.880745e-002" type="0"/>
    <Peak1D F1="5.746456" intensity="1.227436e-002" type="0"/>
    <Peak1D F1="5.656400" intensity="1.416334e-002" type="0"/>
    <Peak1D F1="5.636285" intensity="8.487608e-003" type="0"/>
    <Peak1D F1="5.629876" intensity="1.463336e-002" type="0"/>
    <Peak1D F1="5.611048" intensity="7.579475e-003" type="0"/>
    <Peak1D F1="5.494675" intensity="4.906689e-003" type="0"/>
    <Peak1D F1="5.454432" intensity="2.820250e-002" type="0"/>
    <Peak1D F1="5.445308" intensity="2.140860e-002" type="0"/>
    <Peak1D F1="5.423581" intensity="2.293844e-002" type="0"/>
    <Peak1D F1="5.378365" intensity="1.249862e-002" type="0"/>
    <Peak1D F1="5.335476" intensity="1.324067e-001" type="0"/>
    <Peak1D F1="5.328541" intensity="1.945484e-001" type="0"/>
    <Peak1D F1="5.321259" intensity="1.482018e-001" type="0"/>
    <Peak1D F1="5.303885" intensity="1.225449e-001" type="0"/>
    <Peak1D F1="5.253241" intensity="2.535995e-003" type="0"/>
    <Peak1D F1="5.114326" intensity="2.144694e-003" type="0"/>
    <Peak1D F1="4.999898" intensity="6.847869e-003" type="0"/>
    <Peak1D F1="4.980216" intensity="7.786084e-003" type="0"/>
    <Peak1D F1="4.930580" intensity="1.933373e-002" type="0"/>
    <Peak1D F1="4.909380" intensity="2.439027e-002" type="0"/>
    <Peak1D F1="4.884759" intensity="2.208814e-002" type="0"/>
    <Peak1D F1="4.871163" intensity="3.794517e-002" type="0"/>
    <Peak1D F1="4.859396" intensity="4.480033e-002" type="0"/>
    <Peak1D F1="4.850034" intensity="4.406505e-002" type="0"/>
    <Peak1D F1="4.821307" intensity="7.909974e-001" type="0"/>
    <Peak1D F1="4.799581" intensity="8.295066e-001" type="0"/>
    <Peak1D F1="4.772069" intensity="4.326868e-002" type="0"/>
    <Peak1D F1="4.749968" intensity="3.893268e-002" type="0"/>
    <Peak1D F1="4.720579" intensity="2.879304e-002" type="0"/>
    <Peak1D F1="4.710155" intensity="2.896724e-002" type="0"/>
    <Peak1D F1="4.703101" intensity="2.899866e-002" type="0"/>
    <Peak1D F1="4.691574" intensity="2.835458e-002" type="0"/>
    <Peak1D F1="4.649432" intensity="2.861328e-002" type="0"/>
    <Peak1D F1="4.639344" intensity="3.081775e-002" type="0"/>
    <Peak1D F1="4.616065" intensity="3.012218e-002" type="0"/>
    <Peak1D F1="4.436004" intensity="1.170984e-002" type="0"/>
    <Peak1D F1="4.394725" intensity="9.058425e-003" type="0"/>
    <Peak1D F1="4.288139" intensity="5.330172e-003" type="0"/>
    <Peak1D F1="4.258965" intensity="4.602114e-003" type="0"/>
    <Peak1D F1="4.210283" intensity="2.344343e-003" type="0"/>
    <Peak1D F1="3.975141" intensity="1.621087e-003" type="0"/>
    <Peak1D F1="3.947436" intensity="2.393765e-003" type="0"/>
    <Peak1D F1="3.863794" intensity="2.547348e-002" type="0"/>
    <Peak1D F1="3.855343" intensity="1.453359e-002" type="0"/>
    <Peak1D F1="3.849551" intensity="1.338579e-002" type="0"/>
    <Peak1D F1="3.830779" intensity="1.549155e-002" type="0"/>
    <Peak1D F1="3.797436" intensity="1.916476e-002" type="0"/>
    <Peak1D F1="3.788135" intensity="1.743578e-002" type="0"/>
    <Peak1D F1="3.780894" intensity="1.228128e-002" type="0"/>
    <Peak1D F1="3.772402" intensity="1.400809e-002" type="0"/>
    <Peak1D F1="3.765099" intensity="1.561129e-002" type="0"/>
    <Peak1D F1="3.754200" intensity="1.626409e-002" type="0"/>
    <Peak1D F1="3.735966" intensity="1.307613e-001" type="0"/>
    <Peak1D F1="3.728325" intensity="6.189778e-002" type="0"/>
    <Peak1D F1="3.722141" intensity="6.022616e-002" type="0"/>
    <Peak1D F1="3.702666" intensity="1.372210e-001" type="0"/>
    <Peak1D F1="3.686374" intensity="4.833297e+000" type="0"/>
    <Peak1D F1="3.677840" intensity="2.555898e+000" type="0"/>
    <Peak1D F1="3.672198" intensity="2.285805e+000" type="0"/>
    <Peak1D F1="3.653450" intensity="2.485806e+000" type="0"/>
    <Peak1D F1="3.636495" intensity="1.596926e-001" type="0"/>
    <Peak1D F1="3.627760" intensity="6.609763e-002" type="0"/>
    <Peak1D F1="3.621647" intensity="5.095267e-002" type="0"/>
    <Peak1D F1="3.603726" intensity="6.100840e-002" type="0"/>
    <Peak1D F1="3.586701" intensity="1.953577e-002" type="0"/>
    <Peak1D F1="3.504136" intensity="3.111831e-002" type="0"/>
    <Peak1D F1="3.495607" intensity="1.987976e-002" type="0"/>
    <Peak1D F1="3.489834" intensity="1.766773e-002" type="0"/>
    <Peak1D F1="3.471154" intensity="1.789706e-002" type="0"/>
    <Peak1D F1="3.447255" intensity="5.692929e-003" type="0"/>
    <Peak1D F1="3.435518" intensity="5.432093e-003" type="0"/>
    <Peak1D F1="3.419677" intensity="5.225432e-003" type="0"/>
    <Peak1D F1="3.411489" intensity="5.893453e-003" type="0"/>
    <Peak1D F1="3.369070" intensity="6.396851e-003" type="0"/>
    <Peak1D F1="3.273551" intensity="2.947191e-003" type="0"/>
    <Peak1D F1="3.230702" intensity="2.278101e-003" type="0"/>
    <Peak1D F1="3.209767" intensity="2.331798e-003" type="0"/>
    <Peak1D F1="3.184627" intensity="2.025315e-003" type="0"/>
    <Peak1D F1="3.148512" intensity="1.502686e-003" type="0"/>
    <Peak1D F1="3.136550" intensity="1.371267e-003" type="0"/>
    <Peak1D F1="2.998630" intensity="2.044428e-003" type="0"/>
    <Peak1D F1="2.931852" intensity="1.651628e-002" type="0"/>
    <Peak1D F1="2.922411" intensity="1.355317e-002" type="0"/>
    <Peak1D F1="2.913108" intensity="1.437179e-002" type="0"/>
    <Peak1D F1="2.890972" intensity="7.613951e-003" type="0"/>
    <Peak1D F1="2.818583" intensity="8.805251e-003" type="0"/>
    <Peak1D F1="2.761645" intensity="2.657361e-002" type="0"/>
    <Peak1D F1="2.739384" intensity="3.621171e-002" type="0"/>
    <Peak1D F1="2.684344" intensity="1.123942e-002" type="0"/>
    <Peak1D F1="2.676543" intensity="1.048503e-002" type="0"/>
    <Peak1D F1="2.663521" intensity="4.968849e-003" type="0"/>
    <Peak1D F1="2.655315" intensity="5.884221e-003" type="0"/>
    <Peak1D F1="2.588681" intensity="1.933780e-003" type="0"/>
    <Peak1D F1="2.529350" intensity="2.695233e-002" type="0"/>
    <Peak1D F1="2.481362" intensity="1.082855e-002" type="0"/>
    <Peak1D F1="2.398104" intensity="1.411376e-001" type="0"/>
    <Peak1D F1="2.387400" intensity="1.835113e-001" type="0"/>
    <Peak1D F1="2.376439" intensity="3.710701e-001" type="0"/>
    <Peak1D F1="2.372749" intensity="3.772846e-001" type="0"/>
    <Peak1D F1="2.355057" intensity="6.086283e-001" type="0"/>
    <Peak1D F1="2.347817" intensity="6.434478e-001" type="0"/>
    <Peak1D F1="2.335029" intensity="6.092744e-001" type="0"/>
    <Peak1D F1="2.326607" intensity="6.887658e-001" type="0"/>
    <Peak1D F1="2.305091" intensity="3.985480e-001" type="0"/>
    <Peak1D F1="2.272691" intensity="1.208687e-001" type="0"/>
    <Peak1D F1="2.254765" intensity="1.445328e-001" type="0"/>
    <Peak1D F1="2.240678" intensity="1.775597e-001" type="0"/>
    <Peak1D F1="2.223275" intensity="1.576162e-001" type="0"/>
    <Peak1D F1="2.213192" intensity="2.088737e-001" type="0"/>
    <Peak1D F1="2.202405" intensity="1.629309e-001" type="0"/>
    <Peak1D F1="2.190652" intensity="2.809724e-001" type="0"/>
    <Peak1D F1="2.186627" intensity="3.001341e-001" type="0"/>
    <Peak1D F1="2.179016" intensity="2.425501e-001" type="0"/>
    <Peak1D F1="2.164715" intensity="4.119855e-001" type="0"/>
    <Peak1D F1="2.140756" intensity="5.228898e-001" type="0"/>
    <Peak1D F1="2.137978" intensity="5.238017e-001" type="0"/>
    <Peak1D F1="2.130035" intensity="7.121473e-001" type="0"/>
    <Peak1D F1="2.100147" intensity="4.019536e+000" type="0"/>
    <Peak1D F1="2.098132" intensity="4.159574e+000" type="0"/>
    <Peak1D F1="2.080635" intensity="1.292271e+001" type="0"/>
    <Peak1D F1="2.072074" intensity="1.180869e+001" type="0"/>
    <Peak1D F1="2.069301" intensity="1.159787e+001" type="0"/>
    <Peak1D F1="2.066338" intensity="1.197159e+001" type="0"/>
    <Peak1D F1="2.062334" intensity="1.260448e+001" type="0"/>
    <Peak1D F1="2.054171" intensity="1.005234e+001" type="0"/>
    <Peak1D F1="2.047649" intensity="9.999001e+000" type="0"/>
    <Peak1D F1="2.030385" intensity="3.772097e+000" type="0"/>
    <Peak1D F1="1.978699" intensity="3.132721e-001" type="0"/>
    <Peak1D F1="1.950499" intensity="5.766019e-001" type="0"/>
    <Peak1D F1="1.931282" intensity="9.496363e-001" type="0"/>
    <Peak1D F1="1.912067" intensity="1.793362e+000" type="0"/>
    <Peak1D F1="1.901793" intensity="5.956992e+000" type="0"/>
    <Peak1D F1="1.889893" intensity="8.751565e+000" type="0"/>
    <Peak1D F1="1.887826" intensity="8.777934e+000" type="0"/>
    <Peak1D F1="1.882594" intensity="1.500000e+001" type="0"/>
    <Peak1D F1="1.874417" intensity="1.395466e+001" type="0"/>
    <Peak1D F1="1.871787" intensity="1.361550e+001" type="0"/>
    <Peak1D F1="1.863272" intensity="1.198828e+001" type="0"/>
    <Peak1D F1="1.853558" intensity="9.355551e+000" type="0"/>
    <Peak1D F1="1.834960" intensity="2.671004e+000" type="0"/>
    <Peak1D F1="1.751792" intensity="1.543357e-001" type="0"/>
    <Peak1D F1="1.731521" intensity="1.821808e-001" type="0"/>
    <Peak1D F1="1.700097" intensity="4.588158e-001" type="0"/>
    <Peak1D F1="1.694500" intensity="5.350301e-001" type="0"/>
    <Peak1D F1="1.691707" intensity="5.433257e-001" type="0"/>
    <Peak1D F1="1.671902" intensity="7.876277e-001" type="0"/>
    <Peak1D F1="1.661506" intensity="6.979095e-001" type="0"/>
    <Peak1D F1="1.656584" intensity="7.088953e-001" type="0"/>
    <Peak1D F1="1.649234" intensity="6.666898e-001" type="0"/>
    <Peak1D F1="1.646443" intensity="6.551905e-001" type="0"/>
    <Peak1D F1="1.641343" intensity="5.774779e-001" type="0"/>
    <Peak1D F1="1.625254" intensity="4.394093e-001" type="0"/>
    <Peak1D F1="1.617970" intensity="3.439152e-001" type="0"/>
    <Peak1D F1="1.612587" intensity="3.310176e-001" type="0"/>
    <Peak1D F1="1.610161" intensity="3.322871e-001" type="0"/>
    <Peak1D F1="1.542878" intensity="1.050346e-001" type="0"/>
    <Peak1D F1="1.526654" intensity="1.907465e-001" type="0"/>
    <Peak1D F1="1.507334" intensity="2.809830e-001" type="0"/>
    <Peak1D F1="1.489887" intensity="3.476588e-001" type="0"/>
    <Peak1D F1="1.478380" intensity="3.248180e-001" type="0"/>
    <Peak1D F1="1.472668" intensity="3.009879e-001" type="0"/>
    <Peak1D F1="1.461049" intensity="2.870744e-001" type="0"/>
    <Peak1D F1="1.444099" intensity="1.747974e-001" type="0"/>
    <Peak1D F1="1.372212" intensity="4.158656e-002" type="0"/>
    <Peak1D F1="1.318393" intensity="6.823049e-002" type="0"/>
    <Peak1D F1="1.303902" intensity="1.433815e-001" type="0"/>
    <Peak1D F1="1.296173" intensity="1.509737e-001" type="0"/>
    <Peak1D F1="1.292136" intensity="1.642215e-001" type="0"/>
    <Peak1D F1="1.273878" intensity="6.181680e-001" type="0"/>
    <Peak1D F1="1.271916" intensity="6.432959e-001" type="0"/>
    <Peak1D F1="1.268874" intensity="8.027797e-001" type="0"/>
    <Peak1D F1="1.258629" intensity="9.580655e-001" type="0"/>
    <Peak1D F1="1.255178" intensity="1.119604e+000" type="0"/>
    <Peak1D F1="1.247159" intensity="1.987312e+000" type="0"/>
    <Peak1D F1="1.238902" intensity="1.285195e+000" type="0"/>
    <Peak1D F1="1.233180" intensity="1.020595e+000" type="0"/>
    <Peak1D F1="1.228256" intensity="8.956742e-001" type="0"/>
    <Peak1D F1="1.214986" intensity="7.492697e-001" type="0"/>
    <Peak1D F1="1.203208" intensity="2.148005e-001" type="0"/>
    <Peak1D F1="1.197408" intensity="1.834793e-001" type="0"/>
    <Peak1D F1="1.190686" intensity="1.470322e-001" type="0"/>
    <Peak1D F1="1.184188" intensity="1.337695e-001" type="0"/>
    <Peak1D F1="1.176149" intensity="1.299977e-001" type="0"/>
    <Peak1D F1="1.105622" intensity="2.584692e-002" type="0"/>
    <Peak1D F1="1.088546" intensity="2.752162e-002" type="0"/>
    <Peak1D F1="1.036798" intensity="1.577644e-002" type="0"/>
    <Peak1D F1="1.025932" intensity="1.430245e-002" type="0"/>
    <Peak1D F1="0.969176" intensity="1.152170e-002" type="0"/>
    <Peak1D F1="0.949954" intensity="1.060351e-002" type="0"/>
    <Peak1D F1="0.876803" intensity="9.128198e-003" type="0"/>
    <Peak1D F1="0.860600" intensity="8.921580e-003" type="0"/>
    <Peak1D F1="0.847820" intensity="9.374344e-003" type="0"/>
    <Peak1D F1="0.800689" intensity="1.600429e-002" type="0"/>
    <Peak1D F1="0.786381" intensity="1.666464e-002" type="0"/>
    <Peak1D F1="0.694498" intensity="6.075985e-003" type="0"/>
    <Peak1D F1="0.686114" intensity="6.178108e-003" type="0"/>
    <Peak1D F1="0.633535" intensity="5.710081e-003" type="0"/>
    <Peak1D F1="0.623233" intensity="5.344471e-003" type="0"/>
    <Peak1D F1="0.513580" intensity="4.163953e-003" type="0"/>
    <Peak1D F1="0.489713" intensity="4.190135e-003" type="0"/>
    <Peak1D F1="0.445358" intensity="3.923594e-003" type="0"/>
    <Peak1D F1="0.433794" intensity="4.152626e-003" type="0"/>
    <Peak1D F1="0.399312" intensity="3.689117e-003" type="0"/>
    <Peak1D F1="0.388756" intensity="3.554252e-003" type="0"/>
    <Peak1D F1="0.337475" intensity="2.958818e-003" type="0"/>
    <Peak1D F1="0.301651" intensity="2.619626e-003" type="0"/>
    <Peak1D F1="0.269020" intensity="2.399405e-003" type="0"/>
    <Peak1D F1="0.239286" intensity="2.842651e-003" type="0"/>
    <Peak1D F1="0.153914" intensity="2.228539e-003" type="0"/>
    <Peak1D F1="0.110012" intensity="2.551814e-003" type="0"/>
    <Peak1D F1="0.100006" intensity="2.137894e-003" type="0"/>
    <Peak1D F1="0.077186" intensity="1.875321e-003" type="0"/>
    <Peak1D F1="0.063828" intensity="1.921075e-003" type="0"/>
    <Peak1D F1="0.034657" intensity="2.455739e-003" type="0"/>
    <Peak1D F1="-0.000151" intensity="4.480216e-002" type="0"/>
    <Peak1D F1="-0.006581" intensity="2.935306e-002" type="0"/>
    <Peak1D F1="-0.010308" intensity="2.779963e-002" type="0"/>
    <Peak1D F1="-0.022457" intensity="2.285388e-002" type="0"/>
    <Peak1D F1="-0.069380" intensity="1.550423e-003" type="0"/>
    <Peak1D F1="-0.085264" intensity="1.831299e-003" type="0"/>
    <Peak1D F1="-0.108708" intensity="1.684231e-003" type="0"/>
    <Peak1D F1="-0.180524" intensity="1.505004e-003" type="0"/>
    <Peak1D F1="-2.924298" intensity="1.454145e-003" type="0"/>
    <Peak1D F1="-3.132857" intensity="1.482235e-003" type="0"/>
    <Peak1D F1="-3.177844" intensity="1.772558e-003" type="0"/>
    <Peak1D F1="-3.209008" intensity="1.527149e-003" type="0"/>
    <Peak1D F1="-3.258595" intensity="1.517292e-003" type="0"/>
    <Peak1D F1="-3.278250" intensity="2.013823e-003" type="0"/>
    <Peak1D F1="-3.310583" intensity="1.577554e-003" type="0"/>
    <Peak1D F1="-3.318591" intensity="1.543380e-003" type="0"/>
    <Peak1D F1="-3.363688" intensity="1.715225e-003" type="0"/>
    <Peak1D F1="-3.414081" intensity="1.397367e-003" type="0"/>
    <Peak1D F1="-3.429834" intensity="1.597997e-003" type="0"/>
    <Peak1D F1="-3.447305" intensity="1.393912e-003" type="0"/>
    <Peak1D F1="-3.504202" intensity="1.445787e-003" type="0"/>
    <Peak1D F1="-3.514583" intensity="1.813707e-003" type="0"/>
    <Peak1D F1="-3.526895" intensity="1.484124e-003" type="0"/>
    <Peak1D F1="-3.548074" intensity="1.902740e-003" type="0"/>
    <Peak1D F1="-3.589783" intensity="1.686440e-003" type="0"/>
    <Peak1D F1="-3.654500" intensity="1.621435e-003" type="0"/>
    <Peak1D F1="-3.704343" intensity="1.792958e-003" type="0"/>
    <Peak1D F1="-3.748965" intensity="1.721302e-003" type="0"/>
    <Peak1D F1="-3.760842" intensity="1.760532e-003" type="0"/>
    <Peak1D F1="-3.800354" intensity="1.587508e-003" type="0"/>
  </PeakList1D>
</PeakList>
