<?xml version="1.0" encoding="UTF-8"?>
<PeakList>
  <PeakList1D>
    <PeakList1DHeader creator="nmr" date="2021-08-02T18:13:39.712+03:00" expNo="20" name="ID-421-H" owner="" procNo="1" source="//132.72.8.180/400b/Milo/Milo">
      <PeakPickDetails>F1=16.102060ppm, F2=-3.926985ppm, MI=0.00cm, MAXI=10000.00cm, PC=1.000
      </PeakPickDetails>
    </PeakList1DHeader>
    <Peak1D F1="11.664292" intensity="3.795829e-003" type="0"/>
    <Peak1D F1="10.094277" intensity="1.418141e-002" type="0"/>
    <Peak1D F1="8.365865" intensity="8.382535e-003" type="0"/>
    <Peak1D F1="8.342506" intensity="1.655256e-002" type="0"/>
    <Peak1D F1="8.320517" intensity="1.321510e-002" type="0"/>
    <Peak1D F1="8.286698" intensity="5.897253e-003" type="0"/>
    <Peak1D F1="8.221626" intensity="4.227854e-002" type="0"/>
    <Peak1D F1="8.208126" intensity="7.355520e-002" type="0"/>
    <Peak1D F1="8.199749" intensity="7.883369e-002" type="0"/>
    <Peak1D F1="8.186431" intensity="9.284678e-002" type="0"/>
    <Peak1D F1="8.177901" intensity="7.805088e-002" type="0"/>
    <Peak1D F1="8.158329" intensity="1.599273e+000" type="0"/>
    <Peak1D F1="8.153502" intensity="8.131238e-001" type="0"/>
    <Peak1D F1="8.136490" intensity="1.654630e+000" type="0"/>
    <Peak1D F1="8.131215" intensity="5.286053e-001" type="0"/>
    <Peak1D F1="8.099776" intensity="4.985582e-002" type="0"/>
    <Peak1D F1="8.087557" intensity="2.881927e-002" type="0"/>
    <Peak1D F1="8.043580" intensity="6.880643e-002" type="0"/>
    <Peak1D F1="8.024772" intensity="7.087449e-002" type="0"/>
    <Peak1D F1="7.998956" intensity="1.047361e-002" type="0"/>
    <Peak1D F1="7.943636" intensity="6.285144e-003" type="0"/>
    <Peak1D F1="7.927378" intensity="6.278822e-003" type="0"/>
    <Peak1D F1="7.837676" intensity="6.715647e-003" type="0"/>
    <Peak1D F1="7.818614" intensity="1.732730e-002" type="0"/>
    <Peak1D F1="7.799544" intensity="1.870471e-002" type="0"/>
    <Peak1D F1="7.777312" intensity="1.389484e-002" type="0"/>
    <Peak1D F1="7.758070" intensity="4.839038e-003" type="0"/>
    <Peak1D F1="7.740234" intensity="6.022622e-003" type="0"/>
    <Peak1D F1="7.719519" intensity="6.926867e-003" type="0"/>
    <Peak1D F1="7.680746" intensity="1.001832e-002" type="0"/>
    <Peak1D F1="7.662641" intensity="1.086819e-002" type="0"/>
    <Peak1D F1="7.608768" intensity="3.910955e-002" type="0"/>
    <Peak1D F1="7.586825" intensity="3.833077e-002" type="0"/>
    <Peak1D F1="7.551218" intensity="2.096739e-002" type="0"/>
    <Peak1D F1="7.529973" intensity="4.890620e-002" type="0"/>
    <Peak1D F1="7.519887" intensity="4.821951e-002" type="0"/>
    <Peak1D F1="7.498859" intensity="1.090627e-001" type="0"/>
    <Peak1D F1="7.480991" intensity="1.565806e+000" type="0"/>
    <Peak1D F1="7.459200" intensity="1.551643e+000" type="0"/>
    <Peak1D F1="7.442354" intensity="2.517689e-001" type="0"/>
    <Peak1D F1="7.416151" intensity="6.908849e-002" type="0"/>
    <Peak1D F1="7.391139" intensity="2.847568e-002" type="0"/>
    <Peak1D F1="7.370778" intensity="1.843294e-002" type="0"/>
    <Peak1D F1="7.350997" intensity="1.955649e-002" type="0"/>
    <Peak1D F1="7.324041" intensity="2.322984e-002" type="0"/>
    <Peak1D F1="7.296830" intensity="2.720050e-002" type="0"/>
    <Peak1D F1="7.273997" intensity="2.679273e-002" type="0"/>
    <Peak1D F1="7.246698" intensity="2.323173e-001" type="0"/>
    <Peak1D F1="7.196895" intensity="1.392402e+001" type="0"/>
    <Peak1D F1="7.167056" intensity="2.544382e-002" type="0"/>
    <Peak1D F1="7.146946" intensity="2.044668e-001" type="0"/>
    <Peak1D F1="7.053268" intensity="4.617126e-002" type="0"/>
    <Peak1D F1="7.033375" intensity="5.886683e-002" type="0"/>
    <Peak1D F1="7.024526" intensity="9.452893e-002" type="0"/>
    <Peak1D F1="6.999945" intensity="3.051584e-002" type="0"/>
    <Peak1D F1="6.975247" intensity="3.450193e-002" type="0"/>
    <Peak1D F1="6.949734" intensity="1.261738e-001" type="0"/>
    <Peak1D F1="6.932941" intensity="1.292002e-001" type="0"/>
    <Peak1D F1="6.215032" intensity="5.166990e-003" type="0"/>
    <Peak1D F1="6.118048" intensity="5.535190e-002" type="0"/>
    <Peak1D F1="6.067443" intensity="3.252093e-002" type="0"/>
    <Peak1D F1="6.017700" intensity="2.019594e+000" type="0"/>
    <Peak1D F1="5.967716" intensity="2.897478e-002" type="0"/>
    <Peak1D F1="5.929178" intensity="1.608038e-002" type="0"/>
    <Peak1D F1="5.917801" intensity="1.694585e-002" type="0"/>
    <Peak1D F1="5.815939" intensity="4.843825e-003" type="0"/>
    <Peak1D F1="5.779562" intensity="9.259439e-003" type="0"/>
    <Peak1D F1="5.769726" intensity="1.022539e-002" type="0"/>
    <Peak1D F1="5.628932" intensity="9.016493e-003" type="0"/>
    <Peak1D F1="5.603003" intensity="9.914743e-003" type="0"/>
    <Peak1D F1="5.528129" intensity="4.472478e-003" type="0"/>
    <Peak1D F1="5.486182" intensity="8.298176e-003" type="0"/>
    <Peak1D F1="5.406697" intensity="6.245742e-003" type="0"/>
    <Peak1D F1="5.355958" intensity="1.255677e-001" type="0"/>
    <Peak1D F1="5.348526" intensity="1.213057e-001" type="0"/>
    <Peak1D F1="5.312710" intensity="5.088795e-003" type="0"/>
    <Peak1D F1="5.273274" intensity="3.868597e-003" type="0"/>
    <Peak1D F1="5.109718" intensity="5.060150e-003" type="0"/>
    <Peak1D F1="5.094139" intensity="4.888782e-003" type="0"/>
    <Peak1D F1="5.061575" intensity="5.962867e-003" type="0"/>
    <Peak1D F1="5.012107" intensity="6.635149e-003" type="0"/>
    <Peak1D F1="4.971776" intensity="8.074457e-003" type="0"/>
    <Peak1D F1="4.947060" intensity="1.041951e-002" type="0"/>
    <Peak1D F1="4.891923" intensity="1.250028e-002" type="0"/>
    <Peak1D F1="4.869560" intensity="1.418609e-002" type="0"/>
    <Peak1D F1="4.855487" intensity="1.737810e-002" type="0"/>
    <Peak1D F1="4.842296" intensity="2.953760e-002" type="0"/>
    <Peak1D F1="4.818787" intensity="3.524587e-002" type="0"/>
    <Peak1D F1="4.792568" intensity="8.465691e-001" type="0"/>
    <Peak1D F1="4.769817" intensity="8.595272e-001" type="0"/>
    <Peak1D F1="4.742683" intensity="4.841002e-002" type="0"/>
    <Peak1D F1="4.718927" intensity="5.599922e-002" type="0"/>
    <Peak1D F1="4.663609" intensity="5.713760e-002" type="0"/>
    <Peak1D F1="4.608792" intensity="4.112865e-002" type="0"/>
    <Peak1D F1="4.586229" intensity="3.202364e-002" type="0"/>
    <Peak1D F1="4.523332" intensity="1.526228e-002" type="0"/>
    <Peak1D F1="4.491185" intensity="1.265563e-002" type="0"/>
    <Peak1D F1="4.467298" intensity="9.893355e-003" type="0"/>
    <Peak1D F1="4.450752" intensity="8.510692e-003" type="0"/>
    <Peak1D F1="4.389458" intensity="6.326599e-003" type="0"/>
    <Peak1D F1="4.358502" intensity="5.188594e-003" type="0"/>
    <Peak1D F1="4.313232" intensity="4.870119e-003" type="0"/>
    <Peak1D F1="4.287604" intensity="4.160431e-003" type="0"/>
    <Peak1D F1="4.254354" intensity="4.087498e-003" type="0"/>
    <Peak1D F1="4.193228" intensity="4.118742e-003" type="0"/>
    <Peak1D F1="4.171369" intensity="3.724101e-003" type="0"/>
    <Peak1D F1="3.972182" intensity="7.626295e-003" type="0"/>
    <Peak1D F1="3.949107" intensity="8.436418e-003" type="0"/>
    <Peak1D F1="3.923343" intensity="4.614989e-003" type="0"/>
    <Peak1D F1="3.916542" intensity="4.673274e-003" type="0"/>
    <Peak1D F1="3.878093" intensity="3.214557e-002" type="0"/>
    <Peak1D F1="3.844376" intensity="3.453178e-002" type="0"/>
    <Peak1D F1="3.822741" intensity="2.678553e-002" type="0"/>
    <Peak1D F1="3.811309" intensity="1.705797e-001" type="0"/>
    <Peak1D F1="3.750251" intensity="1.131333e-001" type="0"/>
    <Peak1D F1="3.745450" intensity="1.169940e-001" type="0"/>
    <Peak1D F1="3.700615" intensity="6.200453e+000" type="0"/>
    <Peak1D F1="3.660917" intensity="2.594237e-002" type="0"/>
    <Peak1D F1="3.650643" intensity="9.523340e-002" type="0"/>
    <Peak1D F1="3.518328" intensity="3.289715e-002" type="0"/>
    <Peak1D F1="3.416649" intensity="2.467638e-002" type="0"/>
    <Peak1D F1="3.158865" intensity="4.076217e-003" type="0"/>
    <Peak1D F1="2.960228" intensity="8.208850e-003" type="0"/>
    <Peak1D F1="2.954996" intensity="8.007893e-003" type="0"/>
    <Peak1D F1="2.943009" intensity="1.453258e-002" type="0"/>
    <Peak1D F1="2.936158" intensity="1.603840e-002" type="0"/>
    <Peak1D F1="2.924683" intensity="8.957410e-003" type="0"/>
    <Peak1D F1="2.918274" intensity="8.268365e-003" type="0"/>
    <Peak1D F1="2.807172" intensity="3.739273e-003" type="0"/>
    <Peak1D F1="2.782615" intensity="5.741076e-003" type="0"/>
    <Peak1D F1="2.753070" intensity="1.655254e-002" type="0"/>
    <Peak1D F1="2.702915" intensity="3.885201e-001" type="0"/>
    <Peak1D F1="2.654610" intensity="9.313009e-003" type="0"/>
    <Peak1D F1="2.622313" intensity="7.063021e-003" type="0"/>
    <Peak1D F1="2.599746" intensity="1.379260e-002" type="0"/>
    <Peak1D F1="2.573843" intensity="7.237072e-002" type="0"/>
    <Peak1D F1="2.546654" intensity="2.292587e-002" type="0"/>
    <Peak1D F1="2.525495" intensity="2.839589e-002" type="0"/>
    <Peak1D F1="2.514298" intensity="7.467023e-002" type="0"/>
    <Peak1D F1="2.481837" intensity="2.074166e-002" type="0"/>
    <Peak1D F1="2.454356" intensity="4.055819e-002" type="0"/>
    <Peak1D F1="2.431870" intensity="5.871997e-001" type="0"/>
    <Peak1D F1="2.423394" intensity="2.482622e-001" type="0"/>
    <Peak1D F1="2.416210" intensity="2.180580e-001" type="0"/>
    <Peak1D F1="2.410778" intensity="2.307715e-001" type="0"/>
    <Peak1D F1="2.387305" intensity="2.911588e-001" type="0"/>
    <Peak1D F1="2.383300" intensity="2.834977e-001" type="0"/>
    <Peak1D F1="2.371382" intensity="2.686753e-001" type="0"/>
    <Peak1D F1="2.362619" intensity="3.290096e-001" type="0"/>
    <Peak1D F1="2.352439" intensity="2.123049e-001" type="0"/>
    <Peak1D F1="2.329618" intensity="3.438321e-001" type="0"/>
    <Peak1D F1="2.312431" intensity="5.534074e-001" type="0"/>
    <Peak1D F1="2.299135" intensity="3.465814e-001" type="0"/>
    <Peak1D F1="2.279420" intensity="2.683781e-001" type="0"/>
    <Peak1D F1="2.253250" intensity="6.482673e-001" type="0"/>
    <Peak1D F1="2.236980" intensity="1.359500e-001" type="0"/>
    <Peak1D F1="2.228428" intensity="3.624595e-001" type="0"/>
    <Peak1D F1="2.224651" intensity="3.655254e-001" type="0"/>
    <Peak1D F1="2.201880" intensity="4.421284e-001" type="0"/>
    <Peak1D F1="2.180260" intensity="2.874609e-001" type="0"/>
    <Peak1D F1="2.175602" intensity="2.903204e-001" type="0"/>
    <Peak1D F1="2.153091" intensity="4.320362e-001" type="0"/>
    <Peak1D F1="2.145558" intensity="4.762531e-001" type="0"/>
    <Peak1D F1="2.115478" intensity="5.139316e+000" type="0"/>
    <Peak1D F1="2.096140" intensity="1.492945e+001" type="0"/>
    <Peak1D F1="2.084784" intensity="4.537243e+000" type="0"/>
    <Peak1D F1="2.077646" intensity="7.420151e+000" type="0"/>
    <Peak1D F1="2.056234" intensity="4.662903e-001" type="0"/>
    <Peak1D F1="2.051959" intensity="4.793032e-001" type="0"/>
    <Peak1D F1="2.046672" intensity="4.748526e-001" type="0"/>
    <Peak1D F1="2.027866" intensity="2.206555e-001" type="0"/>
    <Peak1D F1="1.985497" intensity="2.253253e-001" type="0"/>
    <Peak1D F1="1.958603" intensity="4.765217e-001" type="0"/>
    <Peak1D F1="1.948841" intensity="5.356619e-001" type="0"/>
    <Peak1D F1="1.941182" intensity="7.487604e-001" type="0"/>
    <Peak1D F1="1.932068" intensity="9.907022e-001" type="0"/>
    <Peak1D F1="1.925668" intensity="1.186703e+000" type="0"/>
    <Peak1D F1="1.920274" intensity="1.343736e+000" type="0"/>
    <Peak1D F1="1.910907" intensity="7.569734e+000" type="0"/>
    <Peak1D F1="1.900087" intensity="7.173383e+000" type="0"/>
    <Peak1D F1="1.891313" intensity="1.500000e+001" type="0"/>
    <Peak1D F1="1.881891" intensity="6.174569e+000" type="0"/>
    <Peak1D F1="1.872187" intensity="4.842957e+000" type="0"/>
    <Peak1D F1="1.859826" intensity="7.059498e-001" type="0"/>
    <Peak1D F1="1.849980" intensity="4.275998e-001" type="0"/>
    <Peak1D F1="1.841543" intensity="3.849285e-001" type="0"/>
    <Peak1D F1="1.822371" intensity="1.553695e-001" type="0"/>
    <Peak1D F1="1.786842" intensity="5.538821e-002" type="0"/>
    <Peak1D F1="1.775549" intensity="5.683944e-002" type="0"/>
    <Peak1D F1="1.760158" intensity="7.834874e-002" type="0"/>
    <Peak1D F1="1.744878" intensity="1.391520e-001" type="0"/>
    <Peak1D F1="1.729405" intensity="1.647370e-001" type="0"/>
    <Peak1D F1="1.724174" intensity="1.963020e-001" type="0"/>
    <Peak1D F1="1.717264" intensity="1.789586e-001" type="0"/>
    <Peak1D F1="1.708128" intensity="2.226883e-001" type="0"/>
    <Peak1D F1="1.701373" intensity="2.998760e-001" type="0"/>
    <Peak1D F1="1.697864" intensity="2.780524e-001" type="0"/>
    <Peak1D F1="1.689337" intensity="2.557443e-001" type="0"/>
    <Peak1D F1="1.681915" intensity="6.078252e-001" type="0"/>
    <Peak1D F1="1.671501" intensity="4.370685e-001" type="0"/>
    <Peak1D F1="1.658922" intensity="5.913540e-001" type="0"/>
    <Peak1D F1="1.642737" intensity="3.678597e-001" type="0"/>
    <Peak1D F1="1.638517" intensity="3.965281e-001" type="0"/>
    <Peak1D F1="1.626976" intensity="1.968825e-001" type="0"/>
    <Peak1D F1="1.622782" intensity="1.993023e-001" type="0"/>
    <Peak1D F1="1.586566" intensity="6.965740e-002" type="0"/>
    <Peak1D F1="1.551934" intensity="7.480646e-002" type="0"/>
    <Peak1D F1="1.535773" intensity="1.640894e-001" type="0"/>
    <Peak1D F1="1.520205" intensity="1.324765e-001" type="0"/>
    <Peak1D F1="1.513011" intensity="1.560326e-001" type="0"/>
    <Peak1D F1="1.501774" intensity="2.931409e-001" type="0"/>
    <Peak1D F1="1.484318" intensity="3.390214e-001" type="0"/>
    <Peak1D F1="1.471475" intensity="2.416255e-001" type="0"/>
    <Peak1D F1="1.454531" intensity="2.393949e-001" type="0"/>
    <Peak1D F1="1.436638" intensity="8.287886e-002" type="0"/>
    <Peak1D F1="1.424769" intensity="8.334035e-002" type="0"/>
    <Peak1D F1="1.401663" intensity="2.946475e-002" type="0"/>
    <Peak1D F1="1.376619" intensity="2.228630e-002" type="0"/>
    <Peak1D F1="1.343524" intensity="2.444442e-002" type="0"/>
    <Peak1D F1="1.264616" intensity="4.412324e-002" type="0"/>
    <Peak1D F1="1.237517" intensity="7.096691e-002" type="0"/>
    <Peak1D F1="1.213192" intensity="7.222220e-002" type="0"/>
    <Peak1D F1="1.185289" intensity="1.793118e-001" type="0"/>
    <Peak1D F1="1.154272" intensity="2.166699e-002" type="0"/>
    <Peak1D F1="1.125675" intensity="1.228101e-002" type="0"/>
    <Peak1D F1="1.052866" intensity="9.196842e-003" type="0"/>
    <Peak1D F1="1.031738" intensity="9.998586e-003" type="0"/>
    <Peak1D F1="0.998029" intensity="8.808360e-003" type="0"/>
    <Peak1D F1="0.942554" intensity="6.348247e-003" type="0"/>
    <Peak1D F1="0.936220" intensity="6.021078e-003" type="0"/>
    <Peak1D F1="0.912739" intensity="6.463535e-003" type="0"/>
    <Peak1D F1="0.905400" intensity="6.338640e-003" type="0"/>
    <Peak1D F1="0.861296" intensity="8.238825e-003" type="0"/>
    <Peak1D F1="0.826164" intensity="3.150754e-002" type="0"/>
    <Peak1D F1="0.810395" intensity="4.817801e-002" type="0"/>
    <Peak1D F1="0.793097" intensity="2.974597e-002" type="0"/>
    <Peak1D F1="0.671487" intensity="5.541397e-003" type="0"/>
    <Peak1D F1="0.612210" intensity="5.051007e-003" type="0"/>
    <Peak1D F1="0.582558" intensity="4.782085e-003" type="0"/>
    <Peak1D F1="0.559235" intensity="5.543599e-003" type="0"/>
    <Peak1D F1="0.509245" intensity="4.574107e-003" type="0"/>
    <Peak1D F1="0.491018" intensity="4.013742e-003" type="0"/>
    <Peak1D F1="0.486397" intensity="4.344753e-003" type="0"/>
    <Peak1D F1="0.433352" intensity="4.437354e-003" type="0"/>
    <Peak1D F1="0.396792" intensity="3.846061e-003" type="0"/>
    <Peak1D F1="0.374521" intensity="4.653077e-003" type="0"/>
    <Peak1D F1="0.262854" intensity="3.993955e-003" type="0"/>
    <Peak1D F1="0.143470" intensity="4.066372e-003" type="0"/>
    <Peak1D F1="0.050325" intensity="7.100819e-003" type="0"/>
    <Peak1D F1="-0.000157" intensity="2.903318e-001" type="0"/>
    <Peak1D F1="-0.023412" intensity="5.210985e-003" type="0"/>
    <Peak1D F1="-0.049664" intensity="7.100801e-003" type="0"/>
    <Peak1D F1="-0.126078" intensity="3.608074e-003" type="0"/>
    <Peak1D F1="-0.147098" intensity="3.904451e-003" type="0"/>
    <Peak1D F1="-3.732411" intensity="3.685046e-003" type="0"/>
  </PeakList1D>
</PeakList>
