<?xml version="1.0" encoding="UTF-8"?>
<PeakList>
  <PeakList1D>
    <PeakList1DHeader creator="nmr" date="2021-08-01T17:56:29.347+03:00" expNo="10" name="ID-419-G" owner="" procNo="1" source="//132.72.8.180/400b/Milo/Milo">
      <PeakPickDetails>F1=16.099199ppm, F2=-3.929846ppm, MI=0.00cm, MAXI=10000.00cm, PC=1.000
      </PeakPickDetails>
    </PeakList1DHeader>
    <Peak1D F1="13.032654" intensity="1.033356e-002" type="0"/>
    <Peak1D F1="10.315418" intensity="1.514696e-002" type="0"/>
    <Peak1D F1="10.143769" intensity="3.806189e-002" type="0"/>
    <Peak1D F1="10.125761" intensity="2.396385e-002" type="0"/>
    <Peak1D F1="10.094194" intensity="2.361680e+000" type="0"/>
    <Peak1D F1="10.062855" intensity="1.265344e-002" type="0"/>
    <Peak1D F1="10.044858" intensity="3.928176e-002" type="0"/>
    <Peak1D F1="9.868469" intensity="1.037913e-002" type="0"/>
    <Peak1D F1="8.529423" intensity="1.352421e-002" type="0"/>
    <Peak1D F1="8.431219" intensity="1.361900e-002" type="0"/>
    <Peak1D F1="8.382792" intensity="1.566408e-001" type="0"/>
    <Peak1D F1="8.370831" intensity="1.407625e-001" type="0"/>
    <Peak1D F1="8.342437" intensity="1.602234e+000" type="0"/>
    <Peak1D F1="8.320721" intensity="1.830921e+000" type="0"/>
    <Peak1D F1="8.292344" intensity="3.696889e-002" type="0"/>
    <Peak1D F1="8.271254" intensity="7.514960e-002" type="0"/>
    <Peak1D F1="8.262270" intensity="4.136955e-002" type="0"/>
    <Peak1D F1="8.250357" intensity="4.866010e-002" type="0"/>
    <Peak1D F1="8.241178" intensity="4.865597e-002" type="0"/>
    <Peak1D F1="8.219945" intensity="7.327626e-002" type="0"/>
    <Peak1D F1="8.208750" intensity="7.925092e-002" type="0"/>
    <Peak1D F1="8.186630" intensity="8.750784e-002" type="0"/>
    <Peak1D F1="8.159127" intensity="2.147976e+000" type="0"/>
    <Peak1D F1="8.154518" intensity="8.725698e-001" type="0"/>
    <Peak1D F1="8.137350" intensity="2.259056e+000" type="0"/>
    <Peak1D F1="8.131816" intensity="5.240619e-001" type="0"/>
    <Peak1D F1="8.109248" intensity="9.965459e-002" type="0"/>
    <Peak1D F1="8.087499" intensity="6.208256e-002" type="0"/>
    <Peak1D F1="8.069976" intensity="6.130952e-002" type="0"/>
    <Peak1D F1="8.048048" intensity="5.717411e-002" type="0"/>
    <Peak1D F1="8.020525" intensity="2.033412e+000" type="0"/>
    <Peak1D F1="8.016237" intensity="6.462957e-001" type="0"/>
    <Peak1D F1="8.003197" intensity="6.271621e-001" type="0"/>
    <Peak1D F1="7.999155" intensity="1.694974e+000" type="0"/>
    <Peak1D F1="7.969917" intensity="2.286205e-001" type="0"/>
    <Peak1D F1="7.949058" intensity="7.761312e-002" type="0"/>
    <Peak1D F1="7.922198" intensity="2.078665e-002" type="0"/>
    <Peak1D F1="7.896915" intensity="1.449330e-001" type="0"/>
    <Peak1D F1="7.879028" intensity="1.442731e-001" type="0"/>
    <Peak1D F1="7.828597" intensity="8.133056e-002" type="0"/>
    <Peak1D F1="7.808811" intensity="9.887394e-002" type="0"/>
    <Peak1D F1="7.767624" intensity="1.101874e-002" type="0"/>
    <Peak1D F1="7.731224" intensity="1.401228e-002" type="0"/>
    <Peak1D F1="7.657240" intensity="1.235953e-001" type="0"/>
    <Peak1D F1="7.636120" intensity="1.843657e-001" type="0"/>
    <Peak1D F1="7.615840" intensity="1.220377e-001" type="0"/>
    <Peak1D F1="7.596538" intensity="7.495790e-002" type="0"/>
    <Peak1D F1="7.575110" intensity="2.709526e-002" type="0"/>
    <Peak1D F1="7.563861" intensity="2.547624e-002" type="0"/>
    <Peak1D F1="7.549608" intensity="5.520593e-002" type="0"/>
    <Peak1D F1="7.524303" intensity="1.111448e-001" type="0"/>
    <Peak1D F1="7.502148" intensity="1.102583e-001" type="0"/>
    <Peak1D F1="7.480714" intensity="2.119751e+000" type="0"/>
    <Peak1D F1="7.458741" intensity="2.033610e+000" type="0"/>
    <Peak1D F1="7.452778" intensity="4.513656e-001" type="0"/>
    <Peak1D F1="7.440654" intensity="1.473406e-001" type="0"/>
    <Peak1D F1="7.430667" intensity="1.354536e-001" type="0"/>
    <Peak1D F1="7.408714" intensity="4.578020e-002" type="0"/>
    <Peak1D F1="7.378828" intensity="1.060832e-002" type="0"/>
    <Peak1D F1="7.344991" intensity="1.690079e-002" type="0"/>
    <Peak1D F1="7.316175" intensity="1.644425e-002" type="0"/>
    <Peak1D F1="7.290803" intensity="2.066789e-002" type="0"/>
    <Peak1D F1="7.271841" intensity="2.448553e-002" type="0"/>
    <Peak1D F1="7.243701" intensity="1.882650e-001" type="0"/>
    <Peak1D F1="7.224098" intensity="6.415754e-002" type="0"/>
    <Peak1D F1="7.194083" intensity="1.119524e+001" type="0"/>
    <Peak1D F1="7.154562" intensity="2.174750e-002" type="0"/>
    <Peak1D F1="7.143987" intensity="1.939455e-001" type="0"/>
    <Peak1D F1="6.930065" intensity="5.762006e-002" type="0"/>
    <Peak1D F1="6.313400" intensity="1.065154e-002" type="0"/>
    <Peak1D F1="6.217727" intensity="1.948375e-002" type="0"/>
    <Peak1D F1="6.117336" intensity="1.506754e-001" type="0"/>
    <Peak1D F1="6.095112" intensity="1.343134e-002" type="0"/>
    <Peak1D F1="6.067430" intensity="7.863735e-002" type="0"/>
    <Peak1D F1="6.017919" intensity="4.461774e+000" type="0"/>
    <Peak1D F1="5.968316" intensity="7.335901e-002" type="0"/>
    <Peak1D F1="5.900958" intensity="2.515789e-002" type="0"/>
    <Peak1D F1="5.887778" intensity="2.403267e-002" type="0"/>
    <Peak1D F1="5.858602" intensity="1.232218e-002" type="0"/>
    <Peak1D F1="5.816339" intensity="1.403505e-002" type="0"/>
    <Peak1D F1="5.633893" intensity="1.302813e-002" type="0"/>
    <Peak1D F1="5.405457" intensity="3.142405e-002" type="0"/>
    <Peak1D F1="5.357456" intensity="5.674002e-002" type="0"/>
    <Peak1D F1="5.351683" intensity="5.640864e-002" type="0"/>
    <Peak1D F1="5.335541" intensity="1.331065e-002" type="0"/>
    <Peak1D F1="5.317538" intensity="2.049146e-002" type="0"/>
    <Peak1D F1="5.285828" intensity="1.225391e-002" type="0"/>
    <Peak1D F1="5.236106" intensity="1.150124e-002" type="0"/>
    <Peak1D F1="5.191757" intensity="1.483932e-002" type="0"/>
    <Peak1D F1="5.166391" intensity="1.359031e-002" type="0"/>
    <Peak1D F1="5.149414" intensity="1.479991e-002" type="0"/>
    <Peak1D F1="5.096300" intensity="1.383455e-002" type="0"/>
    <Peak1D F1="5.019855" intensity="1.919211e-002" type="0"/>
    <Peak1D F1="4.968348" intensity="2.048018e-002" type="0"/>
    <Peak1D F1="4.943578" intensity="1.768581e-002" type="0"/>
    <Peak1D F1="4.890442" intensity="1.909256e-002" type="0"/>
    <Peak1D F1="4.867686" intensity="2.302389e-002" type="0"/>
    <Peak1D F1="4.850018" intensity="2.216948e-002" type="0"/>
    <Peak1D F1="4.839684" intensity="3.876637e-002" type="0"/>
    <Peak1D F1="4.816439" intensity="3.917144e-002" type="0"/>
    <Peak1D F1="4.790347" intensity="1.104881e+000" type="0"/>
    <Peak1D F1="4.767514" intensity="1.120037e+000" type="0"/>
    <Peak1D F1="4.740448" intensity="5.690684e-002" type="0"/>
    <Peak1D F1="4.717421" intensity="7.504832e-002" type="0"/>
    <Peak1D F1="4.672891" intensity="1.546295e-001" type="0"/>
    <Peak1D F1="4.583732" intensity="2.525936e-002" type="0"/>
    <Peak1D F1="4.553083" intensity="1.543768e-002" type="0"/>
    <Peak1D F1="4.519814" intensity="1.322953e-002" type="0"/>
    <Peak1D F1="4.489707" intensity="1.216730e-002" type="0"/>
    <Peak1D F1="3.975347" intensity="1.339511e-002" type="0"/>
    <Peak1D F1="3.951006" intensity="1.224663e-002" type="0"/>
    <Peak1D F1="3.878338" intensity="7.313840e-002" type="0"/>
    <Peak1D F1="3.844512" intensity="8.184605e-002" type="0"/>
    <Peak1D F1="3.822886" intensity="6.102940e-002" type="0"/>
    <Peak1D F1="3.811418" intensity="4.763861e-001" type="0"/>
    <Peak1D F1="3.798335" intensity="2.659513e-002" type="0"/>
    <Peak1D F1="3.750304" intensity="2.383035e-001" type="0"/>
    <Peak1D F1="3.745487" intensity="2.992507e-001" type="0"/>
    <Peak1D F1="3.700814" intensity="1.357617e+001" type="0"/>
    <Peak1D F1="3.661423" intensity="3.918631e-002" type="0"/>
    <Peak1D F1="3.650675" intensity="2.403610e-001" type="0"/>
    <Peak1D F1="3.598951" intensity="1.063522e-002" type="0"/>
    <Peak1D F1="3.518886" intensity="7.373069e-002" type="0"/>
    <Peak1D F1="3.396654" intensity="1.035804e-002" type="0"/>
    <Peak1D F1="3.239816" intensity="1.104344e-002" type="0"/>
    <Peak1D F1="3.160306" intensity="1.010132e-002" type="0"/>
    <Peak1D F1="2.783231" intensity="1.073759e-002" type="0"/>
    <Peak1D F1="2.517073" intensity="1.170059e-002" type="0"/>
    <Peak1D F1="2.438308" intensity="1.806165e-001" type="0"/>
    <Peak1D F1="2.434192" intensity="2.091261e-001" type="0"/>
    <Peak1D F1="2.417163" intensity="2.143974e-001" type="0"/>
    <Peak1D F1="2.412911" intensity="2.076585e-001" type="0"/>
    <Peak1D F1="2.389462" intensity="3.212417e-001" type="0"/>
    <Peak1D F1="2.364807" intensity="3.686257e-001" type="0"/>
    <Peak1D F1="2.350637" intensity="2.296057e-001" type="0"/>
    <Peak1D F1="2.327792" intensity="3.928642e-001" type="0"/>
    <Peak1D F1="2.319907" intensity="2.344765e-001" type="0"/>
    <Peak1D F1="2.307860" intensity="2.944155e-001" type="0"/>
    <Peak1D F1="2.297713" intensity="3.640383e-001" type="0"/>
    <Peak1D F1="2.277163" intensity="2.447069e-001" type="0"/>
    <Peak1D F1="2.253517" intensity="4.014677e-001" type="0"/>
    <Peak1D F1="2.231297" intensity="4.366845e-001" type="0"/>
    <Peak1D F1="2.227470" intensity="4.338733e-001" type="0"/>
    <Peak1D F1="2.204707" intensity="5.517291e-001" type="0"/>
    <Peak1D F1="2.183230" intensity="3.067434e-001" type="0"/>
    <Peak1D F1="2.178495" intensity="3.211243e-001" type="0"/>
    <Peak1D F1="2.156131" intensity="4.282817e-001" type="0"/>
    <Peak1D F1="2.147355" intensity="3.958119e-001" type="0"/>
    <Peak1D F1="2.117567" intensity="4.561036e+000" type="0"/>
    <Peak1D F1="2.097934" intensity="1.456980e+001" type="0"/>
    <Peak1D F1="2.086340" intensity="3.867085e+000" type="0"/>
    <Peak1D F1="2.079138" intensity="7.289184e+000" type="0"/>
    <Peak1D F1="2.057711" intensity="3.719546e-001" type="0"/>
    <Peak1D F1="2.053151" intensity="3.754175e-001" type="0"/>
    <Peak1D F1="2.048276" intensity="4.277774e-001" type="0"/>
    <Peak1D F1="2.029220" intensity="2.002390e-001" type="0"/>
    <Peak1D F1="2.008431" intensity="7.233932e-002" type="0"/>
    <Peak1D F1="1.987396" intensity="2.650757e-001" type="0"/>
    <Peak1D F1="1.970747" intensity="2.598255e-001" type="0"/>
    <Peak1D F1="1.960207" intensity="4.696929e-001" type="0"/>
    <Peak1D F1="1.955551" intensity="4.303946e-001" type="0"/>
    <Peak1D F1="1.949887" intensity="4.835313e-001" type="0"/>
    <Peak1D F1="1.937525" intensity="3.405640e+000" type="0"/>
    <Peak1D F1="1.926235" intensity="9.500624e-001" type="0"/>
    <Peak1D F1="1.921518" intensity="9.691548e-001" type="0"/>
    <Peak1D F1="1.911386" intensity="7.252252e+000" type="0"/>
    <Peak1D F1="1.900298" intensity="6.171406e+000" type="0"/>
    <Peak1D F1="1.891795" intensity="1.500000e+001" type="0"/>
    <Peak1D F1="1.881483" intensity="5.577665e+000" type="0"/>
    <Peak1D F1="1.872435" intensity="4.760823e+000" type="0"/>
    <Peak1D F1="1.860319" intensity="6.135145e-001" type="0"/>
    <Peak1D F1="1.854086" intensity="3.306609e-001" type="0"/>
    <Peak1D F1="1.850519" intensity="3.663454e-001" type="0"/>
    <Peak1D F1="1.842071" intensity="3.742464e-001" type="0"/>
    <Peak1D F1="1.831675" intensity="1.812488e-001" type="0"/>
    <Peak1D F1="1.822690" intensity="1.496292e-001" type="0"/>
    <Peak1D F1="1.783505" intensity="6.449603e-002" type="0"/>
    <Peak1D F1="1.765509" intensity="7.117073e-002" type="0"/>
    <Peak1D F1="1.760908" intensity="6.742822e-002" type="0"/>
    <Peak1D F1="1.745345" intensity="1.446183e-001" type="0"/>
    <Peak1D F1="1.729777" intensity="1.917355e-001" type="0"/>
    <Peak1D F1="1.724621" intensity="2.103054e-001" type="0"/>
    <Peak1D F1="1.717478" intensity="2.117290e-001" type="0"/>
    <Peak1D F1="1.708651" intensity="2.284032e-001" type="0"/>
    <Peak1D F1="1.701750" intensity="3.412602e-001" type="0"/>
    <Peak1D F1="1.697732" intensity="2.977008e-001" type="0"/>
    <Peak1D F1="1.687534" intensity="2.591686e-001" type="0"/>
    <Peak1D F1="1.680941" intensity="7.735671e-001" type="0"/>
    <Peak1D F1="1.671412" intensity="4.601368e-001" type="0"/>
    <Peak1D F1="1.656765" intensity="6.636857e-001" type="0"/>
    <Peak1D F1="1.636118" intensity="4.663064e-001" type="0"/>
    <Peak1D F1="1.619783" intensity="2.698658e-001" type="0"/>
    <Peak1D F1="1.600950" intensity="1.368813e-001" type="0"/>
    <Peak1D F1="1.561053" intensity="1.797835e-001" type="0"/>
    <Peak1D F1="1.534881" intensity="3.092242e-001" type="0"/>
    <Peak1D F1="1.519820" intensity="2.396464e-001" type="0"/>
    <Peak1D F1="1.512537" intensity="2.482021e-001" type="0"/>
    <Peak1D F1="1.500572" intensity="4.176672e-001" type="0"/>
    <Peak1D F1="1.483227" intensity="4.909450e-001" type="0"/>
    <Peak1D F1="1.470469" intensity="3.380582e-001" type="0"/>
    <Peak1D F1="1.453776" intensity="3.333305e-001" type="0"/>
    <Peak1D F1="1.435498" intensity="1.214238e-001" type="0"/>
    <Peak1D F1="1.423636" intensity="1.284275e-001" type="0"/>
    <Peak1D F1="1.346192" intensity="3.230105e-002" type="0"/>
    <Peak1D F1="1.329733" intensity="3.185628e-002" type="0"/>
    <Peak1D F1="1.314331" intensity="3.474128e-002" type="0"/>
    <Peak1D F1="1.272901" intensity="6.195392e-002" type="0"/>
    <Peak1D F1="1.263570" intensity="6.957407e-002" type="0"/>
    <Peak1D F1="1.235584" intensity="1.032006e-001" type="0"/>
    <Peak1D F1="1.216230" intensity="1.020012e-001" type="0"/>
    <Peak1D F1="1.185005" intensity="2.509613e-001" type="0"/>
    <Peak1D F1="1.168467" intensity="4.353207e-002" type="0"/>
    <Peak1D F1="1.155352" intensity="2.427656e-002" type="0"/>
    <Peak1D F1="1.113698" intensity="1.469414e-002" type="0"/>
    <Peak1D F1="1.102544" intensity="1.269941e-002" type="0"/>
    <Peak1D F1="1.046076" intensity="1.223095e-002" type="0"/>
    <Peak1D F1="1.014659" intensity="1.389543e-002" type="0"/>
    <Peak1D F1="0.991983" intensity="1.133713e-002" type="0"/>
    <Peak1D F1="0.945158" intensity="1.020317e-002" type="0"/>
    <Peak1D F1="0.903539" intensity="1.218168e-002" type="0"/>
    <Peak1D F1="0.855737" intensity="1.186532e-002" type="0"/>
    <Peak1D F1="0.849039" intensity="1.376494e-002" type="0"/>
    <Peak1D F1="0.825393" intensity="4.374974e-002" type="0"/>
    <Peak1D F1="0.810186" intensity="8.008842e-002" type="0"/>
    <Peak1D F1="0.793614" intensity="4.281652e-002" type="0"/>
    <Peak1D F1="0.780482" intensity="3.128310e-002" type="0"/>
    <Peak1D F1="0.757978" intensity="2.970332e-002" type="0"/>
    <Peak1D F1="0.745235" intensity="1.656024e-002" type="0"/>
    <Peak1D F1="0.454324" intensity="9.979578e-003" type="0"/>
    <Peak1D F1="0.411578" intensity="1.148785e-002" type="0"/>
    <Peak1D F1="-0.000154" intensity="2.093080e-001" type="0"/>
  </PeakList1D>
</PeakList>
