<?xml version="1.0" encoding="UTF-8"?>
<PeakList>
  <PeakList1D>
    <PeakList1DHeader creator="nmr" date="2021-08-08T21:30:47.882+03:00" expNo="10" name="ID-427-B" owner="" procNo="1" source="//132.72.8.180/400b/Milo/Milo">
      <PeakPickDetails>F1=16.100611ppm, F2=-3.928434ppm, MI=0.00cm, MAXI=10000.00cm, PC=1.000
      </PeakPickDetails>
    </PeakList1DHeader>
    <Peak1D F1="13.163836" intensity="4.273548e-003" type="0"/>
    <Peak1D F1="10.143944" intensity="6.275400e-003" type="0"/>
    <Peak1D F1="10.094511" intensity="3.099915e-001" type="0"/>
    <Peak1D F1="10.044672" intensity="4.669307e-003" type="0"/>
    <Peak1D F1="8.389655" intensity="4.259639e-003" type="0"/>
    <Peak1D F1="8.342632" intensity="2.072177e-001" type="0"/>
    <Peak1D F1="8.321018" intensity="2.352314e-001" type="0"/>
    <Peak1D F1="8.289616" intensity="7.184003e-003" type="0"/>
    <Peak1D F1="8.269860" intensity="8.770634e-003" type="0"/>
    <Peak1D F1="8.209543" intensity="6.656237e-002" type="0"/>
    <Peak1D F1="8.187644" intensity="7.808645e-002" type="0"/>
    <Peak1D F1="8.178679" intensity="5.198582e-002" type="0"/>
    <Peak1D F1="8.172349" intensity="7.800613e-002" type="0"/>
    <Peak1D F1="8.158914" intensity="4.751944e-001" type="0"/>
    <Peak1D F1="8.154468" intensity="9.433056e-001" type="0"/>
    <Peak1D F1="8.137322" intensity="6.373459e-001" type="0"/>
    <Peak1D F1="8.132492" intensity="9.217661e-001" type="0"/>
    <Peak1D F1="8.102603" intensity="2.047199e-002" type="0"/>
    <Peak1D F1="8.082334" intensity="1.490768e-002" type="0"/>
    <Peak1D F1="8.052258" intensity="7.389448e-003" type="0"/>
    <Peak1D F1="8.026013" intensity="4.352362e-002" type="0"/>
    <Peak1D F1="8.021065" intensity="2.716173e-001" type="0"/>
    <Peak1D F1="8.016554" intensity="8.670745e-002" type="0"/>
    <Peak1D F1="8.004037" intensity="8.039871e-002" type="0"/>
    <Peak1D F1="7.999606" intensity="2.370574e-001" type="0"/>
    <Peak1D F1="7.970622" intensity="5.521034e-003" type="0"/>
    <Peak1D F1="7.949080" intensity="7.379603e-003" type="0"/>
    <Peak1D F1="7.922309" intensity="6.530796e-003" type="0"/>
    <Peak1D F1="7.661944" intensity="6.722786e-003" type="0"/>
    <Peak1D F1="7.609277" intensity="5.329764e-002" type="0"/>
    <Peak1D F1="7.587248" intensity="4.770794e-002" type="0"/>
    <Peak1D F1="7.506252" intensity="6.824302e-002" type="0"/>
    <Peak1D F1="7.493594" intensity="7.690416e-002" type="0"/>
    <Peak1D F1="7.480827" intensity="3.897461e-001" type="0"/>
    <Peak1D F1="7.475847" intensity="1.907413e-001" type="0"/>
    <Peak1D F1="7.464295" intensity="1.003799e+000" type="0"/>
    <Peak1D F1="7.459163" intensity="6.202254e-001" type="0"/>
    <Peak1D F1="7.454825" intensity="2.044717e-001" type="0"/>
    <Peak1D F1="7.442476" intensity="8.403878e-001" type="0"/>
    <Peak1D F1="7.414521" intensity="2.405168e-002" type="0"/>
    <Peak1D F1="7.392556" intensity="1.637927e-002" type="0"/>
    <Peak1D F1="7.332428" intensity="1.979180e-002" type="0"/>
    <Peak1D F1="7.324353" intensity="3.183664e-002" type="0"/>
    <Peak1D F1="7.318075" intensity="2.140483e-002" type="0"/>
    <Peak1D F1="7.298670" intensity="9.969119e-003" type="0"/>
    <Peak1D F1="7.245759" intensity="2.554277e-001" type="0"/>
    <Peak1D F1="7.236523" intensity="3.550936e-002" type="0"/>
    <Peak1D F1="7.195847" intensity="1.629745e+001" type="0"/>
    <Peak1D F1="7.164539" intensity="1.818699e-002" type="0"/>
    <Peak1D F1="7.145654" intensity="2.357705e-001" type="0"/>
    <Peak1D F1="7.117201" intensity="6.491459e-003" type="0"/>
    <Peak1D F1="7.104907" intensity="6.015270e-003" type="0"/>
    <Peak1D F1="7.095753" intensity="1.165400e-002" type="0"/>
    <Peak1D F1="6.941746" intensity="5.248092e-003" type="0"/>
    <Peak1D F1="6.931827" intensity="8.545598e-002" type="0"/>
    <Peak1D F1="6.914348" intensity="4.364631e-003" type="0"/>
    <Peak1D F1="6.313237" intensity="5.424611e-003" type="0"/>
    <Peak1D F1="6.217653" intensity="5.443005e-003" type="0"/>
    <Peak1D F1="6.117790" intensity="6.510491e-002" type="0"/>
    <Peak1D F1="6.068237" intensity="2.688716e-002" type="0"/>
    <Peak1D F1="6.018205" intensity="1.612107e+000" type="0"/>
    <Peak1D F1="5.967761" intensity="2.514360e-002" type="0"/>
    <Peak1D F1="5.820302" intensity="4.418666e-003" type="0"/>
    <Peak1D F1="5.532631" intensity="6.955461e-003" type="0"/>
    <Peak1D F1="5.492321" intensity="2.542112e-002" type="0"/>
    <Peak1D F1="5.471561" intensity="1.361422e-002" type="0"/>
    <Peak1D F1="5.412251" intensity="3.639413e-002" type="0"/>
    <Peak1D F1="5.358210" intensity="3.545255e-001" type="0"/>
    <Peak1D F1="5.351121" intensity="3.506520e-001" type="0"/>
    <Peak1D F1="5.315736" intensity="6.918027e-003" type="0"/>
    <Peak1D F1="5.307710" intensity="8.402171e-003" type="0"/>
    <Peak1D F1="5.299974" intensity="7.874059e-003" type="0"/>
    <Peak1D F1="4.858129" intensity="1.930355e-002" type="0"/>
    <Peak1D F1="4.837662" intensity="1.778750e-002" type="0"/>
    <Peak1D F1="4.820498" intensity="1.063217e-002" type="0"/>
    <Peak1D F1="4.791394" intensity="1.890559e-001" type="0"/>
    <Peak1D F1="4.768626" intensity="1.907990e-001" type="0"/>
    <Peak1D F1="4.742321" intensity="7.583196e-003" type="0"/>
    <Peak1D F1="4.719186" intensity="1.138131e-002" type="0"/>
    <Peak1D F1="4.672223" intensity="3.187736e-002" type="0"/>
    <Peak1D F1="4.586360" intensity="5.058799e-003" type="0"/>
    <Peak1D F1="3.878459" intensity="2.580008e-002" type="0"/>
    <Peak1D F1="3.862582" intensity="5.359016e-003" type="0"/>
    <Peak1D F1="3.844788" intensity="3.026184e-002" type="0"/>
    <Peak1D F1="3.823605" intensity="1.724973e-002" type="0"/>
    <Peak1D F1="3.811969" intensity="1.985298e-001" type="0"/>
    <Peak1D F1="3.796118" intensity="7.432529e-003" type="0"/>
    <Peak1D F1="3.781244" intensity="7.534078e-003" type="0"/>
    <Peak1D F1="3.751248" intensity="8.200900e-002" type="0"/>
    <Peak1D F1="3.745762" intensity="1.139766e-001" type="0"/>
    <Peak1D F1="3.701136" intensity="5.030398e+000" type="0"/>
    <Peak1D F1="3.650743" intensity="7.601494e-002" type="0"/>
    <Peak1D F1="3.628378" intensity="6.651261e-003" type="0"/>
    <Peak1D F1="3.601783" intensity="7.039548e-003" type="0"/>
    <Peak1D F1="3.572143" intensity="7.643556e-003" type="0"/>
    <Peak1D F1="3.531672" intensity="9.237064e-003" type="0"/>
    <Peak1D F1="3.519002" intensity="3.385145e-002" type="0"/>
    <Peak1D F1="3.480807" intensity="9.891822e-003" type="0"/>
    <Peak1D F1="3.472529" intensity="8.901620e-003" type="0"/>
    <Peak1D F1="3.459582" intensity="9.661824e-003" type="0"/>
    <Peak1D F1="3.445772" intensity="1.003623e-002" type="0"/>
    <Peak1D F1="3.411681" intensity="1.032969e-002" type="0"/>
    <Peak1D F1="3.402576" intensity="9.810324e-003" type="0"/>
    <Peak1D F1="3.260819" intensity="4.545670e-003" type="0"/>
    <Peak1D F1="2.961054" intensity="1.592251e-002" type="0"/>
    <Peak1D F1="2.954648" intensity="1.729982e-002" type="0"/>
    <Peak1D F1="2.942758" intensity="2.811767e-002" type="0"/>
    <Peak1D F1="2.936078" intensity="2.803374e-002" type="0"/>
    <Peak1D F1="2.924787" intensity="1.608973e-002" type="0"/>
    <Peak1D F1="2.918270" intensity="1.352415e-002" type="0"/>
    <Peak1D F1="2.560881" intensity="3.392795e-002" type="0"/>
    <Peak1D F1="2.547067" intensity="3.707780e-002" type="0"/>
    <Peak1D F1="2.516294" intensity="4.074934e-002" type="0"/>
    <Peak1D F1="2.496116" intensity="3.700774e-002" type="0"/>
    <Peak1D F1="2.485197" intensity="3.673203e-002" type="0"/>
    <Peak1D F1="2.477004" intensity="3.724553e-002" type="0"/>
    <Peak1D F1="2.457139" intensity="4.252056e-002" type="0"/>
    <Peak1D F1="2.440922" intensity="1.194122e-001" type="0"/>
    <Peak1D F1="2.433478" intensity="1.395130e-001" type="0"/>
    <Peak1D F1="2.413115" intensity="2.078668e-001" type="0"/>
    <Peak1D F1="2.391758" intensity="1.753429e-001" type="0"/>
    <Peak1D F1="2.371697" intensity="7.578862e-002" type="0"/>
    <Peak1D F1="2.362966" intensity="1.124467e-001" type="0"/>
    <Peak1D F1="2.352095" intensity="1.018604e-001" type="0"/>
    <Peak1D F1="2.336079" intensity="1.018431e-001" type="0"/>
    <Peak1D F1="2.331013" intensity="1.057885e-001" type="0"/>
    <Peak1D F1="2.308933" intensity="1.709055e-001" type="0"/>
    <Peak1D F1="2.294830" intensity="1.466072e-001" type="0"/>
    <Peak1D F1="2.289322" intensity="1.291202e-001" type="0"/>
    <Peak1D F1="2.276390" intensity="7.604922e-002" type="0"/>
    <Peak1D F1="2.256970" intensity="9.518318e-002" type="0"/>
    <Peak1D F1="2.252943" intensity="9.178712e-002" type="0"/>
    <Peak1D F1="2.237832" intensity="5.582552e-002" type="0"/>
    <Peak1D F1="2.226912" intensity="8.303156e-002" type="0"/>
    <Peak1D F1="2.203626" intensity="1.018340e-001" type="0"/>
    <Peak1D F1="2.195394" intensity="4.196582e-002" type="0"/>
    <Peak1D F1="2.182240" intensity="7.976638e-002" type="0"/>
    <Peak1D F1="2.178045" intensity="8.491795e-002" type="0"/>
    <Peak1D F1="2.165738" intensity="1.314663e-001" type="0"/>
    <Peak1D F1="2.146302" intensity="3.540421e-001" type="0"/>
    <Peak1D F1="2.134681" intensity="3.730555e-001" type="0"/>
    <Peak1D F1="2.116223" intensity="4.553412e+000" type="0"/>
    <Peak1D F1="2.106813" intensity="3.706722e+000" type="0"/>
    <Peak1D F1="2.096512" intensity="1.387798e+001" type="0"/>
    <Peak1D F1="2.085794" intensity="3.862433e+000" type="0"/>
    <Peak1D F1="2.077846" intensity="7.071166e+000" type="0"/>
    <Peak1D F1="2.062699" intensity="4.771512e-001" type="0"/>
    <Peak1D F1="2.056495" intensity="3.656196e-001" type="0"/>
    <Peak1D F1="2.051655" intensity="3.688930e-001" type="0"/>
    <Peak1D F1="2.046815" intensity="3.882607e-001" type="0"/>
    <Peak1D F1="2.041228" intensity="3.780709e-001" type="0"/>
    <Peak1D F1="2.028324" intensity="1.850798e-001" type="0"/>
    <Peak1D F1="1.994865" intensity="1.286010e-001" type="0"/>
    <Peak1D F1="1.973844" intensity="2.136550e-001" type="0"/>
    <Peak1D F1="1.959991" intensity="2.971997e-001" type="0"/>
    <Peak1D F1="1.947946" intensity="4.141926e-001" type="0"/>
    <Peak1D F1="1.941234" intensity="5.088158e-001" type="0"/>
    <Peak1D F1="1.931140" intensity="7.703468e-001" type="0"/>
    <Peak1D F1="1.925680" intensity="9.672372e-001" type="0"/>
    <Peak1D F1="1.921473" intensity="9.356693e-001" type="0"/>
    <Peak1D F1="1.910953" intensity="7.239455e+000" type="0"/>
    <Peak1D F1="1.899916" intensity="6.163902e+000" type="0"/>
    <Peak1D F1="1.891402" intensity="1.500000e+001" type="0"/>
    <Peak1D F1="1.880999" intensity="5.605978e+000" type="0"/>
    <Peak1D F1="1.872011" intensity="4.798864e+000" type="0"/>
    <Peak1D F1="1.860049" intensity="6.112517e-001" type="0"/>
    <Peak1D F1="1.849681" intensity="3.619098e-001" type="0"/>
    <Peak1D F1="1.841546" intensity="3.301353e-001" type="0"/>
    <Peak1D F1="1.821995" intensity="1.278350e-001" type="0"/>
    <Peak1D F1="1.795371" intensity="5.887591e-002" type="0"/>
    <Peak1D F1="1.760055" intensity="5.465967e-002" type="0"/>
    <Peak1D F1="1.741367" intensity="8.555930e-002" type="0"/>
    <Peak1D F1="1.724433" intensity="1.132203e-001" type="0"/>
    <Peak1D F1="1.717985" intensity="6.964227e-002" type="0"/>
    <Peak1D F1="1.708314" intensity="1.324581e-001" type="0"/>
    <Peak1D F1="1.701347" intensity="1.160520e-001" type="0"/>
    <Peak1D F1="1.681919" intensity="2.993815e-001" type="0"/>
    <Peak1D F1="1.676460" intensity="2.273294e-001" type="0"/>
    <Peak1D F1="1.672141" intensity="2.303765e-001" type="0"/>
    <Peak1D F1="1.664463" intensity="2.925397e-001" type="0"/>
    <Peak1D F1="1.653679" intensity="2.967926e-001" type="0"/>
    <Peak1D F1="1.648400" intensity="2.534800e-001" type="0"/>
    <Peak1D F1="1.642369" intensity="2.794923e-001" type="0"/>
    <Peak1D F1="1.632484" intensity="1.878872e-001" type="0"/>
    <Peak1D F1="1.627624" intensity="1.948758e-001" type="0"/>
    <Peak1D F1="1.622127" intensity="1.538450e-001" type="0"/>
    <Peak1D F1="1.617141" intensity="1.190761e-001" type="0"/>
    <Peak1D F1="1.600937" intensity="1.150017e-001" type="0"/>
    <Peak1D F1="1.586646" intensity="1.156764e-001" type="0"/>
    <Peak1D F1="1.535854" intensity="2.065375e-001" type="0"/>
    <Peak1D F1="1.521166" intensity="1.551237e-001" type="0"/>
    <Peak1D F1="1.501387" intensity="1.301827e-001" type="0"/>
    <Peak1D F1="1.483950" intensity="1.181184e-001" type="0"/>
    <Peak1D F1="1.470702" intensity="8.789490e-002" type="0"/>
    <Peak1D F1="1.453844" intensity="7.415267e-002" type="0"/>
    <Peak1D F1="1.436988" intensity="3.319643e-002" type="0"/>
    <Peak1D F1="1.424550" intensity="3.374318e-002" type="0"/>
    <Peak1D F1="1.368250" intensity="1.677414e-002" type="0"/>
    <Peak1D F1="1.353959" intensity="1.464490e-002" type="0"/>
    <Peak1D F1="1.321496" intensity="1.277778e-002" type="0"/>
    <Peak1D F1="1.263163" intensity="1.557784e-002" type="0"/>
    <Peak1D F1="1.185905" intensity="6.198497e-002" type="0"/>
    <Peak1D F1="1.121337" intensity="8.821534e-003" type="0"/>
    <Peak1D F1="1.092855" intensity="8.905184e-003" type="0"/>
    <Peak1D F1="1.077663" intensity="8.434080e-003" type="0"/>
    <Peak1D F1="1.068027" intensity="7.292771e-003" type="0"/>
    <Peak1D F1="1.040444" intensity="7.324926e-003" type="0"/>
    <Peak1D F1="1.012441" intensity="7.565827e-003" type="0"/>
    <Peak1D F1="0.973429" intensity="7.907575e-003" type="0"/>
    <Peak1D F1="0.951304" intensity="5.829407e-003" type="0"/>
    <Peak1D F1="0.915661" intensity="5.588598e-003" type="0"/>
    <Peak1D F1="0.883505" intensity="5.799709e-003" type="0"/>
    <Peak1D F1="0.812760" intensity="1.998441e-002" type="0"/>
    <Peak1D F1="0.793822" intensity="1.392624e-002" type="0"/>
    <Peak1D F1="0.783429" intensity="1.314529e-002" type="0"/>
    <Peak1D F1="0.766342" intensity="1.257361e-002" type="0"/>
    <Peak1D F1="0.742025" intensity="8.181072e-003" type="0"/>
    <Peak1D F1="0.690947" intensity="5.301929e-003" type="0"/>
    <Peak1D F1="0.671658" intensity="4.705787e-003" type="0"/>
    <Peak1D F1="0.652130" intensity="5.341496e-003" type="0"/>
    <Peak1D F1="0.614907" intensity="5.622035e-003" type="0"/>
    <Peak1D F1="0.553775" intensity="6.345814e-003" type="0"/>
    <Peak1D F1="0.491765" intensity="5.091925e-003" type="0"/>
    <Peak1D F1="0.445017" intensity="4.890613e-003" type="0"/>
    <Peak1D F1="0.395893" intensity="4.142968e-003" type="0"/>
    <Peak1D F1="0.346822" intensity="4.199760e-003" type="0"/>
    <Peak1D F1="0.261072" intensity="4.470162e-003" type="0"/>
    <Peak1D F1="0.154852" intensity="4.309728e-003" type="0"/>
    <Peak1D F1="0.018297" intensity="4.507173e-003" type="0"/>
    <Peak1D F1="-0.000150" intensity="3.785460e-002" type="0"/>
    <Peak1D F1="-3.366839" intensity="4.243473e-003" type="0"/>
    <Peak1D F1="-3.447470" intensity="4.381405e-003" type="0"/>
    <Peak1D F1="-3.463149" intensity="5.175150e-003" type="0"/>
    <Peak1D F1="-3.539208" intensity="4.462759e-003" type="0"/>
    <Peak1D F1="-3.551683" intensity="4.600134e-003" type="0"/>
    <Peak1D F1="-3.574418" intensity="4.592120e-003" type="0"/>
    <Peak1D F1="-3.621294" intensity="4.377482e-003" type="0"/>
    <Peak1D F1="-3.693514" intensity="4.200749e-003" type="0"/>
  </PeakList1D>
</PeakList>
