<?xml version="1.0" encoding="UTF-8"?>
<PeakList>
  <PeakList1D>
    <PeakList1DHeader creator="nmr" date="2021-08-01T19:50:12.494+03:00" expNo="10" name="ID-419-M" owner="" procNo="1" source="//132.72.8.180/400b/Milo/Milo">
      <PeakPickDetails>F1=16.098160ppm, F2=-3.930885ppm, MI=0.00cm, MAXI=10000.00cm, PC=1.000
      </PeakPickDetails>
    </PeakList1DHeader>
    <Peak1D F1="14.397862" intensity="6.480319e-003" type="0"/>
    <Peak1D F1="13.632633" intensity="6.613784e-003" type="0"/>
    <Peak1D F1="10.735744" intensity="6.589673e-003" type="0"/>
    <Peak1D F1="10.142240" intensity="1.082823e-002" type="0"/>
    <Peak1D F1="10.124274" intensity="7.732813e-003" type="0"/>
    <Peak1D F1="10.093214" intensity="5.077719e-001" type="0"/>
    <Peak1D F1="10.043108" intensity="8.548464e-003" type="0"/>
    <Peak1D F1="8.483392" intensity="6.548010e-003" type="0"/>
    <Peak1D F1="8.370509" intensity="2.123980e-002" type="0"/>
    <Peak1D F1="8.364208" intensity="1.921151e-002" type="0"/>
    <Peak1D F1="8.341841" intensity="3.544726e-001" type="0"/>
    <Peak1D F1="8.319995" intensity="3.896109e-001" type="0"/>
    <Peak1D F1="8.292221" intensity="1.595400e-002" type="0"/>
    <Peak1D F1="8.272764" intensity="3.624939e-002" type="0"/>
    <Peak1D F1="8.251341" intensity="4.242389e-002" type="0"/>
    <Peak1D F1="8.228416" intensity="1.067427e-001" type="0"/>
    <Peak1D F1="8.223363" intensity="7.497736e-002" type="0"/>
    <Peak1D F1="8.208489" intensity="2.237682e-001" type="0"/>
    <Peak1D F1="8.186763" intensity="2.230416e-001" type="0"/>
    <Peak1D F1="8.180820" intensity="1.087214e-001" type="0"/>
    <Peak1D F1="8.164355" intensity="5.477846e-001" type="0"/>
    <Peak1D F1="8.158742" intensity="3.385939e+000" type="0"/>
    <Peak1D F1="8.153803" intensity="1.499529e+000" type="0"/>
    <Peak1D F1="8.141388" intensity="1.231244e+000" type="0"/>
    <Peak1D F1="8.136811" intensity="3.586351e+000" type="0"/>
    <Peak1D F1="8.131153" intensity="8.933836e-001" type="0"/>
    <Peak1D F1="8.108355" intensity="1.601272e-001" type="0"/>
    <Peak1D F1="8.086686" intensity="6.830224e-002" type="0"/>
    <Peak1D F1="8.063097" intensity="1.883836e-002" type="0"/>
    <Peak1D F1="8.045367" intensity="2.821079e-002" type="0"/>
    <Peak1D F1="8.019608" intensity="4.547059e-001" type="0"/>
    <Peak1D F1="8.014767" intensity="1.388314e-001" type="0"/>
    <Peak1D F1="8.002347" intensity="1.360456e-001" type="0"/>
    <Peak1D F1="7.997968" intensity="3.648833e-001" type="0"/>
    <Peak1D F1="7.992518" intensity="5.061587e-002" type="0"/>
    <Peak1D F1="7.969267" intensity="8.796067e-003" type="0"/>
    <Peak1D F1="7.947196" intensity="1.753598e-002" type="0"/>
    <Peak1D F1="7.927753" intensity="1.671286e-002" type="0"/>
    <Peak1D F1="7.920572" intensity="4.262184e-002" type="0"/>
    <Peak1D F1="7.898420" intensity="5.055169e-002" type="0"/>
    <Peak1D F1="7.876803" intensity="2.592239e-002" type="0"/>
    <Peak1D F1="7.845829" intensity="8.691864e-003" type="0"/>
    <Peak1D F1="7.829935" intensity="2.506529e-002" type="0"/>
    <Peak1D F1="7.808851" intensity="2.436162e-002" type="0"/>
    <Peak1D F1="7.793207" intensity="7.391767e-003" type="0"/>
    <Peak1D F1="7.711941" intensity="6.755813e-003" type="0"/>
    <Peak1D F1="7.684591" intensity="1.361480e-002" type="0"/>
    <Peak1D F1="7.661999" intensity="1.749818e-002" type="0"/>
    <Peak1D F1="7.642015" intensity="1.012584e-002" type="0"/>
    <Peak1D F1="7.610797" intensity="8.516953e-002" type="0"/>
    <Peak1D F1="7.589231" intensity="8.130328e-002" type="0"/>
    <Peak1D F1="7.581508" intensity="3.960644e-002" type="0"/>
    <Peak1D F1="7.566994" intensity="3.872363e-002" type="0"/>
    <Peak1D F1="7.544769" intensity="4.622382e-002" type="0"/>
    <Peak1D F1="7.532697" intensity="1.172180e-001" type="0"/>
    <Peak1D F1="7.511455" intensity="1.630326e-001" type="0"/>
    <Peak1D F1="7.503368" intensity="1.787832e-001" type="0"/>
    <Peak1D F1="7.498158" intensity="1.868760e-001" type="0"/>
    <Peak1D F1="7.479781" intensity="3.223560e+000" type="0"/>
    <Peak1D F1="7.475049" intensity="1.074759e+000" type="0"/>
    <Peak1D F1="7.457855" intensity="3.080589e+000" type="0"/>
    <Peak1D F1="7.452089" intensity="4.595612e-001" type="0"/>
    <Peak1D F1="7.438957" intensity="3.514512e-001" type="0"/>
    <Peak1D F1="7.430070" intensity="9.147043e-002" type="0"/>
    <Peak1D F1="7.407649" intensity="7.526124e-002" type="0"/>
    <Peak1D F1="7.385346" intensity="1.144953e-001" type="0"/>
    <Peak1D F1="7.381623" intensity="1.099144e-001" type="0"/>
    <Peak1D F1="7.366621" intensity="7.595222e-002" type="0"/>
    <Peak1D F1="7.362694" intensity="7.316415e-002" type="0"/>
    <Peak1D F1="7.354958" intensity="2.661961e-002" type="0"/>
    <Peak1D F1="7.339207" intensity="4.018253e-002" type="0"/>
    <Peak1D F1="7.335393" intensity="4.864578e-002" type="0"/>
    <Peak1D F1="7.316596" intensity="6.420181e-002" type="0"/>
    <Peak1D F1="7.293136" intensity="4.457760e-002" type="0"/>
    <Peak1D F1="7.271431" intensity="6.477301e-002" type="0"/>
    <Peak1D F1="7.256185" intensity="1.852561e-001" type="0"/>
    <Peak1D F1="7.242702" intensity="1.741342e-001" type="0"/>
    <Peak1D F1="7.237314" intensity="1.981945e-001" type="0"/>
    <Peak1D F1="7.218358" intensity="2.339117e-001" type="0"/>
    <Peak1D F1="7.193052" intensity="7.098038e+000" type="0"/>
    <Peak1D F1="7.167595" intensity="7.315207e-002" type="0"/>
    <Peak1D F1="7.142861" intensity="2.194212e-001" type="0"/>
    <Peak1D F1="7.131552" intensity="1.561657e-001" type="0"/>
    <Peak1D F1="7.113101" intensity="1.269444e-001" type="0"/>
    <Peak1D F1="7.095955" intensity="2.949621e-002" type="0"/>
    <Peak1D F1="7.075809" intensity="7.539039e-003" type="0"/>
    <Peak1D F1="7.056528" intensity="8.135082e-003" type="0"/>
    <Peak1D F1="7.038545" intensity="8.876258e-003" type="0"/>
    <Peak1D F1="7.018250" intensity="6.473841e-003" type="0"/>
    <Peak1D F1="6.975422" intensity="7.193573e-003" type="0"/>
    <Peak1D F1="6.929089" intensity="3.835712e-002" type="0"/>
    <Peak1D F1="6.216681" intensity="1.750492e-002" type="0"/>
    <Peak1D F1="6.117180" intensity="1.289748e-001" type="0"/>
    <Peak1D F1="6.095598" intensity="7.838827e-003" type="0"/>
    <Peak1D F1="6.067529" intensity="7.983416e-002" type="0"/>
    <Peak1D F1="6.058007" intensity="1.920278e-002" type="0"/>
    <Peak1D F1="6.017837" intensity="4.938549e+000" type="0"/>
    <Peak1D F1="5.967569" intensity="8.283097e-002" type="0"/>
    <Peak1D F1="5.918574" intensity="2.814387e-002" type="0"/>
    <Peak1D F1="5.905274" intensity="3.064911e-002" type="0"/>
    <Peak1D F1="5.816295" intensity="1.229284e-002" type="0"/>
    <Peak1D F1="5.797862" intensity="3.073456e-002" type="0"/>
    <Peak1D F1="5.790372" intensity="3.020493e-002" type="0"/>
    <Peak1D F1="5.649568" intensity="3.482340e-002" type="0"/>
    <Peak1D F1="5.623019" intensity="3.408380e-002" type="0"/>
    <Peak1D F1="5.579633" intensity="6.841253e-003" type="0"/>
    <Peak1D F1="5.555964" intensity="1.293525e-002" type="0"/>
    <Peak1D F1="5.493555" intensity="1.856355e-002" type="0"/>
    <Peak1D F1="5.487278" intensity="1.829256e-002" type="0"/>
    <Peak1D F1="5.453033" intensity="9.816693e-003" type="0"/>
    <Peak1D F1="5.396028" intensity="1.591260e-002" type="0"/>
    <Peak1D F1="5.356077" intensity="1.616463e-001" type="0"/>
    <Peak1D F1="5.348669" intensity="1.593681e-001" type="0"/>
    <Peak1D F1="5.332411" intensity="2.010518e-002" type="0"/>
    <Peak1D F1="5.308502" intensity="1.665466e-002" type="0"/>
    <Peak1D F1="5.269953" intensity="7.939735e-003" type="0"/>
    <Peak1D F1="5.231168" intensity="8.008391e-003" type="0"/>
    <Peak1D F1="5.213800" intensity="6.792295e-003" type="0"/>
    <Peak1D F1="5.056923" intensity="7.181682e-003" type="0"/>
    <Peak1D F1="5.030157" intensity="9.981651e-003" type="0"/>
    <Peak1D F1="4.991503" intensity="1.403242e-002" type="0"/>
    <Peak1D F1="4.967797" intensity="1.511900e-002" type="0"/>
    <Peak1D F1="4.944766" intensity="1.507601e-002" type="0"/>
    <Peak1D F1="4.903419" intensity="8.636943e-003" type="0"/>
    <Peak1D F1="4.886142" intensity="1.958120e-002" type="0"/>
    <Peak1D F1="4.865306" intensity="2.325917e-002" type="0"/>
    <Peak1D F1="4.849167" intensity="2.982800e-002" type="0"/>
    <Peak1D F1="4.837853" intensity="4.769944e-002" type="0"/>
    <Peak1D F1="4.814692" intensity="5.590328e-002" type="0"/>
    <Peak1D F1="4.788295" intensity="1.652560e+000" type="0"/>
    <Peak1D F1="4.765435" intensity="1.681340e+000" type="0"/>
    <Peak1D F1="4.738054" intensity="8.040070e-002" type="0"/>
    <Peak1D F1="4.714694" intensity="1.140942e-001" type="0"/>
    <Peak1D F1="4.675239" intensity="1.802509e-001" type="0"/>
    <Peak1D F1="4.485219" intensity="1.255057e-002" type="0"/>
    <Peak1D F1="4.317833" intensity="6.878388e-003" type="0"/>
    <Peak1D F1="4.061422" intensity="8.269265e-003" type="0"/>
    <Peak1D F1="3.986594" intensity="1.331802e-002" type="0"/>
    <Peak1D F1="3.971366" intensity="3.108852e-002" type="0"/>
    <Peak1D F1="3.956163" intensity="3.656845e-002" type="0"/>
    <Peak1D F1="3.940992" intensity="2.382295e-002" type="0"/>
    <Peak1D F1="3.925117" intensity="9.935857e-003" type="0"/>
    <Peak1D F1="3.878036" intensity="7.788934e-002" type="0"/>
    <Peak1D F1="3.861542" intensity="9.809443e-003" type="0"/>
    <Peak1D F1="3.844265" intensity="3.776971e-002" type="0"/>
    <Peak1D F1="3.822889" intensity="2.818086e-002" type="0"/>
    <Peak1D F1="3.811224" intensity="4.104400e-001" type="0"/>
    <Peak1D F1="3.799708" intensity="2.536897e-002" type="0"/>
    <Peak1D F1="3.788023" intensity="2.328097e-002" type="0"/>
    <Peak1D F1="3.750329" intensity="2.514822e-001" type="0"/>
    <Peak1D F1="3.745258" intensity="2.375486e-001" type="0"/>
    <Peak1D F1="3.740668" intensity="6.758661e-002" type="0"/>
    <Peak1D F1="3.700588" intensity="1.500000e+001" type="0"/>
    <Peak1D F1="3.676654" intensity="3.114880e-002" type="0"/>
    <Peak1D F1="3.650362" intensity="2.653784e-001" type="0"/>
    <Peak1D F1="3.597268" intensity="6.628560e-003" type="0"/>
    <Peak1D F1="3.537849" intensity="6.544034e-003" type="0"/>
    <Peak1D F1="3.518335" intensity="7.773111e-002" type="0"/>
    <Peak1D F1="3.461617" intensity="6.753717e-003" type="0"/>
    <Peak1D F1="3.174680" intensity="9.158101e-003" type="0"/>
    <Peak1D F1="3.157787" intensity="6.930591e-003" type="0"/>
    <Peak1D F1="2.942767" intensity="1.320491e-002" type="0"/>
    <Peak1D F1="2.934947" intensity="1.466636e-002" type="0"/>
    <Peak1D F1="2.916158" intensity="9.463761e-003" type="0"/>
    <Peak1D F1="2.800518" intensity="1.684037e-002" type="0"/>
    <Peak1D F1="2.750287" intensity="9.419694e-001" type="0"/>
    <Peak1D F1="2.700428" intensity="2.112676e-002" type="0"/>
    <Peak1D F1="2.666940" intensity="7.243703e-003" type="0"/>
    <Peak1D F1="2.643272" intensity="1.494174e-002" type="0"/>
    <Peak1D F1="2.637823" intensity="1.497068e-002" type="0"/>
    <Peak1D F1="2.614091" intensity="2.389564e-001" type="0"/>
    <Peak1D F1="2.589060" intensity="6.497884e-002" type="0"/>
    <Peak1D F1="2.563347" intensity="4.783930e-002" type="0"/>
    <Peak1D F1="2.552122" intensity="2.490066e-001" type="0"/>
    <Peak1D F1="2.539262" intensity="3.117923e-002" type="0"/>
    <Peak1D F1="2.495866" intensity="6.238651e-002" type="0"/>
    <Peak1D F1="2.458993" intensity="6.439146e-001" type="0"/>
    <Peak1D F1="2.442859" intensity="3.966016e-001" type="0"/>
    <Peak1D F1="2.438486" intensity="3.023506e-001" type="0"/>
    <Peak1D F1="2.433692" intensity="3.389286e-001" type="0"/>
    <Peak1D F1="2.416632" intensity="3.521357e-001" type="0"/>
    <Peak1D F1="2.412666" intensity="3.578740e-001" type="0"/>
    <Peak1D F1="2.408133" intensity="2.457479e-001" type="0"/>
    <Peak1D F1="2.389430" intensity="5.280635e-001" type="0"/>
    <Peak1D F1="2.385081" intensity="4.621085e-001" type="0"/>
    <Peak1D F1="2.375894" intensity="2.417312e-001" type="0"/>
    <Peak1D F1="2.368350" intensity="4.511638e-001" type="0"/>
    <Peak1D F1="2.364347" intensity="5.471920e-001" type="0"/>
    <Peak1D F1="2.348739" intensity="3.313175e-001" type="0"/>
    <Peak1D F1="2.325786" intensity="5.745386e-001" type="0"/>
    <Peak1D F1="2.318445" intensity="3.663222e-001" type="0"/>
    <Peak1D F1="2.315041" intensity="3.336651e-001" type="0"/>
    <Peak1D F1="2.305842" intensity="4.462999e-001" type="0"/>
    <Peak1D F1="2.302623" intensity="3.939069e-001" type="0"/>
    <Peak1D F1="2.295646" intensity="5.462577e-001" type="0"/>
    <Peak1D F1="2.275525" intensity="3.211033e-001" type="0"/>
    <Peak1D F1="2.253288" intensity="5.573433e-001" type="0"/>
    <Peak1D F1="2.242322" intensity="9.850659e-002" type="0"/>
    <Peak1D F1="2.231188" intensity="6.368558e-001" type="0"/>
    <Peak1D F1="2.226987" intensity="6.072316e-001" type="0"/>
    <Peak1D F1="2.204426" intensity="8.186306e-001" type="0"/>
    <Peak1D F1="2.197292" intensity="1.376613e-001" type="0"/>
    <Peak1D F1="2.182977" intensity="4.595487e-001" type="0"/>
    <Peak1D F1="2.178230" intensity="4.418579e-001" type="0"/>
    <Peak1D F1="2.155799" intensity="5.156348e-001" type="0"/>
    <Peak1D F1="2.146445" intensity="2.391337e-001" type="0"/>
    <Peak1D F1="2.133368" intensity="2.400975e-001" type="0"/>
    <Peak1D F1="2.116023" intensity="2.424728e+000" type="0"/>
    <Peak1D F1="2.096434" intensity="7.674423e+000" type="0"/>
    <Peak1D F1="2.084806" intensity="2.047683e+000" type="0"/>
    <Peak1D F1="2.077621" intensity="3.786618e+000" type="0"/>
    <Peak1D F1="2.061663" intensity="2.459560e-001" type="0"/>
    <Peak1D F1="2.056243" intensity="2.048567e-001" type="0"/>
    <Peak1D F1="2.050158" intensity="2.157869e-001" type="0"/>
    <Peak1D F1="2.046697" intensity="2.439957e-001" type="0"/>
    <Peak1D F1="2.039504" intensity="1.909599e-001" type="0"/>
    <Peak1D F1="2.027663" intensity="1.327408e-001" type="0"/>
    <Peak1D F1="2.021123" intensity="9.670074e-002" type="0"/>
    <Peak1D F1="1.991717" intensity="2.599721e-001" type="0"/>
    <Peak1D F1="1.987544" intensity="2.982898e-001" type="0"/>
    <Peak1D F1="1.982739" intensity="2.320545e-001" type="0"/>
    <Peak1D F1="1.970746" intensity="3.256312e-001" type="0"/>
    <Peak1D F1="1.965665" intensity="4.110590e-001" type="0"/>
    <Peak1D F1="1.959731" intensity="5.101686e-001" type="0"/>
    <Peak1D F1="1.955458" intensity="4.796077e-001" type="0"/>
    <Peak1D F1="1.950282" intensity="4.849669e-001" type="0"/>
    <Peak1D F1="1.942361" intensity="6.166663e-001" type="0"/>
    <Peak1D F1="1.936655" intensity="9.144758e-001" type="0"/>
    <Peak1D F1="1.932836" intensity="6.936172e-001" type="0"/>
    <Peak1D F1="1.925297" intensity="5.843666e-001" type="0"/>
    <Peak1D F1="1.920727" intensity="6.988944e-001" type="0"/>
    <Peak1D F1="1.910506" intensity="3.917348e+000" type="0"/>
    <Peak1D F1="1.899320" intensity="3.166903e+000" type="0"/>
    <Peak1D F1="1.890878" intensity="7.960888e+000" type="0"/>
    <Peak1D F1="1.882093" intensity="2.832603e+000" type="0"/>
    <Peak1D F1="1.880147" intensity="2.829256e+000" type="0"/>
    <Peak1D F1="1.871483" intensity="2.451579e+000" type="0"/>
    <Peak1D F1="1.859538" intensity="3.375787e-001" type="0"/>
    <Peak1D F1="1.849080" intensity="2.037364e-001" type="0"/>
    <Peak1D F1="1.840925" intensity="2.024219e-001" type="0"/>
    <Peak1D F1="1.831701" intensity="1.323229e-001" type="0"/>
    <Peak1D F1="1.821251" intensity="9.518413e-002" type="0"/>
    <Peak1D F1="1.805714" intensity="5.957460e-002" type="0"/>
    <Peak1D F1="1.797646" intensity="5.816701e-002" type="0"/>
    <Peak1D F1="1.777735" intensity="5.610048e-002" type="0"/>
    <Peak1D F1="1.760096" intensity="6.106155e-002" type="0"/>
    <Peak1D F1="1.744902" intensity="1.739208e-001" type="0"/>
    <Peak1D F1="1.729074" intensity="2.385707e-001" type="0"/>
    <Peak1D F1="1.723830" intensity="2.160583e-001" type="0"/>
    <Peak1D F1="1.716607" intensity="2.745939e-001" type="0"/>
    <Peak1D F1="1.707946" intensity="2.967722e-001" type="0"/>
    <Peak1D F1="1.700865" intensity="4.735185e-001" type="0"/>
    <Peak1D F1="1.696786" intensity="3.982558e-001" type="0"/>
    <Peak1D F1="1.685859" intensity="3.780599e-001" type="0"/>
    <Peak1D F1="1.679787" intensity="1.118338e+000" type="0"/>
    <Peak1D F1="1.670446" intensity="6.545103e-001" type="0"/>
    <Peak1D F1="1.665927" intensity="4.985618e-001" type="0"/>
    <Peak1D F1="1.655566" intensity="9.476788e-001" type="0"/>
    <Peak1D F1="1.638857" intensity="5.655333e-001" type="0"/>
    <Peak1D F1="1.634308" intensity="6.390274e-001" type="0"/>
    <Peak1D F1="1.623159" intensity="2.573219e-001" type="0"/>
    <Peak1D F1="1.618035" intensity="3.366310e-001" type="0"/>
    <Peak1D F1="1.599787" intensity="1.072192e-001" type="0"/>
    <Peak1D F1="1.580262" intensity="1.208213e-001" type="0"/>
    <Peak1D F1="1.572165" intensity="1.253852e-001" type="0"/>
    <Peak1D F1="1.551525" intensity="1.476898e-001" type="0"/>
    <Peak1D F1="1.533894" intensity="3.393741e-001" type="0"/>
    <Peak1D F1="1.518203" intensity="2.693391e-001" type="0"/>
    <Peak1D F1="1.511538" intensity="2.904904e-001" type="0"/>
    <Peak1D F1="1.499575" intensity="5.396176e-001" type="0"/>
    <Peak1D F1="1.482133" intensity="6.796167e-001" type="0"/>
    <Peak1D F1="1.469328" intensity="4.602411e-001" type="0"/>
    <Peak1D F1="1.452599" intensity="4.529954e-001" type="0"/>
    <Peak1D F1="1.439763" intensity="1.097880e-001" type="0"/>
    <Peak1D F1="1.434799" intensity="1.445968e-001" type="0"/>
    <Peak1D F1="1.422431" intensity="1.684584e-001" type="0"/>
    <Peak1D F1="1.401747" intensity="5.249758e-002" type="0"/>
    <Peak1D F1="1.372991" intensity="3.936734e-002" type="0"/>
    <Peak1D F1="1.341260" intensity="3.102026e-002" type="0"/>
    <Peak1D F1="1.323280" intensity="3.138972e-002" type="0"/>
    <Peak1D F1="1.235385" intensity="9.716731e-002" type="0"/>
    <Peak1D F1="1.215971" intensity="1.263993e-001" type="0"/>
    <Peak1D F1="1.200684" intensity="1.343454e-001" type="0"/>
    <Peak1D F1="1.184147" intensity="2.352007e-001" type="0"/>
    <Peak1D F1="1.146520" intensity="3.080470e-001" type="0"/>
    <Peak1D F1="1.131202" intensity="3.005947e-001" type="0"/>
    <Peak1D F1="1.112927" intensity="1.547144e-002" type="0"/>
    <Peak1D F1="1.096540" intensity="1.608442e-002" type="0"/>
    <Peak1D F1="1.080455" intensity="1.487923e-002" type="0"/>
    <Peak1D F1="1.055124" intensity="1.102794e-002" type="0"/>
    <Peak1D F1="1.023586" intensity="1.256447e-002" type="0"/>
    <Peak1D F1="1.010525" intensity="1.117411e-002" type="0"/>
    <Peak1D F1="0.988900" intensity="1.173547e-002" type="0"/>
    <Peak1D F1="0.868948" intensity="9.304229e-003" type="0"/>
    <Peak1D F1="0.826616" intensity="3.665341e-002" type="0"/>
    <Peak1D F1="0.810131" intensity="6.631324e-002" type="0"/>
    <Peak1D F1="0.793373" intensity="3.519588e-002" type="0"/>
    <Peak1D F1="0.775069" intensity="2.229550e-002" type="0"/>
    <Peak1D F1="0.764008" intensity="2.185248e-002" type="0"/>
    <Peak1D F1="0.740731" intensity="1.394789e-002" type="0"/>
    <Peak1D F1="0.734996" intensity="1.310054e-002" type="0"/>
    <Peak1D F1="0.694189" intensity="7.650163e-003" type="0"/>
    <Peak1D F1="0.668665" intensity="6.792540e-003" type="0"/>
    <Peak1D F1="0.586501" intensity="7.466285e-003" type="0"/>
    <Peak1D F1="0.564282" intensity="6.526690e-003" type="0"/>
    <Peak1D F1="0.525869" intensity="6.897913e-003" type="0"/>
    <Peak1D F1="0.465304" intensity="7.794226e-003" type="0"/>
    <Peak1D F1="0.412137" intensity="6.983710e-003" type="0"/>
    <Peak1D F1="0.048866" intensity="8.018588e-003" type="0"/>
    <Peak1D F1="0.017862" intensity="1.030302e-002" type="0"/>
    <Peak1D F1="-0.000156" intensity="3.516078e-001" type="0"/>
    <Peak1D F1="-3.034400" intensity="7.480055e-003" type="0"/>
    <Peak1D F1="-3.346094" intensity="7.010949e-003" type="0"/>
    <Peak1D F1="-3.392431" intensity="6.872283e-003" type="0"/>
  </PeakList1D>
</PeakList>
