<?xml version="1.0" encoding="UTF-8"?>
<PeakList>
  <PeakList1D>
    <PeakList1DHeader creator="nmr" date="2021-08-11T17:54:56.358+03:00" expNo="10" name="ID-427-E-11.8.21" owner="" procNo="1" source="//132.72.8.180/400b/Milo/Milo">
      <PeakPickDetails>F1=16.147600ppm, F2=-3.881446ppm, MI=0.00cm, MAXI=10000.00cm, PC=1.000
      </PeakPickDetails>
    </PeakList1DHeader>
    <Peak1D F1="16.071943" intensity="1.036273e-003" type="0"/>
    <Peak1D F1="10.083118" intensity="4.557105e-003" type="0"/>
    <Peak1D F1="8.497810" intensity="1.253246e-003" type="0"/>
    <Peak1D F1="8.492529" intensity="1.066922e-003" type="0"/>
    <Peak1D F1="8.459180" intensity="1.283762e-003" type="0"/>
    <Peak1D F1="8.424952" intensity="1.289263e-003" type="0"/>
    <Peak1D F1="8.407928" intensity="1.856040e-003" type="0"/>
    <Peak1D F1="8.378023" intensity="1.987980e-003" type="0"/>
    <Peak1D F1="8.343257" intensity="6.032418e-003" type="0"/>
    <Peak1D F1="8.337282" intensity="8.044645e-003" type="0"/>
    <Peak1D F1="8.324778" intensity="8.661450e-003" type="0"/>
    <Peak1D F1="8.320447" intensity="9.769053e-003" type="0"/>
    <Peak1D F1="8.303844" intensity="7.494570e-003" type="0"/>
    <Peak1D F1="8.257244" intensity="9.653243e-003" type="0"/>
    <Peak1D F1="8.224600" intensity="7.933654e-002" type="0"/>
    <Peak1D F1="8.204509" intensity="1.025314e-001" type="0"/>
    <Peak1D F1="8.199130" intensity="8.010788e-002" type="0"/>
    <Peak1D F1="8.191207" intensity="8.053125e-002" type="0"/>
    <Peak1D F1="8.181600" intensity="6.591648e-002" type="0"/>
    <Peak1D F1="8.176434" intensity="6.955545e-002" type="0"/>
    <Peak1D F1="8.170146" intensity="7.091542e-002" type="0"/>
    <Peak1D F1="8.159244" intensity="6.258316e-002" type="0"/>
    <Peak1D F1="8.150699" intensity="6.557322e-002" type="0"/>
    <Peak1D F1="8.131226" intensity="1.633128e+000" type="0"/>
    <Peak1D F1="8.126544" intensity="8.891605e-001" type="0"/>
    <Peak1D F1="8.122410" intensity="9.255143e-001" type="0"/>
    <Peak1D F1="8.113683" intensity="8.204918e-001" type="0"/>
    <Peak1D F1="8.109221" intensity="1.794918e+000" type="0"/>
    <Peak1D F1="8.100490" intensity="8.869038e-001" type="0"/>
    <Peak1D F1="8.085413" intensity="9.816775e-002" type="0"/>
    <Peak1D F1="8.059461" intensity="3.294377e-002" type="0"/>
    <Peak1D F1="8.050552" intensity="1.988330e-002" type="0"/>
    <Peak1D F1="8.020902" intensity="5.380445e-003" type="0"/>
    <Peak1D F1="7.999238" intensity="3.874336e-003" type="0"/>
    <Peak1D F1="7.916486" intensity="6.010377e-003" type="0"/>
    <Peak1D F1="7.900014" intensity="6.995855e-003" type="0"/>
    <Peak1D F1="7.893610" intensity="8.026137e-003" type="0"/>
    <Peak1D F1="7.835445" intensity="1.344940e-003" type="0"/>
    <Peak1D F1="7.805602" intensity="1.438564e-003" type="0"/>
    <Peak1D F1="7.790009" intensity="1.534215e-003" type="0"/>
    <Peak1D F1="7.705714" intensity="1.711454e-002" type="0"/>
    <Peak1D F1="7.688123" intensity="2.549573e-002" type="0"/>
    <Peak1D F1="7.676807" intensity="3.800346e-002" type="0"/>
    <Peak1D F1="7.659375" intensity="3.023556e-002" type="0"/>
    <Peak1D F1="7.640235" intensity="3.431702e-002" type="0"/>
    <Peak1D F1="7.627949" intensity="5.010257e-002" type="0"/>
    <Peak1D F1="7.616343" intensity="6.562310e-002" type="0"/>
    <Peak1D F1="7.610568" intensity="6.756952e-002" type="0"/>
    <Peak1D F1="7.606722" intensity="7.435373e-002" type="0"/>
    <Peak1D F1="7.599542" intensity="7.837664e-002" type="0"/>
    <Peak1D F1="7.578077" intensity="8.036704e-002" type="0"/>
    <Peak1D F1="7.556482" intensity="7.184995e-002" type="0"/>
    <Peak1D F1="7.547082" intensity="6.824230e-002" type="0"/>
    <Peak1D F1="7.537477" intensity="6.949314e-002" type="0"/>
    <Peak1D F1="7.526533" intensity="1.206773e-001" type="0"/>
    <Peak1D F1="7.521853" intensity="1.300650e-001" type="0"/>
    <Peak1D F1="7.516210" intensity="1.105401e-001" type="0"/>
    <Peak1D F1="7.502965" intensity="2.136712e-001" type="0"/>
    <Peak1D F1="7.494068" intensity="1.493369e-001" type="0"/>
    <Peak1D F1="7.476962" intensity="1.719657e+000" type="0"/>
    <Peak1D F1="7.472352" intensity="1.393344e+000" type="0"/>
    <Peak1D F1="7.455382" intensity="1.731919e+000" type="0"/>
    <Peak1D F1="7.450181" intensity="1.023059e+000" type="0"/>
    <Peak1D F1="7.428051" intensity="1.053348e-001" type="0"/>
    <Peak1D F1="7.405308" intensity="9.092645e-002" type="0"/>
    <Peak1D F1="7.380388" intensity="2.510692e-002" type="0"/>
    <Peak1D F1="7.365986" intensity="1.429442e-002" type="0"/>
    <Peak1D F1="7.355198" intensity="2.154239e-002" type="0"/>
    <Peak1D F1="7.335579" intensity="2.906331e-002" type="0"/>
    <Peak1D F1="7.319561" intensity="3.205393e-002" type="0"/>
    <Peak1D F1="7.312601" intensity="4.314663e-002" type="0"/>
    <Peak1D F1="7.292170" intensity="1.554464e-001" type="0"/>
    <Peak1D F1="7.284011" intensity="6.182046e-002" type="0"/>
    <Peak1D F1="7.280407" intensity="6.181450e-002" type="0"/>
    <Peak1D F1="7.269774" intensity="8.524302e-002" type="0"/>
    <Peak1D F1="7.263079" intensity="1.042950e-001" type="0"/>
    <Peak1D F1="7.242465" intensity="6.165675e+000" type="0"/>
    <Peak1D F1="7.211142" intensity="1.466765e-002" type="0"/>
    <Peak1D F1="7.191855" intensity="1.125744e-001" type="0"/>
    <Peak1D F1="7.156653" intensity="8.418185e-003" type="0"/>
    <Peak1D F1="7.141229" intensity="2.113786e-002" type="0"/>
    <Peak1D F1="7.115401" intensity="2.810101e-002" type="0"/>
    <Peak1D F1="7.093912" intensity="2.195636e-002" type="0"/>
    <Peak1D F1="7.076852" intensity="2.321478e-002" type="0"/>
    <Peak1D F1="7.053254" intensity="4.741131e-002" type="0"/>
    <Peak1D F1="7.046446" intensity="4.121351e-002" type="0"/>
    <Peak1D F1="7.044211" intensity="4.032497e-002" type="0"/>
    <Peak1D F1="7.030685" intensity="5.239860e-002" type="0"/>
    <Peak1D F1="7.023835" intensity="5.325323e-002" type="0"/>
    <Peak1D F1="7.010411" intensity="2.626960e-002" type="0"/>
    <Peak1D F1="7.003411" intensity="2.791868e-002" type="0"/>
    <Peak1D F1="6.977517" intensity="3.665251e-002" type="0"/>
    <Peak1D F1="6.502683" intensity="1.687773e-003" type="0"/>
    <Peak1D F1="6.475684" intensity="2.726706e-003" type="0"/>
    <Peak1D F1="6.202729" intensity="4.731573e-003" type="0"/>
    <Peak1D F1="6.197600" intensity="8.949983e-003" type="0"/>
    <Peak1D F1="6.192205" intensity="6.480440e-003" type="0"/>
    <Peak1D F1="6.112436" intensity="2.274645e-002" type="0"/>
    <Peak1D F1="6.108211" intensity="2.038594e-002" type="0"/>
    <Peak1D F1="6.101398" intensity="2.132558e-002" type="0"/>
    <Peak1D F1="6.060834" intensity="5.139836e-002" type="0"/>
    <Peak1D F1="6.055766" intensity="5.329743e-002" type="0"/>
    <Peak1D F1="6.049080" intensity="6.949202e-002" type="0"/>
    <Peak1D F1="6.041362" intensity="3.543671e-002" type="0"/>
    <Peak1D F1="6.025400" intensity="1.973292e-002" type="0"/>
    <Peak1D F1="5.999022" intensity="2.625155e+000" type="0"/>
    <Peak1D F1="5.991185" intensity="8.025502e-001" type="0"/>
    <Peak1D F1="5.949260" intensity="5.135041e-002" type="0"/>
    <Peak1D F1="5.943839" intensity="3.637231e-002" type="0"/>
    <Peak1D F1="5.941413" intensity="3.787977e-002" type="0"/>
    <Peak1D F1="5.826983" intensity="1.335763e-002" type="0"/>
    <Peak1D F1="5.820564" intensity="1.441480e-002" type="0"/>
    <Peak1D F1="5.797334" intensity="6.879892e-003" type="0"/>
    <Peak1D F1="5.782961" intensity="1.936195e-002" type="0"/>
    <Peak1D F1="5.775414" intensity="2.003342e-002" type="0"/>
    <Peak1D F1="5.656285" intensity="1.375096e-002" type="0"/>
    <Peak1D F1="5.629649" intensity="1.396146e-002" type="0"/>
    <Peak1D F1="5.562136" intensity="1.536588e-003" type="0"/>
    <Peak1D F1="5.495889" intensity="3.962222e-003" type="0"/>
    <Peak1D F1="5.450675" intensity="2.108948e-002" type="0"/>
    <Peak1D F1="5.420356" intensity="5.503059e-003" type="0"/>
    <Peak1D F1="5.379910" intensity="1.058948e-002" type="0"/>
    <Peak1D F1="5.329078" intensity="1.510752e-001" type="0"/>
    <Peak1D F1="5.277522" intensity="3.510785e-003" type="0"/>
    <Peak1D F1="5.172864" intensity="4.147673e-003" type="0"/>
    <Peak1D F1="5.156554" intensity="4.557688e-003" type="0"/>
    <Peak1D F1="5.003870" intensity="4.295334e-003" type="0"/>
    <Peak1D F1="4.982264" intensity="4.596204e-003" type="0"/>
    <Peak1D F1="4.934052" intensity="8.927206e-003" type="0"/>
    <Peak1D F1="4.911909" intensity="1.240266e-002" type="0"/>
    <Peak1D F1="4.896679" intensity="2.722128e-002" type="0"/>
    <Peak1D F1="4.869112" intensity="3.387889e-002" type="0"/>
    <Peak1D F1="4.852324" intensity="2.858733e-002" type="0"/>
    <Peak1D F1="4.824502" intensity="8.884964e-001" type="0"/>
    <Peak1D F1="4.802743" intensity="9.044274e-001" type="0"/>
    <Peak1D F1="4.774436" intensity="2.375809e-002" type="0"/>
    <Peak1D F1="4.754396" intensity="3.446787e-002" type="0"/>
    <Peak1D F1="4.708551" intensity="1.032650e+000" type="0"/>
    <Peak1D F1="4.658681" intensity="2.364219e-002" type="0"/>
    <Peak1D F1="4.640022" intensity="7.684844e-003" type="0"/>
    <Peak1D F1="4.618364" intensity="7.122823e-003" type="0"/>
    <Peak1D F1="4.568799" intensity="1.945989e-003" type="0"/>
    <Peak1D F1="4.364849" intensity="3.146592e-003" type="0"/>
    <Peak1D F1="4.132053" intensity="7.267310e-003" type="0"/>
    <Peak1D F1="3.861907" intensity="4.233141e-002" type="0"/>
    <Peak1D F1="3.854500" intensity="1.371315e-002" type="0"/>
    <Peak1D F1="3.833581" intensity="3.150646e-003" type="0"/>
    <Peak1D F1="3.795510" intensity="2.500345e-002" type="0"/>
    <Peak1D F1="3.788115" intensity="1.134553e-002" type="0"/>
    <Peak1D F1="3.734486" intensity="1.433955e-001" type="0"/>
    <Peak1D F1="3.727072" intensity="6.761176e-002" type="0"/>
    <Peak1D F1="3.684502" intensity="7.756525e+000" type="0"/>
    <Peak1D F1="3.676971" intensity="2.448045e+000" type="0"/>
    <Peak1D F1="3.653471" intensity="2.179228e-002" type="0"/>
    <Peak1D F1="3.634667" intensity="1.171473e-001" type="0"/>
    <Peak1D F1="3.626937" intensity="5.442763e-002" type="0"/>
    <Peak1D F1="3.584727" intensity="5.964785e-003" type="0"/>
    <Peak1D F1="3.577474" intensity="3.328632e-003" type="0"/>
    <Peak1D F1="3.556612" intensity="3.356061e-003" type="0"/>
    <Peak1D F1="3.502246" intensity="5.552906e-002" type="0"/>
    <Peak1D F1="3.494719" intensity="2.973287e-002" type="0"/>
    <Peak1D F1="3.435149" intensity="5.755636e-002" type="0"/>
    <Peak1D F1="2.992408" intensity="1.893752e-003" type="0"/>
    <Peak1D F1="2.973415" intensity="2.760093e-003" type="0"/>
    <Peak1D F1="2.957426" intensity="9.462265e-003" type="0"/>
    <Peak1D F1="2.950655" intensity="1.079104e-002" type="0"/>
    <Peak1D F1="2.939566" intensity="1.375588e-002" type="0"/>
    <Peak1D F1="2.933045" intensity="1.585374e-002" type="0"/>
    <Peak1D F1="2.914552" intensity="1.547954e-002" type="0"/>
    <Peak1D F1="2.893924" intensity="1.115312e-002" type="0"/>
    <Peak1D F1="2.886885" intensity="1.177463e-002" type="0"/>
    <Peak1D F1="2.866641" intensity="6.095756e-003" type="0"/>
    <Peak1D F1="2.813863" intensity="5.667446e-003" type="0"/>
    <Peak1D F1="2.786156" intensity="1.301125e-002" type="0"/>
    <Peak1D F1="2.775425" intensity="1.245520e-002" type="0"/>
    <Peak1D F1="2.764585" intensity="1.507921e-002" type="0"/>
    <Peak1D F1="2.752739" intensity="1.406299e-002" type="0"/>
    <Peak1D F1="2.741612" intensity="1.116979e-002" type="0"/>
    <Peak1D F1="2.730505" intensity="1.099255e-002" type="0"/>
    <Peak1D F1="2.708184" intensity="7.965302e-003" type="0"/>
    <Peak1D F1="2.687301" intensity="9.930032e-003" type="0"/>
    <Peak1D F1="2.679321" intensity="8.904984e-003" type="0"/>
    <Peak1D F1="2.657533" intensity="9.410040e-003" type="0"/>
    <Peak1D F1="2.636257" intensity="6.914396e-003" type="0"/>
    <Peak1D F1="2.614588" intensity="5.240434e-003" type="0"/>
    <Peak1D F1="2.532771" intensity="2.057736e-002" type="0"/>
    <Peak1D F1="2.517917" intensity="1.992664e-002" type="0"/>
    <Peak1D F1="2.510616" intensity="2.085166e-002" type="0"/>
    <Peak1D F1="2.488683" intensity="1.927589e-002" type="0"/>
    <Peak1D F1="2.459424" intensity="1.883467e-002" type="0"/>
    <Peak1D F1="2.438129" intensity="3.181823e-002" type="0"/>
    <Peak1D F1="2.396478" intensity="2.054610e-001" type="0"/>
    <Peak1D F1="2.389921" intensity="2.217236e-001" type="0"/>
    <Peak1D F1="2.378929" intensity="4.003704e-001" type="0"/>
    <Peak1D F1="2.357701" intensity="4.422339e-001" type="0"/>
    <Peak1D F1="2.350345" intensity="5.563787e-001" type="0"/>
    <Peak1D F1="2.340735" intensity="4.511197e-001" type="0"/>
    <Peak1D F1="2.329574" intensity="6.985884e-001" type="0"/>
    <Peak1D F1="2.309099" intensity="2.645013e-001" type="0"/>
    <Peak1D F1="2.278658" intensity="8.524577e-002" type="0"/>
    <Peak1D F1="2.272258" intensity="9.687907e-002" type="0"/>
    <Peak1D F1="2.258743" intensity="1.170481e-001" type="0"/>
    <Peak1D F1="2.253574" intensity="1.148971e-001" type="0"/>
    <Peak1D F1="2.240315" intensity="1.266493e-001" type="0"/>
    <Peak1D F1="2.221262" intensity="1.003418e-001" type="0"/>
    <Peak1D F1="2.210321" intensity="2.503794e-001" type="0"/>
    <Peak1D F1="2.199813" intensity="1.488284e-001" type="0"/>
    <Peak1D F1="2.187638" intensity="3.870921e-001" type="0"/>
    <Peak1D F1="2.183792" intensity="3.837407e-001" type="0"/>
    <Peak1D F1="2.177295" intensity="2.186572e-001" type="0"/>
    <Peak1D F1="2.173221" intensity="2.023233e-001" type="0"/>
    <Peak1D F1="2.161635" intensity="4.954153e-001" type="0"/>
    <Peak1D F1="2.150606" intensity="3.123329e-001" type="0"/>
    <Peak1D F1="2.138699" intensity="4.548958e-001" type="0"/>
    <Peak1D F1="2.134753" intensity="4.892312e-001" type="0"/>
    <Peak1D F1="2.129018" intensity="5.936480e-001" type="0"/>
    <Peak1D F1="2.122240" intensity="5.084864e-001" type="0"/>
    <Peak1D F1="2.112546" intensity="8.171940e-001" type="0"/>
    <Peak1D F1="2.098856" intensity="4.895522e+000" type="0"/>
    <Peak1D F1="2.096759" intensity="4.482008e+000" type="0"/>
    <Peak1D F1="2.091048" intensity="5.032302e+000" type="0"/>
    <Peak1D F1="2.088766" intensity="5.110689e+000" type="0"/>
    <Peak1D F1="2.079381" intensity="1.425231e+001" type="0"/>
    <Peak1D F1="2.072510" intensity="8.370354e+000" type="0"/>
    <Peak1D F1="2.060876" intensity="7.854671e+000" type="0"/>
    <Peak1D F1="2.053529" intensity="3.268432e+000" type="0"/>
    <Peak1D F1="2.039855" intensity="6.839926e-001" type="0"/>
    <Peak1D F1="2.036070" intensity="6.579557e-001" type="0"/>
    <Peak1D F1="2.029779" intensity="7.102426e-001" type="0"/>
    <Peak1D F1="2.012763" intensity="3.694799e-001" type="0"/>
    <Peak1D F1="1.994909" intensity="1.476867e-001" type="0"/>
    <Peak1D F1="1.975331" intensity="1.717260e-001" type="0"/>
    <Peak1D F1="1.968745" intensity="1.837990e-001" type="0"/>
    <Peak1D F1="1.950974" intensity="5.033258e-001" type="0"/>
    <Peak1D F1="1.931553" intensity="7.446947e-001" type="0"/>
    <Peak1D F1="1.928175" intensity="7.491842e-001" type="0"/>
    <Peak1D F1="1.923532" intensity="1.003218e+000" type="0"/>
    <Peak1D F1="1.916538" intensity="1.329460e+000" type="0"/>
    <Peak1D F1="1.911521" intensity="1.358287e+000" type="0"/>
    <Peak1D F1="1.901565" intensity="7.237271e+000" type="0"/>
    <Peak1D F1="1.892123" intensity="6.978240e+000" type="0"/>
    <Peak1D F1="1.890995" intensity="6.990151e+000" type="0"/>
    <Peak1D F1="1.889679" intensity="6.973723e+000" type="0"/>
    <Peak1D F1="1.882007" intensity="1.500000e+001" type="0"/>
    <Peak1D F1="1.875041" intensity="8.657796e+000" type="0"/>
    <Peak1D F1="1.871167" intensity="6.458797e+000" type="0"/>
    <Peak1D F1="1.863278" intensity="5.428803e+000" type="0"/>
    <Peak1D F1="1.841581" intensity="5.161044e-001" type="0"/>
    <Peak1D F1="1.832537" intensity="4.413143e-001" type="0"/>
    <Peak1D F1="1.825207" intensity="2.717912e-001" type="0"/>
    <Peak1D F1="1.813657" intensity="1.642171e-001" type="0"/>
    <Peak1D F1="1.795512" intensity="6.213978e-002" type="0"/>
    <Peak1D F1="1.781911" intensity="5.883112e-002" type="0"/>
    <Peak1D F1="1.772331" intensity="5.324144e-002" type="0"/>
    <Peak1D F1="1.765065" intensity="4.814310e-002" type="0"/>
    <Peak1D F1="1.750783" intensity="6.367873e-002" type="0"/>
    <Peak1D F1="1.736488" intensity="1.016076e-001" type="0"/>
    <Peak1D F1="1.731687" intensity="1.109736e-001" type="0"/>
    <Peak1D F1="1.721104" intensity="1.934127e-001" type="0"/>
    <Peak1D F1="1.715350" intensity="2.511835e-001" type="0"/>
    <Peak1D F1="1.701899" intensity="4.024019e-001" type="0"/>
    <Peak1D F1="1.694866" intensity="4.390356e-001" type="0"/>
    <Peak1D F1="1.677583" intensity="6.301050e-001" type="0"/>
    <Peak1D F1="1.673767" intensity="5.939366e-001" type="0"/>
    <Peak1D F1="1.666638" intensity="4.047198e-001" type="0"/>
    <Peak1D F1="1.662120" intensity="4.787445e-001" type="0"/>
    <Peak1D F1="1.656835" intensity="4.939622e-001" type="0"/>
    <Peak1D F1="1.645767" intensity="3.647379e-001" type="0"/>
    <Peak1D F1="1.640726" intensity="3.083238e-001" type="0"/>
    <Peak1D F1="1.630359" intensity="2.316229e-001" type="0"/>
    <Peak1D F1="1.624721" intensity="2.156452e-001" type="0"/>
    <Peak1D F1="1.609379" intensity="1.583184e-001" type="0"/>
    <Peak1D F1="1.588896" intensity="4.770872e-002" type="0"/>
    <Peak1D F1="1.573709" intensity="3.849991e-002" type="0"/>
    <Peak1D F1="1.558973" intensity="4.121182e-002" type="0"/>
    <Peak1D F1="1.550447" intensity="5.175930e-002" type="0"/>
    <Peak1D F1="1.544073" intensity="7.202370e-002" type="0"/>
    <Peak1D F1="1.531231" intensity="1.254984e-001" type="0"/>
    <Peak1D F1="1.527411" intensity="1.633026e-001" type="0"/>
    <Peak1D F1="1.509508" intensity="2.903730e-001" type="0"/>
    <Peak1D F1="1.492566" intensity="2.670218e-001" type="0"/>
    <Peak1D F1="1.480101" intensity="2.468613e-001" type="0"/>
    <Peak1D F1="1.461587" intensity="2.220054e-001" type="0"/>
    <Peak1D F1="1.444804" intensity="6.060522e-002" type="0"/>
    <Peak1D F1="1.441661" intensity="5.665335e-002" type="0"/>
    <Peak1D F1="1.428519" intensity="5.552307e-002" type="0"/>
    <Peak1D F1="1.396044" intensity="1.552267e-002" type="0"/>
    <Peak1D F1="1.371563" intensity="2.012449e-002" type="0"/>
    <Peak1D F1="1.351248" intensity="1.517793e-002" type="0"/>
    <Peak1D F1="1.326737" intensity="8.855373e-003" type="0"/>
    <Peak1D F1="1.320619" intensity="8.585727e-003" type="0"/>
    <Peak1D F1="1.300978" intensity="5.737447e-003" type="0"/>
    <Peak1D F1="1.221576" intensity="1.703779e-002" type="0"/>
    <Peak1D F1="1.177772" intensity="3.200082e-002" type="0"/>
    <Peak1D F1="1.157232" intensity="7.027254e-003" type="0"/>
    <Peak1D F1="1.145949" intensity="5.790204e-003" type="0"/>
    <Peak1D F1="0.810770" intensity="7.376420e-003" type="0"/>
    <Peak1D F1="0.799868" intensity="1.698896e-002" type="0"/>
    <Peak1D F1="0.782127" intensity="8.650718e-003" type="0"/>
    <Peak1D F1="0.747080" intensity="2.863551e-003" type="0"/>
    <Peak1D F1="0.728526" intensity="1.507928e-003" type="0"/>
    <Peak1D F1="-0.000154" intensity="4.967272e-002" type="0"/>
    <Peak1D F1="-0.049617" intensity="1.143025e-003" type="0"/>
    <Peak1D F1="-2.315682" intensity="1.060300e-003" type="0"/>
  </PeakList1D>
</PeakList>
