<?xml version="1.0" encoding="UTF-8"?>
<PeakList>
  <PeakList1D>
    <PeakList1DHeader creator="nmr" date="2021-08-01T18:24:56.397+03:00" expNo="10" name="ID-419-J" owner="" procNo="1" source="//132.72.8.180/400b/Milo/Milo">
      <PeakPickDetails>F1=16.099310ppm, F2=-3.929735ppm, MI=0.00cm, MAXI=10000.00cm, PC=1.000
      </PeakPickDetails>
    </PeakList1DHeader>
    <Peak1D F1="10.145715" intensity="8.235171e-003" type="0"/>
    <Peak1D F1="10.094125" intensity="4.713982e-001" type="0"/>
    <Peak1D F1="8.391182" intensity="9.509796e-003" type="0"/>
    <Peak1D F1="8.370471" intensity="1.954231e-002" type="0"/>
    <Peak1D F1="8.342249" intensity="3.177602e-001" type="0"/>
    <Peak1D F1="8.320479" intensity="3.566490e-001" type="0"/>
    <Peak1D F1="8.273762" intensity="3.368011e-002" type="0"/>
    <Peak1D F1="8.252577" intensity="4.097024e-002" type="0"/>
    <Peak1D F1="8.238875" intensity="6.833803e-002" type="0"/>
    <Peak1D F1="8.221975" intensity="9.103584e-002" type="0"/>
    <Peak1D F1="8.217226" intensity="9.990386e-002" type="0"/>
    <Peak1D F1="8.208675" intensity="1.121356e-001" type="0"/>
    <Peak1D F1="8.204464" intensity="1.095337e-001" type="0"/>
    <Peak1D F1="8.200788" intensity="1.048342e-001" type="0"/>
    <Peak1D F1="8.186931" intensity="1.367820e-001" type="0"/>
    <Peak1D F1="8.171344" intensity="2.712104e-001" type="0"/>
    <Peak1D F1="8.164943" intensity="4.975657e-001" type="0"/>
    <Peak1D F1="8.159043" intensity="3.079340e+000" type="0"/>
    <Peak1D F1="8.154419" intensity="1.407793e+000" type="0"/>
    <Peak1D F1="8.137217" intensity="3.372328e+000" type="0"/>
    <Peak1D F1="8.131808" intensity="7.692924e-001" type="0"/>
    <Peak1D F1="8.115339" intensity="7.502927e-002" type="0"/>
    <Peak1D F1="8.108681" intensity="8.214344e-002" type="0"/>
    <Peak1D F1="8.086632" intensity="4.255486e-002" type="0"/>
    <Peak1D F1="8.069763" intensity="1.778075e-002" type="0"/>
    <Peak1D F1="8.064078" intensity="1.825603e-002" type="0"/>
    <Peak1D F1="8.042141" intensity="2.689718e-002" type="0"/>
    <Peak1D F1="8.020403" intensity="4.150772e-001" type="0"/>
    <Peak1D F1="8.015934" intensity="1.367929e-001" type="0"/>
    <Peak1D F1="8.003201" intensity="1.174426e-001" type="0"/>
    <Peak1D F1="7.998809" intensity="3.457975e-001" type="0"/>
    <Peak1D F1="7.993472" intensity="5.537658e-002" type="0"/>
    <Peak1D F1="7.968937" intensity="1.105183e-002" type="0"/>
    <Peak1D F1="7.939191" intensity="2.759671e-002" type="0"/>
    <Peak1D F1="7.933547" intensity="3.048677e-002" type="0"/>
    <Peak1D F1="7.918336" intensity="5.023951e-002" type="0"/>
    <Peak1D F1="7.902769" intensity="2.770257e-002" type="0"/>
    <Peak1D F1="7.896455" intensity="2.722832e-002" type="0"/>
    <Peak1D F1="7.877581" intensity="1.077279e-002" type="0"/>
    <Peak1D F1="7.860282" intensity="1.186191e-002" type="0"/>
    <Peak1D F1="7.843471" intensity="1.262004e-002" type="0"/>
    <Peak1D F1="7.833164" intensity="2.578407e-002" type="0"/>
    <Peak1D F1="7.810860" intensity="2.730085e-002" type="0"/>
    <Peak1D F1="7.726363" intensity="2.657996e-002" type="0"/>
    <Peak1D F1="7.711631" intensity="8.417482e-002" type="0"/>
    <Peak1D F1="7.691063" intensity="1.100624e-001" type="0"/>
    <Peak1D F1="7.675629" intensity="6.858021e-002" type="0"/>
    <Peak1D F1="7.662196" intensity="1.732627e-002" type="0"/>
    <Peak1D F1="7.624008" intensity="4.013462e-002" type="0"/>
    <Peak1D F1="7.608084" intensity="3.452610e-002" type="0"/>
    <Peak1D F1="7.602293" intensity="4.983127e-002" type="0"/>
    <Peak1D F1="7.585370" intensity="2.414435e-002" type="0"/>
    <Peak1D F1="7.556159" intensity="4.059188e-002" type="0"/>
    <Peak1D F1="7.540739" intensity="7.626162e-002" type="0"/>
    <Peak1D F1="7.530519" intensity="8.722386e-002" type="0"/>
    <Peak1D F1="7.510059" intensity="1.091671e-001" type="0"/>
    <Peak1D F1="7.492078" intensity="1.372954e-001" type="0"/>
    <Peak1D F1="7.486379" intensity="4.467828e-001" type="0"/>
    <Peak1D F1="7.480585" intensity="3.121204e+000" type="0"/>
    <Peak1D F1="7.475821" intensity="1.051897e+000" type="0"/>
    <Peak1D F1="7.458590" intensity="2.988785e+000" type="0"/>
    <Peak1D F1="7.453335" intensity="4.973584e-001" type="0"/>
    <Peak1D F1="7.446101" intensity="1.267040e-001" type="0"/>
    <Peak1D F1="7.440382" intensity="2.558298e-001" type="0"/>
    <Peak1D F1="7.430586" intensity="5.953196e-002" type="0"/>
    <Peak1D F1="7.408512" intensity="4.117396e-002" type="0"/>
    <Peak1D F1="7.357125" intensity="9.202599e-003" type="0"/>
    <Peak1D F1="7.347343" intensity="9.235004e-003" type="0"/>
    <Peak1D F1="7.317194" intensity="1.907747e-002" type="0"/>
    <Peak1D F1="7.297204" intensity="1.608883e-002" type="0"/>
    <Peak1D F1="7.273577" intensity="2.147734e-002" type="0"/>
    <Peak1D F1="7.267675" intensity="2.009534e-002" type="0"/>
    <Peak1D F1="7.244443" intensity="2.471444e-001" type="0"/>
    <Peak1D F1="7.229774" intensity="3.032598e-002" type="0"/>
    <Peak1D F1="7.223263" intensity="5.563872e-002" type="0"/>
    <Peak1D F1="7.194522" intensity="1.246237e+001" type="0"/>
    <Peak1D F1="7.144776" intensity="3.383116e-001" type="0"/>
    <Peak1D F1="7.123043" intensity="3.492524e-001" type="0"/>
    <Peak1D F1="7.101155" intensity="1.824369e-001" type="0"/>
    <Peak1D F1="7.085642" intensity="2.700914e-002" type="0"/>
    <Peak1D F1="7.068162" intensity="4.802466e-002" type="0"/>
    <Peak1D F1="7.062928" intensity="5.510680e-002" type="0"/>
    <Peak1D F1="7.046273" intensity="7.526562e-002" type="0"/>
    <Peak1D F1="7.034510" intensity="9.603624e-002" type="0"/>
    <Peak1D F1="7.026049" intensity="7.456814e-002" type="0"/>
    <Peak1D F1="7.012059" intensity="1.576874e-001" type="0"/>
    <Peak1D F1="6.990148" intensity="8.498029e-002" type="0"/>
    <Peak1D F1="6.946708" intensity="8.182639e-003" type="0"/>
    <Peak1D F1="6.930418" intensity="6.433212e-002" type="0"/>
    <Peak1D F1="6.923498" intensity="1.402827e-002" type="0"/>
    <Peak1D F1="6.845870" intensity="1.257304e-002" type="0"/>
    <Peak1D F1="6.216544" intensity="1.829020e-002" type="0"/>
    <Peak1D F1="6.117587" intensity="1.249631e-001" type="0"/>
    <Peak1D F1="6.068452" intensity="7.363270e-002" type="0"/>
    <Peak1D F1="6.018029" intensity="4.207359e+000" type="0"/>
    <Peak1D F1="5.967592" intensity="4.754552e-002" type="0"/>
    <Peak1D F1="5.899451" intensity="2.314586e-002" type="0"/>
    <Peak1D F1="5.888030" intensity="2.272149e-002" type="0"/>
    <Peak1D F1="5.817026" intensity="8.264692e-003" type="0"/>
    <Peak1D F1="5.789975" intensity="1.857253e-002" type="0"/>
    <Peak1D F1="5.629464" intensity="2.058120e-002" type="0"/>
    <Peak1D F1="5.601272" intensity="1.929615e-002" type="0"/>
    <Peak1D F1="5.489874" intensity="9.649817e-003" type="0"/>
    <Peak1D F1="5.440035" intensity="7.919132e-003" type="0"/>
    <Peak1D F1="5.402932" intensity="9.930608e-003" type="0"/>
    <Peak1D F1="5.372959" intensity="2.174243e-002" type="0"/>
    <Peak1D F1="5.356897" intensity="1.169650e-001" type="0"/>
    <Peak1D F1="5.349377" intensity="1.137960e-001" type="0"/>
    <Peak1D F1="5.314725" intensity="1.922066e-002" type="0"/>
    <Peak1D F1="5.229992" intensity="9.380196e-003" type="0"/>
    <Peak1D F1="5.125175" intensity="9.064638e-003" type="0"/>
    <Peak1D F1="5.108490" intensity="8.530580e-003" type="0"/>
    <Peak1D F1="4.983519" intensity="8.184680e-003" type="0"/>
    <Peak1D F1="4.969694" intensity="1.404832e-002" type="0"/>
    <Peak1D F1="4.946478" intensity="1.739342e-002" type="0"/>
    <Peak1D F1="4.889004" intensity="2.050570e-002" type="0"/>
    <Peak1D F1="4.870785" intensity="2.549993e-002" type="0"/>
    <Peak1D F1="4.850107" intensity="2.792981e-002" type="0"/>
    <Peak1D F1="4.839790" intensity="5.485272e-002" type="0"/>
    <Peak1D F1="4.817256" intensity="6.177205e-002" type="0"/>
    <Peak1D F1="4.790004" intensity="1.660007e+000" type="0"/>
    <Peak1D F1="4.767158" intensity="1.693320e+000" type="0"/>
    <Peak1D F1="4.739136" intensity="7.204196e-002" type="0"/>
    <Peak1D F1="4.716586" intensity="8.620328e-002" type="0"/>
    <Peak1D F1="4.676587" intensity="8.528916e-002" type="0"/>
    <Peak1D F1="4.605391" intensity="5.899098e-002" type="0"/>
    <Peak1D F1="4.583396" intensity="4.541868e-002" type="0"/>
    <Peak1D F1="4.534663" intensity="2.719216e-002" type="0"/>
    <Peak1D F1="4.520725" intensity="2.181075e-002" type="0"/>
    <Peak1D F1="4.461838" intensity="1.519544e-002" type="0"/>
    <Peak1D F1="4.446168" intensity="1.564350e-002" type="0"/>
    <Peak1D F1="4.419385" intensity="1.082537e-002" type="0"/>
    <Peak1D F1="4.312600" intensity="8.106843e-003" type="0"/>
    <Peak1D F1="4.288250" intensity="9.353466e-003" type="0"/>
    <Peak1D F1="3.970435" intensity="1.707573e-002" type="0"/>
    <Peak1D F1="3.955825" intensity="1.549917e-002" type="0"/>
    <Peak1D F1="3.950250" intensity="1.642625e-002" type="0"/>
    <Peak1D F1="3.878276" intensity="7.027841e-002" type="0"/>
    <Peak1D F1="3.862167" intensity="1.008432e-002" type="0"/>
    <Peak1D F1="3.844327" intensity="4.237274e-002" type="0"/>
    <Peak1D F1="3.823257" intensity="3.014910e-002" type="0"/>
    <Peak1D F1="3.811475" intensity="3.974878e-001" type="0"/>
    <Peak1D F1="3.795560" intensity="1.743327e-002" type="0"/>
    <Peak1D F1="3.771045" intensity="1.504088e-002" type="0"/>
    <Peak1D F1="3.751087" intensity="2.450766e-001" type="0"/>
    <Peak1D F1="3.745421" intensity="2.198866e-001" type="0"/>
    <Peak1D F1="3.730693" intensity="3.444869e-002" type="0"/>
    <Peak1D F1="3.700801" intensity="1.285798e+001" type="0"/>
    <Peak1D F1="3.674149" intensity="3.207653e-002" type="0"/>
    <Peak1D F1="3.667246" intensity="2.528761e-002" type="0"/>
    <Peak1D F1="3.659308" intensity="3.017061e-002" type="0"/>
    <Peak1D F1="3.650328" intensity="1.635670e-001" type="0"/>
    <Peak1D F1="3.633874" intensity="1.129957e-002" type="0"/>
    <Peak1D F1="3.600432" intensity="1.078050e-002" type="0"/>
    <Peak1D F1="3.518501" intensity="6.554903e-002" type="0"/>
    <Peak1D F1="3.188927" intensity="7.981024e-003" type="0"/>
    <Peak1D F1="3.175351" intensity="1.210979e-002" type="0"/>
    <Peak1D F1="2.942425" intensity="7.969145e-003" type="0"/>
    <Peak1D F1="2.934932" intensity="1.008855e-002" type="0"/>
    <Peak1D F1="2.761313" intensity="1.467025e-002" type="0"/>
    <Peak1D F1="2.735462" intensity="1.674352e-002" type="0"/>
    <Peak1D F1="2.708764" intensity="8.019039e-003" type="0"/>
    <Peak1D F1="2.617994" intensity="9.241589e-003" type="0"/>
    <Peak1D F1="2.485624" intensity="1.872307e-002" type="0"/>
    <Peak1D F1="2.475764" intensity="2.078392e-002" type="0"/>
    <Peak1D F1="2.437908" intensity="2.526170e-001" type="0"/>
    <Peak1D F1="2.433507" intensity="3.020562e-001" type="0"/>
    <Peak1D F1="2.416782" intensity="3.068504e-001" type="0"/>
    <Peak1D F1="2.412550" intensity="3.111871e-001" type="0"/>
    <Peak1D F1="2.388754" intensity="4.468353e-001" type="0"/>
    <Peak1D F1="2.384917" intensity="4.099276e-001" type="0"/>
    <Peak1D F1="2.364199" intensity="5.099450e-001" type="0"/>
    <Peak1D F1="2.350106" intensity="3.154941e-001" type="0"/>
    <Peak1D F1="2.327142" intensity="5.557082e-001" type="0"/>
    <Peak1D F1="2.319875" intensity="3.394938e-001" type="0"/>
    <Peak1D F1="2.316552" intensity="3.075321e-001" type="0"/>
    <Peak1D F1="2.307312" intensity="4.218922e-001" type="0"/>
    <Peak1D F1="2.304026" intensity="3.767464e-001" type="0"/>
    <Peak1D F1="2.297060" intensity="5.219663e-001" type="0"/>
    <Peak1D F1="2.276888" intensity="3.290209e-001" type="0"/>
    <Peak1D F1="2.252971" intensity="5.416296e-001" type="0"/>
    <Peak1D F1="2.230767" intensity="5.963358e-001" type="0"/>
    <Peak1D F1="2.226840" intensity="5.977778e-001" type="0"/>
    <Peak1D F1="2.204115" intensity="7.625160e-001" type="0"/>
    <Peak1D F1="2.182662" intensity="3.977344e-001" type="0"/>
    <Peak1D F1="2.178043" intensity="4.142534e-001" type="0"/>
    <Peak1D F1="2.155514" intensity="5.308120e-001" type="0"/>
    <Peak1D F1="2.146997" intensity="4.171240e-001" type="0"/>
    <Peak1D F1="2.116637" intensity="4.402720e+000" type="0"/>
    <Peak1D F1="2.096938" intensity="1.430165e+001" type="0"/>
    <Peak1D F1="2.085345" intensity="3.767166e+000" type="0"/>
    <Peak1D F1="2.078073" intensity="7.125026e+000" type="0"/>
    <Peak1D F1="2.062604" intensity="4.297293e-001" type="0"/>
    <Peak1D F1="2.056634" intensity="3.509486e-001" type="0"/>
    <Peak1D F1="2.052708" intensity="3.561128e-001" type="0"/>
    <Peak1D F1="2.047334" intensity="3.522277e-001" type="0"/>
    <Peak1D F1="2.028413" intensity="1.598907e-001" type="0"/>
    <Peak1D F1="2.021251" intensity="1.068022e-001" type="0"/>
    <Peak1D F1="1.987296" intensity="3.301807e-001" type="0"/>
    <Peak1D F1="1.982666" intensity="2.434241e-001" type="0"/>
    <Peak1D F1="1.970511" intensity="3.151088e-001" type="0"/>
    <Peak1D F1="1.965350" intensity="4.286659e-001" type="0"/>
    <Peak1D F1="1.959880" intensity="5.803437e-001" type="0"/>
    <Peak1D F1="1.954962" intensity="5.365212e-001" type="0"/>
    <Peak1D F1="1.949859" intensity="5.785120e-001" type="0"/>
    <Peak1D F1="1.941876" intensity="8.898549e-001" type="0"/>
    <Peak1D F1="1.937121" intensity="3.287877e+000" type="0"/>
    <Peak1D F1="1.925698" intensity="9.273164e-001" type="0"/>
    <Peak1D F1="1.921051" intensity="9.744438e-001" type="0"/>
    <Peak1D F1="1.910833" intensity="7.201219e+000" type="0"/>
    <Peak1D F1="1.899566" intensity="5.873930e+000" type="0"/>
    <Peak1D F1="1.891270" intensity="1.500000e+001" type="0"/>
    <Peak1D F1="1.882351" intensity="5.250487e+000" type="0"/>
    <Peak1D F1="1.880570" intensity="5.406402e+000" type="0"/>
    <Peak1D F1="1.871786" intensity="4.699880e+000" type="0"/>
    <Peak1D F1="1.859741" intensity="5.955888e-001" type="0"/>
    <Peak1D F1="1.849604" intensity="3.509696e-001" type="0"/>
    <Peak1D F1="1.841342" intensity="3.022951e-001" type="0"/>
    <Peak1D F1="1.833428" intensity="1.620750e-001" type="0"/>
    <Peak1D F1="1.821916" intensity="1.292155e-001" type="0"/>
    <Peak1D F1="1.812099" intensity="8.460591e-002" type="0"/>
    <Peak1D F1="1.793366" intensity="8.325317e-002" type="0"/>
    <Peak1D F1="1.779112" intensity="7.464739e-002" type="0"/>
    <Peak1D F1="1.765045" intensity="7.802236e-002" type="0"/>
    <Peak1D F1="1.758693" intensity="7.564399e-002" type="0"/>
    <Peak1D F1="1.745295" intensity="1.878993e-001" type="0"/>
    <Peak1D F1="1.729469" intensity="2.441097e-001" type="0"/>
    <Peak1D F1="1.724089" intensity="2.617521e-001" type="0"/>
    <Peak1D F1="1.717025" intensity="2.820195e-001" type="0"/>
    <Peak1D F1="1.708278" intensity="3.059102e-001" type="0"/>
    <Peak1D F1="1.701316" intensity="4.737528e-001" type="0"/>
    <Peak1D F1="1.697121" intensity="4.107381e-001" type="0"/>
    <Peak1D F1="1.687053" intensity="3.393565e-001" type="0"/>
    <Peak1D F1="1.680634" intensity="1.122484e+000" type="0"/>
    <Peak1D F1="1.674408" intensity="5.744535e-001" type="0"/>
    <Peak1D F1="1.671021" intensity="6.418520e-001" type="0"/>
    <Peak1D F1="1.656733" intensity="9.273344e-001" type="0"/>
    <Peak1D F1="1.640314" intensity="5.274876e-001" type="0"/>
    <Peak1D F1="1.635936" intensity="6.216186e-001" type="0"/>
    <Peak1D F1="1.632283" intensity="5.210696e-001" type="0"/>
    <Peak1D F1="1.624583" intensity="2.495311e-001" type="0"/>
    <Peak1D F1="1.619958" intensity="3.093942e-001" type="0"/>
    <Peak1D F1="1.616800" intensity="3.009937e-001" type="0"/>
    <Peak1D F1="1.587088" intensity="8.932407e-002" type="0"/>
    <Peak1D F1="1.578604" intensity="8.901028e-002" type="0"/>
    <Peak1D F1="1.534717" intensity="3.128700e-001" type="0"/>
    <Peak1D F1="1.519427" intensity="2.314435e-001" type="0"/>
    <Peak1D F1="1.512283" intensity="2.581553e-001" type="0"/>
    <Peak1D F1="1.500474" intensity="5.057619e-001" type="0"/>
    <Peak1D F1="1.483005" intensity="6.334298e-001" type="0"/>
    <Peak1D F1="1.470279" intensity="4.348135e-001" type="0"/>
    <Peak1D F1="1.453497" intensity="4.373356e-001" type="0"/>
    <Peak1D F1="1.440977" intensity="1.023321e-001" type="0"/>
    <Peak1D F1="1.435384" intensity="1.419385e-001" type="0"/>
    <Peak1D F1="1.423390" intensity="1.636022e-001" type="0"/>
    <Peak1D F1="1.402699" intensity="4.646205e-002" type="0"/>
    <Peak1D F1="1.351679" intensity="3.440316e-002" type="0"/>
    <Peak1D F1="1.340075" intensity="3.411361e-002" type="0"/>
    <Peak1D F1="1.271131" intensity="7.705337e-002" type="0"/>
    <Peak1D F1="1.236317" intensity="1.213746e-001" type="0"/>
    <Peak1D F1="1.217582" intensity="1.188600e-001" type="0"/>
    <Peak1D F1="1.206631" intensity="1.215205e-001" type="0"/>
    <Peak1D F1="1.183864" intensity="2.755069e-001" type="0"/>
    <Peak1D F1="1.131857" intensity="2.097750e-002" type="0"/>
    <Peak1D F1="1.091844" intensity="1.460527e-002" type="0"/>
    <Peak1D F1="1.029051" intensity="1.213369e-002" type="0"/>
    <Peak1D F1="1.019296" intensity="1.035278e-002" type="0"/>
    <Peak1D F1="0.994020" intensity="1.252493e-002" type="0"/>
    <Peak1D F1="0.950882" intensity="8.871979e-003" type="0"/>
    <Peak1D F1="0.898831" intensity="8.732134e-003" type="0"/>
    <Peak1D F1="0.869347" intensity="1.200053e-002" type="0"/>
    <Peak1D F1="0.825749" intensity="4.694166e-002" type="0"/>
    <Peak1D F1="0.813065" intensity="8.673549e-002" type="0"/>
    <Peak1D F1="0.795164" intensity="4.503689e-002" type="0"/>
    <Peak1D F1="0.712863" intensity="9.317620e-003" type="0"/>
    <Peak1D F1="0.660889" intensity="8.101584e-003" type="0"/>
    <Peak1D F1="0.050766" intensity="1.158604e-002" type="0"/>
    <Peak1D F1="-0.000156" intensity="4.970981e-001" type="0"/>
    <Peak1D F1="-0.025132" intensity="9.352067e-003" type="0"/>
    <Peak1D F1="-0.050590" intensity="9.956601e-003" type="0"/>
  </PeakList1D>
</PeakList>
