<?xml version="1.0" encoding="UTF-8"?>
<PeakList>
  <PeakList1D>
    <PeakList1DHeader creator="nmr" date="2021-08-08T21:52:09.564+03:00" expNo="20" name="ID-427-B" owner="" procNo="1" source="//132.72.8.180/400b/Milo/Milo">
      <PeakPickDetails>F1=16.100639ppm, F2=-3.928406ppm, MI=0.00cm, MAXI=10000.00cm, PC=1.000
      </PeakPickDetails>
    </PeakList1DHeader>
    <Peak1D F1="16.096401" intensity="1.383939e-002" type="0"/>
    <Peak1D F1="10.094499" intensity="3.337165e-001" type="0"/>
    <Peak1D F1="8.342726" intensity="2.236792e-001" type="0"/>
    <Peak1D F1="8.321230" intensity="2.546647e-001" type="0"/>
    <Peak1D F1="8.209831" intensity="7.656127e-002" type="0"/>
    <Peak1D F1="8.187656" intensity="9.420153e-002" type="0"/>
    <Peak1D F1="8.154864" intensity="1.122416e+000" type="0"/>
    <Peak1D F1="8.133014" intensity="1.099378e+000" type="0"/>
    <Peak1D F1="8.104609" intensity="2.739093e-002" type="0"/>
    <Peak1D F1="8.083710" intensity="2.261490e-002" type="0"/>
    <Peak1D F1="8.021144" intensity="2.920343e-001" type="0"/>
    <Peak1D F1="7.999737" intensity="2.580656e-001" type="0"/>
    <Peak1D F1="7.949030" intensity="1.047677e-002" type="0"/>
    <Peak1D F1="7.609381" intensity="6.309396e-002" type="0"/>
    <Peak1D F1="7.587439" intensity="5.698869e-002" type="0"/>
    <Peak1D F1="7.506565" intensity="8.199870e-002" type="0"/>
    <Peak1D F1="7.480636" intensity="4.605905e-001" type="0"/>
    <Peak1D F1="7.464492" intensity="1.299786e+000" type="0"/>
    <Peak1D F1="7.459588" intensity="8.162470e-001" type="0"/>
    <Peak1D F1="7.442419" intensity="1.102599e+000" type="0"/>
    <Peak1D F1="7.414201" intensity="3.239939e-002" type="0"/>
    <Peak1D F1="7.392199" intensity="2.079434e-002" type="0"/>
    <Peak1D F1="7.323956" intensity="3.915218e-002" type="0"/>
    <Peak1D F1="7.245331" intensity="1.864627e-001" type="0"/>
    <Peak1D F1="7.195665" intensity="1.118350e+001" type="0"/>
    <Peak1D F1="7.145302" intensity="1.746190e-001" type="0"/>
    <Peak1D F1="6.931585" intensity="5.581925e-002" type="0"/>
    <Peak1D F1="6.118049" intensity="5.758613e-002" type="0"/>
    <Peak1D F1="6.068793" intensity="3.017050e-002" type="0"/>
    <Peak1D F1="6.018427" intensity="1.765050e+000" type="0"/>
    <Peak1D F1="5.968470" intensity="2.737346e-002" type="0"/>
    <Peak1D F1="5.493584" intensity="3.193302e-002" type="0"/>
    <Peak1D F1="5.470641" intensity="1.380009e-002" type="0"/>
    <Peak1D F1="5.413268" intensity="4.942539e-002" type="0"/>
    <Peak1D F1="5.357661" intensity="4.536301e-001" type="0"/>
    <Peak1D F1="5.351381" intensity="4.458104e-001" type="0"/>
    <Peak1D F1="4.858530" intensity="1.822366e-002" type="0"/>
    <Peak1D F1="4.837450" intensity="1.598088e-002" type="0"/>
    <Peak1D F1="4.818349" intensity="1.341605e-002" type="0"/>
    <Peak1D F1="4.791439" intensity="2.424269e-001" type="0"/>
    <Peak1D F1="4.768684" intensity="2.477523e-001" type="0"/>
    <Peak1D F1="4.671331" intensity="6.398762e-002" type="0"/>
    <Peak1D F1="3.878750" intensity="2.731581e-002" type="0"/>
    <Peak1D F1="3.844854" intensity="2.110252e-002" type="0"/>
    <Peak1D F1="3.812179" intensity="1.721839e-001" type="0"/>
    <Peak1D F1="3.746064" intensity="1.097996e-001" type="0"/>
    <Peak1D F1="3.701367" intensity="5.487657e+000" type="0"/>
    <Peak1D F1="3.651076" intensity="9.262242e-002" type="0"/>
    <Peak1D F1="3.519188" intensity="3.719933e-002" type="0"/>
    <Peak1D F1="2.954559" intensity="2.222050e-002" type="0"/>
    <Peak1D F1="2.943186" intensity="3.807334e-002" type="0"/>
    <Peak1D F1="2.935560" intensity="3.672834e-002" type="0"/>
    <Peak1D F1="2.923958" intensity="1.988273e-002" type="0"/>
    <Peak1D F1="2.516433" intensity="6.646357e-002" type="0"/>
    <Peak1D F1="2.456526" intensity="5.894966e-002" type="0"/>
    <Peak1D F1="2.433875" intensity="1.785429e-001" type="0"/>
    <Peak1D F1="2.413053" intensity="2.715248e-001" type="0"/>
    <Peak1D F1="2.391302" intensity="2.388493e-001" type="0"/>
    <Peak1D F1="2.361631" intensity="1.530014e-001" type="0"/>
    <Peak1D F1="2.352256" intensity="1.376022e-001" type="0"/>
    <Peak1D F1="2.331501" intensity="1.495572e-001" type="0"/>
    <Peak1D F1="2.308898" intensity="2.264854e-001" type="0"/>
    <Peak1D F1="2.294681" intensity="1.996081e-001" type="0"/>
    <Peak1D F1="2.277848" intensity="9.512886e-002" type="0"/>
    <Peak1D F1="2.255540" intensity="1.132765e-001" type="0"/>
    <Peak1D F1="2.227530" intensity="1.084383e-001" type="0"/>
    <Peak1D F1="2.204214" intensity="1.106249e-001" type="0"/>
    <Peak1D F1="2.178642" intensity="1.056451e-001" type="0"/>
    <Peak1D F1="2.145375" intensity="3.895600e-001" type="0"/>
    <Peak1D F1="2.134719" intensity="4.021167e-001" type="0"/>
    <Peak1D F1="2.115862" intensity="4.933079e+000" type="0"/>
    <Peak1D F1="2.096654" intensity="1.412662e+001" type="0"/>
    <Peak1D F1="2.078048" intensity="7.460293e+000" type="0"/>
    <Peak1D F1="2.047896" intensity="4.534279e-001" type="0"/>
    <Peak1D F1="2.041625" intensity="4.672901e-001" type="0"/>
    <Peak1D F1="2.028165" intensity="2.061749e-001" type="0"/>
    <Peak1D F1="1.994594" intensity="1.532253e-001" type="0"/>
    <Peak1D F1="1.973790" intensity="2.620070e-001" type="0"/>
    <Peak1D F1="1.948431" intensity="4.925258e-001" type="0"/>
    <Peak1D F1="1.940645" intensity="5.775031e-001" type="0"/>
    <Peak1D F1="1.931290" intensity="8.787559e-001" type="0"/>
    <Peak1D F1="1.925814" intensity="1.021388e+000" type="0"/>
    <Peak1D F1="1.921113" intensity="1.006532e+000" type="0"/>
    <Peak1D F1="1.910943" intensity="7.278496e+000" type="0"/>
    <Peak1D F1="1.900286" intensity="7.017364e+000" type="0"/>
    <Peak1D F1="1.891573" intensity="1.500000e+001" type="0"/>
    <Peak1D F1="1.881626" intensity="6.316227e+000" type="0"/>
    <Peak1D F1="1.872289" intensity="5.090303e+000" type="0"/>
    <Peak1D F1="1.860371" intensity="7.255290e-001" type="0"/>
    <Peak1D F1="1.850240" intensity="4.239261e-001" type="0"/>
    <Peak1D F1="1.841583" intensity="3.755675e-001" type="0"/>
    <Peak1D F1="1.822265" intensity="1.457225e-001" type="0"/>
    <Peak1D F1="1.796066" intensity="7.020479e-002" type="0"/>
    <Peak1D F1="1.759995" intensity="5.570722e-002" type="0"/>
    <Peak1D F1="1.742649" intensity="9.339201e-002" type="0"/>
    <Peak1D F1="1.724262" intensity="1.265598e-001" type="0"/>
    <Peak1D F1="1.707959" intensity="1.521662e-001" type="0"/>
    <Peak1D F1="1.681761" intensity="3.829407e-001" type="0"/>
    <Peak1D F1="1.663632" intensity="3.989151e-001" type="0"/>
    <Peak1D F1="1.654975" intensity="3.923532e-001" type="0"/>
    <Peak1D F1="1.642387" intensity="3.540791e-001" type="0"/>
    <Peak1D F1="1.628092" intensity="2.485701e-001" type="0"/>
    <Peak1D F1="1.600711" intensity="1.395536e-001" type="0"/>
    <Peak1D F1="1.535102" intensity="3.434933e-001" type="0"/>
    <Peak1D F1="1.501832" intensity="1.865782e-001" type="0"/>
    <Peak1D F1="1.484025" intensity="1.598271e-001" type="0"/>
    <Peak1D F1="1.471343" intensity="1.128375e-001" type="0"/>
    <Peak1D F1="1.453895" intensity="9.613625e-002" type="0"/>
    <Peak1D F1="1.424323" intensity="4.058233e-002" type="0"/>
    <Peak1D F1="1.186549" intensity="1.213995e-001" type="0"/>
    <Peak1D F1="0.810695" intensity="3.532698e-002" type="0"/>
    <Peak1D F1="-0.000156" intensity="2.958404e-002" type="0"/>
  </PeakList1D>
</PeakList>
