<?xml version="1.0" encoding="UTF-8"?>
<PeakList>
  <PeakList1D>
    <PeakList1DHeader creator="nmr" date="2021-08-02T20:00:59.715+03:00" expNo="10" name="ID-421-K" owner="" procNo="1" source="//132.72.8.180/400b/Milo/Milo">
      <PeakPickDetails>F1=16.101009ppm, F2=-3.928036ppm, MI=0.00cm, MAXI=10000.00cm, PC=1.000
      </PeakPickDetails>
    </PeakList1DHeader>
    <Peak1D F1="15.226374" intensity="3.954721e-003" type="0"/>
    <Peak1D F1="12.876225" intensity="3.817038e-003" type="0"/>
    <Peak1D F1="12.021319" intensity="3.727710e-003" type="0"/>
    <Peak1D F1="10.493386" intensity="4.082006e-003" type="0"/>
    <Peak1D F1="10.239290" intensity="3.699149e-003" type="0"/>
    <Peak1D F1="10.093877" intensity="2.560949e-002" type="0"/>
    <Peak1D F1="8.363816" intensity="6.111155e-003" type="0"/>
    <Peak1D F1="8.342185" intensity="2.294673e-002" type="0"/>
    <Peak1D F1="8.320117" intensity="2.126524e-002" type="0"/>
    <Peak1D F1="8.291524" intensity="3.851803e-003" type="0"/>
    <Peak1D F1="8.275851" intensity="4.405922e-003" type="0"/>
    <Peak1D F1="8.261871" intensity="5.068556e-003" type="0"/>
    <Peak1D F1="8.228167" intensity="2.611472e-002" type="0"/>
    <Peak1D F1="8.208777" intensity="8.553220e-002" type="0"/>
    <Peak1D F1="8.186941" intensity="9.298191e-002" type="0"/>
    <Peak1D F1="8.164582" intensity="2.480455e-001" type="0"/>
    <Peak1D F1="8.158793" intensity="1.630788e+000" type="0"/>
    <Peak1D F1="8.141587" intensity="5.899185e-001" type="0"/>
    <Peak1D F1="8.136816" intensity="1.880991e+000" type="0"/>
    <Peak1D F1="8.107848" intensity="6.878380e-002" type="0"/>
    <Peak1D F1="8.087130" intensity="3.197740e-002" type="0"/>
    <Peak1D F1="8.060019" intensity="7.156548e-003" type="0"/>
    <Peak1D F1="8.039580" intensity="7.466874e-003" type="0"/>
    <Peak1D F1="8.026584" intensity="8.143598e-003" type="0"/>
    <Peak1D F1="8.020618" intensity="2.805032e-002" type="0"/>
    <Peak1D F1="7.998711" intensity="2.393001e-002" type="0"/>
    <Peak1D F1="7.944180" intensity="8.612990e-003" type="0"/>
    <Peak1D F1="7.921226" intensity="1.155247e-002" type="0"/>
    <Peak1D F1="7.897496" intensity="1.108871e-002" type="0"/>
    <Peak1D F1="7.876150" intensity="7.859626e-003" type="0"/>
    <Peak1D F1="7.827525" intensity="4.217474e-003" type="0"/>
    <Peak1D F1="7.815715" intensity="5.302188e-003" type="0"/>
    <Peak1D F1="7.684978" intensity="7.710973e-003" type="0"/>
    <Peak1D F1="7.662306" intensity="8.900593e-003" type="0"/>
    <Peak1D F1="7.609028" intensity="4.309984e-002" type="0"/>
    <Peak1D F1="7.587297" intensity="3.916863e-002" type="0"/>
    <Peak1D F1="7.524842" intensity="5.839669e-002" type="0"/>
    <Peak1D F1="7.520921" intensity="5.668852e-002" type="0"/>
    <Peak1D F1="7.504200" intensity="1.271912e-001" type="0"/>
    <Peak1D F1="7.485815" intensity="3.107124e-001" type="0"/>
    <Peak1D F1="7.480165" intensity="1.905146e+000" type="0"/>
    <Peak1D F1="7.462816" intensity="8.506334e-001" type="0"/>
    <Peak1D F1="7.458215" intensity="1.819116e+000" type="0"/>
    <Peak1D F1="7.441526" intensity="2.524929e-001" type="0"/>
    <Peak1D F1="7.430099" intensity="5.440764e-002" type="0"/>
    <Peak1D F1="7.408208" intensity="3.654537e-002" type="0"/>
    <Peak1D F1="7.400836" intensity="3.075602e-002" type="0"/>
    <Peak1D F1="7.381546" intensity="6.107223e-002" type="0"/>
    <Peak1D F1="7.362966" intensity="3.947007e-002" type="0"/>
    <Peak1D F1="7.332205" intensity="1.859429e-002" type="0"/>
    <Peak1D F1="7.323570" intensity="2.411970e-002" type="0"/>
    <Peak1D F1="7.315361" intensity="2.308444e-002" type="0"/>
    <Peak1D F1="7.297572" intensity="1.402455e-002" type="0"/>
    <Peak1D F1="7.272229" intensity="3.448072e-002" type="0"/>
    <Peak1D F1="7.268061" intensity="3.680824e-002" type="0"/>
    <Peak1D F1="7.253397" intensity="9.860387e-002" type="0"/>
    <Peak1D F1="7.246058" intensity="1.848336e-001" type="0"/>
    <Peak1D F1="7.235440" intensity="1.049653e-001" type="0"/>
    <Peak1D F1="7.217325" intensity="1.310345e-001" type="0"/>
    <Peak1D F1="7.196118" intensity="9.574677e+000" type="0"/>
    <Peak1D F1="7.167104" intensity="3.527619e-002" type="0"/>
    <Peak1D F1="7.146065" intensity="1.687424e-001" type="0"/>
    <Peak1D F1="7.124854" intensity="1.058421e-001" type="0"/>
    <Peak1D F1="7.107044" intensity="7.693988e-002" type="0"/>
    <Peak1D F1="7.096630" intensity="4.183840e-002" type="0"/>
    <Peak1D F1="7.059883" intensity="6.645357e-003" type="0"/>
    <Peak1D F1="7.037418" intensity="5.209795e-003" type="0"/>
    <Peak1D F1="7.020183" intensity="4.369109e-003" type="0"/>
    <Peak1D F1="6.999605" intensity="3.919735e-003" type="0"/>
    <Peak1D F1="6.932057" intensity="5.086202e-002" type="0"/>
    <Peak1D F1="6.313576" intensity="1.028986e-002" type="0"/>
    <Peak1D F1="6.216622" intensity="7.257285e-003" type="0"/>
    <Peak1D F1="6.117838" intensity="8.205624e-002" type="0"/>
    <Peak1D F1="6.068250" intensity="3.232457e-002" type="0"/>
    <Peak1D F1="6.034226" intensity="2.831706e-002" type="0"/>
    <Peak1D F1="6.018100" intensity="2.262072e+000" type="0"/>
    <Peak1D F1="5.968340" intensity="2.884701e-002" type="0"/>
    <Peak1D F1="5.921740" intensity="2.141183e-002" type="0"/>
    <Peak1D F1="5.909582" intensity="2.169867e-002" type="0"/>
    <Peak1D F1="5.813538" intensity="4.673636e-003" type="0"/>
    <Peak1D F1="5.789968" intensity="8.354821e-003" type="0"/>
    <Peak1D F1="5.758585" intensity="3.932467e-003" type="0"/>
    <Peak1D F1="5.649525" intensity="8.052737e-003" type="0"/>
    <Peak1D F1="5.622329" intensity="8.551587e-003" type="0"/>
    <Peak1D F1="5.555695" intensity="4.649292e-003" type="0"/>
    <Peak1D F1="5.494919" intensity="6.812789e-003" type="0"/>
    <Peak1D F1="5.398192" intensity="7.492600e-003" type="0"/>
    <Peak1D F1="5.355365" intensity="9.859376e-002" type="0"/>
    <Peak1D F1="5.348400" intensity="1.032501e-001" type="0"/>
    <Peak1D F1="5.304900" intensity="3.877403e-003" type="0"/>
    <Peak1D F1="5.272890" intensity="4.699485e-003" type="0"/>
    <Peak1D F1="5.214446" intensity="4.535373e-003" type="0"/>
    <Peak1D F1="5.151109" intensity="4.976840e-003" type="0"/>
    <Peak1D F1="5.134381" intensity="6.053911e-003" type="0"/>
    <Peak1D F1="5.105459" intensity="4.545938e-003" type="0"/>
    <Peak1D F1="5.049488" intensity="5.287849e-003" type="0"/>
    <Peak1D F1="5.039035" intensity="5.454795e-003" type="0"/>
    <Peak1D F1="5.016357" intensity="5.285281e-003" type="0"/>
    <Peak1D F1="4.978273" intensity="6.664894e-003" type="0"/>
    <Peak1D F1="4.970617" intensity="9.349865e-003" type="0"/>
    <Peak1D F1="4.947006" intensity="1.064855e-002" type="0"/>
    <Peak1D F1="4.892376" intensity="1.126666e-002" type="0"/>
    <Peak1D F1="4.872677" intensity="1.380448e-002" type="0"/>
    <Peak1D F1="4.841017" intensity="2.826877e-002" type="0"/>
    <Peak1D F1="4.818837" intensity="3.485875e-002" type="0"/>
    <Peak1D F1="4.791354" intensity="1.069599e+000" type="0"/>
    <Peak1D F1="4.768554" intensity="1.090744e+000" type="0"/>
    <Peak1D F1="4.742251" intensity="5.004413e-002" type="0"/>
    <Peak1D F1="4.718448" intensity="5.444773e-002" type="0"/>
    <Peak1D F1="4.683905" intensity="4.686335e-002" type="0"/>
    <Peak1D F1="4.675043" intensity="4.785038e-002" type="0"/>
    <Peak1D F1="4.657353" intensity="4.747430e-002" type="0"/>
    <Peak1D F1="4.636384" intensity="4.363152e-002" type="0"/>
    <Peak1D F1="4.607281" intensity="3.880553e-002" type="0"/>
    <Peak1D F1="4.584615" intensity="3.305294e-002" type="0"/>
    <Peak1D F1="4.425797" intensity="9.017301e-003" type="0"/>
    <Peak1D F1="4.378066" intensity="7.303681e-003" type="0"/>
    <Peak1D F1="4.357718" intensity="7.231808e-003" type="0"/>
    <Peak1D F1="4.338820" intensity="5.725379e-003" type="0"/>
    <Peak1D F1="4.324916" intensity="4.894114e-003" type="0"/>
    <Peak1D F1="4.304161" intensity="4.778082e-003" type="0"/>
    <Peak1D F1="4.269107" intensity="3.987004e-003" type="0"/>
    <Peak1D F1="4.162915" intensity="4.133906e-003" type="0"/>
    <Peak1D F1="3.878366" intensity="3.600686e-002" type="0"/>
    <Peak1D F1="3.860123" intensity="5.314624e-003" type="0"/>
    <Peak1D F1="3.844363" intensity="7.568635e-002" type="0"/>
    <Peak1D F1="3.823150" intensity="4.453636e-002" type="0"/>
    <Peak1D F1="3.811584" intensity="2.598647e-001" type="0"/>
    <Peak1D F1="3.804641" intensity="2.437286e-002" type="0"/>
    <Peak1D F1="3.778508" intensity="6.443207e-003" type="0"/>
    <Peak1D F1="3.750924" intensity="1.043296e-001" type="0"/>
    <Peak1D F1="3.745486" intensity="1.531337e-001" type="0"/>
    <Peak1D F1="3.700896" intensity="7.028098e+000" type="0"/>
    <Peak1D F1="3.670897" intensity="5.219868e-002" type="0"/>
    <Peak1D F1="3.650976" intensity="9.536598e-002" type="0"/>
    <Peak1D F1="3.626247" intensity="6.203237e-003" type="0"/>
    <Peak1D F1="3.601517" intensity="9.396954e-003" type="0"/>
    <Peak1D F1="3.538644" intensity="4.157674e-003" type="0"/>
    <Peak1D F1="3.518570" intensity="3.916897e-002" type="0"/>
    <Peak1D F1="3.495237" intensity="4.457215e-003" type="0"/>
    <Peak1D F1="3.484074" intensity="3.857720e-003" type="0"/>
    <Peak1D F1="3.467093" intensity="4.791546e-003" type="0"/>
    <Peak1D F1="3.439746" intensity="4.279544e-003" type="0"/>
    <Peak1D F1="3.417523" intensity="1.089951e-001" type="0"/>
    <Peak1D F1="2.960796" intensity="8.643768e-003" type="0"/>
    <Peak1D F1="2.953085" intensity="9.816933e-003" type="0"/>
    <Peak1D F1="2.941918" intensity="1.763239e-002" type="0"/>
    <Peak1D F1="2.936036" intensity="1.721717e-002" type="0"/>
    <Peak1D F1="2.917260" intensity="9.828995e-003" type="0"/>
    <Peak1D F1="2.799595" intensity="9.363776e-003" type="0"/>
    <Peak1D F1="2.782218" intensity="6.198865e-003" type="0"/>
    <Peak1D F1="2.749905" intensity="4.769051e-001" type="0"/>
    <Peak1D F1="2.699737" intensity="8.737348e-003" type="0"/>
    <Peak1D F1="2.653593" intensity="3.912836e-003" type="0"/>
    <Peak1D F1="2.637751" intensity="8.510577e-003" type="0"/>
    <Peak1D F1="2.613734" intensity="5.297815e-002" type="0"/>
    <Peak1D F1="2.587995" intensity="1.566933e-002" type="0"/>
    <Peak1D F1="2.563341" intensity="2.275680e-002" type="0"/>
    <Peak1D F1="2.551540" intensity="5.436914e-002" type="0"/>
    <Peak1D F1="2.498513" intensity="2.461909e-002" type="0"/>
    <Peak1D F1="2.460006" intensity="4.267185e-001" type="0"/>
    <Peak1D F1="2.441914" intensity="1.812699e-001" type="0"/>
    <Peak1D F1="2.437617" intensity="1.762429e-001" type="0"/>
    <Peak1D F1="2.432504" intensity="1.914982e-001" type="0"/>
    <Peak1D F1="2.423972" intensity="1.097202e-001" type="0"/>
    <Peak1D F1="2.411361" intensity="2.251267e-001" type="0"/>
    <Peak1D F1="2.388183" intensity="3.098441e-001" type="0"/>
    <Peak1D F1="2.384211" intensity="2.863094e-001" type="0"/>
    <Peak1D F1="2.363049" intensity="3.132642e-001" type="0"/>
    <Peak1D F1="2.351304" intensity="2.227390e-001" type="0"/>
    <Peak1D F1="2.328387" intensity="3.604688e-001" type="0"/>
    <Peak1D F1="2.320972" intensity="2.151223e-001" type="0"/>
    <Peak1D F1="2.317567" intensity="1.925756e-001" type="0"/>
    <Peak1D F1="2.308598" intensity="2.885533e-001" type="0"/>
    <Peak1D F1="2.305067" intensity="2.471880e-001" type="0"/>
    <Peak1D F1="2.298224" intensity="3.398866e-001" type="0"/>
    <Peak1D F1="2.278306" intensity="2.118359e-001" type="0"/>
    <Peak1D F1="2.275554" intensity="2.009252e-001" type="0"/>
    <Peak1D F1="2.265808" intensity="5.761186e-002" type="0"/>
    <Peak1D F1="2.251590" intensity="2.901774e-001" type="0"/>
    <Peak1D F1="2.236199" intensity="9.274664e-002" type="0"/>
    <Peak1D F1="2.229431" intensity="3.087966e-001" type="0"/>
    <Peak1D F1="2.225428" intensity="3.913724e-001" type="0"/>
    <Peak1D F1="2.202668" intensity="4.048399e-001" type="0"/>
    <Peak1D F1="2.181293" intensity="2.348927e-001" type="0"/>
    <Peak1D F1="2.176741" intensity="2.691110e-001" type="0"/>
    <Peak1D F1="2.165684" intensity="1.388786e-001" type="0"/>
    <Peak1D F1="2.153996" intensity="3.342670e-001" type="0"/>
    <Peak1D F1="2.145941" intensity="3.544929e-001" type="0"/>
    <Peak1D F1="2.115693" intensity="4.505686e+000" type="0"/>
    <Peak1D F1="2.113997" intensity="4.372866e+000" type="0"/>
    <Peak1D F1="2.108019" intensity="3.541070e+000" type="0"/>
    <Peak1D F1="2.105763" intensity="3.937403e+000" type="0"/>
    <Peak1D F1="2.096093" intensity="1.361815e+001" type="0"/>
    <Peak1D F1="2.084967" intensity="4.184532e+000" type="0"/>
    <Peak1D F1="2.077366" intensity="7.144382e+000" type="0"/>
    <Peak1D F1="2.061944" intensity="4.825438e-001" type="0"/>
    <Peak1D F1="2.056454" intensity="3.975718e-001" type="0"/>
    <Peak1D F1="2.053024" intensity="3.956472e-001" type="0"/>
    <Peak1D F1="2.050527" intensity="4.069418e-001" type="0"/>
    <Peak1D F1="2.047493" intensity="4.053231e-001" type="0"/>
    <Peak1D F1="2.027553" intensity="1.768982e-001" type="0"/>
    <Peak1D F1="1.986246" intensity="1.769682e-001" type="0"/>
    <Peak1D F1="1.978631" intensity="1.556912e-001" type="0"/>
    <Peak1D F1="1.969300" intensity="2.172429e-001" type="0"/>
    <Peak1D F1="1.959143" intensity="4.070668e-001" type="0"/>
    <Peak1D F1="1.954616" intensity="3.949622e-001" type="0"/>
    <Peak1D F1="1.948027" intensity="4.378366e-001" type="0"/>
    <Peak1D F1="1.941392" intensity="6.237169e-001" type="0"/>
    <Peak1D F1="1.931758" intensity="8.417339e-001" type="0"/>
    <Peak1D F1="1.925917" intensity="9.564180e-001" type="0"/>
    <Peak1D F1="1.920646" intensity="9.792066e-001" type="0"/>
    <Peak1D F1="1.910180" intensity="7.244603e+000" type="0"/>
    <Peak1D F1="1.899360" intensity="6.426505e+000" type="0"/>
    <Peak1D F1="1.890972" intensity="1.500000e+001" type="0"/>
    <Peak1D F1="1.882465" intensity="5.608693e+000" type="0"/>
    <Peak1D F1="1.880295" intensity="6.029368e+000" type="0"/>
    <Peak1D F1="1.871358" intensity="4.906142e+000" type="0"/>
    <Peak1D F1="1.858468" intensity="6.425036e-001" type="0"/>
    <Peak1D F1="1.849716" intensity="3.784677e-001" type="0"/>
    <Peak1D F1="1.841154" intensity="3.362893e-001" type="0"/>
    <Peak1D F1="1.831098" intensity="1.675632e-001" type="0"/>
    <Peak1D F1="1.821924" intensity="1.261272e-001" type="0"/>
    <Peak1D F1="1.799352" intensity="5.439277e-002" type="0"/>
    <Peak1D F1="1.791966" intensity="6.233291e-002" type="0"/>
    <Peak1D F1="1.784457" intensity="4.829405e-002" type="0"/>
    <Peak1D F1="1.758891" intensity="6.517080e-002" type="0"/>
    <Peak1D F1="1.743873" intensity="1.255004e-001" type="0"/>
    <Peak1D F1="1.729370" intensity="1.547654e-001" type="0"/>
    <Peak1D F1="1.724030" intensity="1.860245e-001" type="0"/>
    <Peak1D F1="1.716768" intensity="1.750045e-001" type="0"/>
    <Peak1D F1="1.708138" intensity="2.053850e-001" type="0"/>
    <Peak1D F1="1.700999" intensity="2.985063e-001" type="0"/>
    <Peak1D F1="1.697576" intensity="2.811066e-001" type="0"/>
    <Peak1D F1="1.688852" intensity="2.399154e-001" type="0"/>
    <Peak1D F1="1.681417" intensity="7.100631e-001" type="0"/>
    <Peak1D F1="1.676666" intensity="4.081381e-001" type="0"/>
    <Peak1D F1="1.670810" intensity="4.480457e-001" type="0"/>
    <Peak1D F1="1.657741" intensity="6.443188e-001" type="0"/>
    <Peak1D F1="1.653314" intensity="5.344591e-001" type="0"/>
    <Peak1D F1="1.641982" intensity="3.851370e-001" type="0"/>
    <Peak1D F1="1.637383" intensity="4.341180e-001" type="0"/>
    <Peak1D F1="1.632934" intensity="3.219105e-001" type="0"/>
    <Peak1D F1="1.626249" intensity="1.942897e-001" type="0"/>
    <Peak1D F1="1.621506" intensity="2.091734e-001" type="0"/>
    <Peak1D F1="1.617264" intensity="1.991215e-001" type="0"/>
    <Peak1D F1="1.585033" intensity="6.540353e-002" type="0"/>
    <Peak1D F1="1.573840" intensity="6.538752e-002" type="0"/>
    <Peak1D F1="1.548536" intensity="6.516412e-002" type="0"/>
    <Peak1D F1="1.540260" intensity="9.058280e-002" type="0"/>
    <Peak1D F1="1.535136" intensity="1.936565e-001" type="0"/>
    <Peak1D F1="1.519369" intensity="1.400318e-001" type="0"/>
    <Peak1D F1="1.512457" intensity="1.629918e-001" type="0"/>
    <Peak1D F1="1.500838" intensity="3.257235e-001" type="0"/>
    <Peak1D F1="1.491975" intensity="1.148455e-001" type="0"/>
    <Peak1D F1="1.483337" intensity="3.948750e-001" type="0"/>
    <Peak1D F1="1.470633" intensity="2.717855e-001" type="0"/>
    <Peak1D F1="1.453686" intensity="2.756111e-001" type="0"/>
    <Peak1D F1="1.441758" intensity="6.613555e-002" type="0"/>
    <Peak1D F1="1.435834" intensity="9.389570e-002" type="0"/>
    <Peak1D F1="1.429714" intensity="5.334955e-002" type="0"/>
    <Peak1D F1="1.423859" intensity="9.888703e-002" type="0"/>
    <Peak1D F1="1.403253" intensity="2.925812e-002" type="0"/>
    <Peak1D F1="1.372413" intensity="2.144353e-002" type="0"/>
    <Peak1D F1="1.354749" intensity="1.853037e-002" type="0"/>
    <Peak1D F1="1.326518" intensity="1.660672e-002" type="0"/>
    <Peak1D F1="1.293228" intensity="1.822671e-002" type="0"/>
    <Peak1D F1="1.236200" intensity="3.490730e-002" type="0"/>
    <Peak1D F1="1.185524" intensity="9.438658e-002" type="0"/>
    <Peak1D F1="1.147743" intensity="1.121018e-002" type="0"/>
    <Peak1D F1="1.127602" intensity="9.830416e-003" type="0"/>
    <Peak1D F1="1.102746" intensity="8.080922e-003" type="0"/>
    <Peak1D F1="1.086559" intensity="7.277993e-003" type="0"/>
    <Peak1D F1="1.017461" intensity="6.924245e-003" type="0"/>
    <Peak1D F1="0.987409" intensity="7.046478e-003" type="0"/>
    <Peak1D F1="0.966905" intensity="6.868887e-003" type="0"/>
    <Peak1D F1="0.953966" intensity="6.193385e-003" type="0"/>
    <Peak1D F1="0.926987" intensity="5.484159e-003" type="0"/>
    <Peak1D F1="0.897264" intensity="6.027041e-003" type="0"/>
    <Peak1D F1="0.870026" intensity="5.850220e-003" type="0"/>
    <Peak1D F1="0.810597" intensity="2.744195e-002" type="0"/>
    <Peak1D F1="0.795363" intensity="1.482624e-002" type="0"/>
    <Peak1D F1="0.755150" intensity="1.093973e-002" type="0"/>
    <Peak1D F1="0.738038" intensity="7.351687e-003" type="0"/>
    <Peak1D F1="0.715076" intensity="5.062298e-003" type="0"/>
    <Peak1D F1="0.672742" intensity="5.186463e-003" type="0"/>
    <Peak1D F1="0.661849" intensity="4.246046e-003" type="0"/>
    <Peak1D F1="0.625778" intensity="4.245267e-003" type="0"/>
    <Peak1D F1="0.542653" intensity="3.745731e-003" type="0"/>
    <Peak1D F1="0.505470" intensity="3.801809e-003" type="0"/>
    <Peak1D F1="0.491926" intensity="4.787313e-003" type="0"/>
    <Peak1D F1="0.389738" intensity="4.263064e-003" type="0"/>
    <Peak1D F1="0.226064" intensity="3.671512e-003" type="0"/>
    <Peak1D F1="0.084675" intensity="4.318843e-003" type="0"/>
    <Peak1D F1="0.050175" intensity="6.568269e-003" type="0"/>
    <Peak1D F1="-0.000157" intensity="2.531028e-001" type="0"/>
    <Peak1D F1="-0.009316" intensity="1.161683e-002" type="0"/>
    <Peak1D F1="-0.049576" intensity="5.446121e-003" type="0"/>
    <Peak1D F1="-0.070939" intensity="4.132086e-003" type="0"/>
    <Peak1D F1="-3.342193" intensity="4.042500e-003" type="0"/>
    <Peak1D F1="-3.361760" intensity="3.901717e-003" type="0"/>
  </PeakList1D>
</PeakList>
