<?xml version="1.0" encoding="UTF-8"?>
<PeakList>
  <PeakList1D>
    <PeakList1DHeader creator="nmr" date="2021-10-26T23:16:52.821+03:00" expNo="30" name="ID-450-A-26.10.21" owner="" procNo="1" source="//132.72.8.180/400b/Milo/Milo">
      <PeakPickDetails>F1=16.107981ppm, F2=-3.921065ppm, MI=0.00cm, MAXI=10000.00cm, PC=1.000
      </PeakPickDetails>
    </PeakList1DHeader>
    <Peak1D F1="14.470990" intensity="2.351312e-003" type="0"/>
    <Peak1D F1="14.424846" intensity="2.330011e-003" type="0"/>
    <Peak1D F1="13.520881" intensity="2.314219e-003" type="0"/>
    <Peak1D F1="13.163633" intensity="2.500282e-003" type="0"/>
    <Peak1D F1="12.741013" intensity="2.146432e-003" type="0"/>
    <Peak1D F1="11.069628" intensity="2.472649e-003" type="0"/>
    <Peak1D F1="10.093537" intensity="2.630902e-002" type="0"/>
    <Peak1D F1="8.437362" intensity="2.490414e-003" type="0"/>
    <Peak1D F1="8.410933" intensity="2.503186e-003" type="0"/>
    <Peak1D F1="8.400140" intensity="2.738287e-003" type="0"/>
    <Peak1D F1="8.367058" intensity="9.124991e-003" type="0"/>
    <Peak1D F1="8.362151" intensity="9.490281e-003" type="0"/>
    <Peak1D F1="8.340632" intensity="2.669838e-002" type="0"/>
    <Peak1D F1="8.318896" intensity="2.166325e-002" type="0"/>
    <Peak1D F1="8.249166" intensity="1.424310e-002" type="0"/>
    <Peak1D F1="8.226845" intensity="2.376357e-002" type="0"/>
    <Peak1D F1="8.206174" intensity="6.400817e-002" type="0"/>
    <Peak1D F1="8.183880" intensity="7.541978e-002" type="0"/>
    <Peak1D F1="8.155423" intensity="2.125484e+000" type="0"/>
    <Peak1D F1="8.150866" intensity="7.677268e-001" type="0"/>
    <Peak1D F1="8.137015" intensity="1.395142e+000" type="0"/>
    <Peak1D F1="8.133677" intensity="2.140752e+000" type="0"/>
    <Peak1D F1="8.127571" intensity="3.932302e-001" type="0"/>
    <Peak1D F1="8.119452" intensity="7.941724e-002" type="0"/>
    <Peak1D F1="8.105441" intensity="3.581830e-002" type="0"/>
    <Peak1D F1="8.083915" intensity="3.201272e-002" type="0"/>
    <Peak1D F1="8.022161" intensity="2.336337e-002" type="0"/>
    <Peak1D F1="8.000664" intensity="2.013767e-002" type="0"/>
    <Peak1D F1="7.943920" intensity="7.119243e-003" type="0"/>
    <Peak1D F1="7.925654" intensity="8.597670e-003" type="0"/>
    <Peak1D F1="7.898540" intensity="3.641013e-003" type="0"/>
    <Peak1D F1="7.879858" intensity="3.245132e-003" type="0"/>
    <Peak1D F1="7.857321" intensity="2.718238e-003" type="0"/>
    <Peak1D F1="7.802938" intensity="2.311790e-003" type="0"/>
    <Peak1D F1="7.708426" intensity="2.544042e-003" type="0"/>
    <Peak1D F1="7.682552" intensity="9.346103e-003" type="0"/>
    <Peak1D F1="7.662220" intensity="1.045060e-002" type="0"/>
    <Peak1D F1="7.643726" intensity="6.086560e-003" type="0"/>
    <Peak1D F1="7.610734" intensity="1.460550e-002" type="0"/>
    <Peak1D F1="7.588735" intensity="1.608028e-002" type="0"/>
    <Peak1D F1="7.574040" intensity="1.291858e-002" type="0"/>
    <Peak1D F1="7.550576" intensity="1.926266e-002" type="0"/>
    <Peak1D F1="7.530759" intensity="7.755534e-002" type="0"/>
    <Peak1D F1="7.507594" intensity="1.256281e-001" type="0"/>
    <Peak1D F1="7.481066" intensity="2.321210e+000" type="0"/>
    <Peak1D F1="7.459126" intensity="2.069027e+000" type="0"/>
    <Peak1D F1="7.443799" intensity="1.604031e-001" type="0"/>
    <Peak1D F1="7.430899" intensity="5.994835e-002" type="0"/>
    <Peak1D F1="7.409927" intensity="6.084816e-002" type="0"/>
    <Peak1D F1="7.358407" intensity="9.890048e-003" type="0"/>
    <Peak1D F1="7.352851" intensity="1.152131e-002" type="0"/>
    <Peak1D F1="7.330768" intensity="1.877494e-002" type="0"/>
    <Peak1D F1="7.321887" intensity="1.834728e-002" type="0"/>
    <Peak1D F1="7.309452" intensity="2.205461e-002" type="0"/>
    <Peak1D F1="7.304354" intensity="2.363984e-002" type="0"/>
    <Peak1D F1="7.289148" intensity="2.865619e-002" type="0"/>
    <Peak1D F1="7.274485" intensity="4.262286e-002" type="0"/>
    <Peak1D F1="7.252599" intensity="3.175153e-001" type="0"/>
    <Peak1D F1="7.233713" intensity="1.878208e-001" type="0"/>
    <Peak1D F1="7.202751" intensity="1.616568e+001" type="0"/>
    <Peak1D F1="7.173647" intensity="1.675178e-002" type="0"/>
    <Peak1D F1="7.152600" intensity="2.558734e-001" type="0"/>
    <Peak1D F1="7.016935" intensity="2.953116e-003" type="0"/>
    <Peak1D F1="7.001320" intensity="2.318317e-003" type="0"/>
    <Peak1D F1="6.938545" intensity="8.411553e-002" type="0"/>
    <Peak1D F1="6.885161" intensity="4.564617e-003" type="0"/>
    <Peak1D F1="6.843775" intensity="1.920280e-002" type="0"/>
    <Peak1D F1="6.825150" intensity="5.221536e-002" type="0"/>
    <Peak1D F1="6.814329" intensity="3.435550e-002" type="0"/>
    <Peak1D F1="6.808244" intensity="6.215864e-002" type="0"/>
    <Peak1D F1="6.802546" intensity="7.817966e-002" type="0"/>
    <Peak1D F1="6.785732" intensity="3.540726e-002" type="0"/>
    <Peak1D F1="6.779984" intensity="4.119206e-002" type="0"/>
    <Peak1D F1="6.751834" intensity="7.016504e-003" type="0"/>
    <Peak1D F1="6.600246" intensity="3.851984e-003" type="0"/>
    <Peak1D F1="6.592902" intensity="3.727267e-003" type="0"/>
    <Peak1D F1="6.583590" intensity="3.586364e-003" type="0"/>
    <Peak1D F1="6.571006" intensity="2.670415e-003" type="0"/>
    <Peak1D F1="6.319492" intensity="3.528029e-003" type="0"/>
    <Peak1D F1="6.300284" intensity="4.527500e-003" type="0"/>
    <Peak1D F1="6.280373" intensity="2.266286e-003" type="0"/>
    <Peak1D F1="6.271677" intensity="2.188702e-003" type="0"/>
    <Peak1D F1="6.214254" intensity="6.695711e-003" type="0"/>
    <Peak1D F1="6.116962" intensity="1.263264e-002" type="0"/>
    <Peak1D F1="6.065992" intensity="4.191639e-002" type="0"/>
    <Peak1D F1="6.015844" intensity="2.585325e+000" type="0"/>
    <Peak1D F1="5.966050" intensity="3.684692e-002" type="0"/>
    <Peak1D F1="5.891058" intensity="2.609776e-002" type="0"/>
    <Peak1D F1="5.878227" intensity="2.501030e-002" type="0"/>
    <Peak1D F1="5.813965" intensity="7.252372e-003" type="0"/>
    <Peak1D F1="5.756588" intensity="2.345748e-003" type="0"/>
    <Peak1D F1="5.662406" intensity="3.437120e-003" type="0"/>
    <Peak1D F1="5.631613" intensity="3.642986e-003" type="0"/>
    <Peak1D F1="5.593797" intensity="7.084601e-003" type="0"/>
    <Peak1D F1="5.510547" intensity="1.678310e-002" type="0"/>
    <Peak1D F1="5.505921" intensity="1.709368e-002" type="0"/>
    <Peak1D F1="5.486300" intensity="1.632177e-002" type="0"/>
    <Peak1D F1="5.473637" intensity="1.486649e-002" type="0"/>
    <Peak1D F1="5.444813" intensity="1.378801e-002" type="0"/>
    <Peak1D F1="5.394239" intensity="3.419766e-002" type="0"/>
    <Peak1D F1="5.349846" intensity="5.935339e-002" type="0"/>
    <Peak1D F1="5.320974" intensity="4.631726e-003" type="0"/>
    <Peak1D F1="5.290710" intensity="4.585748e-003" type="0"/>
    <Peak1D F1="5.272683" intensity="4.835100e-003" type="0"/>
    <Peak1D F1="5.215822" intensity="2.522636e-003" type="0"/>
    <Peak1D F1="5.176631" intensity="2.656771e-003" type="0"/>
    <Peak1D F1="4.977152" intensity="6.456750e-003" type="0"/>
    <Peak1D F1="4.953671" intensity="7.276815e-003" type="0"/>
    <Peak1D F1="4.903215" intensity="3.897516e-003" type="0"/>
    <Peak1D F1="4.875143" intensity="5.761138e-003" type="0"/>
    <Peak1D F1="4.846909" intensity="2.441790e-002" type="0"/>
    <Peak1D F1="4.824610" intensity="3.377593e-002" type="0"/>
    <Peak1D F1="4.797679" intensity="1.149326e+000" type="0"/>
    <Peak1D F1="4.775027" intensity="1.164597e+000" type="0"/>
    <Peak1D F1="4.747646" intensity="3.168971e-002" type="0"/>
    <Peak1D F1="4.736160" intensity="3.791537e-002" type="0"/>
    <Peak1D F1="4.724708" intensity="3.660902e-002" type="0"/>
    <Peak1D F1="4.686331" intensity="1.476169e+000" type="0"/>
    <Peak1D F1="4.636355" intensity="3.179598e-002" type="0"/>
    <Peak1D F1="4.614550" intensity="9.882178e-003" type="0"/>
    <Peak1D F1="4.591639" intensity="9.162160e-003" type="0"/>
    <Peak1D F1="4.583765" intensity="5.119133e-003" type="0"/>
    <Peak1D F1="4.492621" intensity="2.436354e-003" type="0"/>
    <Peak1D F1="3.927658" intensity="2.491962e-003" type="0"/>
    <Peak1D F1="3.876830" intensity="4.253609e-002" type="0"/>
    <Peak1D F1="3.844005" intensity="5.883125e-003" type="0"/>
    <Peak1D F1="3.820369" intensity="5.683928e-003" type="0"/>
    <Peak1D F1="3.810109" intensity="3.423550e-002" type="0"/>
    <Peak1D F1="3.749440" intensity="1.285409e-001" type="0"/>
    <Peak1D F1="3.699351" intensity="7.743747e+000" type="0"/>
    <Peak1D F1="3.670393" intensity="1.523442e-002" type="0"/>
    <Peak1D F1="3.649568" intensity="1.154871e-001" type="0"/>
    <Peak1D F1="3.617209" intensity="2.192674e-003" type="0"/>
    <Peak1D F1="3.589743" intensity="2.151682e-003" type="0"/>
    <Peak1D F1="3.517118" intensity="4.178275e-002" type="0"/>
    <Peak1D F1="2.952528" intensity="2.673218e-003" type="0"/>
    <Peak1D F1="2.943031" intensity="4.547488e-003" type="0"/>
    <Peak1D F1="2.936884" intensity="4.763940e-003" type="0"/>
    <Peak1D F1="2.926838" intensity="3.184068e-003" type="0"/>
    <Peak1D F1="2.810925" intensity="3.870220e-003" type="0"/>
    <Peak1D F1="2.792783" intensity="5.028652e-003" type="0"/>
    <Peak1D F1="2.771492" intensity="1.007978e-002" type="0"/>
    <Peak1D F1="2.733349" intensity="2.516733e-002" type="0"/>
    <Peak1D F1="2.711498" intensity="1.850628e-002" type="0"/>
    <Peak1D F1="2.630130" intensity="5.941189e-003" type="0"/>
    <Peak1D F1="2.605573" intensity="5.069654e-003" type="0"/>
    <Peak1D F1="2.553632" intensity="2.683204e-003" type="0"/>
    <Peak1D F1="2.529787" intensity="2.916186e-003" type="0"/>
    <Peak1D F1="2.514164" intensity="3.397123e-003" type="0"/>
    <Peak1D F1="2.432818" intensity="2.184128e-001" type="0"/>
    <Peak1D F1="2.427740" intensity="2.074303e-001" type="0"/>
    <Peak1D F1="2.412944" intensity="2.358350e-001" type="0"/>
    <Peak1D F1="2.407333" intensity="2.244160e-001" type="0"/>
    <Peak1D F1="2.383952" intensity="3.695978e-001" type="0"/>
    <Peak1D F1="2.380072" intensity="3.213471e-001" type="0"/>
    <Peak1D F1="2.375769" intensity="2.766941e-001" type="0"/>
    <Peak1D F1="2.362751" intensity="3.784772e-001" type="0"/>
    <Peak1D F1="2.358234" intensity="5.335997e-001" type="0"/>
    <Peak1D F1="2.334600" intensity="4.643793e-001" type="0"/>
    <Peak1D F1="2.326930" intensity="2.676276e-001" type="0"/>
    <Peak1D F1="2.313780" intensity="3.180766e-001" type="0"/>
    <Peak1D F1="2.304246" intensity="4.208618e-001" type="0"/>
    <Peak1D F1="2.284271" intensity="2.758888e-001" type="0"/>
    <Peak1D F1="2.257092" intensity="1.277189e-001" type="0"/>
    <Peak1D F1="2.247063" intensity="3.519770e-001" type="0"/>
    <Peak1D F1="2.240424" intensity="1.110175e-001" type="0"/>
    <Peak1D F1="2.224864" intensity="4.979704e-001" type="0"/>
    <Peak1D F1="2.220635" intensity="4.086029e-001" type="0"/>
    <Peak1D F1="2.198159" intensity="5.180044e-001" type="0"/>
    <Peak1D F1="2.176434" intensity="3.845274e-001" type="0"/>
    <Peak1D F1="2.172100" intensity="3.266330e-001" type="0"/>
    <Peak1D F1="2.166154" intensity="1.998786e-001" type="0"/>
    <Peak1D F1="2.149393" intensity="5.487437e-001" type="0"/>
    <Peak1D F1="2.115926" intensity="5.139259e+000" type="0"/>
    <Peak1D F1="2.096111" intensity="1.498224e+001" type="0"/>
    <Peak1D F1="2.083969" intensity="4.179135e+000" type="0"/>
    <Peak1D F1="2.077634" intensity="7.135841e+000" type="0"/>
    <Peak1D F1="2.061694" intensity="4.206694e-001" type="0"/>
    <Peak1D F1="2.055839" intensity="4.059856e-001" type="0"/>
    <Peak1D F1="2.050058" intensity="4.109405e-001" type="0"/>
    <Peak1D F1="2.046385" intensity="4.160396e-001" type="0"/>
    <Peak1D F1="2.028369" intensity="1.807326e-001" type="0"/>
    <Peak1D F1="1.982772" intensity="2.649174e-001" type="0"/>
    <Peak1D F1="1.960899" intensity="4.942372e-001" type="0"/>
    <Peak1D F1="1.954802" intensity="5.299009e-001" type="0"/>
    <Peak1D F1="1.951018" intensity="5.737013e-001" type="0"/>
    <Peak1D F1="1.940275" intensity="7.422956e-001" type="0"/>
    <Peak1D F1="1.932407" intensity="1.078970e+000" type="0"/>
    <Peak1D F1="1.929115" intensity="1.069588e+000" type="0"/>
    <Peak1D F1="1.925407" intensity="1.192626e+000" type="0"/>
    <Peak1D F1="1.920987" intensity="1.130064e+000" type="0"/>
    <Peak1D F1="1.910766" intensity="7.825180e+000" type="0"/>
    <Peak1D F1="1.900981" intensity="6.873891e+000" type="0"/>
    <Peak1D F1="1.899579" intensity="6.786980e+000" type="0"/>
    <Peak1D F1="1.891266" intensity="1.500000e+001" type="0"/>
    <Peak1D F1="1.883002" intensity="6.133656e+000" type="0"/>
    <Peak1D F1="1.871906" intensity="4.675245e+000" type="0"/>
    <Peak1D F1="1.860449" intensity="6.348811e-001" type="0"/>
    <Peak1D F1="1.853056" intensity="3.438468e-001" type="0"/>
    <Peak1D F1="1.849473" intensity="3.699174e-001" type="0"/>
    <Peak1D F1="1.841610" intensity="3.388370e-001" type="0"/>
    <Peak1D F1="1.833242" intensity="1.667577e-001" type="0"/>
    <Peak1D F1="1.822513" intensity="1.236965e-001" type="0"/>
    <Peak1D F1="1.801399" intensity="4.596024e-002" type="0"/>
    <Peak1D F1="1.777600" intensity="3.879331e-002" type="0"/>
    <Peak1D F1="1.768014" intensity="3.920159e-002" type="0"/>
    <Peak1D F1="1.760732" intensity="5.393678e-002" type="0"/>
    <Peak1D F1="1.744350" intensity="1.492790e-001" type="0"/>
    <Peak1D F1="1.728619" intensity="1.935507e-001" type="0"/>
    <Peak1D F1="1.723991" intensity="2.067474e-001" type="0"/>
    <Peak1D F1="1.716556" intensity="2.143801e-001" type="0"/>
    <Peak1D F1="1.707745" intensity="2.500470e-001" type="0"/>
    <Peak1D F1="1.700788" intensity="4.379495e-001" type="0"/>
    <Peak1D F1="1.696533" intensity="3.419785e-001" type="0"/>
    <Peak1D F1="1.692448" intensity="2.877858e-001" type="0"/>
    <Peak1D F1="1.682997" intensity="6.762531e-001" type="0"/>
    <Peak1D F1="1.680266" intensity="6.542094e-001" type="0"/>
    <Peak1D F1="1.672615" intensity="6.135495e-001" type="0"/>
    <Peak1D F1="1.659798" intensity="8.445946e-001" type="0"/>
    <Peak1D F1="1.653214" intensity="5.467803e-001" type="0"/>
    <Peak1D F1="1.645078" intensity="6.163876e-001" type="0"/>
    <Peak1D F1="1.640857" intensity="6.605529e-001" type="0"/>
    <Peak1D F1="1.631559" intensity="4.310730e-001" type="0"/>
    <Peak1D F1="1.625594" intensity="4.035939e-001" type="0"/>
    <Peak1D F1="1.567906" intensity="4.936529e-002" type="0"/>
    <Peak1D F1="1.553671" intensity="5.090963e-002" type="0"/>
    <Peak1D F1="1.537415" intensity="1.920749e-001" type="0"/>
    <Peak1D F1="1.521146" intensity="1.456947e-001" type="0"/>
    <Peak1D F1="1.513930" intensity="1.825499e-001" type="0"/>
    <Peak1D F1="1.503269" intensity="3.898604e-001" type="0"/>
    <Peak1D F1="1.485926" intensity="4.421241e-001" type="0"/>
    <Peak1D F1="1.472985" intensity="3.202143e-001" type="0"/>
    <Peak1D F1="1.456194" intensity="3.260449e-001" type="0"/>
    <Peak1D F1="1.445365" intensity="5.979857e-002" type="0"/>
    <Peak1D F1="1.438149" intensity="9.658603e-002" type="0"/>
    <Peak1D F1="1.426397" intensity="9.714303e-002" type="0"/>
    <Peak1D F1="1.406638" intensity="1.731529e-002" type="0"/>
    <Peak1D F1="1.387069" intensity="1.113832e-002" type="0"/>
    <Peak1D F1="1.375881" intensity="1.172745e-002" type="0"/>
    <Peak1D F1="1.365716" intensity="1.021897e-002" type="0"/>
    <Peak1D F1="1.342916" intensity="1.150090e-002" type="0"/>
    <Peak1D F1="1.326615" intensity="1.147173e-002" type="0"/>
    <Peak1D F1="1.311944" intensity="1.028238e-002" type="0"/>
    <Peak1D F1="1.297488" intensity="1.067407e-002" type="0"/>
    <Peak1D F1="1.233826" intensity="2.213159e-002" type="0"/>
    <Peak1D F1="1.185660" intensity="1.026878e-001" type="0"/>
    <Peak1D F1="1.114397" intensity="8.132136e-003" type="0"/>
    <Peak1D F1="1.084727" intensity="7.191077e-003" type="0"/>
    <Peak1D F1="1.067143" intensity="6.674328e-003" type="0"/>
    <Peak1D F1="1.053510" intensity="7.364913e-003" type="0"/>
    <Peak1D F1="1.039879" intensity="7.265849e-003" type="0"/>
    <Peak1D F1="1.015102" intensity="7.004059e-003" type="0"/>
    <Peak1D F1="0.994287" intensity="7.444953e-003" type="0"/>
    <Peak1D F1="0.975006" intensity="6.423053e-003" type="0"/>
    <Peak1D F1="0.961464" intensity="5.895461e-003" type="0"/>
    <Peak1D F1="0.904824" intensity="4.874682e-003" type="0"/>
    <Peak1D F1="0.857011" intensity="5.088197e-003" type="0"/>
    <Peak1D F1="0.808628" intensity="2.467283e-002" type="0"/>
    <Peak1D F1="0.791110" intensity="1.939673e-002" type="0"/>
    <Peak1D F1="0.784159" intensity="2.016140e-002" type="0"/>
    <Peak1D F1="0.774255" intensity="2.303117e-002" type="0"/>
    <Peak1D F1="0.755166" intensity="2.110435e-002" type="0"/>
    <Peak1D F1="0.737602" intensity="1.184330e-002" type="0"/>
    <Peak1D F1="0.680209" intensity="4.515197e-003" type="0"/>
    <Peak1D F1="0.658085" intensity="4.257852e-003" type="0"/>
    <Peak1D F1="0.608735" intensity="3.536110e-003" type="0"/>
    <Peak1D F1="0.546885" intensity="3.080458e-003" type="0"/>
    <Peak1D F1="0.504222" intensity="3.015664e-003" type="0"/>
    <Peak1D F1="0.475378" intensity="2.428971e-003" type="0"/>
    <Peak1D F1="0.444612" intensity="2.655115e-003" type="0"/>
    <Peak1D F1="0.433304" intensity="2.676836e-003" type="0"/>
    <Peak1D F1="0.414212" intensity="2.879168e-003" type="0"/>
    <Peak1D F1="0.409669" intensity="2.736503e-003" type="0"/>
    <Peak1D F1="0.337483" intensity="3.263774e-003" type="0"/>
    <Peak1D F1="0.305808" intensity="3.250801e-003" type="0"/>
    <Peak1D F1="0.289261" intensity="3.263857e-003" type="0"/>
    <Peak1D F1="0.281797" intensity="2.747048e-003" type="0"/>
    <Peak1D F1="0.253857" intensity="2.371534e-003" type="0"/>
    <Peak1D F1="0.229300" intensity="2.465144e-003" type="0"/>
    <Peak1D F1="0.176141" intensity="2.269328e-003" type="0"/>
    <Peak1D F1="0.091391" intensity="2.187938e-003" type="0"/>
    <Peak1D F1="0.053664" intensity="2.580442e-003" type="0"/>
    <Peak1D F1="0.033386" intensity="2.728541e-003" type="0"/>
    <Peak1D F1="-0.000152" intensity="2.946616e-002" type="0"/>
    <Peak1D F1="-0.055137" intensity="2.379495e-003" type="0"/>
    <Peak1D F1="-0.250671" intensity="2.251058e-003" type="0"/>
    <Peak1D F1="-0.806658" intensity="2.172970e-003" type="0"/>
    <Peak1D F1="-3.386841" intensity="2.300863e-003" type="0"/>
    <Peak1D F1="-3.422109" intensity="2.691573e-003" type="0"/>
    <Peak1D F1="-3.519888" intensity="2.427539e-003" type="0"/>
    <Peak1D F1="-3.554820" intensity="2.142008e-003" type="0"/>
    <Peak1D F1="-3.682741" intensity="2.278657e-003" type="0"/>
    <Peak1D F1="-3.711470" intensity="2.175157e-003" type="0"/>
  </PeakList1D>
</PeakList>
