<?xml version="1.0" encoding="UTF-8"?>
<PeakList>
  <PeakList1D>
    <PeakList1DHeader creator="nmr" date="2021-10-26T09:55:38.627+03:00" expNo="10" name="ID_449_A" owner="" procNo="1" source="//132.72.8.180/400b/Milo/Milo">
      <PeakPickDetails>F1=16.130171ppm, F2=-3.898875ppm, MI=0.00cm, MAXI=10000.00cm, PC=1.000
      </PeakPickDetails>
    </PeakList1DHeader>
    <Peak1D F1="10.306478" intensity="2.573091e-003" type="0"/>
    <Peak1D F1="10.085436" intensity="3.987310e-002" type="0"/>
    <Peak1D F1="9.630424" intensity="1.068048e-003" type="0"/>
    <Peak1D F1="8.460976" intensity="1.167431e-003" type="0"/>
    <Peak1D F1="8.426994" intensity="1.324621e-003" type="0"/>
    <Peak1D F1="8.381323" intensity="1.826265e-003" type="0"/>
    <Peak1D F1="8.350992" intensity="1.019504e-002" type="0"/>
    <Peak1D F1="8.344127" intensity="1.053749e-002" type="0"/>
    <Peak1D F1="8.329147" intensity="3.564904e-002" type="0"/>
    <Peak1D F1="8.307858" intensity="3.320410e-002" type="0"/>
    <Peak1D F1="8.273121" intensity="5.280646e-003" type="0"/>
    <Peak1D F1="8.235606" intensity="1.901034e-002" type="0"/>
    <Peak1D F1="8.215568" intensity="2.830733e-002" type="0"/>
    <Peak1D F1="8.200427" intensity="7.008719e-002" type="0"/>
    <Peak1D F1="8.196090" intensity="6.329749e-002" type="0"/>
    <Peak1D F1="8.188704" intensity="7.984288e-002" type="0"/>
    <Peak1D F1="8.183784" intensity="6.237334e-002" type="0"/>
    <Peak1D F1="8.178669" intensity="8.817035e-002" type="0"/>
    <Peak1D F1="8.173278" intensity="6.750103e-002" type="0"/>
    <Peak1D F1="8.166812" intensity="9.521905e-002" type="0"/>
    <Peak1D F1="8.144376" intensity="4.846412e-001" type="0"/>
    <Peak1D F1="8.138726" intensity="2.834153e+000" type="0"/>
    <Peak1D F1="8.134229" intensity="1.049109e+000" type="0"/>
    <Peak1D F1="8.129092" intensity="4.857693e-001" type="0"/>
    <Peak1D F1="8.121568" intensity="1.204015e+000" type="0"/>
    <Peak1D F1="8.116853" intensity="3.041960e+000" type="0"/>
    <Peak1D F1="8.111348" intensity="5.375021e-001" type="0"/>
    <Peak1D F1="8.107326" intensity="3.998347e-001" type="0"/>
    <Peak1D F1="8.099996" intensity="1.945761e-001" type="0"/>
    <Peak1D F1="8.088872" intensity="5.939871e-002" type="0"/>
    <Peak1D F1="8.067013" intensity="5.365568e-002" type="0"/>
    <Peak1D F1="8.020036" intensity="3.476341e-002" type="0"/>
    <Peak1D F1="8.015347" intensity="1.132828e-002" type="0"/>
    <Peak1D F1="8.002891" intensity="1.069646e-002" type="0"/>
    <Peak1D F1="7.998145" intensity="3.021082e-002" type="0"/>
    <Peak1D F1="7.982561" intensity="3.997600e-003" type="0"/>
    <Peak1D F1="7.961138" intensity="3.992065e-003" type="0"/>
    <Peak1D F1="7.928414" intensity="8.533509e-003" type="0"/>
    <Peak1D F1="7.923977" intensity="9.188934e-003" type="0"/>
    <Peak1D F1="7.907586" intensity="1.304757e-002" type="0"/>
    <Peak1D F1="7.901353" intensity="1.125986e-002" type="0"/>
    <Peak1D F1="7.884457" intensity="4.032900e-003" type="0"/>
    <Peak1D F1="7.863581" intensity="2.622274e-003" type="0"/>
    <Peak1D F1="7.843157" intensity="2.813964e-003" type="0"/>
    <Peak1D F1="7.771255" intensity="1.200758e-003" type="0"/>
    <Peak1D F1="7.747598" intensity="1.258061e-003" type="0"/>
    <Peak1D F1="7.710515" intensity="2.221253e-003" type="0"/>
    <Peak1D F1="7.678087" intensity="1.132098e-002" type="0"/>
    <Peak1D F1="7.658904" intensity="1.246417e-002" type="0"/>
    <Peak1D F1="7.645006" intensity="1.428698e-002" type="0"/>
    <Peak1D F1="7.622989" intensity="1.585238e-002" type="0"/>
    <Peak1D F1="7.615211" intensity="1.353874e-002" type="0"/>
    <Peak1D F1="7.609117" intensity="2.617951e-002" type="0"/>
    <Peak1D F1="7.586843" intensity="2.879134e-002" type="0"/>
    <Peak1D F1="7.562635" intensity="1.879938e-002" type="0"/>
    <Peak1D F1="7.553810" intensity="2.036296e-002" type="0"/>
    <Peak1D F1="7.535149" intensity="5.969244e-002" type="0"/>
    <Peak1D F1="7.526820" intensity="7.460070e-002" type="0"/>
    <Peak1D F1="7.512901" intensity="7.600380e-002" type="0"/>
    <Peak1D F1="7.504208" intensity="2.012019e-001" type="0"/>
    <Peak1D F1="7.482513" intensity="6.147151e-001" type="0"/>
    <Peak1D F1="7.477016" intensity="2.797034e+000" type="0"/>
    <Peak1D F1="7.466364" intensity="4.580637e-001" type="0"/>
    <Peak1D F1="7.455259" intensity="2.632266e+000" type="0"/>
    <Peak1D F1="7.449659" intensity="4.669953e-001" type="0"/>
    <Peak1D F1="7.445313" intensity="3.101655e-001" type="0"/>
    <Peak1D F1="7.427305" intensity="6.185759e-002" type="0"/>
    <Peak1D F1="7.405365" intensity="5.409766e-002" type="0"/>
    <Peak1D F1="7.389231" intensity="1.546515e-002" type="0"/>
    <Peak1D F1="7.352444" intensity="2.836557e-002" type="0"/>
    <Peak1D F1="7.332411" intensity="3.890983e-002" type="0"/>
    <Peak1D F1="7.324209" intensity="4.334504e-002" type="0"/>
    <Peak1D F1="7.309076" intensity="5.676343e-002" type="0"/>
    <Peak1D F1="7.294233" intensity="7.209789e-002" type="0"/>
    <Peak1D F1="7.274747" intensity="2.523715e-001" type="0"/>
    <Peak1D F1="7.265290" intensity="1.350662e-001" type="0"/>
    <Peak1D F1="7.261097" intensity="1.108445e-001" type="0"/>
    <Peak1D F1="7.248060" intensity="2.141208e-001" type="0"/>
    <Peak1D F1="7.224720" intensity="1.149970e+001" type="0"/>
    <Peak1D F1="7.206146" intensity="6.144433e-002" type="0"/>
    <Peak1D F1="7.190609" intensity="2.536010e-002" type="0"/>
    <Peak1D F1="7.174742" intensity="1.880491e-001" type="0"/>
    <Peak1D F1="7.151445" intensity="1.843824e-002" type="0"/>
    <Peak1D F1="7.139811" intensity="3.551102e-003" type="0"/>
    <Peak1D F1="7.131963" intensity="3.287414e-003" type="0"/>
    <Peak1D F1="7.099699" intensity="2.327194e-002" type="0"/>
    <Peak1D F1="7.081025" intensity="1.472937e-002" type="0"/>
    <Peak1D F1="7.070399" intensity="9.795596e-003" type="0"/>
    <Peak1D F1="7.051364" intensity="7.705308e-003" type="0"/>
    <Peak1D F1="7.046353" intensity="7.882000e-003" type="0"/>
    <Peak1D F1="7.018662" intensity="1.423112e-002" type="0"/>
    <Peak1D F1="6.960074" intensity="6.193834e-002" type="0"/>
    <Peak1D F1="6.891284" intensity="2.672497e-003" type="0"/>
    <Peak1D F1="6.879567" intensity="4.017118e-003" type="0"/>
    <Peak1D F1="6.874200" intensity="6.778376e-003" type="0"/>
    <Peak1D F1="6.868625" intensity="6.498812e-003" type="0"/>
    <Peak1D F1="6.857398" intensity="7.478021e-003" type="0"/>
    <Peak1D F1="6.851626" intensity="1.122749e-002" type="0"/>
    <Peak1D F1="6.845116" intensity="9.425198e-003" type="0"/>
    <Peak1D F1="6.825315" intensity="3.293242e-002" type="0"/>
    <Peak1D F1="6.819631" intensity="2.053397e-002" type="0"/>
    <Peak1D F1="6.808777" intensity="3.933294e-002" type="0"/>
    <Peak1D F1="6.803118" intensity="7.308634e-002" type="0"/>
    <Peak1D F1="6.798123" intensity="6.299618e-002" type="0"/>
    <Peak1D F1="6.781310" intensity="6.536746e-002" type="0"/>
    <Peak1D F1="6.775904" intensity="8.294778e-002" type="0"/>
    <Peak1D F1="6.770195" intensity="4.605280e-002" type="0"/>
    <Peak1D F1="6.759271" intensity="3.058600e-002" type="0"/>
    <Peak1D F1="6.753325" intensity="4.419196e-002" type="0"/>
    <Peak1D F1="6.747494" intensity="2.899428e-002" type="0"/>
    <Peak1D F1="6.728819" intensity="1.373174e-002" type="0"/>
    <Peak1D F1="6.694021" intensity="4.544216e-003" type="0"/>
    <Peak1D F1="6.599918" intensity="1.465178e-003" type="0"/>
    <Peak1D F1="6.594149" intensity="1.507860e-003" type="0"/>
    <Peak1D F1="6.572272" intensity="3.708649e-003" type="0"/>
    <Peak1D F1="6.567156" intensity="2.458632e-003" type="0"/>
    <Peak1D F1="6.550511" intensity="1.700618e-003" type="0"/>
    <Peak1D F1="6.310928" intensity="2.460920e-003" type="0"/>
    <Peak1D F1="6.295212" intensity="2.131043e-003" type="0"/>
    <Peak1D F1="6.239550" intensity="1.366823e-003" type="0"/>
    <Peak1D F1="6.208473" intensity="4.798035e-003" type="0"/>
    <Peak1D F1="6.203036" intensity="9.798774e-003" type="0"/>
    <Peak1D F1="6.197451" intensity="4.929504e-003" type="0"/>
    <Peak1D F1="6.135422" intensity="1.794304e-003" type="0"/>
    <Peak1D F1="6.103760" intensity="5.447274e-003" type="0"/>
    <Peak1D F1="6.093811" intensity="5.689358e-003" type="0"/>
    <Peak1D F1="6.072243" intensity="7.836856e-003" type="0"/>
    <Peak1D F1="6.054526" intensity="7.820564e-002" type="0"/>
    <Peak1D F1="6.042692" intensity="3.713525e-002" type="0"/>
    <Peak1D F1="6.036096" intensity="3.872312e-002" type="0"/>
    <Peak1D F1="6.004500" intensity="4.149732e+000" type="0"/>
    <Peak1D F1="5.985063" intensity="4.517103e-002" type="0"/>
    <Peak1D F1="5.973472" intensity="4.198944e-002" type="0"/>
    <Peak1D F1="5.954581" intensity="8.563564e-002" type="0"/>
    <Peak1D F1="5.919333" intensity="6.833832e-002" type="0"/>
    <Peak1D F1="5.907077" intensity="6.687732e-002" type="0"/>
    <Peak1D F1="5.869290" intensity="2.530630e-003" type="0"/>
    <Peak1D F1="5.859562" intensity="1.223167e-003" type="0"/>
    <Peak1D F1="5.808055" intensity="4.847136e-003" type="0"/>
    <Peak1D F1="5.802704" intensity="1.032674e-002" type="0"/>
    <Peak1D F1="5.797421" intensity="4.550866e-003" type="0"/>
    <Peak1D F1="5.766773" intensity="1.361323e-003" type="0"/>
    <Peak1D F1="5.752945" intensity="9.020563e-003" type="0"/>
    <Peak1D F1="5.412993" intensity="2.969144e-002" type="0"/>
    <Peak1D F1="5.380670" intensity="2.216056e-003" type="0"/>
    <Peak1D F1="5.333041" intensity="8.481855e-002" type="0"/>
    <Peak1D F1="5.271538" intensity="1.785934e-003" type="0"/>
    <Peak1D F1="5.263470" intensity="1.195727e-003" type="0"/>
    <Peak1D F1="4.990165" intensity="5.861750e-003" type="0"/>
    <Peak1D F1="4.968425" intensity="5.897972e-003" type="0"/>
    <Peak1D F1="4.938468" intensity="1.170108e-003" type="0"/>
    <Peak1D F1="4.913246" intensity="3.180846e-003" type="0"/>
    <Peak1D F1="4.894248" intensity="7.417281e-003" type="0"/>
    <Peak1D F1="4.886986" intensity="7.502157e-003" type="0"/>
    <Peak1D F1="4.861547" intensity="2.819042e-002" type="0"/>
    <Peak1D F1="4.839281" intensity="3.617160e-002" type="0"/>
    <Peak1D F1="4.811526" intensity="1.241127e+000" type="0"/>
    <Peak1D F1="4.789326" intensity="1.258336e+000" type="0"/>
    <Peak1D F1="4.761639" intensity="4.124286e-002" type="0"/>
    <Peak1D F1="4.752255" intensity="4.339123e-002" type="0"/>
    <Peak1D F1="4.739350" intensity="4.517516e-002" type="0"/>
    <Peak1D F1="4.702145" intensity="1.510808e+000" type="0"/>
    <Peak1D F1="4.652382" intensity="3.491550e-002" type="0"/>
    <Peak1D F1="4.627934" intensity="9.712793e-003" type="0"/>
    <Peak1D F1="4.605951" intensity="8.514985e-003" type="0"/>
    <Peak1D F1="4.576886" intensity="2.371825e-003" type="0"/>
    <Peak1D F1="4.558621" intensity="1.747435e-003" type="0"/>
    <Peak1D F1="4.536455" intensity="1.423010e-003" type="0"/>
    <Peak1D F1="4.506657" intensity="1.288389e-003" type="0"/>
    <Peak1D F1="3.866827" intensity="6.435042e-002" type="0"/>
    <Peak1D F1="3.810086" intensity="3.849336e-003" type="0"/>
    <Peak1D F1="3.788769" intensity="1.644496e-002" type="0"/>
    <Peak1D F1="3.757573" intensity="1.625785e-002" type="0"/>
    <Peak1D F1="3.739434" intensity="2.236868e-001" type="0"/>
    <Peak1D F1="3.729783" intensity="3.158327e-002" type="0"/>
    <Peak1D F1="3.726165" intensity="3.332333e-002" type="0"/>
    <Peak1D F1="3.689413" intensity="1.207775e+001" type="0"/>
    <Peak1D F1="3.656224" intensity="2.127444e-002" type="0"/>
    <Peak1D F1="3.639429" intensity="1.994578e-001" type="0"/>
    <Peak1D F1="3.605388" intensity="2.318491e-003" type="0"/>
    <Peak1D F1="3.507135" intensity="6.398151e-002" type="0"/>
    <Peak1D F1="3.196272" intensity="5.111779e-002" type="0"/>
    <Peak1D F1="3.185787" intensity="5.050666e-002" type="0"/>
    <Peak1D F1="2.958732" intensity="3.723735e-003" type="0"/>
    <Peak1D F1="2.950992" intensity="4.024760e-003" type="0"/>
    <Peak1D F1="2.940016" intensity="8.369041e-003" type="0"/>
    <Peak1D F1="2.933068" intensity="8.534796e-003" type="0"/>
    <Peak1D F1="2.922392" intensity="5.175563e-003" type="0"/>
    <Peak1D F1="2.915046" intensity="4.136703e-003" type="0"/>
    <Peak1D F1="2.874393" intensity="1.502822e-003" type="0"/>
    <Peak1D F1="2.823215" intensity="2.034093e-003" type="0"/>
    <Peak1D F1="2.791640" intensity="3.756396e-003" type="0"/>
    <Peak1D F1="2.771074" intensity="1.497978e-002" type="0"/>
    <Peak1D F1="2.758212" intensity="1.676708e-002" type="0"/>
    <Peak1D F1="2.746346" intensity="2.019925e-002" type="0"/>
    <Peak1D F1="2.733961" intensity="1.943441e-002" type="0"/>
    <Peak1D F1="2.724440" intensity="1.721474e-002" type="0"/>
    <Peak1D F1="2.711944" intensity="1.487409e-002" type="0"/>
    <Peak1D F1="2.695005" intensity="2.370857e-003" type="0"/>
    <Peak1D F1="2.673971" intensity="1.791454e-003" type="0"/>
    <Peak1D F1="2.642454" intensity="1.471317e-003" type="0"/>
    <Peak1D F1="2.620444" intensity="1.727810e-003" type="0"/>
    <Peak1D F1="2.575778" intensity="2.334826e-003" type="0"/>
    <Peak1D F1="2.554205" intensity="2.549456e-003" type="0"/>
    <Peak1D F1="2.525046" intensity="6.023792e-003" type="0"/>
    <Peak1D F1="2.494932" intensity="6.777078e-003" type="0"/>
    <Peak1D F1="2.462369" intensity="1.487523e-002" type="0"/>
    <Peak1D F1="2.441335" intensity="2.459023e-002" type="0"/>
    <Peak1D F1="2.412642" intensity="2.363603e-001" type="0"/>
    <Peak1D F1="2.408157" intensity="2.624127e-001" type="0"/>
    <Peak1D F1="2.402013" intensity="1.998597e-001" type="0"/>
    <Peak1D F1="2.396248" intensity="1.943657e-001" type="0"/>
    <Peak1D F1="2.391493" intensity="3.079937e-001" type="0"/>
    <Peak1D F1="2.387248" intensity="3.009593e-001" type="0"/>
    <Peak1D F1="2.382485" intensity="2.214028e-001" type="0"/>
    <Peak1D F1="2.367072" intensity="5.353212e-001" type="0"/>
    <Peak1D F1="2.360146" intensity="5.281579e-001" type="0"/>
    <Peak1D F1="2.353681" intensity="4.227549e-001" type="0"/>
    <Peak1D F1="2.348463" intensity="7.125673e-001" type="0"/>
    <Peak1D F1="2.346214" intensity="7.156417e-001" type="0"/>
    <Peak1D F1="2.338344" intensity="7.226321e-001" type="0"/>
    <Peak1D F1="2.327800" intensity="4.047145e-001" type="0"/>
    <Peak1D F1="2.316632" intensity="5.296146e-001" type="0"/>
    <Peak1D F1="2.297850" intensity="2.730521e-001" type="0"/>
    <Peak1D F1="2.295221" intensity="2.630957e-001" type="0"/>
    <Peak1D F1="2.287668" intensity="9.343705e-002" type="0"/>
    <Peak1D F1="2.281938" intensity="7.207447e-002" type="0"/>
    <Peak1D F1="2.272627" intensity="1.263104e-001" type="0"/>
    <Peak1D F1="2.266796" intensity="9.234466e-002" type="0"/>
    <Peak1D F1="2.246033" intensity="1.173155e-001" type="0"/>
    <Peak1D F1="2.239971" intensity="8.292662e-002" type="0"/>
    <Peak1D F1="2.234366" intensity="9.262301e-002" type="0"/>
    <Peak1D F1="2.225106" intensity="4.462521e-001" type="0"/>
    <Peak1D F1="2.208543" intensity="1.635032e-001" type="0"/>
    <Peak1D F1="2.202479" intensity="6.229182e-001" type="0"/>
    <Peak1D F1="2.198323" intensity="5.463153e-001" type="0"/>
    <Peak1D F1="2.185245" intensity="1.746677e-001" type="0"/>
    <Peak1D F1="2.176241" intensity="8.740086e-001" type="0"/>
    <Peak1D F1="2.169958" intensity="1.940500e-001" type="0"/>
    <Peak1D F1="2.162433" intensity="1.605141e-001" type="0"/>
    <Peak1D F1="2.154412" intensity="5.138023e-001" type="0"/>
    <Peak1D F1="2.149979" intensity="4.927471e-001" type="0"/>
    <Peak1D F1="2.134821" intensity="5.208716e-001" type="0"/>
    <Peak1D F1="2.127410" intensity="6.647739e-001" type="0"/>
    <Peak1D F1="2.104974" intensity="4.768532e+000" type="0"/>
    <Peak1D F1="2.085336" intensity="1.436291e+001" type="0"/>
    <Peak1D F1="2.073781" intensity="4.103539e+000" type="0"/>
    <Peak1D F1="2.066625" intensity="7.402453e+000" type="0"/>
    <Peak1D F1="2.050754" intensity="5.213837e-001" type="0"/>
    <Peak1D F1="2.045675" intensity="3.947566e-001" type="0"/>
    <Peak1D F1="2.039332" intensity="4.076918e-001" type="0"/>
    <Peak1D F1="2.035729" intensity="4.737469e-001" type="0"/>
    <Peak1D F1="2.016613" intensity="2.180778e-001" type="0"/>
    <Peak1D F1="1.991697" intensity="1.147292e-001" type="0"/>
    <Peak1D F1="1.966353" intensity="3.412102e-001" type="0"/>
    <Peak1D F1="1.961213" intensity="3.595151e-001" type="0"/>
    <Peak1D F1="1.954425" intensity="3.641832e-001" type="0"/>
    <Peak1D F1="1.945009" intensity="6.428813e-001" type="0"/>
    <Peak1D F1="1.938734" intensity="6.822622e-001" type="0"/>
    <Peak1D F1="1.934767" intensity="8.754894e-001" type="0"/>
    <Peak1D F1="1.922502" intensity="1.127602e+000" type="0"/>
    <Peak1D F1="1.919296" intensity="1.337358e+000" type="0"/>
    <Peak1D F1="1.914751" intensity="1.383920e+000" type="0"/>
    <Peak1D F1="1.904442" intensity="7.554278e+000" type="0"/>
    <Peak1D F1="1.893394" intensity="6.563037e+000" type="0"/>
    <Peak1D F1="1.884825" intensity="1.500000e+001" type="0"/>
    <Peak1D F1="1.874067" intensity="5.767293e+000" type="0"/>
    <Peak1D F1="1.865390" intensity="4.869949e+000" type="0"/>
    <Peak1D F1="1.853301" intensity="6.944152e-001" type="0"/>
    <Peak1D F1="1.843406" intensity="4.346118e-001" type="0"/>
    <Peak1D F1="1.835011" intensity="3.921409e-001" type="0"/>
    <Peak1D F1="1.827305" intensity="1.882735e-001" type="0"/>
    <Peak1D F1="1.815705" intensity="1.507976e-001" type="0"/>
    <Peak1D F1="1.803565" intensity="7.512406e-002" type="0"/>
    <Peak1D F1="1.797635" intensity="6.983825e-002" type="0"/>
    <Peak1D F1="1.789480" intensity="6.407657e-002" type="0"/>
    <Peak1D F1="1.780665" intensity="6.270162e-002" type="0"/>
    <Peak1D F1="1.774089" intensity="5.773757e-002" type="0"/>
    <Peak1D F1="1.753371" intensity="6.911872e-002" type="0"/>
    <Peak1D F1="1.738665" intensity="1.573774e-001" type="0"/>
    <Peak1D F1="1.723032" intensity="2.177498e-001" type="0"/>
    <Peak1D F1="1.717748" intensity="2.323327e-001" type="0"/>
    <Peak1D F1="1.710961" intensity="2.614696e-001" type="0"/>
    <Peak1D F1="1.701443" intensity="3.785394e-001" type="0"/>
    <Peak1D F1="1.695507" intensity="5.853765e-001" type="0"/>
    <Peak1D F1="1.691684" intensity="5.432614e-001" type="0"/>
    <Peak1D F1="1.686905" intensity="4.116595e-001" type="0"/>
    <Peak1D F1="1.684022" intensity="4.005159e-001" type="0"/>
    <Peak1D F1="1.675123" intensity="1.170310e+000" type="0"/>
    <Peak1D F1="1.657263" intensity="5.474906e-001" type="0"/>
    <Peak1D F1="1.653226" intensity="6.301322e-001" type="0"/>
    <Peak1D F1="1.647422" intensity="6.304011e-001" type="0"/>
    <Peak1D F1="1.638339" intensity="3.319402e-001" type="0"/>
    <Peak1D F1="1.631841" intensity="2.982677e-001" type="0"/>
    <Peak1D F1="1.626507" intensity="2.425860e-001" type="0"/>
    <Peak1D F1="1.611109" intensity="1.623224e-001" type="0"/>
    <Peak1D F1="1.590317" intensity="4.326509e-002" type="0"/>
    <Peak1D F1="1.581667" intensity="4.644902e-002" type="0"/>
    <Peak1D F1="1.564573" intensity="4.361886e-002" type="0"/>
    <Peak1D F1="1.559363" intensity="4.828164e-002" type="0"/>
    <Peak1D F1="1.539283" intensity="1.231407e-001" type="0"/>
    <Peak1D F1="1.532730" intensity="1.242202e-001" type="0"/>
    <Peak1D F1="1.523885" intensity="2.070083e-001" type="0"/>
    <Peak1D F1="1.514054" intensity="1.561913e-001" type="0"/>
    <Peak1D F1="1.505649" intensity="4.267767e-001" type="0"/>
    <Peak1D F1="1.487934" intensity="4.496858e-001" type="0"/>
    <Peak1D F1="1.475484" intensity="3.702645e-001" type="0"/>
    <Peak1D F1="1.458384" intensity="3.323079e-001" type="0"/>
    <Peak1D F1="1.440449" intensity="1.011386e-001" type="0"/>
    <Peak1D F1="1.428261" intensity="6.872368e-002" type="0"/>
    <Peak1D F1="1.425295" intensity="6.525739e-002" type="0"/>
    <Peak1D F1="1.375924" intensity="8.848302e-003" type="0"/>
    <Peak1D F1="1.358684" intensity="8.075467e-003" type="0"/>
    <Peak1D F1="1.354879" intensity="7.338711e-003" type="0"/>
    <Peak1D F1="1.345971" intensity="1.000921e-002" type="0"/>
    <Peak1D F1="1.328673" intensity="8.389068e-003" type="0"/>
    <Peak1D F1="1.314364" intensity="7.745663e-003" type="0"/>
    <Peak1D F1="1.298486" intensity="7.375498e-003" type="0"/>
    <Peak1D F1="1.226906" intensity="9.846618e-003" type="0"/>
    <Peak1D F1="1.208094" intensity="1.048775e-002" type="0"/>
    <Peak1D F1="1.194644" intensity="1.438590e-002" type="0"/>
    <Peak1D F1="1.178514" intensity="3.192972e-002" type="0"/>
    <Peak1D F1="1.159621" intensity="7.690659e-003" type="0"/>
    <Peak1D F1="1.154058" intensity="7.318940e-003" type="0"/>
    <Peak1D F1="1.135356" intensity="4.593092e-003" type="0"/>
    <Peak1D F1="1.121262" intensity="4.482036e-003" type="0"/>
    <Peak1D F1="1.082175" intensity="2.900844e-003" type="0"/>
    <Peak1D F1="1.037562" intensity="3.513935e-003" type="0"/>
    <Peak1D F1="0.943073" intensity="1.976805e-003" type="0"/>
    <Peak1D F1="0.927267" intensity="2.085104e-003" type="0"/>
    <Peak1D F1="0.877522" intensity="1.770366e-003" type="0"/>
    <Peak1D F1="0.840517" intensity="2.296800e-003" type="0"/>
    <Peak1D F1="0.800954" intensity="7.679264e-003" type="0"/>
    <Peak1D F1="0.785161" intensity="6.313371e-003" type="0"/>
    <Peak1D F1="0.767003" intensity="1.079578e-002" type="0"/>
    <Peak1D F1="0.747769" intensity="1.192054e-002" type="0"/>
    <Peak1D F1="0.729412" intensity="7.737811e-003" type="0"/>
    <Peak1D F1="0.670836" intensity="1.409898e-003" type="0"/>
    <Peak1D F1="0.647981" intensity="1.338772e-003" type="0"/>
    <Peak1D F1="0.627592" intensity="1.161762e-003" type="0"/>
    <Peak1D F1="0.596326" intensity="1.164677e-003" type="0"/>
    <Peak1D F1="0.537942" intensity="1.081095e-003" type="0"/>
    <Peak1D F1="0.528110" intensity="1.042182e-003" type="0"/>
    <Peak1D F1="0.391447" intensity="1.207327e-003" type="0"/>
    <Peak1D F1="-0.000147" intensity="6.135879e-002" type="0"/>
    <Peak1D F1="-3.402255" intensity="1.097291e-003" type="0"/>
    <Peak1D F1="-3.426282" intensity="1.225199e-003" type="0"/>
    <Peak1D F1="-3.472005" intensity="1.102497e-003" type="0"/>
    <Peak1D F1="-3.547830" intensity="1.324976e-003" type="0"/>
    <Peak1D F1="-3.580581" intensity="1.205628e-003" type="0"/>
    <Peak1D F1="-3.595897" intensity="1.147696e-003" type="0"/>
    <Peak1D F1="-3.723414" intensity="1.213224e-003" type="0"/>
    <Peak1D F1="-3.785039" intensity="1.064908e-003" type="0"/>
  </PeakList1D>
</PeakList>
