<?xml version="1.0" encoding="UTF-8"?>
<PeakList>
  <PeakList1D>
    <PeakList1DHeader creator="nmr" date="2021-08-02T19:17:33.761+03:00" expNo="10" name="ID-421-J" owner="" procNo="1" source="//132.72.8.180/400b/Milo/Milo">
      <PeakPickDetails>F1=16.099661ppm, F2=-3.929384ppm, MI=0.00cm, MAXI=10000.00cm, PC=1.000
      </PeakPickDetails>
    </PeakList1DHeader>
    <Peak1D F1="13.617823" intensity="4.292728e-003" type="0"/>
    <Peak1D F1="13.099972" intensity="5.164271e-003" type="0"/>
    <Peak1D F1="12.519829" intensity="5.259597e-003" type="0"/>
    <Peak1D F1="10.092691" intensity="2.176641e-002" type="0"/>
    <Peak1D F1="8.842144" intensity="1.794036e-001" type="0"/>
    <Peak1D F1="8.491363" intensity="1.391889e-002" type="0"/>
    <Peak1D F1="8.474311" intensity="1.826827e-002" type="0"/>
    <Peak1D F1="8.419027" intensity="1.025916e-002" type="0"/>
    <Peak1D F1="8.369674" intensity="1.076819e-002" type="0"/>
    <Peak1D F1="8.364004" intensity="1.136443e-002" type="0"/>
    <Peak1D F1="8.341117" intensity="2.704204e-002" type="0"/>
    <Peak1D F1="8.319318" intensity="2.090621e-002" type="0"/>
    <Peak1D F1="8.293962" intensity="1.002250e-001" type="0"/>
    <Peak1D F1="8.282742" intensity="2.775513e-002" type="0"/>
    <Peak1D F1="8.273289" intensity="1.263198e-001" type="0"/>
    <Peak1D F1="8.259300" intensity="3.560763e-002" type="0"/>
    <Peak1D F1="8.234297" intensity="1.183930e-001" type="0"/>
    <Peak1D F1="8.216709" intensity="6.275076e-002" type="0"/>
    <Peak1D F1="8.207831" intensity="9.290162e-002" type="0"/>
    <Peak1D F1="8.186068" intensity="9.717227e-002" type="0"/>
    <Peak1D F1="8.176620" intensity="6.543270e-002" type="0"/>
    <Peak1D F1="8.158142" intensity="2.109285e+000" type="0"/>
    <Peak1D F1="8.136467" intensity="2.360708e+000" type="0"/>
    <Peak1D F1="8.107259" intensity="4.428534e-002" type="0"/>
    <Peak1D F1="8.085844" intensity="3.879306e-002" type="0"/>
    <Peak1D F1="8.053470" intensity="7.303630e-002" type="0"/>
    <Peak1D F1="8.035018" intensity="7.777569e-002" type="0"/>
    <Peak1D F1="8.018549" intensity="2.320298e-002" type="0"/>
    <Peak1D F1="7.997318" intensity="1.991124e-002" type="0"/>
    <Peak1D F1="7.977837" intensity="1.288846e-002" type="0"/>
    <Peak1D F1="7.954374" intensity="1.297167e-001" type="0"/>
    <Peak1D F1="7.933871" intensity="1.107399e-001" type="0"/>
    <Peak1D F1="7.902742" intensity="1.513052e-002" type="0"/>
    <Peak1D F1="7.888293" intensity="8.050315e-002" type="0"/>
    <Peak1D F1="7.868959" intensity="8.941945e-002" type="0"/>
    <Peak1D F1="7.834916" intensity="8.064126e-002" type="0"/>
    <Peak1D F1="7.814641" intensity="9.897645e-002" type="0"/>
    <Peak1D F1="7.806042" intensity="8.308803e-002" type="0"/>
    <Peak1D F1="7.794942" intensity="1.033951e-001" type="0"/>
    <Peak1D F1="7.785177" intensity="1.220206e-001" type="0"/>
    <Peak1D F1="7.772447" intensity="7.761690e-002" type="0"/>
    <Peak1D F1="7.760808" intensity="3.803588e-002" type="0"/>
    <Peak1D F1="7.737055" intensity="8.515900e-002" type="0"/>
    <Peak1D F1="7.714519" intensity="4.604141e-002" type="0"/>
    <Peak1D F1="7.693511" intensity="1.351289e-002" type="0"/>
    <Peak1D F1="7.683761" intensity="2.179383e-002" type="0"/>
    <Peak1D F1="7.657698" intensity="2.628579e-002" type="0"/>
    <Peak1D F1="7.634068" intensity="3.134402e-002" type="0"/>
    <Peak1D F1="7.612879" intensity="3.491978e-002" type="0"/>
    <Peak1D F1="7.606679" intensity="3.804924e-002" type="0"/>
    <Peak1D F1="7.585066" intensity="3.786583e-002" type="0"/>
    <Peak1D F1="7.573347" intensity="7.520992e-002" type="0"/>
    <Peak1D F1="7.568059" intensity="7.108106e-002" type="0"/>
    <Peak1D F1="7.552166" intensity="1.277085e-001" type="0"/>
    <Peak1D F1="7.535902" intensity="1.413410e-001" type="0"/>
    <Peak1D F1="7.517156" intensity="9.701777e-002" type="0"/>
    <Peak1D F1="7.507589" intensity="8.008818e-002" type="0"/>
    <Peak1D F1="7.502734" intensity="8.077485e-002" type="0"/>
    <Peak1D F1="7.479447" intensity="2.446120e+000" type="0"/>
    <Peak1D F1="7.457606" intensity="2.443819e+000" type="0"/>
    <Peak1D F1="7.439503" intensity="3.331043e-001" type="0"/>
    <Peak1D F1="7.429226" intensity="1.006481e-001" type="0"/>
    <Peak1D F1="7.407719" intensity="6.246893e-002" type="0"/>
    <Peak1D F1="7.362247" intensity="6.045440e-003" type="0"/>
    <Peak1D F1="7.323122" intensity="2.047728e-002" type="0"/>
    <Peak1D F1="7.296678" intensity="9.955080e-003" type="0"/>
    <Peak1D F1="7.272268" intensity="1.720031e-002" type="0"/>
    <Peak1D F1="7.244580" intensity="1.684422e-001" type="0"/>
    <Peak1D F1="7.194951" intensity="8.938605e+000" type="0"/>
    <Peak1D F1="7.174111" intensity="1.911774e-002" type="0"/>
    <Peak1D F1="7.144737" intensity="1.163517e-001" type="0"/>
    <Peak1D F1="7.096030" intensity="4.536550e-003" type="0"/>
    <Peak1D F1="7.085207" intensity="7.386037e-003" type="0"/>
    <Peak1D F1="7.045557" intensity="4.375356e-003" type="0"/>
    <Peak1D F1="6.930739" intensity="4.480768e-002" type="0"/>
    <Peak1D F1="6.217127" intensity="8.718007e-003" type="0"/>
    <Peak1D F1="6.117274" intensity="7.832153e-002" type="0"/>
    <Peak1D F1="6.105811" intensity="1.664590e-002" type="0"/>
    <Peak1D F1="6.067804" intensity="5.493960e-002" type="0"/>
    <Peak1D F1="6.017880" intensity="2.858490e+000" type="0"/>
    <Peak1D F1="5.993839" intensity="3.253738e-002" type="0"/>
    <Peak1D F1="5.967401" intensity="4.164488e-002" type="0"/>
    <Peak1D F1="5.951673" intensity="6.737170e-003" type="0"/>
    <Peak1D F1="5.896966" intensity="5.137690e-003" type="0"/>
    <Peak1D F1="5.816156" intensity="7.689386e-003" type="0"/>
    <Peak1D F1="5.809293" intensity="7.246029e-003" type="0"/>
    <Peak1D F1="5.778595" intensity="9.326468e-003" type="0"/>
    <Peak1D F1="5.617992" intensity="5.709135e-003" type="0"/>
    <Peak1D F1="5.528328" intensity="6.008936e-003" type="0"/>
    <Peak1D F1="5.487726" intensity="8.398700e-003" type="0"/>
    <Peak1D F1="5.438004" intensity="8.110971e-003" type="0"/>
    <Peak1D F1="5.400672" intensity="6.198307e-003" type="0"/>
    <Peak1D F1="5.355670" intensity="1.151085e-001" type="0"/>
    <Peak1D F1="5.348397" intensity="1.201703e-001" type="0"/>
    <Peak1D F1="5.298709" intensity="6.281807e-003" type="0"/>
    <Peak1D F1="5.208162" intensity="5.705038e-003" type="0"/>
    <Peak1D F1="5.035713" intensity="5.287319e-003" type="0"/>
    <Peak1D F1="5.022111" intensity="6.195630e-003" type="0"/>
    <Peak1D F1="4.968955" intensity="1.269933e-002" type="0"/>
    <Peak1D F1="4.946764" intensity="1.321310e-002" type="0"/>
    <Peak1D F1="4.924555" intensity="1.081477e-002" type="0"/>
    <Peak1D F1="4.888673" intensity="1.483542e-002" type="0"/>
    <Peak1D F1="4.879546" intensity="1.398157e-002" type="0"/>
    <Peak1D F1="4.867801" intensity="1.712584e-002" type="0"/>
    <Peak1D F1="4.849602" intensity="1.730307e-002" type="0"/>
    <Peak1D F1="4.840451" intensity="3.784803e-002" type="0"/>
    <Peak1D F1="4.817074" intensity="4.538330e-002" type="0"/>
    <Peak1D F1="4.790010" intensity="1.331457e+000" type="0"/>
    <Peak1D F1="4.767202" intensity="1.361616e+000" type="0"/>
    <Peak1D F1="4.739439" intensity="6.129841e-002" type="0"/>
    <Peak1D F1="4.717029" intensity="8.340727e-002" type="0"/>
    <Peak1D F1="4.671135" intensity="1.183614e-001" type="0"/>
    <Peak1D F1="4.583623" intensity="3.377461e-002" type="0"/>
    <Peak1D F1="4.539330" intensity="1.790577e-002" type="0"/>
    <Peak1D F1="4.516462" intensity="1.261159e-002" type="0"/>
    <Peak1D F1="4.483184" intensity="9.243043e-003" type="0"/>
    <Peak1D F1="4.427318" intensity="6.726944e-003" type="0"/>
    <Peak1D F1="4.392515" intensity="5.170275e-003" type="0"/>
    <Peak1D F1="4.363337" intensity="4.370390e-003" type="0"/>
    <Peak1D F1="4.273808" intensity="4.564688e-003" type="0"/>
    <Peak1D F1="4.249248" intensity="4.542381e-003" type="0"/>
    <Peak1D F1="3.968757" intensity="1.065427e-002" type="0"/>
    <Peak1D F1="3.945471" intensity="8.521993e-003" type="0"/>
    <Peak1D F1="3.902250" intensity="5.719929e-003" type="0"/>
    <Peak1D F1="3.877818" intensity="4.631983e-002" type="0"/>
    <Peak1D F1="3.861464" intensity="4.894608e-003" type="0"/>
    <Peak1D F1="3.843285" intensity="4.218586e-002" type="0"/>
    <Peak1D F1="3.823563" intensity="2.814974e-002" type="0"/>
    <Peak1D F1="3.811049" intensity="2.293964e-001" type="0"/>
    <Peak1D F1="3.784053" intensity="6.904308e-003" type="0"/>
    <Peak1D F1="3.750349" intensity="1.750397e-001" type="0"/>
    <Peak1D F1="3.745011" intensity="1.410074e-001" type="0"/>
    <Peak1D F1="3.700342" intensity="8.708591e+000" type="0"/>
    <Peak1D F1="3.649984" intensity="1.304060e-001" type="0"/>
    <Peak1D F1="3.602840" intensity="6.647202e-003" type="0"/>
    <Peak1D F1="3.570698" intensity="4.400200e-003" type="0"/>
    <Peak1D F1="3.518171" intensity="4.615366e-002" type="0"/>
    <Peak1D F1="3.174319" intensity="6.185357e-003" type="0"/>
    <Peak1D F1="2.957905" intensity="7.721853e-003" type="0"/>
    <Peak1D F1="2.941179" intensity="1.854652e-002" type="0"/>
    <Peak1D F1="2.934666" intensity="1.656859e-002" type="0"/>
    <Peak1D F1="2.916074" intensity="1.192969e-002" type="0"/>
    <Peak1D F1="2.871146" intensity="5.687214e-003" type="0"/>
    <Peak1D F1="2.852975" intensity="7.838540e-003" type="0"/>
    <Peak1D F1="2.839287" intensity="8.961666e-003" type="0"/>
    <Peak1D F1="2.811826" intensity="1.048276e-002" type="0"/>
    <Peak1D F1="2.804855" intensity="7.204795e-003" type="0"/>
    <Peak1D F1="2.795323" intensity="6.149932e-003" type="0"/>
    <Peak1D F1="2.734787" intensity="4.906485e-003" type="0"/>
    <Peak1D F1="2.646797" intensity="7.307259e-003" type="0"/>
    <Peak1D F1="2.623939" intensity="7.352772e-003" type="0"/>
    <Peak1D F1="2.595627" intensity="7.163319e-003" type="0"/>
    <Peak1D F1="2.568282" intensity="6.920723e-003" type="0"/>
    <Peak1D F1="2.556869" intensity="7.671553e-003" type="0"/>
    <Peak1D F1="2.528977" intensity="8.434362e-003" type="0"/>
    <Peak1D F1="2.479246" intensity="1.767196e-002" type="0"/>
    <Peak1D F1="2.436426" intensity="2.021130e-001" type="0"/>
    <Peak1D F1="2.432432" intensity="2.421909e-001" type="0"/>
    <Peak1D F1="2.415352" intensity="2.572116e-001" type="0"/>
    <Peak1D F1="2.411610" intensity="2.728409e-001" type="0"/>
    <Peak1D F1="2.387536" intensity="3.627068e-001" type="0"/>
    <Peak1D F1="2.384527" intensity="3.631639e-001" type="0"/>
    <Peak1D F1="2.363044" intensity="4.141522e-001" type="0"/>
    <Peak1D F1="2.349870" intensity="2.694121e-001" type="0"/>
    <Peak1D F1="2.327056" intensity="4.618107e-001" type="0"/>
    <Peak1D F1="2.319621" intensity="2.779376e-001" type="0"/>
    <Peak1D F1="2.316417" intensity="2.521701e-001" type="0"/>
    <Peak1D F1="2.307189" intensity="3.664981e-001" type="0"/>
    <Peak1D F1="2.296962" intensity="4.293039e-001" type="0"/>
    <Peak1D F1="2.276639" intensity="2.792780e-001" type="0"/>
    <Peak1D F1="2.251621" intensity="3.760690e-001" type="0"/>
    <Peak1D F1="2.236668" intensity="1.156137e-001" type="0"/>
    <Peak1D F1="2.229265" intensity="4.256921e-001" type="0"/>
    <Peak1D F1="2.225919" intensity="5.132201e-001" type="0"/>
    <Peak1D F1="2.202687" intensity="5.566107e-001" type="0"/>
    <Peak1D F1="2.181265" intensity="3.096334e-001" type="0"/>
    <Peak1D F1="2.177106" intensity="3.490354e-001" type="0"/>
    <Peak1D F1="2.166136" intensity="1.726075e-001" type="0"/>
    <Peak1D F1="2.154043" intensity="4.406645e-001" type="0"/>
    <Peak1D F1="2.146165" intensity="4.307118e-001" type="0"/>
    <Peak1D F1="2.115512" intensity="4.562730e+000" type="0"/>
    <Peak1D F1="2.106544" intensity="3.809933e+000" type="0"/>
    <Peak1D F1="2.095990" intensity="1.418877e+001" type="0"/>
    <Peak1D F1="2.085591" intensity="4.021506e+000" type="0"/>
    <Peak1D F1="2.077585" intensity="7.326598e+000" type="0"/>
    <Peak1D F1="2.062592" intensity="4.595009e-001" type="0"/>
    <Peak1D F1="2.051363" intensity="3.912049e-001" type="0"/>
    <Peak1D F1="2.046319" intensity="3.836260e-001" type="0"/>
    <Peak1D F1="2.027532" intensity="1.764426e-001" type="0"/>
    <Peak1D F1="2.020541" intensity="1.124887e-001" type="0"/>
    <Peak1D F1="1.985163" intensity="2.367452e-001" type="0"/>
    <Peak1D F1="1.958759" intensity="4.983064e-001" type="0"/>
    <Peak1D F1="1.947944" intensity="5.313922e-001" type="0"/>
    <Peak1D F1="1.941015" intensity="7.689419e-001" type="0"/>
    <Peak1D F1="1.931670" intensity="9.256476e-001" type="0"/>
    <Peak1D F1="1.924869" intensity="9.669736e-001" type="0"/>
    <Peak1D F1="1.920258" intensity="9.750029e-001" type="0"/>
    <Peak1D F1="1.910046" intensity="7.306385e+000" type="0"/>
    <Peak1D F1="1.899214" intensity="6.378933e+000" type="0"/>
    <Peak1D F1="1.890498" intensity="1.500000e+001" type="0"/>
    <Peak1D F1="1.880347" intensity="5.919487e+000" type="0"/>
    <Peak1D F1="1.871209" intensity="4.907425e+000" type="0"/>
    <Peak1D F1="1.858416" intensity="6.376512e-001" type="0"/>
    <Peak1D F1="1.848868" intensity="3.716520e-001" type="0"/>
    <Peak1D F1="1.840484" intensity="3.347531e-001" type="0"/>
    <Peak1D F1="1.821097" intensity="1.375495e-001" type="0"/>
    <Peak1D F1="1.759487" intensity="6.684381e-002" type="0"/>
    <Peak1D F1="1.743752" intensity="1.575073e-001" type="0"/>
    <Peak1D F1="1.728331" intensity="1.952181e-001" type="0"/>
    <Peak1D F1="1.723251" intensity="2.206363e-001" type="0"/>
    <Peak1D F1="1.715988" intensity="2.244747e-001" type="0"/>
    <Peak1D F1="1.707038" intensity="2.556947e-001" type="0"/>
    <Peak1D F1="1.700169" intensity="3.809954e-001" type="0"/>
    <Peak1D F1="1.696271" intensity="3.511411e-001" type="0"/>
    <Peak1D F1="1.686972" intensity="2.887868e-001" type="0"/>
    <Peak1D F1="1.679997" intensity="9.013444e-001" type="0"/>
    <Peak1D F1="1.674881" intensity="5.021347e-001" type="0"/>
    <Peak1D F1="1.670270" intensity="5.594159e-001" type="0"/>
    <Peak1D F1="1.656467" intensity="8.047169e-001" type="0"/>
    <Peak1D F1="1.652275" intensity="6.831962e-001" type="0"/>
    <Peak1D F1="1.640381" intensity="4.709999e-001" type="0"/>
    <Peak1D F1="1.635879" intensity="5.422741e-001" type="0"/>
    <Peak1D F1="1.631919" intensity="4.255639e-001" type="0"/>
    <Peak1D F1="1.624650" intensity="2.337138e-001" type="0"/>
    <Peak1D F1="1.619991" intensity="2.711765e-001" type="0"/>
    <Peak1D F1="1.616107" intensity="2.628730e-001" type="0"/>
    <Peak1D F1="1.601172" intensity="9.182514e-002" type="0"/>
    <Peak1D F1="1.585836" intensity="9.003445e-002" type="0"/>
    <Peak1D F1="1.569567" intensity="8.342709e-002" type="0"/>
    <Peak1D F1="1.550465" intensity="8.605473e-002" type="0"/>
    <Peak1D F1="1.533858" intensity="2.457851e-001" type="0"/>
    <Peak1D F1="1.518328" intensity="1.839674e-001" type="0"/>
    <Peak1D F1="1.511241" intensity="2.045598e-001" type="0"/>
    <Peak1D F1="1.499533" intensity="4.234626e-001" type="0"/>
    <Peak1D F1="1.491442" intensity="1.562991e-001" type="0"/>
    <Peak1D F1="1.482084" intensity="5.178902e-001" type="0"/>
    <Peak1D F1="1.469233" intensity="3.563558e-001" type="0"/>
    <Peak1D F1="1.452389" intensity="3.594238e-001" type="0"/>
    <Peak1D F1="1.440440" intensity="8.462831e-002" type="0"/>
    <Peak1D F1="1.434734" intensity="1.127493e-001" type="0"/>
    <Peak1D F1="1.422571" intensity="1.282349e-001" type="0"/>
    <Peak1D F1="1.398994" intensity="3.416020e-002" type="0"/>
    <Peak1D F1="1.338884" intensity="2.265721e-002" type="0"/>
    <Peak1D F1="1.322644" intensity="2.373375e-002" type="0"/>
    <Peak1D F1="1.263537" intensity="4.656047e-002" type="0"/>
    <Peak1D F1="1.234563" intensity="7.537542e-002" type="0"/>
    <Peak1D F1="1.213855" intensity="7.353789e-002" type="0"/>
    <Peak1D F1="1.184151" intensity="1.833392e-001" type="0"/>
    <Peak1D F1="1.133345" intensity="1.501914e-002" type="0"/>
    <Peak1D F1="1.098194" intensity="8.826139e-003" type="0"/>
    <Peak1D F1="1.043169" intensity="8.526827e-003" type="0"/>
    <Peak1D F1="1.018873" intensity="6.994627e-003" type="0"/>
    <Peak1D F1="0.995626" intensity="7.938889e-003" type="0"/>
    <Peak1D F1="0.975296" intensity="6.361387e-003" type="0"/>
    <Peak1D F1="0.945413" intensity="6.832077e-003" type="0"/>
    <Peak1D F1="0.893986" intensity="7.287688e-003" type="0"/>
    <Peak1D F1="0.857049" intensity="7.292041e-003" type="0"/>
    <Peak1D F1="0.826760" intensity="3.200667e-002" type="0"/>
    <Peak1D F1="0.809661" intensity="5.361430e-002" type="0"/>
    <Peak1D F1="0.792803" intensity="2.927904e-002" type="0"/>
    <Peak1D F1="0.773495" intensity="1.763310e-002" type="0"/>
    <Peak1D F1="0.762618" intensity="1.698038e-002" type="0"/>
    <Peak1D F1="0.741363" intensity="8.158478e-003" type="0"/>
    <Peak1D F1="0.650886" intensity="4.716370e-003" type="0"/>
    <Peak1D F1="0.609754" intensity="4.521944e-003" type="0"/>
    <Peak1D F1="0.602169" intensity="5.102962e-003" type="0"/>
    <Peak1D F1="0.556034" intensity="5.506577e-003" type="0"/>
    <Peak1D F1="0.532736" intensity="4.847511e-003" type="0"/>
    <Peak1D F1="0.428580" intensity="4.346794e-003" type="0"/>
    <Peak1D F1="0.352583" intensity="4.432505e-003" type="0"/>
    <Peak1D F1="0.121011" intensity="4.361894e-003" type="0"/>
    <Peak1D F1="0.050165" intensity="1.005263e-002" type="0"/>
    <Peak1D F1="0.025064" intensity="4.846144e-003" type="0"/>
    <Peak1D F1="-0.000150" intensity="4.062250e-001" type="0"/>
    <Peak1D F1="-0.049923" intensity="7.013408e-003" type="0"/>
    <Peak1D F1="-3.138015" intensity="4.784128e-003" type="0"/>
    <Peak1D F1="-3.141328" intensity="4.859914e-003" type="0"/>
    <Peak1D F1="-3.657218" intensity="4.695275e-003" type="0"/>
  </PeakList1D>
</PeakList>
